地点名称,时间段,观鸟点名称,访问人数,访问次数,大概鸟种数
上海,所有时段,世纪公园,587,1656,42
上海,所有时段,吴淞炮台湾湿地森林公园,311,421,42
上海,所有时段,南汇东滩,296,975,85
上海,所有时段,金海湿地公园,197,284,43
上海,所有时段,中山公园,195,339,20
上海,所有时段,崇明东滩,141,214,113
上海,所有时段,南汇嘴观海公园,139,200,58
上海,所有时段,碧云绿地·云天湖公园,124,237,40
上海,所有时段,上海滨江森林公园,117,175,52
上海,所有时段,上海植物园,117,172,39
上海,所有时段,大宁公园,111,215,42
上海,所有时段,碧海金沙,77,108,75
上海,所有时段,吴淞炮台湾公园,73,80,44
上海,所有时段,南汇嘴魔术林,68,99,58
上海,所有时段,上海崇明东滩鸟类国家级自然保护区,59,68,80
上海,所有时段,滴水湖,55,71,43
上海,所有时段,徐家汇公园,54,149,15
上海,所有时段,世纪公园-7号门,54,85,38
上海,所有时段,共青森林公园,51,88,42
上海,所有时段,小桉路,49,84,62
上海,所有时段,炮台湾湿地,47,50,37
上海,所有时段,世纪公园世纪梅园(上海市浦东新区),46,76,34
上海,所有时段,闵行区春申假日风景畹町路99弄,45,95,22
上海,所有时段,后滩公园,44,83,32
上海,所有时段,崇明北湖,44,48,70
上海,所有时段,闵行体育公园,41,79,29
上海,所有时段,紫竹荒地,41,57,51
上海,所有时段,东滩北八滧湿地,41,45,79
上海,所有时段,绥德公园,36,69,29
上海,所有时段,星愿公园,33,37,30
上海,所有时段,奉贤小魔术林,32,97,34
上海,所有时段,鹦鹉洲生态湿地,32,51,54
上海,所有时段,上海植物园-3号门,31,72,38
上海,所有时段,渔人码头,31,58,49
上海,所有时段,三三公路与世纪塘路交叉口(浦东新区),31,41,55
上海,所有时段,新虹桥中心花园,30,64,21
上海,所有时段,碧海金沙(奉贤区海湾旅游区海鸥路39号),30,35,42
上海,所有时段,世博后滩湿地公园,29,53,30
上海,所有时段,梦清园,28,33,19
上海,所有时段,金汇港码头,28,31,23
上海,所有时段,上海辰山植物园,27,39,36
上海,所有时段,复旦大学江湾校区,26,45,33
上海,所有时段,上海动物园,26,37,27
上海,所有时段,鸟调6基本农田线,25,36,40
上海,所有时段,春申万科城假日风景南区,25,28,22
上海,所有时段,浦东金海湿地公园,24,24,26
上海,所有时段,上海交通大学(闵行校区),22,48,23
上海,所有时段,上海交通大学-植物园,22,47,24
上海,所有时段,东滩保护区,22,24,78
上海,所有时段,鸟调7魔术林线,21,42,81
上海,所有时段,上海植物园(徐汇区龙吴路1111号),21,27,28
上海,所有时段,南汇东日湿地,21,27,50
上海,所有时段,上海青西郊野公园,21,23,45
上海,所有时段,上海世博文化公园,20,30,28
上海,所有时段,嘉北郊野公园,20,29,36
上海,所有时段,顾村公园,20,25,38
上海,所有时段,松江洞泾百花港开放休闲林地,19,33,41
上海,所有时段,南汇魔术林,19,28,46
上海,所有时段,西西洋淀,18,62,50
上海,所有时段,世博文化公园,18,31,29
上海,所有时段,海坤路草坪,18,24,61
上海,所有时段,三三公路与世纪塘路交叉口南,17,21,74
上海,所有时段,世纪公园赏梅木栈道,17,20,24
上海,所有时段,小桉路农田,17,20,42
上海,所有时段,假期风景99弄(闵行区畹町路99弄),17,17,13
上海,所有时段,金海湿地,17,17,37
上海,所有时段,上海海洋大学临港校区,16,64,28
上海,所有时段,进木港,16,17,17
上海,所有时段,海思路基本农田,15,26,28
上海,所有时段,闵行文化公园,15,23,21
上海,所有时段,上海交通大学(闵行校区)蔷薇园,15,20,22
上海,所有时段,赤风港湿地中心,15,19,48
上海,所有时段,迪士尼星愿湖,15,15,27
上海,所有时段,鸟调8赤风港湿地中心北库塘,14,27,41
上海,所有时段,奉贤区碧海金沙(海涵路北150米),14,17,53
上海,所有时段,浦东新区南汇嘴观海公园(世纪塘路西),14,17,41
上海,所有时段,浦东新区南汇新城镇东日,14,16,53
上海,所有时段,浦东新区南汇嘴观海公园(世纪塘路北),14,15,50
上海,所有时段,世纪公园镜天湖,14,14,21
上海,所有时段,五宅村,13,21,30
上海,所有时段,鸟调1滩涂北线,13,18,33
上海,所有时段,上海海湾国家森林公园,13,16,39
上海,所有时段,鸟调2滩涂南线,13,15,38
上海,所有时段,闵行区紫竹半岛及兰香湖,12,19,34
上海,所有时段,堤顶路与东港大道交叉口,12,17,53
上海,所有时段,世纪公园-风荷桥,12,15,26
上海,所有时段,南汇嘴大堤,12,12,23
上海,所有时段,西沙明珠湖景区(崇明区三华公路333号),12,12,47
上海,所有时段,奉贤区小基本农田,11,21,30
上海,所有时段,鹦鹉洲生态湿地(上海市金山区),11,17,59
上海,所有时段,黄日港调蓄湖,11,16,34
上海,所有时段,上海闵行体育公园,11,12,27
上海,所有时段,世纪公园一尺花园,11,11,19
上海,所有时段,南汇世纪塘路魔术林,11,11,52
上海,所有时段,罗泾水源涵养林,10,22,60
上海,所有时段,白沙公园,10,20,20
上海,所有时段,华东师范大学（闵行校区）,10,17,18
上海,所有时段,上海南汇嘴大堤酒店(世纪塘路333号),10,13,20
上海,所有时段,世博公园,10,12,27
上海,所有时段,南汇新城镇世纪塘路西200米,10,12,63
上海,所有时段,崇明岛,10,11,63
上海,所有时段,广富林郊野公园,10,11,27
上海,所有时段,浦江郊野公园,10,11,28
上海,所有时段,上海南汇嘴大堤酒店,10,10,51
上海,所有时段,东滩湿地公园,10,10,40
上海,所有时段,上海科技大学(张江校区),9,87,35
上海,所有时段,康健园,9,48,18
上海,所有时段,华东理工大学,9,37,19
上海,所有时段,宝山区上海大学(宝山校区),9,31,32
上海,所有时段,鲁迅公园,9,24,14
上海,所有时段,鸟调10赤风港湿地中心芦苇地,9,21,35
上海,所有时段,南汇湿地,9,14,72
上海,所有时段,渔人码头(上海市奉贤区海鸥路),9,11,33
上海,所有时段,燎鱼村(上海市奉贤区),9,11,39
上海,所有时段,崇明东滩湿地,9,10,51
上海,所有时段,浦东新区世纪公园(云帆桥西),9,10,27
上海,所有时段,浦东新区世纪公园(风荷桥北),9,10,24
上海,所有时段,上海南汇大堤,9,9,49
上海,所有时段,共青国家森林公园,9,9,21
上海,所有时段,南汇嘴观海公园上海南汇嘴大堤酒店,9,9,37
上海,所有时段,春申万科郊野绿园,9,9,18
上海,所有时段,浦江第一湾公园,9,9,32
上海,所有时段,上海汽车博览公园,8,22,20
上海,所有时段,海湾镇沿岸,8,18,66
上海,所有时段,奉贤区绿地·香颂西南200米(海乐路西),8,17,19
上海,所有时段,三三公路与世纪塘路交叉口,8,13,51
上海,所有时段,鸟调3滴水湖北线,8,13,26
上海,所有时段,上海崇明东滩鸟类国家级自然保护区停车场,8,11,43
上海,所有时段,护鲟路,8,10,34
上海,所有时段,浦东新区同济大学海洋科学技术研究中心南(世纪塘路),8,10,40
上海,所有时段,长风公园,8,10,13
上海,所有时段,浦东南汇东滩湿地,8,9,36
上海,所有时段,碧海金沙金汇塘路,8,9,38
上海,所有时段,金山嘴渔村边滩,8,9,36
上海,所有时段,金海湿地公园(浦东新区民唐路198号),8,9,38
上海,所有时段,浦东新区上海滨江森林公园东南区游船码头西南,8,8,49
上海,所有时段,迪斯尼星愿公园,8,8,30
上海,所有时段,长兴岛郊野公园,8,8,26
上海,所有时段,大宁公园(上海市静安区广中西路288号),7,51,23
上海,所有时段,新江湾城生态走廊,7,22,23
上海,所有时段,华东理工大学(奉贤校区),7,17,19
上海,所有时段,徐汇滨江,7,13,18
上海,所有时段,涟动公园,7,13,22
上海,所有时段,南汇新城镇小桉路北200米,7,11,22
上海,所有时段,小桉路环湖东一路公交站,7,11,22
上海,所有时段,桃浦中央绿地（沪嘉高速至常和路）,7,11,21
上海,所有时段,鸟调4滴水湖南线,7,11,24
上海,所有时段,三三公路近堤顶路,7,10,58
上海,所有时段,蝶语园,7,10,22
上海,所有时段,丁坝,7,9,48
上海,所有时段,上海植物园-樱花林,7,9,27
上海,所有时段,横沙岛,7,9,41
上海,所有时段,南汇新城镇东港大道南,7,8,46
上海,所有时段,嘉定区绥德公园(绥德路北100米),7,8,22
上海,所有时段,小苏宅水芹地,7,8,18
上海,所有时段,长宁外环生态绿道,7,8,24
上海,所有时段,北八滧,7,7,31
上海,所有时段,南汇三三公路到一号堤,7,7,52
上海,所有时段,南汇嘴观海公园(上海市浦东新区世纪塘路),7,7,47
上海,所有时段,松江泖港湿地,7,7,30
上海,所有时段,上海植物园植物大楼,6,72,30
上海,所有时段,上海海事大学临港校区,6,34,28
上海,所有时段,高东生态园,6,28,22
上海,所有时段,梦清园环保主题公园,6,15,27
上海,所有时段,康桥生态园-沔青绿地,6,12,32
上海,所有时段,东滩鸟类国家级自然保护区,6,11,36
上海,所有时段,徐家汇公园(上海市徐汇区),6,9,17
上海,所有时段,上海海洋大学,6,8,27
上海,所有时段,崇明岛上实农业园区,6,8,32
上海,所有时段,渔人码头南,6,8,33
上海,所有时段,滴水湖+南汇嘴,6,8,43
上海,所有时段,耀华滨江绿地,6,8,17
上海,所有时段,上实农田,6,7,28
上海,所有时段,上海众磊果蔬专业合作社,6,6,39
上海,所有时段,世博文化公园双子山,6,6,16
上海,所有时段,佘山国家森林公园天马山园,6,6,31
上海,所有时段,南汇新城镇世纪塘路西300米,6,6,22
上海,所有时段,复旦大学邯郸校区,6,6,5
上海,所有时段,浦东新区堤顶路与东港大道交叉口北,6,6,28
上海,所有时段,清涧公园,6,6,12
上海,所有时段,芦苇地样线,6,6,19
上海,所有时段,西沙明珠湖景区-西沙湿地,6,6,40
上海,所有时段,魔术林2号林,6,6,21
上海,所有时段,上海海事大学(临港校区),5,16,28
上海,所有时段,丰收村,5,16,21
上海,所有时段,港口渡口,5,10,11
上海,所有时段,碧云绿地·碧云湖公园,5,9,36
上海,所有时段,半马苏河公园,5,7,17
上海,所有时段,银翔湖公园(上海市嘉定区),5,7,15
上海,所有时段,上海浦江第一湾公园,5,6,24
上海,所有时段,兰香湖,5,6,23
上海,所有时段,堤顶路魔术林,5,6,33
上海,所有时段,横沙东滩,5,6,58
上海,所有时段,沪杭公路杭州湾大道招呼站公交站,5,6,13
上海,所有时段,滨江漫步区(浦星公路上海浦江郊野公园内),5,6,17
上海,所有时段,迪士尼星愿公园,5,6,34
上海,所有时段,上海崇明岛,5,5,68
上海,所有时段,上海市奉贤区S123(浦星公路),5,5,20
上海,所有时段,上海市浦东新区X601(锦绣路),5,5,20
上海,所有时段,上海师范大学(奉贤校区),5,5,12
上海,所有时段,东日湿地,5,5,54
上海,所有时段,古猗园,5,5,12
上海,所有时段,嘉松中路沈砖公路(洞泾地铁站),5,5,15
上海,所有时段,堤顶路,5,5,22
上海,所有时段,明珠湖公园,5,5,48
上海,所有时段,梅陇生态公园,5,5,17
上海,所有时段,浦东新区(三三公路南),5,5,29
上海,所有时段,蔷薇园,5,5,11
上海,所有时段,魔术林,5,5,58
上海,所有时段,黄兴公园,5,5,14
上海,所有时段,陆家嘴中心绿地,4,20,12
上海,所有时段,金山城市沙滩景区,4,18,15
上海,所有时段,秋霞圃,4,16,10
上海,所有时段,金山边滩新大堤,4,15,32
上海,所有时段,上海科技大学张江校区,4,14,23
上海,所有时段,上海陆家嘴滨江大道,4,13,16
上海,所有时段,春光公园,4,12,12
上海,所有时段,上海应用技术大学(奉贤校区),4,11,20
上海,所有时段,上科大西侧绿地,4,9,22
上海,所有时段,丰翔智秀公园,4,8,24
上海,所有时段,同济大学四平路校区,4,8,16
上海,所有时段,鸟调5东日线,4,7,45
上海,所有时段,华东理工大学(徐汇区梅陇路130号),4,6,10
上海,所有时段,小树林百鸟林,4,6,14
上海,所有时段,西郊宾馆,4,6,18
上海,所有时段,锦绣文化公园,4,6,12
上海,所有时段,上海人民广场,4,5,8
上海,所有时段,和平公园,4,5,13
上海,所有时段,曹路郊环外基本农田,4,5,13
上海,所有时段,望江驿,4,5,13
上海,所有时段,滨江森林公园二期,4,5,19
上海,所有时段,漕河泾开发区公园,4,5,10
上海,所有时段,石塔庙,4,5,38
上海,所有时段,莘庄梅园听翠园得翠园,4,5,32
上海,所有时段,赤风港,4,5,29
上海,所有时段,一号坝,4,4,29
上海,所有时段,上海临港海上风力发电有限公司西(东港大道),4,4,20
上海,所有时段,上海梦清园,4,4,16
上海,所有时段,上海滨江森林公园生态林,4,4,21
上海,所有时段,世纪塘路,4,4,33
上海,所有时段,世纪塘路交叉口与三三公路交叉口附近,4,4,18
上海,所有时段,东港大道与堤顶路交叉口,4,4,24
上海,所有时段,中山公园-3号门,4,4,11
上海,所有时段,临港大道周边,4,4,26
上海,所有时段,人民公园,4,4,8
上海,所有时段,佘山国家森林公园东佘山园,4,4,13
上海,所有时段,华夏中路荒草地,4,4,32
上海,所有时段,南汇新城镇世纪塘路东100米,4,4,61
上海,所有时段,南汇新城镇东港大道南300米,4,4,18
上海,所有时段,南汇新城镇小桉路南300米,4,4,20
上海,所有时段,团结塘路,4,4,17
上海,所有时段,大宁灵石公园,4,4,17
上海,所有时段,天马山,4,4,18
上海,所有时段,寺嘴角路,4,4,32
上海,所有时段,崇明区上海崇明东滩鸟类国家级自然保护区停车场西,4,4,23
上海,所有时段,崇明岛老徐垂钓场,4,4,37
上海,所有时段,广富林遗址公园,4,4,14
上海,所有时段,普陀区清涧新村第六小区南100米(金鼎路南),4,4,7
上海,所有时段,杨浦滨江,4,4,9
上海,所有时段,松江区九亭九科绿洲公园东园南300米(姚北路北),4,4,24
上海,所有时段,浦东新区(小桉路北),4,4,54
上海,所有时段,浦东新区上海临港海上风力发电有限公司西(东港大道),4,4,10
上海,所有时段,浦东新区滨江森林公园1号门(随塘公路北),4,4,20
上海,所有时段,滨江绿道-望江驿13号驿站,4,4,24
上海,所有时段,滴水湖北线,4,4,41
上海,所有时段,米市渡松南郊野公园,4,4,15
上海,所有时段,金山卫站,4,4,10
上海,所有时段,长三角生态绿色一体化发展示范区规划展示馆,4,4,26
上海,所有时段,静安雕塑公园,4,4,7
上海,所有时段,复旦大学附属中学,3,21,13
上海,所有时段,上海南汇东滩湿地,3,16,70
上海,所有时段,闸北公园,3,15,10
上海,所有时段,延中广场公园,3,14,15
上海,所有时段,华东理工大学(奉贤校区)-西门,3,12,24
上海,所有时段,蒙山中学(上海市金山区龙胜路100),3,12,9
上海,所有时段,张衡公园,3,11,15
上海,所有时段,雨蛙生态农场,3,11,11
上海,所有时段,松江区石塔庙,3,10,45
上海,所有时段,朱泾镇秀洲村开放休闲林,3,9,18
上海,所有时段,上海外国语大学(松江校区),3,8,23
上海,所有时段,鸟调9赤风港湿地中心南库塘,3,8,25
上海,所有时段,三甲港,3,7,23
上海,所有时段,南汇新城城市公园,3,7,30
上海,所有时段,叶家花园,3,7,13
上海,所有时段,同济大学(嘉定校区),3,7,17
上海,所有时段,上海科技大学,3,6,30
上海,所有时段,上海市嘉北郊野公园,3,5,29
上海,所有时段,九科绿洲公园,3,5,15
上海,所有时段,前京大道,3,5,28
上海,所有时段,崇明东滩生态园,3,5,62
上海,所有时段,沿北公园,3,5,25
上海,所有时段,淀山湖,3,5,23
上海,所有时段,碧海金沙烂尾楼群,3,5,23
上海,所有时段,上海海洋大学(临港校区),3,4,13
上海,所有时段,东港大道与环湖东三路交叉口,3,4,23
上海,所有时段,佘山国家森林公园,3,4,7
上海,所有时段,佘山国家森林公园西佘山园,3,4,6
上海,所有时段,南汇新城镇三三公路南400米,3,4,45
上海,所有时段,海航路与海坤路交叉口,3,4,34
上海,所有时段,莘庄梅园,3,4,21
上海,所有时段,辅德里公园,3,4,6
上海,所有时段,辰山植物园,3,4,24
上海,所有时段,长兴岛,3,4,15
上海,所有时段,上实现代农业园区,3,3,34
上海,所有时段,上海东滩北八滧中心及附近,3,3,40
上海,所有时段,上海之鱼,3,3,21
上海,所有时段,上海交通大学附属中学,3,3,5
上海,所有时段,上海南汇嘴公园停车场,3,3,41
上海,所有时段,上海天空之镜,3,3,12
上海,所有时段,上海崇明东滩鸟类国家级自然保护区停车场(长江东路),3,3,16
上海,所有时段,上海市崇明区北湖湿地,3,3,23
上海,所有时段,上海市浦东新区花木街道,3,3,20
上海,所有时段,上海浦东三林滨江,3,3,23
上海,所有时段,上海迪士尼乐园,3,3,10
上海,所有时段,上海野生动物园,3,3,20
上海,所有时段,九科绿洲,3,3,26
上海,所有时段,乡间田地,3,3,36
上海,所有时段,前滩休闲公园(上海市浦东新区前滩大道),3,3,17
上海,所有时段,华东师范大学(中山北路校区),3,3,14
上海,所有时段,南汇观海公园,3,3,23
上海,所有时段,南闸公园,3,3,16
上海,所有时段,奉贤区上海乡春农产品专业合作社东南(海航路东),3,3,9
上海,所有时段,奉贤海湾旅游区,3,3,19
上海,所有时段,宝山区顾村镇沈巷,3,3,23
上海,所有时段,岑卜村,3,3,11
上海,所有时段,崇明区上海崇明东滩鸟类国家级自然保护区停车场西南,3,3,16
上海,所有时段,崇明区上海百农农业科技发展股份有限公司(观海路南),3,3,44
上海,所有时段,崇明区西沙明珠湖景区正门停车场(三华公路南),3,3,40
上海,所有时段,建新村（蝶语园）,3,3,15
上海,所有时段,新江湾湿地生态观鸟拍鸟基地,3,3,10
上海,所有时段,昆阳湖,3,3,8
上海,所有时段,星愿公园(上海市上海迪士尼乐园度假区内),3,3,27
上海,所有时段,梦清园环保主题公园(宜昌路),3,3,17
上海,所有时段,泖港湿地(泖田湿地),3,3,36
上海,所有时段,洋槐小树林,3,3,30
上海,所有时段,浦东新区世纪公园(玉珠桥北),3,3,16
上海,所有时段,清流环三路绿地,3,3,5
上海,所有时段,渔人码头边滩湿地调查,3,3,18
上海,所有时段,滨江森林公园,3,3,24
上海,所有时段,漕溪公园,3,3,11
上海,所有时段,环湖东三路与小桉路交叉口,3,3,36
上海,所有时段,苏州河梦清园环保主题公园(宜昌路66),3,3,15
上海,所有时段,西沙明珠湖景区,3,3,39
上海,所有时段,西沙湿地,3,3,11
上海,所有时段,迪斯尼星愿湖,3,3,27
上海,所有时段,长横对江车客渡,3,3,5
上海,所有时段,闵行体育公园湖边小森林,3,3,20
上海,所有时段,青浦区金泽镇蔡浜村,3,3,10
上海,所有时段,柳园公园,2,45,9
上海,所有时段,上海交通大学(闵行校区)北区博士生公寓,2,44,15
上海,所有时段,金桥公园,2,29,12
上海,所有时段,通波塘河边绿化带,2,17,16
上海,所有时段,北干庄头,2,15,43
上海,所有时段,张江汤臣豪园,2,14,12
上海,所有时段,普陀区桃浦镇沪嘉高速公路,2,10,11
上海,所有时段,上海财经大学(国定路校区),2,9,11
上海,所有时段,外滩,2,9,12
上海,所有时段,普陀区半马苏河公园(真北路东50米),2,7,20
上海,所有时段,华东师范大学生态岛,2,6,12
上海,所有时段,复兴岛公园,2,5,7
上海,所有时段,苏州河梦清园环保主题公园,2,5,26
上海,所有时段,衡山公园,2,5,6
上海,所有时段,陆家嘴中心绿地-中心湖,2,5,12
上海,所有时段,东方明珠公园,2,4,10
上海,所有时段,四团镇,2,4,15
上海,所有时段,复旦大学附属华山医院(西院),2,4,55
上海,所有时段,奉贤区柘林镇太平桥,2,4,10
上海,所有时段,小公园,2,4,15
上海,所有时段,罗泾镇,2,4,36
上海,所有时段,长江路访客中心300米左右,2,4,25
上海,所有时段,上海世纪公园,2,3,10
上海,所有时段,上海崇明东滩北八滧自然中心,2,3,26
上海,所有时段,上海浦东新区豆香园,2,3,8
上海,所有时段,上科大周边绿地,2,3,14
上海,所有时段,东郊宾馆,2,3,22
上海,所有时段,中兴公园,2,3,6
上海,所有时段,临港星空之境海绵公园,2,3,10
上海,所有时段,九龙村,2,3,12
上海,所有时段,前滩休闲公园,2,3,23
上海,所有时段,古美公园,2,3,18
上海,所有时段,夏阳湖(青浦区夏阳街道青龙路49号附近),2,3,16
上海,所有时段,大宁郁金香公园,2,3,12
上海,所有时段,延中绿地,2,3,4
上海,所有时段,普陀区梦清园环保主题公园(宜昌路北),2,3,15
上海,所有时段,朱巷宅,2,3,18
上海,所有时段,杨浦公园,2,3,10
上海,所有时段,森兰绿地（北区二期）,2,3,17
上海,所有时段,母亲林(上海市闵行区),2,3,3
上海,所有时段,汤臣高尔夫别墅,2,3,11
上海,所有时段,浦东新区三林东明公园(三林路北),2,3,12
上海,所有时段,浦江镇,2,3,10
上海,所有时段,环湖东三路与小桉路交叉口(浦东新区),2,3,19
上海,所有时段,秋迁早熟的稻田-金色稻田,2,3,19
上海,所有时段,鸟调8魔术林南线,2,3,2
上海,所有时段,5号路南北区域,2,2,19
上海,所有时段,5号路鱼蟹塘,2,2,23
上海,所有时段,CMDT保护区外围,2,2,33
上海,所有时段,七百亩(上海市青浦区),2,2,13
上海,所有时段,三甲港与九段沙保护区,2,2,14
上海,所有时段,上师大奉贤校区,2,2,10
上海,所有时段,上海交通大学徐汇校区,2,2,6
上海,所有时段,上海交通大学附属中学(闵行分校),2,2,11
上海,所有时段,上海吴淞炮台湾国家湿地公园,2,2,16
上海,所有时段,上海大观园(青浦区金商公路701号),2,2,11
上海,所有时段,上海市上实现代农业园区,2,2,7
上海,所有时段,上海市奉贤区海思路基本农田,2,2,22
上海,所有时段,上海市崇明区东滩,2,2,51
上海,所有时段,上海市滨海森林公园,2,2,22
上海,所有时段,上海星愿湖公园,2,2,23
上海,所有时段,上海浦江郊野公园,2,2,14
上海,所有时段,上海滨江森林公园-东区,2,2,9
上海,所有时段,上海第二工业大学(金海路校区),2,2,9
上海,所有时段,上海陆家嘴江滨公园,2,2,13
上海,所有时段,世纪公园-世纪梅园,2,2,10
上海,所有时段,世纪公园观鸟台,2,2,18
上海,所有时段,东佘山,2,2,7
上海,所有时段,东平森林公园,2,2,11
上海,所有时段,东方绿舟,2,2,17
上海,所有时段,东港大道堤顶路,2,2,19
上海,所有时段,中原中学,2,2,7
上海,所有时段,临港城市公园,2,2,15
上海,所有时段,九科绿洲公园西区,2,2,22
上海,所有时段,交通大学(闵行校区)第三餐饮大楼,2,2,11
上海,所有时段,前滩友城公园,2,2,8
上海,所有时段,华翔绿地,2,2,8
上海,所有时段,南汇世纪塘路,2,2,36
上海,所有时段,南汇嘴观海公园-小卖部,2,2,38
上海,所有时段,南汇嘴观海公园到东港大道,2,2,48
上海,所有时段,南汇嘴观海公园西,2,2,41
上海,所有时段,南汇新城海滩,2,2,11
上海,所有时段,南汇新城镇,2,2,17
上海,所有时段,南汇新城镇三三公路南50米,2,2,34
上海,所有时段,南汇新城镇世纪塘路东,2,2,14
上海,所有时段,南汇新城镇世纪塘路芦苇荡,2,2,16
上海,所有时段,南汇新城镇环湖东三路东400米,2,2,18
上海,所有时段,南虹港观机长廊,2,2,6
上海,所有时段,南门港·瀛洲公园,2,2,7
上海,所有时段,听翠园,2,2,7
上海,所有时段,吴泾公园,2,2,7
上海,所有时段,唐丰公园,2,2,7
上海,所有时段,唐城绿地文化公园,2,2,20
上海,所有时段,嘉定区嘉北郊野公园彭门湿地南100米(彭门支路南),2,2,22
上海,所有时段,嘉定区浏岛野生动物重要栖息地,2,2,19
上海,所有时段,城市荒野,2,2,21
上海,所有时段,堤顶路与世纪塘路交叉口(上海市浦东新区),2,2,9
上海,所有时段,复旦大学枫林校区,2,2,7
上海,所有时段,大莲湖,2,2,30
上海,所有时段,天山公园,2,2,5
上海,所有时段,奉贤区上海家禽育种公司东北100米(海华路),2,2,24
上海,所有时段,奉贤区东方美谷大学城产业园东南100米(海航路),2,2,13
上海,所有时段,奉贤区南桥镇王家弄,2,2,32
上海,所有时段,奉贤区碧海金沙(海涵路北200米),2,2,64
上海,所有时段,奉贤区碧海金沙(海涵路南400米),2,2,57
上海,所有时段,奉贤小芦苇荡,2,2,6
上海,所有时段,奉贤沿海,2,2,49
上海,所有时段,小昆山园(上海市松江区山西路4号),2,2,12
上海,所有时段,崇明东滩保护区优化区,2,2,38
上海,所有时段,崇明区上海崇明东滩鸟类国家级自然保护区停车场北,2,2,69
上海,所有时段,崇明区东滩鸟类国家级自然保护区北1000米,2,2,36
上海,所有时段,崇明基地(上海市崇明区),2,2,27
上海,所有时段,崇明岛东旺沙,2,2,24
上海,所有时段,崇明岛北湖,2,2,47
上海,所有时段,徐家塘,2,2,19
上海,所有时段,新江湾城公园,2,2,23
上海,所有时段,昆秀湖湿地公园(上海市松江区),2,2,20
上海,所有时段,春申景城湖畔林语,2,2,10
上海,所有时段,普陀区半马苏河公园(真北路东100米),2,2,14
上海,所有时段,李白等十二烈士就义纪念地,2,2,15
上海,所有时段,杨树浦电厂遗迹公园,2,2,14
上海,所有时段,松江中央公园,2,2,2
上海,所有时段,松江区佘山镇翁家浜,2,2,20
上海,所有时段,森兰绿地,2,2,27
上海,所有时段,江浦公园,2,2,7
上海,所有时段,浦东新区三林路渡口(轮渡站)西北300米,2,2,19
上海,所有时段,浦东新区上海临港建筑渣土消纳场所西(环湖北一路南),2,2,16
上海,所有时段,浦东新区南汇新城镇,2,2,16
上海,所有时段,浦东新区成日村(滴翠路/秋荷路/夏兰路),2,2,24
上海,所有时段,浦东新区碧云体育公园(杨高中路南),2,2,9
上海,所有时段,浦东新区碧云绿地·碧云湖公园,2,2,30
上海,所有时段,浦东新区祝桥镇,2,2,1
上海,所有时段,浦东新区金海钓场北300米(紫雅路西),2,2,19
上海,所有时段,浦东机场,2,2,3
上海,所有时段,浦东滨江公园,2,2,12
上海,所有时段,浦东牡丹园,2,2,8
上海,所有时段,海基三路与海洋五路交叉口,2,2,11
上海,所有时段,海湾国家森林公园,2,2,19
上海,所有时段,海湾寝园,2,2,9
上海,所有时段,海鸥路西周边,2,2,2
上海,所有时段,滴水湖公园-黄日港,2,2,4
上海,所有时段,滴水湖北岛,2,2,12
上海,所有时段,滴水湖观海公园烧烤基地,2,2,15
上海,所有时段,留云湖,2,2,11
上海,所有时段,碧云绿地盈动公园,2,2,23
上海,所有时段,碧海金沙周边,2,2,38
上海,所有时段,紫竹半岛(寺嘴角路),2,2,14
上海,所有时段,绿地·海上风华,2,2,33
上海,所有时段,花柏路与松萝路交叉口沿河靠近海昌,2,2,12
上海,所有时段,莘城中央公园,2,2,5
上海,所有时段,西岸自然艺术公园,2,2,9
上海,所有时段,赵家沟秀林公园,2,2,13
上海,所有时段,金山嘴渔村景区,2,2,26
上海,所有时段,金山魔术林,2,2,17
上海,所有时段,金汇塘桥,2,2,13
上海,所有时段,金汇塘路与团结塘路交叉口,2,2,39
上海,所有时段,镜月湖,2,2,22
上海,所有时段,闵行区上海浦江郊野公园滨江漫步区(闲云路北),2,2,14
上海,所有时段,闵行区吴泾镇龙吴路(兰香湖贰号),2,2,36
上海,所有时段,陆家嘴滨江,2,2,10
上海,所有时段,青浦区淀山湖观景台(沪青平公路北50米),2,2,2
上海,所有时段,静安公园,2,2,4
上海,所有时段,龙之梦城市生活中心,2,2,4
上海,所有时段,（外围）崇明东滩鸟类国家级自然保护区,2,2,66
上海,所有时段,徐汇万科中心,1,74,16
上海,所有时段,嘉定区南翔和平小区(和平街),1,64,8
上海,所有时段,金龙新村,1,49,8
上海,所有时段,卫星港绿道,1,46,16
上海,所有时段,上海大学附属嘉定高级中学,1,43,10
上海,所有时段,嘉定区上隽嘉苑东区东北(云安路东),1,41,17
上海,所有时段,市教师教育学院,1,33,13
上海,所有时段,盈湖三岛,1,29,18
上海,所有时段,汤巷体育公园,1,24,24
上海,所有时段,上海市浦东新区惠南镇人民政府(城西路东),1,22,13
上海,所有时段,银秋路河道,1,21,15
上海,所有时段,陶氏化学有限公司(上海市浦东新区),1,18,18
上海,所有时段,上海图书馆,1,15,3
上海,所有时段,上海市徐汇区钦州南路10号,1,15,13
上海,所有时段,上海应用技术大学植物园,1,15,11
上海,所有时段,古棕路,1,15,21
上海,所有时段,真源居住小区(上海市普陀区),1,15,6
上海,所有时段,上海市嘉定二中,1,14,16
上海,所有时段,闵行区金铭福邸(瑞丽路东150米),1,14,5
上海,所有时段,陕西北路,1,14,10
上海,所有时段,徐汇区GateM西岸梦中心(龙腾大道东),1,13,14
上海,所有时段,米市渡郊野公园,1,13,23
上海,所有时段,上海市莘庄中学,1,12,13
上海,所有时段,后滩区域,1,12,29
上海,所有时段,泾溪路藕塘,1,12,16
上海,所有时段,黄浦码头,1,12,8
上海,所有时段,上海应用技术大学池塘,1,11,15
上海,所有时段,闵行区吴泾镇陈家里,1,11,35
上海,所有时段,南汇嘴至东滩湿地,1,10,103
上海,所有时段,上海公安学院,1,9,14
上海,所有时段,南竹港,1,9,26
上海,所有时段,金山枫泾白牛塘,1,9,21
上海,所有时段,黑松路杨高路绿地,1,9,22
上海,所有时段,鸫鸫林,1,8,11
上海,所有时段,龙华港泵闸,1,8,9
上海,所有时段,上海市高桥中学,1,7,10
上海,所有时段,华东理工大学大草坪,1,7,8
上海,所有时段,南汇新城镇万心飞翔,1,7,14
上海,所有时段,大黄村公园,1,7,30
上海,所有时段,惠南走到哪儿都算自留地,1,7,7
上海,所有时段,海天花园,1,7,6
上海,所有时段,金悦华庭,1,7,7
上海,所有时段,霸河,1,7,20
上海,所有时段,上海市嘉定一中,1,6,7
上海,所有时段,上海市嘉定一中附属小学(北大街271号),1,6,8
上海,所有时段,北美公寓,1,6,9
上海,所有时段,复兴公园,1,6,3
上海,所有时段,张家浜南岸,1,6,9
上海,所有时段,徐汇区上海师范大学(徐汇校区)西部,1,6,6
上海,所有时段,松江区九龙仓兰宫(谷阳北路东200米),1,6,14
上海,所有时段,浦东新区中洲珑悦(丰海路),1,6,9
上海,所有时段,航头走到哪儿都算自留地,1,6,10
上海,所有时段,莫比乌斯公园,1,6,16
上海,所有时段,长宁区虹康花苑三期(泉口路南100米),1,6,15
上海,所有时段,上海市松江二中,1,5,4
上海,所有时段,上海市闵行中学,1,5,10
上海,所有时段,上海师范大学附属杨浦滨江实验小学,1,5,6
上海,所有时段,上海理工大学,1,5,16
上海,所有时段,南汇新城春花秋色公园,1,5,33
上海,所有时段,吴淞江鸟类栖息地,1,5,28
上海,所有时段,复旦大学(邯郸校区),1,5,11
上海,所有时段,智创壹佰+康鹏生命科技产业园,1,5,5
上海,所有时段,杨盛公园,1,5,26
上海,所有时段,松江区外下洋路,1,5,30
上海,所有时段,枫泾镇界河弄,1,5,10
上海,所有时段,泰晤士小镇,1,5,9
上海,所有时段,海滨新二村,1,5,3
上海,所有时段,金山区林业三防中心(上海市),1,5,30
上海,所有时段,钱曹路秋眉泾交叉口农田,1,5,17
上海,所有时段,青浦区中铁·逸都2期(青竹路西50米),1,5,12
上海,所有时段,双山小区,1,4,5
上海,所有时段,宝山区新顾城·博成苑西南(沪联路南),1,4,10
上海,所有时段,崇明生态研究院,1,4,20
上海,所有时段,徐汇区百合花苑(百花街南100米),1,4,9
上海,所有时段,松江区新桥沿海·丽水馨庭1期(明中路北50米),1,4,7
上海,所有时段,梅园公园,1,4,7
上海,所有时段,长宁生态绿道,1,4,12
上海,所有时段,陆家嘴金融贸易区老白渡滨江绿地,1,4,10
上海,所有时段,静安区芷江西路239弄小区,1,4,6
上海,所有时段,黑鱼弄小区,1,4,1
上海,所有时段,三三公路南侧农田,1,3,18
上海,所有时段,三林城市森林,1,3,19
上海,所有时段,上海工艺美术职业学院(嘉定校区),1,3,8
上海,所有时段,中恒河桥,1,3,7
上海,所有时段,位育附属徐汇科技实验中学,1,3,8
上海,所有时段,南汇驾校北农田,1,3,25
上海,所有时段,古北新城,1,3,12
上海,所有时段,同济大学(四平路校区),1,3,10
上海,所有时段,品尊国际公寓2期,1,3,10
上海,所有时段,奉贤中学,1,3,16
上海,所有时段,宝山区逸仙公园(恒耀路北),1,3,4
上海,所有时段,廊下友好村东侧林湿地,1,3,21
上海,所有时段,廊下友好村西侧农林湿地,1,3,19
上海,所有时段,廊下友好村西侧林地,1,3,14
上海,所有时段,廊下友好村调研对照组,1,3,13
上海,所有时段,新梅绿岛苑,1,3,10
上海,所有时段,桂江支路与桂江路交叉口,1,3,7
上海,所有时段,洋泾港休闲广场,1,3,19
上海,所有时段,浦东小桉路,1,3,18
上海,所有时段,湄浦河桥边树林,1,3,17
上海,所有时段,老港镇东滩北林地绿地,1,3,31
上海,所有时段,芷江西路街道,1,3,10
上海,所有时段,西虬江：嘉云苑—曹杨中学,1,3,4
上海,所有时段,金山区枫泾镇新元村长浜,1,3,16
上海,所有时段,金瀚园,1,3,20
上海,所有时段,陈春路绿化公园,1,3,1
上海,所有时段,随塘河书塘路,1,3,16
上海,所有时段,青浦区香花桥街道孙家台,1,3,21
上海,所有时段,顾村公园(上海市宝山区),1,3,38
上海,所有时段,一号驿站,1,2,6
上海,所有时段,万科城市花园,1,2,13
上海,所有时段,三林滨江城市森林,1,2,21
上海,所有时段,上海中医药大学,1,2,4
上海,所有时段,上海交通大学(闵行校区)-李政道图书馆,1,2,9
上海,所有时段,上海交通大学附属中学闵行分校-南门,1,2,11
上海,所有时段,上海宝钢水库,1,2,51
上海,所有时段,上海市滨江滑板公园,1,2,18
上海,所有时段,上海市漕河泾开发区公共运动场,1,2,6
上海,所有时段,上海市风华初级中学教育集团(东校),1,2,5
上海,所有时段,上海戏剧学院(华山路校区),1,2,2
上海,所有时段,上海淞沪抗战纪念公园,1,2,8
上海,所有时段,上海电机学院(临港校区),1,2,10
上海,所有时段,上海自然博物馆(上海科技馆分馆),1,2,3
上海,所有时段,上海轮渡(歇浦路渡口),1,2,1
上海,所有时段,上海领科双语学校(公办托管班),1,2,1
上海,所有时段,上飞路南,1,2,23
上海,所有时段,世纪梅园,1,2,13
上海,所有时段,东旺沙港以西区域,1,2,23
上海,所有时段,东滩鸟类国家级自然保护区管理处,1,2,20
上海,所有时段,中洲华庭,1,2,9
上海,所有时段,中远两湾城,1,2,16
上海,所有时段,九里工坊,1,2,16
上海,所有时段,仁和·都市花园,1,2,6
上海,所有时段,仁恒河滨城2期,1,2,11
上海,所有时段,公园宾馆,1,2,19
上海,所有时段,前进村,1,2,24
上海,所有时段,华东政法大学(松江校区),1,2,8
上海,所有时段,华为研发中心,1,2,4
上海,所有时段,友好村,1,2,29
上海,所有时段,古浪路与玉门路交叉口北侧草地,1,2,2
上海,所有时段,和平公园自然教育中心,1,2,11
上海,所有时段,"团结塘L29,30",1,2,53
上海,所有时段,复旦大学(江湾新校区)日湖,1,2,14
上海,所有时段,复旦大学(邯郸校区)北区学生公寓,1,2,1
上海,所有时段,复旦大学江湾生活园区,1,2,32
上海,所有时段,天骄公寓,1,2,3
上海,所有时段,始信北苑,1,2,9
上海,所有时段,官塘桥,1,2,23
上海,所有时段,宛平路80弄小区,1,2,4
上海,所有时段,宝山区东鼎国际东北(漠河路),1,2,3
上海,所有时段,宝山区杨盛公园(泰和路北),1,2,14
上海,所有时段,宝山区白家宅,1,2,2
上海,所有时段,宝钢水库,1,2,31
上海,所有时段,富锦路地铁站-白沙公园,1,2,19
上海,所有时段,山深村,1,2,11
上海,所有时段,崇明区,1,2,8
上海,所有时段,崇明区东滩鸟类国家级自然保护区东北200米,1,2,25
上海,所有时段,川沙公园,1,2,4
上海,所有时段,平安银行,1,2,2
上海,所有时段,广中路与北宝兴路交叉口,1,2,3
上海,所有时段,广富林小河边,1,2,25
上海,所有时段,广源驾校培训基地,1,2,3
上海,所有时段,建邦国宸府,1,2,3
上海,所有时段,徐汇区建国西路581弄小区,1,2,5
上海,所有时段,怒江小区,1,2,10
上海,所有时段,思源湖,1,2,2
上海,所有时段,怡沁园(上海市崇明区),1,2,21
上海,所有时段,惠南镇乐源城公寓公园,1,2,8
上海,所有时段,新时代富嘉花园,1,2,18
上海,所有时段,方塔园,1,2,9
上海,所有时段,曹家厍路曹家厍村,1,2,37
上海,所有时段,杨浦区上海师范大学附属杨浦滨江实验小学(顺平路北),1,2,10
上海,所有时段,松江二中,1,2,6
上海,所有时段,松江区新桥万科白马花园(南区),1,2,11
上海,所有时段,水景书香园,1,2,2
上海,所有时段,沈杨公园,1,2,13
上海,所有时段,浦东历史博物馆,1,2,4
上海,所有时段,浦东新区北蔡大华·锦绣华城(北区),1,2,2
上海,所有时段,浦东新区张衡公园(华益路北),1,2,8
上海,所有时段,浦东新区桃花邨东100米(城永路东侧河岸）,1,2,16
上海,所有时段,渔人码头海堤,1,2,37
上海,所有时段,港城公园,1,2,9
上海,所有时段,滨江公园（东岸绿道）,1,2,4
上海,所有时段,瑞虹新城2期,1,2,5
上海,所有时段,百欧欢有机生态农场,1,2,16
上海,所有时段,盖瑞特动力科技(上海)有限公司,1,2,2
上海,所有时段,紫气东来公园,1,2,27
上海,所有时段,紫竹荒地（华师大咕咕鸡路线）,1,2,17
上海,所有时段,绿城兰园,1,2,12
上海,所有时段,虹口区凉城星苑小区车站北路400弄(水电路西),1,2,8
上海,所有时段,许家村(上海市金山区),1,2,16
上海,所有时段,金地双都会南侧绿化带,1,2,1
上海,所有时段,金山区友好村东侧林地,1,2,9
上海,所有时段,金山区廊下镇友好村,1,2,23
上海,所有时段,金山卫派出所,1,2,1
上海,所有时段,金山园区站,1,2,4
上海,所有时段,长宁区上海市天山第二中学(芙蓉江路东),1,2,4
上海,所有时段,长宁区仙霞绿地公寓(青溪路西100米),1,2,7
上海,所有时段,长宁区天山河畔花园(水城路西),1,2,14
上海,所有时段,长寿公园,1,2,4
上海,所有时段,闵行体育公园(闵行区新镇路456号),1,2,17
上海,所有时段,闵行区海赋尚品苑(剑川路南100米),1,2,6
上海,所有时段,闵行区莘庄邻里苑西北(莘东路南),1,2,2
上海,所有时段,闻翠园,1,2,11
上海,所有时段,青浦区北箐园(华浦路西),1,2,13
上海,所有时段,青浦区新青浦世纪苑南区西南(漕穗南路北),1,2,13
上海,所有时段,飞鸟与鱼,1,2,6
上海,所有时段,鸟调7魔术林北线,1,2,1
上海,所有时段,G1501便道与七甲港路交叉口,1,1,21
上海,所有时段,SecondTeamofLubeiVillageLuJiazhaiAcademytownPudongNewArea,1,1,3
上海,所有时段,Y18-星愿公园,1,1,28
上海,所有时段,丁连村民公园,1,1,8
上海,所有时段,七五一试验基地,1,1,25
上海,所有时段,万里城中央绿地-北区,1,1,1
上海,所有时段,三好坞景观餐厅,1,1,1
上海,所有时段,三岛龙洲苑(金山区蒙山路1498号),1,1,14
上海,所有时段,三林村,1,1,3
上海,所有时段,三桥绿地,1,1,21
上海,所有时段,三棵松区域,1,1,1
上海,所有时段,三湘世纪花城(西区),1,1,1
上海,所有时段,上元路与沪城环路交叉口,1,1,1
上海,所有时段,上南公园,1,1,6
上海,所有时段,上实农业园区,1,1,37
上海,所有时段,上海万象城,1,1,1
上海,所有时段,上海中医药大学学生公寓,1,1,5
上海,所有时段,上海中学,1,1,6
上海,所有时段,上海临港新科园(西区),1,1,9
上海,所有时段,上海乐高乐园度假区(乐缤路),1,1,12
上海,所有时段,上海交通大学(闵行校区)涵泽湖,1,1,3
上海,所有时段,上海交通大学(闵行校区)淡水河以西,1,1,2
上海,所有时段,上海交通大学电子信息与电气工程学院,1,1,1
上海,所有时段,上海交通大学附属第一人民医院,1,1,3
上海,所有时段,上海佘山国家森林公园天马山园,1,1,13
上海,所有时段,上海化学工业区,1,1,39
上海,所有时段,上海南汇中学,1,1,5
上海,所有时段,上海南汇湿地虾塘,1,1,15
上海,所有时段,上海吴淞口国际邮轮港,1,1,1
上海,所有时段,上海吴淞炮台湾国家湿地森林公园,1,1,17
上海,所有时段,上海吴淞炮台湾湿地森林公园,1,1,24
上海,所有时段,上海图书馆(东馆),1,1,1
上海,所有时段,上海大学(延长校区),1,1,8
上海,所有时段,上海崇明如山酒店,1,1,16
上海,所有时段,上海崇明岛崇生生活艺术家园,1,1,12
上海,所有时段,上海工程技术大学(松江校区),1,1,10
上海,所有时段,上海市合庆郊野公园,1,1,15
上海,所有时段,上海市宝山区中成智谷火车菜园,1,1,6
上海,所有时段,上海市实验学校东滩高级中学,1,1,12
上海,所有时段,上海市崇明区新海镇,1,1,33
上海,所有时段,上海市延安中学,1,1,10
上海,所有时段,上海市建平中学西校(大唐校区),1,1,1
上海,所有时段,上海市控江中学,1,1,9
上海,所有时段,上海市政悦路与闸殷路绿地,1,1,6
上海,所有时段,上海市杨浦区军工路,1,1,1
上海,所有时段,上海市浦东新区书院镇棉场村民委员会,1,1,1
上海,所有时段,上海市浦东模范中学东校,1,1,1
上海,所有时段,上海市第六人民医院住院部,1,1,4
上海,所有时段,上海市行知中学,1,1,8
上海,所有时段,上海市金山区人民政府,1,1,15
上海,所有时段,上海市闵行区龙茗路,1,1,1
上海,所有时段,上海市阳光康复中心,1,1,6
上海,所有时段,上海市青浦区实验小学(城中校区),1,1,4
上海,所有时段,上海师大新村70弄58号楼,1,1,8
上海,所有时段,上海师范大学,1,1,1
上海,所有时段,上海师范大学附属第二外国语学校,1,1,1
上海,所有时段,上海应用技术大学(奉贤校区)东门车站,1,1,7
上海,所有时段,上海应用技术大学水道,1,1,4
上海,所有时段,上海建工二建集团有限公司(河间路),1,1,1
上海,所有时段,上海戏剧学院(虹桥路校区),1,1,1
上海,所有时段,上海新江湾城公园东侧500米，南北走向长条形湿地,1,1,13
上海,所有时段,上海昆虫博物馆,1,1,2
上海,所有时段,上海春城,1,1,6
上海,所有时段,上海普陀市政建设养护有限公司,1,1,20
上海,所有时段,上海浦东国际机场,1,1,6
上海,所有时段,上海浦江郊野公园滨江漫步区,1,1,7
上海,所有时段,上海海昌海洋公园(上海市银飞路166号),1,1,14
上海,所有时段,上海海洋大学产学研基地,1,1,14
上海,所有时段,上海港复兴船务公司复兴岛基地,1,1,8
上海,所有时段,上海滩花园洋房(乳山路),1,1,8
上海,所有时段,上海电气电力电子有限公司,1,1,6
上海,所有时段,上海科技大学(岳阳路校区),1,1,4
上海,所有时段,上海立信会计金融学院北,1,1,5
上海,所有时段,上海虹桥机场,1,1,5
上海,所有时段,上海行健职业学院(原平路分校),1,1,1
上海,所有时段,上海视觉艺术学院教学楼,1,1,9
上海,所有时段,上海辰山植物园月季园,1,1,18
上海,所有时段,上海青西郊野公园(青浦区紫莲路500号),1,1,12
上海,所有时段,上海马戏城地铁站,1,1,1
上海,所有时段,上海鲜花港,1,1,19
上海,所有时段,上海龙腾大道龙瑞路滨江,1,1,8
上海,所有时段,上生新所,1,1,4
上海,所有时段,不夜城公园-不夜城绿地,1,1,1
上海,所有时段,世博公园-2号门,1,1,23
上海,所有时段,世博大道,1,1,20
上海,所有时段,世纪公园-夏园,1,1,24
上海,所有时段,世纪公园梅园,1,1,1
上海,所有时段,世纪塘路南线海滨,1,1,22
上海,所有时段,世纪梅园西115米,1,1,18
上海,所有时段,业煌路-658号楼,1,1,1
上海,所有时段,东华大学(延安路校区),1,1,10
上海,所有时段,东平国家森林公园,1,1,30
上海,所有时段,东方绿舟安全教育实训基地,1,1,5
上海,所有时段,东方绿舟度假酒店(花园酒店),1,1,11
上海,所有时段,东海北部海域-信天翁邮轮观鸟团,1,1,5
上海,所有时段,东海大桥,1,1,5
上海,所有时段,东海大道与三三公路交叉口,1,1,9
上海,所有时段,东滩湿地公园停车场,1,1,15
上海,所有时段,东滩湿地公园北,1,1,26
上海,所有时段,东陆路,1,1,2
上海,所有时段,中兴镇富圩村自然中心,1,1,9
上海,所有时段,中医药文化园,1,1,12
上海,所有时段,中国北斗产业技术创新西虹桥基地,1,1,2
上海,所有时段,中央公园,1,1,10
上海,所有时段,中山公寓(上海市长宁区长宁路1277弄),1,1,7
上海,所有时段,中山北路地铁站(大统路),1,1,4
上海,所有时段,中建六局101项目部,1,1,18
上海,所有时段,中沟路与颛兴路交叉口,1,1,1
上海,所有时段,中海紫御豪庭-半马公园,1,1,23
上海,所有时段,中环国际公寓3期,1,1,6
上海,所有时段,临港家园社区,1,1,1
上海,所有时段,九棵树(上海)未来艺术中心,1,1,1
上海,所有时段,书院镇,1,1,5
上海,所有时段,二号大堤,1,1,46
上海,所有时段,云湖漫城,1,1,9
上海,所有时段,互联宝地,1,1,3
上海,所有时段,五光广告打印店(复旦大学零号楼店),1,1,4
上海,所有时段,五龙湖公园,1,1,9
上海,所有时段,交通大学(闵行校区)图书馆东停车场,1,1,7
上海,所有时段,亩中山水园,1,1,11
上海,所有时段,享田园营地,1,1,12
上海,所有时段,亮景公园,1,1,16
上海,所有时段,人民公园(上海市黄浦区南京西路231号),1,1,10
上海,所有时段,仁瑞路与瑞湖路交叉口,1,1,4
上海,所有时段,佳兆业·珊瑚湾,1,1,9
上海,所有时段,信澜天地,1,1,11
上海,所有时段,假日风景临湖轩,1,1,12
上海,所有时段,光明东滩源渔业基地(团旺北路),1,1,14
上海,所有时段,共和大厦-闸北公园,1,1,13
上海,所有时段,共富新村站-泰和水生态公园,1,1,17
上海,所有时段,共康雅苑2期,1,1,8
上海,所有时段,共青国家森林公园-万竹园,1,1,5
上海,所有时段,共青国家森林公园横滨.上海友好林东南,1,1,5
上海,所有时段,共青森林公园观鸟长廊,1,1,1
上海,所有时段,其昌栈码头,1,1,2
上海,所有时段,内江公园,1,1,1
上海,所有时段,凯汇路,1,1,4
上海,所有时段,刘夏路,1,1,16
上海,所有时段,前哨农场[公交站],1,1,16
上海,所有时段,劳动公园,1,1,1
上海,所有时段,勤俭村,1,1,8
上海,所有时段,勤耕村,1,1,5
上海,所有时段,北外滩滨江绿地,1,1,4
上海,所有时段,北新泾街道,1,1,6
上海,所有时段,北蔡镇一六村绿地,1,1,6
上海,所有时段,华东师大闵行校区,1,1,1
上海,所有时段,华东师范大学(闵行校区),1,1,6
上海,所有时段,华东师范大学第二附属中学附属初级中学(紫凤路),1,1,1
上海,所有时段,华东师范大学闵行校区音乐学院(河滨路),1,1,14
上海,所有时段,华东师范大学附属紫竹小学,1,1,1
上海,所有时段,华为练秋湖研发中心E区,1,1,9
上海,所有时段,华亭荣园,1,1,5
上海,所有时段,华夏公园,1,1,13
上海,所有时段,华府海景(上海市金山区杭州湾大道88号),1,1,4
上海,所有时段,华泾徐汇区西岸自然艺术公园(徐梅路南150米),1,1,13
上海,所有时段,华理荒地,1,1,24
上海,所有时段,华翔绿地公园(闵行区申昆路291号),1,1,8
上海,所有时段,协和双语高级中学古北校区,1,1,16
上海,所有时段,南塘村,1,1,16
上海,所有时段,南汇东滩基础田,1,1,20
上海,所有时段,南汇东滩魔术林,1,1,25
上海,所有时段,南汇东魔术林及1号堤,1,1,31
上海,所有时段,南汇嘴观海公园东北,1,1,28
上海,所有时段,南汇嘴酒店后塘,1,1,11
上海,所有时段,南汇新城二环城市公园-北区,1,1,11
上海,所有时段,南汇新城芦潮港公园,1,1,13
上海,所有时段,南汇新城镇世纪塘路北400米,1,1,25
上海,所有时段,南汇新城镇环湖东三路北400米,1,1,9
上海,所有时段,南汇新城镇黄日港调蓄湖自留地,1,1,24
上海,所有时段,南汇海边农田,1,1,4
上海,所有时段,南湖堤塘,1,1,17
上海,所有时段,南箐园,1,1,12
上海,所有时段,南门码头西侧堤岸,1,1,1
上海,所有时段,双园村(上海市金山区),1,1,14
上海,所有时段,叠桥村荒地,1,1,8
上海,所有时段,叠翠园,1,1,13
上海,所有时段,古岗路与浦卫公路交叉口,1,1,1
上海,所有时段,古楼村,1,1,6
上海,所有时段,古漪园,1,1,8
上海,所有时段,古猗园(上海市嘉定区沪宜公路218号),1,1,5
上海,所有时段,台尚创意园,1,1,8
上海,所有时段,司南鱼记,1,1,15
上海,所有时段,合川路,1,1,13
上海,所有时段,同济大学-西苑饮食广场,1,1,1
上海,所有时段,同济大学·一二九运动场,1,1,3
上海,所有时段,同润·山河小城,1,1,5
上海,所有时段,同润加州,1,1,1
上海,所有时段,同盛南桥花园,1,1,1
上海,所有时段,名都新城1期,1,1,1
上海,所有时段,听翠园(上海市闵行区),1,1,8
上海,所有时段,周字港桥,1,1,20
上海,所有时段,唐镇公园,1,1,7
上海,所有时段,嘉北郊野公园-1号门,1,1,10
上海,所有时段,嘉定区万科安亭新镇(安礼路北),1,1,18
上海,所有时段,嘉定区丰庄金沙绿地(丰庄路西50米),1,1,9
上海,所有时段,嘉定区南翔镇真南路(鹤槎山峰墩烟墩),1,1,12
上海,所有时段,嘉定区双河绿地(金鼎路南50米),1,1,1
上海,所有时段,嘉定区江桥镇谢家村,1,1,5
上海,所有时段,嘉定区界河西50米(白墙中路北),1,1,12
上海,所有时段,嘉定镇汇龙潭公园(博乐路),1,1,18
上海,所有时段,嘉宝·梦之湾,1,1,16
上海,所有时段,嘉宝片林,1,1,10
上海,所有时段,嘉松南路百家港桥,1,1,24
上海,所有时段,四季全景台花苑,1,1,7
上海,所有时段,四川北路公园,1,1,8
上海,所有时段,四平科技公园,1,1,10
上海,所有时段,四平科技公园(杨浦区四平路1777),1,1,2
上海,所有时段,团结塘,1,1,36
上海,所有时段,围场河路与纬十一路交叉口,1,1,5
上海,所有时段,堡镇,1,1,11
上海,所有时段,堤顶路与海基五路交叉口,1,1,14
上海,所有时段,塘桥公园,1,1,10
上海,所有时段,塘桥公园-竹园绿地,1,1,12
上海,所有时段,复兴公园(上海市黄浦区皋兰路2号甲),1,1,1
上海,所有时段,复旦大学(江湾新校区),1,1,13
上海,所有时段,复旦大学(江湾校区)学生宿舍1期,1,1,12
上海,所有时段,复旦大学(邯郸校区)-曦园,1,1,8
上海,所有时段,夏雨厅,1,1,9
上海,所有时段,外白渡桥,1,1,1
上海,所有时段,外金家宅,1,1,1
上海,所有时段,大上海国际花园(闵行区漕宝路1555弄),1,1,10
上海,所有时段,大东浜路石湖荡江东路及斜塘江西岸,1,1,12
上海,所有时段,大华行知公园,1,1,7
上海,所有时段,大淀湖,1,1,24
上海,所有时段,大统路芷江路口-上海站北广场,1,1,7
上海,所有时段,大莲湖湿地(上海市青浦区环大莲湖路),1,1,2
上海,所有时段,大黄村生态园,1,1,12
上海,所有时段,天马山公园,1,1,4
上海,所有时段,太平桥公园,1,1,11
上海,所有时段,太阳岛旅游度假区,1,1,5
上海,所有时段,奇迹花园,1,1,14
上海,所有时段,奉贤,1,1,23
上海,所有时段,奉贤区上海佳豪游艇发展有限公司北(海坤路北),1,1,7
上海,所有时段,奉贤区上海地产农业投资发展有限公司华电灰坝种植基地,1,1,19
上海,所有时段,奉贤区上海正元机械制造有限公司西南(海思路南),1,1,19
上海,所有时段,奉贤区上海水产养殖有限公司奉贤分部西南500米,1,1,6
上海,所有时段,奉贤区上海铿仕实业有限公司东南150米(海乾路北),1,1,4
上海,所有时段,奉贤区上海飞浪气垫船有限公司北100米(海坤路北),1,1,11
上海,所有时段,奉贤区东方美谷大学城产业园东400米(海航路东),1,1,10
上海,所有时段,奉贤区庄行镇渔沥村,1,1,24
上海,所有时段,奉贤区棕榈滩海景城南300米(海棠路南),1,1,9
上海,所有时段,奉贤区海湾镇燎鱼村,1,1,29
上海,所有时段,奉贤区碧海金沙(海棠路南300米),1,1,19
上海,所有时段,奉贤区碧海金沙水上乐园(海涵路南),1,1,8
上海,所有时段,奉贤海边风场(海马路南),1,1,19
上海,所有时段,奉贤碧海金沙,1,1,17
上海,所有时段,姚渔港,1,1,7
上海,所有时段,嫩江路,1,1,1
上海,所有时段,安东小区,1,1,1
上海,所有时段,安技驾校(总部直营),1,1,8
上海,所有时段,宋庆龄陵园,1,1,10
上海,所有时段,宝安公路地铁站(蕰川公路西)-共富新村站,1,1,23
上海,所有时段,宝山区智力公园(呼兰西路北),1,1,12
上海,所有时段,宝山区月浦镇沈家桥村,1,1,5
上海,所有时段,宝山区杨行镇龚家宅,1,1,17
上海,所有时段,宝山区罗店镇沪太公路(美兰西湖公园),1,1,5
上海,所有时段,宝山区罗店镇罗太路(云麓之城),1,1,2
上海,所有时段,宝山区罗泾镇花红薄家宅,1,1,15
上海,所有时段,宝山区郊环隧道(吴淞炮台湾湿地森林公园),1,1,4
上海,所有时段,宝山罗泾江边湿地观鸟点,1,1,23
上海,所有时段,宝钢七村小区,1,1,6
上海,所有时段,宣桥镇,1,1,20
上海,所有时段,家三林,1,1,3
上海,所有时段,富长路绿地,1,1,8
上海,所有时段,小桉路到一号坝的堤顶路,1,1,15
上海,所有时段,小汾泾,1,1,6
上海,所有时段,尹家宅,1,1,6
上海,所有时段,岑卜村至东西村,1,1,15
上海,所有时段,崇明东平国家森林公园,1,1,7
上海,所有时段,崇明东滩湿地区,1,1,54
上海,所有时段,崇明东滩钓场,1,1,14
上海,所有时段,崇明区上海东滩物业管理有限公司西南(崇旺路东),1,1,17
上海,所有时段,崇明区上海前哨标准化水产养殖二场东300米,1,1,16
上海,所有时段,崇明区上海前哨标准化水产养殖二场西北(园区南路北),1,1,27
上海,所有时段,崇明区东平镇大夹洪,1,1,27
上海,所有时段,崇明区东滩湿地,1,1,16
上海,所有时段,崇明区前卫1966郊野公园(团结路西),1,1,7
上海,所有时段,崇明区现代农业园区北八滧桥西150米(园区南路),1,1,26
上海,所有时段,崇明区观海楼游艇码头北900米(东旺东路西),1,1,12
上海,所有时段,崇明区陈家镇丁坝,1,1,12
上海,所有时段,崇明区陈家镇裕南村,1,1,10
上海,所有时段,崇明区陈家镇陈西十三队,1,1,20
上海,所有时段,崇明区鸟调沿线,1,1,27
上海,所有时段,崇明悦景庄西南800米,1,1,13
上海,所有时段,川安路外环林带,1,1,11
上海,所有时段,川杨河畔,1,1,6
上海,所有时段,巨萌唐老鸭,1,1,4
上海,所有时段,广兰公园,1,1,14
上海,所有时段,广南星园,1,1,3
上海,所有时段,广场公园,1,1,1
上海,所有时段,广富林郊野公园游客服务中心(松江区),1,1,20
上海,所有时段,康桥半岛4期,1,1,7
上海,所有时段,康桥文化中心,1,1,7
上海,所有时段,康桥生态园,1,1,14
上海,所有时段,康桥生态园-秀南绿地,1,1,20
上海,所有时段,康桥镇,1,1,20
上海,所有时段,廊下友好村东侧林地,1,1,11
上海,所有时段,廊下生态园,1,1,7
上海,所有时段,延中公园,1,1,3
上海,所有时段,张家浜楔形绿地工程1期指挥部,1,1,5
上海,所有时段,张朴村农田,1,1,1
上海,所有时段,张江人工智能岛,1,1,3
上海,所有时段,张江润和国际总部园,1,1,3
上海,所有时段,张马村,1,1,5
上海,所有时段,归去来栖自然中心(上海市崇明区),1,1,6
上海,所有时段,徐汇区名人花苑(东区),1,1,4
上海,所有时段,徐汇区康健园(冠生园路北),1,1,7
上海,所有时段,徐汇区西岸自然艺术公园,1,1,12
上海,所有时段,徐汇区龙华滨江休闲广场(临江路南),1,1,13
上海,所有时段,徐汇滨江绿地,1,1,4
上海,所有时段,徐汇滨江进木港,1,1,8
上海,所有时段,徐浦大桥,1,1,1
上海,所有时段,御上海,1,1,2
上海,所有时段,悦读森林,1,1,1
上海,所有时段,惠南镇,1,1,10
上海,所有时段,慈济,1,1,19
上海,所有时段,成日新墅,1,1,23
上海,所有时段,新天地东台里,1,1,2
上海,所有时段,新如村,1,1,9
上海,所有时段,新江湾城公园(上海市杨浦区政和路),1,1,3
上海,所有时段,新江湾城生态展示馆,1,1,22
上海,所有时段,新泥路新三一组,1,1,12
上海,所有时段,新研大厦,1,1,7
上海,所有时段,明珠湖观鸟点,1,1,1
上海,所有时段,明珠苑(浦东),1,1,5
上海,所有时段,星愿湖,1,1,21
上海,所有时段,星扬西岸中心,1,1,10
上海,所有时段,春申万科假日风景,1,1,6
上海,所有时段,春申万科假日风景畹町路99弄A,1,1,20
上海,所有时段,春申上海市闵行区田园外语实验小学北(春申塘桥东北),1,1,8
上海,所有时段,春申路[地铁站],1,1,1
上海,所有时段,春花秋色公园,1,1,19
上海,所有时段,普陀区中华新路1140弄小区,1,1,7
上海,所有时段,普陀区教育学院,1,1,4
上海,所有时段,普陀区桃浦中央绿地公园露营地西(武威东路北),1,1,21
上海,所有时段,普陀区梦清园环保主题公园(清水湾路东),1,1,12
上海,所有时段,普陀区水岸茗苑(光复西路东),1,1,5
上海,所有时段,普陀区真光真如·高陵集市北(高陵路东),1,1,15
上海,所有时段,普陀区长寿公园(西康路北100米),1,1,8
上海,所有时段,曲阳公园,1,1,7
上海,所有时段,曹杨四村西区,1,1,9
上海,所有时段,木渎港绿化带,1,1,4
上海,所有时段,杜行渡口,1,1,9
上海,所有时段,杨家宅(海塘新路),1,1,29
上海,所有时段,杨树浦电厂遗址公园,1,1,15
上海,所有时段,杨浦区政悦路篮球场,1,1,2
上海,所有时段,杨浦区新江湾城清流环一路,1,1,1
上海,所有时段,杨浦区杨浦滨江党群服务站杨树浦驿站(电站辅机厂站),1,1,4
上海,所有时段,杨浦区船台PARK(共青路东150米),1,1,3
上海,所有时段,杨浦大桥,1,1,2
上海,所有时段,杨高路金新路绿地,1,1,2
上海,所有时段,松江一中,1,1,9
上海,所有时段,松江区上海工程技术大学附属松江泗泾实验学校南,1,1,19
上海,所有时段,松江区天马山公园(佘天昆公路北400米),1,1,12
上海,所有时段,松江区天马山射电望远镜(九江公路西),1,1,16
上海,所有时段,松江区小昆山驾校(松江校区),1,1,5
上海,所有时段,松江区方松九商业广场(嘉松南路),1,1,1
上海,所有时段,松江区永丰街道顺风桥,1,1,15
上海,所有时段,松江区联民桥北100米(茶苔路东),1,1,8
上海,所有时段,松江大学城二期学生公寓(东华大学),1,1,11
上海,所有时段,枫桦景苑(北区),1,1,4
上海,所有时段,枫阳路,1,1,16
上海,所有时段,柘林镇,1,1,1
上海,所有时段,柳鹭田园区,1,1,12
上海,所有时段,桃浦中央绿地,1,1,21
上海,所有时段,桃浦中央绿地A区,1,1,4
上海,所有时段,梅赛德斯-奔驰文化中心,1,1,4
上海,所有时段,梦公园(上海市闵行区桂林路907),1,1,1
上海,所有时段,横沙东滩串沟,1,1,20
上海,所有时段,横沙岛湿地,1,1,16
上海,所有时段,横沙新洲,1,1,63
上海,所有时段,橄榄路与沪城环路交叉口,1,1,3
上海,所有时段,橄榄路大草地,1,1,4
上海,所有时段,正大广场,1,1,1
上海,所有时段,武康路,1,1,1
上海,所有时段,母亲林,1,1,2
上海,所有时段,水库村,1,1,7
上海,所有时段,永丰村十一组,1,1,13
上海,所有时段,汇成南街里,1,1,1
上海,所有时段,汤巷绿地,1,1,13
上海,所有时段,沪杭公路,1,1,1
上海,所有时段,沪闵路淀浦河桥,1,1,10
上海,所有时段,河滨东一路与机场大道交叉口,1,1,4
上海,所有时段,河滨城市花园,1,1,2
上海,所有时段,油桥村防波堤,1,1,9
上海,所有时段,泗泾刘夏河桥,1,1,4
上海,所有时段,泗泾银湖,1,1,18
上海,所有时段,洋浜,1,1,26
上海,所有时段,浦东南汇东滩湿地(东港大道),1,1,29
上海,所有时段,浦东南汇东滩湿地(小桉路),1,1,13
上海,所有时段,浦东南汇东滩湿地(小桉路北),1,1,28
上海,所有时段,浦东南汇东滩湿地东100米(堤顶路),1,1,17
上海,所有时段,浦东南汇东滩湿地西北(小桉路),1,1,16
上海,所有时段,浦东新区上海临港海上风力发电有限公司西南,1,1,12
上海,所有时段,浦东新区上海南汇嘴大堤酒店南50米(世纪塘路北),1,1,6
上海,所有时段,浦东新区上海南汇嘴大堤酒店西北(世纪塘路北),1,1,26
上海,所有时段,浦东新区上海市建平实验中学(张江校区)东南400米,1,1,3
上海,所有时段,浦东新区上海市陆行中学北校(浦东北路东50米),1,1,2
上海,所有时段,浦东新区上海电力大学(临港校区),1,1,1
上海,所有时段,浦东新区世纪公园疏林草坪区(花木路北),1,1,4
上海,所有时段,浦东新区世纪大道(东昌路地铁站),1,1,5
上海,所有时段,浦东新区世纪梅园(花木路北),1,1,8
上海,所有时段,浦东新区中国(上海)自由贸易试验区临港新片区,1,1,21
上海,所有时段,浦东新区中国商飞上海飞机制造有限公司南600米,1,1,20
上海,所有时段,浦东新区北蔡锦绣路地铁站东南,1,1,2
上海,所有时段,浦东新区华侨银行大厦(源深路东),1,1,5
上海,所有时段,浦东新区南汇嘴观海公园(世纪塘路南50米),1,1,15
上海,所有时段,浦东新区康桥生态园沔青公园(沔新路西150米),1,1,12
上海,所有时段,浦东新区惠南东城花苑(靖海路东),1,1,6
上海,所有时段,浦东新区惠南镇谈北村,1,1,9
上海,所有时段,浦东新区星创科技广场,1,1,9
上海,所有时段,浦东新区智选假日酒店西南800米(世纪塘路北),1,1,5
上海,所有时段,浦东新区曹路镇黎明村,1,1,24
上海,所有时段,浦东新区梧桐人家金枫区(忘忧路西),1,1,13
上海,所有时段,浦东新区江山路芦潮港桥西南,1,1,9
上海,所有时段,浦东新区海塘防汛墙管理署芦潮港海塘管理所,1,1,4
上海,所有时段,浦东新区港城·悦府南100米(沪城环路东),1,1,8
上海,所有时段,浦东新区滴水湖中国名家主题雕塑园(环湖西一路南),1,1,3
上海,所有时段,浦东新区生境东岸,1,1,10
上海,所有时段,浦东新区白杨小区(芳草路南),1,1,3
上海,所有时段,浦东新区竹园绿地-张家浜,1,1,1
上海,所有时段,浦东新区紫飞港桥东900米(环湖东三路东),1,1,14
上海,所有时段,浦东新区耀华滨江绿地露营地(耀江路西),1,1,8
上海,所有时段,浦东新区虞泽苑51弄北(鹏岳路东),1,1,15
上海,所有时段,浦东新区金桥佳虹小区西北50米(佳乐路南),1,1,6
上海,所有时段,浦东新区金海湿地公园沙滩西150米(外环高速东),1,1,1
上海,所有时段,浦东新区金海湿地公园西300米(外环高速公路西),1,1,11
上海,所有时段,浦东新区陆家路港西南100米(夏兰路西),1,1,6
上海,所有时段,浦东红窑,1,1,2
上海,所有时段,浦东足球场,1,1,6
上海,所有时段,浦江园,1,1,5
上海,所有时段,浦江揽胜,1,1,8
上海,所有时段,海上名邸(桂林东街28弄1-21号),1,1,1
上海,所有时段,海基五路与海洋五路交叉口,1,1,1
上海,所有时段,海湾旅游区,1,1,20
上海,所有时段,海湾森林公园,1,1,33
上海,所有时段,海西路,1,1,11
上海,所有时段,淀山湖风景区,1,1,15
上海,所有时段,淀浦河绿地,1,1,23
上海,所有时段,淞南公园,1,1,8
上海,所有时段,清环流三路,1,1,3
上海,所有时段,湾谷科技园,1,1,1
上海,所有时段,源深体育中心,1,1,1
上海,所有时段,滧南六队,1,1,6
上海,所有时段,滨江公园,1,1,15
上海,所有时段,滨江岸线观景区,1,1,1
上海,所有时段,滨江茗园,1,1,7
上海,所有时段,滴水湖-南汇嘴观海-东滩-小桉路北芦苇地,1,1,34
上海,所有时段,滴水湖一号码头,1,1,21
上海,所有时段,滴水湖儿童公园,1,1,33
上海,所有时段,滴水湖地铁站,1,1,10
上海,所有时段,滴水湖馨苑,1,1,6
上海,所有时段,漕河泾科技绿洲南区,1,1,4
上海,所有时段,潮府馆(世纪公园店),1,1,15
上海,所有时段,澜沧路与畹町路交叉口,1,1,4
上海,所有时段,瀛东生态村东湖景区,1,1,13
上海,所有时段,炮台湾湿地平台,1,1,9
上海,所有时段,燎原农场,1,1,5
上海,所有时段,王仙村,1,1,24
上海,所有时段,环湖北三路,1,1,23
上海,所有时段,环湖南三路,1,1,5
上海,所有时段,生态保育区-观景台,1,1,27
上海,所有时段,白鹭园,1,1,10
上海,所有时段,百花港桥荷塘,1,1,21
上海,所有时段,盐平路,1,1,15
上海,所有时段,真新街道社区党群服务中心,1,1,7
上海,所有时段,石塔庙(上海市松江区),1,1,2
上海,所有时段,石湖荡镇东夏村,1,1,12
上海,所有时段,碧海金沙水上乐园,1,1,28
上海,所有时段,碧海金沙自留地,1,1,1
上海,所有时段,祝桥镇祝西村2组,1,1,1
上海,所有时段,福泉路450弄小区,1,1,4
上海,所有时段,竹博园科谱基地,1,1,1
上海,所有时段,竹园绿地,1,1,15
上海,所有时段,竹园绿地-峨山路613号,1,1,9
上海,所有时段,紫竹半岛,1,1,31
上海,所有时段,紫竹半岛(东川路333弄虹梅南路路口),1,1,18
上海,所有时段,紫罗兰家苑,1,1,2
上海,所有时段,绥芬河路,1,1,5
上海,所有时段,绿地世纪城1期绿地世纪花园,1,1,8
上海,所有时段,绿地新翔家园,1,1,2
上海,所有时段,罗港园,1,1,1
上海,所有时段,美兰湖,1,1,2
上海,所有时段,耀浦苑,1,1,4
上海,所有时段,胜利塘,1,1,20
上海,所有时段,航头镇,1,1,1
上海,所有时段,芦花浜,1,1,9
上海,所有时段,花开海上生态园,1,1,6
上海,所有时段,芷江西路239弄小区,1,1,3
上海,所有时段,荷花垛农家乐(朱家角店),1,1,22
上海,所有时段,荷萃路,1,1,22
上海,所有时段,荷风嬉鱼度假村·农家菜,1,1,21
上海,所有时段,荷香路 周边,1,1,8
上海,所有时段,莘庄公园,1,1,6
上海,所有时段,莫可莫克,1,1,10
上海,所有时段,董李凤美康健学校,1,1,1
上海,所有时段,蓬莱公园,1,1,7
上海,所有时段,虹梅路,1,1,2
上海,所有时段,行知实验中学,1,1,1
上海,所有时段,袜子弄通波塘河边,1,1,1
上海,所有时段,西岸艺术中心N馆,1,1,13
上海,所有时段,西康公园,1,1,2
上海,所有时段,西康路桥,1,1,1
上海,所有时段,西沙明珠湖景区-明珠湖公园,1,1,22
上海,所有时段,西沟港,1,1,1
上海,所有时段,西藏南路-南浦大桥客运中心,1,1,8
上海,所有时段,西郊宾馆(上海市长宁区虹桥路1921号),1,1,12
上海,所有时段,赤峰刚测试AA1,1,1,1
上海,所有时段,赤风港中心线,1,1,2
上海,所有时段,赤风港周边湿地,1,1,16
上海,所有时段,赤风港库塘线,1,1,1
上海,所有时段,赤风港湿地中心赤万心飞翔,1,1,1
上海,所有时段,赵巷地铁站附近农地,1,1,27
上海,所有时段,边滩,1,1,2
上海,所有时段,达安花园,1,1,7
上海,所有时段,进木港(淀浦河黄浦江口),1,1,11
上海,所有时段,通波塘绿道,1,1,1
上海,所有时段,通跃路绿化林,1,1,3
上海,所有时段,逸仙公园,1,1,10
上海,所有时段,邱移庙(上海市金山区),1,1,5
上海,所有时段,都市星城,1,1,1
上海,所有时段,醉白池,1,1,5
上海,所有时段,金商公路,1,1,9
上海,所有时段,金展路,1,1,2
上海,所有时段,金山亭林镇,1,1,4
上海,所有时段,金山区上海骈腾建筑有限公司东南(沪杭公路南),1,1,5
上海,所有时段,金山区亭林镇北庄,1,1,11
上海,所有时段,金山区山阳镇沪杭公路(金山嘴渔村景区),1,1,35
上海,所有时段,金山区枫泾镇双园村,1,1,11
上海,所有时段,金山区枫泾镇后凫隐荡,1,1,23
上海,所有时段,金山区汇龙湖公园(龙翔路),1,1,8
上海,所有时段,金山区金塘农业东北50米(漕廊公路南),1,1,7
上海,所有时段,金山卫站2号停车场,1,1,6
上海,所有时段,金山卫站东南(南进场路东),1,1,5
上海,所有时段,金山城市沙滩景区上海金山水上机场东南,1,1,1
上海,所有时段,金山广场,1,1,17
上海,所有时段,金山海滨,1,1,5
上海,所有时段,金桥路金科路,1,1,4
上海,所有时段,金水湖景观绿地,1,1,11
上海,所有时段,金海湿地公园上海浦东新区联明美术馆西北(外环高速),1,1,6
上海,所有时段,金港花园2期,1,1,8
上海,所有时段,金湖路徐李村[公交站],1,1,5
上海,所有时段,金谊河畔,1,1,10
上海,所有时段,钟贾山,1,1,11
上海,所有时段,锦尊体育公园,1,1,3
上海,所有时段,锦尊公园,1,1,13
上海,所有时段,锦绣江南1期,1,1,1
上海,所有时段,长兴岛骑行路线,1,1,1
上海,所有时段,长宁区Bosch博世研发中心总部大楼(福泉北路西),1,1,4
上海,所有时段,长宁区天山路(威宁路地铁站),1,1,1
上海,所有时段,长宁图书馆,1,1,1
上海,所有时段,长桥淀浦河步道,1,1,4
上海,所有时段,长江村,1,1,18
上海,所有时段,长江西路,1,1,1
上海,所有时段,长江路与观海路交叉口,1,1,27
上海,所有时段,闵虹路南,1,1,12
上海,所有时段,闵行体育公园(顾戴路北50米),1,1,14
上海,所有时段,闵行体育馆,1,1,11
上海,所有时段,闵行区兰香湖贰号2期东区(江川东路北),1,1,22
上海,所有时段,闵行区初心驿·陇上行党群服务站(闵虹路南),1,1,14
上海,所有时段,闵行区古美小区南(平南路南),1,1,4
上海,所有时段,闵行区吴泾镇凌家塘,1,1,1
上海,所有时段,闵行区建筑建材业管理所,1,1,2
上海,所有时段,闵行区新安农副产品批发市场南100米(中春路西),1,1,7
上海,所有时段,闵行区新时代富嘉花园(平吉路北150米),1,1,13
上海,所有时段,闵行区春申万科假日风景南(都庄路西),1,1,11
上海,所有时段,闵行区春申暖蜂友巢·金盛商业广场北(澜沧路南),1,1,19
上海,所有时段,闵行区春申绚荟城北100米(莲花南路西),1,1,8
上海,所有时段,闵行区梅陇生态公园(伟业路西),1,1,8
上海,所有时段,闵行区海赋尚品苑(凤庆路北),1,1,5
上海,所有时段,闵行区紫竹半岛(寺嘴角路),1,1,9
上海,所有时段,闵行区莘庄莘松四村(莘松路),1,1,4
上海,所有时段,闵行区莘庄雅致公寓(雅致路南),1,1,1
上海,所有时段,闵行区集心公园西北200米(莘朱路南),1,1,1
上海,所有时段,闵行区颛桥莘闵花园东北50米(沪闵公路),1,1,4
上海,所有时段,闵行区马桥镇望海村,1,1,21
上海,所有时段,闵行南部科创公园,1,1,17
上海,所有时段,闵行文化公园(闵行区漕宝路2001号),1,1,2
上海,所有时段,闵行滨江公园,1,1,11
上海,所有时段,闵行科创公园(老中春路东),1,1,9
上海,所有时段,阳光建华城2期,1,1,1
上海,所有时段,陆家嘴水环,1,1,8
上海,所有时段,陆家嘴滨江金融城,1,1,1
上海,所有时段,陈家镇,1,1,3
上海,所有时段,陈行公路（浦江地铁站-黄浦江）,1,1,19
上海,所有时段,陶家湾休闲农庄(闵行区永南路2018号),1,1,6
上海,所有时段,随缘,1,1,1
上海,所有时段,雅居乐废弃高尔夫球场,1,1,20
上海,所有时段,青浦区实验中学(西校区),1,1,5
上海,所有时段,青浦区徐泾工业园区禄渊国际(汇龙路西),1,1,8
上海,所有时段,青浦区淀山湖风景区(沪青平公路北),1,1,6
上海,所有时段,青浦区练塘古镇陈云纪念馆(练汇街北),1,1,4
上海,所有时段,青浦区练塘镇前湾,1,1,25
上海,所有时段,青浦区练塘镇唐家草（样线1）,1,1,15
上海,所有时段,青浦区赵巷镇庵墩泾,1,1,13
上海,所有时段,青浦区金泽镇懂家浜,1,1,4
上海,所有时段,青浦区青溪公园(青松路西100米),1,1,1
上海,所有时段,青浦区香花桥街道曹家埭,1,1,18
上海,所有时段,青浦春暖绿地公园,1,1,20
上海,所有时段,青西郊野,1,1,3
上海,所有时段,青西郊野公园周边开放式林地,1,1,13
上海,所有时段,青青旅游世界,1,1,14
上海,所有时段,静安区岭南公园(汾西路北),1,1,9
上海,所有时段,静安区彭浦宝华国际广场(广中西路北),1,1,6
上海,所有时段,静安区柳营路1025弄小区东北50米(普善路),1,1,7
上海,所有时段,静安区永和教师苑东50米(康宁路西),1,1,9
上海,所有时段,静安区越秀苑(普善横路南),1,1,7
上海,所有时段,静安区闸北公园(洛川东路北),1,1,10
上海,所有时段,鞍山四村第一小区,1,1,1
上海,所有时段,韩湘水博园,1,1,8
上海,所有时段,首位奥特莱斯,1,1,10
上海,所有时段,马陆公园,1,1,7
上海,所有时段,马陆葡萄主题公园,1,1,14
上海,所有时段,高行镇,1,1,19
上海,所有时段,魔术林北线,1,1,2
上海,所有时段,魔术林南线,1,1,1
上海,所有时段,鸟调10赤风港中心线,1,1,1
上海,所有时段,鸟调10赤风港南线,1,1,1
上海,所有时段,鸟调1新滩涂北线,1,1,1
上海,所有时段,鸟调5新东日线,1,1,1
上海,所有时段,鸟调9赤风港北线,1,1,1
上海,所有时段,鸟调9赤风港库塘线,1,1,1
上海,所有时段,鸿玺郡,1,1,13
上海,所有时段,鹏海绿地公园,1,1,11
上海,所有时段,黄家花园,1,1,11
上海,所有时段,黄日港,1,1,1
上海,所有时段,黄浦区上海公益新天地园(普育西路东),1,1,7
上海,所有时段,黎安公园,1,1,1
上海,所有时段,龙东公园（云天湖公园）,1,1,17
上海,所有时段,龙华寺,1,1,1
上海,所有时段,龙泉港出海闸,1,1,19
上海,所有时段,龙泉港出海闸(山阳镇朱山路201号),1,1,14
上海,夏季,南汇东滩,89,151,56
上海,夏季,上海滨江森林公园,33,36,32
上海,夏季,中山公园,28,43,15
上海,夏季,世纪公园,24,44,22
上海,夏季,南汇嘴观海公园,16,17,41
上海,夏季,绥德公园,15,15,21
上海,夏季,小桉路,14,14,33
上海,夏季,金海湿地公园,13,16,22
上海,夏季,后滩公园,10,13,19
上海,夏季,渔人码头,10,13,22
上海,夏季,吴淞炮台湾湿地森林公园,10,12,26
上海,夏季,闵行体育公园,10,11,17
上海,夏季,崇明东滩,8,19,37
上海,夏季,世博后滩湿地公园,8,9,22
上海,夏季,上海海湾国家森林公园,8,8,39
上海,夏季,鸟调6基本农田线,8,8,25
上海,夏季,上海植物园,7,8,21
上海,夏季,上海崇明东滩鸟类国家级自然保护区,7,7,43
上海,夏季,鹦鹉洲生态湿地,6,7,26
上海,夏季,小桉路农田,6,6,17
上海,夏季,大宁公园,5,18,20
上海,夏季,堤顶路与东港大道交叉口,5,6,53
上海,夏季,上海青西郊野公园,5,5,28
上海,夏季,罗泾水源涵养林,5,5,47
上海,夏季,共青森林公园,4,11,23
上海,夏季,滴水湖,4,7,18
上海,夏季,碧云绿地·云天湖公园,4,6,24
上海,夏季,东滩保护区,4,5,30
上海,夏季,东港大道与堤顶路交叉口,4,4,24
上海,夏季,南汇东日湿地,4,4,25
上海,夏季,南汇新城镇东港大道南300米,4,4,18
上海,夏季,奉贤小魔术林,4,4,14
上海,夏季,春光公园,4,4,10
上海,夏季,鸟调2滩涂南线,4,4,15
上海,夏季,上海科技大学(张江校区),3,7,12
上海,夏季,金山边滩新大堤,3,5,28
上海,夏季,上海动物园,3,4,14
上海,夏季,世纪公园-7号门,3,4,18
上海,夏季,三甲港,3,3,21
上海,夏季,佘山国家森林公园天马山园,3,3,31
上海,夏季,南汇嘴大堤,3,3,23
上海,夏季,广富林郊野公园,3,3,21
上海,夏季,梦清园,3,3,11
上海,夏季,浦东新区同济大学海洋科学技术研究中心南(世纪塘路),3,3,19
上海,夏季,碧海金沙,3,3,25
上海,夏季,进木港,3,3,15
上海,夏季,静安雕塑公园,3,3,7
上海,夏季,鹦鹉洲生态湿地(上海市金山区),3,3,27
上海,夏季,大宁公园(上海市静安区广中西路288号),2,13,13
上海,夏季,北干庄头,2,4,32
上海,夏季,南汇新城镇小桉路北200米,2,4,22
上海,夏季,西西洋淀,2,4,32
上海,夏季,上海植物园-3号门,2,3,24
上海,夏季,上海汽车博览公园,2,3,12
上海,夏季,张衡公园,2,3,5
上海,夏季,港口渡口,2,3,11
上海,夏季,金山城市沙滩景区,2,3,14
上海,夏季,鸟调7魔术林线,2,3,26
上海,夏季,一号坝,2,2,11
上海,夏季,上海植物园(徐汇区龙吴路1111号),2,2,12
上海,夏季,上海海洋大学临港校区,2,2,8
上海,夏季,上海辰山植物园,2,2,21
上海,夏季,世博公园,2,2,17
上海,夏季,世纪公园镜天湖,2,2,12
上海,夏季,兰香湖,2,2,23
上海,夏季,共青国家森林公园,2,2,19
上海,夏季,华东师范大学（闵行校区）,2,2,12
上海,夏季,南汇嘴魔术林,2,2,40
上海,夏季,南汇新城镇世纪塘路芦苇荡,2,2,16
上海,夏季,南汇新城镇东港大道南,2,2,28
上海,夏季,南汇魔术林,2,2,5
上海,夏季,堤顶路,2,2,10
上海,夏季,崇明区上海崇明东滩鸟类国家级自然保护区停车场西南,2,2,16
上海,夏季,新江湾城公园,2,2,23
上海,夏季,普陀区桃浦镇沪嘉高速公路,2,2,6
上海,夏季,望江驿,2,2,9
上海,夏季,浦东新区南汇嘴观海公园(世纪塘路北),2,2,18
上海,夏季,浦东新区滨江森林公园1号门(随塘公路北),2,2,12
上海,夏季,浦江镇,2,2,6
上海,夏季,海湾镇沿岸,2,2,48
上海,夏季,渔人码头(上海市奉贤区海鸥路),2,2,19
上海,夏季,秋霞圃,2,2,5
上海,夏季,芦苇地样线,2,2,11
上海,夏季,苏州河梦清园环保主题公园(宜昌路66),2,2,7
上海,夏季,赤风港,2,2,21
上海,夏季,赵家沟秀林公园,2,2,13
上海,夏季,辰山植物园,2,2,24
上海,夏季,迪斯尼星愿公园,2,2,24
上海,夏季,长风公园,2,2,7
上海,夏季,闵行区紫竹半岛及兰香湖,2,2,12
上海,夏季,闵行文化公园,2,2,18
上海,夏季,上海植物园植物大楼,1,21,20
上海,夏季,金龙新村,1,18,6
上海,夏季,上海市浦东新区惠南镇人民政府(城西路东),1,13,9
上海,夏季,徐汇万科中心,1,11,12
上海,夏季,盈湖三岛,1,10,13
上海,夏季,市教师教育学院,1,7,13
上海,夏季,康健园,1,7,16
上海,夏季,真源居住小区(上海市普陀区),1,7,5
上海,夏季,闵行区春申假日风景畹町路99弄,1,7,15
上海,夏季,上海南汇东滩湿地,1,5,57
上海,夏季,桃浦中央绿地（沪嘉高速至常和路）,1,5,21
上海,夏季,汤巷体育公园,1,5,22
上海,夏季,银秋路河道,1,5,9
上海,夏季,黄浦码头,1,5,8
上海,夏季,上海市徐汇区钦州南路10号,1,4,9
上海,夏季,古棕路,1,4,11
上海,夏季,闸北公园,1,4,6
上海,夏季,北美公寓,1,3,9
上海,夏季,宝山区新顾城·博成苑西南(沪联路南),1,3,10
上海,夏季,新江湾城生态走廊,1,3,16
上海,夏季,横沙岛,1,3,19
上海,夏季,金桥公园,1,3,8
上海,夏季,上海市嘉北郊野公园,1,2,29
上海,夏季,上海市莘庄中学,1,2,10
上海,夏季,上海自然博物馆(上海科技馆分馆),1,2,3
上海,夏季,南汇嘴至东滩湿地,1,2,43
上海,夏季,南汇新城城市公园,1,2,22
上海,夏季,南汇新城镇万心飞翔,1,2,14
上海,夏季,嘉定区南翔和平小区(和平街),1,2,7
上海,夏季,川沙公园,1,2,4
上海,夏季,张家浜南岸,1,2,8
上海,夏季,张江汤臣豪园,1,2,12
上海,夏季,浦东新区三林东明公园(三林路北),1,2,11
上海,夏季,滨江森林公园二期,1,2,4
上海,夏季,航头走到哪儿都算自留地,1,2,10
上海,夏季,通波塘河边绿化带,1,2,7
上海,夏季,长宁区仙霞绿地公寓(青溪路西100米),1,2,7
上海,夏季,闵行区吴泾镇陈家里,1,2,33
上海,夏季,闵行区金铭福邸(瑞丽路东150米),1,2,5
上海,夏季,青浦区中铁·逸都2期(青竹路西50米),1,2,9
上海,夏季,静安区芷江西路239弄小区,1,2,4
上海,夏季,龙华港泵闸,1,2,6
上海,夏季,七百亩(上海市青浦区),1,1,3
上海,夏季,三三公路与世纪塘路交叉口南,1,1,66
上海,夏季,三三公路近堤顶路,1,1,24
上海,夏季,上实农田,1,1,4
上海,夏季,上海中医药大学学生公寓,1,1,5
上海,夏季,上海交通大学(闵行校区),1,1,2
上海,夏季,上海交通大学-植物园,1,1,8
上海,夏季,上海交通大学徐汇校区,1,1,4
上海,夏季,上海众磊果蔬专业合作社,1,1,10
上海,夏季,上海南汇嘴公园停车场,1,1,19
上海,夏季,上海南汇嘴大堤酒店(世纪塘路333号),1,1,4
上海,夏季,上海南汇大堤,1,1,11
上海,夏季,上海大学(延长校区),1,1,8
上海,夏季,上海大观园(青浦区金商公路701号),1,1,10
上海,夏季,上海市嘉定二中,1,1,7
上海,夏季,上海市奉贤区S123(浦星公路),1,1,12
上海,夏季,上海市政悦路与闸殷路绿地,1,1,6
上海,夏季,上海植物园-樱花林,1,1,19
上海,夏季,上海电气电力电子有限公司,1,1,6
上海,夏季,上海轮渡(歇浦路渡口),1,1,1
上海,夏季,上海辰山植物园月季园,1,1,18
上海,夏季,上海马戏城地铁站,1,1,1
上海,夏季,世博大道,1,1,20
上海,夏季,世博文化公园,1,1,7
上海,夏季,世纪公园-风荷桥,1,1,16
上海,夏季,世纪塘路南线海滨,1,1,22
上海,夏季,东日湿地,1,1,13
上海,夏季,东海大桥,1,1,5
上海,夏季,东滩北八滧湿地,1,1,5
上海,夏季,中国北斗产业技术创新西虹桥基地,1,1,2
上海,夏季,中沟路与颛兴路交叉口,1,1,1
上海,夏季,中远两湾城,1,1,16
上海,夏季,临港大道周边,1,1,26
上海,夏季,临港星空之境海绵公园,1,1,10
上海,夏季,九龙村,1,1,9
上海,夏季,佘山国家森林公园西佘山园,1,1,6
上海,夏季,前滩友城公园,1,1,5
上海,夏季,勤耕村,1,1,5
上海,夏季,北八滧,1,1,8
上海,夏季,华东师范大学(闵行校区),1,1,6
上海,夏季,华为练秋湖研发中心E区,1,1,9
上海,夏季,南汇三三公路到一号堤,1,1,39
上海,夏季,南汇世纪塘路,1,1,36
上海,夏季,南汇世纪塘路魔术林,1,1,35
上海,夏季,南汇嘴观海公园上海南汇嘴大堤酒店,1,1,13
上海,夏季,南汇新城春花秋色公园,1,1,24
上海,夏季,南汇新城海滩,1,1,11
上海,夏季,南汇新城镇世纪塘路北400米,1,1,25
上海,夏季,南汇新城镇小桉路南300米,1,1,19
上海,夏季,南汇新城镇环湖东三路东400米,1,1,10
上海,夏季,南湖堤塘,1,1,17
上海,夏季,南竹港,1,1,17
上海,夏季,卫星港绿道,1,1,9
上海,夏季,双山小区,1,1,4
上海,夏季,古猗园,1,1,9
上海,夏季,同盛南桥花园,1,1,1
上海,夏季,名都新城1期,1,1,1
上海,夏季,后滩区域,1,1,18
上海,夏季,吴淞江鸟类栖息地,1,1,17
上海,夏季,吴淞炮台湾公园,1,1,25
上海,夏季,唐丰公园,1,1,7
上海,夏季,唐镇公园,1,1,7
上海,夏季,嘉定区界河西50米(白墙中路北),1,1,12
上海,夏季,嘉定区绥德公园(绥德路北100米),1,1,14
上海,夏季,堡镇,1,1,11
上海,夏季,复旦大学附属中学,1,1,10
上海,夏季,外滩,1,1,8
上海,夏季,外白渡桥,1,1,1
上海,夏季,大宁灵石公园,1,1,6
上海,夏季,大莲湖,1,1,1
上海,夏季,奉贤,1,1,23
上海,夏季,奉贤区小基本农田,1,1,23
上海,夏季,奉贤区柘林镇太平桥,1,1,6
上海,夏季,官塘桥,1,1,23
上海,夏季,宝山区罗店镇罗太路(云麓之城),1,1,2
上海,夏季,宣桥镇,1,1,20
上海,夏季,小桉路到一号坝的堤顶路,1,1,15
上海,夏季,小苏宅水芹地,1,1,6
上海,夏季,山深村,1,1,11
上海,夏季,岑卜村,1,1,4
上海,夏季,崇明岛,1,1,4
上海,夏季,崇明悦景庄西南800米,1,1,13
上海,夏季,川安路外环林带,1,1,11
上海,夏季,平安银行,1,1,2
上海,夏季,广富林遗址公园,1,1,9
上海,夏季,徐家汇公园,1,1,7
上海,夏季,徐汇区百合花苑(百花街南100米),1,1,9
上海,夏季,徐汇滨江,1,1,12
上海,夏季,怒江小区,1,1,10
上海,夏季,惠南走到哪儿都算自留地,1,1,1
上海,夏季,惠南镇,1,1,10
上海,夏季,明珠苑(浦东),1,1,5
上海,夏季,星愿公园,1,1,19
上海,夏季,春申路[地铁站],1,1,1
上海,夏季,普陀区桃浦中央绿地公园露营地西(武威东路北),1,1,21
上海,夏季,普陀区水岸茗苑(光复西路东),1,1,5
上海,夏季,智创壹佰+康鹏生命科技产业园,1,1,5
上海,夏季,曹路郊环外基本农田,1,1,9
上海,夏季,杨浦区政悦路篮球场,1,1,2
上海,夏季,杨盛公园,1,1,14
上海,夏季,杨高路金新路绿地,1,1,2
上海,夏季,松江区上海工程技术大学附属松江泗泾实验学校南,1,1,19
上海,夏季,松江区方松九商业广场(嘉松南路),1,1,1
上海,夏季,松江洞泾百花港开放休闲林地,1,1,14
上海,夏季,桃浦中央绿地,1,1,21
上海,夏季,梅园公园,1,1,7
上海,夏季,横沙岛湿地,1,1,16
上海,夏季,正大广场,1,1,1
上海,夏季,江浦公园,1,1,7
上海,夏季,汤巷绿地,1,1,13
上海,夏季,沪杭公路杭州湾大道招呼站公交站,1,1,8
上海,夏季,沪闵路淀浦河桥,1,1,10
上海,夏季,河滨城市花园,1,1,2
上海,夏季,泖港湿地(泖田湿地),1,1,18
上海,夏季,浦东南汇东滩湿地,1,1,36
上海,夏季,浦东南汇东滩湿地(东港大道),1,1,29
上海,夏季,浦东南汇东滩湿地(小桉路),1,1,13
上海,夏季,浦东南汇东滩湿地东100米(堤顶路),1,1,17
上海,夏季,浦东新区(小桉路北),1,1,10
上海,夏季,浦东新区三林路渡口(轮渡站)西北300米,1,1,9
上海,夏季,浦东新区上海南汇嘴大堤酒店南50米(世纪塘路北),1,1,6
上海,夏季,浦东新区上海滨江森林公园东南区游船码头西南,1,1,17
上海,夏季,浦东新区世纪公园(玉珠桥北),1,1,3
上海,夏季,浦东新区堤顶路与东港大道交叉口北,1,1,12
上海,夏季,浦东新区惠南镇谈北村,1,1,9
上海,夏季,浦东新区海塘防汛墙管理署芦潮港海塘管理所,1,1,4
上海,夏季,浦东新区滴水湖中国名家主题雕塑园(环湖西一路南),1,1,3
上海,夏季,浦东新区白杨小区(芳草路南),1,1,3
上海,夏季,浦东新区碧云体育公园(杨高中路南),1,1,9
上海,夏季,浦东机场,1,1,2
上海,夏季,浦东牡丹园,1,1,8
上海,夏季,浦东金海湿地公园,1,1,11
上海,夏季,浦江郊野公园,1,1,23
上海,夏季,海天花园,1,1,1
上海,夏季,海思路基本农田,1,1,11
上海,夏季,海湾森林公园,1,1,33
上海,夏季,渔人码头南,1,1,33
上海,夏季,滴水湖北线,1,1,29
上海,夏季,漕溪公园,1,1,4
上海,夏季,燎鱼村(上海市奉贤区),1,1,30
上海,夏季,环湖东三路与小桉路交叉口,1,1,36
上海,夏季,环湖东三路与小桉路交叉口(浦东新区),1,1,5
上海,夏季,环湖南三路,1,1,5
上海,夏季,百花港桥荷塘,1,1,21
上海,夏季,罗泾镇,1,1,25
上海,夏季,美兰湖,1,1,2
上海,夏季,耀华滨江绿地,1,1,10
上海,夏季,耀浦苑,1,1,4
上海,夏季,航头镇,1,1,1
上海,夏季,芷江西路街道,1,1,5
上海,夏季,荷萃路,1,1,22
上海,夏季,蓬莱公园,1,1,7
上海,夏季,虹梅路,1,1,2
上海,夏季,西岸艺术中心N馆,1,1,13
上海,夏季,西沙明珠湖景区-西沙湿地,1,1,12
上海,夏季,西沙湿地,1,1,6
上海,夏季,西藏南路-南浦大桥客运中心,1,1,8
上海,夏季,西郊宾馆,1,1,14
上海,夏季,赵巷地铁站附近农地,1,1,27
上海,夏季,迪士尼星愿公园,1,1,17
上海,夏季,迪士尼星愿湖,1,1,16
上海,夏季,金山区林业三防中心(上海市),1,1,18
上海,夏季,金山嘴渔村景区,1,1,26
上海,夏季,金山园区站,1,1,4
上海,夏季,金山枫泾白牛塘,1,1,14
上海,夏季,金桥路金科路,1,1,4
上海,夏季,金港花园2期,1,1,8
上海,夏季,钱曹路秋眉泾交叉口农田,1,1,5
上海,夏季,银翔湖公园(上海市嘉定区),1,1,3
上海,夏季,锦绣文化公园,1,1,9
上海,夏季,长宁外环生态绿道,1,1,8
上海,夏季,闵虹路南,1,1,12
上海,夏季,闵行区莘庄雅致公寓(雅致路南),1,1,1
上海,夏季,闵行区颛桥莘闵花园东北50米(沪闵公路),1,1,4
上海,夏季,闵行滨江公园,1,1,11
上海,夏季,陆家嘴金融贸易区老白渡滨江绿地,1,1,7
上海,夏季,陈行公路（浦江地铁站-黄浦江）,1,1,19
上海,夏季,陕西北路,1,1,8
上海,夏季,雨蛙生态农场,1,1,11
上海,夏季,静安区柳营路1025弄小区东北50米(普善路),1,1,7
上海,夏季,静安区越秀苑(普善横路南),1,1,7
上海,夏季,顾村公园,1,1,15
上海,夏季,顾村公园(上海市宝山区),1,1,29
上海,夏季,马陆公园,1,1,7
上海,夏季,高东生态园,1,1,15
上海,夏季,高行镇,1,1,19
上海,夏季,鲁迅公园,1,1,10
上海,夏季,鸟调10赤风港湿地中心芦苇地,1,1,27
上海,夏季,鸟调1滩涂北线,1,1,25
上海,夏季,鸟调3滴水湖北线,1,1,18
上海,夏季,鸟调5东日线,1,1,20
上海,夏季,黄兴公园,1,1,5
上海,夏季,黄日港调蓄湖,1,1,16
上海,夏季,黄浦区上海公益新天地园(普育西路东),1,1,7
上海,秋季,世纪公园,485,1273,42
上海,秋季,吴淞炮台湾湿地森林公园,248,326,42
上海,秋季,南汇东滩,238,677,85
上海,秋季,中山公园,153,238,20
上海,秋季,崇明东滩,103,146,113
上海,秋季,大宁公园,101,173,42
上海,秋季,南汇嘴观海公园,79,108,58
上海,秋季,金海湿地公园,69,92,41
上海,秋季,碧云绿地·云天湖公园,66,110,38
上海,秋季,上海滨江森林公园,66,95,51
上海,秋季,南汇嘴魔术林,62,91,58
上海,秋季,吴淞炮台湾公园,59,61,44
上海,秋季,徐家汇公园,52,130,15
上海,秋季,上海植物园,47,74,39
上海,秋季,世纪公园-7号门,45,69,38
上海,秋季,世纪公园世纪梅园(上海市浦东新区),40,67,34
上海,秋季,共青森林公园,36,57,42
上海,秋季,紫竹荒地,35,46,51
上海,秋季,小桉路,34,60,62
上海,秋季,炮台湾湿地,34,36,29
上海,秋季,上海崇明东滩鸟类国家级自然保护区,31,38,50
上海,秋季,后滩公园,28,52,32
上海,秋季,闵行体育公园,27,53,29
上海,秋季,奉贤小魔术林,25,79,34
上海,秋季,三三公路与世纪塘路交叉口(浦东新区),25,33,55
上海,秋季,滴水湖,25,30,41
上海,秋季,崇明北湖,25,26,57
上海,秋季,世博后滩湿地公园,24,36,30
上海,秋季,上海辰山植物园,24,30,36
上海,秋季,新虹桥中心花园,23,45,21
上海,秋季,梦清园,22,27,19
上海,秋季,上海交通大学-植物园,21,42,24
上海,秋季,星愿公园,21,23,30
上海,秋季,鹦鹉洲生态湿地,20,25,47
上海,秋季,东滩北八滧湿地,20,21,79
上海,秋季,鸟调7魔术林线,19,35,81
上海,秋季,上海交通大学(闵行校区),19,31,21
上海,秋季,复旦大学江湾校区,19,29,33
上海,秋季,上海世博文化公园,19,28,28
上海,秋季,绥德公园,18,39,29
上海,秋季,南汇魔术林,18,26,46
上海,秋季,海坤路草坪,17,23,61
上海,秋季,碧海金沙,17,22,57
上海,秋季,南汇东日湿地,17,21,50
上海,秋季,西西洋淀,16,51,48
上海,秋季,渔人码头,16,33,30
上海,秋季,上海动物园,16,22,25
上海,秋季,顾村公园,16,19,38
上海,秋季,松江洞泾百花港开放休闲林地,15,25,34
上海,秋季,世博文化公园,14,24,29
上海,秋季,嘉北郊野公园,14,22,35
上海,秋季,海思路基本农田,14,21,28
上海,秋季,上海植物园(徐汇区龙吴路1111号),14,18,28
上海,秋季,世纪公园赏梅木栈道,14,17,24
上海,秋季,鸟调6基本农田线,14,17,40
上海,秋季,浦东新区南汇新城镇东日,14,15,47
上海,秋季,赤风港湿地中心,14,14,48
上海,秋季,上海海洋大学临港校区,13,52,28
上海,秋季,上海交通大学(闵行校区)蔷薇园,13,18,22
上海,秋季,浦东新区南汇嘴观海公园(世纪塘路西),13,16,41
上海,秋季,上海青西郊野公园,13,15,40
上海,秋季,闵行文化公园,12,16,19
上海,秋季,世纪公园-风荷桥,11,14,26
上海,秋季,东滩保护区,11,12,47
上海,秋季,进木港,11,11,17
上海,秋季,奉贤区小基本农田,10,18,30
上海,秋季,小桉路农田,10,13,42
上海,秋季,鸟调1滩涂北线,10,13,33
上海,秋季,黄日港调蓄湖,10,12,30
上海,秋季,世纪公园一尺花园,10,10,16
上海,秋季,世纪公园镜天湖,10,10,21
上海,秋季,迪士尼星愿湖,10,10,21
上海,秋季,康健园,9,32,18
上海,秋季,鸟调8赤风港湿地中心北库塘,9,18,34
上海,秋季,南汇湿地,9,13,72
上海,秋季,华东师范大学（闵行校区）,9,12,18
上海,秋季,三三公路与世纪塘路交叉口南,9,11,74
上海,秋季,鸟调2滩涂南线,9,10,38
上海,秋季,南汇世纪塘路魔术林,9,9,52
上海,秋季,金海湿地,9,9,24
上海,秋季,华东理工大学,8,29,15
上海,秋季,宝山区上海大学(宝山校区),8,25,32
上海,秋季,奉贤区绿地·香颂西南200米(海乐路西),8,16,19
上海,秋季,海湾镇沿岸,8,14,66
上海,秋季,三三公路与世纪塘路交叉口,8,13,51
上海,秋季,护鲟路,8,10,34
上海,秋季,南汇新城镇世纪塘路西200米,8,9,63
上海,秋季,金山嘴渔村边滩,8,9,36
上海,秋季,上海闵行体育公园,8,8,27
上海,秋季,东滩湿地公园,8,8,32
上海,秋季,长兴岛郊野公园,8,8,26
上海,秋季,上海科技大学(张江校区),7,58,35
上海,秋季,大宁公园(上海市静安区广中西路288号),7,31,23
上海,秋季,鸟调10赤风港湿地中心芦苇地,7,15,35
上海,秋季,罗泾水源涵养林,7,14,60
上海,秋季,丁坝,7,9,48
上海,秋季,上海崇明东滩鸟类国家级自然保护区停车场,7,9,35
上海,秋季,鸟调4滴水湖南线,7,9,24
上海,秋季,浦东新区世纪公园(风荷桥北),7,8,16
上海,秋季,上海南汇大堤,7,7,49
上海,秋季,崇明东滩湿地,7,7,51
上海,秋季,浦东南汇东滩湿地,7,7,24
上海,秋季,高东生态园,6,22,22
上海,秋季,华东理工大学(奉贤校区),6,15,19
上海,秋季,上海汽车博览公园,6,14,20
上海,秋季,白沙公园,6,14,14
上海,秋季,梦清园环保主题公园,6,13,27
上海,秋季,奉贤区碧海金沙(海涵路北150米),6,9,53
上海,秋季,徐家汇公园(上海市徐汇区),6,9,17
上海,秋季,蝶语园,6,9,22
上海,秋季,三三公路近堤顶路,6,8,58
上海,秋季,涟动公园,6,8,22
上海,秋季,燎鱼村(上海市奉贤区),6,8,39
上海,秋季,南汇新城镇小桉路北200米,6,7,13
上海,秋季,崇明岛上实农业园区,6,7,32
上海,秋季,长风公园,6,7,13
上海,秋季,上实农田,6,6,28
上海,秋季,上海南汇嘴大堤酒店,6,6,48
上海,秋季,上海南汇嘴大堤酒店(世纪塘路333号),6,6,20
上海,秋季,南汇三三公路到一号堤,6,6,52
上海,秋季,南汇嘴大堤,6,6,21
上海,秋季,堤顶路与东港大道交叉口,6,6,37
上海,秋季,浦江第一湾公园,6,6,32
上海,秋季,上海植物园植物大楼,5,50,30
上海,秋季,上海海事大学临港校区,5,30,28
上海,秋季,上海植物园-3号门,5,16,21
上海,秋季,鲁迅公园,5,16,14
上海,秋季,新江湾城生态走廊,5,15,23
上海,秋季,上海海事大学(临港校区),5,14,28
上海,秋季,丰收村,5,14,20
上海,秋季,闵行区紫竹半岛及兰香湖,5,11,34
上海,秋季,渔人码头(上海市奉贤区海鸥路),5,7,33
上海,秋季,鸟调3滴水湖北线,5,7,20
上海,秋季,鹦鹉洲生态湿地(上海市金山区),5,7,59
上海,秋季,堤顶路魔术林,5,6,33
上海,秋季,小苏宅水芹地,5,6,13
上海,秋季,广富林郊野公园,5,6,27
上海,秋季,横沙东滩,5,6,58
上海,秋季,港口渡口,5,6,11
上海,秋季,上海海湾国家森林公园,5,5,38
上海,秋季,南汇新城镇世纪塘路西300米,5,5,22
上海,秋季,崇明岛,5,5,46
上海,秋季,横沙岛,5,5,41
上海,秋季,浦东新区(三三公路南),5,5,29
上海,秋季,清涧公园,5,5,12
上海,秋季,蔷薇园,5,5,11
上海,秋季,金山城市沙滩景区,4,14,15
上海,秋季,陆家嘴中心绿地,4,14,12
上海,秋季,上海科技大学张江校区,4,13,22
上海,秋季,同济大学四平路校区,4,8,16
上海,秋季,康桥生态园-沔青绿地,4,7,27
上海,秋季,上海海洋大学,4,6,20
上海,秋季,小树林百鸟林,4,6,14
上海,秋季,半马苏河公园,4,5,17
上海,秋季,沪杭公路杭州湾大道招呼站公交站,4,5,13
上海,秋季,漕河泾开发区公园,4,5,10
上海,秋季,耀华滨江绿地,4,5,15
上海,秋季,长宁外环生态绿道,4,5,24
上海,秋季,上海市浦东新区X601(锦绣路),4,4,15
上海,秋季,上海梦清园,4,4,16
上海,秋季,上海滨江森林公园生态林,4,4,21
上海,秋季,东日湿地,4,4,54
上海,秋季,人民公园,4,4,8
上海,秋季,佘山国家森林公园东佘山园,4,4,13
上海,秋季,南汇嘴观海公园上海南汇嘴大堤酒店,4,4,37
上海,秋季,南汇新城镇世纪塘路东100米,4,4,61
上海,秋季,嘉定区绥德公园(绥德路北100米),4,4,22
上海,秋季,天马山,4,4,18
上海,秋季,寺嘴角路,4,4,32
上海,秋季,崇明区上海崇明东滩鸟类国家级自然保护区停车场西,4,4,23
上海,秋季,普陀区清涧新村第六小区南100米(金鼎路南),4,4,7
上海,秋季,曹路郊环外基本农田,4,4,13
上海,秋季,杨浦滨江,4,4,9
上海,秋季,松江区九亭九科绿洲公园东园南300米(姚北路北),4,4,24
上海,秋季,松江泖港湿地,4,4,30
上海,秋季,桃浦中央绿地（沪嘉高速至常和路）,4,4,7
上海,秋季,浦东新区上海临港海上风力发电有限公司西(东港大道),4,4,10
上海,秋季,浦东新区同济大学海洋科学技术研究中心南(世纪塘路),4,4,40
上海,秋季,浦东金海湿地公园,4,4,15
上海,秋季,浦江郊野公园,4,4,12
上海,秋季,碧海金沙(奉贤区海湾旅游区海鸥路39号),4,4,30
上海,秋季,魔术林,4,4,58
上海,秋季,闵行区春申假日风景畹町路99弄,3,38,22
上海,秋季,复旦大学附属中学,3,17,13
上海,秋季,蒙山中学(上海市金山区龙胜路100),3,12,9
上海,秋季,上海陆家嘴滨江大道,3,10,16
上海,秋季,上海南汇东滩湿地,3,9,70
上海,秋季,华东理工大学(奉贤校区)-西门,3,9,19
上海,秋季,松江区石塔庙,3,8,36
上海,秋季,东滩鸟类国家级自然保护区,3,7,36
上海,秋季,朱泾镇秀洲村开放休闲林,3,7,18
上海,秋季,上海科技大学,3,6,30
上海,秋季,同济大学(嘉定校区),3,6,17
上海,秋季,九科绿洲公园,3,5,15
上海,秋季,崇明东滩生态园,3,5,62
上海,秋季,淀山湖,3,5,23
上海,秋季,渔人码头南,3,5,25
上海,秋季,鸟调5东日线,3,5,45
上海,秋季,鸟调9赤风港湿地中心南库塘,3,5,25
上海,秋季,上海人民广场,3,4,8
上海,秋季,上海海洋大学(临港校区),3,4,13
上海,秋季,世博公园,3,4,11
上海,秋季,兰香湖,3,4,19
上海,秋季,南汇新城镇三三公路南400米,3,4,45
上海,秋季,南汇新城镇东港大道南,3,4,46
上海,秋季,徐汇滨江,3,4,18
上海,秋季,沿北公园,3,4,25
上海,秋季,石塔庙,3,4,38
上海,秋季,长兴岛,3,4,15
上海,秋季,上海之鱼,3,3,21
上海,秋季,上海交通大学附属中学,3,3,5
上海,秋季,上海浦东三林滨江,3,3,23
上海,秋季,上海浦江第一湾公园,3,3,24
上海,秋季,上海迪士尼乐园,3,3,10
上海,秋季,世博文化公园双子山,3,3,16
上海,秋季,世纪塘路,3,3,33
上海,秋季,世纪塘路交叉口与三三公路交叉口附近,3,3,18
上海,秋季,中山公园-3号门,3,3,11
上海,秋季,丰翔智秀公园,3,3,17
上海,秋季,临港大道周边,3,3,8
上海,秋季,乡间田地,3,3,36
上海,秋季,佘山国家森林公园天马山园,3,3,3
上海,秋季,前京大道,3,3,21
上海,秋季,前滩休闲公园(上海市浦东新区前滩大道),3,3,17
上海,秋季,华东师范大学(中山北路校区),3,3,14
上海,秋季,嘉松中路沈砖公路(洞泾地铁站),3,3,15
上海,秋季,堤顶路,3,3,22
上海,秋季,复旦大学邯郸校区,3,3,1
上海,秋季,大宁灵石公园,3,3,17
上海,秋季,奉贤区上海乡春农产品专业合作社东南(海航路东),3,3,9
上海,秋季,宝山区顾村镇沈巷,3,3,23
上海,秋季,建新村（蝶语园）,3,3,15
上海,秋季,昆阳湖,3,3,8
上海,秋季,梅陇生态公园,3,3,11
上海,秋季,梦清园环保主题公园(宜昌路),3,3,17
上海,秋季,洋槐小树林,3,3,30
上海,秋季,浦东新区(小桉路北),3,3,54
上海,秋季,浦东新区堤顶路与东港大道交叉口北,3,3,28
上海,秋季,海航路与海坤路交叉口,3,3,34
上海,秋季,清流环三路绿地,3,3,5
上海,秋季,渔人码头边滩湿地调查,3,3,18
上海,秋季,滨江漫步区(浦星公路上海浦江郊野公园内),3,3,17
上海,秋季,滨江绿道-望江驿13号驿站,3,3,24
上海,秋季,米市渡松南郊野公园,3,3,15
上海,秋季,西沙明珠湖景区(崇明区三华公路333号),3,3,8
上海,秋季,西郊宾馆,3,3,18
上海,秋季,迪士尼星愿公园,3,3,17
上海,秋季,迪斯尼星愿公园,3,3,29
上海,秋季,金山卫站,3,3,10
上海,秋季,锦绣文化公园,3,3,12
上海,秋季,长横对江车客渡,3,3,5
上海,秋季,青浦区金泽镇蔡浜村,3,3,10
上海,秋季,黄兴公园,3,3,10
上海,秋季,柳园公园,2,44,9
上海,秋季,上海交通大学(闵行校区)北区博士生公寓,2,17,15
上海,秋季,秋霞圃,2,11,10
上海,秋季,上海应用技术大学(奉贤校区),2,9,20
上海,秋季,上海财经大学(国定路校区),2,9,11
上海,秋季,金山边滩新大堤,2,9,32
上海,秋季,雨蛙生态农场,2,9,9
上海,秋季,华东师范大学生态岛,2,6,12
上海,秋季,延中广场公园,2,6,15
上海,秋季,张衡公园,2,6,15
上海,秋季,春光公园,2,6,12
上海,秋季,普陀区桃浦镇沪嘉高速公路,2,6,10
上海,秋季,闸北公园,2,6,9
上海,秋季,上科大西侧绿地,2,5,22
上海,秋季,复兴岛公园,2,5,7
上海,秋季,苏州河梦清园环保主题公园,2,5,26
上海,秋季,上海外国语大学(松江校区),2,4,23
上海,秋季,东方明珠公园,2,4,10
上海,秋季,复旦大学附属华山医院(西院),2,4,55
上海,秋季,小公园,2,4,15
上海,秋季,银翔湖公园(上海市嘉定区),2,4,15
上海,秋季,长江路访客中心300米左右,2,4,25
上海,秋季,陆家嘴中心绿地-中心湖,2,4,12
上海,秋季,三甲港,2,3,13
上海,秋季,上海世纪公园,2,3,10
上海,秋季,上海浦东新区豆香园,2,3,8
上海,秋季,东郊宾馆,2,3,22
上海,秋季,中兴公园,2,3,6
上海,秋季,和平公园,2,3,13
上海,秋季,四团镇,2,3,9
上海,秋季,夏阳湖(青浦区夏阳街道青龙路49号附近),2,3,16
上海,秋季,大宁郁金香公园,2,3,12
上海,秋季,奉贤区柘林镇太平桥,2,3,10
上海,秋季,普陀区梦清园环保主题公园(宜昌路北),2,3,15
上海,秋季,朱巷宅,2,3,18
上海,秋季,杨浦公园,2,3,10
上海,秋季,母亲林(上海市闵行区),2,3,3
上海,秋季,秋迁早熟的稻田-金色稻田,2,3,19
上海,秋季,罗泾镇,2,3,36
上海,秋季,衡山公园,2,3,4
上海,秋季,CMDT保护区外围,2,2,33
上海,秋季,三甲港与九段沙保护区,2,2,14
上海,秋季,上海临港海上风力发电有限公司西(东港大道),2,2,20
上海,秋季,上海交通大学附属中学(闵行分校),2,2,11
上海,秋季,上海众磊果蔬专业合作社,2,2,18
上海,秋季,上海吴淞炮台湾国家湿地公园,2,2,16
上海,秋季,上海市上实现代农业园区,2,2,7
上海,秋季,上海市奉贤区海思路基本农田,2,2,22
上海,秋季,上海市浦东新区花木街道,2,2,5
上海,秋季,上海浦江郊野公园,2,2,14
上海,秋季,上海第二工业大学(金海路校区),2,2,9
上海,秋季,上海陆家嘴江滨公园,2,2,13
上海,秋季,上科大周边绿地,2,2,14
上海,秋季,世纪公园-世纪梅园,2,2,10
上海,秋季,东平森林公园,2,2,11
上海,秋季,东方绿舟,2,2,17
上海,秋季,东港大道堤顶路,2,2,19
上海,秋季,中原中学,2,2,7
上海,秋季,九科绿洲,2,2,26
上海,秋季,九科绿洲公园西区,2,2,22
上海,秋季,佘山国家森林公园,2,2,7
上海,秋季,共青国家森林公园,2,2,13
上海,秋季,华东理工大学(徐汇区梅陇路130号),2,2,8
上海,秋季,华翔绿地,2,2,8
上海,秋季,南汇嘴观海公园(上海市浦东新区世纪塘路),2,2,47
上海,秋季,南汇嘴观海公园-小卖部,2,2,38
上海,秋季,南汇嘴观海公园到东港大道,2,2,48
上海,秋季,南汇新城城市公园,2,2,20
上海,秋季,南汇新城镇三三公路南50米,2,2,34
上海,秋季,南汇新城镇世纪塘路东,2,2,14
上海,秋季,南虹港观机长廊,2,2,6
上海,秋季,古猗园,2,2,12
上海,秋季,叶家花园,2,2,13
上海,秋季,听翠园,2,2,7
上海,秋季,吴泾公园,2,2,7
上海,秋季,唐城绿地文化公园,2,2,20
上海,秋季,奉贤区上海家禽育种公司东北100米(海华路),2,2,24
上海,秋季,奉贤区东方美谷大学城产业园东南100米(海航路),2,2,13
上海,秋季,奉贤沿海,2,2,49
上海,秋季,小昆山园(上海市松江区山西路4号),2,2,12
上海,秋季,岑卜村,2,2,11
上海,秋季,崇明区上海崇明东滩鸟类国家级自然保护区停车场北,2,2,69
上海,秋季,崇明岛东旺沙,2,2,24
上海,秋季,徐家塘,2,2,19
上海,秋季,新江湾湿地生态观鸟拍鸟基地,2,2,10
上海,秋季,昆秀湖湿地公园(上海市松江区),2,2,20
上海,秋季,松江中央公园,2,2,2
上海,秋季,松江区佘山镇翁家浜,2,2,20
上海,秋季,泖港湿地(泖田湿地),2,2,36
上海,秋季,浦东新区世纪公园(云帆桥西),2,2,27
上海,秋季,浦东新区南汇嘴观海公园(世纪塘路北),2,2,50
上海,秋季,浦东新区成日村(滴翠路/秋荷路/夏兰路),2,2,24
上海,秋季,浦东新区滨江森林公园1号门(随塘公路北),2,2,20
上海,秋季,浦东滨江公园,2,2,12
上海,秋季,海基三路与海洋五路交叉口,2,2,11
上海,秋季,海湾国家森林公园,2,2,19
上海,秋季,滴水湖北线,2,2,41
上海,秋季,漕溪公园,2,2,11
上海,秋季,碧云绿地·碧云湖公园,2,2,32
上海,秋季,绿地·海上风华,2,2,33
上海,秋季,莘城中央公园,2,2,5
上海,秋季,赤风港,2,2,26
上海,秋季,辰山植物园,2,2,18
上海,秋季,金山魔术林,2,2,17
上海,秋季,金汇塘路与团结塘路交叉口,2,2,39
上海,秋季,闵行体育公园湖边小森林,2,2,19
上海,秋季,闵行区吴泾镇龙吴路(兰香湖贰号),2,2,36
上海,秋季,陆家嘴滨江,2,2,10
上海,秋季,青浦区淀山湖观景台(沪青平公路北50米),2,2,2
上海,秋季,静安公园,2,2,4
上海,秋季,龙之梦城市生活中心,2,2,4
上海,秋季,嘉定区南翔和平小区(和平街),1,50,8
上海,秋季,徐汇万科中心,1,42,16
上海,秋季,卫星港绿道,1,38,16
上海,秋季,上海大学附属嘉定高级中学,1,32,10
上海,秋季,嘉定区上隽嘉苑东区东北(云安路东),1,30,17
上海,秋季,金龙新村,1,23,8
上海,秋季,市教师教育学院,1,18,11
上海,秋季,金桥公园,1,18,12
上海,秋季,汤巷体育公园,1,17,24
上海,秋季,盈湖三岛,1,16,17
上海,秋季,陶氏化学有限公司(上海市浦东新区),1,15,15
上海,秋季,上海市嘉定二中,1,13,16
上海,秋季,上海应用技术大学植物园,1,13,11
上海,秋季,米市渡郊野公园,1,12,23
上海,秋季,银秋路河道,1,12,14
上海,秋季,徐汇区GateM西岸梦中心(龙腾大道东),1,11,14
上海,秋季,上海图书馆,1,10,3
上海,秋季,闵行区金铭福邸(瑞丽路东150米),1,10,5
上海,秋季,上海公安学院,1,9,14
上海,秋季,上海市徐汇区钦州南路10号,1,9,13
上海,秋季,上海市浦东新区惠南镇人民政府(城西路东),1,9,13
上海,秋季,古棕路,1,9,15
上海,秋季,泾溪路藕塘,1,9,14
上海,秋季,闵行区吴泾镇陈家里,1,9,35
上海,秋季,上海市莘庄中学,1,8,13
上海,秋季,上海应用技术大学池塘,1,8,15
上海,秋季,北干庄头,1,8,43
上海,秋季,后滩区域,1,8,29
上海,秋季,通波塘河边绿化带,1,8,11
上海,秋季,陕西北路,1,8,10
上海,秋季,鸫鸫林,1,8,11
上海,秋季,上海市高桥中学,1,7,10
上海,秋季,华东理工大学大草坪,1,7,8
上海,秋季,南汇嘴至东滩湿地,1,7,103
上海,秋季,金山枫泾白牛塘,1,7,21
上海,秋季,上海市嘉定一中附属小学(北大街271号),1,6,8
上海,秋季,张江汤臣豪园,1,6,12
上海,秋季,普陀区半马苏河公园(真北路东50米),1,6,20
上海,秋季,海天花园,1,6,6
上海,秋季,真源居住小区(上海市普陀区),1,6,6
上海,秋季,莫比乌斯公园,1,6,16
上海,秋季,霸河,1,6,20
上海,秋季,黄浦码头,1,6,6
上海,秋季,龙华港泵闸,1,6,9
上海,秋季,上海市松江二中,1,5,4
上海,秋季,南汇新城镇万心飞翔,1,5,12
上海,秋季,复兴公园,1,5,3
上海,秋季,大黄村公园,1,5,27
上海,秋季,惠南走到哪儿都算自留地,1,5,7
上海,秋季,海滨新二村,1,5,3
上海,秋季,上海师范大学附属杨浦滨江实验小学,1,4,4
上海,秋季,南竹港,1,4,26
上海,秋季,复旦大学(邯郸校区),1,4,11
上海,秋季,外滩,1,4,12
上海,秋季,崇明生态研究院,1,4,20
上海,秋季,长宁区虹康花苑三期(泉口路南100米),1,4,15
上海,秋季,黑鱼弄小区,1,4,1
上海,秋季,三三公路南侧农田,1,3,18
上海,秋季,三林城市森林,1,3,19
上海,秋季,上海工艺美术职业学院(嘉定校区),1,3,8
上海,秋季,上海市闵行中学,1,3,10
上海,秋季,上海理工大学,1,3,16
上海,秋季,位育附属徐汇科技实验中学,1,3,8
上海,秋季,北美公寓,1,3,8
上海,秋季,南汇新城春花秋色公园,1,3,33
上海,秋季,吴淞江鸟类栖息地,1,3,28
上海,秋季,品尊国际公寓2期,1,3,10
上海,秋季,宝山区逸仙公园(恒耀路北),1,3,4
上海,秋季,徐汇区百合花苑(百花街南100米),1,3,6
上海,秋季,智创壹佰+康鹏生命科技产业园,1,3,2
上海,秋季,松江区外下洋路,1,3,22
上海,秋季,松江区新桥沿海·丽水馨庭1期(明中路北50米),1,3,7
上海,秋季,梅园公园,1,3,5
上海,秋季,泰晤士小镇,1,3,9
上海,秋季,浦东小桉路,1,3,18
上海,秋季,金山区林业三防中心(上海市),1,3,30
上海,秋季,金山区枫泾镇新元村长浜,1,3,16
上海,秋季,金悦华庭,1,3,7
上海,秋季,陆家嘴金融贸易区老白渡滨江绿地,1,3,10
上海,秋季,陈春路绿化公园,1,3,1
上海,秋季,青浦区香花桥街道孙家台,1,3,21
上海,秋季,万科城市花园,1,2,13
上海,秋季,上海市嘉北郊野公园,1,2,5
上海,秋季,上海市嘉定一中,1,2,3
上海,秋季,上海市滨江滑板公园,1,2,18
上海,秋季,上海市漕河泾开发区公共运动场,1,2,6
上海,秋季,上海市风华初级中学教育集团(东校),1,2,5
上海,秋季,上海戏剧学院(华山路校区),1,2,2
上海,秋季,上海植物园-樱花林,1,2,14
上海,秋季,上海淞沪抗战纪念公园,1,2,8
上海,秋季,上海电机学院(临港校区),1,2,10
上海,秋季,上海领科双语学校(公办托管班),1,2,1
上海,秋季,上飞路南,1,2,23
上海,秋季,世纪梅园,1,2,13
上海,秋季,东滩鸟类国家级自然保护区管理处,1,2,20
上海,秋季,九里工坊,1,2,16
上海,秋季,仁和·都市花园,1,2,6
上海,秋季,仁恒河滨城2期,1,2,11
上海,秋季,佘山国家森林公园西佘山园,1,2,4
上海,秋季,前进村,1,2,24
上海,秋季,华东政法大学(松江校区),1,2,8
上海,秋季,华为研发中心,1,2,4
上海,秋季,南汇驾校北农田,1,2,25
上海,秋季,友好村,1,2,29
上海,秋季,双山小区,1,2,5
上海,秋季,古北新城,1,2,9
上海,秋季,古美公园,1,2,12
上海,秋季,同济大学(四平路校区),1,2,10
上海,秋季,和平公园自然教育中心,1,2,11
上海,秋季,"团结塘L29,30",1,2,53
上海,秋季,复旦大学(江湾新校区)日湖,1,2,14
上海,秋季,复旦大学(邯郸校区)北区学生公寓,1,2,1
上海,秋季,复旦大学江湾生活园区,1,2,32
上海,秋季,始信北苑,1,2,9
上海,秋季,宛平路80弄小区,1,2,4
上海,秋季,宝山区东鼎国际东北(漠河路),1,2,3
上海,秋季,宝山区杨盛公园(泰和路北),1,2,14
上海,秋季,宝山区白家宅,1,2,2
上海,秋季,富锦路地铁站-白沙公园,1,2,19
上海,秋季,崇明区,1,2,8
上海,秋季,广中路与北宝兴路交叉口,1,2,3
上海,秋季,广富林小河边,1,2,25
上海,秋季,廊下友好村东侧林湿地,1,2,20
上海,秋季,廊下友好村西侧农林湿地,1,2,19
上海,秋季,廊下友好村西侧林地,1,2,9
上海,秋季,廊下友好村调研对照组,1,2,13
上海,秋季,建邦国宸府,1,2,3
上海,秋季,张家浜南岸,1,2,9
上海,秋季,徐汇区上海师范大学(徐汇校区)西部,1,2,2
上海,秋季,徐汇区建国西路581弄小区,1,2,5
上海,秋季,怡沁园(上海市崇明区),1,2,21
上海,秋季,惠南镇乐源城公寓公园,1,2,8
上海,秋季,新时代富嘉花园,1,2,18
上海,秋季,春申万科城假日风景南区,1,2,22
上海,秋季,望江驿,1,2,12
上海,秋季,杨浦区上海师范大学附属杨浦滨江实验小学(顺平路北),1,2,10
上海,秋季,杨盛公园,1,2,15
上海,秋季,松江区新桥万科白马花园(南区),1,2,11
上海,秋季,桂江支路与桂江路交叉口,1,2,7
上海,秋季,沈杨公园,1,2,13
上海,秋季,洋泾港休闲广场,1,2,19
上海,秋季,浦东历史博物馆,1,2,4
上海,秋季,浦东新区北蔡大华·锦绣华城(北区),1,2,2
上海,秋季,浦东新区张衡公园(华益路北),1,2,8
上海,秋季,浦东新区桃花邨东100米(城永路东侧河岸）,1,2,16
上海,秋季,港城公园,1,2,9
上海,秋季,湄浦河桥边树林,1,2,17
上海,秋季,滨江公园（东岸绿道）,1,2,4
上海,秋季,环湖东三路与小桉路交叉口(浦东新区),1,2,19
上海,秋季,瑞虹新城2期,1,2,5
上海,秋季,碧海金沙烂尾楼群,1,2,23
上海,秋季,紫竹荒地（华师大咕咕鸡路线）,1,2,17
上海,秋季,老港镇东滩北林地绿地,1,2,31
上海,秋季,航头走到哪儿都算自留地,1,2,1
上海,秋季,芷江西路街道,1,2,10
上海,秋季,虹口区凉城星苑小区车站北路400弄(水电路西),1,2,8
上海,秋季,金地双都会南侧绿化带,1,2,1
上海,秋季,金山区友好村东侧林地,1,2,9
上海,秋季,金山区廊下镇友好村,1,2,23
上海,秋季,金山卫派出所,1,2,1
上海,秋季,金瀚园,1,2,20
上海,秋季,长宁区上海市天山第二中学(芙蓉江路东),1,2,4
上海,秋季,长寿公园,1,2,4
上海,秋季,闵行区海赋尚品苑(剑川路南100米),1,2,6
上海,秋季,青浦区中铁·逸都2期(青竹路西50米),1,2,12
上海,秋季,青浦区北箐园(华浦路西),1,2,13
上海,秋季,静安区芷江西路239弄小区,1,2,6
上海,秋季,飞鸟与鱼,1,2,6
上海,秋季,黑松路杨高路绿地,1,2,22
上海,秋季,5号路鱼蟹塘,1,1,23
上海,秋季,Y18-星愿公园,1,1,28
上海,秋季,一号驿站,1,1,6
上海,秋季,丁连村民公园,1,1,8
上海,秋季,七百亩(上海市青浦区),1,1,13
上海,秋季,万里城中央绿地-北区,1,1,1
上海,秋季,三好坞景观餐厅,1,1,1
上海,秋季,三桥绿地,1,1,21
上海,秋季,上元路与沪城环路交叉口,1,1,1
上海,秋季,上南公园,1,1,6
上海,秋季,上实农业园区,1,1,37
上海,秋季,上师大奉贤校区,1,1,8
上海,秋季,上海万象城,1,1,1
上海,秋季,上海东滩北八滧中心及附近,1,1,8
上海,秋季,上海中学,1,1,6
上海,秋季,上海乐高乐园度假区(乐缤路),1,1,12
上海,秋季,上海交通大学(闵行校区)涵泽湖,1,1,3
上海,秋季,上海交通大学(闵行校区)淡水河以西,1,1,2
上海,秋季,上海交通大学徐汇校区,1,1,6
上海,秋季,上海交通大学电子信息与电气工程学院,1,1,1
上海,秋季,上海交通大学附属中学闵行分校-南门,1,1,11
上海,秋季,上海交通大学附属第一人民医院,1,1,3
上海,秋季,上海化学工业区,1,1,39
上海,秋季,上海南汇中学,1,1,5
上海,秋季,上海吴淞口国际邮轮港,1,1,1
上海,秋季,上海吴淞炮台湾国家湿地森林公园,1,1,17
上海,秋季,上海吴淞炮台湾湿地森林公园,1,1,24
上海,秋季,上海大观园(青浦区金商公路701号),1,1,11
上海,秋季,上海天空之镜,1,1,12
上海,秋季,上海宝钢水库,1,1,51
上海,秋季,上海崇明东滩北八滧自然中心,1,1,19
上海,秋季,上海崇明如山酒店,1,1,16
上海,秋季,上海崇明岛,1,1,68
上海,秋季,上海崇明岛崇生生活艺术家园,1,1,12
上海,秋季,上海工程技术大学(松江校区),1,1,10
上海,秋季,上海市合庆郊野公园,1,1,15
上海,秋季,上海市奉贤区S123(浦星公路),1,1,20
上海,秋季,上海市宝山区中成智谷火车菜园,1,1,6
上海,秋季,上海市崇明区东滩,1,1,19
上海,秋季,上海市崇明区北湖湿地,1,1,23
上海,秋季,上海市延安中学,1,1,10
上海,秋季,上海市控江中学,1,1,9
上海,秋季,上海市浦东模范中学东校,1,1,1
上海,秋季,上海市滨海森林公园,1,1,22
上海,秋季,上海市第六人民医院住院部,1,1,4
上海,秋季,上海市行知中学,1,1,8
上海,秋季,上海市闵行区龙茗路,1,1,1
上海,秋季,上海市青浦区实验小学(城中校区),1,1,4
上海,秋季,上海师大新村70弄58号楼,1,1,8
上海,秋季,上海师范大学,1,1,1
上海,秋季,上海师范大学附属第二外国语学校,1,1,1
上海,秋季,上海应用技术大学水道,1,1,4
上海,秋季,上海建工二建集团有限公司(河间路),1,1,1
上海,秋季,上海戏剧学院(虹桥路校区),1,1,1
上海,秋季,上海新江湾城公园东侧500米，南北走向长条形湿地,1,1,13
上海,秋季,上海昆虫博物馆,1,1,2
上海,秋季,上海普陀市政建设养护有限公司,1,1,20
上海,秋季,上海浦东国际机场,1,1,6
上海,秋季,上海浦江郊野公园滨江漫步区,1,1,7
上海,秋季,上海海昌海洋公园(上海市银飞路166号),1,1,14
上海,秋季,上海海洋大学产学研基地,1,1,14
上海,秋季,上海滨江森林公园-东区,1,1,4
上海,秋季,上海滩花园洋房(乳山路),1,1,8
上海,秋季,上海立信会计金融学院北,1,1,5
上海,秋季,上海虹桥机场,1,1,5
上海,秋季,上海行健职业学院(原平路分校),1,1,1
上海,秋季,上海轮渡(歇浦路渡口),1,1,1
上海,秋季,上海青西郊野公园(青浦区紫莲路500号),1,1,12
上海,秋季,上海鲜花港,1,1,19
上海,秋季,上海龙腾大道龙瑞路滨江,1,1,8
上海,秋季,上生新所,1,1,4
上海,秋季,不夜城公园-不夜城绿地,1,1,1
上海,秋季,世纪公园-夏园,1,1,24
上海,秋季,世纪公园梅园,1,1,1
上海,秋季,世纪梅园西115米,1,1,18
上海,秋季,东华大学(延安路校区),1,1,10
上海,秋季,东方绿舟安全教育实训基地,1,1,5
上海,秋季,东方绿舟度假酒店(花园酒店),1,1,11
上海,秋季,东海北部海域-信天翁邮轮观鸟团,1,1,5
上海,秋季,东海大道与三三公路交叉口,1,1,9
上海,秋季,东港大道与环湖东三路交叉口,1,1,5
上海,秋季,中医药文化园,1,1,12
上海,秋季,中山公寓(上海市长宁区长宁路1277弄),1,1,7
上海,秋季,中恒河桥,1,1,6
上海,秋季,中远两湾城,1,1,15
上海,秋季,临港家园社区,1,1,1
上海,秋季,临港星空之境海绵公园,1,1,9
上海,秋季,九龙村,1,1,12
上海,秋季,二号大堤,1,1,46
上海,秋季,互联宝地,1,1,3
上海,秋季,五龙湖公园,1,1,9
上海,秋季,交通大学(闵行校区)图书馆东停车场,1,1,7
上海,秋季,交通大学(闵行校区)第三餐饮大楼,1,1,1
上海,秋季,亩中山水园,1,1,11
上海,秋季,享田园营地,1,1,12
上海,秋季,亮景公园,1,1,16
上海,秋季,仁瑞路与瑞湖路交叉口,1,1,4
上海,秋季,佳兆业·珊瑚湾,1,1,9
上海,秋季,信澜天地,1,1,11
上海,秋季,假日风景临湖轩,1,1,12
上海,秋季,假期风景99弄(闵行区畹町路99弄),1,1,1
上海,秋季,光明东滩源渔业基地(团旺北路),1,1,14
上海,秋季,共和大厦-闸北公园,1,1,13
上海,秋季,共康雅苑2期,1,1,8
上海,秋季,共青国家森林公园-万竹园,1,1,5
上海,秋季,共青国家森林公园横滨.上海友好林东南,1,1,5
上海,秋季,内江公园,1,1,1
上海,秋季,凯汇路,1,1,4
上海,秋季,劳动公园,1,1,1
上海,秋季,北八滧,1,1,19
上海,秋季,北新泾街道,1,1,6
上海,秋季,北蔡镇一六村绿地,1,1,6
上海,秋季,华东师大闵行校区,1,1,1
上海,秋季,华东师范大学第二附属中学附属初级中学(紫凤路),1,1,1
上海,秋季,华东师范大学闵行校区音乐学院(河滨路),1,1,14
上海,秋季,华东师范大学附属紫竹小学,1,1,1
上海,秋季,华亭荣园,1,1,5
上海,秋季,华夏公园,1,1,13
上海,秋季,华泾徐汇区西岸自然艺术公园(徐梅路南150米),1,1,13
上海,秋季,华理荒地,1,1,24
上海,秋季,华翔绿地公园(闵行区申昆路291号),1,1,8
上海,秋季,协和双语高级中学古北校区,1,1,16
上海,秋季,南塘村,1,1,16
上海,秋季,南汇东滩基础田,1,1,20
上海,秋季,南汇东滩魔术林,1,1,25
上海,秋季,南汇东魔术林及1号堤,1,1,31
上海,秋季,南汇嘴观海公园东北,1,1,28
上海,秋季,南汇嘴观海公园西,1,1,41
上海,秋季,南汇嘴酒店后塘,1,1,11
上海,秋季,南汇新城二环城市公园-北区,1,1,11
上海,秋季,南汇新城海滩,1,1,8
上海,秋季,南汇新城芦潮港公园,1,1,13
上海,秋季,南汇新城镇,1,1,17
上海,秋季,南汇新城镇小桉路南300米,1,1,20
上海,秋季,南汇新城镇环湖东三路东400米,1,1,18
上海,秋季,南汇新城镇黄日港调蓄湖自留地,1,1,24
上海,秋季,南汇海边农田,1,1,4
上海,秋季,南汇观海公园,1,1,5
上海,秋季,南箐园,1,1,12
上海,秋季,南门港·瀛洲公园,1,1,6
上海,秋季,南门码头西侧堤岸,1,1,1
上海,秋季,双园村(上海市金山区),1,1,14
上海,秋季,叠桥村荒地,1,1,8
上海,秋季,古楼村,1,1,6
上海,秋季,古漪园,1,1,8
上海,秋季,古猗园(上海市嘉定区沪宜公路218号),1,1,5
上海,秋季,台尚创意园,1,1,8
上海,秋季,司南鱼记,1,1,15
上海,秋季,同济大学·一二九运动场,1,1,3
上海,秋季,同润·山河小城,1,1,5
上海,秋季,同润加州,1,1,1
上海,秋季,听翠园(上海市闵行区),1,1,8
上海,秋季,周字港桥,1,1,20
上海,秋季,唐丰公园,1,1,3
上海,秋季,嘉北郊野公园-1号门,1,1,10
上海,秋季,嘉定区丰庄金沙绿地(丰庄路西50米),1,1,9
上海,秋季,嘉定区南翔镇真南路(鹤槎山峰墩烟墩),1,1,12
上海,秋季,嘉定区双河绿地(金鼎路南50米),1,1,1
上海,秋季,嘉定区江桥镇谢家村,1,1,5
上海,秋季,嘉定区浏岛野生动物重要栖息地,1,1,19
上海,秋季,嘉宝片林,1,1,10
上海,秋季,嘉松南路百家港桥,1,1,24
上海,秋季,四季全景台花苑,1,1,7
上海,秋季,四川北路公园,1,1,8
上海,秋季,四平科技公园,1,1,10
上海,秋季,四平科技公园(杨浦区四平路1777),1,1,2
上海,秋季,团结塘,1,1,36
上海,秋季,团结塘路,1,1,6
上海,秋季,围场河路与纬十一路交叉口,1,1,5
上海,秋季,城市荒野,1,1,14
上海,秋季,堤顶路与世纪塘路交叉口(上海市浦东新区),1,1,9
上海,秋季,堤顶路与海基五路交叉口,1,1,14
上海,秋季,塘桥公园,1,1,10
上海,秋季,塘桥公园-竹园绿地,1,1,12
上海,秋季,复旦大学(江湾新校区),1,1,13
上海,秋季,复旦大学(江湾校区)学生宿舍1期,1,1,12
上海,秋季,复旦大学(邯郸校区)-曦园,1,1,8
上海,秋季,复旦大学枫林校区,1,1,7
上海,秋季,夏雨厅,1,1,9
上海,秋季,外金家宅,1,1,1
上海,秋季,大上海国际花园(闵行区漕宝路1555弄),1,1,10
上海,秋季,大东浜路石湖荡江东路及斜塘江西岸,1,1,12
上海,秋季,大华行知公园,1,1,7
上海,秋季,大淀湖,1,1,24
上海,秋季,大统路芷江路口-上海站北广场,1,1,7
上海,秋季,大莲湖,1,1,30
上海,秋季,大莲湖湿地(上海市青浦区环大莲湖路),1,1,2
上海,秋季,大黄村生态园,1,1,12
上海,秋季,天山公园,1,1,2
上海,秋季,天马山公园,1,1,4
上海,秋季,天骄公寓,1,1,3
上海,秋季,太平桥公园,1,1,11
上海,秋季,太阳岛旅游度假区,1,1,5
上海,秋季,奇迹花园,1,1,14
上海,秋季,奉贤区上海佳豪游艇发展有限公司北(海坤路北),1,1,7
上海,秋季,奉贤区上海地产农业投资发展有限公司华电灰坝种植基地,1,1,19
上海,秋季,奉贤区上海正元机械制造有限公司西南(海思路南),1,1,19
上海,秋季,奉贤区上海水产养殖有限公司奉贤分部西南500米,1,1,6
上海,秋季,奉贤区上海铿仕实业有限公司东南150米(海乾路北),1,1,4
上海,秋季,奉贤区上海飞浪气垫船有限公司北100米(海坤路北),1,1,11
上海,秋季,奉贤区东方美谷大学城产业园东400米(海航路东),1,1,10
上海,秋季,奉贤区庄行镇渔沥村,1,1,24
上海,秋季,奉贤区棕榈滩海景城南300米(海棠路南),1,1,9
上海,秋季,奉贤海边风场(海马路南),1,1,19
上海,秋季,嫩江路,1,1,1
上海,秋季,安技驾校(总部直营),1,1,8
上海,秋季,官塘桥,1,1,17
上海,秋季,宝山区新顾城·博成苑西南(沪联路南),1,1,3
上海,秋季,宝山区智力公园(呼兰西路北),1,1,12
上海,秋季,宝山区月浦镇沈家桥村,1,1,5
上海,秋季,宝山区杨行镇龚家宅,1,1,17
上海,秋季,宝山区罗店镇沪太公路(美兰西湖公园),1,1,5
上海,秋季,宝山区罗泾镇花红薄家宅,1,1,15
上海,秋季,宝山区郊环隧道(吴淞炮台湾湿地森林公园),1,1,4
上海,秋季,宝钢七村小区,1,1,6
上海,秋季,宝钢水库,1,1,28
上海,秋季,家三林,1,1,3
上海,秋季,富长路绿地,1,1,8
上海,秋季,小汾泾,1,1,6
上海,秋季,尹家宅,1,1,6
上海,秋季,山深村,1,1,8
上海,秋季,崇明东平国家森林公园,1,1,7
上海,秋季,崇明东滩保护区优化区,1,1,38
上海,秋季,崇明东滩湿地区,1,1,54
上海,秋季,崇明东滩钓场,1,1,14
上海,秋季,崇明区上海崇明东滩鸟类国家级自然保护区停车场西南,1,1,10
上海,秋季,崇明区东滩鸟类国家级自然保护区东北200米,1,1,20
上海,秋季,崇明区前卫1966郊野公园(团结路西),1,1,7
上海,秋季,崇明区现代农业园区北八滧桥西150米(园区南路),1,1,26
上海,秋季,崇明区观海楼游艇码头北900米(东旺东路西),1,1,12
上海,秋季,崇明区陈家镇丁坝,1,1,12
上海,秋季,崇明区陈家镇裕南村,1,1,10
上海,秋季,崇明区陈家镇陈西十三队,1,1,20
上海,秋季,崇明区鸟调沿线,1,1,27
上海,秋季,崇明基地(上海市崇明区),1,1,11
上海,秋季,崇明岛北湖,1,1,47
上海,秋季,崇明岛老徐垂钓场,1,1,27
上海,秋季,川杨河畔,1,1,6
上海,秋季,巨萌唐老鸭,1,1,4
上海,秋季,平安银行,1,1,1
上海,秋季,广兰公园,1,1,14
上海,秋季,广南星园,1,1,3
上海,秋季,广富林遗址公园,1,1,14
上海,秋季,广富林郊野公园游客服务中心(松江区),1,1,20
上海,秋季,康桥半岛4期,1,1,7
上海,秋季,康桥文化中心,1,1,7
上海,秋季,康桥生态园,1,1,14
上海,秋季,康桥生态园-秀南绿地,1,1,20
上海,秋季,廊下生态园,1,1,7
上海,秋季,张家浜楔形绿地工程1期指挥部,1,1,5
上海,秋季,张朴村农田,1,1,1
上海,秋季,张江人工智能岛,1,1,3
上海,秋季,张马村,1,1,5
上海,秋季,徐汇区名人花苑(东区),1,1,4
上海,秋季,徐汇区康健园(冠生园路北),1,1,7
上海,秋季,徐汇区西岸自然艺术公园,1,1,12
上海,秋季,徐汇区龙华滨江休闲广场(临江路南),1,1,13
上海,秋季,徐汇滨江绿地,1,1,4
上海,秋季,徐汇滨江进木港,1,1,8
上海,秋季,徐浦大桥,1,1,1
上海,秋季,怒江小区,1,1,1
上海,秋季,思源湖,1,1,2
上海,秋季,悦读森林,1,1,1
上海,秋季,慈济,1,1,19
上海,秋季,成日新墅,1,1,23
上海,秋季,新天地东台里,1,1,2
上海,秋季,新如村,1,1,9
上海,秋季,新江湾城公园(上海市杨浦区政和路),1,1,3
上海,秋季,新江湾城生态展示馆,1,1,22
上海,秋季,新研大厦,1,1,7
上海,秋季,方塔园,1,1,9
上海,秋季,明珠湖公园,1,1,3
上海,秋季,明珠湖观鸟点,1,1,1
上海,秋季,星愿公园(上海市上海迪士尼乐园度假区内),1,1,27
上海,秋季,星扬西岸中心,1,1,10
上海,秋季,春申万科郊野绿园,1,1,4
上海,秋季,春申上海市闵行区田园外语实验小学北(春申塘桥东北),1,1,8
上海,秋季,春申景城湖畔林语,1,1,10
上海,秋季,春花秋色公园,1,1,19
上海,秋季,普陀区中华新路1140弄小区,1,1,7
上海,秋季,普陀区半马苏河公园(真北路东100米),1,1,14
上海,秋季,普陀区教育学院,1,1,4
上海,秋季,普陀区梦清园环保主题公园(清水湾路东),1,1,12
上海,秋季,普陀区真光真如·高陵集市北(高陵路东),1,1,15
上海,秋季,曹家厍路曹家厍村,1,1,36
上海,秋季,曹杨四村西区,1,1,9
上海,秋季,木渎港绿化带,1,1,4
上海,秋季,杜行渡口,1,1,9
上海,秋季,杨家宅(海塘新路),1,1,29
上海,秋季,杨浦区新江湾城清流环一路,1,1,1
上海,秋季,杨浦区杨浦滨江党群服务站杨树浦驿站(电站辅机厂站),1,1,4
上海,秋季,杨浦区船台PARK(共青路东150米),1,1,3
上海,秋季,松江一中,1,1,9
上海,秋季,松江二中,1,1,6
上海,秋季,松江区天马山射电望远镜(九江公路西),1,1,16
上海,秋季,松江区小昆山驾校(松江校区),1,1,5
上海,秋季,松江区永丰街道顺风桥,1,1,15
上海,秋季,松江大学城二期学生公寓(东华大学),1,1,11
上海,秋季,枫桦景苑(北区),1,1,4
上海,秋季,枫阳路,1,1,16
上海,秋季,柳鹭田园区,1,1,12
上海,秋季,梅赛德斯-奔驰文化中心,1,1,4
上海,秋季,梦公园(上海市闵行区桂林路907),1,1,1
上海,秋季,森兰绿地,1,1,27
上海,秋季,森兰绿地（北区二期）,1,1,17
上海,秋季,横沙新洲,1,1,63
上海,秋季,橄榄路与沪城环路交叉口,1,1,3
上海,秋季,橄榄路大草地,1,1,4
上海,秋季,武康路,1,1,1
上海,秋季,母亲林,1,1,2
上海,秋季,水库村,1,1,7
上海,秋季,永丰村十一组,1,1,13
上海,秋季,沪杭公路,1,1,1
上海,秋季,河滨东一路与机场大道交叉口,1,1,4
上海,秋季,油桥村防波堤,1,1,9
上海,秋季,泗泾刘夏河桥,1,1,4
上海,秋季,泗泾银湖,1,1,18
上海,秋季,浦东南汇东滩湿地(小桉路北),1,1,28
上海,秋季,浦东南汇东滩湿地西北(小桉路),1,1,16
上海,秋季,浦东新区三林东明公园(三林路北),1,1,12
上海,秋季,浦东新区三林路渡口(轮渡站)西北300米,1,1,19
上海,秋季,浦东新区上海临港海上风力发电有限公司西南,1,1,12
上海,秋季,浦东新区上海南汇嘴大堤酒店西北(世纪塘路北),1,1,26
上海,秋季,浦东新区上海市建平实验中学(张江校区)东南400米,1,1,3
上海,秋季,浦东新区上海市陆行中学北校(浦东北路东50米),1,1,2
上海,秋季,浦东新区上海滨江森林公园东南区游船码头西南,1,1,11
上海,秋季,浦东新区上海电力大学(临港校区),1,1,1
上海,秋季,浦东新区世纪公园疏林草坪区(花木路北),1,1,4
上海,秋季,浦东新区世纪大道(东昌路地铁站),1,1,5
上海,秋季,浦东新区世纪梅园(花木路北),1,1,8
上海,秋季,浦东新区中国(上海)自由贸易试验区临港新片区,1,1,21
上海,秋季,浦东新区中国商飞上海飞机制造有限公司南600米,1,1,20
上海,秋季,浦东新区北蔡锦绣路地铁站东南,1,1,2
上海,秋季,浦东新区华侨银行大厦(源深路东),1,1,5
上海,秋季,浦东新区南汇嘴观海公园(世纪塘路南50米),1,1,15
上海,秋季,浦东新区康桥生态园沔青公园(沔新路西150米),1,1,12
上海,秋季,浦东新区惠南东城花苑(靖海路东),1,1,6
上海,秋季,浦东新区星创科技广场,1,1,9
上海,秋季,浦东新区智选假日酒店西南800米(世纪塘路北),1,1,5
上海,秋季,浦东新区曹路镇黎明村,1,1,24
上海,秋季,浦东新区江山路芦潮港桥西南,1,1,9
上海,秋季,浦东新区港城·悦府南100米(沪城环路东),1,1,8
上海,秋季,浦东新区生境东岸,1,1,10
上海,秋季,浦东新区碧云绿地·碧云湖公园,1,1,19
上海,秋季,浦东新区祝桥镇,1,1,1
上海,秋季,浦东新区竹园绿地-张家浜,1,1,1
上海,秋季,浦东新区紫飞港桥东900米(环湖东三路东),1,1,14
上海,秋季,浦东新区耀华滨江绿地露营地(耀江路西),1,1,8
上海,秋季,浦东新区虞泽苑51弄北(鹏岳路东),1,1,15
上海,秋季,浦东新区陆家路港西南100米(夏兰路西),1,1,6
上海,秋季,浦东机场,1,1,3
上海,秋季,浦东红窑,1,1,2
上海,秋季,浦江园,1,1,5
上海,秋季,浦江揽胜,1,1,8
上海,秋季,浦江镇,1,1,10
上海,秋季,海基五路与海洋五路交叉口,1,1,1
上海,秋季,海西路,1,1,11
上海,秋季,海鸥路西周边,1,1,1
上海,秋季,淀山湖风景区,1,1,15
上海,秋季,淀浦河绿地,1,1,23
上海,秋季,淞南公园,1,1,8
上海,秋季,清环流三路,1,1,3
上海,秋季,渔人码头海堤,1,1,32
上海,秋季,源深体育中心,1,1,1
上海,秋季,滧南六队,1,1,6
上海,秋季,滨江公园,1,1,15
上海,秋季,滨江岸线观景区,1,1,1
上海,秋季,滨江森林公园,1,1,6
上海,秋季,滨江森林公园二期,1,1,11
上海,秋季,滴水湖+南汇嘴,1,1,20
上海,秋季,滴水湖儿童公园,1,1,33
上海,秋季,滴水湖公园-黄日港,1,1,4
上海,秋季,滴水湖北岛,1,1,3
上海,秋季,滴水湖馨苑,1,1,6
上海,秋季,漕河泾科技绿洲南区,1,1,4
上海,秋季,潮府馆(世纪公园店),1,1,15
上海,秋季,炮台湾湿地平台,1,1,9
上海,秋季,燎原农场,1,1,5
上海,秋季,王仙村,1,1,24
上海,秋季,环湖北三路,1,1,23
上海,秋季,留云湖,1,1,11
上海,秋季,白鹭园,1,1,10
上海,秋季,盐平路,1,1,15
上海,秋季,真新街道社区党群服务中心,1,1,7
上海,秋季,石塔庙(上海市松江区),1,1,2
上海,秋季,石湖荡镇东夏村,1,1,12
上海,秋季,碧云绿地盈动公园,1,1,2
上海,秋季,碧海金沙自留地,1,1,1
上海,秋季,碧海金沙金汇塘路,1,1,12
上海,秋季,祝桥镇祝西村2组,1,1,1
上海,秋季,竹园绿地,1,1,15
上海,秋季,竹园绿地-峨山路613号,1,1,9
上海,秋季,紫竹半岛,1,1,31
上海,秋季,紫竹半岛(东川路333弄虹梅南路路口),1,1,18
上海,秋季,紫竹半岛(寺嘴角路),1,1,14
上海,秋季,紫罗兰家苑,1,1,2
上海,秋季,绿地世纪城1期绿地世纪花园,1,1,8
上海,秋季,绿地新翔家园,1,1,2
上海,秋季,绿城兰园,1,1,12
上海,秋季,罗港园,1,1,1
上海,秋季,胜利塘,1,1,20
上海,秋季,芦花浜,1,1,9
上海,秋季,芦苇地样线,1,1,12
上海,秋季,花柏路与松萝路交叉口沿河靠近海昌,1,1,12
上海,秋季,芷江西路239弄小区,1,1,3
上海,秋季,苏州河梦清园环保主题公园(宜昌路66),1,1,15
上海,秋季,荷花垛农家乐(朱家角店),1,1,22
上海,秋季,荷风嬉鱼度假村·农家菜,1,1,21
上海,秋季,荷香路 周边,1,1,8
上海,秋季,莘庄梅园,1,1,11
上海,秋季,莘庄梅园听翠园得翠园,1,1,11
上海,秋季,袜子弄通波塘河边,1,1,1
上海,秋季,西岸自然艺术公园,1,1,9
上海,秋季,西沙明珠湖景区,1,1,6
上海,秋季,西沙明珠湖景区-西沙湿地,1,1,5
上海,秋季,西沙湿地,1,1,7
上海,秋季,西沟港,1,1,1
上海,秋季,西郊宾馆(上海市长宁区虹桥路1921号),1,1,12
上海,秋季,赤风港周边湿地,1,1,16
上海,秋季,赤风港湿地中心赤万心飞翔,1,1,1
上海,秋季,辅德里公园,1,1,1
上海,秋季,边滩,1,1,2
上海,秋季,进木港(淀浦河黄浦江口),1,1,11
上海,秋季,通波塘绿道,1,1,1
上海,秋季,通跃路绿化林,1,1,3
上海,秋季,邱移庙(上海市金山区),1,1,5
上海,秋季,都市星城,1,1,1
上海,秋季,醉白池,1,1,5
上海,秋季,金商公路,1,1,9
上海,秋季,金山亭林镇,1,1,4
上海,秋季,金山区上海骈腾建筑有限公司东南(沪杭公路南),1,1,5
上海,秋季,金山区亭林镇北庄,1,1,11
上海,秋季,金山区山阳镇沪杭公路(金山嘴渔村景区),1,1,35
上海,秋季,金山区枫泾镇双园村,1,1,11
上海,秋季,金山区枫泾镇后凫隐荡,1,1,23
上海,秋季,金山区金塘农业东北50米(漕廊公路南),1,1,7
上海,秋季,金山卫站2号停车场,1,1,6
上海,秋季,金山卫站东南(南进场路东),1,1,5
上海,秋季,金山嘴渔村景区,1,1,3
上海,秋季,金山园区站,1,1,4
上海,秋季,金山广场,1,1,17
上海,秋季,金山海滨,1,1,5
上海,秋季,金汇港码头,1,1,6
上海,秋季,金海湿地公园(浦东新区民唐路198号),1,1,11
上海,秋季,金谊河畔,1,1,10
上海,秋季,钱曹路秋眉泾交叉口农田,1,1,5
上海,秋季,锦尊体育公园,1,1,3
上海,秋季,锦绣江南1期,1,1,1
上海,秋季,镜月湖,1,1,22
上海,秋季,长兴岛骑行路线,1,1,1
上海,秋季,长宁区Bosch博世研发中心总部大楼(福泉北路西),1,1,4
上海,秋季,长宁区天山河畔花园(水城路西),1,1,9
上海,秋季,长宁区天山路(威宁路地铁站),1,1,1
上海,秋季,长宁图书馆,1,1,1
上海,秋季,长宁生态绿道,1,1,7
上海,秋季,长桥淀浦河步道,1,1,4
上海,秋季,长江村,1,1,18
上海,秋季,长江西路,1,1,1
上海,秋季,长江路与观海路交叉口,1,1,27
上海,秋季,闵行体育公园(闵行区新镇路456号),1,1,17
上海,秋季,闵行体育馆,1,1,11
上海,秋季,闵行区兰香湖贰号2期东区(江川东路北),1,1,22
上海,秋季,闵行区古美小区南(平南路南),1,1,4
上海,秋季,闵行区吴泾镇凌家塘,1,1,1
上海,秋季,闵行区建筑建材业管理所,1,1,2
上海,秋季,闵行区新安农副产品批发市场南100米(中春路西),1,1,7
上海,秋季,闵行区新时代富嘉花园(平吉路北150米),1,1,13
上海,秋季,闵行区春申绚荟城北100米(莲花南路西),1,1,8
上海,秋季,闵行区梅陇生态公园(伟业路西),1,1,8
上海,秋季,闵行区海赋尚品苑(凤庆路北),1,1,5
上海,秋季,闵行区紫竹半岛(寺嘴角路),1,1,9
上海,秋季,闵行区莘庄莘松四村(莘松路),1,1,4
上海,秋季,闵行区集心公园西北200米(莘朱路南),1,1,1
上海,秋季,闵行南部科创公园,1,1,17
上海,秋季,闵行文化公园(闵行区漕宝路2001号),1,1,2
上海,秋季,闵行科创公园(老中春路东),1,1,9
上海,秋季,闻翠园,1,1,11
上海,秋季,阳光建华城2期,1,1,1
上海,秋季,陆家嘴水环,1,1,8
上海,秋季,陈家镇,1,1,3
上海,秋季,随塘河书塘路,1,1,8
上海,秋季,随缘,1,1,1
上海,秋季,青浦区实验中学(西校区),1,1,5
上海,秋季,青浦区徐泾工业园区禄渊国际(汇龙路西),1,1,8
上海,秋季,青浦区淀山湖风景区(沪青平公路北),1,1,6
上海,秋季,青浦区练塘古镇陈云纪念馆(练汇街北),1,1,4
上海,秋季,青浦区练塘镇前湾,1,1,25
上海,秋季,青浦区练塘镇唐家草（样线1）,1,1,15
上海,秋季,青浦区金泽镇懂家浜,1,1,4
上海,秋季,青浦区青溪公园(青松路西100米),1,1,1
上海,秋季,青浦区香花桥街道曹家埭,1,1,18
上海,秋季,青西郊野,1,1,3
上海,秋季,青西郊野公园周边开放式林地,1,1,13
上海,秋季,静安区彭浦宝华国际广场(广中西路北),1,1,6
上海,秋季,静安区永和教师苑东50米(康宁路西),1,1,9
上海,秋季,静安区闸北公园(洛川东路北),1,1,10
上海,秋季,韩湘水博园,1,1,8
上海,秋季,顾村公园(上海市宝山区),1,1,31
上海,秋季,首位奥特莱斯,1,1,10
上海,秋季,马陆葡萄主题公园,1,1,14
上海,秋季,魔术林2号林,1,1,5
上海,秋季,鸟调8魔术林南线,1,1,2
上海,秋季,鸿玺郡,1,1,13
上海,秋季,鹏海绿地公园,1,1,11
上海,秋季,黄日港,1,1,1
上海,秋季,龙东公园（云天湖公园）,1,1,17
上海,秋季,龙泉港出海闸(山阳镇朱山路201号),1,1,14
上海,冬季,世纪公园,229,339,36
上海,冬季,金海湿地公园,155,176,43
上海,冬季,南汇东滩,95,147,69
上海,冬季,碧云绿地·云天湖公园,79,121,40
上海,冬季,上海植物园,78,90,29
上海,冬季,吴淞炮台湾湿地森林公园,76,83,35
上海,冬季,南汇嘴观海公园,67,75,52
上海,冬季,碧海金沙,63,83,75
上海,冬季,崇明东滩,48,49,91
上海,冬季,中山公园,43,58,17
上海,冬季,闵行区春申假日风景畹町路99弄,43,50,18
上海,冬季,上海滨江森林公园,38,44,52
上海,冬季,滴水湖,30,34,43
上海,冬季,上海植物园-3号门,28,53,38
上海,冬季,碧海金沙(奉贤区海湾旅游区海鸥路39号),27,31,42
上海,冬季,金汇港码头,27,30,23
上海,冬季,春申万科城假日风景南区,25,26,17
上海,冬季,上海崇明东滩鸟类国家级自然保护区,22,23,80
上海,冬季,东滩北八滧湿地,22,23,55
上海,冬季,崇明北湖,22,22,70
上海,冬季,浦东金海湿地公园,19,19,26
上海,冬季,大宁公园,16,24,27
上海,冬季,鹦鹉洲生态湿地,16,19,54
上海,冬季,假期风景99弄(闵行区畹町路99弄),16,16,13
上海,冬季,共青森林公园,15,20,34
上海,冬季,后滩公园,15,18,24
上海,冬季,吴淞炮台湾公园,15,18,28
上海,冬季,闵行体育公园,14,15,24
上海,冬季,炮台湾湿地,14,14,37
上海,冬季,五宅村,13,21,30
上海,冬季,星愿公园,13,13,27
上海,冬季,绥德公园,12,15,26
上海,冬季,世纪公园-7号门,12,12,22
上海,冬季,新虹桥中心花园,11,19,18
上海,冬季,奉贤小魔术林,11,14,33
上海,冬季,上海动物园,11,11,27
上海,冬季,浦东新区南汇嘴观海公园(世纪塘路北),11,11,29
上海,冬季,渔人码头,10,12,49
上海,冬季,紫竹荒地,10,11,37
上海,冬季,鸟调6基本农田线,10,11,34
上海,冬季,复旦大学江湾校区,9,16,23
上海,冬季,三三公路与世纪塘路交叉口南,9,9,25
上海,冬季,世纪公园世纪梅园(上海市浦东新区),9,9,12
上海,冬季,西沙明珠湖景区(崇明区三华公路333号),9,9,47
上海,冬季,上海交通大学(闵行校区),8,16,23
上海,冬季,小桉路,8,10,39
上海,冬季,鸟调8赤风港湿地中心北库塘,8,9,41
上海,冬季,三三公路与世纪塘路交叉口(浦东新区),8,8,28
上海,冬季,奉贤区碧海金沙(海涵路北150米),8,8,40
上海,冬季,春申万科郊野绿园,8,8,18
上海,冬季,碧海金沙金汇塘路,8,8,38
上海,冬季,金海湿地,8,8,37
上海,冬季,小桉路环湖东一路公交站,7,11,22
上海,冬季,世博后滩湿地公园,7,8,23
上海,冬季,浦东新区世纪公园(云帆桥西),7,8,17
上海,冬季,金海湿地公园(浦东新区民唐路198号),7,8,38
上海,冬季,上海植物园(徐汇区龙吴路1111号),7,7,21
上海,冬季,东滩保护区,7,7,78
上海,冬季,嘉北郊野公园,7,7,36
上海,冬季,松江洞泾百花港开放休闲林地,7,7,41
上海,冬季,鲁迅公园,6,7,14
上海,冬季,鹦鹉洲生态湿地(上海市金山区),6,7,30
上海,冬季,上海植物园-樱花林,6,6,27
上海,冬季,世博公园,6,6,27
上海,冬季,世博文化公园,6,6,28
上海,冬季,浦东新区上海滨江森林公园东南区游船码头西南,6,6,49
上海,冬季,白沙公园,6,6,20
上海,冬季,闵行区紫竹半岛及兰香湖,6,6,26
上海,冬季,上海科技大学(张江校区),5,22,24
上海,冬季,徐家汇公园,5,18,12
上海,冬季,滴水湖+南汇嘴,5,7,43
上海,冬季,西西洋淀,5,7,50
上海,冬季,上海南汇嘴大堤酒店(世纪塘路333号),5,6,12
上海,冬季,南汇嘴魔术林,5,6,37
上海,冬季,浦江郊野公园,5,6,28
上海,冬季,上海师范大学(奉贤校区),5,5,12
上海,冬季,共青国家森林公园,5,5,21
上海,冬季,北八滧,5,5,31
上海,冬季,南汇嘴观海公园(上海市浦东新区世纪塘路),5,5,38
上海,冬季,崇明岛,5,5,63
上海,冬季,顾村公园,5,5,36
上海,冬季,魔术林2号林,5,5,21
上海,冬季,鸟调10赤风港湿地中心芦苇地,5,5,34
上海,冬季,鸟调3滴水湖北线,5,5,26
上海,冬季,徐汇滨江,4,8,10
上海,冬季,上海辰山植物园,4,7,17
上海,冬季,碧云绿地·碧云湖公园,4,7,36
上海,冬季,陆家嘴中心绿地,4,6,11
上海,冬季,康桥生态园-沔青绿地,4,5,32
上海,冬季,闵行文化公园,4,5,21
上海,冬季,上海南汇嘴大堤酒店,4,4,51
上海,冬季,上海崇明岛,4,4,56
上海,冬季,上海闵行体育公园,4,4,18
上海,冬季,东滩鸟类国家级自然保护区,4,4,26
上海,冬季,华夏中路荒草地,4,4,32
上海,冬季,南汇嘴观海公园上海南汇嘴大堤酒店,4,4,18
上海,冬季,明珠湖公园,4,4,48
上海,冬季,海思路基本农田,4,4,15
上海,冬季,西沙明珠湖景区-西沙湿地,4,4,40
上海,冬季,迪士尼星愿湖,4,4,27
上海,冬季,长三角生态绿色一体化发展示范区规划展示馆,4,4,26
上海,冬季,鸟调1滩涂北线,4,4,21
上海,冬季,鸟调7魔术林线,4,4,28
上海,冬季,上海海洋大学临港校区,3,10,7
上海,冬季,宝山区上海大学(宝山校区),3,6,17
上海,冬季,丰翔智秀公园,3,5,24
上海,冬季,涟动公园,3,5,21
上海,冬季,赤风港湿地中心,3,5,33
上海,冬季,上海交通大学-植物园,3,4,14
上海,冬季,上海海事大学临港校区,3,4,23
上海,冬季,华东理工大学(徐汇区梅陇路130号),3,4,10
上海,冬季,新江湾城生态走廊,3,4,23
上海,冬季,莘庄梅园听翠园得翠园,3,4,32
上海,冬季,上实现代农业园区,3,3,34
上海,冬季,上海众磊果蔬专业合作社,3,3,39
上海,冬季,上海崇明东滩鸟类国家级自然保护区停车场(长江东路),3,3,16
上海,冬季,上海市奉贤区S123(浦星公路),3,3,12
上海,冬季,上海海湾国家森林公园,3,3,10
上海,冬季,上海野生动物园,3,3,20
上海,冬季,上海青西郊野公园,3,3,45
上海,冬季,世博文化公园双子山,3,3,9
上海,冬季,世纪公园赏梅木栈道,3,3,24
上海,冬季,南汇嘴大堤,3,3,12
上海,冬季,南汇新城城市公园,3,3,30
上海,冬季,南汇新城镇世纪塘路西200米,3,3,31
上海,冬季,南闸公园,3,3,16
上海,冬季,嘉定区绥德公园(绥德路北100米),3,3,15
上海,冬季,团结塘路,3,3,17
上海,冬季,复旦大学邯郸校区,3,3,5
上海,冬季,奉贤海湾旅游区,3,3,19
上海,冬季,崇明东滩湿地,3,3,23
上海,冬季,崇明区上海百农农业科技发展股份有限公司(观海路南),3,3,44
上海,冬季,崇明区西沙明珠湖景区正门停车场(三华公路南),3,3,40
上海,冬季,崇明岛老徐垂钓场,3,3,37
上海,冬季,松江泖港湿地,3,3,29
上海,冬季,梦清园,3,3,15
上海,冬季,浦东新区同济大学海洋科学技术研究中心南(世纪塘路),3,3,25
上海,冬季,浦江第一湾公园,3,3,20
上海,冬季,碧海金沙烂尾楼群,3,3,21
上海,冬季,芦苇地样线,3,3,19
上海,冬季,进木港,3,3,10
上海,冬季,迪斯尼星愿公园,3,3,30
上海,冬季,迪斯尼星愿湖,3,3,27
上海,冬季,鸟调9赤风港湿地中心南库塘,3,3,24
上海,冬季,康健园,2,9,17
上海,冬季,华东理工大学,2,8,19
上海,冬季,延中广场公园,2,8,13
上海,冬季,金桥公园,2,8,11
上海,冬季,通波塘河边绿化带,2,7,16
上海,冬季,张江汤臣豪园,2,6,12
上海,冬季,上海汽车博览公园,2,5,15
上海,冬季,叶家花园,2,5,13
上海,冬季,堤顶路与东港大道交叉口,2,5,28
上海,冬季,闸北公园,2,5,10
上海,冬季,上海外国语大学(松江校区),2,4,20
上海,冬季,上科大西侧绿地,2,4,17
上海,冬季,外滩,2,4,10
上海,冬季,上海浦江第一湾公园,2,3,12
上海,冬季,上海陆家嘴滨江大道,2,3,14
上海,冬季,东港大道与环湖东三路交叉口,2,3,23
上海,冬季,前滩休闲公园,2,3,23
上海,冬季,华东师范大学（闵行校区）,2,3,18
上海,冬季,延中绿地,2,3,4
上海,冬季,汤臣高尔夫别墅,2,3,11
上海,冬季,滨江漫步区(浦星公路上海浦江郊野公园内),2,3,14
上海,冬季,秋霞圃,2,3,10
上海,冬季,罗泾水源涵养林,2,3,40
上海,冬季,莘庄梅园,2,3,21
上海,冬季,辅德里公园,2,3,6
上海,冬季,黄日港调蓄湖,2,3,34
上海,冬季,5号路南北区域,2,2,19
上海,冬季,一号坝,2,2,29
上海,冬季,上海世博文化公园,2,2,24
上海,冬季,上海东滩北八滧中心及附近,2,2,40
上海,冬季,上海临港海上风力发电有限公司西(东港大道),2,2,16
上海,冬季,上海交通大学(闵行校区)蔷薇园,2,2,9
上海,冬季,上海南汇嘴公园停车场,2,2,41
上海,冬季,上海天空之镜,2,2,8
上海,冬季,上海崇明东滩北八滧自然中心,2,2,26
上海,冬季,上海崇明东滩鸟类国家级自然保护区停车场,2,2,43
上海,冬季,上海市崇明区北湖湿地,2,2,16
上海,冬季,上海应用技术大学(奉贤校区),2,2,18
上海,冬季,上海星愿湖公园,2,2,23
上海,冬季,上海海事大学(临港校区),2,2,20
上海,冬季,上海海洋大学,2,2,27
上海,冬季,世纪公园观鸟台,2,2,18
上海,冬季,世纪公园镜天湖,2,2,9
上海,冬季,东佘山,2,2,7
上海,冬季,东滩湿地公园,2,2,40
上海,冬季,丰收村,2,2,21
上海,冬季,临港城市公园,2,2,15
上海,冬季,佘山国家森林公园,2,2,4
上海,冬季,半马苏河公园,2,2,9
上海,冬季,华东理工大学(奉贤校区),2,2,16
上海,冬季,南汇东日湿地,2,2,9
上海,冬季,南汇新城镇东港大道南,2,2,39
上海,冬季,南汇新城镇小桉路南300米,2,2,11
上海,冬季,南汇观海公园,2,2,23
上海,冬季,古猗园,2,2,12
上海,冬季,和平公园,2,2,8
上海,冬季,嘉定区嘉北郊野公园彭门湿地南100米(彭门支路南),2,2,22
上海,冬季,嘉松中路沈砖公路(洞泾地铁站),2,2,6
上海,冬季,奉贤区南桥镇王家弄,2,2,32
上海,冬季,奉贤区小基本农田,2,2,11
上海,冬季,奉贤区碧海金沙(海涵路北200米),2,2,64
上海,冬季,奉贤区碧海金沙(海涵路南400米),2,2,57
上海,冬季,奉贤小芦苇荡,2,2,6
上海,冬季,崇明区东滩鸟类国家级自然保护区北1000米,2,2,36
上海,冬季,广富林遗址公园,2,2,7
上海,冬季,广富林郊野公园,2,2,12
上海,冬季,星愿公园(上海市上海迪士尼乐园度假区内),2,2,26
上海,冬季,春光公园,2,2,11
上海,冬季,普陀区桃浦镇沪嘉高速公路,2,2,11
上海,冬季,朱泾镇秀洲村开放休闲林,2,2,14
上海,冬季,李白等十二烈士就义纪念地,2,2,15
上海,冬季,杨树浦电厂遗迹公园,2,2,14
上海,冬季,松江区石塔庙,2,2,45
上海,冬季,桃浦中央绿地（沪嘉高速至常和路）,2,2,12
上海,冬季,梅陇生态公园,2,2,17
上海,冬季,浦东新区上海临港建筑渣土消纳场所西(环湖北一路南),2,2,16
上海,冬季,浦东新区世纪公园(玉珠桥北),2,2,16
上海,冬季,浦东新区世纪公园(风荷桥北),2,2,24
上海,冬季,浦东新区南汇新城镇,2,2,16
上海,冬季,浦东新区堤顶路与东港大道交叉口北,2,2,6
上海,冬季,浦东新区金海钓场北300米(紫雅路西),2,2,19
上海,冬季,海湾寝园,2,2,9
上海,冬季,海湾镇沿岸,2,2,62
上海,冬季,渔人码头(上海市奉贤区海鸥路),2,2,6
上海,冬季,渔人码头南,2,2,17
上海,冬季,滨江森林公园,2,2,24
上海,冬季,滨江森林公园二期,2,2,19
上海,冬季,滴水湖观海公园烧烤基地,2,2,15
上海,冬季,燎鱼村(上海市奉贤区),2,2,18
上海,冬季,环湖东三路与小桉路交叉口,2,2,30
上海,冬季,碧海金沙周边,2,2,38
上海,冬季,耀华滨江绿地,2,2,17
上海,冬季,西沙明珠湖景区,2,2,39
上海,冬季,西郊宾馆,2,2,14
上海,冬季,迪士尼星愿公园,2,2,34
上海,冬季,金汇塘桥,2,2,13
上海,冬季,银翔湖公园(上海市嘉定区),2,2,8
上海,冬季,长宁外环生态绿道,2,2,11
上海,冬季,闵行区上海浦江郊野公园滨江漫步区(闲云路北),2,2,14
上海,冬季,鸟调4滴水湖南线,2,2,20
上海,冬季,（外围）崇明东滩鸟类国家级自然保护区,2,2,66
上海,冬季,上海交通大学(闵行校区)北区博士生公寓,1,27,7
上海,冬季,徐汇万科中心,1,21,14
上海,冬季,嘉定区南翔和平小区(和平街),1,12,6
上海,冬季,上海大学附属嘉定高级中学,1,11,9
上海,冬季,嘉定区上隽嘉苑东区东北(云安路东),1,11,16
上海,冬季,市教师教育学院,1,8,9
上海,冬季,金龙新村,1,8,8
上海,冬季,卫星港绿道,1,7,8
上海,冬季,大宁公园(上海市静安区广中西路288号),1,7,17
上海,冬季,黑松路杨高路绿地,1,7,21
上海,冬季,松江区九龙仓兰宫(谷阳北路东200米),1,6,14
上海,冬季,浦东新区中洲珑悦(丰海路),1,6,9
上海,冬季,上海图书馆,1,5,3
上海,冬季,枫泾镇界河弄,1,5,10
上海,冬季,陕西北路,1,5,9
上海,冬季,高东生态园,1,5,7
上海,冬季,上海市嘉定一中,1,4,7
上海,冬季,南竹港,1,4,23
上海,冬季,徐汇区上海师范大学(徐汇校区)西部,1,4,6
上海,冬季,金悦华庭,1,4,7
上海,冬季,银秋路河道,1,4,15
上海,冬季,上海应用技术大学池塘,1,3,11
上海,冬季,北干庄头,1,3,42
上海,冬季,华东理工大学(奉贤校区)-西门,1,3,24
上海,冬季,后滩区域,1,3,28
上海,冬季,复旦大学附属中学,1,3,2
上海,冬季,奉贤中学,1,3,16
上海,冬季,新梅绿岛苑,1,3,10
上海,冬季,泾溪路藕塘,1,3,16
上海,冬季,盈湖三岛,1,3,18
上海,冬季,西虬江：嘉云苑—曹杨中学,1,3,4
上海,冬季,钱曹路秋眉泾交叉口农田,1,3,17
上海,冬季,长宁生态绿道,1,3,12
上海,冬季,陶氏化学有限公司(上海市浦东新区),1,3,18
上海,冬季,三林滨江城市森林,1,2,21
上海,冬季,上海中医药大学,1,2,4
上海,冬季,上海交通大学(闵行校区)-李政道图书馆,1,2,9
上海,冬季,上海南汇东滩湿地,1,2,52
上海,冬季,上海市徐汇区钦州南路10号,1,2,12
上海,冬季,上海市莘庄中学,1,2,13
上海,冬季,上海市闵行中学,1,2,10
上海,冬季,上海应用技术大学植物园,1,2,7
上海,冬季,上海理工大学,1,2,14
上海,冬季,东旺沙港以西区域,1,2,23
上海,冬季,中恒河桥,1,2,7
上海,冬季,中洲华庭,1,2,9
上海,冬季,公园宾馆,1,2,19
上海,冬季,前京大道,1,2,28
上海,冬季,古棕路,1,2,21
上海,冬季,古浪路与玉门路交叉口北侧草地,1,2,2
上海,冬季,大黄村公园,1,2,30
上海,冬季,广源驾校培训基地,1,2,3
上海,冬季,张家浜南岸,1,2,8
上海,冬季,张衡公园,1,2,13
上海,冬季,徐汇区GateM西岸梦中心(龙腾大道东),1,2,9
上海,冬季,杨盛公园,1,2,26
上海,冬季,松江区外下洋路,1,2,30
上海,冬季,梦清园环保主题公园,1,2,14
上海,冬季,森兰绿地（北区二期）,1,2,10
上海,冬季,水景书香园,1,2,2
上海,冬季,汤巷体育公园,1,2,24
上海,冬季,泰晤士小镇,1,2,9
上海,冬季,百欧欢有机生态农场,1,2,16
上海,冬季,盖瑞特动力科技(上海)有限公司,1,2,2
上海,冬季,真源居住小区(上海市普陀区),1,2,4
上海,冬季,紫气东来公园,1,2,27
上海,冬季,航头走到哪儿都算自留地,1,2,1
上海,冬季,衡山公园,1,2,6
上海,冬季,许家村(上海市金山区),1,2,16
上海,冬季,锦绣文化公园,1,2,12
上海,冬季,长宁区虹康花苑三期(泉口路南100米),1,2,13
上海,冬季,闵行区莘庄邻里苑西北(莘东路南),1,2,2
上海,冬季,闵行区金铭福邸(瑞丽路东150米),1,2,3
上海,冬季,随塘河书塘路,1,2,16
上海,冬季,青浦区新青浦世纪苑南区西南(漕穗南路北),1,2,13
上海,冬季,鸟调7魔术林北线,1,2,1
上海,冬季,鸟调8魔术林南线,1,2,1
上海,冬季,5号路鱼蟹塘,1,1,13
上海,冬季,G1501便道与七甲港路交叉口,1,1,21
上海,冬季,SecondTeamofLubeiVillageLuJiazhaiAcademytownPudongNewArea,1,1,3
上海,冬季,一号驿站,1,1,2
上海,冬季,七五一试验基地,1,1,25
上海,冬季,三三公路近堤顶路,1,1,28
上海,冬季,三岛龙洲苑(金山区蒙山路1498号),1,1,14
上海,冬季,三林村,1,1,3
上海,冬季,三棵松区域,1,1,1
上海,冬季,三湘世纪花城(西区),1,1,1
上海,冬季,三甲港,1,1,23
上海,冬季,上师大奉贤校区,1,1,10
上海,冬季,上海临港新科园(西区),1,1,9
上海,冬季,上海交通大学附属中学闵行分校-南门,1,1,8
上海,冬季,上海人民广场,1,1,5
上海,冬季,上海佘山国家森林公园天马山园,1,1,13
上海,冬季,上海南汇大堤,1,1,9
上海,冬季,上海南汇湿地虾塘,1,1,15
上海,冬季,上海图书馆(东馆),1,1,1
上海,冬季,上海宝钢水库,1,1,42
上海,冬季,上海市嘉北郊野公园,1,1,25
上海,冬季,上海市实验学校东滩高级中学,1,1,12
上海,冬季,上海市崇明区东滩,1,1,51
上海,冬季,上海市崇明区新海镇,1,1,33
上海,冬季,上海市建平中学西校(大唐校区),1,1,1
上海,冬季,上海市杨浦区军工路,1,1,1
上海,冬季,上海市浦东新区X601(锦绣路),1,1,20
上海,冬季,上海市浦东新区书院镇棉场村民委员会,1,1,1
上海,冬季,上海市浦东新区花木街道,1,1,20
上海,冬季,上海市滨海森林公园,1,1,19
上海,冬季,上海市金山区人民政府,1,1,15
上海,冬季,上海市阳光康复中心,1,1,6
上海,冬季,上海师范大学附属杨浦滨江实验小学,1,1,6
上海,冬季,上海应用技术大学(奉贤校区)东门车站,1,1,7
上海,冬季,上海春城,1,1,6
上海,冬季,上海植物园植物大楼,1,1,20
上海,冬季,上海港复兴船务公司复兴岛基地,1,1,8
上海,冬季,上海滨江森林公园-东区,1,1,9
上海,冬季,上海科技大学(岳阳路校区),1,1,4
上海,冬季,上海科技大学张江校区,1,1,23
上海,冬季,上海视觉艺术学院教学楼,1,1,9
上海,冬季,上科大周边绿地,1,1,2
上海,冬季,世博公园-2号门,1,1,23
上海,冬季,世纪公园一尺花园,1,1,19
上海,冬季,世纪塘路,1,1,19
上海,冬季,世纪塘路交叉口与三三公路交叉口附近,1,1,8
上海,冬季,业煌路-658号楼,1,1,1
上海,冬季,东平国家森林公园,1,1,30
上海,冬季,东滩湿地公园停车场,1,1,15
上海,冬季,东滩湿地公园北,1,1,26
上海,冬季,东陆路,1,1,2
上海,冬季,中兴镇富圩村自然中心,1,1,9
上海,冬季,中央公园,1,1,10
上海,冬季,中山公园-3号门,1,1,7
上海,冬季,中山北路地铁站(大统路),1,1,4
上海,冬季,中建六局101项目部,1,1,18
上海,冬季,中海紫御豪庭-半马公园,1,1,23
上海,冬季,中环国际公寓3期,1,1,6
上海,冬季,临港星空之境海绵公园,1,1,3
上海,冬季,九棵树(上海)未来艺术中心,1,1,1
上海,冬季,九科绿洲,1,1,24
上海,冬季,九龙村,1,1,7
上海,冬季,书院镇,1,1,5
上海,冬季,云湖漫城,1,1,9
上海,冬季,五光广告打印店(复旦大学零号楼店),1,1,4
上海,冬季,交通大学(闵行校区)第三餐饮大楼,1,1,11
上海,冬季,人民公园(上海市黄浦区南京西路231号),1,1,10
上海,冬季,佘山国家森林公园西佘山园,1,1,1
上海,冬季,共富新村站-泰和水生态公园,1,1,17
上海,冬季,共青森林公园观鸟长廊,1,1,1
上海,冬季,其昌栈码头,1,1,2
上海,冬季,刘夏路,1,1,16
上海,冬季,前哨农场[公交站],1,1,16
上海,冬季,前滩友城公园,1,1,8
上海,冬季,勤俭村,1,1,8
上海,冬季,北外滩滨江绿地,1,1,4
上海,冬季,华府海景(上海市金山区杭州湾大道88号),1,1,4
上海,冬季,南汇世纪塘路,1,1,20
上海,冬季,南汇世纪塘路魔术林,1,1,19
上海,冬季,南汇嘴至东滩湿地,1,1,42
上海,冬季,南汇嘴观海公园西,1,1,32
上海,冬季,南汇新城春花秋色公园,1,1,8
上海,冬季,南汇新城镇,1,1,7
上海,冬季,南汇新城镇世纪塘路西300米,1,1,20
上海,冬季,南汇新城镇环湖东三路北400米,1,1,9
上海,冬季,南汇湿地,1,1,31
上海,冬季,南汇驾校北农田,1,1,8
上海,冬季,南门港·瀛洲公园,1,1,7
上海,冬季,双山小区,1,1,4
上海,冬季,叠翠园,1,1,13
上海,冬季,古北新城,1,1,12
上海,冬季,古岗路与浦卫公路交叉口,1,1,1
上海,冬季,古美公园,1,1,18
上海,冬季,合川路,1,1,13
上海,冬季,同济大学(嘉定校区),1,1,13
上海,冬季,同济大学(四平路校区),1,1,7
上海,冬季,同济大学-西苑饮食广场,1,1,1
上海,冬季,吴淞江鸟类栖息地,1,1,26
上海,冬季,嘉定区万科安亭新镇(安礼路北),1,1,18
上海,冬季,嘉定区浏岛野生动物重要栖息地,1,1,8
上海,冬季,嘉定镇汇龙潭公园(博乐路),1,1,18
上海,冬季,嘉宝·梦之湾,1,1,16
上海,冬季,四团镇,1,1,15
上海,冬季,城市荒野,1,1,21
上海,冬季,堤顶路与世纪塘路交叉口(上海市浦东新区),1,1,6
上海,冬季,复兴公园,1,1,2
上海,冬季,复兴公园(上海市黄浦区皋兰路2号甲),1,1,1
上海,冬季,复旦大学(邯郸校区),1,1,9
上海,冬季,复旦大学枫林校区,1,1,6
上海,冬季,天山公园,1,1,5
上海,冬季,天骄公寓,1,1,1
上海,冬季,奉贤区海湾镇燎鱼村,1,1,29
上海,冬季,奉贤区碧海金沙(海棠路南300米),1,1,19
上海,冬季,奉贤区碧海金沙水上乐园(海涵路南),1,1,8
上海,冬季,奉贤区绿地·香颂西南200米(海乐路西),1,1,13
上海,冬季,奉贤碧海金沙,1,1,17
上海,冬季,姚渔港,1,1,7
上海,冬季,安东小区,1,1,1
上海,冬季,宋庆龄陵园,1,1,10
上海,冬季,宝安公路地铁站(蕰川公路西)-共富新村站,1,1,23
上海,冬季,宝山罗泾江边湿地观鸟点,1,1,23
上海,冬季,宝钢水库,1,1,31
上海,冬季,小桉路农田,1,1,7
上海,冬季,小苏宅水芹地,1,1,18
上海,冬季,岑卜村至东西村,1,1,15
上海,冬季,崇明东滩保护区优化区,1,1,11
上海,冬季,崇明区上海东滩物业管理有限公司西南(崇旺路东),1,1,17
上海,冬季,崇明区上海前哨标准化水产养殖二场东300米,1,1,16
上海,冬季,崇明区上海前哨标准化水产养殖二场西北(园区南路北),1,1,27
上海,冬季,崇明区东平镇大夹洪,1,1,27
上海,冬季,崇明区东滩湿地,1,1,16
上海,冬季,崇明区东滩鸟类国家级自然保护区东北200米,1,1,25
上海,冬季,崇明基地(上海市崇明区),1,1,27
上海,冬季,崇明岛上实农业园区,1,1,6
上海,冬季,崇明岛北湖,1,1,27
上海,冬季,广场公园,1,1,1
上海,冬季,康桥镇,1,1,20
上海,冬季,廊下友好村东侧林地,1,1,11
上海,冬季,廊下友好村东侧林湿地,1,1,21
上海,冬季,廊下友好村西侧农林湿地,1,1,17
上海,冬季,廊下友好村西侧林地,1,1,14
上海,冬季,廊下友好村调研对照组,1,1,11
上海,冬季,延中公园,1,1,3
上海,冬季,张江润和国际总部园,1,1,3
上海,冬季,归去来栖自然中心(上海市崇明区),1,1,6
上海,冬季,御上海,1,1,2
上海,冬季,思源湖,1,1,1
上海,冬季,惠南走到哪儿都算自留地,1,1,1
上海,冬季,新江湾湿地生态观鸟拍鸟基地,1,1,6
上海,冬季,新泥路新三一组,1,1,12
上海,冬季,方塔园,1,1,9
上海,冬季,星愿湖,1,1,21
上海,冬季,春申万科假日风景,1,1,6
上海,冬季,春申万科假日风景畹町路99弄A,1,1,20
上海,冬季,春申景城湖畔林语,1,1,1
上海,冬季,普陀区半马苏河公园(真北路东100米),1,1,8
上海,冬季,普陀区半马苏河公园(真北路东50米),1,1,11
上海,冬季,普陀区长寿公园(西康路北100米),1,1,8
上海,冬季,智创壹佰+康鹏生命科技产业园,1,1,1
上海,冬季,曲阳公园,1,1,7
上海,冬季,曹家厍路曹家厍村,1,1,37
上海,冬季,望江驿,1,1,13
上海,冬季,杨树浦电厂遗址公园,1,1,15
上海,冬季,杨浦大桥,1,1,2
上海,冬季,松江二中,1,1,3
上海,冬季,松江区天马山公园(佘天昆公路北400米),1,1,12
上海,冬季,松江区新桥沿海·丽水馨庭1期(明中路北50米),1,1,6
上海,冬季,松江区联民桥北100米(茶苔路东),1,1,8
上海,冬季,柘林镇,1,1,1
上海,冬季,柳园公园,1,1,2
上海,冬季,桂江支路与桂江路交叉口,1,1,7
上海,冬季,桃浦中央绿地A区,1,1,4
上海,冬季,森兰绿地,1,1,12
上海,冬季,横沙东滩串沟,1,1,20
上海,冬季,横沙岛,1,1,36
上海,冬季,汇成南街里,1,1,1
上海,冬季,江浦公园,1,1,3
上海,冬季,沿北公园,1,1,14
上海,冬季,洋泾港休闲广场,1,1,15
上海,冬季,洋浜,1,1,26
上海,冬季,浦东南汇东滩湿地,1,1,29
上海,冬季,浦东新区南汇嘴观海公园(世纪塘路西),1,1,26
上海,冬季,浦东新区南汇新城镇东日,1,1,53
上海,冬季,浦东新区梧桐人家金枫区(忘忧路西),1,1,13
上海,冬季,浦东新区碧云体育公园(杨高中路南),1,1,2
上海,冬季,浦东新区碧云绿地·碧云湖公园,1,1,30
上海,冬季,浦东新区祝桥镇,1,1,1
上海,冬季,浦东新区金桥佳虹小区西北50米(佳乐路南),1,1,6
上海,冬季,浦东新区金海湿地公园沙滩西150米(外环高速东),1,1,1
上海,冬季,浦东新区金海湿地公园西300米(外环高速公路西),1,1,11
上海,冬季,浦东牡丹园,1,1,3
上海,冬季,浦东足球场,1,1,6
上海,冬季,海上名邸(桂林东街28弄1-21号),1,1,1
上海,冬季,海坤路草坪,1,1,5
上海,冬季,海湾旅游区,1,1,20
上海,冬季,海航路与海坤路交叉口,1,1,8
上海,冬季,海鸥路西周边,1,1,2
上海,冬季,清涧公园,1,1,11
上海,冬季,渔人码头海堤,1,1,37
上海,冬季,港口渡口,1,1,6
上海,冬季,湄浦河桥边树林,1,1,14
上海,冬季,湾谷科技园,1,1,1
上海,冬季,滨江绿道-望江驿13号驿站,1,1,24
上海,冬季,滨江茗园,1,1,7
上海,冬季,滴水湖-南汇嘴观海-东滩-小桉路北芦苇地,1,1,34
上海,冬季,滴水湖一号码头,1,1,21
上海,冬季,滴水湖公园-黄日港,1,1,3
上海,冬季,滴水湖北岛,1,1,12
上海,冬季,滴水湖北线,1,1,23
上海,冬季,滴水湖地铁站,1,1,10
上海,冬季,澜沧路与畹町路交叉口,1,1,4
上海,冬季,瀛东生态村东湖景区,1,1,13
上海,冬季,生态保育区-观景台,1,1,27
上海,冬季,留云湖,1,1,9
上海,冬季,石塔庙,1,1,5
上海,冬季,碧云绿地盈动公园,1,1,23
上海,冬季,碧海金沙水上乐园,1,1,28
上海,冬季,福泉路450弄小区,1,1,4
上海,冬季,竹博园科谱基地,1,1,1
上海,冬季,米市渡松南郊野公园,1,1,13
上海,冬季,米市渡郊野公园,1,1,22
上海,冬季,紫竹半岛(寺嘴角路),1,1,5
上海,冬季,绥芬河路,1,1,5
上海,冬季,绿城兰园,1,1,8
上海,冬季,老港镇东滩北林地绿地,1,1,29
上海,冬季,花开海上生态园,1,1,6
上海,冬季,花柏路与松萝路交叉口沿河靠近海昌,1,1,8
上海,冬季,莘庄公园,1,1,6
上海,冬季,莫可莫克,1,1,10
上海,冬季,董李凤美康健学校,1,1,1
上海,冬季,蝶语园,1,1,6
上海,冬季,行知实验中学,1,1,1
上海,冬季,西岸自然艺术公园,1,1,3
上海,冬季,西康公园,1,1,2
上海,冬季,西康路桥,1,1,1
上海,冬季,西沙明珠湖景区-明珠湖公园,1,1,22
上海,冬季,西沙湿地,1,1,11
上海,冬季,赤峰刚测试AA1,1,1,1
上海,冬季,赤风港,1,1,29
上海,冬季,赤风港中心线,1,1,2
上海,冬季,赤风港库塘线,1,1,1
上海,冬季,达安花园,1,1,7
上海,冬季,逸仙公园,1,1,10
上海,冬季,金展路,1,1,2
上海,冬季,金山区林业三防中心(上海市),1,1,30
上海,冬季,金山区汇龙湖公园(龙翔路),1,1,8
上海,冬季,金山卫站,1,1,5
上海,冬季,金山城市沙滩景区,1,1,7
上海,冬季,金山城市沙滩景区上海金山水上机场东南,1,1,1
上海,冬季,金山枫泾白牛塘,1,1,16
上海,冬季,金山边滩新大堤,1,1,21
上海,冬季,金水湖景观绿地,1,1,11
上海,冬季,金海湿地公园上海浦东新区联明美术馆西北(外环高速),1,1,6
上海,冬季,金湖路徐李村[公交站],1,1,5
上海,冬季,金瀚园,1,1,8
上海,冬季,钟贾山,1,1,11
上海,冬季,锦尊公园,1,1,13
上海,冬季,镜月湖,1,1,7
上海,冬季,长宁区天山河畔花园(水城路西),1,1,14
上海,冬季,长风公园,1,1,6
上海,冬季,闵行体育公园(闵行区新镇路456号),1,1,16
上海,冬季,闵行体育公园(顾戴路北50米),1,1,14
上海,冬季,闵行体育公园湖边小森林,1,1,20
上海,冬季,闵行区初心驿·陇上行党群服务站(闵虹路南),1,1,14
上海,冬季,闵行区春申万科假日风景南(都庄路西),1,1,11
上海,冬季,闵行区春申暖蜂友巢·金盛商业广场北(澜沧路南),1,1,19
上海,冬季,闵行区马桥镇望海村,1,1,21
上海,冬季,闻翠园,1,1,9
上海,冬季,陆家嘴中心绿地-中心湖,1,1,5
上海,冬季,陆家嘴滨江金融城,1,1,1
上海,冬季,陶家湾休闲农庄(闵行区永南路2018号),1,1,6
上海,冬季,雅居乐废弃高尔夫球场,1,1,20
上海,冬季,雨蛙生态农场,1,1,4
上海,冬季,霸河,1,1,19
上海,冬季,青浦区中铁·逸都2期(青竹路西50米),1,1,10
上海,冬季,青浦区赵巷镇庵墩泾,1,1,13
上海,冬季,青浦春暖绿地公园,1,1,20
上海,冬季,青青旅游世界,1,1,14
上海,冬季,静安区岭南公园(汾西路北),1,1,9
上海,冬季,静安雕塑公园,1,1,4
上海,冬季,鞍山四村第一小区,1,1,1
上海,冬季,顾村公园(上海市宝山区),1,1,38
上海,冬季,魔术林,1,1,13
上海,冬季,魔术林北线,1,1,2
上海,冬季,魔术林南线,1,1,1
上海,冬季,鸟调10赤风港中心线,1,1,1
上海,冬季,鸟调10赤风港南线,1,1,1
上海,冬季,鸟调1新滩涂北线,1,1,1
上海,冬季,鸟调2滩涂南线,1,1,29
上海,冬季,鸟调5东日线,1,1,45
上海,冬季,鸟调5新东日线,1,1,1
上海,冬季,鸟调9赤风港北线,1,1,1
上海,冬季,鸟调9赤风港库塘线,1,1,1
上海,冬季,黄兴公园,1,1,14
上海,冬季,黄家花园,1,1,11
上海,冬季,黄浦码头,1,1,6
上海,冬季,黎安公园,1,1,1
上海,冬季,龙华寺,1,1,1
上海,冬季,龙泉港出海闸,1,1,19
上海,8月,南汇东滩,89,151,56
上海,8月,上海滨江森林公园,33,36,32
上海,8月,中山公园,28,43,15
上海,8月,世纪公园,24,44,22
上海,8月,南汇嘴观海公园,16,17,41
上海,8月,绥德公园,15,15,21
上海,8月,小桉路,14,14,33
上海,8月,金海湿地公园,13,16,22
上海,8月,后滩公园,10,13,19
上海,8月,渔人码头,10,13,22
上海,8月,吴淞炮台湾湿地森林公园,10,12,26
上海,8月,闵行体育公园,10,11,17
上海,8月,崇明东滩,8,19,37
上海,8月,世博后滩湿地公园,8,9,22
上海,8月,上海海湾国家森林公园,8,8,39
上海,8月,鸟调6基本农田线,8,8,25
上海,8月,上海植物园,7,8,21
上海,8月,上海崇明东滩鸟类国家级自然保护区,7,7,43
上海,8月,鹦鹉洲生态湿地,6,7,26
上海,8月,小桉路农田,6,6,17
上海,8月,大宁公园,5,18,20
上海,8月,堤顶路与东港大道交叉口,5,6,53
上海,8月,上海青西郊野公园,5,5,28
上海,8月,罗泾水源涵养林,5,5,47
上海,8月,共青森林公园,4,11,23
上海,8月,滴水湖,4,7,18
上海,8月,碧云绿地·云天湖公园,4,6,24
上海,8月,东滩保护区,4,5,30
上海,8月,东港大道与堤顶路交叉口,4,4,24
上海,8月,南汇东日湿地,4,4,25
上海,8月,南汇新城镇东港大道南300米,4,4,18
上海,8月,奉贤小魔术林,4,4,14
上海,8月,春光公园,4,4,10
上海,8月,鸟调2滩涂南线,4,4,15
上海,8月,上海科技大学(张江校区),3,7,12
上海,8月,金山边滩新大堤,3,5,28
上海,8月,上海动物园,3,4,14
上海,8月,世纪公园-7号门,3,4,18
上海,8月,三甲港,3,3,21
上海,8月,佘山国家森林公园天马山园,3,3,31
上海,8月,南汇嘴大堤,3,3,23
上海,8月,广富林郊野公园,3,3,21
上海,8月,梦清园,3,3,11
上海,8月,浦东新区同济大学海洋科学技术研究中心南(世纪塘路),3,3,19
上海,8月,碧海金沙,3,3,25
上海,8月,进木港,3,3,15
上海,8月,静安雕塑公园,3,3,7
上海,8月,鹦鹉洲生态湿地(上海市金山区),3,3,27
上海,8月,大宁公园(上海市静安区广中西路288号),2,13,13
上海,8月,北干庄头,2,4,32
上海,8月,南汇新城镇小桉路北200米,2,4,22
上海,8月,西西洋淀,2,4,32
上海,8月,上海植物园-3号门,2,3,24
上海,8月,上海汽车博览公园,2,3,12
上海,8月,张衡公园,2,3,5
上海,8月,港口渡口,2,3,11
上海,8月,金山城市沙滩景区,2,3,14
上海,8月,鸟调7魔术林线,2,3,26
上海,8月,一号坝,2,2,11
上海,8月,上海植物园(徐汇区龙吴路1111号),2,2,12
上海,8月,上海海洋大学临港校区,2,2,8
上海,8月,上海辰山植物园,2,2,21
上海,8月,世博公园,2,2,17
上海,8月,世纪公园镜天湖,2,2,12
上海,8月,兰香湖,2,2,23
上海,8月,共青国家森林公园,2,2,19
上海,8月,华东师范大学（闵行校区）,2,2,12
上海,8月,南汇嘴魔术林,2,2,40
上海,8月,南汇新城镇世纪塘路芦苇荡,2,2,16
上海,8月,南汇新城镇东港大道南,2,2,28
上海,8月,南汇魔术林,2,2,5
上海,8月,堤顶路,2,2,10
上海,8月,崇明区上海崇明东滩鸟类国家级自然保护区停车场西南,2,2,16
上海,8月,新江湾城公园,2,2,23
上海,8月,普陀区桃浦镇沪嘉高速公路,2,2,6
上海,8月,望江驿,2,2,9
上海,8月,浦东新区南汇嘴观海公园(世纪塘路北),2,2,18
上海,8月,浦东新区滨江森林公园1号门(随塘公路北),2,2,12
上海,8月,浦江镇,2,2,6
上海,8月,海湾镇沿岸,2,2,48
上海,8月,渔人码头(上海市奉贤区海鸥路),2,2,19
上海,8月,秋霞圃,2,2,5
上海,8月,芦苇地样线,2,2,11
上海,8月,苏州河梦清园环保主题公园(宜昌路66),2,2,7
上海,8月,赤风港,2,2,21
上海,8月,赵家沟秀林公园,2,2,13
上海,8月,辰山植物园,2,2,24
上海,8月,迪斯尼星愿公园,2,2,24
上海,8月,长风公园,2,2,7
上海,8月,闵行区紫竹半岛及兰香湖,2,2,12
上海,8月,闵行文化公园,2,2,18
上海,8月,上海植物园植物大楼,1,21,20
上海,8月,金龙新村,1,18,6
上海,8月,上海市浦东新区惠南镇人民政府(城西路东),1,13,9
上海,8月,徐汇万科中心,1,11,12
上海,8月,盈湖三岛,1,10,13
上海,8月,市教师教育学院,1,7,13
上海,8月,康健园,1,7,16
上海,8月,真源居住小区(上海市普陀区),1,7,5
上海,8月,闵行区春申假日风景畹町路99弄,1,7,15
上海,8月,上海南汇东滩湿地,1,5,57
上海,8月,桃浦中央绿地（沪嘉高速至常和路）,1,5,21
上海,8月,汤巷体育公园,1,5,22
上海,8月,银秋路河道,1,5,9
上海,8月,黄浦码头,1,5,8
上海,8月,上海市徐汇区钦州南路10号,1,4,9
上海,8月,古棕路,1,4,11
上海,8月,闸北公园,1,4,6
上海,8月,北美公寓,1,3,9
上海,8月,宝山区新顾城·博成苑西南(沪联路南),1,3,10
上海,8月,新江湾城生态走廊,1,3,16
上海,8月,横沙岛,1,3,19
上海,8月,金桥公园,1,3,8
上海,8月,上海市嘉北郊野公园,1,2,29
上海,8月,上海市莘庄中学,1,2,10
上海,8月,上海自然博物馆(上海科技馆分馆),1,2,3
上海,8月,南汇嘴至东滩湿地,1,2,43
上海,8月,南汇新城城市公园,1,2,22
上海,8月,南汇新城镇万心飞翔,1,2,14
上海,8月,嘉定区南翔和平小区(和平街),1,2,7
上海,8月,川沙公园,1,2,4
上海,8月,张家浜南岸,1,2,8
上海,8月,张江汤臣豪园,1,2,12
上海,8月,浦东新区三林东明公园(三林路北),1,2,11
上海,8月,滨江森林公园二期,1,2,4
上海,8月,航头走到哪儿都算自留地,1,2,10
上海,8月,通波塘河边绿化带,1,2,7
上海,8月,长宁区仙霞绿地公寓(青溪路西100米),1,2,7
上海,8月,闵行区吴泾镇陈家里,1,2,33
上海,8月,闵行区金铭福邸(瑞丽路东150米),1,2,5
上海,8月,青浦区中铁·逸都2期(青竹路西50米),1,2,9
上海,8月,静安区芷江西路239弄小区,1,2,4
上海,8月,龙华港泵闸,1,2,6
上海,8月,七百亩(上海市青浦区),1,1,3
上海,8月,三三公路与世纪塘路交叉口南,1,1,66
上海,8月,三三公路近堤顶路,1,1,24
上海,8月,上实农田,1,1,4
上海,8月,上海中医药大学学生公寓,1,1,5
上海,8月,上海交通大学(闵行校区),1,1,2
上海,8月,上海交通大学-植物园,1,1,8
上海,8月,上海交通大学徐汇校区,1,1,4
上海,8月,上海众磊果蔬专业合作社,1,1,10
上海,8月,上海南汇嘴公园停车场,1,1,19
上海,8月,上海南汇嘴大堤酒店(世纪塘路333号),1,1,4
上海,8月,上海南汇大堤,1,1,11
上海,8月,上海大学(延长校区),1,1,8
上海,8月,上海大观园(青浦区金商公路701号),1,1,10
上海,8月,上海市嘉定二中,1,1,7
上海,8月,上海市奉贤区S123(浦星公路),1,1,12
上海,8月,上海市政悦路与闸殷路绿地,1,1,6
上海,8月,上海植物园-樱花林,1,1,19
上海,8月,上海电气电力电子有限公司,1,1,6
上海,8月,上海轮渡(歇浦路渡口),1,1,1
上海,8月,上海辰山植物园月季园,1,1,18
上海,8月,上海马戏城地铁站,1,1,1
上海,8月,世博大道,1,1,20
上海,8月,世博文化公园,1,1,7
上海,8月,世纪公园-风荷桥,1,1,16
上海,8月,世纪塘路南线海滨,1,1,22
上海,8月,东日湿地,1,1,13
上海,8月,东海大桥,1,1,5
上海,8月,东滩北八滧湿地,1,1,5
上海,8月,中国北斗产业技术创新西虹桥基地,1,1,2
上海,8月,中沟路与颛兴路交叉口,1,1,1
上海,8月,中远两湾城,1,1,16
上海,8月,临港大道周边,1,1,26
上海,8月,临港星空之境海绵公园,1,1,10
上海,8月,九龙村,1,1,9
上海,8月,佘山国家森林公园西佘山园,1,1,6
上海,8月,前滩友城公园,1,1,5
上海,8月,勤耕村,1,1,5
上海,8月,北八滧,1,1,8
上海,8月,华东师范大学(闵行校区),1,1,6
上海,8月,华为练秋湖研发中心E区,1,1,9
上海,8月,南汇三三公路到一号堤,1,1,39
上海,8月,南汇世纪塘路,1,1,36
上海,8月,南汇世纪塘路魔术林,1,1,35
上海,8月,南汇嘴观海公园上海南汇嘴大堤酒店,1,1,13
上海,8月,南汇新城春花秋色公园,1,1,24
上海,8月,南汇新城海滩,1,1,11
上海,8月,南汇新城镇世纪塘路北400米,1,1,25
上海,8月,南汇新城镇小桉路南300米,1,1,19
上海,8月,南汇新城镇环湖东三路东400米,1,1,10
上海,8月,南湖堤塘,1,1,17
上海,8月,南竹港,1,1,17
上海,8月,卫星港绿道,1,1,9
上海,8月,双山小区,1,1,4
上海,8月,古猗园,1,1,9
上海,8月,同盛南桥花园,1,1,1
上海,8月,名都新城1期,1,1,1
上海,8月,后滩区域,1,1,18
上海,8月,吴淞江鸟类栖息地,1,1,17
上海,8月,吴淞炮台湾公园,1,1,25
上海,8月,唐丰公园,1,1,7
上海,8月,唐镇公园,1,1,7
上海,8月,嘉定区界河西50米(白墙中路北),1,1,12
上海,8月,嘉定区绥德公园(绥德路北100米),1,1,14
上海,8月,堡镇,1,1,11
上海,8月,复旦大学附属中学,1,1,10
上海,8月,外滩,1,1,8
上海,8月,外白渡桥,1,1,1
上海,8月,大宁灵石公园,1,1,6
上海,8月,大莲湖,1,1,1
上海,8月,奉贤,1,1,23
上海,8月,奉贤区小基本农田,1,1,23
上海,8月,奉贤区柘林镇太平桥,1,1,6
上海,8月,官塘桥,1,1,23
上海,8月,宝山区罗店镇罗太路(云麓之城),1,1,2
上海,8月,宣桥镇,1,1,20
上海,8月,小桉路到一号坝的堤顶路,1,1,15
上海,8月,小苏宅水芹地,1,1,6
上海,8月,山深村,1,1,11
上海,8月,岑卜村,1,1,4
上海,8月,崇明岛,1,1,4
上海,8月,崇明悦景庄西南800米,1,1,13
上海,8月,川安路外环林带,1,1,11
上海,8月,平安银行,1,1,2
上海,8月,广富林遗址公园,1,1,9
上海,8月,徐家汇公园,1,1,7
上海,8月,徐汇区百合花苑(百花街南100米),1,1,9
上海,8月,徐汇滨江,1,1,12
上海,8月,怒江小区,1,1,10
上海,8月,惠南走到哪儿都算自留地,1,1,1
上海,8月,惠南镇,1,1,10
上海,8月,明珠苑(浦东),1,1,5
上海,8月,星愿公园,1,1,19
上海,8月,春申路[地铁站],1,1,1
上海,8月,普陀区桃浦中央绿地公园露营地西(武威东路北),1,1,21
上海,8月,普陀区水岸茗苑(光复西路东),1,1,5
上海,8月,智创壹佰+康鹏生命科技产业园,1,1,5
上海,8月,曹路郊环外基本农田,1,1,9
上海,8月,杨浦区政悦路篮球场,1,1,2
上海,8月,杨盛公园,1,1,14
上海,8月,杨高路金新路绿地,1,1,2
上海,8月,松江区上海工程技术大学附属松江泗泾实验学校南,1,1,19
上海,8月,松江区方松九商业广场(嘉松南路),1,1,1
上海,8月,松江洞泾百花港开放休闲林地,1,1,14
上海,8月,桃浦中央绿地,1,1,21
上海,8月,梅园公园,1,1,7
上海,8月,横沙岛湿地,1,1,16
上海,8月,正大广场,1,1,1
上海,8月,江浦公园,1,1,7
上海,8月,汤巷绿地,1,1,13
上海,8月,沪杭公路杭州湾大道招呼站公交站,1,1,8
上海,8月,沪闵路淀浦河桥,1,1,10
上海,8月,河滨城市花园,1,1,2
上海,8月,泖港湿地(泖田湿地),1,1,18
上海,8月,浦东南汇东滩湿地,1,1,36
上海,8月,浦东南汇东滩湿地(东港大道),1,1,29
上海,8月,浦东南汇东滩湿地(小桉路),1,1,13
上海,8月,浦东南汇东滩湿地东100米(堤顶路),1,1,17
上海,8月,浦东新区(小桉路北),1,1,10
上海,8月,浦东新区三林路渡口(轮渡站)西北300米,1,1,9
上海,8月,浦东新区上海南汇嘴大堤酒店南50米(世纪塘路北),1,1,6
上海,8月,浦东新区上海滨江森林公园东南区游船码头西南,1,1,17
上海,8月,浦东新区世纪公园(玉珠桥北),1,1,3
上海,8月,浦东新区堤顶路与东港大道交叉口北,1,1,12
上海,8月,浦东新区惠南镇谈北村,1,1,9
上海,8月,浦东新区海塘防汛墙管理署芦潮港海塘管理所,1,1,4
上海,8月,浦东新区滴水湖中国名家主题雕塑园(环湖西一路南),1,1,3
上海,8月,浦东新区白杨小区(芳草路南),1,1,3
上海,8月,浦东新区碧云体育公园(杨高中路南),1,1,9
上海,8月,浦东机场,1,1,2
上海,8月,浦东牡丹园,1,1,8
上海,8月,浦东金海湿地公园,1,1,11
上海,8月,浦江郊野公园,1,1,23
上海,8月,海天花园,1,1,1
上海,8月,海思路基本农田,1,1,11
上海,8月,海湾森林公园,1,1,33
上海,8月,渔人码头南,1,1,33
上海,8月,滴水湖北线,1,1,29
上海,8月,漕溪公园,1,1,4
上海,8月,燎鱼村(上海市奉贤区),1,1,30
上海,8月,环湖东三路与小桉路交叉口,1,1,36
上海,8月,环湖东三路与小桉路交叉口(浦东新区),1,1,5
上海,8月,环湖南三路,1,1,5
上海,8月,百花港桥荷塘,1,1,21
上海,8月,罗泾镇,1,1,25
上海,8月,美兰湖,1,1,2
上海,8月,耀华滨江绿地,1,1,10
上海,8月,耀浦苑,1,1,4
上海,8月,航头镇,1,1,1
上海,8月,芷江西路街道,1,1,5
上海,8月,荷萃路,1,1,22
上海,8月,蓬莱公园,1,1,7
上海,8月,虹梅路,1,1,2
上海,8月,西岸艺术中心N馆,1,1,13
上海,8月,西沙明珠湖景区-西沙湿地,1,1,12
上海,8月,西沙湿地,1,1,6
上海,8月,西藏南路-南浦大桥客运中心,1,1,8
上海,8月,西郊宾馆,1,1,14
上海,8月,赵巷地铁站附近农地,1,1,27
上海,8月,迪士尼星愿公园,1,1,17
上海,8月,迪士尼星愿湖,1,1,16
上海,8月,金山区林业三防中心(上海市),1,1,18
上海,8月,金山嘴渔村景区,1,1,26
上海,8月,金山园区站,1,1,4
上海,8月,金山枫泾白牛塘,1,1,14
上海,8月,金桥路金科路,1,1,4
上海,8月,金港花园2期,1,1,8
上海,8月,钱曹路秋眉泾交叉口农田,1,1,5
上海,8月,银翔湖公园(上海市嘉定区),1,1,3
上海,8月,锦绣文化公园,1,1,9
上海,8月,长宁外环生态绿道,1,1,8
上海,8月,闵虹路南,1,1,12
上海,8月,闵行区莘庄雅致公寓(雅致路南),1,1,1
上海,8月,闵行区颛桥莘闵花园东北50米(沪闵公路),1,1,4
上海,8月,闵行滨江公园,1,1,11
上海,8月,陆家嘴金融贸易区老白渡滨江绿地,1,1,7
上海,8月,陈行公路（浦江地铁站-黄浦江）,1,1,19
上海,8月,陕西北路,1,1,8
上海,8月,雨蛙生态农场,1,1,11
上海,8月,静安区柳营路1025弄小区东北50米(普善路),1,1,7
上海,8月,静安区越秀苑(普善横路南),1,1,7
上海,8月,顾村公园,1,1,15
上海,8月,顾村公园(上海市宝山区),1,1,29
上海,8月,马陆公园,1,1,7
上海,8月,高东生态园,1,1,15
上海,8月,高行镇,1,1,19
上海,8月,鲁迅公园,1,1,10
上海,8月,鸟调10赤风港湿地中心芦苇地,1,1,27
上海,8月,鸟调1滩涂北线,1,1,25
上海,8月,鸟调3滴水湖北线,1,1,18
上海,8月,鸟调5东日线,1,1,20
上海,8月,黄兴公园,1,1,5
上海,8月,黄日港调蓄湖,1,1,16
上海,8月,黄浦区上海公益新天地园(普育西路东),1,1,7
上海,9月,世纪公园,206,354,29
上海,9月,中山公园,114,156,20
上海,9月,南汇东滩,78,120,54
上海,9月,徐家汇公园,48,71,14
上海,9月,上海滨江森林公园,32,37,51
上海,9月,吴淞炮台湾湿地森林公园,28,37,42
上海,9月,上海植物园,23,28,25
上海,9月,金海湿地公园,23,28,30
上海,9月,世纪公园世纪梅园(上海市浦东新区),18,25,27
上海,9月,小桉路,15,25,62
上海,9月,崇明东滩,15,17,65
上海,9月,南汇嘴魔术林,14,17,31
上海,9月,奉贤小魔术林,12,30,31
上海,9月,大宁公园,11,30,27
上海,9月,世博后滩湿地公园,11,15,29
上海,9月,上海世博文化公园,11,13,20
上海,9月,海坤路草坪,11,13,24
上海,9月,渔人码头,10,18,30
上海,9月,南汇嘴观海公园,10,11,36
上海,9月,世纪公园-7号门,10,10,26
上海,9月,碧海金沙,9,9,52
上海,9月,后滩公园,8,16,27
上海,9月,新虹桥中心花园,8,16,17
上海,9月,闵行体育公园,8,12,21
上海,9月,复旦大学江湾校区,8,10,30
上海,9月,世纪公园赏梅木栈道,8,8,19
上海,9月,绥德公园,7,9,19
上海,9月,进木港,7,7,17
上海,9月,共青森林公园,6,13,30
上海,9月,南汇魔术林,6,10,26
上海,9月,碧云绿地·云天湖公园,6,10,26
上海,9月,徐家汇公园(上海市徐汇区),6,8,17
上海,9月,上海辰山植物园,6,7,36
上海,9月,嘉北郊野公园,6,7,31
上海,9月,鸟调7魔术林线,6,7,35
上海,9月,奉贤区小基本农田,6,6,24
上海,9月,鹦鹉洲生态湿地,6,6,27
上海,9月,上海科技大学(张江校区),5,18,23
上海,9月,西西洋淀,5,10,36
上海,9月,奉贤区绿地·香颂西南200米(海乐路西),5,8,9
上海,9月,世博文化公园,5,7,23
上海,9月,世纪公园-风荷桥,5,7,24
上海,9月,海思路基本农田,5,7,18
上海,9月,闵行文化公园,5,7,17
上海,9月,港口渡口,5,6,11
上海,9月,鸟调2滩涂南线,5,6,25
上海,9月,上海海事大学(临港校区),5,5,28
上海,9月,奉贤区碧海金沙(海涵路北150米),5,5,53
上海,9月,康健园,4,12,17
上海,9月,上海科技大学张江校区,4,7,22
上海,9月,上海动物园,4,6,16
上海,9月,上海交通大学(闵行校区),4,5,21
上海,9月,耀华滨江绿地,4,5,15
上海,9月,上海崇明东滩鸟类国家级自然保护区,4,4,19
上海,9月,上海植物园(徐汇区龙吴路1111号),4,4,15
上海,9月,南汇三三公路到一号堤,4,4,21
上海,9月,松江区九亭九科绿洲公园东园南300米(姚北路北),4,4,24
上海,9月,金海湿地,4,4,20
上海,9月,鸟调1滩涂北线,4,4,29
上海,9月,上海植物园植物大楼,3,25,24
上海,9月,金山城市沙滩景区,3,6,15
上海,9月,鲁迅公园,3,6,14
上海,9月,鸟调10赤风港湿地中心芦苇地,3,5,27
上海,9月,南汇湿地,3,4,43
上海,9月,梦清园,3,4,16
上海,9月,浦东新区世纪公园(风荷桥北),3,4,16
上海,9月,三三公路与世纪塘路交叉口,3,3,38
上海,9月,上海海湾国家森林公园,3,3,38
上海,9月,世纪公园镜天湖,3,3,16
上海,9月,华东师范大学（闵行校区）,3,3,8
上海,9月,华东理工大学(奉贤校区),3,3,11
上海,9月,同济大学四平路校区,3,3,5
上海,9月,奉贤区上海乡春农产品专业合作社东南(海航路东),3,3,9
上海,9月,宝山区顾村镇沈巷,3,3,23
上海,9月,小桉路农田,3,3,42
上海,9月,沪杭公路杭州湾大道招呼站公交站,3,3,9
上海,9月,浦东新区上海临港海上风力发电有限公司西(东港大道),3,3,10
上海,9月,渔人码头边滩湿地调查,3,3,18
上海,9月,炮台湾湿地,3,3,29
上海,9月,金山卫站,3,3,10
上海,9月,金山嘴渔村边滩,3,3,15
上海,9月,鹦鹉洲生态湿地(上海市金山区),3,3,42
上海,9月,柳园公园,2,15,8
上海,9月,上海海事大学临港校区,2,6,21
上海,9月,华东理工大学,2,5,9
上海,9月,渔人码头南,2,4,8
上海,9月,金山边滩新大堤,2,4,32
上海,9月,上海植物园-3号门,2,3,21
上海,9月,上海海洋大学(临港校区),2,3,13
上海,9月,上科大西侧绿地,2,3,20
上海,9月,世博公园,2,3,11
上海,9月,南汇东日湿地,2,3,26
上海,9月,南汇新城镇小桉路北200米,2,3,13
上海,9月,宝山区上海大学(宝山校区),2,3,9
上海,9月,渔人码头(上海市奉贤区海鸥路),2,3,8
上海,9月,秋迁早熟的稻田-金色稻田,2,3,19
上海,9月,CMDT保护区外围,2,2,33
上海,9月,三三公路与世纪塘路交叉口(浦东新区),2,2,8
上海,9月,三三公路与世纪塘路交叉口南,2,2,74
上海,9月,上海交通大学附属中学(闵行分校),2,2,11
上海,9月,上海南汇嘴大堤酒店(世纪塘路333号),2,2,8
上海,9月,上海南汇大堤,2,2,24
上海,9月,上海科技大学,2,2,23
上海,9月,上海陆家嘴滨江大道,2,2,14
上海,9月,世纪公园一尺花园,2,2,9
上海,9月,东平森林公园,2,2,11
上海,9月,东滩保护区,2,2,17
上海,9月,中山公园-3号门,2,2,11
上海,9月,九科绿洲公园,2,2,15
上海,9月,九科绿洲公园西区,2,2,22
上海,9月,兰香湖,2,2,17
上海,9月,南汇世纪塘路魔术林,2,2,36
上海,9月,南汇嘴观海公园到东港大道,2,2,48
上海,9月,吴淞炮台湾公园,2,2,17
上海,9月,堤顶路与东港大道交叉口,2,2,10
上海,9月,天马山,2,2,18
上海,9月,奉贤区上海家禽育种公司东北100米(海华路),2,2,24
上海,9月,奉贤区柘林镇太平桥,2,2,10
上海,9月,春光公园,2,2,10
上海,9月,普陀区桃浦镇沪嘉高速公路,2,2,9
上海,9月,普陀区清涧新村第六小区南100米(金鼎路南),2,2,7
上海,9月,曹路郊环外基本农田,2,2,13
上海,9月,杨浦滨江,2,2,5
上海,9月,松江洞泾百花港开放休闲林地,2,2,23
上海,9月,浦东新区南汇嘴观海公园(世纪塘路西),2,2,31
上海,9月,浦东新区同济大学海洋科学技术研究中心南(世纪塘路),2,2,16
上海,9月,浦东新区成日村(滴翠路/秋荷路/夏兰路),2,2,24
上海,9月,浦东金海湿地公园,2,2,15
上海,9月,海湾镇沿岸,2,2,54
上海,9月,海航路与海坤路交叉口,2,2,17
上海,9月,清涧公园,2,2,7
上海,9月,漕溪公园,2,2,11
上海,9月,蒙山中学(上海市金山区龙胜路100),2,2,8
上海,9月,闸北公园,2,2,9
上海,9月,高东生态园,2,2,14
上海,9月,鸟调6基本农田线,2,2,23
上海,9月,黄日港调蓄湖,2,2,24
上海,9月,龙之梦城市生活中心,2,2,4
上海,9月,嘉定区南翔和平小区(和平街),1,16,8
上海,9月,卫星港绿道,1,14,14
上海,9月,金龙新村,1,13,8
上海,9月,闵行区春申假日风景畹町路99弄,1,13,15
上海,9月,徐汇万科中心,1,12,12
上海,9月,上海大学附属嘉定高级中学,1,11,8
上海,9月,嘉定区上隽嘉苑东区东北(云安路东),1,10,13
上海,9月,盈湖三岛,1,10,17
上海,9月,上海海洋大学临港校区,1,9,6
上海,9月,上海市浦东新区惠南镇人民政府(城西路东),1,8,13
上海,9月,金桥公园,1,8,8
上海,9月,复旦大学附属中学,1,7,10
上海,9月,市教师教育学院,1,6,10
上海,9月,新江湾城生态走廊,1,6,20
上海,9月,汤巷体育公园,1,6,18
上海,9月,华东理工大学大草坪,1,5,8
上海,9月,泾溪路藕塘,1,5,14
上海,9月,米市渡郊野公园,1,5,19
上海,9月,闵行区吴泾镇陈家里,1,5,31
上海,9月,上海市徐汇区钦州南路10号,1,4,11
上海,9月,上海市莘庄中学,1,4,13
上海,9月,上海应用技术大学(奉贤校区),1,4,16
上海,9月,秋霞圃,1,4,8
上海,9月,上海工艺美术职业学院(嘉定校区),1,3,8
上海,9月,上海市嘉定二中,1,3,10
上海,9月,上海市高桥中学,1,3,1
上海,9月,上海财经大学(国定路校区),1,3,11
上海,9月,东方明珠公园,1,3,10
上海,9月,南竹港,1,3,26
上海,9月,古棕路,1,3,11
上海,9月,大宁公园(上海市静安区广中西路288号),1,3,10
上海,9月,大黄村公园,1,3,21
上海,9月,真源居住小区(上海市普陀区),1,3,6
上海,9月,金山区枫泾镇新元村长浜,1,3,16
上海,9月,银秋路河道,1,3,12
上海,9月,闵行区金铭福邸(瑞丽路东150米),1,3,2
上海,9月,陕西北路,1,3,10
上海,9月,陶氏化学有限公司(上海市浦东新区),1,3,14
上海,9月,鸫鸫林,1,3,7
上海,9月,黄浦码头,1,3,5
上海,9月,上海南汇东滩湿地,1,2,61
上海,9月,上海图书馆,1,2,1
上海,9月,上海市嘉定一中附属小学(北大街271号),1,2,8
上海,9月,上海戏剧学院(华山路校区),1,2,2
上海,9月,上海汽车博览公园,1,2,18
上海,9月,上海浦东新区豆香园,1,2,8
上海,9月,上海领科双语学校(公办托管班),1,2,1
上海,9月,丰收村,1,2,17
上海,9月,位育附属徐汇科技实验中学,1,2,5
上海,9月,北干庄头,1,2,36
上海,9月,华东理工大学(奉贤校区)-西门,1,2,14
上海,9月,南汇新城镇万心飞翔,1,2,6
上海,9月,双山小区,1,2,5
上海,9月,古美公园,1,2,12
上海,9月,后滩区域,1,2,26
上海,9月,品尊国际公寓2期,1,2,7
上海,9月,复兴公园,1,2,2
上海,9月,复旦大学(邯郸校区),1,2,11
上海,9月,外滩,1,2,9
上海,9月,宝山区白家宅,1,2,2
上海,9月,广中路与北宝兴路交叉口,1,2,3
上海,9月,张江汤臣豪园,1,2,10
上海,9月,徐汇区GateM西岸梦中心(龙腾大道东),1,2,12
上海,9月,徐汇滨江,1,2,6
上海,9月,惠南走到哪儿都算自留地,1,2,7
上海,9月,望江驿,1,2,12
上海,9月,梅园公园,1,2,5
上海,9月,梦清园环保主题公园,1,2,8
上海,9月,沿北公园,1,2,12
上海,9月,浦东历史博物馆,1,2,4
上海,9月,海天花园,1,2,1
上海,9月,环湖东三路与小桉路交叉口(浦东新区),1,2,19
上海,9月,苏州河梦清园环保主题公园,1,2,19
上海,9月,虹口区凉城星苑小区车站北路400弄(水电路西),1,2,8
上海,9月,蝶语园,1,2,12
上海,9月,通波塘河边绿化带,1,2,9
上海,9月,金山区廊下镇友好村,1,2,23
上海,9月,闵行区海赋尚品苑(剑川路南100米),1,2,6
上海,9月,静安区芷江西路239弄小区,1,2,6
上海,9月,鸟调5东日线,1,2,38
上海,9月,龙华港泵闸,1,2,6
上海,9月,一号驿站,1,1,6
上海,9月,三三公路近堤顶路,1,1,15
上海,9月,三甲港,1,1,9
上海,9月,三甲港与九段沙保护区,1,1,14
上海,9月,上南公园,1,1,6
上海,9月,上海万象城,1,1,1
上海,9月,上海中学,1,1,6
上海,9月,上海交通大学(闵行校区)北区博士生公寓,1,1,15
上海,9月,上海交通大学-植物园,1,1,18
上海,9月,上海交通大学附属中学,1,1,5
上海,9月,上海交通大学附属中学闵行分校-南门,1,1,11
上海,9月,上海人民广场,1,1,1
上海,9月,上海化学工业区,1,1,39
上海,9月,上海吴淞口国际邮轮港,1,1,1
上海,9月,上海崇明东滩鸟类国家级自然保护区停车场,1,1,24
上海,9月,上海崇明岛,1,1,68
上海,9月,上海工程技术大学(松江校区),1,1,10
上海,9月,上海市嘉定一中,1,1,3
上海,9月,上海市延安中学,1,1,10
上海,9月,上海市松江二中,1,1,2
上海,9月,上海市浦东模范中学东校,1,1,1
上海,9月,上海市滨海森林公园,1,1,22
上海,9月,上海市行知中学,1,1,8
上海,9月,上海市闵行中学,1,1,1
上海,9月,上海师大新村70弄58号楼,1,1,8
上海,9月,上海师范大学附属杨浦滨江实验小学,1,1,3
上海,9月,上海应用技术大学植物园,1,1,6
上海,9月,上海建工二建集团有限公司(河间路),1,1,1
上海,9月,上海普陀市政建设养护有限公司,1,1,20
上海,9月,上海植物园-樱花林,1,1,14
上海,9月,上海浦东国际机场,1,1,6
上海,9月,上海理工大学,1,1,13
上海,9月,上海迪士尼乐园,1,1,5
上海,9月,上海闵行体育公园,1,1,18
上海,9月,上海青西郊野公园,1,1,8
上海,9月,上海青西郊野公园(青浦区紫莲路500号),1,1,12
上海,9月,上海龙腾大道龙瑞路滨江,1,1,8
上海,9月,上科大周边绿地,1,1,3
上海,9月,世纪塘路,1,1,18
上海,9月,世纪塘路交叉口与三三公路交叉口附近,1,1,7
上海,9月,世纪梅园,1,1,12
上海,9月,东海北部海域-信天翁邮轮观鸟团,1,1,5
上海,9月,东滩北八滧湿地,1,1,17
上海,9月,东滩鸟类国家级自然保护区,1,1,28
上海,9月,中医药文化园,1,1,12
上海,9月,中远两湾城,1,1,15
上海,9月,丰翔智秀公园,1,1,12
上海,9月,临港星空之境海绵公园,1,1,9
上海,9月,九科绿洲,1,1,1
上海,9月,互联宝地,1,1,3
上海,9月,五龙湖公园,1,1,9
上海,9月,佘山国家森林公园东佘山园,1,1,13
上海,9月,佘山国家森林公园天马山园,1,1,3
上海,9月,佘山国家森林公园西佘山园,1,1,4
上海,9月,共青国家森林公园,1,1,9
上海,9月,前进村,1,1,7
上海,9月,北美公寓,1,1,8
上海,9月,半马苏河公园,1,1,11
上海,9月,华东师大闵行校区,1,1,1
上海,9月,华为研发中心,1,1,4
上海,9月,华理荒地,1,1,24
上海,9月,协和双语高级中学古北校区,1,1,16
上海,9月,南汇东魔术林及1号堤,1,1,31
上海,9月,南汇嘴大堤,1,1,19
上海,9月,南汇嘴至东滩湿地,1,1,59
上海,9月,南汇嘴观海公园-小卖部,1,1,27
上海,9月,南汇新城二环城市公园-北区,1,1,11
上海,9月,南汇新城城市公园,1,1,4
上海,9月,南汇新城海滩,1,1,8
上海,9月,南汇新城镇世纪塘路西200米,1,1,19
上海,9月,南虹港观机长廊,1,1,6
上海,9月,友好村,1,1,29
上海,9月,双园村(上海市金山区),1,1,14
上海,9月,古猗园,1,1,11
上海,9月,古猗园(上海市嘉定区沪宜公路218号),1,1,5
上海,9月,叶家花园,1,1,7
上海,9月,同济大学(四平路校区),1,1,8
上海,9月,吴淞江鸟类栖息地,1,1,24
上海,9月,周字港桥,1,1,20
上海,9月,和平公园,1,1,10
上海,9月,和平公园自然教育中心,1,1,6
上海,9月,嘉定区绥德公园(绥德路北100米),1,1,22
上海,9月,嘉松中路沈砖公路(洞泾地铁站),1,1,10
上海,9月,嘉松南路百家港桥,1,1,24
上海,9月,四团镇,1,1,9
上海,9月,团结塘,1,1,36
上海,9月,复兴岛公园,1,1,4
上海,9月,大宁郁金香公园,1,1,12
上海,9月,大淀湖,1,1,24
上海,9月,大莲湖,1,1,30
上海,9月,奉贤区上海佳豪游艇发展有限公司北(海坤路北),1,1,7
上海,9月,奉贤区上海水产养殖有限公司奉贤分部西南500米,1,1,6
上海,9月,奉贤区上海铿仕实业有限公司东南150米(海乾路北),1,1,4
上海,9月,奉贤区上海飞浪气垫船有限公司北100米(海坤路北),1,1,11
上海,9月,奉贤区东方美谷大学城产业园东400米(海航路东),1,1,10
上海,9月,奉贤沿海,1,1,49
上海,9月,奉贤海边风场(海马路南),1,1,19
上海,9月,官塘桥,1,1,17
上海,9月,宛平路80弄小区,1,1,4
上海,9月,宝山区新顾城·博成苑西南(沪联路南),1,1,3
上海,9月,富锦路地铁站-白沙公园,1,1,19
上海,9月,富长路绿地,1,1,8
上海,9月,小昆山园(上海市松江区山西路4号),1,1,11
上海,9月,小树林百鸟林,1,1,8
上海,9月,尹家宅,1,1,6
上海,9月,崇明区现代农业园区北八滧桥西150米(园区南路),1,1,26
上海,9月,崇明生态研究院,1,1,11
上海,9月,平安银行,1,1,1
上海,9月,广富林遗址公园,1,1,14
上海,9月,广富林郊野公园,1,1,12
上海,9月,广富林郊野公园游客服务中心(松江区),1,1,20
上海,9月,康桥生态园,1,1,14
上海,9月,康桥生态园-沔青绿地,1,1,26
上海,9月,廊下友好村东侧林湿地,1,1,20
上海,9月,廊下友好村西侧农林湿地,1,1,19
上海,9月,廊下友好村西侧林地,1,1,7
上海,9月,廊下友好村调研对照组,1,1,13
上海,9月,张衡公园,1,1,7
上海,9月,徐汇区龙华滨江休闲广场(临江路南),1,1,13
上海,9月,成日新墅,1,1,23
上海,9月,护鲟路,1,1,7
上海,9月,新天地东台里,1,1,2
上海,9月,新如村,1,1,9
上海,9月,普陀区中华新路1140弄小区,1,1,7
上海,9月,普陀区梦清园环保主题公园(宜昌路北),1,1,13
上海,9月,松江区天马山射电望远镜(九江公路西),1,1,16
上海,9月,松江泖港湿地,1,1,16
上海,9月,梅陇生态公园,1,1,3
上海,9月,梦清园环保主题公园(宜昌路),1,1,13
上海,9月,沪杭公路,1,1,1
上海,9月,浦东南汇东滩湿地,1,1,17
上海,9月,浦东南汇东滩湿地西北(小桉路),1,1,16
上海,9月,浦东小桉路,1,1,10
上海,9月,浦东新区(小桉路北),1,1,6
上海,9月,浦东新区上海临港海上风力发电有限公司西南,1,1,12
上海,9月,浦东新区世纪公园(云帆桥西),1,1,8
上海,9月,浦东新区世纪公园疏林草坪区(花木路北),1,1,4
上海,9月,浦东新区南汇新城镇东日,1,1,1
上海,9月,浦东新区桃花邨东100米(城永路东侧河岸）,1,1,16
上海,9月,浦东新区虞泽苑51弄北(鹏岳路东),1,1,15
上海,9月,浦东新区陆家路港西南100米(夏兰路西),1,1,6
上海,9月,浦东红窑,1,1,2
上海,9月,浦江第一湾公园,1,1,26
上海,9月,浦江郊野公园,1,1,3
上海,9月,浦江镇,1,1,10
上海,9月,海鸥路西周边,1,1,1
上海,9月,源深体育中心,1,1,1
上海,9月,滨江公园（东岸绿道）,1,1,4
上海,9月,滨江森林公园,1,1,6
上海,9月,滨江漫步区(浦星公路上海浦江郊野公园内),1,1,17
上海,9月,滴水湖,1,1,19
上海,9月,漕河泾开发区公园,1,1,5
上海,9月,潮府馆(世纪公园店),1,1,15
上海,9月,炮台湾湿地平台,1,1,9
上海,9月,王仙村,1,1,24
上海,9月,石塔庙(上海市松江区),1,1,2
上海,9月,碧海金沙(奉贤区海湾旅游区海鸥路39号),1,1,10
上海,9月,碧海金沙烂尾楼群,1,1,23
上海,9月,竹园绿地,1,1,15
上海,9月,紫竹荒地（华师大咕咕鸡路线）,1,1,15
上海,9月,罗泾水源涵养林,1,1,48
上海,9月,芦苇地样线,1,1,12
上海,9月,荷风嬉鱼度假村·农家菜,1,1,21
上海,9月,莘城中央公园,1,1,3
上海,9月,西沟港,1,1,1
上海,9月,西郊宾馆(上海市长宁区虹桥路1921号),1,1,12
上海,9月,赤风港湿地中心,1,1,1
上海,9月,进木港(淀浦河黄浦江口),1,1,11
上海,9月,醉白池,1,1,5
上海,9月,金山区上海骈腾建筑有限公司东南(沪杭公路南),1,1,5
上海,9月,金山区友好村东侧林地,1,1,9
上海,9月,金山区山阳镇沪杭公路(金山嘴渔村景区),1,1,35
上海,9月,金山区林业三防中心(上海市),1,1,20
上海,9月,金山区枫泾镇双园村,1,1,11
上海,9月,金山区枫泾镇后凫隐荡,1,1,23
上海,9月,金山卫站东南(南进场路东),1,1,5
上海,9月,金山园区站,1,1,4
上海,9月,金山海滨,1,1,5
上海,9月,金山魔术林,1,1,17
上海,9月,银翔湖公园(上海市嘉定区),1,1,9
上海,9月,长兴岛,1,1,15
上海,9月,长兴岛郊野公园,1,1,17
上海,9月,长江村,1,1,18
上海,9月,长江西路,1,1,1
上海,9月,长风公园,1,1,7
上海,9月,闵行区春申绚荟城北100米(莲花南路西),1,1,8
上海,9月,闵行区海赋尚品苑(凤庆路北),1,1,5
上海,9月,闵行区紫竹半岛(寺嘴角路),1,1,9
上海,9月,闵行区紫竹半岛及兰香湖,1,1,15
上海,9月,闵行区莘庄莘松四村(莘松路),1,1,4
上海,9月,闵行科创公园(老中春路东),1,1,9
上海,9月,陆家嘴金融贸易区老白渡滨江绿地,1,1,7
上海,9月,随塘河书塘路,1,1,8
上海,9月,霸河,1,1,17
上海,9月,青浦区中铁·逸都2期(青竹路西50米),1,1,5
上海,9月,青浦区练塘镇前湾,1,1,25
上海,9月,青浦区练塘镇唐家草（样线1）,1,1,15
上海,9月,青浦区香花桥街道曹家埭,1,1,18
上海,9月,青西郊野,1,1,3
上海,9月,静安公园,1,1,1
上海,9月,韩湘水博园,1,1,8
上海,9月,顾村公园,1,1,18
上海,9月,顾村公园(上海市宝山区),1,1,31
上海,9月,首位奥特莱斯,1,1,10
上海,9月,鸟调8魔术林南线,1,1,2
上海,9月,鸿玺郡,1,1,13
上海,9月,黄兴公园,1,1,10
上海,10月,世纪公园,255,452,42
上海,10月,南汇东滩,128,266,78
上海,10月,崇明东滩,55,64,113
上海,10月,吴淞炮台湾湿地森林公园,40,44,30
上海,10月,大宁公园,39,63,38
上海,10月,中山公园,35,49,18
上海,10月,南汇嘴魔术林,35,43,57
上海,10月,金海湿地公园,34,36,40
上海,10月,碧云绿地·云天湖公园,30,37,36
上海,10月,梦清园,20,22,19
上海,10月,上海滨江森林公园,19,22,47
上海,10月,世纪公园-7号门,18,26,32
上海,10月,上海植物园,18,25,26
上海,10月,南汇嘴观海公园,18,22,52
上海,10月,小桉路,17,19,46
上海,10月,世纪公园世纪梅园(上海市浦东新区),16,25,19
上海,10月,上海崇明东滩鸟类国家级自然保护区,16,19,41
上海,10月,奉贤小魔术林,15,31,30
上海,10月,三三公路与世纪塘路交叉口(浦东新区),15,16,46
上海,10月,上海交通大学-植物园,14,22,24
上海,10月,共青森林公园,13,17,31
上海,10月,闵行体育公园,12,26,25
上海,10月,崇明北湖,12,12,50
上海,10月,后滩公园,11,18,24
上海,10月,松江洞泾百花港开放休闲林地,11,12,34
上海,10月,南汇魔术林,10,12,46
上海,10月,东滩北八滧湿地,10,11,79
上海,10月,滴水湖,10,11,41
上海,10月,鸟调7魔术林线,10,11,37
上海,10月,南汇东日湿地,10,10,50
上海,10月,上海植物园(徐汇区龙吴路1111号),9,10,28
上海,10月,世博后滩湿地公园,9,10,30
上海,10月,新虹桥中心花园,9,10,17
上海,10月,海思路基本农田,8,11,28
上海,10月,上海交通大学(闵行校区),8,10,21
上海,10月,上海辰山植物园,8,10,28
上海,10月,上海青西郊野公园,8,10,37
上海,10月,海湾镇沿岸,8,10,48
上海,10月,绥德公园,8,9,22
上海,10月,鸟调6基本农田线,8,9,40
上海,10月,复旦大学江湾校区,8,8,29
上海,10月,护鲟路,7,9,34
上海,10月,黄日港调蓄湖,7,9,30
上海,10月,上海交通大学(闵行校区)蔷薇园,7,7,16
上海,10月,世纪公园一尺花园,7,7,16
上海,10月,海坤路草坪,7,7,61
上海,10月,西西洋淀,6,15,48
上海,10月,丁坝,6,8,48
上海,10月,小桉路农田,6,8,26
上海,10月,梦清园环保主题公园,6,8,22
上海,10月,星愿公园,6,6,27
上海,10月,赤风港湿地中心,6,6,22
上海,10月,康健园,5,11,18
上海,10月,白沙公园,5,8,11
上海,10月,上海汽车博览公园,5,7,20
上海,10月,奉贤区绿地·香颂西南200米(海乐路西),5,7,19
上海,10月,上海世博文化公园,5,6,24
上海,10月,世纪公园赏梅木栈道,5,6,24
上海,10月,华东师范大学（闵行校区）,5,6,18
上海,10月,鸟调4滴水湖南线,5,6,23
上海,10月,鸟调8赤风港湿地中心北库塘,5,6,29
上海,10月,上海动物园,5,5,12
上海,10月,南汇新城镇世纪塘路西300米,5,5,22
上海,10月,奉贤区小基本农田,5,5,30
上海,10月,浦东新区(三三公路南),5,5,29
上海,10月,燎鱼村(上海市奉贤区),5,5,21
上海,10月,徐家汇公园,4,30,15
上海,10月,上海科技大学(张江校区),4,15,23
上海,10月,上海海洋大学临港校区,4,13,11
上海,10月,高东生态园,4,10,22
上海,10月,世博文化公园,4,7,25
上海,10月,浦东新区南汇嘴观海公园(世纪塘路西),4,7,33
上海,10月,丰收村,4,6,14
上海,10月,华东理工大学(奉贤校区),4,6,9
上海,10月,三三公路与世纪塘路交叉口,4,5,39
上海,10月,三三公路与世纪塘路交叉口南,4,5,13
上海,10月,南汇新城镇世纪塘路西200米,4,5,59
上海,10月,嘉北郊野公园,4,5,27
上海,10月,堤顶路魔术林,4,5,33
上海,10月,小苏宅水芹地,4,5,13
上海,10月,横沙东滩,4,5,58
上海,10月,长宁外环生态绿道,4,5,24
上海,10月,上实农田,4,4,15
上海,10月,上海梦清园,4,4,16
上海,10月,南汇世纪塘路魔术林,4,4,10
上海,10月,吴淞炮台湾公园,4,4,17
上海,10月,崇明岛,4,4,17
上海,10月,浦东南汇东滩湿地,4,4,24
上海,10月,浦东新区南汇新城镇东日,4,4,37
上海,10月,渔人码头,4,4,19
上海,10月,金海湿地,4,4,24
上海,10月,长风公园,4,4,7
上海,10月,闵行文化公园,4,4,19
上海,10月,顾村公园,4,4,26
上海,10月,鹦鹉洲生态湿地,4,4,47
上海,10月,上海植物园植物大楼,3,19,30
上海,10月,大宁公园(上海市静安区广中西路288号),3,12,16
上海,10月,上海海事大学临港校区,3,10,23
上海,10月,复旦大学附属中学,3,6,13
上海,10月,罗泾水源涵养林,3,6,51
上海,10月,上海南汇东滩湿地,3,5,70
上海,10月,上海崇明东滩鸟类国家级自然保护区停车场,3,5,35
上海,10月,上海科技大学张江校区,3,5,17
上海,10月,崇明东滩生态园,3,5,62
上海,10月,南汇新城镇东港大道南,3,4,46
上海,10月,三三公路近堤顶路,3,3,22
上海,10月,世纪公园-风荷桥,3,3,14
上海,10月,世纪公园镜天湖,3,3,21
上海,10月,临港大道周边,3,3,8
上海,10月,华东理工大学(奉贤校区)-西门,3,3,10
上海,10月,南汇嘴大堤,3,3,21
上海,10月,南汇新城镇小桉路北200米,3,3,9
上海,10月,崇明东滩湿地,3,3,47
上海,10月,崇明区上海崇明东滩鸟类国家级自然保护区停车场西,3,3,20
上海,10月,崇明岛上实农业园区,3,3,32
上海,10月,洋槐小树林,3,3,30
上海,10月,浦东新区堤顶路与东港大道交叉口北,3,3,28
上海,10月,浦江郊野公园,3,3,12
上海,10月,涟动公园,3,3,15
上海,10月,清流环三路绿地,3,3,5
上海,10月,石塔庙,3,3,38
上海,10月,紫竹荒地,3,3,35
上海,10月,蔷薇园,3,3,9
上海,10月,进木港,3,3,17
上海,10月,长横对江车客渡,3,3,5
上海,10月,鸟调3滴水湖北线,3,3,20
上海,10月,柳园公园,2,27,7
上海,10月,蒙山中学(上海市金山区龙胜路100),2,7,7
上海,10月,雨蛙生态农场,2,7,9
上海,10月,上海应用技术大学(奉贤校区),2,5,20
上海,10月,上海海事大学(临港校区),2,4,10
上海,10月,复兴岛公园,2,4,7
上海,10月,小树林百鸟林,2,4,14
上海,10月,新江湾城生态走廊,2,4,23
上海,10月,淀山湖,2,4,20
上海,10月,上海财经大学(国定路校区),2,3,6
上海,10月,半马苏河公园,2,3,7
上海,10月,复旦大学附属华山医院(西院),2,3,6
上海,10月,松江区石塔庙,2,3,36
上海,10月,苏州河梦清园环保主题公园,2,3,26
上海,10月,上海交通大学附属中学,2,2,2
上海,10月,上海众磊果蔬专业合作社,2,2,18
上海,10月,上海南汇嘴大堤酒店,2,2,4
上海,10月,上海南汇大堤,2,2,37
上海,10月,上海市上实现代农业园区,2,2,7
上海,10月,上海市奉贤区海思路基本农田,2,2,22
上海,10月,上海植物园-3号门,2,2,10
上海,10月,上海第二工业大学(金海路校区),2,2,9
上海,10月,上海闵行体育公园,2,2,15
上海,10月,东滩保护区,2,2,27
上海,10月,东滩湿地公园,2,2,32
上海,10月,中兴公园,2,2,6
上海,10月,人民公园,2,2,7
上海,10月,佘山国家森林公园,2,2,7
上海,10月,佘山国家森林公园东佘山园,2,2,9
上海,10月,佘山国家森林公园天马山园,2,2,2
上海,10月,华东师范大学(中山北路校区),2,2,6
上海,10月,南汇新城镇三三公路南400米,2,2,13
上海,10月,南汇新城镇三三公路南50米,2,2,34
上海,10月,南汇新城镇世纪塘路东,2,2,14
上海,10月,同济大学四平路校区,2,2,14
上海,10月,听翠园,2,2,7
上海,10月,堤顶路与东港大道交叉口,2,2,10
上海,10月,天马山,2,2,10
上海,10月,奉贤区东方美谷大学城产业园东南100米(海航路),2,2,13
上海,10月,崇明岛东旺沙,2,2,24
上海,10月,广富林郊野公园,2,2,27
上海,10月,徐汇滨江,2,2,18
上海,10月,春光公园,2,2,11
上海,10月,普陀区桃浦镇沪嘉高速公路,2,2,6
上海,10月,松江区佘山镇翁家浜,2,2,20
上海,10月,松江泖港湿地,2,2,22
上海,10月,梅陇生态公园,2,2,11
上海,10月,梦清园环保主题公园(宜昌路),2,2,17
上海,10月,泖港湿地(泖田湿地),2,2,36
上海,10月,浦东新区(小桉路北),2,2,54
上海,10月,浦东新区世纪公园(风荷桥北),2,2,15
上海,10月,浦江第一湾公园,2,2,6
上海,10月,海基三路与海洋五路交叉口,2,2,11
上海,10月,渔人码头(上海市奉贤区海鸥路),2,2,33
上海,10月,滨江漫步区(浦星公路上海浦江郊野公园内),2,2,14
上海,10月,碧海金沙,2,2,57
上海,10月,米市渡松南郊野公园,2,2,15
上海,10月,绿地·海上风华,2,2,33
上海,10月,西郊宾馆,2,2,18
上海,10月,银翔湖公园(上海市嘉定区),2,2,15
上海,10月,锦绣文化公园,2,2,4
上海,10月,长兴岛郊野公园,2,2,7
上海,10月,闵行体育公园湖边小森林,2,2,19
上海,10月,青浦区金泽镇蔡浜村,2,2,10
上海,10月,鸟调1滩涂北线,2,2,33
上海,10月,鸟调9赤风港湿地中心南库塘,2,2,24
上海,10月,嘉定区南翔和平小区(和平街),1,20,8
上海,10月,徐汇万科中心,1,13,14
上海,10月,上海大学附属嘉定高级中学,1,10,10
上海,10月,华东理工大学,1,10,12
上海,10月,卫星港绿道,1,9,12
上海,10月,闵行区春申假日风景畹町路99弄,1,9,15
上海,10月,上海公安学院,1,8,14
上海,10月,上海市嘉定二中,1,8,16
上海,10月,嘉定区上隽嘉苑东区东北(云安路东),1,8,15
上海,10月,上海陆家嘴滨江大道,1,7,16
上海,10月,金龙新村,1,7,8
上海,10月,陶氏化学有限公司(上海市浦东新区),1,7,13
上海,10月,金桥公园,1,6,10
上海,10月,上海图书馆,1,5,3
上海,10月,上海市徐汇区钦州南路10号,1,5,13
上海,10月,宝山区上海大学(宝山校区),1,5,12
上海,10月,市教师教育学院,1,5,10
上海,10月,汤巷体育公园,1,5,24
上海,10月,盈湖三岛,1,5,14
上海,10月,莫比乌斯公园,1,5,16
上海,10月,上海市高桥中学,1,4,10
上海,10月,上海应用技术大学植物园,1,4,9
上海,10月,北干庄头,1,4,43
上海,10月,后滩区域,1,4,29
上海,10月,徐汇区GateM西岸梦中心(龙腾大道东),1,4,13
上海,10月,秋霞圃,1,4,10
上海,10月,银秋路河道,1,4,11
上海,10月,鲁迅公园,1,4,13
上海,10月,三三公路南侧农田,1,3,18
上海,10月,上海市莘庄中学,1,3,8
上海,10月,上海应用技术大学池塘,1,3,15
上海,10月,东滩鸟类国家级自然保护区,1,3,36
上海,10月,古棕路,1,3,15
上海,10月,复兴公园,1,3,3
上海,10月,普陀区半马苏河公园(真北路东50米),1,3,17
上海,10月,泾溪路藕塘,1,3,13
上海,10月,海滨新二村,1,3,3
上海,10月,米市渡郊野公园,1,3,17
上海,10月,通波塘河边绿化带,1,3,9
上海,10月,金山城市沙滩景区,1,3,15
上海,10月,金山边滩新大堤,1,3,19
上海,10月,长宁区虹康花苑三期(泉口路南100米),1,3,4
上海,10月,长江路访客中心300米左右,1,3,4
上海,10月,闵行区吴泾镇陈家里,1,3,30
上海,10月,闵行区紫竹半岛及兰香湖,1,3,20
上海,10月,陕西北路,1,3,10
上海,10月,霸河,1,3,20
上海,10月,青浦区香花桥街道孙家台,1,3,21
上海,10月,三甲港,1,2,13
上海,10月,上海世纪公园,1,2,10
上海,10月,上海外国语大学(松江校区),1,2,18
上海,10月,上海市风华初级中学教育集团(东校),1,2,5
上海,10月,上海淞沪抗战纪念公园,1,2,8
上海,10月,上飞路南,1,2,23
上海,10月,九科绿洲公园,1,2,7
上海,10月,九里工坊,1,2,16
上海,10月,仁和·都市花园,1,2,6
上海,10月,华东师范大学生态岛,1,2,11
上海,10月,华东理工大学大草坪,1,2,4
上海,10月,南汇嘴至东滩湿地,1,2,82
上海,10月,南汇新城镇万心飞翔,1,2,1
上海,10月,南汇湿地,1,2,7
上海,10月,南汇驾校北农田,1,2,25
上海,10月,"团结塘L29,30",1,2,53
上海,10月,复旦大学(江湾新校区)日湖,1,2,14
上海,10月,复旦大学(邯郸校区),1,2,6
上海,10月,宝山区逸仙公园(恒耀路北),1,2,4
上海,10月,崇明区,1,2,8
上海,10月,广富林小河边,1,2,25
上海,10月,延中广场公园,1,2,9
上海,10月,张江汤臣豪园,1,2,12
上海,10月,徐汇区建国西路581弄小区,1,2,5
上海,10月,徐汇区百合花苑(百花街南100米),1,2,6
上海,10月,怡沁园(上海市崇明区),1,2,21
上海,10月,惠南走到哪儿都算自留地,1,2,1
上海,10月,杨盛公园,1,2,15
上海,10月,松江区新桥万科白马花园(南区),1,2,11
上海,10月,桂江支路与桂江路交叉口,1,2,7
上海,10月,沪杭公路杭州湾大道招呼站公交站,1,2,13
上海,10月,泰晤士小镇,1,2,7
上海,10月,浦东新区张衡公园(华益路北),1,2,8
上海,10月,海天花园,1,2,6
上海,10月,港城公园,1,2,9
上海,10月,金山卫派出所,1,2,1
上海,10月,长宁区上海市天山第二中学(芙蓉江路东),1,2,4
上海,10月,长寿公园,1,2,4
上海,10月,闵行区金铭福邸(瑞丽路东150米),1,2,5
上海,10月,闸北公园,1,2,6
上海,10月,陆家嘴中心绿地,1,2,4
上海,10月,飞鸟与鱼,1,2,6
上海,10月,龙华港泵闸,1,2,8
上海,10月,万科城市花园,1,1,13
上海,10月,三甲港与九段沙保护区,1,1,6
上海,10月,上海之鱼,1,1,21
上海,10月,上海交通大学(闵行校区)北区博士生公寓,1,1,1
上海,10月,上海交通大学(闵行校区)淡水河以西,1,1,2
上海,10月,上海人民广场,1,1,8
上海,10月,上海南汇嘴大堤酒店(世纪塘路333号),1,1,20
上海,10月,上海大观园(青浦区金商公路701号),1,1,11
上海,10月,上海崇明东滩北八滧自然中心,1,1,19
上海,10月,上海崇明岛崇生生活艺术家园,1,1,12
上海,10月,上海市合庆郊野公园,1,1,15
上海,10月,上海市嘉定一中附属小学(北大街271号),1,1,7
上海,10月,上海市松江二中,1,1,1
上海,10月,上海市浦东新区惠南镇人民政府(城西路东),1,1,5
上海,10月,上海市第六人民医院住院部,1,1,4
上海,10月,上海市闵行中学,1,1,7
上海,10月,上海市青浦区实验小学(城中校区),1,1,4
上海,10月,上海师范大学附属杨浦滨江实验小学,1,1,4
上海,10月,上海师范大学附属第二外国语学校,1,1,1
上海,10月,上海应用技术大学水道,1,1,4
上海,10月,上海新江湾城公园东侧500米，南北走向长条形湿地,1,1,13
上海,10月,上海昆虫博物馆,1,1,2
上海,10月,上海浦东三林滨江,1,1,23
上海,10月,上海浦江郊野公园,1,1,14
上海,10月,上海浦江郊野公园滨江漫步区,1,1,7
上海,10月,上海滨江森林公园生态林,1,1,13
上海,10月,上海滩花园洋房(乳山路),1,1,8
上海,10月,上海理工大学,1,1,13
上海,10月,上海电机学院(临港校区),1,1,7
上海,10月,上海科技大学,1,1,5
上海,10月,上海立信会计金融学院北,1,1,5
上海,10月,上海虹桥机场,1,1,5
上海,10月,上海轮渡(歇浦路渡口),1,1,1
上海,10月,上海迪士尼乐园,1,1,10
上海,10月,上海陆家嘴江滨公园,1,1,4
上海,10月,上科大周边绿地,1,1,14
上海,10月,上科大西侧绿地,1,1,22
上海,10月,不夜城公园-不夜城绿地,1,1,1
上海,10月,世博公园,1,1,8
上海,10月,世博文化公园双子山,1,1,16
上海,10月,世纪公园-世纪梅园,1,1,7
上海,10月,世纪公园梅园,1,1,1
上海,10月,世纪梅园,1,1,13
上海,10月,世纪梅园西115米,1,1,18
上海,10月,东华大学(延安路校区),1,1,10
上海,10月,东方绿舟,1,1,4
上海,10月,东方绿舟度假酒店(花园酒店),1,1,11
上海,10月,东海大道与三三公路交叉口,1,1,9
上海,10月,东港大道与环湖东三路交叉口,1,1,5
上海,10月,东港大道堤顶路,1,1,19
上海,10月,东滩鸟类国家级自然保护区管理处,1,1,9
上海,10月,中山公园-3号门,1,1,8
上海,10月,丰翔智秀公园,1,1,6
上海,10月,二号大堤,1,1,46
上海,10月,交通大学(闵行校区)第三餐饮大楼,1,1,1
上海,10月,享田园营地,1,1,12
上海,10月,仁瑞路与瑞湖路交叉口,1,1,4
上海,10月,佘山国家森林公园西佘山园,1,1,4
上海,10月,佳兆业·珊瑚湾,1,1,9
上海,10月,光明东滩源渔业基地(团旺北路),1,1,14
上海,10月,兰香湖,1,1,18
上海,10月,共和大厦-闸北公园,1,1,13
上海,10月,共青国家森林公园,1,1,13
上海,10月,共青国家森林公园横滨.上海友好林东南,1,1,5
上海,10月,凯汇路,1,1,4
上海,10月,前滩休闲公园(上海市浦东新区前滩大道),1,1,4
上海,10月,前进村,1,1,24
上海,10月,劳动公园,1,1,1
上海,10月,北美公寓,1,1,7
上海,10月,华东师范大学第二附属中学附属初级中学(紫凤路),1,1,1
上海,10月,华东理工大学(徐汇区梅陇路130号),1,1,1
上海,10月,华泾徐汇区西岸自然艺术公园(徐梅路南150米),1,1,13
上海,10月,华翔绿地,1,1,8
上海,10月,南汇东滩魔术林,1,1,25
上海,10月,南汇嘴观海公园东北,1,1,28
上海,10月,南汇新城春花秋色公园,1,1,33
上海,10月,南汇新城芦潮港公园,1,1,13
上海,10月,南汇新城镇,1,1,17
上海,10月,南汇新城镇世纪塘路东100米,1,1,17
上海,10月,南竹港,1,1,1
上海,10月,南箐园,1,1,12
上海,10月,南门码头西侧堤岸,1,1,1
上海,10月,友好村,1,1,6
上海,10月,叠桥村荒地,1,1,8
上海,10月,古楼村,1,1,6
上海,10月,古猗园,1,1,12
上海,10月,叶家花园,1,1,13
上海,10月,同济大学(四平路校区),1,1,10
上海,10月,同润·山河小城,1,1,5
上海,10月,同润加州,1,1,1
上海,10月,听翠园(上海市闵行区),1,1,8
上海,10月,吴泾公园,1,1,7
上海,10月,吴淞江鸟类栖息地,1,1,25
上海,10月,和平公园,1,1,13
上海,10月,唐丰公园,1,1,3
上海,10月,唐城绿地文化公园,1,1,14
上海,10月,嘉定区丰庄金沙绿地(丰庄路西50米),1,1,9
上海,10月,嘉定区南翔镇真南路(鹤槎山峰墩烟墩),1,1,12
上海,10月,嘉定区江桥镇谢家村,1,1,5
上海,10月,嘉定区浏岛野生动物重要栖息地,1,1,19
上海,10月,嘉宝片林,1,1,10
上海,10月,四平科技公园,1,1,10
上海,10月,团结塘路,1,1,6
上海,10月,围场河路与纬十一路交叉口,1,1,5
上海,10月,堤顶路,1,1,22
上海,10月,堤顶路与海基五路交叉口,1,1,14
上海,10月,复旦大学(江湾校区)学生宿舍1期,1,1,12
上海,10月,复旦大学(邯郸校区)北区学生公寓,1,1,1
上海,10月,复旦大学江湾生活园区,1,1,13
上海,10月,复旦大学邯郸校区,1,1,1
上海,10月,夏阳湖(青浦区夏阳街道青龙路49号附近),1,1,5
上海,10月,夏雨厅,1,1,9
上海,10月,外金家宅,1,1,1
上海,10月,大上海国际花园(闵行区漕宝路1555弄),1,1,10
上海,10月,大华行知公园,1,1,7
上海,10月,大宁灵石公园,1,1,16
上海,10月,大宁郁金香公园,1,1,12
上海,10月,大统路芷江路口-上海站北广场,1,1,7
上海,10月,大黄村公园,1,1,14
上海,10月,太平桥公园,1,1,11
上海,10月,太阳岛旅游度假区,1,1,5
上海,10月,奇迹花园,1,1,14
上海,10月,奉贤区上海地产农业投资发展有限公司华电灰坝种植基地,1,1,19
上海,10月,奉贤区上海正元机械制造有限公司西南(海思路南),1,1,19
上海,10月,奉贤区庄行镇渔沥村,1,1,24
上海,10月,奉贤区柘林镇太平桥,1,1,5
上海,10月,奉贤区棕榈滩海景城南300米(海棠路南),1,1,9
上海,10月,奉贤沿海,1,1,25
上海,10月,嫩江路,1,1,1
上海,10月,安技驾校(总部直营),1,1,8
上海,10月,宛平路80弄小区,1,1,4
上海,10月,宝山区东鼎国际东北(漠河路),1,1,1
上海,10月,宝山区智力公园(呼兰西路北),1,1,12
上海,10月,宝山区月浦镇沈家桥村,1,1,5
上海,10月,宝山区杨盛公园(泰和路北),1,1,14
上海,10月,宝山区罗店镇沪太公路(美兰西湖公园),1,1,5
上海,10月,宝山区罗泾镇花红薄家宅,1,1,15
上海,10月,宝山区郊环隧道(吴淞炮台湾湿地森林公园),1,1,4
上海,10月,家三林,1,1,3
上海,10月,富锦路地铁站-白沙公园,1,1,19
上海,10月,小公园,1,1,7
上海,10月,小昆山园(上海市松江区山西路4号),1,1,12
上海,10月,山深村,1,1,8
上海,10月,岑卜村,1,1,11
上海,10月,崇明东滩保护区优化区,1,1,38
上海,10月,崇明东滩湿地区,1,1,54
上海,10月,崇明区上海崇明东滩鸟类国家级自然保护区停车场西南,1,1,10
上海,10月,崇明区东滩鸟类国家级自然保护区东北200米,1,1,20
上海,10月,崇明区陈家镇丁坝,1,1,12
上海,10月,崇明区陈家镇陈西十三队,1,1,20
上海,10月,崇明区鸟调沿线,1,1,27
上海,10月,崇明岛北湖,1,1,47
上海,10月,川杨河畔,1,1,6
上海,10月,康桥半岛4期,1,1,7
上海,10月,张家浜南岸,1,1,9
上海,10月,张家浜楔形绿地工程1期指挥部,1,1,5
上海,10月,张江人工智能岛,1,1,3
上海,10月,张衡公园,1,1,10
上海,10月,张马村,1,1,5
上海,10月,徐汇区名人花苑(东区),1,1,4
上海,10月,徐汇滨江进木港,1,1,8
上海,10月,徐浦大桥,1,1,1
上海,10月,怒江小区,1,1,1
上海,10月,悦读森林,1,1,1
上海,10月,新时代富嘉花园,1,1,18
上海,10月,新江湾城公园(上海市杨浦区政和路),1,1,3
上海,10月,新江湾城生态展示馆,1,1,22
上海,10月,昆秀湖湿地公园(上海市松江区),1,1,15
上海,10月,春申万科城假日风景南区,1,1,22
上海,10月,春花秋色公园,1,1,19
上海,10月,普陀区教育学院,1,1,4
上海,10月,普陀区梦清园环保主题公园(宜昌路北),1,1,12
上海,10月,普陀区梦清园环保主题公园(清水湾路东),1,1,12
上海,10月,普陀区清涧新村第六小区南100米(金鼎路南),1,1,3
上海,10月,智创壹佰+康鹏生命科技产业园,1,1,2
上海,10月,曹杨四村西区,1,1,9
上海,10月,曹路郊环外基本农田,1,1,5
上海,10月,朱泾镇秀洲村开放休闲林,1,1,13
上海,10月,杜行渡口,1,1,9
上海,10月,杨家宅(海塘新路),1,1,29
上海,10月,杨浦公园,1,1,8
上海,10月,杨浦区新江湾城清流环一路,1,1,1
上海,10月,杨浦区杨浦滨江党群服务站杨树浦驿站(电站辅机厂站),1,1,4
上海,10月,杨浦区船台PARK(共青路东150米),1,1,3
上海,10月,松江区新桥沿海·丽水馨庭1期(明中路北50米),1,1,4
上海,10月,松江区永丰街道顺风桥,1,1,15
上海,10月,桃浦中央绿地（沪嘉高速至常和路）,1,1,7
上海,10月,森兰绿地（北区二期）,1,1,17
上海,10月,横沙岛,1,1,6
上海,10月,母亲林(上海市闵行区),1,1,3
上海,10月,永丰村十一组,1,1,13
上海,10月,沿北公园,1,1,21
上海,10月,泗泾刘夏河桥,1,1,4
上海,10月,浦东小桉路,1,1,18
上海,10月,浦东新区三林路渡口(轮渡站)西北300米,1,1,19
上海,10月,浦东新区上海临港海上风力发电有限公司西(东港大道),1,1,4
上海,10月,浦东新区上海南汇嘴大堤酒店西北(世纪塘路北),1,1,26
上海,10月,浦东新区上海市建平实验中学(张江校区)东南400米,1,1,3
上海,10月,浦东新区上海市陆行中学北校(浦东北路东50米),1,1,2
上海,10月,浦东新区上海电力大学(临港校区),1,1,1
上海,10月,浦东新区世纪梅园(花木路北),1,1,8
上海,10月,浦东新区中国(上海)自由贸易试验区临港新片区,1,1,21
上海,10月,浦东新区同济大学海洋科学技术研究中心南(世纪塘路),1,1,9
上海,10月,浦东新区星创科技广场,1,1,9
上海,10月,浦东新区智选假日酒店西南800米(世纪塘路北),1,1,5
上海,10月,浦东新区生境东岸,1,1,10
上海,10月,浦东新区祝桥镇,1,1,1
上海,10月,浦东新区耀华滨江绿地露营地(耀江路西),1,1,8
上海,10月,浦东滨江公园,1,1,12
上海,10月,海基五路与海洋五路交叉口,1,1,1
上海,10月,海湾国家森林公园,1,1,11
上海,10月,海西路,1,1,11
上海,10月,淀浦河绿地,1,1,23
上海,10月,清涧公园,1,1,7
上海,10月,清环流三路,1,1,3
上海,10月,湄浦河桥边树林,1,1,11
上海,10月,滨江公园,1,1,15
上海,10月,滨江公园（东岸绿道）,1,1,4
上海,10月,滨江绿道-望江驿13号驿站,1,1,22
上海,10月,滴水湖公园-黄日港,1,1,4
上海,10月,滴水湖北线,1,1,41
上海,10月,环湖北三路,1,1,23
上海,10月,白鹭园,1,1,10
上海,10月,盐平路,1,1,15
上海,10月,真源居住小区(上海市普陀区),1,1,4
上海,10月,石湖荡镇东夏村,1,1,12
上海,10月,碧云绿地·碧云湖公园,1,1,11
上海,10月,碧云绿地盈动公园,1,1,2
上海,10月,碧海金沙(奉贤区海湾旅游区海鸥路39号),1,1,7
上海,10月,碧海金沙烂尾楼群,1,1,20
上海,10月,碧海金沙金汇塘路,1,1,12
上海,10月,祝桥镇祝西村2组,1,1,1
上海,10月,竹园绿地-峨山路613号,1,1,9
上海,10月,紫罗兰家苑,1,1,2
上海,10月,绿地世纪城1期绿地世纪花园,1,1,8
上海,10月,绿地新翔家园,1,1,2
上海,10月,罗泾镇,1,1,21
上海,10月,老港镇东滩北林地绿地,1,1,19
上海,10月,航头走到哪儿都算自留地,1,1,1
上海,10月,芷江西路239弄小区,1,1,3
上海,10月,苏州河梦清园环保主题公园(宜昌路66),1,1,15
上海,10月,荷香路 周边,1,1,8
上海,10月,莘庄梅园,1,1,11
上海,10月,莘庄梅园听翠园得翠园,1,1,11
上海,10月,蝶语园,1,1,15
上海,10月,衡山公园,1,1,1
上海,10月,西沙明珠湖景区(崇明区三华公路333号),1,1,7
上海,10月,西沙明珠湖景区-西沙湿地,1,1,5
上海,10月,赤风港周边湿地,1,1,16
上海,10月,赤风港湿地中心赤万心飞翔,1,1,1
上海,10月,辅德里公园,1,1,1
上海,10月,迪士尼星愿公园,1,1,9
上海,10月,通波塘绿道,1,1,1
上海,10月,通跃路绿化林,1,1,3
上海,10月,都市星城,1,1,1
上海,10月,金商公路,1,1,9
上海,10月,金山区亭林镇北庄,1,1,11
上海,10月,金山区林业三防中心(上海市),1,1,18
上海,10月,金山卫站2号停车场,1,1,6
上海,10月,金山嘴渔村景区,1,1,3
上海,10月,金山嘴渔村边滩,1,1,5
上海,10月,金山广场,1,1,17
上海,10月,金山魔术林,1,1,11
上海,10月,金汇塘路与团结塘路交叉口,1,1,15
上海,10月,金汇港码头,1,1,6
上海,10月,金海湿地公园(浦东新区民唐路198号),1,1,11
上海,10月,金谊河畔,1,1,10
上海,10月,钱曹路秋眉泾交叉口农田,1,1,5
上海,10月,锦尊体育公园,1,1,3
上海,10月,锦绣江南1期,1,1,1
上海,10月,长兴岛,1,1,2
上海,10月,长宁区Bosch博世研发中心总部大楼(福泉北路西),1,1,4
上海,10月,长宁区天山路(威宁路地铁站),1,1,1
上海,10月,长宁图书馆,1,1,1
上海,10月,长宁生态绿道,1,1,7
上海,10月,闵行体育公园(闵行区新镇路456号),1,1,17
上海,10月,闵行体育馆,1,1,11
上海,10月,闵行区古美小区南(平南路南),1,1,4
上海,10月,闵行区建筑建材业管理所,1,1,2
上海,10月,闵行区新时代富嘉花园(平吉路北150米),1,1,13
上海,10月,闵行区梅陇生态公园(伟业路西),1,1,8
上海,10月,闵行南部科创公园,1,1,17
上海,10月,闻翠园,1,1,11
上海,10月,陆家嘴滨江,1,1,10
上海,10月,陆家嘴金融贸易区老白渡滨江绿地,1,1,9
上海,10月,随缘,1,1,1
上海,10月,青浦区中铁·逸都2期(青竹路西50米),1,1,12
上海,10月,青浦区徐泾工业园区禄渊国际(汇龙路西),1,1,8
上海,10月,青浦区淀山湖风景区(沪青平公路北),1,1,6
上海,10月,青浦区金泽镇懂家浜,1,1,4
上海,10月,青西郊野公园周边开放式林地,1,1,13
上海,10月,静安区彭浦宝华国际广场(广中西路北),1,1,6
上海,10月,静安区永和教师苑东50米(康宁路西),1,1,9
上海,10月,马陆葡萄主题公园,1,1,14
上海,10月,魔术林,1,1,35
上海,10月,魔术林2号林,1,1,5
上海,10月,鸟调10赤风港湿地中心芦苇地,1,1,35
上海,10月,鸟调2滩涂南线,1,1,31
上海,10月,鸟调5东日线,1,1,45
上海,10月,鸫鸫林,1,1,11
上海,10月,鹏海绿地公园,1,1,11
上海,10月,鹦鹉洲生态湿地(上海市金山区),1,1,19
上海,10月,黄浦码头,1,1,5
上海,10月,黑鱼弄小区,1,1,1
上海,10月,龙东公园（云天湖公园）,1,1,17
上海,10月,龙泉港出海闸(山阳镇朱山路201号),1,1,14
上海,11月,世纪公园,276,467,40
上海,11月,吴淞炮台湾湿地森林公园,208,245,42
上海,11月,南汇东滩,156,291,85
上海,11月,大宁公园,65,80,42
上海,11月,南汇嘴观海公园,57,75,58
上海,11月,吴淞炮台湾公园,54,55,44
上海,11月,崇明东滩,47,65,75
上海,11月,碧云绿地·云天湖公园,47,63,38
上海,11月,紫竹荒地,34,43,51
上海,11月,炮台湾湿地,32,33,29
上海,11月,上海滨江森林公园,31,36,40
上海,11月,中山公园,27,33,17
上海,11月,金海湿地公园,26,28,41
上海,11月,世纪公园-7号门,25,33,38
上海,11月,南汇嘴魔术林,24,31,58
上海,11月,共青森林公园,21,27,42
上海,11月,上海植物园,16,21,39
上海,11月,滴水湖,16,18,33
上海,11月,星愿公园,15,17,30
上海,11月,西西洋淀,14,26,44
上海,11月,绥德公园,14,21,29
上海,11月,后滩公园,14,18,32
上海,11月,世纪公园世纪梅园(上海市浦东新区),14,17,34
上海,11月,鹦鹉洲生态湿地,14,15,41
上海,11月,崇明北湖,14,14,57
上海,11月,上海海洋大学临港校区,13,30,28
上海,11月,上海交通大学-植物园,13,19,24
上海,11月,闵行体育公园,13,15,29
上海,11月,顾村公园,13,14,38
上海,11月,上海崇明东滩鸟类国家级自然保护区,12,15,50
上海,11月,上海辰山植物园,12,13,26
上海,11月,新虹桥中心花园,11,19,21
上海,11月,鸟调7魔术林线,11,17,81
上海,11月,三三公路与世纪塘路交叉口(浦东新区),11,15,55
上海,11月,上海交通大学(闵行校区),10,16,21
上海,11月,小桉路,10,16,41
上海,11月,上海动物园,10,11,25
上海,11月,浦东新区南汇新城镇东日,10,10,47
上海,11月,迪士尼星愿湖,10,10,21
上海,11月,世博后滩湿地公园,9,11,26
上海,11月,复旦大学江湾校区,9,11,33
上海,11月,碧海金沙,9,11,56
上海,11月,东滩北八滧湿地,9,9,50
上海,11月,宝山区上海大学(宝山校区),8,17,32
上海,11月,鸟调8赤风港湿地中心北库塘,8,12,34
上海,11月,世博文化公园,8,10,29
上海,11月,嘉北郊野公园,8,10,35
上海,11月,奉贤小魔术林,7,18,34
上海,11月,华东理工大学,7,14,15
上海,11月,上海交通大学(闵行校区)蔷薇园,7,11,22
上海,11月,渔人码头,7,11,27
上海,11月,上海世博文化公园,7,9,28
上海,11月,东滩保护区,7,8,47
上海,11月,南汇东日湿地,7,8,35
上海,11月,浦东新区南汇嘴观海公园(世纪塘路西),7,7,41
上海,11月,赤风港湿地中心,7,7,48
上海,11月,徐家汇公园,6,29,15
上海,11月,上海科技大学(张江校区),6,25,35
上海,11月,松江洞泾百花港开放休闲林地,6,11,30
上海,11月,罗泾水源涵养林,6,7,60
上海,11月,鸟调1滩涂北线,6,7,29
上海,11月,东滩湿地公园,6,6,24
上海,11月,蝶语园,6,6,22
上海,11月,鸟调6基本农田线,6,6,30
上海,11月,大宁公园(上海市静安区广中西路288号),5,16,23
上海,11月,上海海事大学临港校区,5,14,28
上海,11月,鸟调10赤风港湿地中心芦苇地,5,9,32
上海,11月,南汇湿地,5,7,72
上海,11月,闵行区紫竹半岛及兰香湖,5,7,34
上海,11月,华东理工大学(奉贤校区),5,6,19
上海,11月,上海闵行体育公园,5,5,27
上海,11月,长兴岛郊野公园,5,5,26
上海,11月,闵行文化公园,5,5,18
上海,11月,陆家嘴中心绿地,4,12,12
上海,11月,奉贤区小基本农田,4,7,23
上海,11月,上海海洋大学,4,6,20
上海,11月,丰收村,4,6,20
上海,11月,康桥生态园-沔青绿地,4,6,27
上海,11月,三三公路与世纪塘路交叉口,4,5,51
上海,11月,新江湾城生态走廊,4,5,20
上海,11月,涟动公园,4,5,22
上海,11月,金山嘴渔村边滩,4,5,36
上海,11月,三三公路近堤顶路,4,4,58
上海,11月,上海南汇嘴大堤酒店,4,4,48
上海,11月,上海市浦东新区X601(锦绣路),4,4,15
上海,11月,上海青西郊野公园,4,4,40
上海,11月,世纪公园-风荷桥,4,4,26
上海,11月,世纪公园镜天湖,4,4,20
上海,11月,东日湿地,4,4,54
上海,11月,南汇嘴观海公园上海南汇嘴大堤酒店,4,4,37
上海,11月,南汇魔术林,4,4,27
上海,11月,奉贤区碧海金沙(海涵路北150米),4,4,47
上海,11月,寺嘴角路,4,4,32
上海,11月,崇明东滩湿地,4,4,51
上海,11月,崇明岛上实农业园区,4,4,26
上海,11月,横沙岛,4,4,41
上海,11月,闵行区春申假日风景畹町路99弄,3,16,22
上海,11月,高东生态园,3,10,16
上海,11月,康健园,3,9,18
上海,11月,同济大学(嘉定校区),3,6,17
上海,11月,朱泾镇秀洲村开放休闲林,3,6,18
上海,11月,白沙公园,3,6,14
上海,11月,鲁迅公园,3,6,12
上海,11月,上海汽车博览公园,3,5,16
上海,11月,松江区石塔庙,3,5,31
上海,11月,三三公路与世纪塘路交叉口南,3,4,31
上海,11月,上海植物园(徐汇区龙吴路1111号),3,4,23
上海,11月,漕河泾开发区公园,3,4,10
上海,11月,鸟调3滴水湖北线,3,4,19
上海,11月,上海南汇嘴大堤酒店(世纪塘路333号),3,3,13
上海,11月,上海南汇大堤,3,3,49
上海,11月,上海崇明东滩鸟类国家级自然保护区停车场,3,3,24
上海,11月,上海浦江第一湾公园,3,3,24
上海,11月,上海滨江森林公园生态林,3,3,21
上海,11月,世纪公园赏梅木栈道,3,3,8
上海,11月,乡间田地,3,3,36
上海,11月,前京大道,3,3,21
上海,11月,华东师范大学（闵行校区）,3,3,5
上海,11月,南汇世纪塘路魔术林,3,3,52
上海,11月,南汇新城镇世纪塘路东100米,3,3,61
上海,11月,南汇新城镇世纪塘路西200米,3,3,63
上海,11月,嘉定区绥德公园(绥德路北100米),3,3,11
上海,11月,建新村（蝶语园）,3,3,15
上海,11月,昆阳湖,3,3,8
上海,11月,桃浦中央绿地（沪嘉高速至常和路）,3,3,5
上海,11月,梦清园环保主题公园,3,3,27
上海,11月,浦江第一湾公园,3,3,32
上海,11月,海坤路草坪,3,3,10
上海,11月,海思路基本农田,3,3,8
上海,11月,迪斯尼星愿公园,3,3,29
上海,11月,魔术林,3,3,58
上海,11月,鸟调2滩涂南线,3,3,38
上海,11月,鸟调4滴水湖南线,3,3,24
上海,11月,鸟调9赤风港湿地中心南库塘,3,3,25
上海,11月,鹦鹉洲生态湿地(上海市金山区),3,3,59
上海,11月,上海植物园-3号门,2,11,11
上海,11月,上海海事大学(临港校区),2,5,20
上海,11月,金山城市沙滩景区,2,5,14
上海,11月,华东师范大学生态岛,2,4,12
上海,11月,复旦大学附属中学,2,4,8
上海,11月,延中广场公园,2,4,15
上海,11月,张衡公园,2,4,15
上海,11月,陆家嘴中心绿地-中心湖,2,4,12
上海,11月,上海科技大学,2,3,30
上海,11月,东滩鸟类国家级自然保护区,2,3,33
上海,11月,东郊宾馆,2,3,22
上海,11月,同济大学四平路校区,2,3,16
上海,11月,小公园,2,3,15
上海,11月,广富林郊野公园,2,3,17
上海,11月,朱巷宅,2,3,18
上海,11月,燎鱼村(上海市奉贤区),2,3,39
上海,11月,秋霞圃,2,3,8
上海,11月,蒙山中学(上海市金山区龙胜路100),2,3,9
上海,11月,上实农田,2,2,28
上海,11月,上海临港海上风力发电有限公司西(东港大道),2,2,20
上海,11月,上海之鱼,2,2,16
上海,11月,上海人民广场,2,2,7
上海,11月,上海吴淞炮台湾国家湿地公园,2,2,16
上海,11月,上海外国语大学(松江校区),2,2,23
上海,11月,上海市浦东新区花木街道,2,2,5
上海,11月,上海浦东三林滨江,2,2,16
上海,11月,上海海湾国家森林公园,2,2,38
上海,11月,世博文化公园双子山,2,2,16
上海,11月,世纪塘路,2,2,33
上海,11月,世纪塘路交叉口与三三公路交叉口附近,2,2,18
上海,11月,中原中学,2,2,7
上海,11月,人民公园,2,2,8
上海,11月,前滩休闲公园(上海市浦东新区前滩大道),2,2,17
上海,11月,南汇三三公路到一号堤,2,2,52
上海,11月,南汇嘴大堤,2,2,9
上海,11月,南汇嘴观海公园(上海市浦东新区世纪塘路),2,2,47
上海,11月,嘉松中路沈砖公路(洞泾地铁站),2,2,15
上海,11月,堤顶路,2,2,12
上海,11月,堤顶路与东港大道交叉口,2,2,37
上海,11月,复旦大学邯郸校区,2,2,1
上海,11月,大宁灵石公园,2,2,17
上海,11月,小桉路农田,2,2,15
上海,11月,崇明区上海崇明东滩鸟类国家级自然保护区停车场北,2,2,69
上海,11月,徐家塘,2,2,19
上海,11月,新江湾湿地生态观鸟拍鸟基地,2,2,10
上海,11月,春光公园,2,2,12
上海,11月,普陀区桃浦镇沪嘉高速公路,2,2,10
上海,11月,杨浦公园,2,2,10
上海,11月,杨浦滨江,2,2,9
上海,11月,松江中央公园,2,2,2
上海,11月,浦东南汇东滩湿地,2,2,10
上海,11月,浦东新区世纪公园(风荷桥北),2,2,11
上海,11月,浦东新区南汇嘴观海公园(世纪塘路北),2,2,50
上海,11月,浦东新区滨江森林公园1号门(随塘公路北),2,2,20
上海,11月,浦东金海湿地公园,2,2,13
上海,11月,海湾镇沿岸,2,2,66
上海,11月,清涧公园,2,2,12
上海,11月,渔人码头(上海市奉贤区海鸥路),2,2,18
上海,11月,滨江绿道-望江驿13号驿站,2,2,24
上海,11月,碧海金沙(奉贤区海湾旅游区海鸥路39号),2,2,30
上海,11月,蔷薇园,2,2,11
上海,11月,西沙明珠湖景区(崇明区三华公路333号),2,2,8
上海,11月,赤风港,2,2,26
上海,11月,辰山植物园,2,2,18
上海,11月,迪士尼星愿公园,2,2,17
上海,11月,长兴岛,2,2,8
上海,11月,闵行区吴泾镇龙吴路(兰香湖贰号),2,2,36
上海,11月,青浦区淀山湖观景台(沪青平公路北50米),2,2,2
上海,11月,鸟调5东日线,2,2,30
上海,11月,黄兴公园,2,2,8
上海,11月,徐汇万科中心,1,17,16
上海,11月,上海交通大学(闵行校区)北区博士生公寓,1,15,3
上海,11月,卫星港绿道,1,15,16
上海,11月,嘉定区南翔和平小区(和平街),1,14,7
上海,11月,嘉定区上隽嘉苑东区东北(云安路东),1,12,17
上海,11月,上海大学附属嘉定高级中学,1,11,9
上海,11月,上海应用技术大学植物园,1,8,11
上海,11月,市教师教育学院,1,7,11
上海,11月,金山枫泾白牛塘,1,7,21
上海,11月,上海植物园植物大楼,1,6,8
上海,11月,汤巷体育公园,1,6,24
上海,11月,上海应用技术大学池塘,1,5,10
上海,11月,徐汇区GateM西岸梦中心(龙腾大道东),1,5,14
上海,11月,银秋路河道,1,5,14
上海,11月,闵行区金铭福邸(瑞丽路东150米),1,5,4
上海,11月,陶氏化学有限公司(上海市浦东新区),1,5,15
上海,11月,华东理工大学(奉贤校区)-西门,1,4,19
上海,11月,南汇嘴至东滩湿地,1,4,103
上海,11月,米市渡郊野公园,1,4,23
上海,11月,金桥公园,1,4,12
上海,11月,鸫鸫林,1,4,10
上海,11月,三林城市森林,1,3,19
上海,11月,上海图书馆,1,3,1
上海,11月,上海市嘉定一中附属小学(北大街271号),1,3,5
上海,11月,上海市松江二中,1,3,4
上海,11月,上海财经大学(国定路校区),1,3,10
上海,11月,古棕路,1,3,14
上海,11月,崇明生态研究院,1,3,20
上海,11月,普陀区半马苏河公园(真北路东50米),1,3,20
上海,11月,松江区外下洋路,1,3,22
上海,11月,通波塘河边绿化带,1,3,11
上海,11月,金悦华庭,1,3,7
上海,11月,金龙新村,1,3,5
上海,11月,陈春路绿化公园,1,3,1
上海,11月,黑鱼弄小区,1,3,1
上海,11月,上海南汇东滩湿地,1,2,66
上海,11月,上海市嘉北郊野公园,1,2,5
上海,11月,上海市嘉定二中,1,2,9
上海,11月,上海市滨江滑板公园,1,2,18
上海,11月,上海市漕河泾开发区公共运动场,1,2,6
上海,11月,上海师范大学附属杨浦滨江实验小学,1,2,4
上海,11月,仁恒河滨城2期,1,2,11
上海,11月,北干庄头,1,2,35
上海,11月,华东政法大学(松江校区),1,2,8
上海,11月,南汇新城春花秋色公园,1,2,18
上海,11月,南汇新城镇三三公路南400米,1,2,45
上海,11月,古北新城,1,2,9
上海,11月,后滩区域,1,2,15
上海,11月,四团镇,1,2,8
上海,11月,夏阳湖(青浦区夏阳街道青龙路49号附近),1,2,16
上海,11月,外滩,1,2,12
上海,11月,始信北苑,1,2,9
上海,11月,建邦国宸府,1,2,3
上海,11月,张江汤臣豪园,1,2,10
上海,11月,徐汇区上海师范大学(徐汇校区)西部,1,2,2
上海,11月,惠南镇乐源城公寓公园,1,2,8
上海,11月,智创壹佰+康鹏生命科技产业园,1,2,2
上海,11月,杨浦区上海师范大学附属杨浦滨江实验小学(顺平路北),1,2,10
上海,11月,松江区新桥沿海·丽水馨庭1期(明中路北50米),1,2,7
上海,11月,柳园公园,1,2,9
上海,11月,母亲林(上海市闵行区),1,2,2
上海,11月,沈杨公园,1,2,13
上海,11月,洋泾港休闲广场,1,2,19
上海,11月,浦东新区北蔡大华·锦绣华城(北区),1,2,2
上海,11月,海天花园,1,2,1
上海,11月,海滨新二村,1,2,2
上海,11月,瑞虹新城2期,1,2,5
上海,11月,真源居住小区(上海市普陀区),1,2,3
上海,11月,罗泾镇,1,2,36
上海,11月,芷江西路街道,1,2,10
上海,11月,衡山公园,1,2,4
上海,11月,金地双都会南侧绿化带,1,2,1
上海,11月,金山边滩新大堤,1,2,16
上海,11月,金瀚园,1,2,20
上海,11月,长风公园,1,2,13
上海,11月,闸北公园,1,2,8
上海,11月,陕西北路,1,2,9
上海,11月,雨蛙生态农场,1,2,7
上海,11月,霸河,1,2,20
上海,11月,青浦区北箐园(华浦路西),1,2,13
上海,11月,黄浦码头,1,2,6
上海,11月,黑松路杨高路绿地,1,2,22
上海,11月,龙华港泵闸,1,2,9
上海,11月,5号路鱼蟹塘,1,1,23
上海,11月,Y18-星愿公园,1,1,28
上海,11月,丁坝,1,1,7
上海,11月,丁连村民公园,1,1,8
上海,11月,七百亩(上海市青浦区),1,1,13
上海,11月,万科城市花园,1,1,1
上海,11月,万里城中央绿地-北区,1,1,1
上海,11月,三好坞景观餐厅,1,1,1
上海,11月,三桥绿地,1,1,21
上海,11月,上元路与沪城环路交叉口,1,1,1
上海,11月,上实农业园区,1,1,37
上海,11月,上师大奉贤校区,1,1,8
上海,11月,上海世纪公园,1,1,10
上海,11月,上海东滩北八滧中心及附近,1,1,8
上海,11月,上海乐高乐园度假区(乐缤路),1,1,12
上海,11月,上海交通大学(闵行校区)涵泽湖,1,1,3
上海,11月,上海交通大学徐汇校区,1,1,6
上海,11月,上海交通大学电子信息与电气工程学院,1,1,1
上海,11月,上海交通大学附属第一人民医院,1,1,3
上海,11月,上海公安学院,1,1,14
上海,11月,上海南汇中学,1,1,5
上海,11月,上海吴淞炮台湾国家湿地森林公园,1,1,17
上海,11月,上海吴淞炮台湾湿地森林公园,1,1,24
上海,11月,上海天空之镜,1,1,12
上海,11月,上海宝钢水库,1,1,51
上海,11月,上海崇明如山酒店,1,1,16
上海,11月,上海市嘉定一中,1,1,3
上海,11月,上海市奉贤区S123(浦星公路),1,1,20
上海,11月,上海市宝山区中成智谷火车菜园,1,1,6
上海,11月,上海市崇明区东滩,1,1,19
上海,11月,上海市崇明区北湖湿地,1,1,23
上海,11月,上海市控江中学,1,1,9
上海,11月,上海市莘庄中学,1,1,10
上海,11月,上海市闵行中学,1,1,10
上海,11月,上海市闵行区龙茗路,1,1,1
上海,11月,上海师范大学,1,1,1
上海,11月,上海戏剧学院(虹桥路校区),1,1,1
上海,11月,上海植物园-樱花林,1,1,7
上海,11月,上海浦东新区豆香园,1,1,8
上海,11月,上海浦江郊野公园,1,1,6
上海,11月,上海海昌海洋公园(上海市银飞路166号),1,1,14
上海,11月,上海海洋大学(临港校区),1,1,1
上海,11月,上海海洋大学产学研基地,1,1,14
上海,11月,上海滨江森林公园-东区,1,1,4
上海,11月,上海理工大学,1,1,16
上海,11月,上海电机学院(临港校区),1,1,10
上海,11月,上海科技大学张江校区,1,1,16
上海,11月,上海行健职业学院(原平路分校),1,1,1
上海,11月,上海迪士尼乐园,1,1,1
上海,11月,上海陆家嘴江滨公园,1,1,13
上海,11月,上海陆家嘴滨江大道,1,1,12
上海,11月,上海鲜花港,1,1,19
上海,11月,上生新所,1,1,4
上海,11月,上科大西侧绿地,1,1,19
上海,11月,世纪公园-世纪梅园,1,1,10
上海,11月,世纪公园-夏园,1,1,24
上海,11月,世纪公园一尺花园,1,1,13
上海,11月,东方明珠公园,1,1,9
上海,11月,东方绿舟,1,1,17
上海,11月,东方绿舟安全教育实训基地,1,1,5
上海,11月,东港大道堤顶路,1,1,1
上海,11月,东滩鸟类国家级自然保护区管理处,1,1,20
上海,11月,中兴公园,1,1,6
上海,11月,中山公寓(上海市长宁区长宁路1277弄),1,1,7
上海,11月,中恒河桥,1,1,6
上海,11月,丰翔智秀公园,1,1,17
上海,11月,临港家园社区,1,1,1
上海,11月,九科绿洲,1,1,26
上海,11月,九科绿洲公园,1,1,2
上海,11月,九龙村,1,1,12
上海,11月,交通大学(闵行校区)图书馆东停车场,1,1,7
上海,11月,亩中山水园,1,1,11
上海,11月,亮景公园,1,1,16
上海,11月,位育附属徐汇科技实验中学,1,1,8
上海,11月,佘山国家森林公园东佘山园,1,1,10
上海,11月,信澜天地,1,1,11
上海,11月,假日风景临湖轩,1,1,12
上海,11月,假期风景99弄(闵行区畹町路99弄),1,1,1
上海,11月,兰香湖,1,1,19
上海,11月,共康雅苑2期,1,1,8
上海,11月,共青国家森林公园-万竹园,1,1,5
上海,11月,内江公园,1,1,1
上海,11月,北八滧,1,1,19
上海,11月,北新泾街道,1,1,6
上海,11月,北美公寓,1,1,7
上海,11月,北蔡镇一六村绿地,1,1,6
上海,11月,半马苏河公园,1,1,17
上海,11月,华东师范大学(中山北路校区),1,1,14
上海,11月,华东师范大学闵行校区音乐学院(河滨路),1,1,14
上海,11月,华东师范大学附属紫竹小学,1,1,1
上海,11月,华东理工大学(徐汇区梅陇路130号),1,1,8
上海,11月,华为研发中心,1,1,1
上海,11月,华亭荣园,1,1,5
上海,11月,华夏公园,1,1,13
上海,11月,华翔绿地,1,1,6
上海,11月,华翔绿地公园(闵行区申昆路291号),1,1,8
上海,11月,南塘村,1,1,16
上海,11月,南汇东滩基础田,1,1,20
上海,11月,南汇嘴观海公园-小卖部,1,1,38
上海,11月,南汇嘴观海公园西,1,1,41
上海,11月,南汇嘴酒店后塘,1,1,11
上海,11月,南汇新城城市公园,1,1,20
上海,11月,南汇新城镇万心飞翔,1,1,12
上海,11月,南汇新城镇小桉路北200米,1,1,13
上海,11月,南汇新城镇小桉路南300米,1,1,20
上海,11月,南汇新城镇环湖东三路东400米,1,1,18
上海,11月,南汇新城镇黄日港调蓄湖自留地,1,1,24
上海,11月,南汇海边农田,1,1,4
上海,11月,南汇观海公园,1,1,5
上海,11月,南虹港观机长廊,1,1,5
上海,11月,南门港·瀛洲公园,1,1,6
上海,11月,古漪园,1,1,8
上海,11月,台尚创意园,1,1,8
上海,11月,司南鱼记,1,1,15
上海,11月,同济大学·一二九运动场,1,1,3
上海,11月,吴泾公园,1,1,3
上海,11月,吴淞江鸟类栖息地,1,1,28
上海,11月,和平公园,1,1,13
上海,11月,和平公园自然教育中心,1,1,11
上海,11月,品尊国际公寓2期,1,1,10
上海,11月,唐城绿地文化公园,1,1,20
上海,11月,嘉北郊野公园-1号门,1,1,10
上海,11月,嘉定区双河绿地(金鼎路南50米),1,1,1
上海,11月,四季全景台花苑,1,1,7
上海,11月,四川北路公园,1,1,8
上海,11月,四平科技公园(杨浦区四平路1777),1,1,2
上海,11月,城市荒野,1,1,14
上海,11月,堤顶路与世纪塘路交叉口(上海市浦东新区),1,1,9
上海,11月,堤顶路魔术林,1,1,20
上海,11月,塘桥公园,1,1,10
上海,11月,塘桥公园-竹园绿地,1,1,12
上海,11月,复旦大学(江湾新校区),1,1,13
上海,11月,复旦大学(邯郸校区)-曦园,1,1,8
上海,11月,复旦大学(邯郸校区)北区学生公寓,1,1,1
上海,11月,复旦大学枫林校区,1,1,7
上海,11月,复旦大学江湾生活园区,1,1,32
上海,11月,复旦大学附属华山医院(西院),1,1,55
上海,11月,大东浜路石湖荡江东路及斜塘江西岸,1,1,12
上海,11月,大宁郁金香公园,1,1,7
上海,11月,大莲湖湿地(上海市青浦区环大莲湖路),1,1,2
上海,11月,大黄村公园,1,1,27
上海,11月,大黄村生态园,1,1,12
上海,11月,天山公园,1,1,2
上海,11月,天马山公园,1,1,4
上海,11月,天骄公寓,1,1,3
上海,11月,奉贤区绿地·香颂西南200米(海乐路西),1,1,11
上海,11月,宝山区东鼎国际东北(漠河路),1,1,3
上海,11月,宝山区杨盛公园(泰和路北),1,1,13
上海,11月,宝山区杨行镇龚家宅,1,1,17
上海,11月,宝山区逸仙公园(恒耀路北),1,1,1
上海,11月,宝钢七村小区,1,1,6
上海,11月,宝钢水库,1,1,28
上海,11月,小树林百鸟林,1,1,7
上海,11月,小汾泾,1,1,6
上海,11月,小苏宅水芹地,1,1,7
上海,11月,岑卜村,1,1,1
上海,11月,崇明东平国家森林公园,1,1,7
上海,11月,崇明东滩钓场,1,1,14
上海,11月,崇明区上海崇明东滩鸟类国家级自然保护区停车场西,1,1,23
上海,11月,崇明区前卫1966郊野公园(团结路西),1,1,7
上海,11月,崇明区观海楼游艇码头北900米(东旺东路西),1,1,12
上海,11月,崇明区陈家镇裕南村,1,1,10
上海,11月,崇明基地(上海市崇明区),1,1,11
上海,11月,崇明岛,1,1,46
上海,11月,崇明岛老徐垂钓场,1,1,27
上海,11月,巨萌唐老鸭,1,1,4
上海,11月,广兰公园,1,1,14
上海,11月,广南星园,1,1,3
上海,11月,康桥文化中心,1,1,7
上海,11月,康桥生态园-秀南绿地,1,1,20
上海,11月,廊下友好村东侧林湿地,1,1,17
上海,11月,廊下友好村西侧农林湿地,1,1,16
上海,11月,廊下友好村西侧林地,1,1,9
上海,11月,廊下友好村调研对照组,1,1,10
上海,11月,廊下生态园,1,1,7
上海,11月,张家浜南岸,1,1,8
上海,11月,张朴村农田,1,1,1
上海,11月,徐家汇公园(上海市徐汇区),1,1,10
上海,11月,徐汇区康健园(冠生园路北),1,1,7
上海,11月,徐汇区百合花苑(百花街南100米),1,1,1
上海,11月,徐汇区西岸自然艺术公园,1,1,12
上海,11月,徐汇滨江绿地,1,1,4
上海,11月,思源湖,1,1,2
上海,11月,惠南走到哪儿都算自留地,1,1,1
上海,11月,慈济,1,1,19
上海,11月,新时代富嘉花园,1,1,18
上海,11月,新研大厦,1,1,7
上海,11月,方塔园,1,1,9
上海,11月,昆秀湖湿地公园(上海市松江区),1,1,20
上海,11月,明珠湖公园,1,1,3
上海,11月,明珠湖观鸟点,1,1,1
上海,11月,星愿公园(上海市上海迪士尼乐园度假区内),1,1,27
上海,11月,星扬西岸中心,1,1,10
上海,11月,春申万科城假日风景南区,1,1,1
上海,11月,春申万科郊野绿园,1,1,4
上海,11月,春申上海市闵行区田园外语实验小学北(春申塘桥东北),1,1,8
上海,11月,春申景城湖畔林语,1,1,10
上海,11月,普陀区半马苏河公园(真北路东100米),1,1,14
上海,11月,普陀区梦清园环保主题公园(宜昌路北),1,1,15
上海,11月,普陀区清涧新村第六小区南100米(金鼎路南),1,1,1
上海,11月,普陀区真光真如·高陵集市北(高陵路东),1,1,15
上海,11月,曹家厍路曹家厍村,1,1,36
上海,11月,曹路郊环外基本农田,1,1,7
上海,11月,木渎港绿化带,1,1,4
上海,11月,松江一中,1,1,9
上海,11月,松江二中,1,1,6
上海,11月,松江区小昆山驾校(松江校区),1,1,5
上海,11月,松江大学城二期学生公寓(东华大学),1,1,11
上海,11月,松江泖港湿地,1,1,30
上海,11月,枫桦景苑(北区),1,1,4
上海,11月,枫阳路,1,1,16
上海,11月,柳鹭田园区,1,1,12
上海,11月,梅园公园,1,1,2
上海,11月,梅赛德斯-奔驰文化中心,1,1,4
上海,11月,梦公园(上海市闵行区桂林路907),1,1,1
上海,11月,梦清园,1,1,12
上海,11月,森兰绿地,1,1,27
上海,11月,横沙东滩,1,1,2
上海,11月,横沙新洲,1,1,63
上海,11月,橄榄路与沪城环路交叉口,1,1,3
上海,11月,橄榄路大草地,1,1,4
上海,11月,武康路,1,1,1
上海,11月,母亲林,1,1,2
上海,11月,水库村,1,1,7
上海,11月,河滨东一路与机场大道交叉口,1,1,4
上海,11月,油桥村防波堤,1,1,9
上海,11月,沿北公园,1,1,25
上海,11月,泗泾银湖,1,1,18
上海,11月,泰晤士小镇,1,1,9
上海,11月,泾溪路藕塘,1,1,13
上海,11月,浦东南汇东滩湿地(小桉路北),1,1,28
上海,11月,浦东小桉路,1,1,5
上海,11月,浦东新区三林东明公园(三林路北),1,1,12
上海,11月,浦东新区上海滨江森林公园东南区游船码头西南,1,1,11
上海,11月,浦东新区世纪公园(云帆桥西),1,1,27
上海,11月,浦东新区世纪大道(东昌路地铁站),1,1,5
上海,11月,浦东新区中国商飞上海飞机制造有限公司南600米,1,1,20
上海,11月,浦东新区北蔡锦绣路地铁站东南,1,1,2
上海,11月,浦东新区华侨银行大厦(源深路东),1,1,5
上海,11月,浦东新区南汇嘴观海公园(世纪塘路南50米),1,1,15
上海,11月,浦东新区同济大学海洋科学技术研究中心南(世纪塘路),1,1,40
上海,11月,浦东新区康桥生态园沔青公园(沔新路西150米),1,1,12
上海,11月,浦东新区惠南东城花苑(靖海路东),1,1,6
上海,11月,浦东新区曹路镇黎明村,1,1,24
上海,11月,浦东新区桃花邨东100米(城永路东侧河岸）,1,1,4
上海,11月,浦东新区江山路芦潮港桥西南,1,1,9
上海,11月,浦东新区港城·悦府南100米(沪城环路东),1,1,8
上海,11月,浦东新区碧云绿地·碧云湖公园,1,1,19
上海,11月,浦东新区竹园绿地-张家浜,1,1,1
上海,11月,浦东新区紫飞港桥东900米(环湖东三路东),1,1,14
上海,11月,浦东机场,1,1,3
上海,11月,浦东滨江公园,1,1,1
上海,11月,浦江园,1,1,5
上海,11月,浦江揽胜,1,1,8
上海,11月,海湾国家森林公园,1,1,19
上海,11月,海航路与海坤路交叉口,1,1,34
上海,11月,淀山湖,1,1,23
上海,11月,淀山湖风景区,1,1,15
上海,11月,淞南公园,1,1,8
上海,11月,渔人码头南,1,1,25
上海,11月,渔人码头海堤,1,1,32
上海,11月,湄浦河桥边树林,1,1,17
上海,11月,滧南六队,1,1,6
上海,11月,滨江岸线观景区,1,1,1
上海,11月,滨江森林公园二期,1,1,11
上海,11月,滴水湖+南汇嘴,1,1,20
上海,11月,滴水湖儿童公园,1,1,33
上海,11月,滴水湖北岛,1,1,3
上海,11月,滴水湖北线,1,1,1
上海,11月,滴水湖馨苑,1,1,6
上海,11月,漕河泾科技绿洲南区,1,1,4
上海,11月,燎原农场,1,1,5
上海,11月,留云湖,1,1,11
上海,11月,盈湖三岛,1,1,14
上海,11月,真新街道社区党群服务中心,1,1,7
上海,11月,石塔庙,1,1,16
上海,11月,碧云绿地·碧云湖公园,1,1,32
上海,11月,碧海金沙自留地,1,1,1
上海,11月,米市渡松南郊野公园,1,1,2
上海,11月,紫竹半岛,1,1,31
上海,11月,紫竹半岛(东川路333弄虹梅南路路口),1,1,18
上海,11月,紫竹半岛(寺嘴角路),1,1,14
上海,11月,紫竹荒地（华师大咕咕鸡路线）,1,1,17
上海,11月,绿城兰园,1,1,12
上海,11月,罗港园,1,1,1
上海,11月,老港镇东滩北林地绿地,1,1,31
上海,11月,胜利塘,1,1,20
上海,11月,航头走到哪儿都算自留地,1,1,1
上海,11月,芦花浜,1,1,9
上海,11月,花柏路与松萝路交叉口沿河靠近海昌,1,1,12
上海,11月,荷花垛农家乐(朱家角店),1,1,22
上海,11月,莘城中央公园,1,1,5
上海,11月,莫比乌斯公园,1,1,13
上海,11月,袜子弄通波塘河边,1,1,1
上海,11月,西岸自然艺术公园,1,1,9
上海,11月,西沙明珠湖景区,1,1,6
上海,11月,西沙湿地,1,1,7
上海,11月,西郊宾馆,1,1,12
上海,11月,边滩,1,1,2
上海,11月,进木港,1,1,12
上海,11月,邱移庙(上海市金山区),1,1,5
上海,11月,金山亭林镇,1,1,4
上海,11月,金山区友好村东侧林地,1,1,6
上海,11月,金山区林业三防中心(上海市),1,1,30
上海,11月,金山区金塘农业东北50米(漕廊公路南),1,1,7
上海,11月,金汇塘路与团结塘路交叉口,1,1,39
上海,11月,金海湿地,1,1,20
上海,11月,银翔湖公园(上海市嘉定区),1,1,15
上海,11月,锦绣文化公园,1,1,12
上海,11月,镜月湖,1,1,22
上海,11月,长兴岛骑行路线,1,1,1
上海,11月,长宁区天山河畔花园(水城路西),1,1,9
上海,11月,长宁区虹康花苑三期(泉口路南100米),1,1,15
上海,11月,长桥淀浦河步道,1,1,4
上海,11月,长江路与观海路交叉口,1,1,27
上海,11月,长江路访客中心300米左右,1,1,25
上海,11月,闵行区兰香湖贰号2期东区(江川东路北),1,1,22
上海,11月,闵行区吴泾镇凌家塘,1,1,1
上海,11月,闵行区吴泾镇陈家里,1,1,35
上海,11月,闵行区新安农副产品批发市场南100米(中春路西),1,1,7
上海,11月,闵行区集心公园西北200米(莘朱路南),1,1,1
上海,11月,闵行文化公园(闵行区漕宝路2001号),1,1,2
上海,11月,阳光建华城2期,1,1,1
上海,11月,陆家嘴水环,1,1,8
上海,11月,陆家嘴滨江,1,1,9
上海,11月,陆家嘴金融贸易区老白渡滨江绿地,1,1,10
上海,11月,陈家镇,1,1,3
上海,11月,青浦区实验中学(西校区),1,1,5
上海,11月,青浦区练塘古镇陈云纪念馆(练汇街北),1,1,4
上海,11月,青浦区金泽镇蔡浜村,1,1,7
上海,11月,青浦区青溪公园(青松路西100米),1,1,1
上海,11月,静安公园,1,1,4
上海,11月,静安区闸北公园(洛川东路北),1,1,10
上海,11月,黄日港,1,1,1
上海,11月,黄日港调蓄湖,1,1,12
上海,12月,世纪公园,229,339,36
上海,12月,金海湿地公园,155,176,43
上海,12月,南汇东滩,95,147,69
上海,12月,碧云绿地·云天湖公园,79,121,40
上海,12月,上海植物园,78,90,29
上海,12月,吴淞炮台湾湿地森林公园,76,83,35
上海,12月,南汇嘴观海公园,67,75,52
上海,12月,碧海金沙,63,83,75
上海,12月,崇明东滩,48,49,91
上海,12月,中山公园,43,58,17
上海,12月,闵行区春申假日风景畹町路99弄,43,50,18
上海,12月,上海滨江森林公园,38,44,52
上海,12月,滴水湖,30,34,43
上海,12月,上海植物园-3号门,28,53,38
上海,12月,碧海金沙(奉贤区海湾旅游区海鸥路39号),27,31,42
上海,12月,金汇港码头,27,30,23
上海,12月,春申万科城假日风景南区,25,26,17
上海,12月,上海崇明东滩鸟类国家级自然保护区,22,23,80
上海,12月,东滩北八滧湿地,22,23,55
上海,12月,崇明北湖,22,22,70
上海,12月,浦东金海湿地公园,19,19,26
上海,12月,大宁公园,16,24,27
上海,12月,鹦鹉洲生态湿地,16,19,54
上海,12月,假期风景99弄(闵行区畹町路99弄),16,16,13
上海,12月,共青森林公园,15,20,34
上海,12月,后滩公园,15,18,24
上海,12月,吴淞炮台湾公园,15,18,28
上海,12月,闵行体育公园,14,15,24
上海,12月,炮台湾湿地,14,14,37
上海,12月,五宅村,13,21,30
上海,12月,星愿公园,13,13,27
上海,12月,绥德公园,12,15,26
上海,12月,世纪公园-7号门,12,12,22
上海,12月,新虹桥中心花园,11,19,18
上海,12月,奉贤小魔术林,11,14,33
上海,12月,上海动物园,11,11,27
上海,12月,浦东新区南汇嘴观海公园(世纪塘路北),11,11,29
上海,12月,渔人码头,10,12,49
上海,12月,紫竹荒地,10,11,37
上海,12月,鸟调6基本农田线,10,11,34
上海,12月,复旦大学江湾校区,9,16,23
上海,12月,三三公路与世纪塘路交叉口南,9,9,25
上海,12月,世纪公园世纪梅园(上海市浦东新区),9,9,12
上海,12月,西沙明珠湖景区(崇明区三华公路333号),9,9,47
上海,12月,上海交通大学(闵行校区),8,16,23
上海,12月,小桉路,8,10,39
上海,12月,鸟调8赤风港湿地中心北库塘,8,9,41
上海,12月,三三公路与世纪塘路交叉口(浦东新区),8,8,28
上海,12月,奉贤区碧海金沙(海涵路北150米),8,8,40
上海,12月,春申万科郊野绿园,8,8,18
上海,12月,碧海金沙金汇塘路,8,8,38
上海,12月,金海湿地,8,8,37
上海,12月,小桉路环湖东一路公交站,7,11,22
上海,12月,世博后滩湿地公园,7,8,23
上海,12月,浦东新区世纪公园(云帆桥西),7,8,17
上海,12月,金海湿地公园(浦东新区民唐路198号),7,8,38
上海,12月,上海植物园(徐汇区龙吴路1111号),7,7,21
上海,12月,东滩保护区,7,7,78
上海,12月,嘉北郊野公园,7,7,36
上海,12月,松江洞泾百花港开放休闲林地,7,7,41
上海,12月,鲁迅公园,6,7,14
上海,12月,鹦鹉洲生态湿地(上海市金山区),6,7,30
上海,12月,上海植物园-樱花林,6,6,27
上海,12月,世博公园,6,6,27
上海,12月,世博文化公园,6,6,28
上海,12月,浦东新区上海滨江森林公园东南区游船码头西南,6,6,49
上海,12月,白沙公园,6,6,20
上海,12月,闵行区紫竹半岛及兰香湖,6,6,26
上海,12月,上海科技大学(张江校区),5,22,24
上海,12月,徐家汇公园,5,18,12
上海,12月,滴水湖+南汇嘴,5,7,43
上海,12月,西西洋淀,5,7,50
上海,12月,上海南汇嘴大堤酒店(世纪塘路333号),5,6,12
上海,12月,南汇嘴魔术林,5,6,37
上海,12月,浦江郊野公园,5,6,28
上海,12月,上海师范大学(奉贤校区),5,5,12
上海,12月,共青国家森林公园,5,5,21
上海,12月,北八滧,5,5,31
上海,12月,南汇嘴观海公园(上海市浦东新区世纪塘路),5,5,38
上海,12月,崇明岛,5,5,63
上海,12月,顾村公园,5,5,36
上海,12月,魔术林2号林,5,5,21
上海,12月,鸟调10赤风港湿地中心芦苇地,5,5,34
上海,12月,鸟调3滴水湖北线,5,5,26
上海,12月,徐汇滨江,4,8,10
上海,12月,上海辰山植物园,4,7,17
上海,12月,碧云绿地·碧云湖公园,4,7,36
上海,12月,陆家嘴中心绿地,4,6,11
上海,12月,康桥生态园-沔青绿地,4,5,32
上海,12月,闵行文化公园,4,5,21
上海,12月,上海南汇嘴大堤酒店,4,4,51
上海,12月,上海崇明岛,4,4,56
上海,12月,上海闵行体育公园,4,4,18
上海,12月,东滩鸟类国家级自然保护区,4,4,26
上海,12月,华夏中路荒草地,4,4,32
上海,12月,南汇嘴观海公园上海南汇嘴大堤酒店,4,4,18
上海,12月,明珠湖公园,4,4,48
上海,12月,海思路基本农田,4,4,15
上海,12月,西沙明珠湖景区-西沙湿地,4,4,40
上海,12月,迪士尼星愿湖,4,4,27
上海,12月,长三角生态绿色一体化发展示范区规划展示馆,4,4,26
上海,12月,鸟调1滩涂北线,4,4,21
上海,12月,鸟调7魔术林线,4,4,28
上海,12月,上海海洋大学临港校区,3,10,7
上海,12月,宝山区上海大学(宝山校区),3,6,17
上海,12月,丰翔智秀公园,3,5,24
上海,12月,涟动公园,3,5,21
上海,12月,赤风港湿地中心,3,5,33
上海,12月,上海交通大学-植物园,3,4,14
上海,12月,上海海事大学临港校区,3,4,23
上海,12月,华东理工大学(徐汇区梅陇路130号),3,4,10
上海,12月,新江湾城生态走廊,3,4,23
上海,12月,莘庄梅园听翠园得翠园,3,4,32
上海,12月,上实现代农业园区,3,3,34
上海,12月,上海众磊果蔬专业合作社,3,3,39
上海,12月,上海崇明东滩鸟类国家级自然保护区停车场(长江东路),3,3,16
上海,12月,上海市奉贤区S123(浦星公路),3,3,12
上海,12月,上海海湾国家森林公园,3,3,10
上海,12月,上海野生动物园,3,3,20
上海,12月,上海青西郊野公园,3,3,45
上海,12月,世博文化公园双子山,3,3,9
上海,12月,世纪公园赏梅木栈道,3,3,24
上海,12月,南汇嘴大堤,3,3,12
上海,12月,南汇新城城市公园,3,3,30
上海,12月,南汇新城镇世纪塘路西200米,3,3,31
上海,12月,南闸公园,3,3,16
上海,12月,嘉定区绥德公园(绥德路北100米),3,3,15
上海,12月,团结塘路,3,3,17
上海,12月,复旦大学邯郸校区,3,3,5
上海,12月,奉贤海湾旅游区,3,3,19
上海,12月,崇明东滩湿地,3,3,23
上海,12月,崇明区上海百农农业科技发展股份有限公司(观海路南),3,3,44
上海,12月,崇明区西沙明珠湖景区正门停车场(三华公路南),3,3,40
上海,12月,崇明岛老徐垂钓场,3,3,37
上海,12月,松江泖港湿地,3,3,29
上海,12月,梦清园,3,3,15
上海,12月,浦东新区同济大学海洋科学技术研究中心南(世纪塘路),3,3,25
上海,12月,浦江第一湾公园,3,3,20
上海,12月,碧海金沙烂尾楼群,3,3,21
上海,12月,芦苇地样线,3,3,19
上海,12月,进木港,3,3,10
上海,12月,迪斯尼星愿公园,3,3,30
上海,12月,迪斯尼星愿湖,3,3,27
上海,12月,鸟调9赤风港湿地中心南库塘,3,3,24
上海,12月,康健园,2,9,17
上海,12月,华东理工大学,2,8,19
上海,12月,延中广场公园,2,8,13
上海,12月,金桥公园,2,8,11
上海,12月,通波塘河边绿化带,2,7,16
上海,12月,张江汤臣豪园,2,6,12
上海,12月,上海汽车博览公园,2,5,15
上海,12月,叶家花园,2,5,13
上海,12月,堤顶路与东港大道交叉口,2,5,28
上海,12月,闸北公园,2,5,10
上海,12月,上海外国语大学(松江校区),2,4,20
上海,12月,上科大西侧绿地,2,4,17
上海,12月,外滩,2,4,10
上海,12月,上海浦江第一湾公园,2,3,12
上海,12月,上海陆家嘴滨江大道,2,3,14
上海,12月,东港大道与环湖东三路交叉口,2,3,23
上海,12月,前滩休闲公园,2,3,23
上海,12月,华东师范大学（闵行校区）,2,3,18
上海,12月,延中绿地,2,3,4
上海,12月,汤臣高尔夫别墅,2,3,11
上海,12月,滨江漫步区(浦星公路上海浦江郊野公园内),2,3,14
上海,12月,秋霞圃,2,3,10
上海,12月,罗泾水源涵养林,2,3,40
上海,12月,莘庄梅园,2,3,21
上海,12月,辅德里公园,2,3,6
上海,12月,黄日港调蓄湖,2,3,34
上海,12月,5号路南北区域,2,2,19
上海,12月,一号坝,2,2,29
上海,12月,上海世博文化公园,2,2,24
上海,12月,上海东滩北八滧中心及附近,2,2,40
上海,12月,上海临港海上风力发电有限公司西(东港大道),2,2,16
上海,12月,上海交通大学(闵行校区)蔷薇园,2,2,9
上海,12月,上海南汇嘴公园停车场,2,2,41
上海,12月,上海天空之镜,2,2,8
上海,12月,上海崇明东滩北八滧自然中心,2,2,26
上海,12月,上海崇明东滩鸟类国家级自然保护区停车场,2,2,43
上海,12月,上海市崇明区北湖湿地,2,2,16
上海,12月,上海应用技术大学(奉贤校区),2,2,18
上海,12月,上海星愿湖公园,2,2,23
上海,12月,上海海事大学(临港校区),2,2,20
上海,12月,上海海洋大学,2,2,27
上海,12月,世纪公园观鸟台,2,2,18
上海,12月,世纪公园镜天湖,2,2,9
上海,12月,东佘山,2,2,7
上海,12月,东滩湿地公园,2,2,40
上海,12月,丰收村,2,2,21
上海,12月,临港城市公园,2,2,15
上海,12月,佘山国家森林公园,2,2,4
上海,12月,半马苏河公园,2,2,9
上海,12月,华东理工大学(奉贤校区),2,2,16
上海,12月,南汇东日湿地,2,2,9
上海,12月,南汇新城镇东港大道南,2,2,39
上海,12月,南汇新城镇小桉路南300米,2,2,11
上海,12月,南汇观海公园,2,2,23
上海,12月,古猗园,2,2,12
上海,12月,和平公园,2,2,8
上海,12月,嘉定区嘉北郊野公园彭门湿地南100米(彭门支路南),2,2,22
上海,12月,嘉松中路沈砖公路(洞泾地铁站),2,2,6
上海,12月,奉贤区南桥镇王家弄,2,2,32
上海,12月,奉贤区小基本农田,2,2,11
上海,12月,奉贤区碧海金沙(海涵路北200米),2,2,64
上海,12月,奉贤区碧海金沙(海涵路南400米),2,2,57
上海,12月,奉贤小芦苇荡,2,2,6
上海,12月,崇明区东滩鸟类国家级自然保护区北1000米,2,2,36
上海,12月,广富林遗址公园,2,2,7
上海,12月,广富林郊野公园,2,2,12
上海,12月,星愿公园(上海市上海迪士尼乐园度假区内),2,2,26
上海,12月,春光公园,2,2,11
上海,12月,普陀区桃浦镇沪嘉高速公路,2,2,11
上海,12月,朱泾镇秀洲村开放休闲林,2,2,14
上海,12月,李白等十二烈士就义纪念地,2,2,15
上海,12月,杨树浦电厂遗迹公园,2,2,14
上海,12月,松江区石塔庙,2,2,45
上海,12月,桃浦中央绿地（沪嘉高速至常和路）,2,2,12
上海,12月,梅陇生态公园,2,2,17
上海,12月,浦东新区上海临港建筑渣土消纳场所西(环湖北一路南),2,2,16
上海,12月,浦东新区世纪公园(玉珠桥北),2,2,16
上海,12月,浦东新区世纪公园(风荷桥北),2,2,24
上海,12月,浦东新区南汇新城镇,2,2,16
上海,12月,浦东新区堤顶路与东港大道交叉口北,2,2,6
上海,12月,浦东新区金海钓场北300米(紫雅路西),2,2,19
上海,12月,海湾寝园,2,2,9
上海,12月,海湾镇沿岸,2,2,62
上海,12月,渔人码头(上海市奉贤区海鸥路),2,2,6
上海,12月,渔人码头南,2,2,17
上海,12月,滨江森林公园,2,2,24
上海,12月,滨江森林公园二期,2,2,19
上海,12月,滴水湖观海公园烧烤基地,2,2,15
上海,12月,燎鱼村(上海市奉贤区),2,2,18
上海,12月,环湖东三路与小桉路交叉口,2,2,30
上海,12月,碧海金沙周边,2,2,38
上海,12月,耀华滨江绿地,2,2,17
上海,12月,西沙明珠湖景区,2,2,39
上海,12月,西郊宾馆,2,2,14
上海,12月,迪士尼星愿公园,2,2,34
上海,12月,金汇塘桥,2,2,13
上海,12月,银翔湖公园(上海市嘉定区),2,2,8
上海,12月,长宁外环生态绿道,2,2,11
上海,12月,闵行区上海浦江郊野公园滨江漫步区(闲云路北),2,2,14
上海,12月,鸟调4滴水湖南线,2,2,20
上海,12月,（外围）崇明东滩鸟类国家级自然保护区,2,2,66
上海,12月,上海交通大学(闵行校区)北区博士生公寓,1,27,7
上海,12月,徐汇万科中心,1,21,14
上海,12月,嘉定区南翔和平小区(和平街),1,12,6
上海,12月,上海大学附属嘉定高级中学,1,11,9
上海,12月,嘉定区上隽嘉苑东区东北(云安路东),1,11,16
上海,12月,市教师教育学院,1,8,9
上海,12月,金龙新村,1,8,8
上海,12月,卫星港绿道,1,7,8
上海,12月,大宁公园(上海市静安区广中西路288号),1,7,17
上海,12月,黑松路杨高路绿地,1,7,21
上海,12月,松江区九龙仓兰宫(谷阳北路东200米),1,6,14
上海,12月,浦东新区中洲珑悦(丰海路),1,6,9
上海,12月,上海图书馆,1,5,3
上海,12月,枫泾镇界河弄,1,5,10
上海,12月,陕西北路,1,5,9
上海,12月,高东生态园,1,5,7
上海,12月,上海市嘉定一中,1,4,7
上海,12月,南竹港,1,4,23
上海,12月,徐汇区上海师范大学(徐汇校区)西部,1,4,6
上海,12月,金悦华庭,1,4,7
上海,12月,银秋路河道,1,4,15
上海,12月,上海应用技术大学池塘,1,3,11
上海,12月,北干庄头,1,3,42
上海,12月,华东理工大学(奉贤校区)-西门,1,3,24
上海,12月,后滩区域,1,3,28
上海,12月,复旦大学附属中学,1,3,2
上海,12月,奉贤中学,1,3,16
上海,12月,新梅绿岛苑,1,3,10
上海,12月,泾溪路藕塘,1,3,16
上海,12月,盈湖三岛,1,3,18
上海,12月,西虬江：嘉云苑—曹杨中学,1,3,4
上海,12月,钱曹路秋眉泾交叉口农田,1,3,17
上海,12月,长宁生态绿道,1,3,12
上海,12月,陶氏化学有限公司(上海市浦东新区),1,3,18
上海,12月,三林滨江城市森林,1,2,21
上海,12月,上海中医药大学,1,2,4
上海,12月,上海交通大学(闵行校区)-李政道图书馆,1,2,9
上海,12月,上海南汇东滩湿地,1,2,52
上海,12月,上海市徐汇区钦州南路10号,1,2,12
上海,12月,上海市莘庄中学,1,2,13
上海,12月,上海市闵行中学,1,2,10
上海,12月,上海应用技术大学植物园,1,2,7
上海,12月,上海理工大学,1,2,14
上海,12月,东旺沙港以西区域,1,2,23
上海,12月,中恒河桥,1,2,7
上海,12月,中洲华庭,1,2,9
上海,12月,公园宾馆,1,2,19
上海,12月,前京大道,1,2,28
上海,12月,古棕路,1,2,21
上海,12月,古浪路与玉门路交叉口北侧草地,1,2,2
上海,12月,大黄村公园,1,2,30
上海,12月,广源驾校培训基地,1,2,3
上海,12月,张家浜南岸,1,2,8
上海,12月,张衡公园,1,2,13
上海,12月,徐汇区GateM西岸梦中心(龙腾大道东),1,2,9
上海,12月,杨盛公园,1,2,26
上海,12月,松江区外下洋路,1,2,30
上海,12月,梦清园环保主题公园,1,2,14
上海,12月,森兰绿地（北区二期）,1,2,10
上海,12月,水景书香园,1,2,2
上海,12月,汤巷体育公园,1,2,24
上海,12月,泰晤士小镇,1,2,9
上海,12月,百欧欢有机生态农场,1,2,16
上海,12月,盖瑞特动力科技(上海)有限公司,1,2,2
上海,12月,真源居住小区(上海市普陀区),1,2,4
上海,12月,紫气东来公园,1,2,27
上海,12月,航头走到哪儿都算自留地,1,2,1
上海,12月,衡山公园,1,2,6
上海,12月,许家村(上海市金山区),1,2,16
上海,12月,锦绣文化公园,1,2,12
上海,12月,长宁区虹康花苑三期(泉口路南100米),1,2,13
上海,12月,闵行区莘庄邻里苑西北(莘东路南),1,2,2
上海,12月,闵行区金铭福邸(瑞丽路东150米),1,2,3
上海,12月,随塘河书塘路,1,2,16
上海,12月,青浦区新青浦世纪苑南区西南(漕穗南路北),1,2,13
上海,12月,鸟调7魔术林北线,1,2,1
上海,12月,鸟调8魔术林南线,1,2,1
上海,12月,5号路鱼蟹塘,1,1,13
上海,12月,G1501便道与七甲港路交叉口,1,1,21
上海,12月,SecondTeamofLubeiVillageLuJiazhaiAcademytownPudongNewArea,1,1,3
上海,12月,一号驿站,1,1,2
上海,12月,七五一试验基地,1,1,25
上海,12月,三三公路近堤顶路,1,1,28
上海,12月,三岛龙洲苑(金山区蒙山路1498号),1,1,14
上海,12月,三林村,1,1,3
上海,12月,三棵松区域,1,1,1
上海,12月,三湘世纪花城(西区),1,1,1
上海,12月,三甲港,1,1,23
上海,12月,上师大奉贤校区,1,1,10
上海,12月,上海临港新科园(西区),1,1,9
上海,12月,上海交通大学附属中学闵行分校-南门,1,1,8
上海,12月,上海人民广场,1,1,5
上海,12月,上海佘山国家森林公园天马山园,1,1,13
上海,12月,上海南汇大堤,1,1,9
上海,12月,上海南汇湿地虾塘,1,1,15
上海,12月,上海图书馆(东馆),1,1,1
上海,12月,上海宝钢水库,1,1,42
上海,12月,上海市嘉北郊野公园,1,1,25
上海,12月,上海市实验学校东滩高级中学,1,1,12
上海,12月,上海市崇明区东滩,1,1,51
上海,12月,上海市崇明区新海镇,1,1,33
上海,12月,上海市建平中学西校(大唐校区),1,1,1
上海,12月,上海市杨浦区军工路,1,1,1
上海,12月,上海市浦东新区X601(锦绣路),1,1,20
上海,12月,上海市浦东新区书院镇棉场村民委员会,1,1,1
上海,12月,上海市浦东新区花木街道,1,1,20
上海,12月,上海市滨海森林公园,1,1,19
上海,12月,上海市金山区人民政府,1,1,15
上海,12月,上海市阳光康复中心,1,1,6
上海,12月,上海师范大学附属杨浦滨江实验小学,1,1,6
上海,12月,上海应用技术大学(奉贤校区)东门车站,1,1,7
上海,12月,上海春城,1,1,6
上海,12月,上海植物园植物大楼,1,1,20
上海,12月,上海港复兴船务公司复兴岛基地,1,1,8
上海,12月,上海滨江森林公园-东区,1,1,9
上海,12月,上海科技大学(岳阳路校区),1,1,4
上海,12月,上海科技大学张江校区,1,1,23
上海,12月,上海视觉艺术学院教学楼,1,1,9
上海,12月,上科大周边绿地,1,1,2
上海,12月,世博公园-2号门,1,1,23
上海,12月,世纪公园一尺花园,1,1,19
上海,12月,世纪塘路,1,1,19
上海,12月,世纪塘路交叉口与三三公路交叉口附近,1,1,8
上海,12月,业煌路-658号楼,1,1,1
上海,12月,东平国家森林公园,1,1,30
上海,12月,东滩湿地公园停车场,1,1,15
上海,12月,东滩湿地公园北,1,1,26
上海,12月,东陆路,1,1,2
上海,12月,中兴镇富圩村自然中心,1,1,9
上海,12月,中央公园,1,1,10
上海,12月,中山公园-3号门,1,1,7
上海,12月,中山北路地铁站(大统路),1,1,4
上海,12月,中建六局101项目部,1,1,18
上海,12月,中海紫御豪庭-半马公园,1,1,23
上海,12月,中环国际公寓3期,1,1,6
上海,12月,临港星空之境海绵公园,1,1,3
上海,12月,九棵树(上海)未来艺术中心,1,1,1
上海,12月,九科绿洲,1,1,24
上海,12月,九龙村,1,1,7
上海,12月,书院镇,1,1,5
上海,12月,云湖漫城,1,1,9
上海,12月,五光广告打印店(复旦大学零号楼店),1,1,4
上海,12月,交通大学(闵行校区)第三餐饮大楼,1,1,11
上海,12月,人民公园(上海市黄浦区南京西路231号),1,1,10
上海,12月,佘山国家森林公园西佘山园,1,1,1
上海,12月,共富新村站-泰和水生态公园,1,1,17
上海,12月,共青森林公园观鸟长廊,1,1,1
上海,12月,其昌栈码头,1,1,2
上海,12月,刘夏路,1,1,16
上海,12月,前哨农场[公交站],1,1,16
上海,12月,前滩友城公园,1,1,8
上海,12月,勤俭村,1,1,8
上海,12月,北外滩滨江绿地,1,1,4
上海,12月,华府海景(上海市金山区杭州湾大道88号),1,1,4
上海,12月,南汇世纪塘路,1,1,20
上海,12月,南汇世纪塘路魔术林,1,1,19
上海,12月,南汇嘴至东滩湿地,1,1,42
上海,12月,南汇嘴观海公园西,1,1,32
上海,12月,南汇新城春花秋色公园,1,1,8
上海,12月,南汇新城镇,1,1,7
上海,12月,南汇新城镇世纪塘路西300米,1,1,20
上海,12月,南汇新城镇环湖东三路北400米,1,1,9
上海,12月,南汇湿地,1,1,31
上海,12月,南汇驾校北农田,1,1,8
上海,12月,南门港·瀛洲公园,1,1,7
上海,12月,双山小区,1,1,4
上海,12月,叠翠园,1,1,13
上海,12月,古北新城,1,1,12
上海,12月,古岗路与浦卫公路交叉口,1,1,1
上海,12月,古美公园,1,1,18
上海,12月,合川路,1,1,13
上海,12月,同济大学(嘉定校区),1,1,13
上海,12月,同济大学(四平路校区),1,1,7
上海,12月,同济大学-西苑饮食广场,1,1,1
上海,12月,吴淞江鸟类栖息地,1,1,26
上海,12月,嘉定区万科安亭新镇(安礼路北),1,1,18
上海,12月,嘉定区浏岛野生动物重要栖息地,1,1,8
上海,12月,嘉定镇汇龙潭公园(博乐路),1,1,18
上海,12月,嘉宝·梦之湾,1,1,16
上海,12月,四团镇,1,1,15
上海,12月,城市荒野,1,1,21
上海,12月,堤顶路与世纪塘路交叉口(上海市浦东新区),1,1,6
上海,12月,复兴公园,1,1,2
上海,12月,复兴公园(上海市黄浦区皋兰路2号甲),1,1,1
上海,12月,复旦大学(邯郸校区),1,1,9
上海,12月,复旦大学枫林校区,1,1,6
上海,12月,天山公园,1,1,5
上海,12月,天骄公寓,1,1,1
上海,12月,奉贤区海湾镇燎鱼村,1,1,29
上海,12月,奉贤区碧海金沙(海棠路南300米),1,1,19
上海,12月,奉贤区碧海金沙水上乐园(海涵路南),1,1,8
上海,12月,奉贤区绿地·香颂西南200米(海乐路西),1,1,13
上海,12月,奉贤碧海金沙,1,1,17
上海,12月,姚渔港,1,1,7
上海,12月,安东小区,1,1,1
上海,12月,宋庆龄陵园,1,1,10
上海,12月,宝安公路地铁站(蕰川公路西)-共富新村站,1,1,23
上海,12月,宝山罗泾江边湿地观鸟点,1,1,23
上海,12月,宝钢水库,1,1,31
上海,12月,小桉路农田,1,1,7
上海,12月,小苏宅水芹地,1,1,18
上海,12月,岑卜村至东西村,1,1,15
上海,12月,崇明东滩保护区优化区,1,1,11
上海,12月,崇明区上海东滩物业管理有限公司西南(崇旺路东),1,1,17
上海,12月,崇明区上海前哨标准化水产养殖二场东300米,1,1,16
上海,12月,崇明区上海前哨标准化水产养殖二场西北(园区南路北),1,1,27
上海,12月,崇明区东平镇大夹洪,1,1,27
上海,12月,崇明区东滩湿地,1,1,16
上海,12月,崇明区东滩鸟类国家级自然保护区东北200米,1,1,25
上海,12月,崇明基地(上海市崇明区),1,1,27
上海,12月,崇明岛上实农业园区,1,1,6
上海,12月,崇明岛北湖,1,1,27
上海,12月,广场公园,1,1,1
上海,12月,康桥镇,1,1,20
上海,12月,廊下友好村东侧林地,1,1,11
上海,12月,廊下友好村东侧林湿地,1,1,21
上海,12月,廊下友好村西侧农林湿地,1,1,17
上海,12月,廊下友好村西侧林地,1,1,14
上海,12月,廊下友好村调研对照组,1,1,11
上海,12月,延中公园,1,1,3
上海,12月,张江润和国际总部园,1,1,3
上海,12月,归去来栖自然中心(上海市崇明区),1,1,6
上海,12月,御上海,1,1,2
上海,12月,思源湖,1,1,1
上海,12月,惠南走到哪儿都算自留地,1,1,1
上海,12月,新江湾湿地生态观鸟拍鸟基地,1,1,6
上海,12月,新泥路新三一组,1,1,12
上海,12月,方塔园,1,1,9
上海,12月,星愿湖,1,1,21
上海,12月,春申万科假日风景,1,1,6
上海,12月,春申万科假日风景畹町路99弄A,1,1,20
上海,12月,春申景城湖畔林语,1,1,1
上海,12月,普陀区半马苏河公园(真北路东100米),1,1,8
上海,12月,普陀区半马苏河公园(真北路东50米),1,1,11
上海,12月,普陀区长寿公园(西康路北100米),1,1,8
上海,12月,智创壹佰+康鹏生命科技产业园,1,1,1
上海,12月,曲阳公园,1,1,7
上海,12月,曹家厍路曹家厍村,1,1,37
上海,12月,望江驿,1,1,13
上海,12月,杨树浦电厂遗址公园,1,1,15
上海,12月,杨浦大桥,1,1,2
上海,12月,松江二中,1,1,3
上海,12月,松江区天马山公园(佘天昆公路北400米),1,1,12
上海,12月,松江区新桥沿海·丽水馨庭1期(明中路北50米),1,1,6
上海,12月,松江区联民桥北100米(茶苔路东),1,1,8
上海,12月,柘林镇,1,1,1
上海,12月,柳园公园,1,1,2
上海,12月,桂江支路与桂江路交叉口,1,1,7
上海,12月,桃浦中央绿地A区,1,1,4
上海,12月,森兰绿地,1,1,12
上海,12月,横沙东滩串沟,1,1,20
上海,12月,横沙岛,1,1,36
上海,12月,汇成南街里,1,1,1
上海,12月,江浦公园,1,1,3
上海,12月,沿北公园,1,1,14
上海,12月,洋泾港休闲广场,1,1,15
上海,12月,洋浜,1,1,26
上海,12月,浦东南汇东滩湿地,1,1,29
上海,12月,浦东新区南汇嘴观海公园(世纪塘路西),1,1,26
上海,12月,浦东新区南汇新城镇东日,1,1,53
上海,12月,浦东新区梧桐人家金枫区(忘忧路西),1,1,13
上海,12月,浦东新区碧云体育公园(杨高中路南),1,1,2
上海,12月,浦东新区碧云绿地·碧云湖公园,1,1,30
上海,12月,浦东新区祝桥镇,1,1,1
上海,12月,浦东新区金桥佳虹小区西北50米(佳乐路南),1,1,6
上海,12月,浦东新区金海湿地公园沙滩西150米(外环高速东),1,1,1
上海,12月,浦东新区金海湿地公园西300米(外环高速公路西),1,1,11
上海,12月,浦东牡丹园,1,1,3
上海,12月,浦东足球场,1,1,6
上海,12月,海上名邸(桂林东街28弄1-21号),1,1,1
上海,12月,海坤路草坪,1,1,5
上海,12月,海湾旅游区,1,1,20
上海,12月,海航路与海坤路交叉口,1,1,8
上海,12月,海鸥路西周边,1,1,2
上海,12月,清涧公园,1,1,11
上海,12月,渔人码头海堤,1,1,37
上海,12月,港口渡口,1,1,6
上海,12月,湄浦河桥边树林,1,1,14
上海,12月,湾谷科技园,1,1,1
上海,12月,滨江绿道-望江驿13号驿站,1,1,24
上海,12月,滨江茗园,1,1,7
上海,12月,滴水湖-南汇嘴观海-东滩-小桉路北芦苇地,1,1,34
上海,12月,滴水湖一号码头,1,1,21
上海,12月,滴水湖公园-黄日港,1,1,3
上海,12月,滴水湖北岛,1,1,12
上海,12月,滴水湖北线,1,1,23
上海,12月,滴水湖地铁站,1,1,10
上海,12月,澜沧路与畹町路交叉口,1,1,4
上海,12月,瀛东生态村东湖景区,1,1,13
上海,12月,生态保育区-观景台,1,1,27
上海,12月,留云湖,1,1,9
上海,12月,石塔庙,1,1,5
上海,12月,碧云绿地盈动公园,1,1,23
上海,12月,碧海金沙水上乐园,1,1,28
上海,12月,福泉路450弄小区,1,1,4
上海,12月,竹博园科谱基地,1,1,1
上海,12月,米市渡松南郊野公园,1,1,13
上海,12月,米市渡郊野公园,1,1,22
上海,12月,紫竹半岛(寺嘴角路),1,1,5
上海,12月,绥芬河路,1,1,5
上海,12月,绿城兰园,1,1,8
上海,12月,老港镇东滩北林地绿地,1,1,29
上海,12月,花开海上生态园,1,1,6
上海,12月,花柏路与松萝路交叉口沿河靠近海昌,1,1,8
上海,12月,莘庄公园,1,1,6
上海,12月,莫可莫克,1,1,10
上海,12月,董李凤美康健学校,1,1,1
上海,12月,蝶语园,1,1,6
上海,12月,行知实验中学,1,1,1
上海,12月,西岸自然艺术公园,1,1,3
上海,12月,西康公园,1,1,2
上海,12月,西康路桥,1,1,1
上海,12月,西沙明珠湖景区-明珠湖公园,1,1,22
上海,12月,西沙湿地,1,1,11
上海,12月,赤峰刚测试AA1,1,1,1
上海,12月,赤风港,1,1,29
上海,12月,赤风港中心线,1,1,2
上海,12月,赤风港库塘线,1,1,1
上海,12月,达安花园,1,1,7
上海,12月,逸仙公园,1,1,10
上海,12月,金展路,1,1,2
上海,12月,金山区林业三防中心(上海市),1,1,30
上海,12月,金山区汇龙湖公园(龙翔路),1,1,8
上海,12月,金山卫站,1,1,5
上海,12月,金山城市沙滩景区,1,1,7
上海,12月,金山城市沙滩景区上海金山水上机场东南,1,1,1
上海,12月,金山枫泾白牛塘,1,1,16
上海,12月,金山边滩新大堤,1,1,21
上海,12月,金水湖景观绿地,1,1,11
上海,12月,金海湿地公园上海浦东新区联明美术馆西北(外环高速),1,1,6
上海,12月,金湖路徐李村[公交站],1,1,5
上海,12月,金瀚园,1,1,8
上海,12月,钟贾山,1,1,11
上海,12月,锦尊公园,1,1,13
上海,12月,镜月湖,1,1,7
上海,12月,长宁区天山河畔花园(水城路西),1,1,14
上海,12月,长风公园,1,1,6
上海,12月,闵行体育公园(闵行区新镇路456号),1,1,16
上海,12月,闵行体育公园(顾戴路北50米),1,1,14
上海,12月,闵行体育公园湖边小森林,1,1,20
上海,12月,闵行区初心驿·陇上行党群服务站(闵虹路南),1,1,14
上海,12月,闵行区春申万科假日风景南(都庄路西),1,1,11
上海,12月,闵行区春申暖蜂友巢·金盛商业广场北(澜沧路南),1,1,19
上海,12月,闵行区马桥镇望海村,1,1,21
上海,12月,闻翠园,1,1,9
上海,12月,陆家嘴中心绿地-中心湖,1,1,5
上海,12月,陆家嘴滨江金融城,1,1,1
上海,12月,陶家湾休闲农庄(闵行区永南路2018号),1,1,6
上海,12月,雅居乐废弃高尔夫球场,1,1,20
上海,12月,雨蛙生态农场,1,1,4
上海,12月,霸河,1,1,19
上海,12月,青浦区中铁·逸都2期(青竹路西50米),1,1,10
上海,12月,青浦区赵巷镇庵墩泾,1,1,13
上海,12月,青浦春暖绿地公园,1,1,20
上海,12月,青青旅游世界,1,1,14
上海,12月,静安区岭南公园(汾西路北),1,1,9
上海,12月,静安雕塑公园,1,1,4
上海,12月,鞍山四村第一小区,1,1,1
上海,12月,顾村公园(上海市宝山区),1,1,38
上海,12月,魔术林,1,1,13
上海,12月,魔术林北线,1,1,2
上海,12月,魔术林南线,1,1,1
上海,12月,鸟调10赤风港中心线,1,1,1
上海,12月,鸟调10赤风港南线,1,1,1
上海,12月,鸟调1新滩涂北线,1,1,1
上海,12月,鸟调2滩涂南线,1,1,29
上海,12月,鸟调5东日线,1,1,45
上海,12月,鸟调5新东日线,1,1,1
上海,12月,鸟调9赤风港北线,1,1,1
上海,12月,鸟调9赤风港库塘线,1,1,1
上海,12月,黄兴公园,1,1,14
上海,12月,黄家花园,1,1,11
上海,12月,黄浦码头,1,1,6
上海,12月,黎安公园,1,1,1
上海,12月,龙华寺,1,1,1
上海,12月,龙泉港出海闸,1,1,19
