地点名称,时间段,观鸟点名称,访问人数,访问次数,大概鸟种数
云南,所有时段,中国科学院西双版纳热带植物园,201,413,100
云南,所有时段,昆明植物园,155,198,27
云南,所有时段,黑龙潭公园,140,175,32
云南,所有时段,野象谷热带雨林景区,98,110,57
云南,所有时段,中科院版纳植物园,68,111,91
云南,所有时段,金殿公园,55,66,24
云南,所有时段,西双版纳热带植物园,43,73,57
云南,所有时段,绿石林景区,38,39,36
云南,所有时段,江尾村,37,65,39
云南,所有时段,云南省版纳中科院热带植物园,35,53,53
云南,所有时段,洱海月湿地公园,34,38,41
云南,所有时段,云南腾冲来凤山,33,39,42
云南,所有时段,梁王山,31,36,41
云南,所有时段,普达措国家公园,30,30,28
云南,所有时段,西双版纳野象谷景区-高架栈道,29,31,46
云南,所有时段,石梯村,27,40,77
云南,所有时段,无为寺,27,38,23
云南,所有时段,龙得湖,27,29,37
云南,所有时段,滇池,27,28,38
云南,所有时段,盈江犀鸟谷,26,43,96
云南,所有时段,香额湖,26,29,37
云南,所有时段,高黎贡山百花岭,25,52,82
云南,所有时段,澜沧拉祜族自治县糯扎渡镇下勐矿,25,29,60
云南,所有时段,福保湿地,24,57,46
云南,所有时段,滇池福保湿地,24,40,36
云南,所有时段,西山区滇池草海湖滨湿地,24,25,26
云南,所有时段,和顺古镇,23,29,44
云南,所有时段,紫溪山,23,26,54
云南,所有时段,盘龙区黑龙潭公园(7204公路北),23,25,28
云南,所有时段,苍山国家地质公园,23,25,43
云南,所有时段,苍山玉带路,22,26,39
云南,所有时段,盘龙区黑龙潭公园(昆明植物园东北200米),21,24,19
云南,所有时段,纳帕海,21,23,15
云南,所有时段,西双版纳热带植物园吊桥,21,23,17
云南,所有时段,世博生态城,20,35,21
云南,所有时段,普洱景迈山古茶林景区,20,23,55
云南,所有时段,绿石林景区-观景台,20,23,24
云南,所有时段,盈江国家湿地公园,19,24,42
云南,所有时段,香格里拉高山植物园,19,24,35
云南,所有时段,勐腊县中国科学院西双版纳热带植物园(罗梭江大桥),19,22,74
云南,所有时段,那邦田,19,21,46
云南,所有时段,苍山洗马潭,19,19,25
云南,所有时段,关山水库,18,44,38
云南,所有时段,大观公园,18,23,30
云南,所有时段,草海隧道,18,20,33
云南,所有时段,楚雄紫溪山风景区,18,19,40
云南,所有时段,世博园,17,24,20
云南,所有时段,勐宋村,17,17,25
云南,所有时段,腾冲湿地-北海湿地,17,17,18
云南,所有时段,勐腊县中国科学院西双版纳热带植物园(蒲葵大道西),16,20,67
云南,所有时段,海洪湿地公园,16,19,22
云南,所有时段,金殿风景名胜区,16,17,23
云南,所有时段,勐腊县西双版纳热带雨林国家公园望天树景区,16,16,41
云南,所有时段,昆明世界园艺博览园东南,15,27,31
云南,所有时段,剑湖,15,20,50
云南,所有时段,来凤山国家森林公园,15,20,48
云南,所有时段,勐腊县荷风香远,15,17,30
云南,所有时段,中国科学院西双版纳热带植物园-勐仑植物园,15,16,59
云南,所有时段,中科院植物园,15,16,44
云南,所有时段,西双版纳热带花卉园,15,16,18
云南,所有时段,么等新寨,15,15,24
云南,所有时段,拉市海湿地公园,15,15,25
云南,所有时段,昆明植物园-西园,15,15,23
云南,所有时段,望天树,15,15,37
云南,所有时段,洱海,15,15,36
云南,所有时段,片马公路沿途,14,32,65
云南,所有时段,芒坝,14,17,69
云南,所有时段,野象谷热带雨林景区(二期高架观象栈道),14,16,37
云南,所有时段,丽江黑龙潭风景名胜区,14,15,17
云南,所有时段,大盈江湿地公园,14,15,40
云南,所有时段,翠湖公园,14,14,16
云南,所有时段,勐仑镇么等村,13,18,26
云南,所有时段,滇池东大河湿地,13,14,41
云南,所有时段,瑞丽南京里,13,14,38
云南,所有时段,野象谷景区,13,14,64
云南,所有时段,剑湖国家湿地公园,13,13,46
云南,所有时段,大观公园南园,13,13,22
云南,所有时段,斗南湿地,13,13,31
云南,所有时段,昆明滇池国家级风景名胜区西山景区,12,30,41
云南,所有时段,和顺古镇景区,12,17,48
云南,所有时段,盈江县太平镇下石梯,12,13,65
云南,所有时段,云南西双版纳国家级自然保护区亚洲象野外研究基地,12,12,37
云南,所有时段,勐腊县G213(小磨高速公路南贡山隧道管理站),12,12,43
云南,所有时段,勐腊县梦幻雨林东南300米(G219西),12,12,18
云南,所有时段,喊沙奘寺,12,12,2
云南,所有时段,大盈江国家级风景名胜区花海,12,12,50
云南,所有时段,玉龙雪山国家级风景名胜区,12,12,8
云南,所有时段,瑞丽市弄莫湖公园(团结路北),12,12,21
云南,所有时段,龙门村,12,12,17
云南,所有时段,白马雪山,11,22,26
云南,所有时段,洪崩河犀鸟谷,11,14,60
云南,所有时段,高黎贡山姜家寨鸟类监测点,11,14,90
云南,所有时段,勐腊县会龙特色旅游村,11,13,47
云南,所有时段,南贡山,11,13,68
云南,所有时段,昆明翠湖公园,11,12,11
云南,所有时段,福保村,11,12,35
云南,所有时段,兰磨线,11,11,22
云南,所有时段,勐腊县中国科学院西双版纳热带植物园热带雨林区,11,11,32
云南,所有时段,大理洱海生态廊道,11,11,27
云南,所有时段,大观公园庾园(昆明市西山区),11,11,22
云南,所有时段,昆明黑龙潭公园,11,11,33
云南,所有时段,官渡区六甲街道福保村,10,16,38
云南,所有时段,蒋家坟,10,14,31
云南,所有时段,云南盈江国家湿地公园与纳邦,10,13,37
云南,所有时段,春林宾馆,10,12,10
云南,所有时段,盘龙区黑龙潭公园(7204公路北200米),10,12,23
云南,所有时段,东风坝七孔浮桥,10,11,29
云南,所有时段,海埂公园,10,11,13
云南,所有时段,小磨高速公路南贡山隧道管理站,10,10,14
云南,所有时段,望天树空中走廊(勐腊县望天树风景区内),10,10,22
云南,所有时段,热带雨林,10,10,21
云南,所有时段,腾冲热海景区,10,10,38
云南,所有时段,草海隧道公园,10,10,18
云南,所有时段,青华海国家湿地公园,9,14,28
云南,所有时段,湖滨生态湿地公园,9,12,31
云南,所有时段,白马雪山(迪庆藏族自治州德钦县),9,11,41
云南,所有时段,宝丰湿地公园,9,10,30
云南,所有时段,云南盈江国家湿地公园栈道,9,9,28
云南,所有时段,昆明西山森林公园,9,9,20
云南,所有时段,瑞丽市勐秀乡帮养,9,9,37
云南,所有时段,补蚌村,9,9,49
云南,所有时段,铁莫崩山,9,9,45
云南,所有时段,铜壁关,9,9,61
云南,所有时段,昆明动物园-圆通山,8,16,12
云南,所有时段,草海,8,11,27
云南,所有时段,勐仑镇,8,10,20
云南,所有时段,勐矿村,8,10,50
云南,所有时段,昆明世界园艺博览园药草园,8,10,19
云南,所有时段,曼安(西双版纳傣族自治州勐腊县),8,10,20
云南,所有时段,大观楼南园,8,9,24
云南,所有时段,普洱茶马古道旅游景区,8,9,89
云南,所有时段,沧源佤族自治县勐角傣族彝族拉祜族乡翁丁垭口,8,9,55
云南,所有时段,腾冲北海湿地,8,9,23
云南,所有时段,芒市孔雀湖旅游度假区,8,9,55
云南,所有时段,云南省昆明市海埂大坝,8,8,31
云南,所有时段,海东湿地公园,8,8,36
云南,所有时段,龙龛码头,8,8,36
云南,所有时段,中国科学院西双版纳热带植物园(勐仑镇),7,22,61
云南,所有时段,独龙江,7,13,87
云南,所有时段,大理无为寺,7,11,15
云南,所有时段,沙溪古镇旅游景区,7,11,30
云南,所有时段,捞鱼河湿地公园,7,9,19
云南,所有时段,盈江广场,7,8,6
云南,所有时段,芒市风平镇弄坎,7,8,34
云南,所有时段,13号鸟塘,7,7,24
云南,所有时段,云南省西双版纳勐腊县勐仑镇么等新寨,7,7,24
云南,所有时段,五家堆湿地公园,7,7,9
云南,所有时段,南京里村,7,7,37
云南,所有时段,大理苍山世界地质公园,7,7,23
云南,所有时段,昆明世界园艺博览园,7,7,22
云南,所有时段,普洱太阳河森林公园,7,7,15
云南,所有时段,来凤寺(保山市腾冲市上西街34号),7,7,30
云南,所有时段,洱海月湿地公园(大理白族自治州大理市),7,7,23
云南,所有时段,灵宝山,7,7,33
云南,所有时段,腾冲火山地热国家地质公园,7,7,20
云南,所有时段,野象谷热带雨林景区游客中心(G213),7,7,41
云南,所有时段,隆阳区瓦房服务区(保泸高速北),7,7,18
云南,所有时段,飞来寺风景区,7,7,15
云南,所有时段,高黎贡山姜家寨鸟类监测点(保山市腾冲市),7,7,38
云南,所有时段,高黎贡山自然保护区王家岩防火检查站,7,7,56
云南,所有时段,官渡区小清河东300米,6,15,30
云南,所有时段,左卫塘,6,14,23
云南,所有时段,勐腊县中国科学院西双版纳热带植物园,6,9,53
云南,所有时段,来凤寺,6,9,21
云南,所有时段,保山青华海国家湿地公园,6,8,27
云南,所有时段,殊馨亭(德宏傣族景颇族自治州盈江县),6,8,8
云南,所有时段,勐腊县中科院植物园西游览区,6,7,25
云南,所有时段,南涧彝族自治县公郎镇阿嘎,6,7,43
云南,所有时段,南涧彝族自治县无量山樱花谷蜂巢驿站(南涧樱花谷店),6,7,15
云南,所有时段,大理洱海月湿地公园,6,7,29
云南,所有时段,江尾村(昆明市呈贡区),6,7,33
云南,所有时段,白马雪山垭口,6,7,17
云南,所有时段,盘龙区黑龙潭公园(7204公路东),6,7,42
云南,所有时段,老君山利苴村,6,7,23
云南,所有时段,野象谷热带雨林景区(景洪市勐养镇三岔河),6,7,44
云南,所有时段,云南盈江那邦,6,6,57
云南,所有时段,云南陇川户撒东山,6,6,9
云南,所有时段,云县爱华镇蜂王寨,6,6,25
云南,所有时段,云杉坪,6,6,26
云南,所有时段,佛房,6,6,66
云南,所有时段,勐腊县城子村景区(G8511北),6,6,17
云南,所有时段,勐腊县绿石林景区东北100米(G219东),6,6,18
云南,所有时段,大歇场,6,6,18
云南,所有时段,大理洱海,6,6,21
云南,所有时段,孔雀湖生态旅游区,6,6,41
云南,所有时段,小江尾,6,6,34
云南,所有时段,来凤山观鸟点,6,6,23
云南,所有时段,洪崩河-石梯村,6,6,57
云南,所有时段,瑞丽沿江,6,6,13
云南,所有时段,瑞丽莫里热带雨林景区,6,6,26
云南,所有时段,盈江县1号鸟类监测点(X036南),6,6,10
云南,所有时段,盈江县观景台(允燕大道南),6,6,6
云南,所有时段,盈江县铜壁关乡中学南150米(芒那公路西),6,6,1
云南,所有时段,盈江县铜壁关乡腊卖,6,6,1
云南,所有时段,神秘果树,6,6,5
云南,所有时段,蓝月谷,6,6,5
云南,所有时段,西双版纳嘎洒国际机场,6,6,7
云南,所有时段,西吊桥,6,6,9
云南,所有时段,滇池草海湖滨湿地,5,29,38
云南,所有时段,呈贡区斗南街道乌龙街道,5,11,35
云南,所有时段,普者黑,5,11,16
云南,所有时段,凤龙山(昆明市寻甸回族彝族自治县),5,10,35
云南,所有时段,新河社区,5,9,29
云南,所有时段,苍山自然影像博物馆-无为寺,5,9,17
云南,所有时段,圆通山动物园,5,7,19
云南,所有时段,东风坝海心沙,5,6,34
云南,所有时段,官渡区蓝色庄园东150米,5,6,24
云南,所有时段,思茅港镇芒坝,5,6,37
云南,所有时段,片马,5,6,102
云南,所有时段,纳帕海环线,5,6,24
云南,所有时段,芒坝村,5,6,44
云南,所有时段,轿子山风景区,5,6,31
云南,所有时段,中国科学院西双版纳热带植物园-藤本园站,5,5,15
云南,所有时段,丽江束河古镇,5,5,13
云南,所有时段,会龙鸟塘及周边,5,5,16
云南,所有时段,勐腊县中国科学院西双版纳热带植物园(蒲葵大道北),5,5,33
云南,所有时段,勐腊县中科院植物园(罗梭江大桥东200米),5,5,36
云南,所有时段,勐腊县勐仑春林宾馆,5,5,20
云南,所有时段,勐腊县热带雨林,5,5,24
云南,所有时段,勐腊县百草亭(蒲葵大道西),5,5,43
云南,所有时段,北海湿地景区,5,5,21
云南,所有时段,南滇池国家湿地,5,5,27
云南,所有时段,呈贡区斗南街道江尾村,5,5,32
云南,所有时段,大理洱海生态走廊磻溪村至古生村,5,5,18
云南,所有时段,大观楼东南,5,5,14
云南,所有时段,才村码头湿地,5,5,13
云南,所有时段,抚仙湖,5,5,18
云南,所有时段,昆明动物园,5,5,14
云南,所有时段,昆明植物园西园,5,5,14
云南,所有时段,昆明瀑布公园(昆明市盘龙区),5,5,18
云南,所有时段,望天树景区,5,5,57
云南,所有时段,松赞林寺,5,5,7
云南,所有时段,永平服务区,5,5,10
云南,所有时段,滇池海埂公园,5,5,11
云南,所有时段,玉龙雪山,5,5,7
云南,所有时段,盈江县那邦镇那邦田,5,5,24
云南,所有时段,盈江广场(花园巷),5,5,2
云南,所有时段,糯扎渡自然保护区,5,5,40
云南,所有时段,紫溪山风景区,5,5,46
云南,所有时段,西双版纳热带花卉园(宣慰大道99号),5,5,17
云南,所有时段,那柯里茶马驿站景区,5,5,39
云南,所有时段,野象谷热带雨林景区观象台休息亭,5,5,26
云南,所有时段,昆明学院(洋浦校区),4,77,30
云南,所有时段,江南春赛马场公园,4,21,30
云南,所有时段,三角海水库,4,17,34
云南,所有时段,林塘,4,13,24
云南,所有时段,星云湖,4,9,50
云南,所有时段,昆明市呈贡区云南大学(呈贡校区),4,8,22
云南,所有时段,太保山森林公园,4,7,28
云南,所有时段,小清河,4,7,25
云南,所有时段,腾冲和顺景区,4,6,40
云南,所有时段,腾冲市腾越街道来凤山,4,6,35
云南,所有时段,凤凰山,4,5,28
云南,所有时段,勐仑镇(西双版纳傣族自治州勐腊县),4,5,38
云南,所有时段,勐腊县中科院植物园(罗梭江大桥东南150米),4,5,32
云南,所有时段,景洪市勐龙镇勐宋村,4,5,18
云南,所有时段,曲石镇,4,5,30
云南,所有时段,西双版纳南药园,4,5,19
云南,所有时段,三道河,4,4,2
云南,所有时段,下石梯7号塘,4,4,45
云南,所有时段,中国科学院西双版纳热带植物园东区,4,4,24
云南,所有时段,中国科学院西双版纳热带植物园热带雨林3-1,4,4,54
云南,所有时段,丽江古城,4,4,4
云南,所有时段,丽江古城束河古镇,4,4,8
云南,所有时段,云南省保山市腾冲市S238,4,4,1
云南,所有时段,云南省博物馆,4,4,10
云南,所有时段,云南省怒江片马姚家坪,4,4,64
云南,所有时段,凤凰生态公园,4,4,21
云南,所有时段,勐海滑竹梁子,4,4,34
云南,所有时段,勐腊县植物迷宫(蒲葵大道西),4,4,52
云南,所有时段,勐腊县热带雨林民族文化博物馆东北100米,4,4,30
云南,所有时段,呈贡区乌龙街道小江尾,4,4,19
云南,所有时段,大理白族自治州剑川县剑湖,4,4,25
云南,所有时段,大理苍山和洱海,4,4,10
云南,所有时段,小旧城,4,4,2
云南,所有时段,属都湖,4,4,23
云南,所有时段,巍宝山风景名胜区,4,4,24
云南,所有时段,左卫,4,4,19
云南,所有时段,思茅区普洱市梅子湖公园观景台,4,4,13
云南,所有时段,无量山樱花谷,4,4,12
云南,所有时段,昆明世界园艺博览园(竹园路),4,4,17
云南,所有时段,昆明植物园-北门售票处,4,4,9
云南,所有时段,星海半岛湿地公园,4,4,26
云南,所有时段,杨家坡(保山市腾冲市),4,4,24
云南,所有时段,沙坡,4,4,22
云南,所有时段,泸沽湖风景名胜区,4,4,25
云南,所有时段,浪坝塘,4,4,14
云南,所有时段,海埂大坝,4,4,6
云南,所有时段,湖滨生态湿地公园(四季段),4,4,25
云南,所有时段,滇池大坝,4,4,34
云南,所有时段,热带雨林(西双版纳傣族自治州勐腊县),4,4,16
云南,所有时段,独克宗古城,4,4,3
云南,所有时段,玉龙湖公园,4,4,10
云南,所有时段,班洪山,4,4,22
云南,所有时段,瑞丽市弄莫湖公园,4,4,21
云南,所有时段,瑞丽市畹町镇峦允阳山,4,4,26
云南,所有时段,瑞丽马尔代夫,4,4,20
云南,所有时段,白沙古镇(丽江市玉龙纳西族自治县),4,4,22
云南,所有时段,盈江县,4,4,27
云南,所有时段,盈江县城--梁河途中,4,4,1
云南,所有时段,盈江县拍摄位西北300米,4,4,27
云南,所有时段,盈江县铜壁关乡省道319,4,4,28
云南,所有时段,石鼓镇,4,4,18
云南,所有时段,磨哈山,4,4,27
云南,所有时段,糯扎渡镇,4,4,32
云南,所有时段,红木村,4,4,27
云南,所有时段,腾冲市曲石镇姜家寨,4,4,43
云南,所有时段,腾冲市曲石镇河头寨,4,4,39
云南,所有时段,西南林业大学树木园,4,4,10
云南,所有时段,西双版纳原始森林公园,4,4,15
云南,所有时段,西山区滇池(明河路东),4,4,13
云南,所有时段,边寨喊沙风景区,4,4,5
云南,所有时段,邵营新村,4,4,38
云南,所有时段,银杏村旅游度假区,4,4,19
云南,所有时段,高黎贡山自然保护区(保山市隆阳区),4,4,80
云南,所有时段,昭通市昭阳区凤凰山森林公园,3,68,37
云南,所有时段,班老乡,3,7,107
云南,所有时段,西山区滇池,3,7,38
云南,所有时段,姜家寨,3,6,42
云南,所有时段,开远市永华种鸡场东北700米,3,5,21
云南,所有时段,梅子湖公园,3,5,11
云南,所有时段,百花园,3,5,15
云南,所有时段,一碗水梁子,3,4,26
云南,所有时段,凤庆县三岔河镇下寨,3,4,27
云南,所有时段,凤庆县勐佑镇聂家寨,3,4,20
云南,所有时段,勐海县勐混镇曼缅,3,4,21
云南,所有时段,普洱亚太森林组织基地,3,4,25
云南,所有时段,澜沧拉祜族自治县景迈大寨南(XJ69西),3,4,67
云南,所有时段,版纳植物园,3,4,35
云南,所有时段,班洪乡,3,4,9
云南,所有时段,百花岭生态旅游区(保山市隆阳区),3,4,49
云南,所有时段,糯干古寨,3,4,40
云南,所有时段,者摩山,3,4,44
云南,所有时段,芒市河,3,4,13
云南,所有时段,隆阳区芒宽彝族傣族乡旧街子,3,4,34
云南,所有时段,隆阳区高黎贡山自然保护区王家岩防火检查站西800米,3,4,58
云南,所有时段,丛岗村大桥,3,3,22
云南,所有时段,东白沙河水库,3,3,22
云南,所有时段,中国科学院西双版纳热带植物园热带雨林4-4,3,3,38
云南,所有时段,中国科学院西双版纳热带植物园绿石林3-1,3,3,31
云南,所有时段,中科院植物园(勐腊县勐仑镇),3,3,30
云南,所有时段,丽江市玉龙纳西族自治县拉市海湿地公园,3,3,23
云南,所有时段,丽江老君山自然中心,3,3,53
云南,所有时段,云南大学呈贡校区,3,3,25
云南,所有时段,云南盈江榕树王景区,3,3,3
云南,所有时段,云南省保山市隆阳区蒲赛公路隧道,3,3,8
云南,所有时段,云南腾冲热海,3,3,4
云南,所有时段,五老山国家森林公园(临翔区五老山瀑布段),3,3,12
云南,所有时段,共比,3,3,5
云南,所有时段,凤凰山森林公园,3,3,8
云南,所有时段,勐仑保护区绿石林片区,3,3,16
云南,所有时段,勐巴娜西珍奇园,3,3,14
云南,所有时段,勐海县,3,3,26
云南,所有时段,勐腊县中科院植物园(蒲葵大道东50米),3,3,32
云南,所有时段,勐腊县勐仑镇腊独山,3,3,4
云南,所有时段,勐腊县西双版纳国家自然保护区勐仑管理所,3,3,35
云南,所有时段,包其崩山(德宏傣族景颇族自治州盈江县),3,3,55
云南,所有时段,南滇池国家湿地(昆明市晋宁区),3,3,20
云南,所有时段,吊桥,3,3,30
云南,所有时段,呈贡关山水库,3,3,23
云南,所有时段,和顺景区,3,3,32
云南,所有时段,圆通寺,3,3,12
云南,所有时段,大勐龙镇勐宋村,3,3,11
云南,所有时段,大理古城,3,3,6
云南,所有时段,大理市洱海月湿地公园,3,3,31
云南,所有时段,大理市龙湖湿地公园(环海西路南),3,3,14
云南,所有时段,大理白族自治州博物馆西北门(洱河南路南),3,3,23
云南,所有时段,大理苍山世界地质公园(214国道附近),3,3,19
云南,所有时段,大理西湖,3,3,39
云南,所有时段,大观公园(昆明市西山区大观路284号),3,3,14
云南,所有时段,孟定农场总场,3,3,17
云南,所有时段,定边风雨桥,3,3,24
云南,所有时段,小李鸟塘,3,3,26
云南,所有时段,广龙抚海湾湿地公园(玉溪市澄江县),3,3,11
云南,所有时段,开远市羊街乡新寨,3,3,23
云南,所有时段,思茅区澜沧江桥客运站东北700米,3,3,60
云南,所有时段,思茅港镇大尖山,3,3,38
云南,所有时段,情侣峰(勐腊县象仑公路),3,3,24
云南,所有时段,打靛房5号拍摄位,3,3,35
云南,所有时段,拉市海,3,3,25
云南,所有时段,无底湖,3,3,17
云南,所有时段,旱龙寨(保山市隆阳区),3,3,50
云南,所有时段,昆明市西山公园,3,3,19
云南,所有时段,昆明植物园(昆明市盘龙区蓝黑路132号),3,3,3
云南,所有时段,星云湖望海拇小龙门,3,3,31
云南,所有时段,景洪市勐龙镇勐宋村民委员会,3,3,5
云南,所有时段,曲石镇黑鱼河畔,3,3,10
云南,所有时段,曼听公园,3,3,5
云南,所有时段,来凤山国家森林公园(保山市腾冲市),3,3,33
云南,所有时段,板过河湿地公园,3,3,16
云南,所有时段,林塘大物垂钓园,3,3,22
云南,所有时段,林塘村,3,3,24
云南,所有时段,林家铺林场(保山市腾冲市曲石镇),3,3,7
云南,所有时段,沙溪古镇石宝山沙登箐,3,3,28
云南,所有时段,沧源佤族自治县班老乡新寨村党群服务中心南(甘班线),3,3,54
云南,所有时段,沧源佤族自治县芒卡镇G219(来片新寨),3,3,17
云南,所有时段,河尾,3,3,16
云南,所有时段,洗马潭,3,3,12
云南,所有时段,洱海公园,3,3,12
云南,所有时段,洱海公园-团山公园,3,3,9
云南,所有时段,滇金丝猴国家公园,3,3,18
云南,所有时段,滨江壹号(馨园路),3,3,1
云南,所有时段,澜沧拉祜族自治县糯扎渡镇三等新寨,3,3,15
云南,所有时段,玉龙雪山风景区,3,3,4
云南,所有时段,王官湿地公园,3,3,24
云南,所有时段,王家堆湿地,3,3,28
云南,所有时段,百花岭11号塘,3,3,30
云南,所有时段,百花岭旧街子沿线,3,3,24
云南,所有时段,百花岭生态旅游区,3,3,24
云南,所有时段,盈江县上石梯,3,3,42
云南,所有时段,盈江县大盈江河段,3,3,25
云南,所有时段,盈江县太平镇包其崩山洪崩7号观鸟点,3,3,91
云南,所有时段,盈江县拍摄位东300米32号塘,3,3,24
云南,所有时段,盏达河,3,3,1
云南,所有时段,盘龙区昆明植物园(枫香大道西),3,3,9
云南,所有时段,石宝山,3,3,15
云南,所有时段,石屏异龙湖国家湿地公园,3,3,23
云南,所有时段,石林风景区,3,3,13
云南,所有时段,石林风景名胜区,3,3,13
云南,所有时段,福保社区,3,3,24
云南,所有时段,程海镇潘崀村凤凰湾休闲园,3,3,22
云南,所有时段,纳帕海景区,3,3,8
云南,所有时段,腾冲市姜家寨,3,3,44
云南,所有时段,腾冲市曲石镇红木村,3,3,30
云南,所有时段,芒合村,3,3,26
云南,所有时段,芒市大银塔东南400米(环湖路东),3,3,12
云南,所有时段,草海湿地,3,3,16
云南,所有时段,西双版纳傣族园,3,3,10
云南,所有时段,西山森林公园,3,3,13
云南,所有时段,边寨喊沙景区,3,3,2
云南,所有时段,野象园林山庄,3,3,3
云南,所有时段,阿克新寨,3,3,19
云南,所有时段,陇川县户撒阿昌族乡曼燕,3,3,14
云南,所有时段,隆阳区青华海国家湿地公园,3,3,43
云南,所有时段,隆阳区高黎贡山自然保护区,3,3,63
云南,所有时段,雨崩村,3,3,9
云南,所有时段,青山公园,3,3,10
云南,所有时段,飞来寺,3,3,7
云南,所有时段,高黎贡山自然保护区(隆阳区),3,3,81
云南,所有时段,黑鱼河风景区,3,3,18
云南,所有时段,黑龙潭,3,3,18
云南,所有时段,云南大学呈贡关山水库,2,13,38
云南,所有时段,象头坡,2,11,34
云南,所有时段,盈之蓝民宿,2,10,39
云南,所有时段,景东彝族自治县太忠镇三合村,2,7,20
云南,所有时段,云南大学(呈贡校区),2,6,53
云南,所有时段,大断腰山,2,6,37
云南,所有时段,呈贡区中央公园(驼峰街北),2,5,8
云南,所有时段,芒象线,2,5,28
云南,所有时段,大寨子村,2,4,25
云南,所有时段,大理墨山艺墅私家花园,2,4,5
云南,所有时段,大理市银桥镇双阳村,2,4,9
云南,所有时段,思茅区普洱蓝眉山度假酒店,2,4,17
云南,所有时段,昆明官渡区星海半岛湿地公园,2,4,8
云南,所有时段,昆明梁王山山脊线,2,4,3
云南,所有时段,景洪市发宏福小鱼塘(G213南),2,4,15
云南,所有时段,玉溪白龙潭风景区,2,4,18
云南,所有时段,玉龙县丽江老君山自然中心南300米,2,4,33
云南,所有时段,蒙自正海养殖,2,4,29
云南,所有时段,西畴县法斗乡水晶石梁子,2,4,43
云南,所有时段,中国犀鸟谷犀鸟监测展示区,2,3,22
云南,所有时段,中国科学院西双版纳热带植物园人工雨林3-4,2,3,27
云南,所有时段,云南大学,2,3,10
云南,所有时段,利苴区域,2,3,13
云南,所有时段,勐腊县野生食用植物园,2,3,11
云南,所有时段,呈贡区马金铺街道梁王山,2,3,42
云南,所有时段,四十八道河,2,3,8
云南,所有时段,大围山国家公园,2,3,25
云南,所有时段,大理国际奥林匹克体育中心(大理市),2,3,18
云南,所有时段,大观楼(昆明市西山区大观路284号),2,3,8
云南,所有时段,巍宝山风景名胜区(巍山彝族回族自治县),2,3,28
云南,所有时段,干沟尾,2,3,24
云南,所有时段,开远市永华种鸡西50米(卧古段北),2,3,23
云南,所有时段,捞鱼河沿岸（理工大段）,2,3,15
云南,所有时段,昆明市大观公园-南园,2,3,15
云南,所有时段,昆明滇池国家旅游度假区,2,3,9
云南,所有时段,普卡旺,2,3,12
云南,所有时段,杨柳冲,2,3,18
云南,所有时段,江川区前卫镇新河咀,2,3,44
云南,所有时段,泽湖,2,3,28
云南,所有时段,湖滨生态湿地-草海隧道东岸-余园,2,3,32
云南,所有时段,片马风雪丫口,2,3,56
云南,所有时段,牛波一(茶花园店),2,3,25
云南,所有时段,独龙江国家公园,2,3,21
云南,所有时段,王莲酒店,2,3,13
云南,所有时段,盆景园,2,3,14
云南,所有时段,盈江县太平镇雪梨村二分室东北100米,2,3,6
云南,所有时段,盈江县那邦镇东抱光山,2,3,7
云南,所有时段,盘龙区昆明金殿国家森林公园(松园路东),2,3,20
云南,所有时段,翁基布朗族古寨,2,3,23
云南,所有时段,腾冲市和顺古镇景区(大石巷东400米),2,3,20
云南,所有时段,腾冲市和顺古镇景区(秋农路北100米),2,3,41
云南,所有时段,蜂王树,2,3,24
云南,所有时段,郊野公园,2,3,12
云南,所有时段,高黎贡山宣教中心,2,3,49
云南,所有时段,一寨两国,2,2,12
云南,所有时段,上阳波,2,2,9
云南,所有时段,下石梯,2,2,34
云南,所有时段,东大河湿地（南滇池湿地）,2,2,48
云南,所有时段,东川区铜都街道龙洞村,2,2,5
云南,所有时段,东湖公园,2,2,2
云南,所有时段,中国科学院西双版纳热带植物园人工雨林3-1,2,2,24
云南,所有时段,中国科学院西双版纳热带植物园人工雨林3-2,2,2,28
云南,所有时段,中国科学院西双版纳热带植物园人工雨林3-3,2,2,23
云南,所有时段,中国科学院西双版纳热带植物园人工雨林4-1,2,2,26
云南,所有时段,中国科学院西双版纳热带植物园人工雨林4-3,2,2,24
云南,所有时段,中国科学院西双版纳热带植物园人工雨林4-4,2,2,19
云南,所有时段,中国科学院西双版纳热带植物园停车场,2,2,5
云南,所有时段,中国科学院西双版纳热带植物园热带雨林3-3,2,2,25
云南,所有时段,中国科学院西双版纳热带植物园热带雨林3-4,2,2,58
云南,所有时段,中国科学院西双版纳热带植物园热带雨林4-1,2,2,40
云南,所有时段,中国科学院西双版纳热带植物园热带雨林4-2,2,2,31
云南,所有时段,中国科学院西双版纳热带植物园热带雨林4-3,2,2,37
云南,所有时段,中国科学院西双版纳热带植物园绿石林3-2,2,2,38
云南,所有时段,中国科学院西双版纳热带植物园绿石林3-3,2,2,31
云南,所有时段,中国科学院西双版纳热带植物园绿石林3-4,2,2,31
云南,所有时段,中国科学院西双版纳热带植物园绿石林4-1,2,2,27
云南,所有时段,中国科学院西双版纳热带植物园绿石林4-2,2,2,43
云南,所有时段,中国科学院西双版纳热带植物园绿石林4-3,2,2,25
云南,所有时段,中国科学院西双版纳热带植物园绿石林4-4,2,2,33
云南,所有时段,临沧市云县爱华镇,2,2,10
云南,所有时段,临沧边境经济合作区管委会,2,2,17
云南,所有时段,丽江市黑龙潭公园,2,2,9
云南,所有时段,丽江黑龙潭风景名胜区(古城区民主路1号),2,2,17
云南,所有时段,九十九龙潭之一,2,2,24
云南,所有时段,二台坡,2,2,7
云南,所有时段,云南保山百花岭周边,2,2,28
云南,所有时段,云南哀牢山国家级自然保护区,2,2,28
云南,所有时段,云南大学东陆校区,2,2,9
云南,所有时段,云南太阳河自然保护区,2,2,6
云南,所有时段,云南普洱五湖国家湿地公园-野鸭湖,2,2,6
云南,所有时段,云南盈江国家湿地公园,2,2,48
云南,所有时段,云南虎跳峡,2,2,2
云南,所有时段,云南野生动物园,2,2,2
云南,所有时段,会泽雨碌大地缝风景区(曲靖市会泽县),2,2,13
云南,所有时段,傣族园+龙得湖夏日荷,2,2,24
云南,所有时段,傣族园龙得湖,2,2,19
云南,所有时段,兴隆村,2,2,13
云南,所有时段,农耕1958房车营地,2,2,17
云南,所有时段,凤庆县勐佑镇德思里彝族佤族乡,2,2,13
云南,所有时段,凤庆县砚池公园(S312北),2,2,18
云南,所有时段,剑川县剑湖,2,2,44
云南,所有时段,剑湖国家湿地公园(剑川县环湖线西50米),2,2,19
云南,所有时段,勐仑幺等新寨飘海鸟塘,2,2,15
云南,所有时段,勐仑美术馆,2,2,6
云南,所有时段,勐泐雨林公园,2,2,4
云南,所有时段,勐海县勐混勐牛生猪屠宰场北200米,2,2,5
云南,所有时段,勐海县勐遮镇曼纳玛,2,2,5
云南,所有时段,勐混镇,2,2,9
云南,所有时段,勐焕大金塔,2,2,13
云南,所有时段,勐腊南贡山保护区,2,2,27
云南,所有时段,勐腊县G213(勐腊郭老憨饭店),2,2,4
云南,所有时段,勐腊县中国科学院西双版纳热带植物园(G219南),2,2,37
云南,所有时段,勐腊县中国科学院西双版纳热带植物园(G219西),2,2,3
云南,所有时段,勐腊县中科院植物园(蒲葵大道东400米),2,2,23
云南,所有时段,勐腊县佛肚树(蒲葵大道南),2,2,17
云南,所有时段,勐腊县勐仑服务区(昆磨高速昆明方向),2,2,3
云南,所有时段,勐腊县勐仑镇八哈会丈,2,2,21
云南,所有时段,勐腊县勐仑镇坝卡回掌,2,2,19
云南,所有时段,勐腊县勐仑镇莫等下寨捌加黑鸟塘,2,2,19
云南,所有时段,勐腊县勐仑镇阿克新寨,2,2,25
云南,所有时段,勐腊县南贡山保护区,2,2,35
云南,所有时段,勐腊县版纳曼安小区,2,2,7
云南,所有时段,勐腊县野生姜园,2,2,21
云南,所有时段,勒勐,2,2,13
云南,所有时段,南涧彝族自治县灵宝山西北200米(沙乐线),2,2,65
云南,所有时段,南立线,2,2,9
云南,所有时段,叠水河瀑布景区,2,2,9
云南,所有时段,古城区清溪水库(清溪街西),2,2,5
云南,所有时段,古茶林(普洱市惠民镇景迈山古茶林景区内),2,2,41
云南,所有时段,告庄西双景,2,2,11
云南,所有时段,呼马山森林公园,2,2,13
云南,所有时段,响古箐傈僳族传统村落,2,2,7
云南,所有时段,坝美世外桃源景区(广南县),2,2,19
云南,所有时段,基诺山基诺族乡,2,2,5
云南,所有时段,大坡脚,2,2,18
云南,所有时段,大牯牛山,2,2,10
云南,所有时段,大理国际奥林匹克体育中心北,2,2,7
云南,所有时段,大理大学,2,2,5
云南,所有时段,大理市龙湖湿地公园(西环海线南200米),2,2,15
云南,所有时段,大理才村湿地公园,2,2,10
云南,所有时段,大理田边平等舍,2,2,4
云南,所有时段,大理苍山国家地质公园,2,2,11
云南,所有时段,大观篆新农贸市场,2,2,11
云南,所有时段,姜家寨(保山市腾冲市),2,2,9
云南,所有时段,姜家寨2号鸟类监测点,2,2,32
云南,所有时段,孔雀山,2,2,18
云南,所有时段,孟定镇,2,2,56
云南,所有时段,官渡区六甲街道福保居民委员会,2,2,37
云南,所有时段,寥廓公园,2,2,16
云南,所有时段,小沙坝半山酒店,2,2,8
云南,所有时段,小渔村,2,2,22
云南,所有时段,尹家,2,2,8
云南,所有时段,岩上,2,2,13
云南,所有时段,巡护站,2,2,6
云南,所有时段,巴卡小寨3-1,2,2,41
云南,所有时段,巴卡小寨KM55-3-4,2,2,49
云南,所有时段,巴卡小寨KM552-3,2,2,45
云南,所有时段,巴卡小寨KM552-4,2,2,42
云南,所有时段,巴卡小寨KM553-2,2,2,19
云南,所有时段,巴卡小寨KM553-3,2,2,54
云南,所有时段,巴卡小寨KM55_4-1,2,2,38
云南,所有时段,巴卡小寨KM55_4-2,2,2,46
云南,所有时段,巴卡小寨KM55_4-3,2,2,32
云南,所有时段,巴卡小寨KM55_4-4,2,2,42
云南,所有时段,帽天山风景区,2,2,7
云南,所有时段,弄么村(德宏傣族景颇族自治州梁河县),2,2,6
云南,所有时段,弄莫湖,2,2,5
云南,所有时段,惠民购物广场,2,2,1
云南,所有时段,故山·野鸭塘河谷咖啡庄园,2,2,3
云南,所有时段,文笔山景区,2,2,13
云南,所有时段,新平彝族傣族自治县哀牢山景区游客接待服务中心东,2,2,32
云南,所有时段,昆明世界园艺博览园(白龙路439号),2,2,32
云南,所有时段,昆明市滇池宝丰湿地公园,2,2,28
云南,所有时段,昆明植物园(昆明市盘龙区),2,2,20
云南,所有时段,昆明植物园东园,2,2,13
云南,所有时段,昆明西山公园,2,2,17
云南,所有时段,明永冰川风景区-柏树林庙,2,2,11
云南,所有时段,易武茶山,2,2,29
云南,所有时段,春城公园,2,2,5
云南,所有时段,春融公园,2,2,11
云南,所有时段,晋宁区东大河河口湿地,2,2,50
云南,所有时段,景东彝族自治县文蚌河东南100米(XJ22),2,2,4
云南,所有时段,景东彝族自治县景福镇叶家坝河,2,2,36
云南,所有时段,景洪勐龙小勐宋怡沁园茶行,2,2,16
云南,所有时段,景洪市勐龙镇南丹,2,2,18
云南,所有时段,景洪市嘎洒镇G214,2,2,8
云南,所有时段,景洪市普文镇昆磨高速(神鱼养殖基地),2,2,1
云南,所有时段,景洪市西双版纳傣族园北门西北150米,2,2,13
云南,所有时段,曼听御花园景区(曼听路217号附近),2,2,10
云南,所有时段,曼浓岱,2,2,10
云南,所有时段,月牙潭公园,2,2,7
云南,所有时段,梁王山自然保护区,2,2,23
云南,所有时段,棋盘山国家森林公园,2,2,15
云南,所有时段,正觉庵水库,2,2,18
云南,所有时段,永平服务区(杭瑞高速瑞丽方向),2,2,8
云南,所有时段,江尾天天钓场,2,2,16
云南,所有时段,江川区前卫镇新河咀小龙门,2,2,37
云南,所有时段,江川区路居镇石岩哨村,2,2,46
云南,所有时段,沧源佤族自治县班洪乡永公松木桑,2,2,22
云南,所有时段,沧源佤族自治县班老乡人民政府北50米(甘班线),2,2,20
云南,所有时段,沧源佤族自治县班老乡永合,2,2,12
云南,所有时段,沧源佤族自治县班老乡永得,2,2,41
云南,所有时段,沧源佤族自治县班老乡营盘大寨,2,2,48
云南,所有时段,沧源佤族自治县班老新寨村,2,2,10
云南,所有时段,沧源县上班老村委会周围,2,2,38
云南,所有时段,泸水市鲁掌镇片马丫口,2,2,19
云南,所有时段,洛龙公园,2,2,5
云南,所有时段,洪崩河,2,2,42
云南,所有时段,洱海边,2,2,27
云南,所有时段,湖泉生态园,2,2,19
云南,所有时段,湖滨生态湿地公园(澜台府段),2,2,29
云南,所有时段,滇池东风坝海心沙,2,2,21
云南,所有时段,澜沧拉祜族自治县拉祜风情园(水库西路东50米),2,2,5
云南,所有时段,瀑布公园,2,2,17
云南,所有时段,灵芝湖森林公园,2,2,13
云南,所有时段,炬点咖啡馆庄园店,2,2,8
云南,所有时段,片马抗英博物馆,2,2,4
云南,所有时段,版纳曼安小区,2,2,12
云南,所有时段,犀鸟客栈,2,2,13
云南,所有时段,玉湖村,2,2,8
云南,所有时段,玉溪市新平县戛洒镇石门峡,2,2,10
云南,所有时段,玉龙纳西族自治县石头白族乡利苴村三岔河,2,2,3
云南,所有时段,玉龙雪山国家级风景名胜区-云杉坪,2,2,23
云南,所有时段,玛御谷,2,2,11
云南,所有时段,环湖路,2,2,24
云南,所有时段,瑞丽,2,2,5
云南,所有时段,瑞丽市勐秀乡南京里村观鸟点,2,2,9
云南,所有时段,瑞丽市勐秀乡棒畹新寨,2,2,31
云南,所有时段,瑞丽市弄莫湖公园(新光路西),2,2,10
云南,所有时段,甘班线,2,2,22
云南,所有时段,白路脚(红河哈尼族彝族自治州个旧市),2,2,19
云南,所有时段,白龙潭公园,2,2,14
云南,所有时段,百花岭村,2,2,7
云南,所有时段,百花岭村景区,2,2,22
云南,所有时段,盈江县17号鸟类观测点西北50米(X036西),2,2,5
云南,所有时段,盈江县21号鸟类观测点东北200米,2,2,22
云南,所有时段,盈江县南方丝绸之路国际起点,2,2,34
云南,所有时段,盈江县太平镇下帮瓦,2,2,8
云南,所有时段,盈江县太平镇铁莫崩山,2,2,20
云南,所有时段,盈江县石梯26号b塘记录,2,2,36
云南,所有时段,盈江县那邦村,2,2,48
云南,所有时段,盈江县那邦镇柚木寨,2,2,15
云南,所有时段,盈江大桥,2,2,14
云南,所有时段,盘龙区昆明植物园(枫香大道南),2,2,19
云南,所有时段,盘龙区黑龙潭公园(昆明植物园东北150米),2,2,12
云南,所有时段,石卡雪山,2,2,4
云南,所有时段,秋木箐社区,2,2,20
云南,所有时段,积下,2,2,2
云南,所有时段,粒述·咖啡庄园观景台,2,2,8
云南,所有时段,紫溪山风景区-茶花园,2,2,9
云南,所有时段,紫顶寺,2,2,12
云南,所有时段,纳帕措达旅游景区,2,2,29
云南,所有时段,纳帕海和哈木谷村,2,2,29
云南,所有时段,维西县滇金丝猴专家别苑客房西北400米,2,2,21
云南,所有时段,绿石林景区观景台,2,2,29
云南,所有时段,老君山九十九龙潭景区,2,2,18
云南,所有时段,腾冲市中和镇花坡,2,2,21
云南,所有时段,腾冲市凤岭坊,2,2,19
云南,所有时段,腾冲市曲石镇林家铺,2,2,14
云南,所有时段,腾冲市曲石镇荨麻地,2,2,36
云南,所有时段,腾冲市高黎贡山姜家寨鸟类监测点北50米,2,2,65
云南,所有时段,腾冲市鲁冰花庄园东100米(红高路北),2,2,23
云南,所有时段,腾冲瑷珲主题公园,2,2,5
云南,所有时段,节基坪,2,2,16
云南,所有时段,芒坑(临沧市耿马傣族佤族自治县),2,2,19
云南,所有时段,芒市,2,2,21
云南,所有时段,芒杏河,2,2,28
云南,所有时段,苍山景区苍山感通索道(大理市),2,2,17
云南,所有时段,苍山自然中心,2,2,10
云南,所有时段,荷花镇,2,2,16
云南,所有时段,落龙寨,2,2,37
云南,所有时段,蒋家坟(昆明市盘龙区),2,2,22
云南,所有时段,虎跳峡徒步路线,2,2,4
云南,所有时段,西双版纳傣族自治州勐腊县中国科学院西双版纳热带植物园,2,2,8
云南,所有时段,西双版纳国家级自然保护区勐仑子保护区西片,2,2,15
云南,所有时段,西双版纳州南腊河康养度假营地景区,2,2,8
云南,所有时段,西双版纳总佛寺,2,2,5
云南,所有时段,西双版纳洲际度假酒店,2,2,8
云南,所有时段,西双版纳野象谷景区北门-售票处,2,2,43
云南,所有时段,西山区大观五家堆湿地公园(庾园路西200米),2,2,13
云南,所有时段,西山区彰美村码头东北300米(滇新路北),2,2,30
云南,所有时段,西山区昆明市大观公园西园东南150米(庾园路西),2,2,11
云南,所有时段,西山区福海街道韩家小村,2,2,24
云南,所有时段,西山景区-太华古道,2,2,14
云南,所有时段,西山景区-太华寺,2,2,7
云南,所有时段,通海杞麓湖国家湿地公园,2,2,30
云南,所有时段,那邦镇一号观鸟点,2,2,15
云南,所有时段,野象谷热带雨林景区(一期高架观象栈道),2,2,21
云南,所有时段,金山丫口观景台,2,2,8
云南,所有时段,金龟山观光园望鸟谷,2,2,18
云南,所有时段,铜壁关乡,2,2,33
云南,所有时段,长桥海,2,2,12
云南,所有时段,阳宗镇梁王山,2,2,17
云南,所有时段,阿嘎,2,2,11
云南,所有时段,隆阳区澡塘河西300米,2,2,39
云南,所有时段,隆阳区百花岭,2,2,75
云南,所有时段,隆阳区芒宽彝族傣族乡王家洼,2,2,26
云南,所有时段,隆阳区芒宽彝族傣族乡田心,2,2,10
云南,所有时段,隆阳区茶韵台北50米,2,2,15
云南,所有时段,雾浓顶,2,2,16
云南,所有时段,青华海,2,2,13
云南,所有时段,青华海西湖景区,2,2,15
云南,所有时段,香格里拉全县,2,2,51
云南,所有时段,香格里拉市建塘镇G214(纳帕海观景台),2,2,9
云南,所有时段,香格里拉虎跳峡景区,2,2,3
云南,所有时段,香格里拉高山植物园(纳帕海共宾村),2,2,18
云南,所有时段,香额湖(德宏傣族景颇族自治州盈江县),2,2,13
云南,所有时段,马久邑线,2,2,14
云南,所有时段,马树湿地公园,2,2,16
云南,所有时段,高黎贡山百花岭鸟塘,2,2,27
云南,所有时段,高黎贡山自然公园,2,2,23
云南,所有时段,高黎贡山茶博园,2,2,12
云南,所有时段,鹤庆草海,2,2,12
云南,所有时段,麒麟水乡,2,2,26
云南,所有时段,黑颈鹤自然保护区,2,2,23
云南,所有时段,黑龙潭公园(昆明市盘龙区蓝桉路1号),2,2,17
云南,所有时段,龙江特大桥观景区,2,2,7
云南,所有时段,龙泉公园,2,2,30
云南,所有时段,龙血树园,2,2,12
云南,所有时段,龙龛农田,2,2,18
云南,所有时段,沙溪古镇金树禾,1,24,41
云南,所有时段,盈江县盈之蓝民宿,1,10,29
云南,所有时段,万科·大都会一期,1,9,17
云南,所有时段,云南师大附中(呈贡校区),1,9,15
云南,所有时段,念湖,1,9,16
云南,所有时段,云南农业大学,1,8,6
云南,所有时段,滇西应用技术大学(珠宝学院),1,8,25
云南,所有时段,勐腊县会龙鸟塘及周边,1,7,55
云南,所有时段,万亩荷塘,1,6,22
云南,所有时段,在地·石城自然学校,1,6,10
云南,所有时段,大学城地铁站公园,1,6,23
云南,所有时段,省耕文化公园,1,6,21
云南,所有时段,永丰水库,1,5,29
云南,所有时段,秋木箐,1,5,23
云南,所有时段,华龙湖,1,4,10
云南,所有时段,曲石公墓,1,4,31
云南,所有时段,青山头,1,4,13
云南,所有时段,中国科学院西双版纳热带植物园电站大桥,1,3,15
云南,所有时段,中國科學院西雙版納熱帶植物園,1,3,30
云南,所有时段,云南彝良小草坝景区,1,3,44
云南,所有时段,云南映象B区,1,3,4
云南,所有时段,云南艺术学院(呈贡校区),1,3,11
云南,所有时段,五华区北市区荷塘月色(红锦路西),1,3,17
云南,所有时段,倪家铺,1,3,27
云南,所有时段,兴隆—张家村—下村,1,3,42
云南,所有时段,南华县马街镇,1,3,19
云南,所有时段,双龙公园,1,3,10
云南,所有时段,呈贡区小营社区居民委员会西50米(小营段东),1,3,6
云南,所有时段,大屯村,1,3,4
云南,所有时段,捞渔河（雨花路段）,1,3,23
云南,所有时段,文山市东山公园,1,3,20
云南,所有时段,文山市盘龙森林公园(城南路东150米),1,3,18
云南,所有时段,明通河畔,1,3,2
云南,所有时段,石林霄鲁酱菜厂,1,3,14
云南,所有时段,蒙自正海养殖东300米,1,3,13
云南,所有时段,野鸭塘河谷庄园,1,3,10
云南,所有时段,高黎贡山西坡,1,3,61
云南,所有时段,G213公路4049K~4051K沿线,1,2,31
云南,所有时段,中国科学院哀牢山亚热带森林生态系统研究站,1,2,18
云南,所有时段,中国科学院版纳植物园景东亚热带植物园,1,2,10
云南,所有时段,中国科学院西双版纳热带植物园东区绿石林下车点桥上,1,2,6
云南,所有时段,中国科学院西双版纳热带植物园江边荒地,1,2,26
云南,所有时段,中国科学院西双版纳热带植物园西游览区-游览车中心,1,2,14
云南,所有时段,中科版纳植物园,1,2,14
云南,所有时段,临翔区,1,2,26
云南,所有时段,云南滇池温泉花园国际大酒店(西山区),1,2,5
云南,所有时段,云南省临沧市沧源佤族自治县,1,2,13
云南,所有时段,保山清华湖,1,2,14
云南,所有时段,六合实业村,1,2,15
云南,所有时段,冲江河,1,2,10
云南,所有时段,勐佑镇,1,2,25
云南,所有时段,勐腊县勐仑阿克新寨,1,2,16
云南,所有时段,勐龙镇勐宋村,1,2,9
云南,所有时段,千步崖,1,2,25
云南,所有时段,南涧彝族自治县无量山樱花谷(西景线东),1,2,18
云南,所有时段,南贡山保护区巡山道（G2134053公里牌对面）,1,2,46
云南,所有时段,卫星水库,1,2,24
云南,所有时段,呈贡区乌龙垂恩寺,1,2,22
云南,所有时段,呈贡区天水嘉园(兴园路北50米),1,2,9
云南,所有时段,呈贡区西亚山庄(安石公路南),1,2,17
云南,所有时段,告庄西双景湄公河·星光夜市,1,2,10
云南,所有时段,塔城逸乡里民宿,1,2,9
云南,所有时段,宁湖公园(安宁市安八线湖东路安县路),1,2,15
云南,所有时段,宝华公园,1,2,6
云南,所有时段,宣威市羊场镇鲁车,1,2,16
云南,所有时段,岭岗村,1,2,62
云南,所有时段,巴江河滨公园,1,2,10
云南,所有时段,帕哎冷古茶园,1,2,28
云南,所有时段,康廊村(大理白族自治州大理市),1,2,2
云南,所有时段,捞渔河湿地公园(昆明市呈贡区),1,2,2
云南,所有时段,捞渔河（昆明理工大学呈贡校区段),1,2,16
云南,所有时段,新华通讯社云南分社北(红塔西路),1,2,2
云南,所有时段,晋宁区普照寺(普照路西100米),1,2,12
云南,所有时段,普洱南部湿地,1,2,12
云南,所有时段,曼勒(西双版纳傣族自治州勐海县),1,2,17
云南,所有时段,曼米河,1,2,12
云南,所有时段,来凤山,1,2,22
云南,所有时段,格面,1,2,11
云南,所有时段,江坡村,1,2,16
云南,所有时段,河东村(临沧市凤庆县),1,2,2
云南,所有时段,清水海,1,2,9
云南,所有时段,灵照山,1,2,24
云南,所有时段,百花岭观鸟圣地,1,2,1
云南,所有时段,盈江县泼水节广场,1,2,22
云南,所有时段,盈江泼水广场,1,2,22
云南,所有时段,盘龙区S241(朱家山),1,2,18
云南,所有时段,石板河路,1,2,22
云南,所有时段,磨山,1,2,10
云南,所有时段,红塔文体中心,1,2,10
云南,所有时段,腾冲原乡栖花岭景区,1,2,26
云南,所有时段,腾冲市中和镇打鹰山,1,2,33
云南,所有时段,腾冲市曲石镇下表院,1,2,14
云南,所有时段,腾冲市曲石镇侯家园,1,2,8
云南,所有时段,芒究水库,1,2,20
云南,所有时段,西双版纳植物园,1,2,10
云南,所有时段,西山区云南省昆明地方海事局南100米(草海隧道北),1,2,15
云南,所有时段,西山区大观公园庾园(庾园路西100米),1,2,5
云南,所有时段,西山区海滨花园东150米(昆明绕城高速内环中线南),1,2,27
云南,所有时段,象鼻山,1,2,15
云南,所有时段,隆阳区澡塘河南500米,1,2,76
云南,所有时段,隆阳区澡塘河西南150米,1,2,8
云南,所有时段,香格里拉市永泰养殖有限公司东南600米,1,2,8
云南,所有时段,马库村,1,2,46
云南,所有时段,1,1,1,1
云南,所有时段,19号观测点,1,1,29
云南,所有时段,26号塘,1,1,47
云南,所有时段,2号拍摄位,1,1,5
云南,所有时段,3号游船码头,1,1,4
云南,所有时段,AMAN·安曼迷住野奢酒店(告庄星光夜市店),1,1,9
云南,所有时段,EasyFly低空公园(滇滇的热气球),1,1,7
云南,所有时段,G219与南立线交叉口,1,1,6
云南,所有时段,KunmingLakePark,1,1,9
云南,所有时段,"XishuangbannaTropicalBotanicalGarden,ChineseAcademyofSciences",1,1,7
云南,所有时段,丁家寨(西双版纳傣族自治州勐腊县),1,1,1
云南,所有时段,七彩云南·欢乐世界,1,1,4
云南,所有时段,七彩塘园农家乐,1,1,22
云南,所有时段,七星湖,1,1,10
云南,所有时段,万溪冲登山步道,1,1,20
云南,所有时段,三和寺,1,1,8
云南,所有时段,三坝纳西族乡,1,1,2
云南,所有时段,三家寨,1,1,12
云南,所有时段,三山一河公园休息区停车场,1,1,1
云南,所有时段,三岔水坝河,1,1,1
云南,所有时段,三水碧,1,1,12
云南,所有时段,三角海-长桥海,1,1,39
云南,所有时段,上关镇,1,1,26
云南,所有时段,上班老水库,1,1,47
云南,所有时段,上石梯,1,1,38
云南,所有时段,上石梯西998米,1,1,17
云南,所有时段,下拖卓,1,1,13
云南,所有时段,下石梯(德宏傣族景颇族自治州盈江县),1,1,27
云南,所有时段,下石梯东629米,1,1,41
云南,所有时段,下董官屯,1,1,22
云南,所有时段,下马合(临沧市凤庆县),1,1,2
云南,所有时段,世博生态城半山邻里(昆明市盘龙区半山路),1,1,10
云南,所有时段,世外乡村·高黎贡勐赫小镇,1,1,30
云南,所有时段,世界园艺博览园,1,1,13
云南,所有时段,世界园艺博览园(盘龙区世博路10号),1,1,9
云南,所有时段,东东山(临沧市凤庆县),1,1,16
云南,所有时段,东大河湿地公园,1,1,15
云南,所有时段,东山草原,1,1,2
云南,所有时段,东山顶,1,1,20
云南,所有时段,东林,1,1,27
云南,所有时段,东风坝桥–天空之境–融创,1,1,25
云南,所有时段,东风坝海心沙南五十米拐弯处,1,1,15
云南,所有时段,东风韵,1,1,4
云南,所有时段,严家村,1,1,8
云南,所有时段,个旧市云南元壤生物科技有限公司东200米,1,1,10
云南,所有时段,个旧市工人文化宫,1,1,4
云南,所有时段,个旧市梨源哨冲南200米,1,1,6
云南,所有时段,个旧市老阴山风景区,1,1,1
云南,所有时段,丫洒底村,1,1,17
云南,所有时段,中华普洱茶博览苑,1,1,11
云南,所有时段,中和村银杏岔口,1,1,21
云南,所有时段,中国滇金丝猴研究基地,1,1,3
云南,所有时段,中国犀鸟谷,1,1,46
云南,所有时段,中国科学院西双版纳热带植物园-绿石林景区,1,1,20
云南,所有时段,中国科学院西双版纳热带植物园人工雨林-4-2,1,1,32
云南,所有时段,中国科学院西双版纳热带植物园吊桥,1,1,17
云南,所有时段,中国科学院西双版纳热带植物园名人名树园附近,1,1,17
云南,所有时段,中国科学院西双版纳热带植物园江边,1,1,23
云南,所有时段,中国科学院西双版纳热带植物园藤本园,1,1,22
云南,所有时段,中国科学院西双版纳热带植物园野菜园,1,1,10
云南,所有时段,中国西南野生生物种质资源库,1,1,6
云南,所有时段,中天寺,1,1,7
云南,所有时段,中央丽城,1,1,3
云南,所有时段,中山,1,1,8
云南,所有时段,中济海,1,1,12
云南,所有时段,中科院版纳植物园社会管理综合治理委员会,1,1,5
云南,所有时段,临安古城米轨小火车主题公园,1,1,1
云南,所有时段,临沧佳能达医药有限公司,1,1,15
云南,所有时段,丽江和府洲际度假酒店,1,1,1
云南,所有时段,丽江市利苴村老君山生物多样性保护中心,1,1,4
云南,所有时段,丽江市博物院,1,1,16
云南,所有时段,丽江市周边,1,1,10
云南,所有时段,丽江悦榕庄,1,1,6
云南,所有时段,丽江站,1,1,1
云南,所有时段,乌蒙山自然保护区三江口片区,1,1,12
云南,所有时段,乌龙河,1,1,12
云南,所有时段,九鼎龙潭,1,1,11
云南,所有时段,书松村老路,1,1,6
云南,所有时段,云南会泽黑颈鹤国家级自然保护区,1,1,12
云南,所有时段,云南保山高黎贡山保山段,1,1,12
云南,所有时段,云南保山高黎贡山赧亢,1,1,1
云南,所有时段,云南大学泽湖(昆明市呈贡区广田东路),1,1,17
云南,所有时段,云南大学鼎鑫学生生活园区,1,1,3
云南,所有时段,云南大山包黑颈鹤国家级自然保护区,1,1,3
云南,所有时段,云南师范大学(呈贡校区),1,1,11
云南,所有时段,云南弥勒大佛,1,1,12
云南,所有时段,云南民族大学(雨花校区)民族博物馆北侧,1,1,2
云南,所有时段,云南玉溪抚仙湖,1,1,13
云南,所有时段,云南盈江县石梯村,1,1,18
云南,所有时段,云南省丽江市宁蒗彝族自治县红硝段,1,1,2
云南,所有时段,云南省保山市腾冲县,1,1,3
云南,所有时段,云南省大理白族自治州大理市,1,1,19
云南,所有时段,云南省工人疗养院,1,1,28
云南,所有时段,云南省昆明市西山区G56(高峣立交桥),1,1,7
云南,所有时段,云南省林业和草原局,1,1,4
云南,所有时段,云南省澜沧江省级自然保护区,1,1,1
云南,所有时段,云南省西双版纳傣族自治州勐腊县中国科学院西双版纳热带植物园,1,1,9
云南,所有时段,云南省迪庆藏族自治州香格里拉市,1,1,4
云南,所有时段,云县滨河公园东南100米(云州路西),1,1,11
云南,所有时段,云县漫湾镇茅草林,1,1,4
云南,所有时段,云安会都贵宾楼,1,1,1
云南,所有时段,云峰山道观,1,1,9
云南,所有时段,云杉坪索道,1,1,3
云南,所有时段,云美庭酒店(西双版纳)509房阳台,1,1,5
云南,所有时段,云锦别院,1,1,12
云南,所有时段,五凤山,1,1,12
云南,所有时段,五华区云南国际商务大厦(宝善街北),1,1,1
云南,所有时段,五华广场,1,1,2
云南,所有时段,五境乡,1,1,9
云南,所有时段,五脑山生态公园(玉溪市红塔区),1,1,7
云南,所有时段,仙人谷,1,1,12
云南,所有时段,会泽会堂北(通宝路),1,1,2
云南,所有时段,会泽公园,1,1,3
云南,所有时段,会泽县云南会泽黑颈鹤国家级自然保护区,1,1,13
云南,所有时段,会泽县大桥乡安基卡,1,1,1
云南,所有时段,会泽县大桥乡小柳树,1,1,4
云南,所有时段,会泽县大桥乡易家地,1,1,3
云南,所有时段,会泽县大海草山风景区,1,1,2
云南,所有时段,会泽县金钟山文昌宫(钟山路西50米),1,1,6
云南,所有时段,会泽县金钟镇第一中学校(钟屏路南),1,1,4
云南,所有时段,会泽县龙湖花园2期(瑞丰路),1,1,2
云南,所有时段,余家河(昆明市晋宁区),1,1,8
云南,所有时段,佳兆业城市广场营销中心,1,1,5
云南,所有时段,保山市,1,1,9
云南,所有时段,保山市腾冲市来凤山国家森林公园,1,1,24
云南,所有时段,保山百花岭灵芝家民宿,1,1,14
云南,所有时段,保山蒲缥温泉度假村,1,1,3
云南,所有时段,保山龙陵邦腊掌温泉养生度假区,1,1,60
云南,所有时段,允燕山,1,1,16
云南,所有时段,元江哈尼族彝族傣族自治县石膏箐,1,1,7
云南,所有时段,元江哈尼族彝族傣族自治县羊街乡南嵩,1,1,7
云南,所有时段,元江哈尼族彝族傣族自治县高桥御景,1,1,12
云南,所有时段,元江哈尼族彝族傣族自治县龙潭乡大哨村,1,1,6
云南,所有时段,元江服务区(永金高速金水河方向),1,1,11
云南,所有时段,元阳·哈尼梯田,1,1,2
云南,所有时段,公安局,1,1,6
云南,所有时段,兴隆村花椒嘴到余家沟段,1,1,27
云南,所有时段,冷水沟,1,1,45
云南,所有时段,冻干草原LHR,1,1,1
云南,所有时段,凌虚阁,1,1,2
云南,所有时段,凤凰山环志站,1,1,33
云南,所有时段,凤庆县小湾观景台北100米(凤小公路东),1,1,8
云南,所有时段,凤庆县滇红第一村景区,1,1,5
云南,所有时段,凤庆县鲁史镇青木林,1,1,17
云南,所有时段,凤龙山,1,1,12
云南,所有时段,凯邦亚湖,1,1,1
云南,所有时段,切格(无量山)野奢营地,1,1,4
云南,所有时段,剑川县金华镇环湖公路东500米,1,1,8
云南,所有时段,剑湖湿地,1,1,9
云南,所有时段,加水站(大丽高速大理方向),1,1,3
云南,所有时段,勐仑么等新寨,1,1,18
云南,所有时段,勐仑保护区王子山片区,1,1,7
云南,所有时段,勐仑春林宾馆,1,1,1
云南,所有时段,勐嘎村,1,1,25
云南,所有时段,勐宋,1,1,42
云南,所有时段,勐梭龙潭西门(西盟佤族自治县人民政府南),1,1,15
云南,所有时段,勐海县勐巴拉国际旅游度假区,1,1,12
云南,所有时段,勐海县勐满镇曼赛,1,1,12
云南,所有时段,勐海县勐遮镇勐邦,1,1,12
云南,所有时段,勐海县城,1,1,1
云南,所有时段,勐焕银塔景区,1,1,12
云南,所有时段,勐腊县G213,1,1,15
云南,所有时段,勐腊县中国科学院西双版纳热带植物园(G219东),1,1,45
云南,所有时段,勐腊县中科院植物园(G219西500米),1,1,22
云南,所有时段,勐腊县中科院植物园学术报告厅(蒲葵大道东),1,1,13
云南,所有时段,勐腊县会龙鸟塘及周边夜刷,1,1,3
云南,所有时段,勐腊县会龙鸟塘夜间鸟类,1,1,10
云南,所有时段,勐腊县勐仑曼俄村民小组西南100米,1,1,1
云南,所有时段,勐腊县勐仑美术馆(雨林路南),1,1,5
云南,所有时段,勐腊县勐仑镇G213(勐仑镇勐醒小学),1,1,2
云南,所有时段,勐腊县勐仑镇曼勒,1,1,2
云南,所有时段,勐腊县勐仑镇曼安,1,1,4
云南,所有时段,勐腊县勐仑镇曼岗,1,1,15
云南,所有时段,勐腊县勐仑镇滨江酒店(纳贺科路),1,1,2
云南,所有时段,勐腊县勐仑镇莫等新寨当月鸟塘,1,1,15
云南,所有时段,勐腊县南贡山隧道群东北(213国道北),1,1,28
云南,所有时段,勐腊县吊桥西南50米(滨江路南),1,1,18
云南,所有时段,勐腊县城,1,1,6
云南,所有时段,勐腊县曼安小区3H小区10栋(内环段南),1,1,4
云南,所有时段,勐腊县滨江壹号(馨园路东),1,1,1
云南,所有时段,勐腊县磨憨镇平河龙门鸟塘及周边,1,1,40
云南,所有时段,勐腊县菲利普小道,1,1,12
云南,所有时段,勐腊县西双版纳王莲酒店,1,1,8
云南,所有时段,勐腊县象明彝族乡新发村,1,1,4
云南,所有时段,化佛山,1,1,4
云南,所有时段,北斗彝族乡,1,1,3
云南,所有时段,北海湿地,1,1,15
云南,所有时段,北海湿地景区[公交站],1,1,11
云南,所有时段,北部湿地公园,1,1,4
云南,所有时段,千狮山满贤林景区,1,1,6
云南,所有时段,华侨城卧龙古渔村,1,1,11
云南,所有时段,南京里教堂,1,1,1
云南,所有时段,南京里隧道,1,1,38
云南,所有时段,南们河,1,1,23
云南,所有时段,南华一中,1,1,1
云南,所有时段,南华县马街镇弯子村,1,1,9
云南,所有时段,南坪,1,1,13
云南,所有时段,南木各脚,1,1,9
云南,所有时段,南板河底,1,1,11
云南,所有时段,南涧土林,1,1,3
云南,所有时段,南涧彝族自治县公郎镇G214(旧),1,1,3
云南,所有时段,南涧彝族自治县拥翠服务区(泸宁高速成都方向),1,1,1
云南,所有时段,南涧彝族自治县无量山樱花谷(G214旧南300米),1,1,67
云南,所有时段,南湖公园,1,1,4
云南,所有时段,南滇池国家湿地公园,1,1,18
云南,所有时段,南腊河星光夜市,1,1,4
云南,所有时段,南腊河汽车营地(四分场六队曼龙勒村),1,1,5
云南,所有时段,南贡山1号隧道,1,1,16
云南,所有时段,南郎,1,1,12
云南,所有时段,卡场镇,1,1,24
云南,所有时段,去曼旦村路上,1,1,3
云南,所有时段,双柏县大麦地镇人民政府北100米,1,1,7
云南,所有时段,双江县,1,1,3
云南,所有时段,双河村(保山市腾冲市),1,1,25
云南,所有时段,双虹桥,1,1,6
云南,所有时段,古纳卡傣族文化园,1,1,1
云南,所有时段,右所镇,1,1,35
云南,所有时段,吉茂古茶坊,1,1,54
云南,所有时段,听雨阁,1,1,5
云南,所有时段,启别村,1,1,11
云南,所有时段,呈贡区吴家营街道九号,1,1,7
云南,所有时段,呈贡区吴家营街道梁家阱,1,1,42
云南,所有时段,呈贡区天润康园南区(韶光街南),1,1,2
云南,所有时段,呈贡区斗南湿地,1,1,7
云南,所有时段,呈贡区斗南街道小江尾,1,1,45
云南,所有时段,呈贡区昆明江尾康乃馨花卉科技专业合作社南,1,1,16
云南,所有时段,呈贡区江尾4区61号楼西北100米(沿河西路北),1,1,17
云南,所有时段,呈贡区江尾天天钓场,1,1,18
云南,所有时段,呈贡区江尾天天钓场西南50米,1,1,28
云南,所有时段,呈贡区江尾村天天钓场东100米,1,1,31
云南,所有时段,呈贡区马金铺街道左卫,1,1,9
云南,所有时段,呼马山(昆明市盘龙区),1,1,17
云南,所有时段,和顺古镇景区野鸭湖,1,1,9
云南,所有时段,哀牢山生态站,1,1,1
云南,所有时段,哈尼人家,1,1,12
云南,所有时段,响洞坡,1,1,16
云南,所有时段,哎冷山,1,1,5
云南,所有时段,哨冲,1,1,9
云南,所有时段,啾山前的菜地,1,1,3
云南,所有时段,嘉蟹养殖家庭农场,1,1,10
云南,所有时段,噶丹松赞林寺,1,1,3
云南,所有时段,回音壁景点,1,1,1
云南,所有时段,国树国花园外,1,1,6
云南,所有时段,国殇墓园,1,1,1
云南,所有时段,国立艺术专科学校旧址,1,1,16
云南,所有时段,圆通山 昆明动物园,1,1,12
云南,所有时段,土瓜地,1,1,8
云南,所有时段,在地·念湖自然中心(保护区宣教中心),1,1,1
云南,所有时段,坝外,1,1,14
云南,所有时段,坝子,1,1,2
云南,所有时段,坝子地(临沧市凤庆县),1,1,14
云南,所有时段,坝心彝族乡陈家寨,1,1,38
云南,所有时段,坝美,1,1,2
云南,所有时段,基诺山达娘雨林徒步,1,1,22
云南,所有时段,塘木谷河,1,1,3
云南,所有时段,墨江北回归线标志园,1,1,8
云南,所有时段,墨江哈尼族自治县泗南江镇刺竹林梁子,1,1,17
云南,所有时段,多乐原风景区,1,1,24
云南,所有时段,大刘家,1,1,17
云南,所有时段,大卡村(西双版纳傣族自治州勐腊县),1,1,15
云南,所有时段,大哨森林,1,1,5
云南,所有时段,大围山自然保护区水围城景区,1,1,12
云南,所有时段,大地茶海,1,1,4
云南,所有时段,大地茶海森林康养基地,1,1,3
云南,所有时段,大姚县龙街镇黎柴冲,1,1,3
云南,所有时段,大娘山,1,1,79
云南,所有时段,大宝寺,1,1,26
云南,所有时段,大寨,1,1,6
云南,所有时段,大寨村,1,1,2
云南,所有时段,大寺村,1,1,20
云南,所有时段,大尖山,1,1,22
云南,所有时段,大山包景区,1,1,25
云南,所有时段,大山包黑颈鹤国家级自然保护区(石大段),1,1,7
云南,所有时段,大板根,1,1,1
云南,所有时段,大海子水库,1,1,13
云南,所有时段,大王岩公园,1,1,11
云南,所有时段,大理万和永皓海景酒店西北300米(滨海大道北),1,1,2
云南,所有时段,大理云水客栈(大理市),1,1,20
云南,所有时段,大理剑川剑湖湿地省级自然保护区管护局,1,1,68
云南,所有时段,大理古城才村码头,1,1,6
云南,所有时段,大理国际奥林匹克体育中心,1,1,8
云南,所有时段,大理国际奥林匹克体育中心东,1,1,11
云南,所有时段,大理大学古城校区,1,1,3
云南,所有时段,大理天成客栈(大理古城西南),1,1,6
云南,所有时段,大理实力希尔顿酒店,1,1,13
云南,所有时段,大理市两只猫海景客栈东50米,1,1,6
云南,所有时段,大理市周城(沙仁公路西),1,1,5
云南,所有时段,大理市太和街道宝林村,1,1,8
云南,所有时段,大理市洱海景区,1,1,1
云南,所有时段,大理市洱海景区(洱海生态廊道东),1,1,7
云南,所有时段,大理市洱海景区清碧溪湿地(西环海线北),1,1,4
云南,所有时段,大理市海东镇鹿卧山,1,1,7
云南,所有时段,大理市海舌公园东50米(西环海线北),1,1,3
云南,所有时段,大理市苍山洗马潭景区东北150米,1,1,5
云南,所有时段,大理永平服务区,1,1,7
云南,所有时段,大理海舌公园,1,1,19
云南,所有时段,大理港(大理白族自治州大理市洱河南路),1,1,13
云南,所有时段,大理港东北50米(滨海大道北),1,1,9
云南,所有时段,大理苍山七龙女池,1,1,10
云南,所有时段,大理苍山世界地质公园依山海庄园,1,1,10
云南,所有时段,大理苍山世界地质公园洗马潭,1,1,12
云南,所有时段,大理苍山世界地质公园苍山玉带云游路,1,1,8
云南,所有时段,大理金盛机动车检测站(红山路东100米),1,1,7
云南,所有时段,大盈江畔,1,1,5
云南,所有时段,大观楼,1,1,6
云南,所有时段,大观河畔,1,1,6
云南,所有时段,大觉寺,1,1,4
云南,所有时段,大马厂(善洲路),1,1,34
云南,所有时段,大鱼塘,1,1,1
云南,所有时段,天水嘉园,1,1,7
云南,所有时段,天池自然保护区,1,1,27
云南,所有时段,太华晚照廊,1,1,9
云南,所有时段,太平镇X036东,1,1,5
云南,所有时段,太平镇铁莫崩山,1,1,104
云南,所有时段,太平镇雪梨村爱心超市,1,1,1
云南,所有时段,太阳历公园,1,1,2
云南,所有时段,头道河(临沧市凤庆县),1,1,17
云南,所有时段,女子监狱附近湿地,1,1,13
云南,所有时段,姐满,1,1,8
云南,所有时段,姚安县光禄古镇,1,1,9
云南,所有时段,威信县扎西镇狮子沟,1,1,5
云南,所有时段,威信县高田乡老林坝,1,1,2
云南,所有时段,字家窝,1,1,52
云南,所有时段,孟连中勒水库亚内咖啡,1,1,9
云南,所有时段,宁洱哈尼族彝族自治县勐先镇菜子地丫口,1,1,15
云南,所有时段,宁洱哈尼族彝族自治县清水河温泉度假村(昆磨高速北),1,1,10
云南,所有时段,宁蒗彝族自治县泸沽湖风景区观景台(宁泸路北),1,1,5
云南,所有时段,守望台,1,1,4
云南,所有时段,安宁市太平新城街道龙马山,1,1,6
云南,所有时段,安宁市青龙峡风景区(筝箐村公路南),1,1,16
云南,所有时段,安流桥,1,1,4
云南,所有时段,官渡五甲塘湿地公园,1,1,20
云南,所有时段,官渡区5D仿石漆,1,1,4
云南,所有时段,官渡区六甲街道清河村,1,1,15
云南,所有时段,官渡区六甲街道福保社区,1,1,8
云南,所有时段,官渡区宝丰湿地公园一期(环湖东路南150米),1,1,13
云南,所有时段,官渡区宝象河（广昆高速南),1,1,7
云南,所有时段,官渡区小清河东北100米,1,1,16
云南,所有时段,官渡区山海湾1号西50米(小清河路南),1,1,14
云南,所有时段,官渡区山海生态运动休闲公园(海田路西100米),1,1,2
云南,所有时段,官渡区山海生态运动休闲公园东北50米(海田路西),1,1,30
云南,所有时段,官渡区枫林盛景东区(迎坡街南),1,1,1
云南,所有时段,官渡区西亮塘湿地公园(宝象河东路南200米),1,1,4
云南,所有时段,官渡古镇,1,1,1
云南,所有时段,宜耐待客处,1,1,2
云南,所有时段,宝丰湿地公园-宝象河入湖口湿地,1,1,7
云南,所有时段,宝丰湿地公园一期,1,1,13
云南,所有时段,宝丰湿地和滇池周边湿地环境,1,1,27
云南,所有时段,宝山石头城,1,1,10
云南,所有时段,宝峰寺,1,1,10
云南,所有时段,宝海公园,1,1,5
云南,所有时段,寻甸回族彝族自治县功山镇凤龙山,1,1,20
云南,所有时段,寻甸回族彝族自治县功山镇种羊场一队双坟,1,1,12
云南,所有时段,寻甸回族彝族自治县塘子街道小海新村,1,1,3
云南,所有时段,寻甸回族彝族自治县易隆服务区(杭瑞高速杭州方向),1,1,1
云南,所有时段,小中甸服务区(西丽高速西宁方向),1,1,6
云南,所有时段,小中甸镇,1,1,2
云南,所有时段,小官村水库,1,1,24
云南,所有时段,小新寨,1,1,38
云南,所有时段,小松鼠的秘境,1,1,9
云南,所有时段,小江河,1,1,2
云南,所有时段,小田,1,1,18
云南,所有时段,小邑庄公路,1,1,10
云南,所有时段,尼农,1,1,1
云南,所有时段,尼珠河大峡谷景区,1,1,16
云南,所有时段,屏边大围山原始森林公园,1,1,21
云南,所有时段,屏边苗族自治县玉屏镇团山,1,1,10
云南,所有时段,岗纪服务区小客车停车场,1,1,6
云南,所有时段,岩子脚,1,1,30
云南,所有时段,岩羊山,1,1,24
云南,所有时段,峨山彝族自治县临江公园,1,1,20
云南,所有时段,峨山彝族自治县双江街道银河村,1,1,30
云南,所有时段,嵩明县牛栏江镇大尖山,1,1,6
云南,所有时段,巍山县圆觉寺,1,1,8
云南,所有时段,川处,1,1,5
云南,所有时段,川河,1,1,20
云南,所有时段,巴江路,1,1,11
云南,所有时段,师宗县龙庆彝族壮族乡冒水洞村,1,1,3
云南,所有时段,平原镇盈江县,1,1,1
云南,所有时段,应新酒店(思亭路店),1,1,3
云南,所有时段,庾园-大观楼南园,1,1,16
云南,所有时段,建水古城小火车乡会桥站,1,1,4
云南,所有时段,开远三角海西岸,1,1,23
云南,所有时段,开远市三角海水库西北100米,1,1,15
云南,所有时段,开远市中铁三局钢构建加工厂南500米,1,1,10
云南,所有时段,开远市凤凰湖公园(环湖路北),1,1,13
云南,所有时段,开远市凤凰湖公园(环湖路西200米),1,1,17
云南,所有时段,开远市永华种鸡东500米,1,1,25
云南,所有时段,开远市永华种鸡东北1000米,1,1,10
云南,所有时段,开远热带植物园,1,1,8
云南,所有时段,弄莫湖公园,1,1,7
云南,所有时段,弘运小院,1,1,24
云南,所有时段,张家村,1,1,12
云南,所有时段,弥勒太平湖森林木屋酒店,1,1,6
云南,所有时段,弥勒湖泉生态园,1,1,13
云南,所有时段,弯担坡,1,1,7
云南,所有时段,彝人古镇,1,1,2
云南,所有时段,彝瑞香农庄,1,1,10
云南,所有时段,德宏芒市国际机场,1,1,2
云南,所有时段,德钦县书松派出所(G214北),1,1,3
云南,所有时段,德钦县云岭乡永支曲达,1,1,5
云南,所有时段,怒江傈僳族自治州泸水市青山公园,1,1,9
云南,所有时段,怒江大峡谷,1,1,11
云南,所有时段,怒江百鸟谷,1,1,4
云南,所有时段,怒江边紫荆花,1,1,14
云南,所有时段,怒江（隆阳）,1,1,1
云南,所有时段,思茅区普洱太阳河森林公园,1,1,17
云南,所有时段,思茅区龙潭服务区小客车停车场(江勐高速西),1,1,4
云南,所有时段,思茅港镇,1,1,9
云南,所有时段,思茅港镇芒蚌,1,1,13
云南,所有时段,恒邦购物广场,1,1,1
云南,所有时段,情人湖,1,1,13
云南,所有时段,情侣峰西南,1,1,13
云南,所有时段,戈贾森林公园,1,1,9
云南,所有时段,打洛独树成林风景区,1,1,2
云南,所有时段,打马河梁子,1,1,83
云南,所有时段,抚仙湖公园(玉溪市澄江县新河口附近),1,1,7
云南,所有时段,抚仙湖大河口生态湿地公园,1,1,15
云南,所有时段,抚仙湖希尔顿酒店,1,1,10
云南,所有时段,抚仙湖明星鱼洞风景区,1,1,6
云南,所有时段,抚仙湖马房村生态湿地公园,1,1,10
云南,所有时段,拉姆央措湖,1,1,8
云南,所有时段,拉姆央措湖观鸟,1,1,1
云南,所有时段,拉玛洛上村,1,1,10
云南,所有时段,拉祜风情园,1,1,7
云南,所有时段,拦河坝水库,1,1,13
云南,所有时段,捞渔河湿地公园,1,1,31
云南,所有时段,摩天岭,1,1,7
云南,所有时段,文山州人民医院(城南院区)东南,1,1,4
云南,所有时段,文山市坝心彝族乡大山脚小铺子,1,1,33
云南,所有时段,文山市小街镇菖蒲塘大水冲,1,1,38
云南,所有时段,文山市底泥,1,1,43
云南,所有时段,文山市柳井,1,1,44
云南,所有时段,文山市民族文化馆,1,1,6
云南,所有时段,文山市盘龙森林公园(开化南路南),1,1,12
云南,所有时段,文山市薄竹镇岩羊坡,1,1,14
云南,所有时段,文笔村,1,1,4
云南,所有时段,斗南街道办江尾社区居委会,1,1,22
云南,所有时段,新寨,1,1,17
云南,所有时段,新平东收费站(出口方向),1,1,11
云南,所有时段,新平哀牢山生态旅游景区,1,1,22
云南,所有时段,新平彝族傣族自治县云南花腰傣开元森泊度假乐园,1,1,1
云南,所有时段,新平时光小筑酒店,1,1,5
云南,所有时段,新房子,1,1,19
云南,所有时段,新洱海月,1,1,1
云南,所有时段,方山胜景,1,1,5
云南,所有时段,无为寺(大理白族自治州大理市银桥矿线),1,1,17
云南,所有时段,无量剑湖,1,1,30
云南,所有时段,无量湿地公园,1,1,31
云南,所有时段,日尊寺,1,1,21
云南,所有时段,昆明亚灵/科灵生物科技有限公司,1,1,15
云南,所有时段,昆明动物园-鸟园,1,1,20
云南,所有时段,昆明动物研究所_茨坝花渔沟,1,1,2
云南,所有时段,昆明呈贡区捞鱼河沿岸,1,1,13
云南,所有时段,昆明大观公园南园庾园,1,1,7
云南,所有时段,昆明学院博文楼旁小湖,1,1,15
云南,所有时段,昆明官渡王官湿地公园,1,1,6
云南,所有时段,昆明市区,1,1,11
云南,所有时段,昆明市呈贡区乌龙垂恩寺西50米,1,1,6
云南,所有时段,昆明市西山区气象局,1,1,16
云南,所有时段,昆明市西山区西山风景区,1,1,13
云南,所有时段,昆明彰美村码头,1,1,1
云南,所有时段,昆明捞渔河湿地公园,1,1,4
云南,所有时段,昆明树木园,1,1,27
云南,所有时段,昆明植物园(龙泉路610号近疗养院),1,1,7
云南,所有时段,昆明滇池融创施柏阁酒店(融创滇池后海店),1,1,7
云南,所有时段,昆明瀑布公园,1,1,13
云南,所有时段,昆明理工大学(呈贡校区),1,1,10
云南,所有时段,昆明福保半岛,1,1,9
云南,所有时段,昆明站,1,1,1
云南,所有时段,昆明翠湖公园-东门,1,1,2
云南,所有时段,昆明融创海世界(碧鸡路2999-1号),1,1,18
云南,所有时段,昆明西山区团结乡梦里水乡原始森林公园,1,1,5
云南,所有时段,昆明豹子箐旅游渡假区,1,1,28
云南,所有时段,昆明金殿周边,1,1,8
云南,所有时段,昌宁县天堂国有林场,1,1,20
云南,所有时段,明波立交桥,1,1,3
云南,所有时段,明珠广场[公交站],1,1,2
云南,所有时段,易武镇,1,1,8
云南,所有时段,易门县铜厂彝族乡普子哨,1,1,6
云南,所有时段,星云湖湿地,1,1,36
云南,所有时段,昭阳区昭通中心城市客运枢纽站(昭鲁大道东100米),1,1,1
云南,所有时段,昭阳区昭通大龙洞(大头段),1,1,3
云南,所有时段,昭阳区环城东路(昭阳二中),1,1,2
云南,所有时段,晋宁区双河村,1,1,8
云南,所有时段,晋宁区昆阳街道河嘴,1,1,18
云南,所有时段,晋宁区晋城镇兴隆,1,1,22
云南,所有时段,晋宁县东大河河口湿地,1,1,1
云南,所有时段,晋宁服务区(昆明绕城高速外环方向),1,1,5
云南,所有时段,普洱亚太森林组织基地酒店,1,1,3
云南,所有时段,普洱国家公园-犀牛坪景区,1,1,3
云南,所有时段,普洱市,1,1,11
云南,所有时段,普洱景迈山芒景瀑布,1,1,10
云南,所有时段,普洱糯扎渡自然保护区,1,1,51
云南,所有时段,普者黑十里桃花花果山,1,1,3
云南,所有时段,普者黑风景区,1,1,1
云南,所有时段,普达措公园,1,1,6
云南,所有时段,景业农场,1,1,19
云南,所有时段,景东县太忠镇大断腰山,1,1,25
云南,所有时段,景东彝族自治县徐家坝生态旅游区北600米,1,1,6
云南,所有时段,景东彝族自治县景福镇叶家坝,1,1,22
云南,所有时段,景东彝族自治县锦屏镇吊支山,1,1,6
云南,所有时段,景洪勐龙二地茶坊,1,1,2
云南,所有时段,景洪市G219(曼么新寨),1,1,1
云南,所有时段,景洪市G219(西双版纳五云丰胜度假酒店),1,1,3
云南,所有时段,景洪市勐养镇G213(景洪市茶缘休闲山庄),1,1,5
云南,所有时段,景洪市勐养镇G213(西双版纳野象营地野象客运站),1,1,13
云南,所有时段,景洪市勐龙镇妙丘卜鲁,1,1,16
云南,所有时段,景洪市基诺山基诺族乡巴卡小寨,1,1,41
云南,所有时段,景洪市基诺山基诺族乡银厂岩子,1,1,10
云南,所有时段,景洪市大渡岗乡昆满,1,1,16
云南,所有时段,景洪市橄榄坝曼迈桑康风景区东南500米,1,1,7
云南,所有时段,景洪市野象谷站,1,1,26
云南,所有时段,景洪市龙得湖西100米,1,1,5
云南,所有时段,景迈大金塔,1,1,4
云南,所有时段,景迈山大平掌茶王,1,1,5
云南,所有时段,景迈山茶林文化景区,1,1,9
云南,所有时段,曲宗贡大本营],1,1,3
云南,所有时段,曲石镇侯家园,1,1,20
云南,所有时段,曲石镇柱状节理大石滩,1,1,22
云南,所有时段,曲靖师范学院(麒麟区三江大道222号),1,1,1
云南,所有时段,曼南醒公路,1,1,13
云南,所有时段,曼哈,1,1,1
云南,所有时段,曼库山,1,1,21
云南,所有时段,曼掌,1,1,10
云南,所有时段,曼旦村,1,1,2
云南,所有时段,曼昕公园,1,1,5
云南,所有时段,曼炸综合集贸市场,1,1,1
云南,所有时段,曼磊佛塔,1,1,4
云南,所有时段,曼纳堵村（曼纳榄公路),1,1,3
云南,所有时段,曼远村,1,1,1
云南,所有时段,木笼河上寨,1,1,1
云南,所有时段,本地塆,1,1,5
云南,所有时段,李家湾村(曲靖市会泽县),1,1,19
云南,所有时段,杞麓湖,1,1,26
云南,所有时段,杞麓湖国家湿地公园(海滨路),1,1,13
云南,所有时段,杨家登,1,1,6
云南,所有时段,松林寨,1,1,5
云南,所有时段,松花坝自然保护区,1,1,1
云南,所有时段,松赞林景区,1,1,6
云南,所有时段,柚木寨(德宏盈江县),1,1,1
云南,所有时段,柴家坟,1,1,32
云南,所有时段,栏板桥(Y709),1,1,1
云南,所有时段,桂花树森林公园,1,1,14
云南,所有时段,梁河县勐养俊发民族中学(XN74东),1,1,5
云南,所有时段,梁河县遮岛镇新寨,1,1,2
云南,所有时段,梁王山(玉溪市澄江市),1,1,28
云南,所有时段,梁王山风口村附近,1,1,3
云南,所有时段,梅里雪山国家公园,1,1,1
云南,所有时段,梅里雪山景区德钦雪域神川梅里之眼观景酒店,1,1,4
云南,所有时段,梦幻雨林,1,1,3
云南,所有时段,梨花坞,1,1,1
云南,所有时段,棉花林(临沧市凤庆县),1,1,15
云南,所有时段,楚雄市彝人古镇,1,1,4
云南,所有时段,楚雄彝风湿地文旅小镇,1,1,16
云南,所有时段,楚雄紫溪山,1,1,8
云南,所有时段,楚雄紫溪山仙人谷,1,1,3
云南,所有时段,楠赛林卡国际旅游精品酒店(香格里拉古城店),1,1,8
云南,所有时段,樟木箐,1,1,31
云南,所有时段,樱花谷森林温泉风景区(北海乡双坡村境内),1,1,8
云南,所有时段,比顿咖啡产业文化园,1,1,3
云南,所有时段,气象站,1,1,15
云南,所有时段,水城羊肉米线馆,1,1,2
云南,所有时段,永北镇,1,1,6
云南,所有时段,永善县溪落渡镇二坪子,1,1,6
云南,所有时段,永昌街道,1,1,1
云南,所有时段,江东银杏村景区-白羊寺,1,1,9
云南,所有时段,江尾4区17号楼(沿河西路),1,1,32
云南,所有时段,江尾居民委员会,1,1,24
云南,所有时段,江尾社区,1,1,18
云南,所有时段,江川区前卫镇下大河咀,1,1,42
云南,所有时段,江川区星云服务区西400米(环湖线西),1,1,29
云南,所有时段,江川区江城镇环湖西线,1,1,7
云南,所有时段,汤满河,1,1,3
云南,所有时段,汤满河小水库,1,1,1
云南,所有时段,沟谷雨林,1,1,1
云南,所有时段,沧海桑田的见证,1,1,32
云南,所有时段,沧源佤族自治县上班老水库东南200米,1,1,38
云南,所有时段,沧源佤族自治县勐角傣族彝族拉祜族乡翁丁村,1,1,11
云南,所有时段,沧源佤族自治县千米国画长廊,1,1,19
云南,所有时段,沧源佤族自治县滨河商贸城西北(司岗里大道南),1,1,8
云南,所有时段,沧源佤族自治县焦山村委会(G219东),1,1,6
云南,所有时段,沧源佤族自治县班洪乡南板村民委员会,1,1,7
云南,所有时段,沧源佤族自治县班洪乡芒冷,1,1,35
云南,所有时段,沧源佤族自治县班洪乡芒库村,1,1,41
云南,所有时段,沧源佤族自治县班老乡怕囊下寨,1,1,2
云南,所有时段,沧源佤族自治县班老乡新寨山,1,1,32
云南,所有时段,沧源佤族自治县班老乡新寨村,1,1,50
云南,所有时段,沧源佤族自治县班老乡母空山,1,1,23
云南,所有时段,沧源佤族自治县班老乡永桑,1,1,16
云南,所有时段,沧源佤族自治县班老乡泼水节广场(甘班线东),1,1,24
云南,所有时段,沧源佤族自治县甘班线,1,1,88
云南,所有时段,沧源南滚河自然保护区,1,1,11
云南,所有时段,河口瑶族自治县大围山休闲度假酒店,1,1,10
云南,所有时段,河口瑶族自治县大围山休闲度假酒店南50米,1,1,28
云南,所有时段,河嘴(昆明市晋宁区),1,1,7
云南,所有时段,河头寨,1,1,9
云南,所有时段,沿江街道中河河口附近鱼塘,1,1,3
云南,所有时段,法界寺森林公园,1,1,19
云南,所有时段,泸水市怒江大峡谷(S230东500米),1,1,10
云南,所有时段,泸水市怒江驼峰航线纪念馆,1,1,2
云南,所有时段,泸水市鲁掌镇姚家坪,1,1,6
云南,所有时段,泸沽湖—云南,1,1,6
云南,所有时段,泸沽湖摩梭墅苑(大落水村店),1,1,5
云南,所有时段,泼水广场附近,1,1,9
云南,所有时段,洛本卓,1,1,1
云南,所有时段,洛龙河入滇口和谐公园停车点,1,1,27
云南,所有时段,洪崩河/犀鸟谷,1,1,14
云南,所有时段,洪漰河调压井,1,1,17
云南,所有时段,洱海公园(大理市洱河南路向东约1公里处),1,1,7
云南,所有时段,洱海公园-团山,1,1,19
云南,所有时段,洱海公園,1,1,5
云南,所有时段,洱海月湿地,1,1,16
云南,所有时段,洱海生态廊道(才村码头服务站),1,1,6
云南,所有时段,洱源县大理西湖(西湖线北200米),1,1,2
云南,所有时段,洱源县茈碧湖草海湿地公园,1,1,5
云南,所有时段,洱源县西湖中心完小,1,1,15
云南,所有时段,洱源县西湖码头(西湖线北),1,1,11
云南,所有时段,洱源县邓川镇刘官营,1,1,25
云南,所有时段,洼垤乡,1,1,11
云南,所有时段,海东湿地,1,1,23
云南,所有时段,海埂东码头,1,1,14
云南,所有时段,海埂大坝(观景路和红塔西路交叉口西侧),1,1,1
云南,所有时段,海峰湿地(曲靖市沾益区大坡乡),1,1,10
云南,所有时段,海洪湿地公园-海埂湿地,1,1,19
云南,所有时段,海舌公园,1,1,20
云南,所有时段,清华海东湖,1,1,14
云南,所有时段,清明垭口,1,1,17
云南,所有时段,清溪公园,1,1,10
云南,所有时段,清碧溪,1,1,20
云南,所有时段,湖滨生态湿地公园(滇池九玺段),1,1,25
云南,所有时段,湖滨生态湿地公园（南绕城高速南侧）,1,1,25
云南,所有时段,湖滨西路,1,1,2
云南,所有时段,湾甸傣族乡,1,1,7
云南,所有时段,滇池北岸,1,1,27
云南,所有时段,滇池永昌湿地,1,1,9
云南,所有时段,滇池湖滨路,1,1,15
云南,所有时段,滇池草海湖滨湿地(草海环湖路),1,1,10
云南,所有时段,滇池草海湖滨绿道,1,1,5
云南,所有时段,滇越铁路（永丰营站-水晶坡站-宜良站）,1,1,8
云南,所有时段,滑竹梁子坝檬村,1,1,30
云南,所有时段,滨江大道,1,1,7
云南,所有时段,漾江镇,1,1,30
云南,所有时段,潘所海湿地,1,1,2
云南,所有时段,澄江化石地博物馆,1,1,1
云南,所有时段,澄江市寒武纪小镇·海豚湾酒店东北100米,1,1,4
云南,所有时段,澄江市阳宗镇梁王山,1,1,7
云南,所有时段,澄江市阳宗镇烟包山,1,1,3
云南,所有时段,澄江市阳宗镇脚步哨村,1,1,7
云南,所有时段,澄江市饮马池村民委员会(Y004西),1,1,14
云南,所有时段,澄江市龙街街道白泥塘,1,1,6
云南,所有时段,澜庭小区(春森路),1,1,9
云南,所有时段,澜沧拉祜族自治县勐朗镇佛房,1,1,19
云南,所有时段,澜沧拉祜族自治县勐朗镇磨哈山,1,1,2
云南,所有时段,澜沧拉祜族自治县南碰河东北300米,1,1,33
云南,所有时段,澜沧拉祜族自治县景迈山景香润民宿西南(Y068东),1,1,7
云南,所有时段,澜沧拉祜族自治县糯扎渡镇大芒界,1,1,29
云南,所有时段,澜沧拉祜族自治县翁基布朗族古寨,1,1,5
云南,所有时段,澜沧拉祜族自治县酒井哈尼族乡河边寨,1,1,11
云南,所有时段,灵秀省级乡村旅游特色村(红塔区灵照路),1,1,21
云南,所有时段,灵芝家百灵鸟民宿(保山百花岭店),1,1,43
云南,所有时段,热带雨林民族文化博物馆-多功能厅,1,1,2
云南,所有时段,热曙(拉水),1,1,1
云南,所有时段,爱宝森林度假民宿,1,1,11
云南,所有时段,片马丫口,1,1,34
云南,所有时段,片马镇,1,1,41
云南,所有时段,版纳植物园北门吊桥,1,1,1
云南,所有时段,犀鸟谷,1,1,1
云南,所有时段,狮子山景区,1,1,16
云南,所有时段,猴桥镇,1,1,1
云南,所有时段,玉峰寺,1,1,6
云南,所有时段,玉溪园林植物园,1,1,8
云南,所有时段,玉溪绿道环线,1,1,8
云南,所有时段,玉龙湾公园,1,1,6
云南,所有时段,玉龙湾高尔夫球会会所,1,1,7
云南,所有时段,玉龙纳西族自治县丽江老君山自然中心,1,1,1
云南,所有时段,玉龙纳西族自治县丽江老君山自然中心东南300米,1,1,24
云南,所有时段,玉龙纳西族自治县拉市海吉祥休闲鱼庄,1,1,27
云南,所有时段,玉龙纳西族自治县拉市海湿地公园东南,1,1,16
云南,所有时段,玉龙纳西族自治县拉市镇安中,1,1,18
云南,所有时段,玉龙纳西族自治县老君山景区,1,1,20
云南,所有时段,玉龙纳西族自治县观鹤山庄东南400米,1,1,6
云南,所有时段,玉龙雪山4506石碑,1,1,1
云南,所有时段,玉龙雪山4680米石碑北,1,1,12
云南,所有时段,王家洼(保山市隆阳区),1,1,37
云南,所有时段,班幸村大湾塘独树成林景区,1,1,21
云南,所有时段,瑞丽周边,1,1,14
云南,所有时段,瑞丽市勐卯镇允井,1,1,9
云南,所有时段,瑞丽市勐秀乡人民政府(德宏勐秀乡勐秀村),1,1,6
云南,所有时段,瑞丽市勐秀乡广达山,1,1,37
云南,所有时段,瑞丽市勐秀边防派出所(XN03),1,1,30
云南,所有时段,瑞丽市弄片鱼塘西北200米(畹江路南),1,1,23
云南,所有时段,瑞丽服务区(G56北),1,1,1
云南,所有时段,瑞丽植物园(S234南),1,1,6
云南,所有时段,瑞丽江,1,1,51
云南,所有时段,瑞丽江边,1,1,19
云南,所有时段,瑞丽畹町生态园,1,1,10
云南,所有时段,瑞丽马尔代夫南1000米,1,1,30
云南,所有时段,甸尾村(昆明市盘龙区),1,1,13
云南,所有时段,畹町镇,1,1,44
云南,所有时段,白水台景区-观景台,1,1,7
云南,所有时段,白水塘水库,1,1,10
云南,所有时段,白沙地,1,1,20
云南,所有时段,白菜地丫口,1,1,13
云南,所有时段,白马雪山登仙台,1,1,19
云南,所有时段,白马雪山观景台,1,1,2
云南,所有时段,白龙潭,1,1,13
云南,所有时段,百花岭,1,1,74
云南,所有时段,百花岭32号塘,1,1,28
云南,所有时段,百花岭小粒咖啡,1,1,48
云南,所有时段,百花岭纯野生蜂蜜,1,1,14
云南,所有时段,百花岭野生鸟类观赏保护地,1,1,1
云南,所有时段,百草亭,1,1,25
云南,所有时段,百鸡寺,1,1,3
云南,所有时段,皮坡,1,1,12
云南,所有时段,盈江县8号鸟类观测点南200米(X036北),1,1,10
云南,所有时段,盈江县勐乃河桥西北300米(S318西),1,1,3
云南,所有时段,盈江县太平镇X036(13号拍摄位),1,1,3
云南,所有时段,盈江县太平镇X036小勒岗河哨卡北100米,1,1,41
云南,所有时段,盈江县太平镇下石梯32号点,1,1,43
云南,所有时段,盈江县太平镇湿地公园花海,1,1,9
云南,所有时段,盈江县太平镇银洞,1,1,1
云南,所有时段,盈江县平原镇大芒丙,1,1,25
云南,所有时段,盈江县平原镇姐满大盈江,1,1,9
云南,所有时段,盈江县拍摄位东500米,1,1,15
云南,所有时段,盈江县新城乡新芒胆,1,1,10
云南,所有时段,盈江县旧城村,1,1,8
云南,所有时段,盈江县石梯卡河北500米,1,1,18
云南,所有时段,盈江县苏典傈僳族乡腊马河,1,1,31
云南,所有时段,盈江县香额湖东南50米,1,1,25
云南,所有时段,盈江国家湿地公园@鸟记,1,1,6
云南,所有时段,盈江榕树王,1,1,19
云南,所有时段,盈江洪崩河,1,1,24
云南,所有时段,盈江洪崩河石梯,1,1,9
云南,所有时段,盈江那邦,1,1,7
云南,所有时段,盘龙区世博半山邻里(半山路西),1,1,6
云南,所有时段,盘龙区云南师范大学实验中学小学部(昆明湖校区)西,1,1,5
云南,所有时段,盘龙区云南师范大学附属昆明湖小学东南(盘江西路南),1,1,2
云南,所有时段,盘龙区双龙街道叫天山,1,1,1
云南,所有时段,盘龙区弘运小院西南400米,1,1,9
云南,所有时段,盘龙区张官营龟龙湖公园(盘江东路东100米),1,1,3
云南,所有时段,盘龙区昆明植物园西园(枫香大道北100米),1,1,6
云南,所有时段,盘龙区蒋家坟南600米,1,1,8
云南,所有时段,盘龙区蔷薇园(昆明世界园艺博览园东北),1,1,11
云南,所有时段,盘龙区金殿风景名胜区(世博爱心绿道北),1,1,13
云南,所有时段,盘龙区黑龙潭公园(春华路西),1,1,6
云南,所有时段,石墙野温泉,1,1,4
云南,所有时段,石头寨河桥,1,1,12
云南,所有时段,石屏县,1,1,5
云南,所有时段,石月亮观景台,1,1,1
云南,所有时段,石林-干山冲,1,1,5
云南,所有时段,石梯,1,1,37
云南,所有时段,石梯11号塘,1,1,3
云南,所有时段,石梯卡河,1,1,1
云南,所有时段,石渔花园餐厅,1,1,2
云南,所有时段,石门坎野钓乐园,1,1,19
云南,所有时段,碧溪古镇,1,1,7
云南,所有时段,碧鸡文化公园(昆明市西山区昆州路旁),1,1,8
云南,所有时段,祝圣禅寺,1,1,4
云南,所有时段,神秘鸟塘,1,1,9
云南,所有时段,神鹰路与西内环路交叉口,1,1,1
云南,所有时段,祥云县禾甸镇城北,1,1,15
云南,所有时段,禄丰市云南省滇中引水工程广通现场管理部南50米,1,1,3
云南,所有时段,禄丰市广通北站,1,1,4
云南,所有时段,福保小三亚,1,1,1
云南,所有时段,福保居民委员会,1,1,21
云南,所有时段,福保村观景台,1,1,17
云南,所有时段,福海村,1,1,21
云南,所有时段,福贡县马吉乡古当村,1,1,1
云南,所有时段,秀山公园,1,1,8
云南,所有时段,秀山历史文化公园(通海县博物馆南侧),1,1,9
云南,所有时段,稻田文化广场,1,1,20
云南,所有时段,筇竹寺,1,1,3
云南,所有时段,粪箕凹,1,1,7
云南,所有时段,紫溪山瑞瑜民宿,1,1,20
云南,所有时段,紫溪山风景区物种园管理所,1,1,12
云南,所有时段,紫顶寺后门,1,1,15
云南,所有时段,红塔区三家人,1,1,8
云南,所有时段,红塔区大营街街道大密罗村,1,1,6
云南,所有时段,红塔区映月潭修闲文化中心(三家路北200米),1,1,15
云南,所有时段,红塔区春和街道老光箐,1,1,9
云南,所有时段,红塔区玉溪九龙池公园(九龙路南),1,1,18
云南,所有时段,红塔区玉溪白龙潭风景区(Y191北),1,1,8
云南,所有时段,红塔区玉溪白龙潭风景区南300米,1,1,8
云南,所有时段,红木村(保山市腾冲市),1,1,2
云南,所有时段,红河哈尼族彝族自治州人民政府,1,1,13
云南,所有时段,红箐村,1,1,1
云南,所有时段,纳帕海观鸟,1,1,36
云南,所有时段,结义村,1,1,3
云南,所有时段,绮罗文昌宫,1,1,5
云南,所有时段,绿春县半坡乡坝溜胶场八队,1,1,13
云南,所有时段,罗家窝,1,1,31
云南,所有时段,罗平油菜花海,1,1,4
云南,所有时段,美奂公园,1,1,8
云南,所有时段,美猴岩,1,1,14
云南,所有时段,翠湖村,1,1,13
云南,所有时段,老傅梁子,1,1,17
云南,所有时段,老君山,1,1,32
云南,所有时段,老圭山,1,1,26
云南,所有时段,老坝口,1,1,24
云南,所有时段,老曼峨(西双版纳傣族自治州勐海县),1,1,1
云南,所有时段,老爷山,1,1,8
云南,所有时段,考拉贝酒店(解放军昆明总医院大观路店),1,1,2
云南,所有时段,者磨山水电二处农场南(X084),1,1,10
云南,所有时段,耿马219附近,1,1,7
云南,所有时段,耿马傣族佤族自治县南木算大桥东北,1,1,3
云南,所有时段,耿马傣族佤族自治县孟定镇那永,1,1,15
云南,所有时段,胜亲农庄,1,1,6
云南,所有时段,腾冲主城区文星楼亚朵酒店,1,1,1
云南,所有时段,腾冲休养中心(绮罗酒店),1,1,4
云南,所有时段,腾冲市北海湿地海景民宿东100米(Y109北),1,1,19
云南,所有时段,腾冲市双海社区村民委员会东南100米(Y109北),1,1,27
云南,所有时段,腾冲市曲石乡,1,1,51
云南,所有时段,腾冲市曲石镇两江口,1,1,7
云南,所有时段,腾冲市曲石镇彭家山,1,1,28
云南,所有时段,腾冲市曲石镇打靛房,1,1,19
云南,所有时段,腾冲市曲石镇河边寨,1,1,20
云南,所有时段,腾冲市曲石镇硝塘坝,1,1,5
云南,所有时段,腾冲市曲石镇黑鱼洞,1,1,18
云南,所有时段,腾冲市来凤寺,1,1,20
云南,所有时段,腾冲市来凤寺南50米,1,1,6
云南,所有时段,腾冲市来凤山国家森林公园凤岭坊东南100米,1,1,1
云南,所有时段,腾冲市来凤山国家森林公园文笔塔,1,1,17
云南,所有时段,腾冲市滇滩镇青草岭,1,1,18
云南,所有时段,腾冲市猛禽监测点,1,1,18
云南,所有时段,腾冲市猴桥镇狼牙寺,1,1,1
云南,所有时段,腾冲市腾越街道玉壁村,1,1,18
云南,所有时段,腾冲市药用植物区南100米(新生邑巷西),1,1,8
云南,所有时段,腾冲市高黎贡山姜家寨鸟类监测点东北50米,1,1,16
云南,所有时段,腾冲市高黎贡山自然保护区(隆阳区)西400米,1,1,50
云南,所有时段,腾冲观鸟黄腰响蜜䴕之家,1,1,16
云南,所有时段,腾冲雪居温泉酒店,1,1,6
云南,所有时段,腾冲青海湖周边,1,1,14
云南,所有时段,节基坪-马鬃岭梁子徒步路线,1,1,6
云南,所有时段,芒宽,1,1,15
云南,所有时段,芒宽彝族傣族乡,1,1,11
云南,所有时段,芒市机场附近,1,1,9
云南,所有时段,芒市轩岗乡贺弄,1,1,7
云南,所有时段,芒市镇小仙人洞,1,1,14
云南,所有时段,芒市风平镇芒里村,1,1,2
云南,所有时段,芒景村景区,1,1,6
云南,所有时段,芒洪,1,1,2
云南,所有时段,芒蚌桥,1,1,5
云南,所有时段,花鸟市场后,1,1,7
云南,所有时段,苍山感通索道,1,1,18
云南,所有时段,苍山景区-洗马潭,1,1,14
云南,所有时段,苍山玉带路徒步路线,1,1,5
云南,所有时段,苍岭镇,1,1,1
云南,所有时段,苍洱大道,1,1,6
云南,所有时段,苏典乡,1,1,13
云南,所有时段,苏典傈僳族乡,1,1,14
云南,所有时段,茅草地,1,1,16
云南,所有时段,茈碧湖,1,1,17
云南,所有时段,茨开怒江大桥,1,1,12
云南,所有时段,草海听风营地东岸,1,1,11
云南,所有时段,荒坝河,1,1,11
云南,所有时段,荒坝河村,1,1,33
云南,所有时段,莫催茶室(苍山店),1,1,16
云南,所有时段,莫里热带雨林风景区,1,1,15
云南,所有时段,莲花池公园,1,1,4
云南,所有时段,营盘小寨,1,1,26
云南,所有时段,营盘山,1,1,6
云南,所有时段,营盘村,1,1,36
云南,所有时段,董干镇,1,1,7
云南,所有时段,葫芦岛水电站大桥,1,1,8
云南,所有时段,蒙自市碧色寨站北(蒙草公路东),1,1,3
云南,所有时段,蒙自市缘狮洞(鸣砚公路西),1,1,1
云南,所有时段,蒙自市雨过铺街道永宁村,1,1,15
云南,所有时段,蒙自杨胜养殖场东600米,1,1,4
云南,所有时段,蒙自长桥海开心农庄,1,1,4
云南,所有时段,蜜蜂崖石刻,1,1,5
云南,所有时段,融创春风十里公园,1,1,8
云南,所有时段,血雀树,1,1,1
云南,所有时段,褚橙庄园,1,1,1
云南,所有时段,西华公园,1,1,24
云南,所有时段,西南林业大学,1,1,2
云南,所有时段,西南林业大学(白龙校区),1,1,15
云南,所有时段,西双版纳云投喜来登大酒店,1,1,11
云南,所有时段,西双版纳傣园酒店,1,1,7
云南,所有时段,西双版纳傣族自治州勐腊县南贡山,1,1,11
云南,所有时段,西双版纳大桥,1,1,9
云南,所有时段,西双版纳小岩鸟塘,1,1,1
云南,所有时段,西双版纳州民族风情园,1,1,3
云南,所有时段,西双版纳州民族风情园傣乡水城,1,1,6
云南,所有时段,西双版纳滨江公园,1,1,7
云南,所有时段,西双版纳火车站,1,1,1
云南,所有时段,西双版纳热带雨林国家公园南沙河鸟塘,1,1,1
云南,所有时段,西双版纳热带雨林谷(景洪市勐仑镇),1,1,8
云南,所有时段,西双版纳热带雨林谷克木原始部落,1,1,29
云南,所有时段,西双版纳野象谷景区-观景台,1,1,9
云南,所有时段,西山公园,1,1,9
云南,所有时段,西山区五家堆湿地公园(庾园路西),1,1,12
云南,所有时段,西山区前卫金地中心(坤盛路西),1,1,1
云南,所有时段,西山区团结街道石头山,1,1,1
云南,所有时段,西山区大观五家堆湿地公园(庾园路西100米),1,1,8
云南,所有时段,西山区彰美村码头东150米(滇新路北),1,1,25
云南,所有时段,西山区昆明融创滇池后海商管办公室南50米,1,1,1
云南,所有时段,西山区星海公园(湖滨东路南),1,1,13
云南,所有时段,西山区海口街道大中滩,1,1,2
云南,所有时段,西山区滇池(观景路西100米),1,1,2
云南,所有时段,西山区滇池卫城蓝湾(万达大道西),1,1,18
云南,所有时段,西山区碧鸡街道黑荞母村,1,1,13
云南,所有时段,西山区秋苑小区(丽苑路北),1,1,3
云南,所有时段,西山景区-玉兰园,1,1,16
云南,所有时段,西畴县广辉彩钢瓦(X370北),1,1,16
云南,所有时段,西畴县法斗乡社会保障服务中心北50米,1,1,1
云南,所有时段,西畴县石锅段(坝尾),1,1,58
云南,所有时段,西畴县董马乡茅坡,1,1,33
云南,所有时段,西畴县蚌谷乡上老文寨小桥沟林场,1,1,67
云南,所有时段,西畴县龙石线(菜地梁子),1,1,38
云南,所有时段,许贡箐上村,1,1,6
云南,所有时段,诸葛坝水库,1,1,10
云南,所有时段,诺邓古村,1,1,16
云南,所有时段,象庄(临沧市凤庆县),1,1,5
云南,所有时段,贡山独龙族怒族自治县丹当公园(青山路南),1,1,3
云南,所有时段,贡山独龙族怒族自治县独龙江乡龙洞特那,1,1,22
云南,所有时段,赛格公路,1,1,13
云南,所有时段,赛马坝,1,1,7
云南,所有时段,赵家山,1,1,40
云南,所有时段,跃片公路,1,1,7
云南,所有时段,路南山国际度假区,1,1,8
云南,所有时段,轿子山游雪山庄,1,1,7
云南,所有时段,达摩祖师洞,1,1,13
云南,所有时段,运粮河,1,1,1
云南,所有时段,连三塘,1,1,25
云南,所有时段,迪庆藏族自治州香格里拉市噶丹松赞林寺,1,1,4
云南,所有时段,迪庆藏族自治州香格里拉市普达措国家公园-香格里拉风景区,1,1,4
云南,所有时段,迪庆香格里拉机场,1,1,1
云南,所有时段,迷点拍摄位,1,1,9
云南,所有时段,通海南山寺,1,1,14
云南,所有时段,通海县杞麓湖国家湿地公园(沙沟线北),1,1,27
云南,所有时段,通海县秀山历史文化公园(秀小路南400米),1,1,17
云南,所有时段,通海县绿缘网套厂南100米(江通公路东),1,1,27
云南,所有时段,那柯里茶马驿站,1,1,21
云南,所有时段,那邦昔马古道,1,1,9
云南,所有时段,那邦村,1,1,22
云南,所有时段,那邦村(德宏傣族景颇族自治州盈江县),1,1,25
云南,所有时段,那邦镇昔马古道,1,1,47
云南,所有时段,里务比寺寺门,1,1,12
云南,所有时段,野象谷景區,1,1,31
云南,所有时段,野象谷热带雨林景区东北,1,1,9
云南,所有时段,野鸭湖,1,1,25
云南,所有时段,金塔佛寺,1,1,4
云南,所有时段,金山原始森林,1,1,10
云南,所有时段,金殿水库,1,1,12
云南,所有时段,金殿风景名胜区-陈圆圆文化园,1,1,22
云南,所有时段,金殿风景名胜区-鹦鹉园,1,1,11
云南,所有时段,金龙街道金龙小学,1,1,16
云南,所有时段,铜壁关中山,1,1,5
云南,所有时段,铜壁关凯邦亚湖,1,1,14
云南,所有时段,银厂上寨,1,1,1
云南,所有时段,银园停车场,1,1,6
云南,所有时段,锅盖山,1,1,12
云南,所有时段,锦辉茶源广场,1,1,3
云南,所有时段,长水商业街,1,1,16
云南,所有时段,长水机场,1,1,1
云南,所有时段,长江第一湾,1,1,3
云南,所有时段,长江第一湾(丽江市玉龙纳西族自治县),1,1,12
云南,所有时段,长虫山,1,1,5
云南,所有时段,阿布吉措,1,1,1
云南,所有时段,隆阳区启迪科技城小区,1,1,18
云南,所有时段,隆阳区塘主老候家南100米,1,1,4
云南,所有时段,隆阳区河图街道东海子,1,1,8
云南,所有时段,隆阳区潞江坝服务区(微缩惠通桥东150米),1,1,1
云南,所有时段,隆阳区潞江镇新寨村,1,1,2
云南,所有时段,隆阳区澡塘河东南300米,1,1,39
云南,所有时段,隆阳区澡塘河东南50米,1,1,9
云南,所有时段,隆阳区澡塘河南500米2号鸟塘,1,1,22
云南,所有时段,隆阳区芒宽彝族傣族乡帮维,1,1,59
云南,所有时段,隆阳区芒宽彝族傣族乡旱龙寨,1,1,18
云南,所有时段,隆阳区芒宽彝族傣族乡芒岗,1,1,39
云南,所有时段,隆阳区青华海西湖景区,1,1,19
云南,所有时段,隆阳区高黎贡山自然保护区王家岩防火检查站西北,1,1,30
云南,所有时段,隆阳区高黎贡山自然保护区王家岩防火检查站西北4号塘,1,1,26
云南,所有时段,雅居乐云南原乡,1,1,38
云南,所有时段,雅居乐原乡,1,1,13
云南,所有时段,雨花毓秀,1,1,3
云南,所有时段,雪达湖,1,1,10
云南,所有时段,青山公园-和谐塔,1,1,9
云南,所有时段,青碧溪(大理市环海西路大理洱海生态廊道),1,1,6
云南,所有时段,青隐山谷帐篷营地,1,1,17
云南,所有时段,香格里拉县独克宗古城(建塘镇),1,1,2
云南,所有时段,香格里拉巴拉格宗雪山冰泉养生庄园,1,1,1
云南,所有时段,香格里拉市三坝纳西族乡瓦厂,1,1,1
云南,所有时段,香格里拉市哈姆谷青青生态农场东南(纳帕海景区),1,1,16
云南,所有时段,香格里拉市建塘镇笔那,1,1,8
云南,所有时段,香格里拉市开漳水第一湾酒店(G214东),1,1,2
云南,所有时段,香格里拉市洛吉乡神哥,1,1,18
云南,所有时段,香格里拉市独克宗古城,1,1,1
云南,所有时段,香格里拉市蓝月山谷景区东门(C007北),1,1,7
云南,所有时段,香格里拉明珠扎西牧场,1,1,4
云南,所有时段,香格里拉纳帕海111,1,1,4
云南,所有时段,香格里拉高山植物园(环湖路东),1,1,8
云南,所有时段,香格里拉高山植物园(环湖路西),1,1,4
云南,所有时段,香炉山,1,1,1
云南,所有时段,马久邑村(大理白族自治州大理市),1,1,6
云南,所有时段,马惊湖,1,1,8
云南,所有时段,马楠村景区,1,1,9
云南,所有时段,马金铺街道梁王山,1,1,8
云南,所有时段,高山别庄香格里拉精品酒店,1,1,9
云南,所有时段,高山植物园,1,1,13
云南,所有时段,高峣新村,1,1,13
云南,所有时段,高黎贡山植物园,1,1,5
云南,所有时段,"高黎贡山百花岭0号,1号,4号,35号",1,1,33
云南,所有时段,鸟道雄关,1,1,24
云南,所有时段,鹤庆县中国石化西邑服务区(上关方向)加油站,1,1,5
云南,所有时段,鹤庆草海湿地公园,1,1,21
云南,所有时段,鹤阳寺(大理白族自治州鹤庆县),1,1,16
云南,所有时段,鹦鹉村,1,1,18
云南,所有时段,麒麟区三宝街道董家台子,1,1,24
云南,所有时段,麒麟区寥廓街道营盘山,1,1,24
云南,所有时段,麻栎园,1,1,12
云南,所有时段,麻栎林,1,1,8
云南,所有时段,麻栗坡县杨万乡小梅丹,1,1,4
云南,所有时段,麻栗坡县第一小学(文山壮族苗族自治州),1,1,1
云南,所有时段,黄腰响蜜䴕监测点,1,1,38
云南,所有时段,黄草洲国家湿地公园,1,1,35
云南,所有时段,黄龙箐度假山庄,1,1,3
云南,所有时段,黑柳村,1,1,18
云南,所有时段,黑河停车区(江勐高速思茅方向),1,1,2
云南,所有时段,黑龙潭公园-南门,1,1,4
云南,所有时段,龙川江,1,1,9
云南,所有时段,龙川江漂流,1,1,5
云南,所有时段,龙江大桥景观区,1,1,5
云南,所有时段,龙潭服务区(江勐高速澜沧方向),1,1,1
云南,所有时段,龙潭湖公园,1,1,4
云南,所有时段,龙窝温泉,1,1,3
云南,所有时段,龙门鸟塘,1,1,24
云南,夏季,昆明植物园,62,76,27
云南,夏季,黑龙潭公园,36,41,22
云南,夏季,梁王山,23,24,41
云南,夏季,中国科学院西双版纳热带植物园,20,25,47
云南,夏季,普达措国家公园,19,19,26
云南,夏季,金殿公园,14,17,15
云南,夏季,滇池,14,14,31
云南,夏季,苍山洗马潭,13,13,25
云南,夏季,草海隧道,13,13,33
云南,夏季,福保湿地,12,30,28
云南,夏季,滇池福保湿地,12,17,25
云南,夏季,洱海月湿地公园,12,12,18
云南,夏季,江尾村,11,13,31
云南,夏季,大观公园,11,11,20
云南,夏季,苍山国家地质公园,10,12,19
云南,夏季,紫溪山,9,10,54
云南,夏季,苍山玉带路,9,9,34
云南,夏季,西山区滇池草海湖滨湿地,9,9,15
云南,夏季,中科院版纳植物园,8,12,61
云南,夏季,盘龙区黑龙潭公园(昆明植物园东北200米),8,10,14
云南,夏季,楚雄紫溪山风景区,8,9,38
云南,夏季,大观公园庾园(昆明市西山区),8,8,22
云南,夏季,盘龙区黑龙潭公园(7204公路北),8,8,11
云南,夏季,高黎贡山百花岭,7,12,54
云南,夏季,纳帕海,7,7,15
云南,夏季,剑湖,6,8,17
云南,夏季,丽江黑龙潭风景名胜区,6,7,17
云南,夏季,昆明植物园-西园,6,6,19
云南,夏季,腾冲湿地-北海湿地,6,6,14
云南,夏季,轿子山风景区,5,6,31
云南,夏季,世博生态城,5,5,11
云南,夏季,云南腾冲来凤山,5,5,35
云南,夏季,大理苍山世界地质公园,5,5,23
云南,夏季,无为寺,5,5,17
云南,夏季,洱海,5,5,27
云南,夏季,白马雪山(迪庆藏族自治州德钦县),5,5,41
云南,夏季,紫溪山风景区,5,5,46
云南,夏季,飞来寺风景区,5,5,15
云南,夏季,官渡区小清河东300米,4,12,30
云南,夏季,和顺古镇,4,5,41
云南,夏季,金殿风景名胜区,4,5,9
云南,夏季,剑湖国家湿地公园,4,4,12
云南,夏季,勐海滑竹梁子,4,4,34
云南,夏季,大理洱海生态走廊磻溪村至古生村,4,4,18
云南,夏季,大观公园南园,4,4,19
云南,夏季,拉市海湿地公园,4,4,21
云南,夏季,斗南湿地,4,4,22
云南,夏季,海东湿地公园,4,4,36
云南,夏季,玉龙雪山国家级风景名胜区,4,4,6
云南,夏季,腾冲北海湿地,4,4,15
云南,夏季,草海隧道公园,4,4,15
云南,夏季,香格里拉高山植物园,4,4,26
云南,夏季,江南春赛马场公园,3,8,24
云南,夏季,关山水库,3,5,22
云南,夏季,昆明滇池国家级风景名胜区西山景区,3,5,41
云南,夏季,草海,3,5,14
云南,夏季,勐海县勐混镇曼缅,3,4,21
云南,夏季,芒市河,3,4,13
云南,夏季,一碗水梁子,3,3,25
云南,夏季,世博园,3,3,16
云南,夏季,中国科学院西双版纳热带植物园-藤本园站,3,3,7
云南,夏季,云杉坪,3,3,10
云南,夏季,保山青华海国家湿地公园,3,3,23
云南,夏季,和顺古镇景区,3,3,43
云南,夏季,大理市龙湖湿地公园(环海西路南),3,3,14
云南,夏季,大理白族自治州剑川县剑湖,3,3,25
云南,夏季,大理白族自治州博物馆西北门(洱河南路南),3,3,23
云南,夏季,大观公园(昆明市西山区大观路284号),3,3,14
云南,夏季,昆明翠湖公园,3,3,2
云南,夏季,望天树,3,3,16
云南,夏季,松赞林寺,3,3,7
云南,夏季,洗马潭,3,3,12
云南,夏季,海埂公园,3,3,13
云南,夏季,湖滨生态湿地公园,3,3,22
云南,夏季,玉龙雪山风景区,3,3,4
云南,夏季,白马雪山垭口,3,3,17
云南,夏季,石林风景名胜区,3,3,13
云南,夏季,程海镇潘崀村凤凰湾休闲园,3,3,22
云南,夏季,纳帕海环线,3,3,16
云南,夏季,翠湖公园,3,3,6
云南,夏季,蓝月谷,3,3,4
云南,夏季,西双版纳热带植物园吊桥,3,3,2
云南,夏季,西双版纳野象谷景区-高架栈道,3,3,19
云南,夏季,西山区滇池(明河路东),3,3,13
云南,夏季,青华海国家湿地公园,3,3,22
云南,夏季,高黎贡山自然保护区王家岩防火检查站,3,3,32
云南,夏季,景东彝族自治县太忠镇三合村,2,7,20
云南,夏季,大理无为寺,2,6,11
云南,夏季,滇池草海湖滨湿地,2,5,22
云南,夏季,官渡区六甲街道福保村,2,4,9
云南,夏季,左卫塘,2,4,23
云南,夏季,林塘,2,4,24
云南,夏季,梅子湖公园,2,4,11
云南,夏季,苍山自然影像博物馆-无为寺,2,4,17
云南,夏季,呈贡区马金铺街道梁王山,2,3,42
云南,夏季,大围山国家公园,2,3,25
云南,夏季,西双版纳热带植物园,2,3,24
云南,夏季,丽江束河古镇,2,2,13
云南,夏季,云南大学呈贡校区,2,2,11
云南,夏季,云南虎跳峡,2,2,2
云南,夏季,云南野生动物园,2,2,2
云南,夏季,凤凰生态公园,2,2,21
云南,夏季,剑湖国家湿地公园(剑川县环湖线西50米),2,2,19
云南,夏季,勐仑保护区绿石林片区,2,2,16
云南,夏季,勐海县,2,2,26
云南,夏季,勐海县勐混勐牛生猪屠宰场北200米,2,2,5
云南,夏季,勐海县勐遮镇曼纳玛,2,2,5
云南,夏季,勐混镇,2,2,9
云南,夏季,勐腊县G213(勐腊郭老憨饭店),2,2,4
云南,夏季,勐腊县中国科学院西双版纳热带植物园(蒲葵大道西),2,2,28
云南,夏季,北海湿地景区,2,2,10
云南,夏季,叠水河瀑布景区,2,2,9
云南,夏季,大理古城,2,2,6
云南,夏季,大理市龙湖湿地公园(西环海线南200米),2,2,15
云南,夏季,大理洱海,2,2,21
云南,夏季,大理洱海月湿地公园,2,2,21
云南,夏季,孔雀山,2,2,18
云南,夏季,宝丰湿地公园,2,2,11
云南,夏季,属都湖,2,2,23
云南,夏季,巴卡小寨KM552-3,2,2,45
云南,夏季,巴卡小寨KM552-4,2,2,42
云南,夏季,抚仙湖,2,2,18
云南,夏季,新平彝族傣族自治县哀牢山景区游客接待服务中心东,2,2,32
云南,夏季,昆明植物园西园,2,2,11
云南,夏季,普洱太阳河森林公园,2,2,6
云南,夏季,普者黑,2,2,7
云南,夏季,景东彝族自治县文蚌河东南100米(XJ22),2,2,4
云南,夏季,景洪市嘎洒镇G214,2,2,8
云南,夏季,景洪市普文镇昆磨高速(神鱼养殖基地),2,2,1
云南,夏季,板过河湿地公园,2,2,16
云南,夏季,梁王山自然保护区,2,2,23
云南,夏季,洱海月湿地公园(大理白族自治州大理市),2,2,14
云南,夏季,海洪湿地公园,2,2,12
云南,夏季,片马,2,2,19
云南,夏季,片马风雪丫口,2,2,56
云南,夏季,玉龙雪山,2,2,5
云南,夏季,白路脚(红河哈尼族彝族自治州个旧市),2,2,19
云南,夏季,石屏异龙湖国家湿地公园,2,2,23
云南,夏季,石鼓镇,2,2,10
云南,夏季,糯扎渡自然保护区,2,2,11
云南,夏季,纳帕海景区,2,2,8
云南,夏季,绿石林景区,2,2,16
云南,夏季,绿石林景区-观景台,2,2,14
云南,夏季,老君山九十九龙潭景区,2,2,18
云南,夏季,腾冲火山地热国家地质公园,2,2,20
云南,夏季,苍山自然中心,2,2,10
云南,夏季,荷花镇,2,2,16
云南,夏季,西双版纳原始森林公园,2,2,15
云南,夏季,野象谷热带雨林景区,2,2,11
云南,夏季,隆阳区瓦房服务区(保泸高速北),2,2,15
云南,夏季,隆阳区芒宽彝族傣族乡王家洼,2,2,26
云南,夏季,隆阳区高黎贡山自然保护区王家岩防火检查站西800米,2,2,8
云南,夏季,香格里拉市建塘镇G214(纳帕海观景台),2,2,9
云南,夏季,黑龙潭,2,2,18
云南,夏季,龙泉公园,2,2,30
云南,夏季,万科·大都会一期,1,9,17
云南,夏季,昆明动物园-圆通山,1,6,3
云南,夏季,云南大学呈贡关山水库,1,5,21
云南,夏季,大断腰山,1,4,37
云南,夏季,象头坡,1,4,33
云南,夏季,云南彝良小草坝景区,1,3,44
云南,夏季,昆明梁王山山脊线,1,3,3
云南,夏季,曲石公墓,1,3,31
云南,夏季,秋木箐,1,3,23
云南,夏季,万亩荷塘,1,2,22
云南,夏季,勐腊县会龙鸟塘及周边,1,2,55
云南,夏季,华龙湖,1,2,9
云南,夏季,呈贡区斗南街道乌龙街道,1,2,29
云南,夏季,塔城逸乡里民宿,1,2,9
云南,夏季,大学城地铁站公园,1,2,23
云南,夏季,大观楼(昆明市西山区大观路284号),1,2,8
云南,夏季,宁湖公园(安宁市安八线湖东路安县路),1,2,15
云南,夏季,小清河,1,2,10
云南,夏季,巴江河滨公园,1,2,10
云南,夏季,康廊村(大理白族自治州大理市),1,2,2
云南,夏季,捞渔河湿地公园(昆明市呈贡区),1,2,2
云南,夏季,昆明学院(洋浦校区),1,2,14
云南,夏季,普洱南部湿地,1,2,12
云南,夏季,沙溪古镇金树禾,1,2,28
云南,夏季,王莲酒店,1,2,2
云南,夏季,石板河路,1,2,22
云南,夏季,腾冲市曲石镇侯家园,1,2,8
云南,夏季,芒坝,1,2,19
云南,夏季,象鼻山,1,2,15
云南,夏季,隆阳区芒宽彝族傣族乡旧街子,1,2,34
云南,夏季,青山头,1,2,13
云南,夏季,香格里拉市永泰养殖有限公司东南600米,1,2,8
云南,夏季,3号游船码头,1,1,4
云南,夏季,一寨两国,1,1,2
云南,夏季,三坝纳西族乡,1,1,2
云南,夏季,三山一河公园休息区停车场,1,1,1
云南,夏季,三岔水坝河,1,1,1
云南,夏季,三水碧,1,1,12
云南,夏季,三角海水库,1,1,9
云南,夏季,下拖卓,1,1,13
云南,夏季,世界园艺博览园(盘龙区世博路10号),1,1,9
云南,夏季,丛岗村大桥,1,1,7
云南,夏季,东山草原,1,1,2
云南,夏季,东林,1,1,27
云南,夏季,东白沙河水库,1,1,6
云南,夏季,东风韵,1,1,4
云南,夏季,个旧市老阴山风景区,1,1,1
云南,夏季,中和村银杏岔口,1,1,21
云南,夏季,中国科学院哀牢山亚热带森林生态系统研究站,1,1,18
云南,夏季,中济海,1,1,12
云南,夏季,中科院植物园,1,1,22
云南,夏季,临安古城米轨小火车主题公园,1,1,1
云南,夏季,临沧市云县爱华镇,1,1,10
云南,夏季,丽江古城,1,1,4
云南,夏季,丽江古城束河古镇,1,1,8
云南,夏季,丽江和府洲际度假酒店,1,1,1
云南,夏季,丽江市玉龙纳西族自治县拉市海湿地公园,1,1,19
云南,夏季,丽江站,1,1,1
云南,夏季,么等新寨,1,1,7
云南,夏季,乌蒙山自然保护区三江口片区,1,1,12
云南,夏季,云南哀牢山国家级自然保护区,1,1,8
云南,夏季,云南大学(呈贡校区),1,1,22
云南,夏季,云南师大附中(呈贡校区),1,1,7
云南,夏季,云南师范大学(呈贡校区),1,1,11
云南,夏季,云南映象B区,1,1,4
云南,夏季,云南民族大学(雨花校区)民族博物馆北侧,1,1,2
云南,夏季,云南盈江那邦,1,1,57
云南,夏季,云南省博物馆,1,1,1
云南,夏季,云县爱华镇蜂王寨,1,1,25
云南,夏季,五凤山,1,1,12
云南,夏季,五华广场,1,1,2
云南,夏季,会泽县大海草山风景区,1,1,2
云南,夏季,保山市腾冲市来凤山国家森林公园,1,1,24
云南,夏季,傣族园龙得湖,1,1,14
云南,夏季,兴隆—张家村—下村,1,1,21
云南,夏季,兴隆村花椒嘴到余家沟段,1,1,27
云南,夏季,农耕1958房车营地,1,1,17
云南,夏季,凤凰山森林公园,1,1,8
云南,夏季,凤庆县勐佑镇德思里彝族佤族乡,1,1,13
云南,夏季,凤庆县勐佑镇聂家寨,1,1,12
云南,夏季,凤庆县砚池公园(S312北),1,1,11
云南,夏季,凤庆县鲁史镇青木林,1,1,17
云南,夏季,凤龙山(昆明市寻甸回族彝族自治县),1,1,8
云南,夏季,勐仑镇么等村,1,1,21
云南,夏季,勐嘎村,1,1,25
云南,夏季,勐巴娜西珍奇园,1,1,7
云南,夏季,勐海县城,1,1,1
云南,夏季,勐焕银塔景区,1,1,12
云南,夏季,勐腊县中国科学院西双版纳热带植物园(蒲葵大道北),1,1,12
云南,夏季,勐腊县中科院植物园(罗梭江大桥东200米),1,1,3
云南,夏季,勐腊县中科院植物园(蒲葵大道东400米),1,1,23
云南,夏季,勐腊县中科院植物园(蒲葵大道东50米),1,1,27
云南,夏季,勐腊县勐仑曼俄村民小组西南100米,1,1,1
云南,夏季,勐腊县勐仑镇八哈会丈,1,1,21
云南,夏季,勐腊县梦幻雨林东南300米(G219西),1,1,7
云南,夏季,勐腊县热带雨林,1,1,9
云南,夏季,勐腊县版纳曼安小区,1,1,5
云南,夏季,勐腊县绿石林景区东北100米(G219东),1,1,16
云南,夏季,勐腊县西双版纳热带雨林国家公园望天树景区,1,1,1
云南,夏季,勐腊县象明彝族乡新发村,1,1,4
云南,夏季,勐腊县野生食用植物园,1,1,3
云南,夏季,北斗彝族乡,1,1,3
云南,夏季,南京里教堂,1,1,1
云南,夏季,南坪,1,1,13
云南,夏季,南涧土林,1,1,3
云南,夏季,南湖公园,1,1,4
云南,夏季,南滇池国家湿地公园,1,1,18
云南,夏季,南贡山,1,1,10
云南,夏季,去曼旦村路上,1,1,3
云南,夏季,双柏县大麦地镇人民政府北100米,1,1,7
云南,夏季,双河村(保山市腾冲市),1,1,25
云南,夏季,双虹桥,1,1,6
云南,夏季,古城区清溪水库(清溪街西),1,1,4
云南,夏季,吊桥,1,1,1
云南,夏季,呈贡区天水嘉园(兴园路北50米),1,1,9
云南,夏季,呈贡区斗南街道江尾村,1,1,32
云南,夏季,呈贡区江尾天天钓场西南50米,1,1,28
云南,夏季,呈贡区马金铺街道左卫,1,1,9
云南,夏季,哈尼人家,1,1,12
云南,夏季,噶丹松赞林寺,1,1,3
云南,夏季,回音壁景点,1,1,1
云南,夏季,国树国花园外,1,1,6
云南,夏季,国殇墓园,1,1,1
云南,夏季,国立艺术专科学校旧址,1,1,16
云南,夏季,坝外,1,1,14
云南,夏季,坝美世外桃源景区(广南县),1,1,19
云南,夏季,塘木谷河,1,1,3
云南,夏季,多乐原风景区,1,1,24
云南,夏季,大地茶海,1,1,4
云南,夏季,大宝寺,1,1,26
云南,夏季,大理国际奥林匹克体育中心(大理市),1,1,18
云南,夏季,大理国际奥林匹克体育中心北,1,1,7
云南,夏季,大理大学,1,1,5
云南,夏季,大理市周城(沙仁公路西),1,1,5
云南,夏季,大理市洱海月湿地公园,1,1,5
云南,夏季,大理市海东镇鹿卧山,1,1,7
云南,夏季,大理市海舌公园东50米(西环海线北),1,1,3
云南,夏季,大理洱海生态廊道,1,1,11
云南,夏季,大理海舌公园,1,1,19
云南,夏季,大理苍山七龙女池,1,1,10
云南,夏季,大理苍山世界地质公园(214国道附近),1,1,7
云南,夏季,大理苍山世界地质公园洗马潭,1,1,12
云南,夏季,大理苍山世界地质公园苍山玉带云游路,1,1,8
云南,夏季,大理苍山和洱海,1,1,10
云南,夏季,大观楼,1,1,6
云南,夏季,天池自然保护区,1,1,27
云南,夏季,头道河(临沧市凤庆县),1,1,17
云南,夏季,姚安县光禄古镇,1,1,9
云南,夏季,字家窝,1,1,52
云南,夏季,宁蒗彝族自治县泸沽湖风景区观景台(宁泸路北),1,1,5
云南,夏季,安流桥,1,1,4
云南,夏季,官渡区六甲街道清河村,1,1,15
云南,夏季,官渡区六甲街道福保社区,1,1,8
云南,夏季,官渡区小清河东北100米,1,1,16
云南,夏季,官渡区山海湾1号西50米(小清河路南),1,1,14
云南,夏季,官渡区枫林盛景东区(迎坡街南),1,1,1
云南,夏季,官渡区蓝色庄园东150米,1,1,15
云南,夏季,官渡古镇,1,1,1
云南,夏季,宝峰寺,1,1,10
云南,夏季,宝海公园,1,1,5
云南,夏季,寥廓公园,1,1,9
云南,夏季,寻甸回族彝族自治县塘子街道小海新村,1,1,3
云南,夏季,寻甸回族彝族自治县易隆服务区(杭瑞高速杭州方向),1,1,1
云南,夏季,小中甸服务区(西丽高速西宁方向),1,1,6
云南,夏季,小官村水库,1,1,24
云南,夏季,小新寨,1,1,38
云南,夏季,小江尾,1,1,31
云南,夏季,尼珠河大峡谷景区,1,1,16
云南,夏季,巍宝山风景名胜区,1,1,24
云南,夏季,川处,1,1,5
云南,夏季,帽天山风景区,1,1,2
云南,夏季,开远市凤凰湖公园(环湖路西200米),1,1,17
云南,夏季,张家村,1,1,12
云南,夏季,弥勒太平湖森林木屋酒店,1,1,6
云南,夏季,德钦县书松派出所(G214北),1,1,3
云南,夏季,德钦县云岭乡永支曲达,1,1,5
云南,夏季,怒江大峡谷,1,1,11
云南,夏季,怒江（隆阳）,1,1,1
云南,夏季,思茅区普洱市梅子湖公园观景台,1,1,6
云南,夏季,情侣峰(勐腊县象仑公路),1,1,24
云南,夏季,戈贾森林公园,1,1,9
云南,夏季,才村码头湿地,1,1,9
云南,夏季,拉姆央措湖,1,1,8
云南,夏季,拉玛洛上村,1,1,10
云南,夏季,捞鱼河湿地公园,1,1,13
云南,夏季,摩天岭,1,1,7
云南,夏季,文山州人民医院(城南院区)东南,1,1,4
云南,夏季,文山市盘龙森林公园(城南路东150米),1,1,14
云南,夏季,文笔山景区,1,1,13
云南,夏季,新平东收费站(出口方向),1,1,11
云南,夏季,新平哀牢山生态旅游景区,1,1,22
云南,夏季,新房子,1,1,19
云南,夏季,方山胜景,1,1,5
云南,夏季,无为寺(大理白族自治州大理市银桥矿线),1,1,17
云南,夏季,无底湖,1,1,17
云南,夏季,日尊寺,1,1,21
云南,夏季,旱龙寨(保山市隆阳区),1,1,3
云南,夏季,昆明世界园艺博览园药草园,1,1,5
云南,夏季,昆明官渡区星海半岛湿地公园,1,1,8
云南,夏季,昆明市呈贡区云南大学(呈贡校区),1,1,9
云南,夏季,昆明植物园(昆明市盘龙区蓝黑路132号),1,1,2
云南,夏季,昆明植物园(龙泉路610号近疗养院),1,1,7
云南,夏季,昆明理工大学(呈贡校区),1,1,10
云南,夏季,昆明福保半岛,1,1,9
云南,夏季,昆明融创海世界(碧鸡路2999-1号),1,1,18
云南,夏季,昆明西山公园,1,1,3
云南,夏季,昆明西山森林公园,1,1,10
云南,夏季,昆明豹子箐旅游渡假区,1,1,28
云南,夏季,昆明黑龙潭公园,1,1,2
云南,夏季,易门县铜厂彝族乡普子哨,1,1,6
云南,夏季,星云湖望海拇小龙门,1,1,17
云南,夏季,星海半岛湿地公园,1,1,5
云南,夏季,春城公园,1,1,5
云南,夏季,昭通市昭阳区凤凰山森林公园,1,1,14
云南,夏季,普卡旺,1,1,3
云南,夏季,普洱景迈山古茶林景区,1,1,4
云南,夏季,普洱茶马古道旅游景区,1,1,9
云南,夏季,景业农场,1,1,19
云南,夏季,景东彝族自治县景福镇叶家坝,1,1,22
云南,夏季,景东彝族自治县锦屏镇吊支山,1,1,6
云南,夏季,景洪市勐养镇G213(景洪市茶缘休闲山庄),1,1,5
云南,夏季,景洪市勐龙镇勐宋村民委员会,1,1,5
云南,夏季,景洪市基诺山基诺族乡巴卡小寨,1,1,41
云南,夏季,景洪市橄榄坝曼迈桑康风景区东南500米,1,1,7
云南,夏季,曲石镇侯家园,1,1,20
云南,夏季,曼听公园,1,1,1
云南,夏季,曼昕公园,1,1,5
云南,夏季,本地塆,1,1,5
云南,夏季,杞麓湖国家湿地公园(海滨路),1,1,13
云南,夏季,来凤寺(保山市腾冲市上西街34号),1,1,12
云南,夏季,来凤山国家森林公园,1,1,25
云南,夏季,来凤山国家森林公园(保山市腾冲市),1,1,33
云南,夏季,来凤山观鸟点,1,1,14
云南,夏季,杨家登,1,1,6
云南,夏季,杨柳冲,1,1,18
云南,夏季,松花坝自然保护区,1,1,1
云南,夏季,林塘村,1,1,11
云南,夏季,柴家坟,1,1,32
云南,夏季,桂花树森林公园,1,1,14
云南,夏季,梁河县勐养俊发民族中学(XN74东),1,1,5
云南,夏季,梁王山(玉溪市澄江市),1,1,28
云南,夏季,梅里雪山国家公园,1,1,1
云南,夏季,梅里雪山景区德钦雪域神川梅里之眼观景酒店,1,1,4
云南,夏季,梨花坞,1,1,1
云南,夏季,棋盘山国家森林公园,1,1,15
云南,夏季,楚雄彝风湿地文旅小镇,1,1,16
云南,夏季,正觉庵水库,1,1,18
云南,夏季,比顿咖啡产业文化园,1,1,3
云南,夏季,气象站,1,1,15
云南,夏季,永丰水库,1,1,16
云南,夏季,永北镇,1,1,6
云南,夏季,江尾村(昆明市呈贡区),1,1,20
云南,夏季,沙溪古镇旅游景区,1,1,1
云南,夏季,沙溪古镇石宝山沙登箐,1,1,3
云南,夏季,沟谷雨林,1,1,1
云南,夏季,河口瑶族自治县大围山休闲度假酒店南50米,1,1,28
云南,夏季,泸水市怒江大峡谷(S230东500米),1,1,10
云南,夏季,泸水市鲁掌镇姚家坪,1,1,6
云南,夏季,泸沽湖摩梭墅苑(大落水村店),1,1,5
云南,夏季,泸沽湖风景名胜区,1,1,7
云南,夏季,洛本卓,1,1,1
云南,夏季,洛龙公园,1,1,2
云南,夏季,洱海公园,1,1,7
云南,夏季,洱海公园(大理市洱河南路向东约1公里处),1,1,7
云南,夏季,洱海公園,1,1,5
云南,夏季,洱海月湿地,1,1,16
云南,夏季,海埂大坝,1,1,1
云南,夏季,海洪湿地公园-海埂湿地,1,1,19
云南,夏季,海舌公园,1,1,20
云南,夏季,湾甸傣族乡,1,1,7
云南,夏季,滇池草海湖滨绿道,1,1,5
云南,夏季,滇西应用技术大学(珠宝学院),1,1,6
云南,夏季,滇金丝猴国家公园,1,1,18
云南,夏季,滑竹梁子坝檬村,1,1,30
云南,夏季,澄江市阳宗镇脚步哨村,1,1,7
云南,夏季,澄江市龙街街道白泥塘,1,1,6
云南,夏季,热带雨林,1,1,8
云南,夏季,热带雨林民族文化博物馆-多功能厅,1,1,2
云南,夏季,版纳植物园北门吊桥,1,1,1
云南,夏季,独克宗古城,1,1,3
云南,夏季,独龙江,1,1,87
云南,夏季,玉峰寺,1,1,6
云南,夏季,玉溪市新平县戛洒镇石门峡,1,1,6
云南,夏季,玉龙湖公园,1,1,10
云南,夏季,玉龙湾公园,1,1,6
云南,夏季,玉龙纳西族自治县丽江老君山自然中心,1,1,1
云南,夏季,玉龙纳西族自治县拉市镇安中,1,1,18
云南,夏季,玉龙雪山4506石碑,1,1,1
云南,夏季,玉龙雪山4680米石碑北,1,1,12
云南,夏季,王官湿地公园,1,1,24
云南,夏季,玛御谷,1,1,11
云南,夏季,瑞丽南京里,1,1,27
云南,夏季,瑞丽市勐秀乡人民政府(德宏勐秀乡勐秀村),1,1,6
云南,夏季,瑞丽市弄片鱼塘西北200米(畹江路南),1,1,23
云南,夏季,瑞丽市弄莫湖公园,1,1,21
云南,夏季,白水塘水库,1,1,10
云南,夏季,白沙古镇(丽江市玉龙纳西族自治县),1,1,5
云南,夏季,白菜地丫口,1,1,13
云南,夏季,白马雪山登仙台,1,1,19
云南,夏季,白龙潭公园,1,1,4
云南,夏季,百花岭32号塘,1,1,28
云南,夏季,百花岭生态旅游区(保山市隆阳区),1,1,35
云南,夏季,百鸡寺,1,1,3
云南,夏季,盆景园,1,1,14
云南,夏季,盈江国家湿地公园,1,1,27
云南,夏季,盘龙区昆明植物园(枫香大道西),1,1,5
云南,夏季,盘龙区昆明金殿国家森林公园(松园路东),1,1,17
云南,夏季,省耕文化公园,1,1,17
云南,夏季,石卡雪山,1,1,4
云南,夏季,石墙野温泉,1,1,4
云南,夏季,石宝山,1,1,15
云南,夏季,石屏县,1,1,5
云南,夏季,石林风景区,1,1,13
云南,夏季,石渔花园餐厅,1,1,2
云南,夏季,磨山,1,1,10
云南,夏季,神鹰路与西内环路交叉口,1,1,1
云南,夏季,福海村,1,1,21
云南,夏季,秋木箐社区,1,1,20
云南,夏季,粪箕凹,1,1,7
云南,夏季,紫顶寺后门,1,1,15
云南,夏季,红木村,1,1,23
云南,夏季,维西县滇金丝猴专家别苑客房西北400米,1,1,7
云南,夏季,美奂公园,1,1,8
云南,夏季,翠湖村,1,1,13
云南,夏季,老君山利苴村,1,1,20
云南,夏季,老爷山,1,1,8
云南,夏季,腾冲原乡栖花岭景区,1,1,15
云南,夏季,腾冲和顺景区,1,1,19
云南,夏季,腾冲市和顺古镇景区(秋农路北100米),1,1,14
云南,夏季,腾冲市曲石镇红木村,1,1,5
云南,夏季,腾冲市滇滩镇青草岭,1,1,18
云南,夏季,腾冲市猴桥镇狼牙寺,1,1,1
云南,夏季,腾冲市腾越街道玉壁村,1,1,18
云南,夏季,腾冲雪居温泉酒店,1,1,6
云南,夏季,腾冲青海湖周边,1,1,14
云南,夏季,芒市大银塔东南400米(环湖路东),1,1,5
云南,夏季,芒市孔雀湖旅游度假区,1,1,55
云南,夏季,芒市风平镇芒里村,1,1,2
云南,夏季,苍山景区-洗马潭,1,1,14
云南,夏季,苍山景区苍山感通索道(大理市),1,1,17
云南,夏季,茨开怒江大桥,1,1,12
云南,夏季,草海湿地,1,1,16
云南,夏季,葫芦岛水电站大桥,1,1,8
云南,夏季,蒋家坟,1,1,10
云南,夏季,蒙自正海养殖,1,1,17
云南,夏季,蒙自正海养殖东300米,1,1,13
云南,夏季,蒙自长桥海开心农庄,1,1,4
云南,夏季,西华公园,1,1,24
云南,夏季,西双版纳傣园酒店,1,1,7
云南,夏季,西双版纳傣族园,1,1,2
云南,夏季,西双版纳傣族自治州勐腊县中国科学院西双版纳热带植物园,1,1,8
云南,夏季,西双版纳嘎洒国际机场,1,1,1
云南,夏季,西双版纳州民族风情园傣乡水城,1,1,6
云南,夏季,西双版纳总佛寺,1,1,1
云南,夏季,西山公园,1,1,9
云南,夏季,西山区云南省昆明地方海事局南100米(草海隧道北),1,1,7
云南,夏季,西山区彰美村码头东150米(滇新路北),1,1,25
云南,夏季,西山区彰美村码头东北300米(滇新路北),1,1,30
云南,夏季,西山区海口街道大中滩,1,1,2
云南,夏季,西山景区-太华寺,1,1,6
云南,夏季,西山森林公园,1,1,13
云南,夏季,西畴县广辉彩钢瓦(X370北),1,1,16
云南,夏季,许贡箐上村,1,1,6
云南,夏季,赛格公路,1,1,13
云南,夏季,赛马坝,1,1,7
云南,夏季,跃片公路,1,1,7
云南,夏季,轿子山游雪山庄,1,1,7
云南,夏季,达摩祖师洞,1,1,13
云南,夏季,迪庆藏族自治州香格里拉市噶丹松赞林寺,1,1,4
云南,夏季,通海县秀山历史文化公园(秀小路南400米),1,1,17
云南,夏季,里务比寺寺门,1,1,12
云南,夏季,野象谷热带雨林景区(一期高架观象栈道),1,1,17
云南,夏季,野象谷热带雨林景区(二期高架观象栈道),1,1,7
云南,夏季,野鸭湖,1,1,25
云南,夏季,金龙街道金龙小学,1,1,16
云南,夏季,银园停车场,1,1,6
云南,夏季,银杏村旅游度假区,1,1,19
云南,夏季,长桥海,1,1,12
云南,夏季,长江第一湾,1,1,3
云南,夏季,长江第一湾(丽江市玉龙纳西族自治县),1,1,12
云南,夏季,隆阳区澡塘河西300米,1,1,6
云南,夏季,隆阳区百花岭,1,1,75
云南,夏季,隆阳区青华海国家湿地公园,1,1,20
云南,夏季,隆阳区高黎贡山自然保护区,1,1,31
云南,夏季,隆阳区高黎贡山自然保护区王家岩防火检查站西北,1,1,30
云南,夏季,雅居乐云南原乡,1,1,38
云南,夏季,雅居乐原乡,1,1,13
云南,夏季,雨崩村,1,1,6
云南,夏季,雨花毓秀,1,1,3
云南,夏季,雾浓顶,1,1,16
云南,夏季,青华海,1,1,13
云南,夏季,青华海西湖景区,1,1,3
云南,夏季,青隐山谷帐篷营地,1,1,17
云南,夏季,香格里拉全县,1,1,16
云南,夏季,香格里拉县独克宗古城(建塘镇),1,1,2
云南,夏季,香格里拉巴拉格宗雪山冰泉养生庄园,1,1,1
云南,夏季,香格里拉市三坝纳西族乡瓦厂,1,1,1
云南,夏季,香格里拉市建塘镇笔那,1,1,8
云南,夏季,香格里拉市开漳水第一湾酒店(G214东),1,1,2
云南,夏季,香格里拉市洛吉乡神哥,1,1,18
云南,夏季,香格里拉市蓝月山谷景区东门(C007北),1,1,7
云南,夏季,香格里拉明珠扎西牧场,1,1,4
云南,夏季,香格里拉虎跳峡景区,1,1,2
云南,夏季,香格里拉高山植物园(环湖路西),1,1,4
云南,夏季,香炉山,1,1,1
云南,夏季,马楠村景区,1,1,9
云南,夏季,高山别庄香格里拉精品酒店,1,1,9
云南,夏季,高山植物园,1,1,13
云南,夏季,高峣新村,1,1,13
云南,夏季,高黎贡山植物园,1,1,5
云南,夏季,高黎贡山自然公园,1,1,23
云南,夏季,鹤庆县中国石化西邑服务区(上关方向)加油站,1,1,5
云南,夏季,鹤庆草海,1,1,12
云南,夏季,麒麟水乡,1,1,15
云南,夏季,麻栎园,1,1,12
云南,夏季,麻栎林,1,1,8
云南,夏季,黄草洲国家湿地公园,1,1,35
云南,夏季,黄龙箐度假山庄,1,1,3
云南,夏季,黑柳村,1,1,18
云南,夏季,黑龙潭公园(昆明市盘龙区蓝桉路1号),1,1,14
云南,夏季,龙得湖,1,1,11
云南,夏季,龙江大桥景观区,1,1,5
云南,夏季,龙潭湖公园,1,1,4
云南,秋季,中国科学院西双版纳热带植物园,131,273,100
云南,秋季,黑龙潭公园,82,98,32
云南,秋季,昆明植物园,78,98,23
云南,秋季,野象谷热带雨林景区,58,67,46
云南,秋季,中科院版纳植物园,38,55,91
云南,秋季,江尾村,33,52,39
云南,秋季,西双版纳热带植物园,29,55,57
云南,秋季,金殿公园,27,30,24
云南,秋季,澜沧拉祜族自治县糯扎渡镇下勐矿,25,29,60
云南,秋季,云南省版纳中科院热带植物园,23,32,53
云南,秋季,绿石林景区,22,22,33
云南,秋季,无为寺,19,30,22
云南,秋季,世博生态城,17,28,21
云南,秋季,和顺古镇,17,22,44
云南,秋季,洱海月湿地公园,17,19,39
云南,秋季,龙得湖,17,17,37
云南,秋季,关山水库,16,34,33
云南,秋季,石梯村,16,23,60
云南,秋季,绿石林景区-观景台,16,18,24
云南,秋季,盈江犀鸟谷,15,20,96
云南,秋季,中国科学院西双版纳热带植物园-勐仑植物园,15,16,59
云南,秋季,西双版纳野象谷景区-高架栈道,15,15,41
云南,秋季,昆明世界园艺博览园东南,14,26,24
云南,秋季,世博园,14,18,16
云南,秋季,福保湿地,14,17,46
云南,秋季,云南腾冲来凤山,14,16,36
云南,秋季,普洱景迈山古茶林景区,14,16,55
云南,秋季,香额湖,14,14,33
云南,秋季,片马公路沿途,13,31,65
云南,秋季,勐腊县荷风香远,13,14,29
云南,秋季,西山区滇池草海湖滨湿地,13,14,26
云南,秋季,勐宋村,13,13,25
云南,秋季,滇池福保湿地,12,20,36
云南,秋季,香格里拉高山植物园,12,16,35
云南,秋季,紫溪山,12,14,43
云南,秋季,盘龙区黑龙潭公园(昆明植物园东北200米),12,13,19
云南,秋季,盈江国家湿地公园,12,12,40
云南,秋季,盘龙区黑龙潭公园(7204公路北),12,12,28
云南,秋季,苍山玉带路,11,15,39
云南,秋季,芒坝,11,13,69
云南,秋季,那邦田,11,13,35
云南,秋季,勐腊县西双版纳热带雨林国家公园望天树景区,11,11,41
云南,秋季,苍山国家地质公园,11,11,43
云南,秋季,白马雪山,10,21,26
云南,秋季,勐腊县中国科学院西双版纳热带植物园(罗梭江大桥),10,13,74
云南,秋季,蒋家坟,10,13,31
云南,秋季,勐腊县会龙特色旅游村,10,12,47
云南,秋季,大盈江湿地公园,10,11,36
云南,秋季,盈江县太平镇下石梯,10,11,65
云南,秋季,西双版纳热带花卉园,10,11,18
云南,秋季,野象谷景区,10,11,64
云南,秋季,昆明滇池国家级风景名胜区西山景区,9,20,28
云南,秋季,来凤山国家森林公园,9,12,22
云南,秋季,梁王山,9,12,19
云南,秋季,洪崩河犀鸟谷,9,12,60
云南,秋季,勐腊县中国科学院西双版纳热带植物园热带雨林区,9,9,32
云南,秋季,喊沙奘寺,9,9,2
云南,秋季,望天树,9,9,37
云南,秋季,热带雨林,9,9,21
云南,秋季,瑞丽市弄莫湖公园(团结路北),9,9,18
云南,秋季,纳帕海,9,9,15
云南,秋季,补蚌村,9,9,49
云南,秋季,西双版纳热带植物园吊桥,9,9,17
云南,秋季,大观公园,8,11,30
云南,秋季,勐矿村,8,10,50
云南,秋季,海洪湿地公园,8,10,22
云南,秋季,盘龙区黑龙潭公园(7204公路北200米),8,10,16
云南,秋季,昆明世界园艺博览园药草园,8,9,19
云南,秋季,么等新寨,8,8,20
云南,秋季,剑湖国家湿地公园,8,8,24
云南,秋季,大理洱海生态廊道,8,8,17
云南,秋季,昆明动物园-圆通山,8,8,12
云南,秋季,昆明植物园-西园,8,8,23
云南,秋季,普达措国家公园,8,8,28
云南,秋季,腾冲湿地-北海湿地,8,8,15
云南,秋季,腾冲热海景区,8,8,38
云南,秋季,勐仑镇么等村,7,10,26
云南,秋季,官渡区六甲街道福保村,7,10,38
云南,秋季,勐腊县中国科学院西双版纳热带植物园(蒲葵大道西),7,9,67
云南,秋季,沧源佤族自治县勐角傣族彝族拉祜族乡翁丁垭口,7,8,55
云南,秋季,芒市风平镇弄坎,7,8,34
云南,秋季,13号鸟塘,7,7,24
云南,秋季,五家堆湿地公园,7,7,9
云南,秋季,大观公园南园,7,7,22
云南,秋季,昆明世界园艺博览园,7,7,22
云南,秋季,洱海,7,7,36
云南,秋季,滇池,7,7,38
云南,秋季,瑞丽市勐秀乡帮养,7,7,31
云南,秋季,野象谷热带雨林景区(二期高架观象栈道),7,7,27
云南,秋季,金殿风景名胜区,7,7,19
云南,秋季,高黎贡山百花岭,6,13,47
云南,秋季,云南盈江国家湿地公园与纳邦,6,8,37
云南,秋季,殊馨亭(德宏傣族景颇族自治州盈江县),6,8,8
云南,秋季,勐腊县中科院植物园西游览区,6,7,25
云南,秋季,大观楼南园,6,7,24
云南,秋季,瑞丽南京里,6,7,32
云南,秋季,芒市孔雀湖旅游度假区,6,7,16
云南,秋季,草海隧道,6,7,22
云南,秋季,中科院植物园,6,6,32
云南,秋季,丽江黑龙潭风景名胜区,6,6,10
云南,秋季,佛房,6,6,66
云南,秋季,勐腊县城子村景区(G8511北),6,6,17
云南,秋季,南贡山,6,6,68
云南,秋季,大歇场,6,6,18
云南,秋季,大盈江国家级风景名胜区花海,6,6,8
云南,秋季,拉市海湿地公园,6,6,17
云南,秋季,瑞丽沿江,6,6,13
云南,秋季,盈江县1号鸟类监测点(X036南),6,6,10
云南,秋季,盈江县铜壁关乡中学南150米(芒那公路西),6,6,1
云南,秋季,盈江县铜壁关乡腊卖,6,6,1
云南,秋季,神秘果树,6,6,5
云南,秋季,翠湖公园,6,6,16
云南,秋季,苍山洗马潭,6,6,11
云南,秋季,高黎贡山姜家寨鸟类监测点(保山市腾冲市),6,6,38
云南,秋季,独龙江,5,11,63
云南,秋季,和顺古镇景区,5,10,48
云南,秋季,呈贡区斗南街道乌龙街道,5,9,35
云南,秋季,左卫塘,5,9,16
云南,秋季,湖滨生态湿地公园,5,8,31
云南,秋季,高黎贡山姜家寨鸟类监测点,5,8,90
云南,秋季,勐仑镇,5,7,20
云南,秋季,圆通山动物园,5,7,19
云南,秋季,捞鱼河湿地公园,5,6,19
云南,秋季,春林宾馆,5,6,10
云南,秋季,江尾村(昆明市呈贡区),5,6,33
云南,秋季,芒坝村,5,6,44
云南,秋季,云南盈江国家湿地公园栈道,5,5,23
云南,秋季,会龙鸟塘及周边,5,5,16
云南,秋季,勐腊县百草亭(蒲葵大道西),5,5,43
云南,秋季,南滇池国家湿地,5,5,27
云南,秋季,大观楼东南,5,5,14
云南,秋季,小江尾,5,5,34
云南,秋季,望天树景区,5,5,57
云南,秋季,来凤山观鸟点,5,5,23
云南,秋季,楚雄紫溪山风景区,5,5,36
云南,秋季,洪崩河-石梯村,5,5,57
云南,秋季,滇池东大河湿地,5,5,19
云南,秋季,玉龙雪山国家级风景名胜区,5,5,8
云南,秋季,盈江县观景台(允燕大道南),5,5,6
云南,秋季,盘龙区黑龙潭公园(7204公路东),5,5,42
云南,秋季,隆阳区瓦房服务区(保泸高速北),5,5,18
云南,秋季,昆明学院(洋浦校区),4,58,30
云南,秋季,三角海水库,4,13,34
云南,秋季,中国科学院西双版纳热带植物园(勐仑镇),4,9,61
云南,秋季,凤龙山(昆明市寻甸回族彝族自治县),4,9,35
云南,秋季,林塘,4,9,22
云南,秋季,青华海国家湿地公园,4,7,28
云南,秋季,勐腊县中国科学院西双版纳热带植物园,4,6,53
云南,秋季,白马雪山(迪庆藏族自治州德钦县),4,6,30
云南,秋季,腾冲市腾越街道来凤山,4,6,35
云南,秋季,凤凰山,4,5,28
云南,秋季,小清河,4,5,25
云南,秋季,景洪市勐龙镇勐宋村,4,5,18
云南,秋季,草海,4,5,27
云南,秋季,三道河,4,4,2
云南,秋季,中国科学院西双版纳热带植物园热带雨林3-1,4,4,54
云南,秋季,云南盈江那邦,4,4,43
云南,秋季,云南省保山市腾冲市S238,4,4,1
云南,秋季,云南省怒江片马姚家坪,4,4,64
云南,秋季,云南省西双版纳勐腊县勐仑镇么等新寨,4,4,24
云南,秋季,云县爱华镇蜂王寨,4,4,23
云南,秋季,勐腊县中国科学院西双版纳热带植物园(蒲葵大道北),4,4,33
云南,秋季,勐腊县中科院植物园(罗梭江大桥东200米),4,4,36
云南,秋季,勐腊县勐仑春林宾馆,4,4,20
云南,秋季,勐腊县热带雨林民族文化博物馆东北100米,4,4,30
云南,秋季,南涧彝族自治县无量山樱花谷蜂巢驿站(南涧樱花谷店),4,4,7
云南,秋季,呈贡区乌龙街道小江尾,4,4,19
云南,秋季,呈贡区斗南街道江尾村,4,4,28
云南,秋季,宝丰湿地公园,4,4,29
云南,秋季,小旧城,4,4,2
云南,秋季,斗南湿地,4,4,22
云南,秋季,昆明动物园,4,4,14
云南,秋季,昆明植物园-北门售票处,4,4,9
云南,秋季,昆明翠湖公园,4,4,11
云南,秋季,昆明西山森林公园,4,4,20
云南,秋季,昆明黑龙潭公园,4,4,11
云南,秋季,永平服务区,4,4,7
云南,秋季,洱海月湿地公园(大理白族自治州大理市),4,4,14
云南,秋季,浪坝塘,4,4,14
云南,秋季,海埂公园,4,4,8
云南,秋季,滇池海埂公园,4,4,11
云南,秋季,灵宝山,4,4,24
云南,秋季,班洪山,4,4,22
云南,秋季,瑞丽市畹町镇峦允阳山,4,4,26
云南,秋季,盈江县城--梁河途中,4,4,1
云南,秋季,盈江县拍摄位西北300米,4,4,27
云南,秋季,盈江广场(花园巷),4,4,2
云南,秋季,磨哈山,4,4,27
云南,秋季,糯扎渡镇,4,4,32
云南,秋季,腾冲火山地热国家地质公园,4,4,11
云南,秋季,草海隧道公园,4,4,18
云南,秋季,野象谷热带雨林景区(景洪市勐养镇三岔河),4,4,34
云南,秋季,铜壁关,4,4,61
云南,秋季,昭通市昭阳区凤凰山森林公园,3,57,37
云南,秋季,滇池草海湖滨湿地,3,18,38
云南,秋季,班老乡,3,7,107
云南,秋季,开远市永华种鸡场东北700米,3,5,21
云南,秋季,百花园,3,5,15
云南,秋季,苍山自然影像博物馆-无为寺,3,5,9
云南,秋季,保山青华海国家湿地公园,3,4,27
云南,秋季,凤庆县三岔河镇下寨,3,4,27
云南,秋季,勐腊县中科院植物园(罗梭江大桥东南150米),3,4,32
云南,秋季,澜沧拉祜族自治县景迈大寨南(XJ69西),3,4,67
云南,秋季,班洪乡,3,4,9
云南,秋季,白马雪山垭口,3,4,11
云南,秋季,糯干古寨,3,4,40
云南,秋季,者摩山,3,4,44
云南,秋季,中国科学院西双版纳热带植物园绿石林3-1,3,3,31
云南,秋季,五老山国家森林公园(临翔区五老山瀑布段),3,3,12
云南,秋季,勐腊县勐仑镇腊独山,3,3,4
云南,秋季,勐腊县植物迷宫(蒲葵大道西),3,3,52
云南,秋季,南京里村,3,3,33
云南,秋季,南滇池国家湿地(昆明市晋宁区),3,3,20
云南,秋季,呈贡关山水库,3,3,23
云南,秋季,和顺景区,3,3,32
云南,秋季,圆通寺,3,3,12
云南,秋季,大理无为寺,3,3,14
云南,秋季,大理洱海月湿地公园,3,3,18
云南,秋季,大理苍山和洱海,3,3,10
云南,秋季,大观公园庾园(昆明市西山区),3,3,22
云南,秋季,孔雀湖生态旅游区,3,3,38
云南,秋季,孟定农场总场,3,3,17
云南,秋季,官渡区小清河东300米,3,3,28
云南,秋季,小李鸟塘,3,3,26
云南,秋季,左卫,3,3,19
云南,秋季,开远市羊街乡新寨,3,3,23
云南,秋季,思茅区澜沧江桥客运站东北700米,3,3,60
云南,秋季,思茅港镇大尖山,3,3,38
云南,秋季,思茅港镇芒坝,3,3,9
云南,秋季,抚仙湖,3,3,3
云南,秋季,新河社区,3,3,28
云南,秋季,昆明植物园西园,3,3,14
云南,秋季,来凤寺(保山市腾冲市上西街34号),3,3,30
云南,秋季,林塘大物垂钓园,3,3,22
云南,秋季,林家铺林场(保山市腾冲市曲石镇),3,3,7
云南,秋季,沧源佤族自治县班老乡新寨村党群服务中心南(甘班线),3,3,54
云南,秋季,沧源佤族自治县芒卡镇G219(来片新寨),3,3,17
云南,秋季,河尾,3,3,16
云南,秋季,澜沧拉祜族自治县糯扎渡镇三等新寨,3,3,15
云南,秋季,热带雨林(西双版纳傣族自治州勐腊县),3,3,16
云南,秋季,独克宗古城,3,3,1
云南,秋季,玉龙湖公园,3,3,10
云南,秋季,王家堆湿地,3,3,28
云南,秋季,瑞丽马尔代夫,3,3,20
云南,秋季,盈江县拍摄位东300米32号塘,3,3,24
云南,秋季,福保社区,3,3,24
云南,秋季,糯扎渡自然保护区,3,3,40
云南,秋季,西双版纳嘎洒国际机场,3,3,6
云南,秋季,西双版纳热带花卉园(宣慰大道99号),3,3,11
云南,秋季,西吊桥,3,3,9
云南,秋季,野象谷热带雨林景区游客中心(G213),3,3,41
云南,秋季,阿克新寨,3,3,19
云南,秋季,陇川县户撒阿昌族乡曼燕,3,3,14
云南,秋季,青山公园,3,3,10
云南,秋季,龙龛码头,3,3,11
云南,秋季,江南春赛马场公园,2,9,30
云南,秋季,普者黑,2,8,16
云南,秋季,象头坡,2,7,34
云南,秋季,昆明市呈贡区云南大学(呈贡校区),2,6,20
云南,秋季,西山区滇池,2,6,19
云南,秋季,云南大学呈贡关山水库,2,5,38
云南,秋季,姜家寨,2,5,42
云南,秋季,芒象线,2,5,28
云南,秋季,大寨子村,2,4,25
云南,秋季,大理墨山艺墅私家花园,2,4,5
云南,秋季,大理市银桥镇双阳村,2,4,9
云南,秋季,思茅区普洱蓝眉山度假酒店,2,4,17
云南,秋季,景洪市发宏福小鱼塘(G213南),2,4,15
云南,秋季,来凤寺,2,4,18
云南,秋季,西畴县法斗乡水晶石梁子,2,4,43
云南,秋季,中国科学院西双版纳热带植物园人工雨林3-4,2,3,27
云南,秋季,凤庆县勐佑镇聂家寨,2,3,20
云南,秋季,勐仑镇(西双版纳傣族自治州勐腊县),2,3,14
云南,秋季,南涧彝族自治县公郎镇阿嘎,2,3,43
云南,秋季,四十八道河,2,3,8
云南,秋季,巍宝山风景名胜区(巍山彝族回族自治县),2,3,28
云南,秋季,开远市永华种鸡西50米(卧古段北),2,3,23
云南,秋季,普洱亚太森林组织基地,2,3,12
云南,秋季,曲石镇,2,3,30
云南,秋季,沙溪古镇旅游景区,2,3,8
云南,秋季,湖滨生态湿地-草海隧道东岸-余园,2,3,32
云南,秋季,片马,2,3,102
云南,秋季,版纳植物园,2,3,35
云南,秋季,牛波一(茶花园店),2,3,25
云南,秋季,盈江县太平镇雪梨村二分室东北100米,2,3,6
云南,秋季,腾冲市和顺古镇景区(大石巷东400米),2,3,20
云南,秋季,蒙自正海养殖,2,3,29
云南,秋季,上阳波,2,2,9
云南,秋季,丛岗村大桥,2,2,22
云南,秋季,东川区铜都街道龙洞村,2,2,5
云南,秋季,东湖公园,2,2,2
云南,秋季,东白沙河水库,2,2,22
云南,秋季,东风坝七孔浮桥,2,2,29
云南,秋季,中国科学院西双版纳热带植物园东区,2,2,22
云南,秋季,中国科学院西双版纳热带植物园人工雨林3-1,2,2,24
云南,秋季,中国科学院西双版纳热带植物园人工雨林3-2,2,2,28
云南,秋季,中国科学院西双版纳热带植物园人工雨林3-3,2,2,23
云南,秋季,中国科学院西双版纳热带植物园停车场,2,2,5
云南,秋季,中国科学院西双版纳热带植物园热带雨林3-3,2,2,25
云南,秋季,中国科学院西双版纳热带植物园热带雨林3-4,2,2,58
云南,秋季,中国科学院西双版纳热带植物园绿石林3-2,2,2,38
云南,秋季,中国科学院西双版纳热带植物园绿石林3-3,2,2,31
云南,秋季,中国科学院西双版纳热带植物园绿石林3-4,2,2,31
云南,秋季,临沧边境经济合作区管委会,2,2,17
云南,秋季,丽江古城束河古镇,2,2,7
云南,秋季,丽江市玉龙纳西族自治县拉市海湿地公园,2,2,23
云南,秋季,丽江老君山自然中心,2,2,53
云南,秋季,九十九龙潭之一,2,2,24
云南,秋季,二台坡,2,2,7
云南,秋季,云南保山百花岭周边,2,2,28
云南,秋季,云南大学,2,2,10
云南,秋季,云南大学东陆校区,2,2,9
云南,秋季,云南太阳河自然保护区,2,2,6
云南,秋季,云南陇川户撒东山,2,2,1
云南,秋季,傣族园+龙得湖夏日荷,2,2,24
云南,秋季,共比,2,2,5
云南,秋季,凤凰山森林公园,2,2,8
云南,秋季,凤凰生态公园,2,2,18
云南,秋季,剑湖,2,2,41
云南,秋季,勐巴娜西珍奇园,2,2,14
云南,秋季,勐腊南贡山保护区,2,2,27
云南,秋季,勐腊县中国科学院西双版纳热带植物园(G219南),2,2,37
云南,秋季,勐腊县中国科学院西双版纳热带植物园(G219西),2,2,3
云南,秋季,勐腊县勐仑服务区(昆磨高速昆明方向),2,2,3
云南,秋季,勐腊县勐仑镇坝卡回掌,2,2,19
云南,秋季,勐腊县勐仑镇阿克新寨,2,2,25
云南,秋季,勐腊县热带雨林,2,2,24
云南,秋季,勐腊县绿石林景区东北100米(G219东),2,2,17
云南,秋季,勐腊县西双版纳国家自然保护区勐仑管理所,2,2,35
云南,秋季,北海湿地景区,2,2,8
云南,秋季,南涧彝族自治县灵宝山西北200米(沙乐线),2,2,65
云南,秋季,南立线,2,2,9
云南,秋季,古茶林(普洱市惠民镇景迈山古茶林景区内),2,2,41
云南,秋季,呈贡区中央公园(驼峰街北),2,2,7
云南,秋季,响古箐傈僳族传统村落,2,2,7
云南,秋季,基诺山基诺族乡,2,2,5
云南,秋季,大牯牛山,2,2,10
云南,秋季,大理市洱海月湿地公园,2,2,31
云南,秋季,大理洱海,2,2,5
云南,秋季,大理田边平等舍,2,2,4
云南,秋季,大理苍山世界地质公园(214国道附近),2,2,19
云南,秋季,大理苍山国家地质公园,2,2,11
云南,秋季,小沙坝半山酒店,2,2,8
云南,秋季,小渔村,2,2,22
云南,秋季,尹家,2,2,8
云南,秋季,岩上,2,2,13
云南,秋季,巴卡小寨3-1,2,2,41
云南,秋季,巴卡小寨KM55-3-4,2,2,49
云南,秋季,巴卡小寨KM553-2,2,2,19
云南,秋季,巴卡小寨KM553-3,2,2,54
云南,秋季,干沟尾,2,2,20
云南,秋季,广龙抚海湾湿地公园(玉溪市澄江县),2,2,10
云南,秋季,弄么村(德宏傣族景颇族自治州梁河县),2,2,6
云南,秋季,思茅区普洱市梅子湖公园观景台,2,2,13
云南,秋季,才村码头湿地,2,2,5
云南,秋季,捞鱼河沿岸（理工大段）,2,2,15
云南,秋季,故山·野鸭塘河谷咖啡庄园,2,2,3
云南,秋季,昆明世界园艺博览园(白龙路439号),2,2,32
云南,秋季,昆明世界园艺博览园(竹园路),2,2,13
云南,秋季,昆明市大观公园-南园,2,2,15
云南,秋季,昆明植物园(昆明市盘龙区),2,2,20
云南,秋季,昆明植物园东园,2,2,13
云南,秋季,明永冰川风景区-柏树林庙,2,2,11
云南,秋季,星云湖望海拇小龙门,2,2,31
云南,秋季,星海半岛湿地公园,2,2,20
云南,秋季,普洱太阳河森林公园,2,2,10
云南,秋季,普洱茶马古道旅游景区,2,2,32
云南,秋季,景洪市勐龙镇勐宋村民委员会,2,2,5
云南,秋季,景洪市勐龙镇南丹,2,2,18
云南,秋季,曼听公园,2,2,5
云南,秋季,曼听御花园景区(曼听路217号附近),2,2,10
云南,秋季,曼安(西双版纳傣族自治州勐腊县),2,2,20
云南,秋季,曼浓岱,2,2,10
云南,秋季,杨柳冲,2,2,8
云南,秋季,永平服务区(杭瑞高速瑞丽方向),2,2,8
云南,秋季,江尾天天钓场,2,2,16
云南,秋季,沧源佤族自治县班洪乡永公松木桑,2,2,22
云南,秋季,沧源佤族自治县班老乡人民政府北50米(甘班线),2,2,20
云南,秋季,沧源佤族自治县班老乡永合,2,2,12
云南,秋季,沧源佤族自治县班老乡永得,2,2,41
云南,秋季,沧源佤族自治县班老乡营盘大寨,2,2,48
云南,秋季,沧源佤族自治县班老新寨村,2,2,10
云南,秋季,泸水市鲁掌镇片马丫口,2,2,19
云南,秋季,泸沽湖风景名胜区,2,2,25
云南,秋季,海东湿地公园,2,2,29
云南,秋季,海埂大坝,2,2,6
云南,秋季,滇池大坝,2,2,34
云南,秋季,滇金丝猴国家公园,2,2,7
云南,秋季,滨江壹号(馨园路),2,2,1
云南,秋季,灵芝湖森林公园,2,2,13
云南,秋季,炬点咖啡馆庄园店,2,2,8
云南,秋季,片马抗英博物馆,2,2,4
云南,秋季,犀鸟客栈,2,2,13
云南,秋季,玉溪白龙潭风景区,2,2,18
云南,秋季,环湖路,2,2,24
云南,秋季,瑞丽,2,2,5
云南,秋季,瑞丽市弄莫湖公园,2,2,3
云南,秋季,瑞丽莫里热带雨林景区,2,2,12
云南,秋季,甘班线,2,2,22
云南,秋季,白沙古镇(丽江市玉龙纳西族自治县),2,2,3
云南,秋季,盆景园,2,2,12
云南,秋季,盈江县,2,2,26
云南,秋季,盈江县上石梯,2,2,42
云南,秋季,盈江县太平镇下帮瓦,2,2,8
云南,秋季,盈江县太平镇铁莫崩山,2,2,20
云南,秋季,盈江县那邦村,2,2,48
云南,秋季,盈江县那邦镇那邦田,2,2,24
云南,秋季,盘龙区昆明植物园(枫香大道南),2,2,19
云南,秋季,盘龙区黑龙潭公园(昆明植物园东北150米),2,2,12
云南,秋季,石鼓镇,2,2,18
云南,秋季,福保村,2,2,23
云南,秋季,积下,2,2,2
云南,秋季,粒述·咖啡庄园观景台,2,2,8
云南,秋季,绿石林景区观景台,2,2,29
云南,秋季,老君山利苴村,2,2,19
云南,秋季,腾冲北海湿地,2,2,11
云南,秋季,腾冲市凤岭坊,2,2,19
云南,秋季,腾冲市曲石镇林家铺,2,2,14
云南,秋季,腾冲市曲石镇红木村,2,2,30
云南,秋季,腾冲瑷珲主题公园,2,2,5
云南,秋季,节基坪,2,2,16
云南,秋季,芒合村,2,2,26
云南,秋季,芒坑(临沧市耿马傣族佤族自治县),2,2,19
云南,秋季,芒市,2,2,21
云南,秋季,蒋家坟(昆明市盘龙区),2,2,22
云南,秋季,西双版纳州南腊河康养度假营地景区,2,2,8
云南,秋季,西双版纳洲际度假酒店,2,2,8
云南,秋季,西山区大观五家堆湿地公园(庾园路西200米),2,2,13
云南,秋季,西山区昆明市大观公园西园东南150米(庾园路西),2,2,11
云南,秋季,西山区福海街道韩家小村,2,2,24
云南,秋季,西山景区-太华古道,2,2,14
云南,秋季,西山森林公园,2,2,13
云南,秋季,边寨喊沙景区,2,2,2
云南,秋季,那柯里茶马驿站景区,2,2,39
云南,秋季,那邦镇一号观鸟点,2,2,15
云南,秋季,郊野公园,2,2,12
云南,秋季,金山丫口观景台,2,2,8
云南,秋季,金龟山观光园望鸟谷,2,2,18
云南,秋季,铁莫崩山,2,2,45
云南,秋季,银杏村旅游度假区,2,2,12
云南,秋季,阳宗镇梁王山,2,2,17
云南,秋季,飞来寺,2,2,7
云南,秋季,飞来寺风景区,2,2,3
云南,秋季,香额湖(德宏傣族景颇族自治州盈江县),2,2,13
云南,秋季,高黎贡山茶博园,2,2,12
云南,秋季,黑颈鹤自然保护区,2,2,23
云南,秋季,黑鱼河风景区,2,2,18
云南,秋季,龙江特大桥观景区,2,2,7
云南,秋季,沙溪古镇金树禾,1,16,32
云南,秋季,云南师大附中(呈贡校区),1,8,15
云南,秋季,云南农业大学,1,7,6
云南,秋季,在地·石城自然学校,1,6,10
云南,秋季,勐腊县会龙鸟塘及周边,1,5,53
云南,秋季,滇西应用技术大学(珠宝学院),1,5,17
云南,秋季,万亩荷塘,1,4,20
云南,秋季,云南大学(呈贡校区),1,4,53
云南,秋季,大学城地铁站公园,1,4,12
云南,秋季,星云湖,1,4,44
云南,秋季,盈之蓝民宿,1,4,36
云南,秋季,盈江县盈之蓝民宿,1,4,28
云南,秋季,云南艺术学院(呈贡校区),1,3,11
云南,秋季,五华区北市区荷塘月色(红锦路西),1,3,17
云南,秋季,南华县马街镇,1,3,19
云南,秋季,捞渔河（雨花路段）,1,3,23
云南,秋季,昆明官渡区星海半岛湿地公园,1,3,8
云南,秋季,明通河畔,1,3,2
云南,秋季,玉龙县丽江老君山自然中心南300米,1,3,33
云南,秋季,高黎贡山西坡,1,3,61
云南,秋季,G213公路4049K~4051K沿线,1,2,31
云南,秋季,中国科学院版纳植物园景东亚热带植物园,1,2,10
云南,秋季,中国科学院西双版纳热带植物园东区绿石林下车点桥上,1,2,6
云南,秋季,中国科学院西双版纳热带植物园江边荒地,1,2,26
云南,秋季,中国科学院西双版纳热带植物园电站大桥,1,2,15
云南,秋季,中国科学院西双版纳热带植物园西游览区-游览车中心,1,2,14
云南,秋季,中國科學院西雙版納熱帶植物園,1,2,30
云南,秋季,临翔区,1,2,26
云南,秋季,云南映象B区,1,2,1
云南,秋季,云南省临沧市沧源佤族自治县,1,2,13
云南,秋季,保山清华湖,1,2,14
云南,秋季,六合实业村,1,2,15
云南,秋季,冲江河,1,2,10
云南,秋季,勐佑镇,1,2,25
云南,秋季,勐腊县勐仑阿克新寨,1,2,16
云南,秋季,勐腊县野生食用植物园,1,2,11
云南,秋季,勐龙镇勐宋村,1,2,9
云南,秋季,千步崖,1,2,25
云南,秋季,华龙湖,1,2,10
云南,秋季,南贡山保护区巡山道（G2134053公里牌对面）,1,2,46
云南,秋季,卫星水库,1,2,24
云南,秋季,双龙公园,1,2,10
云南,秋季,呈贡区乌龙垂恩寺,1,2,22
云南,秋季,呈贡区西亚山庄(安石公路南),1,2,17
云南,秋季,告庄西双景湄公河·星光夜市,1,2,10
云南,秋季,大理国际奥林匹克体育中心(大理市),1,2,6
云南,秋季,太保山森林公园,1,2,12
云南,秋季,官渡区蓝色庄园东150米,1,2,18
云南,秋季,宣威市羊场镇鲁车,1,2,16
云南,秋季,捞渔河（昆明理工大学呈贡校区段),1,2,16
云南,秋季,文山市东山公园,1,2,16
云南,秋季,文山市盘龙森林公园(城南路东150米),1,2,18
云南,秋季,新华通讯社云南分社北(红塔西路),1,2,2
云南,秋季,昆明滇池国家旅游度假区,1,2,9
云南,秋季,晋宁区普照寺(普照路西100米),1,2,12
云南,秋季,普卡旺,1,2,12
云南,秋季,曼勒(西双版纳傣族自治州勐海县),1,2,17
云南,秋季,来凤山,1,2,22
云南,秋季,格面,1,2,11
云南,秋季,河东村(临沧市凤庆县),1,2,2
云南,秋季,清水海,1,2,9
云南,秋季,独龙江国家公园,1,2,21
云南,秋季,盈江县那邦镇东抱光山,1,2,7
云南,秋季,盈江广场,1,2,2
云南,秋季,盘龙区S241(朱家山),1,2,18
云南,秋季,石林霄鲁酱菜厂,1,2,14
云南,秋季,秋木箐,1,2,17
云南,秋季,红塔文体中心,1,2,10
云南,秋季,腾冲市和顺古镇景区(秋农路北100米),1,2,41
云南,秋季,腾冲市曲石镇下表院,1,2,14
云南,秋季,芒究水库,1,2,20
云南,秋季,蒙自正海养殖东300米,1,2,13
云南,秋季,西双版纳南药园,1,2,3
云南,秋季,西双版纳植物园,1,2,10
云南,秋季,西山区大观公园庾园(庾园路西100米),1,2,5
云南,秋季,野鸭塘河谷庄园,1,2,10
云南,秋季,青山头,1,2,13
云南,秋季,马库村,1,2,46
云南,秋季,1,1,1,1
云南,秋季,AMAN·安曼迷住野奢酒店(告庄星光夜市店),1,1,9
云南,秋季,G219与南立线交叉口,1,1,6
云南,秋季,"XishuangbannaTropicalBotanicalGarden,ChineseAcademyofSciences",1,1,7
云南,秋季,一碗水梁子,1,1,26
云南,秋季,七彩云南·欢乐世界,1,1,4
云南,秋季,七彩塘园农家乐,1,1,22
云南,秋季,七星湖,1,1,10
云南,秋季,万溪冲登山步道,1,1,20
云南,秋季,三角海-长桥海,1,1,39
云南,秋季,上班老水库,1,1,47
云南,秋季,上石梯西998米,1,1,17
云南,秋季,下石梯,1,1,30
云南,秋季,下石梯东629米,1,1,41
云南,秋季,下马合(临沧市凤庆县),1,1,2
云南,秋季,世博生态城半山邻里(昆明市盘龙区半山路),1,1,10
云南,秋季,世外乡村·高黎贡勐赫小镇,1,1,30
云南,秋季,世界园艺博览园,1,1,13
云南,秋季,东东山(临沧市凤庆县),1,1,16
云南,秋季,东山顶,1,1,20
云南,秋季,东风坝桥–天空之境–融创,1,1,25
云南,秋季,严家村,1,1,8
云南,秋季,个旧市梨源哨冲南200米,1,1,6
云南,秋季,丫洒底村,1,1,17
云南,秋季,中华普洱茶博览苑,1,1,11
云南,秋季,中国滇金丝猴研究基地,1,1,3
云南,秋季,中国犀鸟谷犀鸟监测展示区,1,1,11
云南,秋季,中国科学院哀牢山亚热带森林生态系统研究站,1,1,10
云南,秋季,中国科学院西双版纳热带植物园-藤本园站,1,1,1
云南,秋季,中国科学院西双版纳热带植物园名人名树园附近,1,1,17
云南,秋季,中国科学院西双版纳热带植物园藤本园,1,1,22
云南,秋季,中国西南野生生物种质资源库,1,1,6
云南,秋季,中央丽城,1,1,3
云南,秋季,中山,1,1,8
云南,秋季,中科版纳植物园,1,1,14
云南,秋季,中科院植物园(勐腊县勐仑镇),1,1,15
云南,秋季,中科院版纳植物园社会管理综合治理委员会,1,1,5
云南,秋季,临沧佳能达医药有限公司,1,1,15
云南,秋季,临沧市云县爱华镇,1,1,10
云南,秋季,丽江古城,1,1,1
云南,秋季,丽江市周边,1,1,10
云南,秋季,丽江市黑龙潭公园,1,1,6
云南,秋季,丽江悦榕庄,1,1,6
云南,秋季,丽江黑龙潭风景名胜区(古城区民主路1号),1,1,11
云南,秋季,书松村老路,1,1,6
云南,秋季,云南会泽黑颈鹤国家级自然保护区,1,1,12
云南,秋季,云南保山高黎贡山保山段,1,1,12
云南,秋季,云南保山高黎贡山赧亢,1,1,1
云南,秋季,云南哀牢山国家级自然保护区,1,1,28
云南,秋季,云南大学呈贡校区,1,1,25
云南,秋季,云南大学泽湖(昆明市呈贡区广田东路),1,1,17
云南,秋季,云南大学鼎鑫学生生活园区,1,1,3
云南,秋季,云南大山包黑颈鹤国家级自然保护区,1,1,3
云南,秋季,云南弥勒大佛,1,1,12
云南,秋季,云南盈江县石梯村,1,1,18
云南,秋季,云南盈江国家湿地公园,1,1,30
云南,秋季,云南省丽江市宁蒗彝族自治县红硝段,1,1,2
云南,秋季,云南省保山市腾冲县,1,1,3
云南,秋季,云南省工人疗养院,1,1,28
云南,秋季,云南省昆明市海埂大坝,1,1,13
云南,秋季,云南省昆明市西山区G56(高峣立交桥),1,1,7
云南,秋季,云南省林业和草原局,1,1,4
云南,秋季,云南省西双版纳傣族自治州勐腊县中国科学院西双版纳热带植物园,1,1,9
云南,秋季,云南省迪庆藏族自治州香格里拉市,1,1,4
云南,秋季,云南腾冲热海,1,1,4
云南,秋季,云峰山道观,1,1,9
云南,秋季,云杉坪,1,1,2
云南,秋季,云杉坪索道,1,1,3
云南,秋季,五华区云南国际商务大厦(宝善街北),1,1,1
云南,秋季,五境乡,1,1,9
云南,秋季,五脑山生态公园(玉溪市红塔区),1,1,7
云南,秋季,会泽会堂北(通宝路),1,1,2
云南,秋季,会泽公园,1,1,3
云南,秋季,会泽县云南会泽黑颈鹤国家级自然保护区,1,1,13
云南,秋季,会泽县大桥乡小柳树,1,1,4
云南,秋季,会泽县金钟山文昌宫(钟山路西50米),1,1,6
云南,秋季,会泽县金钟镇第一中学校(钟屏路南),1,1,4
云南,秋季,会泽县龙湖花园2期(瑞丰路),1,1,2
云南,秋季,佳兆业城市广场营销中心,1,1,5
云南,秋季,保山市,1,1,9
云南,秋季,保山蒲缥温泉度假村,1,1,3
云南,秋季,保山龙陵邦腊掌温泉养生度假区,1,1,60
云南,秋季,倪家铺,1,1,21
云南,秋季,傣族园龙得湖,1,1,19
云南,秋季,元江哈尼族彝族傣族自治县羊街乡南嵩,1,1,7
云南,秋季,元江服务区(永金高速金水河方向),1,1,11
云南,秋季,公安局,1,1,6
云南,秋季,兰磨线,1,1,22
云南,秋季,兴隆—张家村—下村,1,1,42
云南,秋季,兴隆村,1,1,13
云南,秋季,农耕1958房车营地,1,1,1
云南,秋季,冷水沟,1,1,45
云南,秋季,冻干草原LHR,1,1,1
云南,秋季,凌虚阁,1,1,2
云南,秋季,凤庆县勐佑镇德思里彝族佤族乡,1,1,7
云南,秋季,凤庆县小湾观景台北100米(凤小公路东),1,1,8
云南,秋季,凤庆县滇红第一村景区,1,1,5
云南,秋季,凤庆县砚池公园(S312北),1,1,18
云南,秋季,凤龙山,1,1,12
云南,秋季,凯邦亚湖,1,1,1
云南,秋季,利苴区域,1,1,5
云南,秋季,剑川县金华镇环湖公路东500米,1,1,8
云南,秋季,剑湖湿地,1,1,9
云南,秋季,勐仑么等新寨,1,1,18
云南,秋季,勐仑幺等新寨飘海鸟塘,1,1,11
云南,秋季,勐宋,1,1,42
云南,秋季,勐海县,1,1,3
云南,秋季,勐海县勐满镇曼赛,1,1,12
云南,秋季,勐焕大金塔,1,1,6
云南,秋季,勐腊县中科院植物园(蒲葵大道东400米),1,1,16
云南,秋季,勐腊县中科院植物园(蒲葵大道东50米),1,1,17
云南,秋季,勐腊县中科院植物园学术报告厅(蒲葵大道东),1,1,13
云南,秋季,勐腊县会龙鸟塘及周边夜刷,1,1,3
云南,秋季,勐腊县会龙鸟塘夜间鸟类,1,1,10
云南,秋季,勐腊县佛肚树(蒲葵大道南),1,1,12
云南,秋季,勐腊县勐仑美术馆(雨林路南),1,1,5
云南,秋季,勐腊县勐仑镇八哈会丈,1,1,20
云南,秋季,勐腊县勐仑镇曼勒,1,1,2
云南,秋季,勐腊县勐仑镇曼岗,1,1,15
云南,秋季,勐腊县勐仑镇莫等新寨当月鸟塘,1,1,15
云南,秋季,勐腊县南贡山保护区,1,1,18
云南,秋季,勐腊县吊桥西南50米(滨江路南),1,1,18
云南,秋季,勐腊县城,1,1,6
云南,秋季,勐腊县滨江壹号(馨园路东),1,1,1
云南,秋季,勐腊县菲利普小道,1,1,12
云南,秋季,勐腊县西双版纳王莲酒店,1,1,8
云南,秋季,勒勐,1,1,9
云南,秋季,化佛山,1,1,4
云南,秋季,千狮山满贤林景区,1,1,6
云南,秋季,南们河,1,1,23
云南,秋季,南华一中,1,1,1
云南,秋季,南华县马街镇弯子村,1,1,9
云南,秋季,南板河底,1,1,11
云南,秋季,南涧彝族自治县拥翠服务区(泸宁高速成都方向),1,1,1
云南,秋季,南郎,1,1,12
云南,秋季,卡场镇,1,1,24
云南,秋季,古城区清溪水库(清溪街西),1,1,5
云南,秋季,吉茂古茶坊,1,1,54
云南,秋季,吊桥,1,1,30
云南,秋季,听雨阁,1,1,5
云南,秋季,启别村,1,1,11
云南,秋季,呈贡区吴家营街道九号,1,1,7
云南,秋季,呈贡区吴家营街道梁家阱,1,1,42
云南,秋季,呈贡区天水嘉园(兴园路北50米),1,1,2
云南,秋季,呈贡区天润康园南区(韶光街南),1,1,2
云南,秋季,呈贡区斗南街道小江尾,1,1,45
云南,秋季,呈贡区昆明江尾康乃馨花卉科技专业合作社南,1,1,16
云南,秋季,呈贡区江尾4区61号楼西北100米(沿河西路北),1,1,17
云南,秋季,呈贡区江尾天天钓场,1,1,18
云南,秋季,呈贡区江尾村天天钓场东100米,1,1,31
云南,秋季,呼马山(昆明市盘龙区),1,1,17
云南,秋季,呼马山森林公园,1,1,13
云南,秋季,和顺古镇景区野鸭湖,1,1,9
云南,秋季,哀牢山生态站,1,1,1
云南,秋季,哎冷山,1,1,5
云南,秋季,哨冲,1,1,9
云南,秋季,啾山前的菜地,1,1,3
云南,秋季,圆通山 昆明动物园,1,1,12
云南,秋季,土瓜地,1,1,8
云南,秋季,在地·念湖自然中心(保护区宣教中心),1,1,1
云南,秋季,坝子,1,1,2
云南,秋季,坝子地(临沧市凤庆县),1,1,14
云南,秋季,坝心彝族乡陈家寨,1,1,38
云南,秋季,坝美,1,1,2
云南,秋季,坝美世外桃源景区(广南县),1,1,1
云南,秋季,墨江哈尼族自治县泗南江镇刺竹林梁子,1,1,17
云南,秋季,大勐龙镇勐宋村,1,1,4
云南,秋季,大卡村(西双版纳傣族自治州勐腊县),1,1,15
云南,秋季,大围山自然保护区水围城景区,1,1,12
云南,秋季,大寨,1,1,6
云南,秋季,大寺村,1,1,20
云南,秋季,大尖山,1,1,22
云南,秋季,大屯村,1,1,1
云南,秋季,大山包黑颈鹤国家级自然保护区(石大段),1,1,7
云南,秋季,大板根,1,1,1
云南,秋季,大理古城,1,1,1
云南,秋季,大理古城才村码头,1,1,6
云南,秋季,大理国际奥林匹克体育中心,1,1,8
云南,秋季,大理国际奥林匹克体育中心东,1,1,11
云南,秋季,大理大学,1,1,2
云南,秋季,大理大学古城校区,1,1,3
云南,秋季,大理天成客栈(大理古城西南),1,1,6
云南,秋季,大理实力希尔顿酒店,1,1,13
云南,秋季,大理市两只猫海景客栈东50米,1,1,6
云南,秋季,大理市太和街道宝林村,1,1,8
云南,秋季,大理市洱海景区,1,1,1
云南,秋季,大理市洱海景区(洱海生态廊道东),1,1,7
云南,秋季,大理市洱海景区清碧溪湿地(西环海线北),1,1,4
云南,秋季,大理市苍山洗马潭景区东北150米,1,1,5
云南,秋季,大理才村湿地公园,1,1,8
云南,秋季,大理永平服务区,1,1,7
云南,秋季,大理洱海生态走廊磻溪村至古生村,1,1,13
云南,秋季,大理港东北50米(滨海大道北),1,1,9
云南,秋季,大理苍山世界地质公园,1,1,1
云南,秋季,大盈江畔,1,1,5
云南,秋季,大观楼(昆明市西山区大观路284号),1,1,8
云南,秋季,大观河畔,1,1,6
云南,秋季,大觉寺,1,1,4
云南,秋季,大马厂(善洲路),1,1,34
云南,秋季,天水嘉园,1,1,7
云南,秋季,太华晚照廊,1,1,9
云南,秋季,太平镇X036东,1,1,5
云南,秋季,太平镇雪梨村爱心超市,1,1,1
云南,秋季,女子监狱附近湿地,1,1,13
云南,秋季,姜家寨(保山市腾冲市),1,1,9
云南,秋季,威信县扎西镇狮子沟,1,1,5
云南,秋季,威信县高田乡老林坝,1,1,2
云南,秋季,孟定镇,1,1,1
云南,秋季,宁洱哈尼族彝族自治县勐先镇菜子地丫口,1,1,15
云南,秋季,安宁市太平新城街道龙马山,1,1,6
云南,秋季,安宁市青龙峡风景区(筝箐村公路南),1,1,16
云南,秋季,官渡区5D仿石漆,1,1,4
云南,秋季,官渡区六甲街道福保居民委员会,1,1,37
云南,秋季,官渡区宝丰湿地公园一期(环湖东路南150米),1,1,13
云南,秋季,官渡区宝象河（广昆高速南),1,1,7
云南,秋季,官渡区山海生态运动休闲公园(海田路西100米),1,1,2
云南,秋季,官渡区西亮塘湿地公园(宝象河东路南200米),1,1,4
云南,秋季,宜耐待客处,1,1,2
云南,秋季,宝丰湿地公园-宝象河入湖口湿地,1,1,7
云南,秋季,宝丰湿地公园一期,1,1,13
云南,秋季,寻甸回族彝族自治县功山镇凤龙山,1,1,20
云南,秋季,寻甸回族彝族自治县功山镇种羊场一队双坟,1,1,12
云南,秋季,小松鼠的秘境,1,1,9
云南,秋季,小江河,1,1,2
云南,秋季,小田,1,1,18
云南,秋季,尼农,1,1,1
云南,秋季,屏边大围山原始森林公园,1,1,21
云南,秋季,屏边苗族自治县玉屏镇团山,1,1,10
云南,秋季,属都湖,1,1,6
云南,秋季,岩子脚,1,1,30
云南,秋季,岩羊山,1,1,24
云南,秋季,峨山彝族自治县临江公园,1,1,20
云南,秋季,峨山彝族自治县双江街道银河村,1,1,30
云南,秋季,嵩明县牛栏江镇大尖山,1,1,6
云南,秋季,巍宝山风景名胜区,1,1,21
云南,秋季,帽天山风景区,1,1,7
云南,秋季,平原镇盈江县,1,1,1
云南,秋季,开远三角海西岸,1,1,23
云南,秋季,开远市三角海水库西北100米,1,1,15
云南,秋季,开远市中铁三局钢构建加工厂南500米,1,1,10
云南,秋季,开远市凤凰湖公园(环湖路北),1,1,13
云南,秋季,开远市永华种鸡东500米,1,1,25
云南,秋季,开远热带植物园,1,1,8
云南,秋季,弄莫湖,1,1,4
云南,秋季,弘运小院,1,1,24
云南,秋季,弯担坡,1,1,7
云南,秋季,德宏芒市国际机场,1,1,2
云南,秋季,念湖,1,1,1
云南,秋季,怒江傈僳族自治州泸水市青山公园,1,1,9
云南,秋季,怒江百鸟谷,1,1,4
云南,秋季,思茅区龙潭服务区小客车停车场(江勐高速西),1,1,4
云南,秋季,思茅港镇,1,1,9
云南,秋季,思茅港镇芒蚌,1,1,13
云南,秋季,恒邦购物广场,1,1,1
云南,秋季,情人湖,1,1,13
云南,秋季,情侣峰西南,1,1,13
云南,秋季,惠民购物广场,1,1,1
云南,秋季,打马河梁子,1,1,83
云南,秋季,抚仙湖大河口生态湿地公园,1,1,15
云南,秋季,抚仙湖希尔顿酒店,1,1,10
云南,秋季,抚仙湖明星鱼洞风景区,1,1,6
云南,秋季,抚仙湖马房村生态湿地公园,1,1,10
云南,秋季,拉姆央措湖观鸟,1,1,1
云南,秋季,拉市海,1,1,20
云南,秋季,拉祜风情园,1,1,7
云南,秋季,捞渔河湿地公园,1,1,31
云南,秋季,文山市坝心彝族乡大山脚小铺子,1,1,33
云南,秋季,文山市小街镇菖蒲塘大水冲,1,1,38
云南,秋季,文山市底泥,1,1,43
云南,秋季,文山市柳井,1,1,44
云南,秋季,文山市盘龙森林公园(开化南路南),1,1,12
云南,秋季,文山市薄竹镇岩羊坡,1,1,14
云南,秋季,文笔山景区,1,1,10
云南,秋季,斗南街道办江尾社区居委会,1,1,22
云南,秋季,新寨,1,1,17
云南,秋季,新洱海月,1,1,1
云南,秋季,无底湖,1,1,2
云南,秋季,无量湿地公园,1,1,31
云南,秋季,昆明动物园-鸟园,1,1,20
云南,秋季,昆明动物研究所_茨坝花渔沟,1,1,2
云南,秋季,昆明呈贡区捞鱼河沿岸,1,1,13
云南,秋季,昆明大观公园南园庾园,1,1,7
云南,秋季,昆明学院博文楼旁小湖,1,1,15
云南,秋季,昆明官渡王官湿地公园,1,1,6
云南,秋季,昆明市区,1,1,11
云南,秋季,昆明市呈贡区乌龙垂恩寺西50米,1,1,6
云南,秋季,昆明市滇池宝丰湿地公园,1,1,28
云南,秋季,昆明市西山公园,1,1,3
云南,秋季,昆明市西山区气象局,1,1,16
云南,秋季,昆明市西山区西山风景区,1,1,13
云南,秋季,昆明彰美村码头,1,1,1
云南,秋季,昆明梁王山山脊线,1,1,2
云南,秋季,昆明植物园(昆明市盘龙区蓝黑路132号),1,1,1
云南,秋季,昆明滇池融创施柏阁酒店(融创滇池后海店),1,1,7
云南,秋季,昆明站,1,1,1
云南,秋季,昆明西山公园,1,1,17
云南,秋季,昆明西山区团结乡梦里水乡原始森林公园,1,1,5
云南,秋季,昆明金殿周边,1,1,8
云南,秋季,昌宁县天堂国有林场,1,1,20
云南,秋季,星云湖湿地,1,1,36
云南,秋季,春城公园,1,1,5
云南,秋季,昭阳区昭通中心城市客运枢纽站(昭鲁大道东100米),1,1,1
云南,秋季,昭阳区昭通大龙洞(大头段),1,1,3
云南,秋季,昭阳区环城东路(昭阳二中),1,1,2
云南,秋季,晋宁区昆阳街道河嘴,1,1,18
云南,秋季,晋宁区晋城镇兴隆,1,1,22
云南,秋季,普洱亚太森林组织基地酒店,1,1,3
云南,秋季,普洱糯扎渡自然保护区,1,1,51
云南,秋季,普者黑十里桃花花果山,1,1,3
云南,秋季,普者黑风景区,1,1,1
云南,秋季,普达措公园,1,1,6
云南,秋季,景东彝族自治县徐家坝生态旅游区北600米,1,1,6
云南,秋季,景洪勐龙二地茶坊,1,1,2
云南,秋季,景洪市G219(曼么新寨),1,1,1
云南,秋季,景洪市G219(西双版纳五云丰胜度假酒店),1,1,3
云南,秋季,景洪市勐龙镇妙丘卜鲁,1,1,16
云南,秋季,景洪市龙得湖西100米,1,1,5
云南,秋季,景迈山大平掌茶王,1,1,5
云南,秋季,景迈山茶林文化景区,1,1,9
云南,秋季,曲宗贡大本营],1,1,3
云南,秋季,曲石公墓,1,1,28
云南,秋季,曲石镇柱状节理大石滩,1,1,22
云南,秋季,曲靖师范学院(麒麟区三江大道222号),1,1,1
云南,秋季,曼哈,1,1,1
云南,秋季,曼旦村,1,1,2
云南,秋季,曼炸综合集贸市场,1,1,1
云南,秋季,曼纳堵村（曼纳榄公路),1,1,3
云南,秋季,木笼河上寨,1,1,1
云南,秋季,杞麓湖,1,1,26
云南,秋季,松林寨,1,1,5
云南,秋季,林塘村,1,1,11
云南,秋季,柚木寨(德宏盈江县),1,1,1
云南,秋季,梦幻雨林,1,1,3
云南,秋季,棉花林(临沧市凤庆县),1,1,15
云南,秋季,棋盘山国家森林公园,1,1,7
云南,秋季,楚雄市彝人古镇,1,1,4
云南,秋季,樟木箐,1,1,31
云南,秋季,正觉庵水库,1,1,12
云南,秋季,水城羊肉米线馆,1,1,2
云南,秋季,永善县溪落渡镇二坪子,1,1,6
云南,秋季,永昌街道,1,1,1
云南,秋季,江东银杏村景区-白羊寺,1,1,9
云南,秋季,江坡村,1,1,2
云南,秋季,江尾4区17号楼(沿河西路),1,1,32
云南,秋季,江尾居民委员会,1,1,24
云南,秋季,江尾社区,1,1,18
云南,秋季,江川区前卫镇新河咀,1,1,20
云南,秋季,江川区前卫镇新河咀小龙门,1,1,37
云南,秋季,江川区星云服务区西400米(环湖线西),1,1,29
云南,秋季,江川区江城镇环湖西线,1,1,7
云南,秋季,江川区路居镇石岩哨村,1,1,43
云南,秋季,沧海桑田的见证,1,1,32
云南,秋季,沧源佤族自治县勐角傣族彝族拉祜族乡翁丁村,1,1,11
云南,秋季,沧源佤族自治县千米国画长廊,1,1,19
云南,秋季,沧源佤族自治县滨河商贸城西北(司岗里大道南),1,1,8
云南,秋季,沧源佤族自治县焦山村委会(G219东),1,1,6
云南,秋季,沧源佤族自治县班洪乡南板村民委员会,1,1,7
云南,秋季,沧源佤族自治县班洪乡芒冷,1,1,35
云南,秋季,沧源佤族自治县班洪乡芒库村,1,1,41
云南,秋季,沧源佤族自治县班老乡怕囊下寨,1,1,2
云南,秋季,沧源佤族自治县班老乡新寨山,1,1,32
云南,秋季,沧源佤族自治县班老乡新寨村,1,1,50
云南,秋季,沧源佤族自治县班老乡永桑,1,1,16
云南,秋季,沧源佤族自治县班老乡泼水节广场(甘班线东),1,1,24
云南,秋季,沧源佤族自治县甘班线,1,1,88
云南,秋季,沧源南滚河自然保护区,1,1,11
云南,秋季,沧源县上班老村委会周围,1,1,8
云南,秋季,河口瑶族自治县大围山休闲度假酒店,1,1,10
云南,秋季,沿江街道中河河口附近鱼塘,1,1,3
云南,秋季,泸水市怒江驼峰航线纪念馆,1,1,2
云南,秋季,泼水广场附近,1,1,9
云南,秋季,泽湖,1,1,10
云南,秋季,洛龙公园,1,1,5
云南,秋季,洛龙河入滇口和谐公园停车点,1,1,27
云南,秋季,洪漰河调压井,1,1,17
云南,秋季,洱海公园,1,1,12
云南,秋季,洱海公园-团山,1,1,19
云南,秋季,洱海公园-团山公园,1,1,1
云南,秋季,洱海生态廊道(才村码头服务站),1,1,6
云南,秋季,洱源县茈碧湖草海湿地公园,1,1,5
云南,秋季,洱源县西湖中心完小,1,1,15
云南,秋季,海埂东码头,1,1,14
云南,秋季,清华海东湖,1,1,14
云南,秋季,清明垭口,1,1,17
云南,秋季,湖泉生态园,1,1,19
云南,秋季,湖滨生态湿地公园(四季段),1,1,25
云南,秋季,湖滨生态湿地公园(滇池九玺段),1,1,25
云南,秋季,湖滨生态湿地公园（南绕城高速南侧）,1,1,25
云南,秋季,湖滨西路,1,1,2
云南,秋季,滇池湖滨路,1,1,15
云南,秋季,滇池草海湖滨湿地(草海环湖路),1,1,10
云南,秋季,潘所海湿地,1,1,2
云南,秋季,澄江化石地博物馆,1,1,1
云南,秋季,澄江市寒武纪小镇·海豚湾酒店东北100米,1,1,4
云南,秋季,澄江市阳宗镇梁王山,1,1,7
云南,秋季,澄江市阳宗镇烟包山,1,1,3
云南,秋季,澄江市饮马池村民委员会(Y004西),1,1,14
云南,秋季,澜沧拉祜族自治县勐朗镇佛房,1,1,19
云南,秋季,澜沧拉祜族自治县勐朗镇磨哈山,1,1,2
云南,秋季,澜沧拉祜族自治县南碰河东北300米,1,1,33
云南,秋季,澜沧拉祜族自治县拉祜风情园(水库西路东50米),1,1,1
云南,秋季,澜沧拉祜族自治县景迈山景香润民宿西南(Y068东),1,1,7
云南,秋季,澜沧拉祜族自治县糯扎渡镇大芒界,1,1,29
云南,秋季,澜沧拉祜族自治县翁基布朗族古寨,1,1,5
云南,秋季,澜沧拉祜族自治县酒井哈尼族乡河边寨,1,1,11
云南,秋季,爱宝森林度假民宿,1,1,11
云南,秋季,片马丫口,1,1,34
云南,秋季,片马镇,1,1,41
云南,秋季,片马风雪丫口,1,1,26
云南,秋季,犀鸟谷,1,1,1
云南,秋季,玉溪市新平县戛洒镇石门峡,1,1,10
云南,秋季,玉溪绿道环线,1,1,8
云南,秋季,玉龙湾高尔夫球会会所,1,1,7
云南,秋季,玉龙纳西族自治县石头白族乡利苴村三岔河,1,1,1
云南,秋季,玉龙纳西族自治县观鹤山庄东南400米,1,1,6
云南,秋季,王官湿地公园,1,1,10
云南,秋季,玛御谷,1,1,9
云南,秋季,班幸村大湾塘独树成林景区,1,1,21
云南,秋季,瑞丽周边,1,1,14
云南,秋季,瑞丽服务区(G56北),1,1,1
云南,秋季,瑞丽江,1,1,51
云南,秋季,瑞丽畹町生态园,1,1,10
云南,秋季,瑞丽马尔代夫南1000米,1,1,30
云南,秋季,甸尾村(昆明市盘龙区),1,1,13
云南,秋季,畹町镇,1,1,44
云南,秋季,白沙地,1,1,20
云南,秋季,白马雪山观景台,1,1,2
云南,秋季,白龙潭公园,1,1,14
云南,秋季,百花岭11号塘,1,1,30
云南,秋季,百花岭村,1,1,7
云南,秋季,百花岭村景区,1,1,4
云南,秋季,皮坡,1,1,12
云南,秋季,盈江县17号鸟类观测点西北50米(X036西),1,1,5
云南,秋季,盈江县21号鸟类观测点东北200米,1,1,22
云南,秋季,盈江县8号鸟类观测点南200米(X036北),1,1,10
云南,秋季,盈江县南方丝绸之路国际起点,1,1,9
云南,秋季,盈江县大盈江河段,1,1,7
云南,秋季,盈江县太平镇X036(13号拍摄位),1,1,3
云南,秋季,盈江县太平镇银洞,1,1,1
云南,秋季,盈江县平原镇姐满大盈江,1,1,9
云南,秋季,盈江县旧城村,1,1,8
云南,秋季,盈江县石梯卡河北500米,1,1,18
云南,秋季,盈江县苏典傈僳族乡腊马河,1,1,31
云南,秋季,盈江县那邦镇柚木寨,1,1,15
云南,秋季,盈江县铜壁关乡省道319,1,1,28
云南,秋季,盈江县香额湖东南50米,1,1,25
云南,秋季,盈江国家湿地公园@鸟记,1,1,6
云南,秋季,盈江那邦,1,1,7
云南,秋季,盘龙区世博半山邻里(半山路西),1,1,6
云南,秋季,盘龙区双龙街道叫天山,1,1,1
云南,秋季,盘龙区弘运小院西南400米,1,1,9
云南,秋季,盘龙区昆明植物园(枫香大道西),1,1,1
云南,秋季,盘龙区昆明植物园西园(枫香大道北100米),1,1,6
云南,秋季,盘龙区昆明金殿国家森林公园(松园路东),1,1,9
云南,秋季,盘龙区蒋家坟南600米,1,1,8
云南,秋季,盘龙区黑龙潭公园(春华路西),1,1,6
云南,秋季,省耕文化公园,1,1,16
云南,秋季,石卡雪山,1,1,2
云南,秋季,石头寨河桥,1,1,12
云南,秋季,石宝山,1,1,2
云南,秋季,石林-干山冲,1,1,5
云南,秋季,石梯11号塘,1,1,3
云南,秋季,石门坎野钓乐园,1,1,19
云南,秋季,磨山,1,1,5
云南,秋季,祝圣禅寺,1,1,4
云南,秋季,祥云县禾甸镇城北,1,1,15
云南,秋季,禄丰市云南省滇中引水工程广通现场管理部南50米,1,1,3
云南,秋季,禄丰市广通北站,1,1,4
云南,秋季,福保小三亚,1,1,1
云南,秋季,福保居民委员会,1,1,21
云南,秋季,福保村观景台,1,1,17
云南,秋季,福贡县马吉乡古当村,1,1,1
云南,秋季,秀山公园,1,1,8
云南,秋季,秀山历史文化公园(通海县博物馆南侧),1,1,9
云南,秋季,稻田文化广场,1,1,20
云南,秋季,筇竹寺,1,1,3
云南,秋季,紫溪山瑞瑜民宿,1,1,20
云南,秋季,红塔区三家人,1,1,8
云南,秋季,红塔区大营街街道大密罗村,1,1,6
云南,秋季,红塔区映月潭修闲文化中心(三家路北200米),1,1,15
云南,秋季,红塔区春和街道老光箐,1,1,9
云南,秋季,红木村,1,1,20
云南,秋季,红木村(保山市腾冲市),1,1,2
云南,秋季,红河哈尼族彝族自治州人民政府,1,1,13
云南,秋季,红箐村,1,1,1
云南,秋季,纳帕海景区,1,1,2
云南,秋季,结义村,1,1,3
云南,秋季,绮罗文昌宫,1,1,5
云南,秋季,维西县滇金丝猴专家别苑客房西北400米,1,1,21
云南,秋季,绿春县半坡乡坝溜胶场八队,1,1,13
云南,秋季,罗家窝,1,1,31
云南,秋季,罗平油菜花海,1,1,4
云南,秋季,美猴岩,1,1,14
云南,秋季,翁基布朗族古寨,1,1,8
云南,秋季,老傅梁子,1,1,17
云南,秋季,老君山,1,1,32
云南,秋季,老圭山,1,1,26
云南,秋季,老坝口,1,1,24
云南,秋季,老曼峨(西双版纳傣族自治州勐海县),1,1,1
云南,秋季,考拉贝酒店(解放军昆明总医院大观路店),1,1,2
云南,秋季,者磨山水电二处农场南(X084),1,1,10
云南,秋季,耿马219附近,1,1,7
云南,秋季,耿马傣族佤族自治县南木算大桥东北,1,1,3
云南,秋季,耿马傣族佤族自治县孟定镇那永,1,1,15
云南,秋季,胜亲农庄,1,1,6
云南,秋季,腾冲主城区文星楼亚朵酒店,1,1,1
云南,秋季,腾冲休养中心(绮罗酒店),1,1,4
云南,秋季,腾冲原乡栖花岭景区,1,1,26
云南,秋季,腾冲和顺景区,1,1,14
云南,秋季,腾冲市北海湿地海景民宿东100米(Y109北),1,1,19
云南,秋季,腾冲市双海社区村民委员会东南100米(Y109北),1,1,27
云南,秋季,腾冲市姜家寨,1,1,11
云南,秋季,腾冲市曲石镇姜家寨,1,1,21
云南,秋季,腾冲市曲石镇彭家山,1,1,28
云南,秋季,腾冲市曲石镇打靛房,1,1,19
云南,秋季,腾冲市曲石镇河头寨,1,1,39
云南,秋季,腾冲市曲石镇黑鱼洞,1,1,18
云南,秋季,腾冲市来凤寺南50米,1,1,6
云南,秋季,腾冲市来凤山国家森林公园凤岭坊东南100米,1,1,1
云南,秋季,腾冲市来凤山国家森林公园文笔塔,1,1,17
云南,秋季,腾冲市猛禽监测点,1,1,18
云南,秋季,腾冲市药用植物区南100米(新生邑巷西),1,1,8
云南,秋季,腾冲市高黎贡山自然保护区(隆阳区)西400米,1,1,50
云南,秋季,节基坪-马鬃岭梁子徒步路线,1,1,6
云南,秋季,芒市大银塔东南400米(环湖路东),1,1,5
云南,秋季,芒市机场附近,1,1,9
云南,秋季,芒市轩岗乡贺弄,1,1,7
云南,秋季,芒景村景区,1,1,6
云南,秋季,芒杏河,1,1,14
云南,秋季,芒洪,1,1,2
云南,秋季,芒蚌桥,1,1,5
云南,秋季,花鸟市场后,1,1,7
云南,秋季,苍山感通索道,1,1,18
云南,秋季,苍山玉带路徒步路线,1,1,5
云南,秋季,苍岭镇,1,1,1
云南,秋季,苍洱大道,1,1,6
云南,秋季,苏典乡,1,1,13
云南,秋季,苏典傈僳族乡,1,1,14
云南,秋季,茅草地,1,1,16
云南,秋季,草海听风营地东岸,1,1,11
云南,秋季,草海湿地,1,1,8
云南,秋季,荒坝河,1,1,11
云南,秋季,荒坝河村,1,1,33
云南,秋季,莫里热带雨林风景区,1,1,15
云南,秋季,莲花池公园,1,1,4
云南,秋季,营盘小寨,1,1,26
云南,秋季,营盘山,1,1,6
云南,秋季,营盘村,1,1,36
云南,秋季,董干镇,1,1,7
云南,秋季,蒙自市雨过铺街道永宁村,1,1,15
云南,秋季,虎跳峡徒步路线,1,1,3
云南,秋季,蜂王树,1,1,8
云南,秋季,蜜蜂崖石刻,1,1,5
云南,秋季,西南林业大学,1,1,2
云南,秋季,西南林业大学(白龙校区),1,1,15
云南,秋季,西南林业大学树木园,1,1,1
云南,秋季,西双版纳云投喜来登大酒店,1,1,11
云南,秋季,西双版纳傣族自治州勐腊县南贡山,1,1,11
云南,秋季,西双版纳原始森林公园,1,1,2
云南,秋季,西双版纳大桥,1,1,9
云南,秋季,西双版纳小岩鸟塘,1,1,1
云南,秋季,西双版纳州民族风情园,1,1,3
云南,秋季,西双版纳总佛寺,1,1,5
云南,秋季,西双版纳滨江公园,1,1,7
云南,秋季,西双版纳火车站,1,1,1
云南,秋季,西双版纳热带雨林国家公园南沙河鸟塘,1,1,1
云南,秋季,西双版纳热带雨林谷克木原始部落,1,1,29
云南,秋季,西双版纳野象谷景区-观景台,1,1,9
云南,秋季,西双版纳野象谷景区北门-售票处,1,1,9
云南,秋季,西山区云南省昆明地方海事局南100米(草海隧道北),1,1,15
云南,秋季,西山区五家堆湿地公园(庾园路西),1,1,12
云南,秋季,西山区前卫金地中心(坤盛路西),1,1,1
云南,秋季,西山区团结街道石头山,1,1,1
云南,秋季,西山区大观五家堆湿地公园(庾园路西100米),1,1,8
云南,秋季,西山区彰美村码头东北300米(滇新路北),1,1,15
云南,秋季,西山区昆明融创滇池后海商管办公室南50米,1,1,1
云南,秋季,西山区星海公园(湖滨东路南),1,1,13
云南,秋季,西山区海滨花园东150米(昆明绕城高速内环中线南),1,1,27
云南,秋季,西山区滇池(明河路东),1,1,13
云南,秋季,西山区滇池(观景路西100米),1,1,2
云南,秋季,西山区碧鸡街道黑荞母村,1,1,13
云南,秋季,西山区秋苑小区(丽苑路北),1,1,3
云南,秋季,西山景区-太华寺,1,1,7
云南,秋季,西山景区-玉兰园,1,1,16
云南,秋季,西畴县法斗乡社会保障服务中心北50米,1,1,1
云南,秋季,西畴县石锅段(坝尾),1,1,58
云南,秋季,西畴县董马乡茅坡,1,1,33
云南,秋季,西畴县蚌谷乡上老文寨小桥沟林场,1,1,67
云南,秋季,西畴县龙石线(菜地梁子),1,1,38
云南,秋季,象庄(临沧市凤庆县),1,1,5
云南,秋季,贡山独龙族怒族自治县丹当公园(青山路南),1,1,3
云南,秋季,贡山独龙族怒族自治县独龙江乡龙洞特那,1,1,22
云南,秋季,赵家山,1,1,40
云南,秋季,路南山国际度假区,1,1,8
云南,秋季,边寨喊沙风景区,1,1,2
云南,秋季,运粮河,1,1,1
云南,秋季,连三塘,1,1,25
云南,秋季,迪庆藏族自治州香格里拉市普达措国家公园-香格里拉风景区,1,1,4
云南,秋季,迪庆香格里拉机场,1,1,1
云南,秋季,迷点拍摄位,1,1,9
云南,秋季,通海南山寺,1,1,14
云南,秋季,通海县杞麓湖国家湿地公园(沙沟线北),1,1,27
云南,秋季,通海县绿缘网套厂南100米(江通公路东),1,1,27
云南,秋季,那邦昔马古道,1,1,9
云南,秋季,那邦村,1,1,22
云南,秋季,那邦村(德宏傣族景颇族自治州盈江县),1,1,25
云南,秋季,那邦镇昔马古道,1,1,47
云南,秋季,野象园林山庄,1,1,3
云南,秋季,野象谷景區,1,1,31
云南,秋季,野象谷热带雨林景区(一期高架观象栈道),1,1,21
云南,秋季,野象谷热带雨林景区东北,1,1,9
云南,秋季,野象谷热带雨林景区观象台休息亭,1,1,17
云南,秋季,金山原始森林,1,1,10
云南,秋季,金殿水库,1,1,12
云南,秋季,金殿风景名胜区-鹦鹉园,1,1,11
云南,秋季,铜壁关中山,1,1,5
云南,秋季,铜壁关凯邦亚湖,1,1,14
云南,秋季,锅盖山,1,1,12
云南,秋季,锦辉茶源广场,1,1,3
云南,秋季,长桥海,1,1,11
云南,秋季,长水商业街,1,1,16
云南,秋季,长水机场,1,1,1
云南,秋季,长虫山,1,1,5
云南,秋季,阿布吉措,1,1,1
云南,秋季,隆阳区河图街道东海子,1,1,8
云南,秋季,隆阳区潞江镇新寨村,1,1,2
云南,秋季,隆阳区澡塘河东南300米,1,1,39
云南,秋季,隆阳区百花岭,1,1,11
云南,秋季,隆阳区芒宽彝族傣族乡芒岗,1,1,39
云南,秋季,隆阳区茶韵台北50米,1,1,3
云南,秋季,隆阳区青华海国家湿地公园,1,1,43
云南,秋季,隆阳区高黎贡山自然保护区,1,1,10
云南,秋季,雨崩村,1,1,5
云南,秋季,雾浓顶,1,1,15
云南,秋季,青华海西湖景区,1,1,15
云南,秋季,青山公园-和谐塔,1,1,9
云南,秋季,青碧溪(大理市环海西路大理洱海生态廊道),1,1,6
云南,秋季,香格里拉全县,1,1,51
云南,秋季,香格里拉市哈姆谷青青生态农场东南(纳帕海景区),1,1,16
云南,秋季,香格里拉市独克宗古城,1,1,1
云南,秋季,香格里拉虎跳峡景区,1,1,3
云南,秋季,香格里拉高山植物园(环湖路东),1,1,8
云南,秋季,马久邑村(大理白族自治州大理市),1,1,6
云南,秋季,马金铺街道梁王山,1,1,8
云南,秋季,"高黎贡山百花岭0号,1号,4号,35号",1,1,33
云南,秋季,高黎贡山百花岭鸟塘,1,1,19
云南,秋季,高黎贡山自然保护区王家岩防火检查站,1,1,23
云南,秋季,高黎贡山自然公园,1,1,4
云南,秋季,鸟道雄关,1,1,24
云南,秋季,麒麟区三宝街道董家台子,1,1,24
云南,秋季,麒麟水乡,1,1,26
云南,秋季,麻栗坡县杨万乡小梅丹,1,1,4
云南,秋季,黄腰响蜜䴕监测点,1,1,38
云南,秋季,黑龙潭,1,1,3
云南,秋季,黑龙潭公园(昆明市盘龙区蓝桉路1号),1,1,17
云南,秋季,黑龙潭公园-南门,1,1,4
云南,秋季,龙窝温泉,1,1,3
云南,秋季,龙血树园,1,1,1
云南,冬季,中国科学院西双版纳热带植物园,58,115,63
云南,冬季,野象谷热带雨林景区,38,41,57
云南,冬季,黑龙潭公园,34,36,29
云南,冬季,中科院版纳植物园,23,44,62
云南,冬季,昆明植物园,21,24,27
云南,冬季,金殿公园,15,19,19
云南,冬季,云南腾冲来凤山,14,18,42
云南,冬季,绿石林景区,14,15,36
云南,冬季,盈江犀鸟谷,13,23,84
云南,冬季,云南省版纳中科院热带植物园,13,21,49
云南,冬季,西双版纳热带植物园,13,15,26
云南,冬季,高黎贡山百花岭,12,27,82
云南,冬季,香额湖,12,15,37
云南,冬季,云南西双版纳国家级自然保护区亚洲象野外研究基地,12,12,37
云南,冬季,勐腊县G213(小磨高速公路南贡山隧道管理站),12,12,43
云南,冬季,龙门村,12,12,17
云南,冬季,石梯村,11,17,77
云南,冬季,西双版纳野象谷景区-高架栈道,11,13,46
云南,冬季,勐腊县梦幻雨林东南300米(G219西),11,11,18
云南,冬季,兰磨线,10,10,20
云南,冬季,小磨高速公路南贡山隧道管理站,10,10,14
云南,冬季,望天树空中走廊(勐腊县望天树风景区内),10,10,22
云南,冬季,福保湿地,10,10,40
云南,冬季,西双版纳热带植物园吊桥,9,11,5
云南,冬季,龙得湖,9,11,35
云南,冬季,福保村,9,10,35
云南,冬季,勐腊县中国科学院西双版纳热带植物园(罗梭江大桥),9,9,39
云南,冬季,滇池东大河湿地,9,9,41
云南,冬季,盈江国家湿地公园,8,11,42
云南,冬季,东风坝七孔浮桥,8,9,26
云南,冬季,中科院植物园,8,9,44
云南,冬季,那邦田,8,8,46
云南,冬季,剑湖,7,10,50
云南,冬季,勐腊县中国科学院西双版纳热带植物园(蒲葵大道西),7,9,31
云南,冬季,云南省昆明市海埂大坝,7,7,31
云南,冬季,洱海月湿地公园,7,7,41
云南,冬季,海洪湿地公园,7,7,17
云南,冬季,滇池,7,7,25
云南,冬季,铁莫崩山,7,7,31
云南,冬季,曼安(西双版纳傣族自治州勐腊县),6,8,12
云南,冬季,野象谷热带雨林景区(二期高架观象栈道),6,8,37
云南,冬季,勐仑镇么等村,6,7,24
云南,冬季,来凤山国家森林公园,6,7,48
云南,冬季,么等新寨,6,6,24
云南,冬季,大盈江国家级风景名胜区花海,6,6,50
云南,冬季,昆明黑龙潭公园,6,6,33
云南,冬季,瑞丽南京里,6,6,38
云南,冬季,盈江广场,6,6,6
云南,冬季,高黎贡山姜家寨鸟类监测点,6,6,67
云南,冬季,纳帕海,5,7,15
云南,冬季,东风坝海心沙,5,6,34
云南,冬季,春林宾馆,5,6,8
云南,冬季,普洱景迈山古茶林景区,5,6,34
云南,冬季,普洱茶马古道旅游景区,5,6,89
云南,冬季,拉市海湿地公园,5,5,25
云南,冬季,斗南湿地,5,5,31
云南,冬季,昆明瀑布公园(昆明市盘龙区),5,5,18
云南,冬季,昆明翠湖公园,5,5,11
云南,冬季,楚雄紫溪山风景区,5,5,40
云南,冬季,盘龙区黑龙潭公园(7204公路北),5,5,19
云南,冬季,翠湖公园,5,5,10
云南,冬季,西双版纳热带花卉园,5,5,15
云南,冬季,金殿风景名胜区,5,5,23
云南,冬季,铜壁关,5,5,24
云南,冬季,龙龛码头,5,5,36
云南,冬季,中国科学院西双版纳热带植物园(勐仑镇),4,13,35
云南,冬季,沙溪古镇旅游景区,4,7,30
云南,冬季,南贡山,4,6,24
云南,冬季,云南盈江国家湿地公园与纳邦,4,5,16
云南,冬季,关山水库,4,5,38
云南,冬季,太保山森林公园,4,5,28
云南,冬季,星云湖,4,5,50
云南,冬季,来凤寺,4,5,21
云南,冬季,下石梯7号塘,4,4,45
云南,冬季,云南盈江国家湿地公园栈道,4,4,28
云南,冬季,云南陇川户撒东山,4,4,9
云南,冬季,勐宋村,4,4,13
云南,冬季,勐腊县西双版纳热带雨林国家公园望天树景区,4,4,10
云南,冬季,南京里村,4,4,37
云南,冬季,南涧彝族自治县公郎镇阿嘎,4,4,29
云南,冬季,和顺古镇景区,4,4,39
云南,冬季,大盈江湿地公园,4,4,40
云南,冬季,宝丰湿地公园,4,4,30
云南,冬季,无量山樱花谷,4,4,12
云南,冬季,昆明西山森林公园,4,4,9
云南,冬季,杨家坡(保山市腾冲市),4,4,24
云南,冬季,沙坡,4,4,22
云南,冬季,瑞丽莫里热带雨林景区,4,4,26
云南,冬季,邵营新村,4,4,38
云南,冬季,野象谷热带雨林景区游客中心(G213),4,4,41
云南,冬季,野象谷热带雨林景区观象台休息亭,4,4,26
云南,冬季,高黎贡山自然保护区(保山市隆阳区),4,4,80
云南,冬季,昆明学院(洋浦校区),3,17,24
云南,冬季,新河社区,3,6,29
云南,冬季,海埂公园,3,4,3
云南,冬季,老君山利苴村,3,4,23
云南,冬季,青华海国家湿地公园,3,4,28
云南,冬季,香格里拉高山植物园,3,4,16
云南,冬季,中国科学院西双版纳热带植物园热带雨林4-4,3,3,38
云南,冬季,丽江束河古镇,3,3,12
云南,冬季,云南盈江榕树王景区,3,3,3
云南,冬季,云南省保山市隆阳区蒲赛公路隧道,3,3,8
云南,冬季,云南省博物馆,3,3,10
云南,冬季,云南省西双版纳勐腊县勐仑镇么等新寨,3,3,17
云南,冬季,勐仑镇,3,3,9
云南,冬季,勐腊县绿石林景区东北100米(G219东),3,3,18
云南,冬季,包其崩山(德宏傣族景颇族自治州盈江县),3,3,55
云南,冬季,喊沙奘寺,3,3,2
云南,冬季,大理西湖,3,3,39
云南,冬季,孔雀湖生态旅游区,3,3,41
云南,冬季,官渡区蓝色庄园东150米,3,3,24
云南,冬季,定边风雨桥,3,3,24
云南,冬季,打靛房5号拍摄位,3,3,35
云南,冬季,无为寺,3,3,23
云南,冬季,普洱太阳河森林公园,3,3,15
云南,冬季,普达措国家公园,3,3,14
云南,冬季,曲石镇黑鱼河畔,3,3,10
云南,冬季,望天树,3,3,28
云南,冬季,来凤寺(保山市腾冲市上西街34号),3,3,20
云南,冬季,洱海,3,3,10
云南,冬季,湖滨生态湿地公园(四季段),3,3,3
云南,冬季,滇池福保湿地,3,3,15
云南,冬季,灵宝山,3,3,33
云南,冬季,玉龙雪山,3,3,7
云南,冬季,玉龙雪山国家级风景名胜区,3,3,8
云南,冬季,瑞丽市弄莫湖公园(团结路北),3,3,21
云南,冬季,百花岭旧街子沿线,3,3,24
云南,冬季,百花岭生态旅游区,3,3,24
云南,冬季,盈江县太平镇包其崩山洪崩7号观鸟点,3,3,91
云南,冬季,盈江县那邦镇那邦田,3,3,19
云南,冬季,盈江县铜壁关乡省道319,3,3,10
云南,冬季,盏达河,3,3,1
云南,冬季,腾冲北海湿地,3,3,23
云南,冬季,腾冲市曲石镇姜家寨,3,3,43
云南,冬季,腾冲市曲石镇河头寨,3,3,33
云南,冬季,腾冲湿地-北海湿地,3,3,18
云南,冬季,蓝月谷,3,3,5
云南,冬季,西南林业大学树木园,3,3,10
云南,冬季,西双版纳南药园,3,3,19
云南,冬季,西吊桥,3,3,5
云南,冬季,边寨喊沙风景区,3,3,5
云南,冬季,那柯里茶马驿站景区,3,3,29
云南,冬季,野象谷景区,3,3,35
云南,冬季,高黎贡山自然保护区(隆阳区),3,3,81
云南,冬季,高黎贡山自然保护区王家岩防火检查站,3,3,56
云南,冬季,滇池草海湖滨湿地,2,6,37
云南,冬季,盈之蓝民宿,2,6,39
云南,冬季,昆明滇池国家级风景名胜区西山景区,2,5,23
云南,冬季,江南春赛马场公园,2,4,24
云南,冬季,腾冲和顺景区,2,4,40
云南,冬季,世博园,2,3,20
云南,冬季,勐腊县中国科学院西双版纳热带植物园,2,3,50
云南,冬季,勐腊县荷风香远,2,3,30
云南,冬季,南涧彝族自治县无量山樱花谷蜂巢驿站(南涧樱花谷店),2,3,15
云南,冬季,呈贡区中央公园(驼峰街北),2,3,8
云南,冬季,思茅港镇芒坝,2,3,37
云南,冬季,百花岭生态旅游区(保山市隆阳区),2,3,49
云南,冬季,纳帕海环线,2,3,24
云南,冬季,绿石林景区-观景台,2,3,9
云南,冬季,野象谷热带雨林景区(景洪市勐养镇三岔河),2,3,44
云南,冬季,高黎贡山宣教中心,2,3,49
云南,冬季,世博生态城,2,2,13
云南,冬季,东大河湿地（南滇池湿地）,2,2,48
云南,冬季,中国科学院西双版纳热带植物园东区,2,2,24
云南,冬季,中国科学院西双版纳热带植物园人工雨林4-1,2,2,26
云南,冬季,中国科学院西双版纳热带植物园人工雨林4-3,2,2,24
云南,冬季,中国科学院西双版纳热带植物园人工雨林4-4,2,2,19
云南,冬季,中国科学院西双版纳热带植物园热带雨林4-1,2,2,40
云南,冬季,中国科学院西双版纳热带植物园热带雨林4-2,2,2,31
云南,冬季,中国科学院西双版纳热带植物园热带雨林4-3,2,2,37
云南,冬季,中国科学院西双版纳热带植物园绿石林4-1,2,2,27
云南,冬季,中国科学院西双版纳热带植物园绿石林4-2,2,2,43
云南,冬季,中国科学院西双版纳热带植物园绿石林4-3,2,2,25
云南,冬季,中国科学院西双版纳热带植物园绿石林4-4,2,2,33
云南,冬季,中科院植物园(勐腊县勐仑镇),2,2,30
云南,冬季,丽江古城,2,2,2
云南,冬季,丽江黑龙潭风景名胜区,2,2,16
云南,冬季,云南普洱五湖国家湿地公园-野鸭湖,2,2,6
云南,冬季,云南腾冲热海,2,2,2
云南,冬季,云杉坪,2,2,26
云南,冬季,会泽雨碌大地缝风景区(曲靖市会泽县),2,2,13
云南,冬季,剑川县剑湖,2,2,44
云南,冬季,勐仑美术馆,2,2,6
云南,冬季,勐仑镇(西双版纳傣族自治州勐腊县),2,2,38
云南,冬季,勐泐雨林公园,2,2,4
云南,冬季,勐腊县中国科学院西双版纳热带植物园热带雨林区,2,2,3
云南,冬季,勐腊县勐仑镇莫等下寨捌加黑鸟塘,2,2,19
云南,冬季,勐腊县热带雨林,2,2,15
云南,冬季,勐腊县野生姜园,2,2,21
云南,冬季,告庄西双景,2,2,11
云南,冬季,和顺古镇,2,2,26
云南,冬季,大勐龙镇勐宋村,2,2,11
云南,冬季,大坡脚,2,2,18
云南,冬季,大理无为寺,2,2,15
云南,冬季,大理洱海,2,2,13
云南,冬季,大理洱海月湿地公园,2,2,29
云南,冬季,大理洱海生态廊道,2,2,27
云南,冬季,大观公园南园,2,2,20
云南,冬季,大观楼南园,2,2,17
云南,冬季,大观篆新农贸市场,2,2,11
云南,冬季,姜家寨2号鸟类监测点,2,2,32
云南,冬季,官渡区六甲街道福保村,2,2,24
云南,冬季,巍宝山风景名胜区,2,2,9
云南,冬季,巡护站,2,2,6
云南,冬季,巴卡小寨KM55_4-1,2,2,38
云南,冬季,巴卡小寨KM55_4-2,2,2,46
云南,冬季,巴卡小寨KM55_4-3,2,2,32
云南,冬季,巴卡小寨KM55_4-4,2,2,42
云南,冬季,情侣峰(勐腊县象仑公路),2,2,22
云南,冬季,才村码头湿地,2,2,13
云南,冬季,拉市海,2,2,25
云南,冬季,捞鱼河湿地公园,2,2,16
云南,冬季,旱龙寨(保山市隆阳区),2,2,50
云南,冬季,昆明世界园艺博览园(竹园路),2,2,17
云南,冬季,昆明市西山公园,2,2,19
云南,冬季,易武茶山,2,2,29
云南,冬季,春融公园,2,2,11
云南,冬季,晋宁区东大河河口湿地,2,2,50
云南,冬季,景东彝族自治县景福镇叶家坝河,2,2,36
云南,冬季,景洪勐龙小勐宋怡沁园茶行,2,2,16
云南,冬季,景洪市西双版纳傣族园北门西北150米,2,2,13
云南,冬季,曲石镇,2,2,4
云南,冬季,月牙潭公园,2,2,7
云南,冬季,来凤山国家森林公园(保山市腾冲市),2,2,33
云南,冬季,松赞林寺,2,2,2
云南,冬季,江川区前卫镇新河咀,2,2,44
云南,冬季,沙溪古镇石宝山沙登箐,2,2,28
云南,冬季,洪崩河,2,2,42
云南,冬季,洪崩河犀鸟谷,2,2,8
云南,冬季,洱海公园-团山公园,2,2,9
云南,冬季,洱海边,2,2,27
云南,冬季,海东湿地公园,2,2,26
云南,冬季,湖滨生态湿地公园(澜台府段),2,2,29
云南,冬季,滇池东风坝海心沙,2,2,21
云南,冬季,滇池大坝,2,2,3
云南,冬季,瀑布公园,2,2,17
云南,冬季,版纳曼安小区,2,2,12
云南,冬季,玉湖村,2,2,8
云南,冬季,玉龙雪山国家级风景名胜区-云杉坪,2,2,23
云南,冬季,瑞丽市勐秀乡南京里村观鸟点,2,2,9
云南,冬季,瑞丽市勐秀乡帮养,2,2,37
云南,冬季,瑞丽市勐秀乡棒畹新寨,2,2,31
云南,冬季,瑞丽市弄莫湖公园(新光路西),2,2,10
云南,冬季,百花岭11号塘,2,2,5
云南,冬季,盈江县,2,2,27
云南,冬季,盈江县大盈江河段,2,2,25
云南,冬季,盈江县太平镇下石梯,2,2,32
云南,冬季,盈江县石梯26号b塘记录,2,2,36
云南,冬季,盈江大桥,2,2,14
云南,冬季,盘龙区黑龙潭公园(7204公路东),2,2,16
云南,冬季,盘龙区黑龙潭公园(7204公路北200米),2,2,23
云南,冬季,石林风景区,2,2,5
云南,冬季,紫溪山,2,2,13
云南,冬季,紫溪山风景区-茶花园,2,2,9
云南,冬季,紫顶寺,2,2,12
云南,冬季,红木村,2,2,27
云南,冬季,纳帕措达旅游景区,2,2,29
云南,冬季,纳帕海和哈木谷村,2,2,29
云南,冬季,腾冲市中和镇花坡,2,2,21
云南,冬季,腾冲市姜家寨,2,2,44
云南,冬季,腾冲市曲石镇荨麻地,2,2,36
云南,冬季,腾冲市高黎贡山姜家寨鸟类监测点北50米,2,2,65
云南,冬季,腾冲市鲁冰花庄园东100米(红高路北),2,2,23
云南,冬季,腾冲热海景区,2,2,16
云南,冬季,芒坝,2,2,38
云南,冬季,苍山国家地质公园,2,2,21
云南,冬季,苍山玉带路,2,2,17
云南,冬季,草海隧道公园,2,2,7
云南,冬季,落龙寨,2,2,37
云南,冬季,西双版纳傣族园,2,2,10
云南,冬季,西双版纳嘎洒国际机场,2,2,7
云南,冬季,西双版纳国家级自然保护区勐仑子保护区西片,2,2,15
云南,冬季,西双版纳热带花卉园(宣慰大道99号),2,2,17
云南,冬季,西山区滇池草海湖滨湿地,2,2,11
云南,冬季,通海杞麓湖国家湿地公园,2,2,30
云南,冬季,野象园林山庄,2,2,3
云南,冬季,铜壁关乡,2,2,33
云南,冬季,阿嘎,2,2,11
云南,冬季,隆阳区芒宽彝族傣族乡旧街子,2,2,18
云南,冬季,隆阳区芒宽彝族傣族乡田心,2,2,10
云南,冬季,香格里拉高山植物园(纳帕海共宾村),2,2,18
云南,冬季,马久邑线,2,2,14
云南,冬季,马树湿地公园,2,2,16
云南,冬季,龙龛农田,2,2,18
云南,冬季,昭通市昭阳区凤凰山森林公园,1,10,25
云南,冬季,念湖,1,8,16
云南,冬季,沙溪古镇金树禾,1,6,41
云南,冬季,盈江县盈之蓝民宿,1,6,29
云南,冬季,永丰水库,1,4,29
云南,冬季,省耕文化公园,1,4,21
云南,冬季,三角海水库,1,3,32
云南,冬季,云南大学呈贡关山水库,1,3,14
云南,冬季,呈贡区小营社区居民委员会西50米(小营段东),1,3,6
云南,冬季,中国犀鸟谷犀鸟监测展示区,1,2,22
云南,冬季,云南滇池温泉花园国际大酒店(西山区),1,2,5
云南,冬季,倪家铺,1,2,27
云南,冬季,利苴区域,1,2,13
云南,冬季,南涧彝族自治县无量山樱花谷(西景线东),1,2,18
云南,冬季,大屯村,1,2,4
云南,冬季,大断腰山,1,2,21
云南,冬季,宝华公园,1,2,6
云南,冬季,岭岗村,1,2,62
云南,冬季,帕哎冷古茶园,1,2,28
云南,冬季,昆明动物园-圆通山,1,2,8
云南,冬季,曼米河,1,2,12
云南,冬季,泽湖,1,2,28
云南,冬季,滇西应用技术大学(珠宝学院),1,2,25
云南,冬季,灵照山,1,2,24
云南,冬季,玉溪白龙潭风景区,1,2,11
云南,冬季,百花岭观鸟圣地,1,2,1
云南,冬季,盈江县泼水节广场,1,2,22
云南,冬季,盈江泼水广场,1,2,22
云南,冬季,翁基布朗族古寨,1,2,23
云南,冬季,腾冲市中和镇打鹰山,1,2,33
云南,冬季,蜂王树,1,2,24
云南,冬季,隆阳区澡塘河南500米,1,2,76
云南,冬季,隆阳区澡塘河西南150米,1,2,8
云南,冬季,隆阳区高黎贡山自然保护区王家岩防火检查站西800米,1,2,58
云南,冬季,19号观测点,1,1,29
云南,冬季,26号塘,1,1,47
云南,冬季,2号拍摄位,1,1,5
云南,冬季,EasyFly低空公园(滇滇的热气球),1,1,7
云南,冬季,KunmingLakePark,1,1,9
云南,冬季,一寨两国,1,1,12
云南,冬季,丁家寨(西双版纳傣族自治州勐腊县),1,1,1
云南,冬季,三和寺,1,1,8
云南,冬季,三家寨,1,1,12
云南,冬季,上关镇,1,1,26
云南,冬季,上石梯,1,1,38
云南,冬季,下石梯,1,1,34
云南,冬季,下石梯(德宏傣族景颇族自治州盈江县),1,1,27
云南,冬季,下董官屯,1,1,22
云南,冬季,东大河湿地公园,1,1,15
云南,冬季,东风坝海心沙南五十米拐弯处,1,1,15
云南,冬季,个旧市云南元壤生物科技有限公司东200米,1,1,10
云南,冬季,个旧市工人文化宫,1,1,4
云南,冬季,中国犀鸟谷,1,1,46
云南,冬季,中国科学院西双版纳热带植物园-绿石林景区,1,1,20
云南,冬季,中国科学院西双版纳热带植物园-藤本园站,1,1,15
云南,冬季,中国科学院西双版纳热带植物园人工雨林-4-2,1,1,32
云南,冬季,中国科学院西双版纳热带植物园吊桥,1,1,17
云南,冬季,中国科学院西双版纳热带植物园江边,1,1,23
云南,冬季,中国科学院西双版纳热带植物园电站大桥,1,1,2
云南,冬季,中国科学院西双版纳热带植物园野菜园,1,1,10
云南,冬季,中國科學院西雙版納熱帶植物園,1,1,9
云南,冬季,中天寺,1,1,7
云南,冬季,中科版纳植物园,1,1,1
云南,冬季,丽江古城束河古镇,1,1,4
云南,冬季,丽江市利苴村老君山生物多样性保护中心,1,1,4
云南,冬季,丽江市博物院,1,1,16
云南,冬季,丽江市黑龙潭公园,1,1,9
云南,冬季,丽江老君山自然中心,1,1,1
云南,冬季,丽江黑龙潭风景名胜区(古城区民主路1号),1,1,17
云南,冬季,乌龙河,1,1,12
云南,冬季,九鼎龙潭,1,1,11
云南,冬季,云南农业大学,1,1,3
云南,冬季,云南大学,1,1,6
云南,冬季,云南大学(呈贡校区),1,1,8
云南,冬季,云南玉溪抚仙湖,1,1,13
云南,冬季,云南盈江国家湿地公园,1,1,48
云南,冬季,云南盈江那邦,1,1,14
云南,冬季,云南省大理白族自治州大理市,1,1,19
云南,冬季,云南省澜沧江省级自然保护区,1,1,1
云南,冬季,云县滨河公园东南100米(云州路西),1,1,11
云南,冬季,云县漫湾镇茅草林,1,1,4
云南,冬季,云县爱华镇蜂王寨,1,1,3
云南,冬季,云安会都贵宾楼,1,1,1
云南,冬季,云美庭酒店(西双版纳)509房阳台,1,1,5
云南,冬季,云锦别院,1,1,12
云南,冬季,仙人谷,1,1,12
云南,冬季,会泽县大桥乡安基卡,1,1,1
云南,冬季,会泽县大桥乡易家地,1,1,3
云南,冬季,余家河(昆明市晋宁区),1,1,8
云南,冬季,保山百花岭灵芝家民宿,1,1,14
云南,冬季,保山青华海国家湿地公园,1,1,19
云南,冬季,允燕山,1,1,16
云南,冬季,元江哈尼族彝族傣族自治县石膏箐,1,1,7
云南,冬季,元江哈尼族彝族傣族自治县高桥御景,1,1,12
云南,冬季,元江哈尼族彝族傣族自治县龙潭乡大哨村,1,1,6
云南,冬季,元阳·哈尼梯田,1,1,2
云南,冬季,共比,1,1,5
云南,冬季,兴隆—张家村—下村,1,1,34
云南,冬季,兴隆村,1,1,9
云南,冬季,凤凰山环志站,1,1,33
云南,冬季,切格(无量山)野奢营地,1,1,4
云南,冬季,剑湖国家湿地公园,1,1,46
云南,冬季,加水站(大丽高速大理方向),1,1,3
云南,冬季,勐仑保护区王子山片区,1,1,7
云南,冬季,勐仑保护区绿石林片区,1,1,14
云南,冬季,勐仑幺等新寨飘海鸟塘,1,1,15
云南,冬季,勐仑春林宾馆,1,1,1
云南,冬季,勐梭龙潭西门(西盟佤族自治县人民政府南),1,1,15
云南,冬季,勐海县勐巴拉国际旅游度假区,1,1,12
云南,冬季,勐海县勐遮镇勐邦,1,1,12
云南,冬季,勐焕大金塔,1,1,13
云南,冬季,勐腊县G213,1,1,15
云南,冬季,勐腊县中国科学院西双版纳热带植物园(G219东),1,1,45
云南,冬季,勐腊县中科院植物园(G219西500米),1,1,22
云南,冬季,勐腊县中科院植物园(罗梭江大桥东南150米),1,1,25
云南,冬季,勐腊县中科院植物园(蒲葵大道东50米),1,1,32
云南,冬季,勐腊县会龙特色旅游村,1,1,4
云南,冬季,勐腊县佛肚树(蒲葵大道南),1,1,17
云南,冬季,勐腊县勐仑春林宾馆,1,1,2
云南,冬季,勐腊县勐仑镇G213(勐仑镇勐醒小学),1,1,2
云南,冬季,勐腊县勐仑镇曼安,1,1,4
云南,冬季,勐腊县勐仑镇滨江酒店(纳贺科路),1,1,2
云南,冬季,勐腊县南贡山保护区,1,1,35
云南,冬季,勐腊县南贡山隧道群东北(213国道北),1,1,28
云南,冬季,勐腊县曼安小区3H小区10栋(内环段南),1,1,4
云南,冬季,勐腊县植物迷宫(蒲葵大道西),1,1,3
云南,冬季,勐腊县版纳曼安小区,1,1,7
云南,冬季,勐腊县磨憨镇平河龙门鸟塘及周边,1,1,40
云南,冬季,勐腊县西双版纳国家自然保护区勐仑管理所,1,1,7
云南,冬季,勒勐,1,1,13
云南,冬季,北海湿地,1,1,15
云南,冬季,北海湿地景区,1,1,21
云南,冬季,北海湿地景区[公交站],1,1,11
云南,冬季,北部湿地公园,1,1,4
云南,冬季,华侨城卧龙古渔村,1,1,11
云南,冬季,南京里隧道,1,1,38
云南,冬季,南木各脚,1,1,9
云南,冬季,南涧彝族自治县公郎镇G214(旧),1,1,3
云南,冬季,南涧彝族自治县无量山樱花谷(G214旧南300米),1,1,67
云南,冬季,南腊河星光夜市,1,1,4
云南,冬季,南腊河汽车营地(四分场六队曼龙勒村),1,1,5
云南,冬季,南贡山1号隧道,1,1,16
云南,冬季,双江县,1,1,3
云南,冬季,双龙公园,1,1,8
云南,冬季,古纳卡傣族文化园,1,1,1
云南,冬季,右所镇,1,1,35
云南,冬季,吊桥,1,1,1
云南,冬季,呈贡区斗南湿地,1,1,7
云南,冬季,呼马山森林公园,1,1,11
云南,冬季,响洞坡,1,1,16
云南,冬季,嘉蟹养殖家庭农场,1,1,10
云南,冬季,基诺山达娘雨林徒步,1,1,22
云南,冬季,墨江北回归线标志园,1,1,8
云南,冬季,大刘家,1,1,17
云南,冬季,大哨森林,1,1,5
云南,冬季,大地茶海森林康养基地,1,1,3
云南,冬季,大姚县龙街镇黎柴冲,1,1,3
云南,冬季,大娘山,1,1,79
云南,冬季,大寨村,1,1,2
云南,冬季,大山包景区,1,1,25
云南,冬季,大海子水库,1,1,13
云南,冬季,大王岩公园,1,1,11
云南,冬季,大理万和永皓海景酒店西北300米(滨海大道北),1,1,2
云南,冬季,大理云水客栈(大理市),1,1,20
云南,冬季,大理剑川剑湖湿地省级自然保护区管护局,1,1,68
云南,冬季,大理国际奥林匹克体育中心北,1,1,6
云南,冬季,大理才村湿地公园,1,1,10
云南,冬季,大理港(大理白族自治州大理市洱河南路),1,1,13
云南,冬季,大理白族自治州剑川县剑湖,1,1,9
云南,冬季,大理苍山世界地质公园,1,1,2
云南,冬季,大理苍山世界地质公园依山海庄园,1,1,10
云南,冬季,大理金盛机动车检测站(红山路东100米),1,1,7
云南,冬季,大观公园,1,1,28
云南,冬季,大鱼塘,1,1,1
云南,冬季,太平镇铁莫崩山,1,1,104
云南,冬季,太阳历公园,1,1,2
云南,冬季,姐满,1,1,8
云南,冬季,姜家寨,1,1,36
云南,冬季,姜家寨(保山市腾冲市),1,1,6
云南,冬季,孟定镇,1,1,56
云南,冬季,孟连中勒水库亚内咖啡,1,1,9
云南,冬季,宁洱哈尼族彝族自治县清水河温泉度假村(昆磨高速北),1,1,10
云南,冬季,守望台,1,1,4
云南,冬季,官渡五甲塘湿地公园,1,1,20
云南,冬季,官渡区六甲街道福保居民委员会,1,1,1
云南,冬季,官渡区山海生态运动休闲公园东北50米(海田路西),1,1,30
云南,冬季,宝丰湿地和滇池周边湿地环境,1,1,27
云南,冬季,宝山石头城,1,1,10
云南,冬季,寥廓公园,1,1,16
云南,冬季,小中甸镇,1,1,2
云南,冬季,小邑庄公路,1,1,10
云南,冬季,属都湖,1,1,10
云南,冬季,岗纪服务区小客车停车场,1,1,6
云南,冬季,巍山县圆觉寺,1,1,8
云南,冬季,川河,1,1,20
云南,冬季,左卫,1,1,4
云南,冬季,左卫塘,1,1,23
云南,冬季,巴江路,1,1,11
云南,冬季,师宗县龙庆彝族壮族乡冒水洞村,1,1,3
云南,冬季,干沟尾,1,1,24
云南,冬季,广龙抚海湾湿地公园(玉溪市澄江县),1,1,11
云南,冬季,应新酒店(思亭路店),1,1,3
云南,冬季,庾园-大观楼南园,1,1,16
云南,冬季,建水古城小火车乡会桥站,1,1,4
云南,冬季,开远市永华种鸡东北1000米,1,1,10
云南,冬季,弄莫湖,1,1,5
云南,冬季,弄莫湖公园,1,1,7
云南,冬季,弥勒湖泉生态园,1,1,13
云南,冬季,彝人古镇,1,1,2
云南,冬季,彝瑞香农庄,1,1,10
云南,冬季,怒江边紫荆花,1,1,14
云南,冬季,思茅区普洱太阳河森林公园,1,1,17
云南,冬季,思茅区普洱市梅子湖公园观景台,1,1,13
云南,冬季,惠民购物广场,1,1,1
云南,冬季,打洛独树成林风景区,1,1,2
云南,冬季,抚仙湖公园(玉溪市澄江县新河口附近),1,1,7
云南,冬季,拦河坝水库,1,1,13
云南,冬季,捞鱼河沿岸（理工大段）,1,1,13
云南,冬季,文山市东山公园,1,1,20
云南,冬季,文山市民族文化馆,1,1,6
云南,冬季,文笔村,1,1,4
云南,冬季,新平彝族傣族自治县云南花腰傣开元森泊度假乐园,1,1,1
云南,冬季,新平时光小筑酒店,1,1,5
云南,冬季,无底湖,1,1,2
云南,冬季,无量剑湖,1,1,30
云南,冬季,昆明世界园艺博览园东南,1,1,31
云南,冬季,昆明亚灵/科灵生物科技有限公司,1,1,15
云南,冬季,昆明动物园,1,1,1
云南,冬季,昆明市呈贡区云南大学(呈贡校区),1,1,22
云南,冬季,昆明市大观公园-南园,1,1,13
云南,冬季,昆明市滇池宝丰湿地公园,1,1,7
云南,冬季,昆明捞渔河湿地公园,1,1,4
云南,冬季,昆明树木园,1,1,27
云南,冬季,昆明植物园(昆明市盘龙区蓝黑路132号),1,1,3
云南,冬季,昆明植物园-西园,1,1,16
云南,冬季,昆明滇池国家旅游度假区,1,1,2
云南,冬季,昆明瀑布公园,1,1,13
云南,冬季,昆明翠湖公园-东门,1,1,2
云南,冬季,明波立交桥,1,1,3
云南,冬季,明珠广场[公交站],1,1,2
云南,冬季,易武镇,1,1,8
云南,冬季,星海半岛湿地公园,1,1,26
云南,冬季,晋宁区双河村,1,1,8
云南,冬季,晋宁县东大河河口湿地,1,1,1
云南,冬季,晋宁服务区(昆明绕城高速外环方向),1,1,5
云南,冬季,普洱亚太森林组织基地,1,1,25
云南,冬季,普洱国家公园-犀牛坪景区,1,1,3
云南,冬季,普洱市,1,1,11
云南,冬季,普洱景迈山芒景瀑布,1,1,10
云南,冬季,普者黑,1,1,13
云南,冬季,景东县太忠镇大断腰山,1,1,25
云南,冬季,景洪市勐养镇G213(西双版纳野象营地野象客运站),1,1,13
云南,冬季,景洪市基诺山基诺族乡银厂岩子,1,1,10
云南,冬季,景洪市大渡岗乡昆满,1,1,16
云南,冬季,景洪市野象谷站,1,1,26
云南,冬季,景迈大金塔,1,1,4
云南,冬季,曼南醒公路,1,1,13
云南,冬季,曼库山,1,1,21
云南,冬季,曼掌,1,1,10
云南,冬季,曼磊佛塔,1,1,4
云南,冬季,曼远村,1,1,1
云南,冬季,李家湾村(曲靖市会泽县),1,1,19
云南,冬季,松赞林景区,1,1,6
云南,冬季,板过河湿地公园,1,1,13
云南,冬季,林塘村,1,1,24
云南,冬季,栏板桥(Y709),1,1,1
云南,冬季,梁河县遮岛镇新寨,1,1,2
云南,冬季,梁王山风口村附近,1,1,3
云南,冬季,梅子湖公园,1,1,11
云南,冬季,楚雄紫溪山,1,1,8
云南,冬季,楚雄紫溪山仙人谷,1,1,3
云南,冬季,楠赛林卡国际旅游精品酒店(香格里拉古城店),1,1,8
云南,冬季,樱花谷森林温泉风景区(北海乡双坡村境内),1,1,8
云南,冬季,永平服务区,1,1,10
云南,冬季,江坡村,1,1,16
云南,冬季,江川区前卫镇下大河咀,1,1,42
云南,冬季,江川区前卫镇新河咀小龙门,1,1,26
云南,冬季,江川区路居镇石岩哨村,1,1,46
云南,冬季,汤满河,1,1,3
云南,冬季,汤满河小水库,1,1,1
云南,冬季,沧源佤族自治县上班老水库东南200米,1,1,38
云南,冬季,沧源佤族自治县勐角傣族彝族拉祜族乡翁丁垭口,1,1,14
云南,冬季,沧源佤族自治县班老乡母空山,1,1,23
云南,冬季,沧源县上班老村委会周围,1,1,38
云南,冬季,河嘴(昆明市晋宁区),1,1,7
云南,冬季,河头寨,1,1,9
云南,冬季,法界寺森林公园,1,1,19
云南,冬季,泸沽湖—云南,1,1,6
云南,冬季,泸沽湖风景名胜区,1,1,6
云南,冬季,洪崩河-石梯村,1,1,2
云南,冬季,洪崩河/犀鸟谷,1,1,14
云南,冬季,洱海公园,1,1,2
云南,冬季,洱海月湿地公园(大理白族自治州大理市),1,1,23
云南,冬季,洱源县大理西湖(西湖线北200米),1,1,2
云南,冬季,洱源县西湖码头(西湖线北),1,1,11
云南,冬季,洱源县邓川镇刘官营,1,1,25
云南,冬季,洼垤乡,1,1,11
云南,冬季,海东湿地,1,1,23
云南,冬季,海埂大坝,1,1,3
云南,冬季,海埂大坝(观景路和红塔西路交叉口西侧),1,1,1
云南,冬季,海峰湿地(曲靖市沾益区大坡乡),1,1,10
云南,冬季,清溪公园,1,1,10
云南,冬季,清碧溪,1,1,20
云南,冬季,湖泉生态园,1,1,10
云南,冬季,湖滨生态湿地公园,1,1,4
云南,冬季,滇池北岸,1,1,27
云南,冬季,滇池永昌湿地,1,1,9
云南,冬季,滇池海埂公园,1,1,2
云南,冬季,滇越铁路（永丰营站-水晶坡站-宜良站）,1,1,8
云南,冬季,滨江壹号(馨园路),1,1,1
云南,冬季,滨江大道,1,1,7
云南,冬季,漾江镇,1,1,30
云南,冬季,澜庭小区(春森路),1,1,9
云南,冬季,澜沧拉祜族自治县拉祜风情园(水库西路东50米),1,1,5
云南,冬季,灵秀省级乡村旅游特色村(红塔区灵照路),1,1,21
云南,冬季,灵芝家百灵鸟民宿(保山百花岭店),1,1,43
云南,冬季,热带雨林(西双版纳傣族自治州勐腊县),1,1,4
云南,冬季,热曙(拉水),1,1,1
云南,冬季,片马,1,1,59
云南,冬季,片马公路沿途,1,1,57
云南,冬季,版纳植物园,1,1,4
云南,冬季,独龙江,1,1,29
云南,冬季,独龙江国家公园,1,1,9
云南,冬季,狮子山景区,1,1,16
云南,冬季,猴桥镇,1,1,1
云南,冬季,玉溪园林植物园,1,1,8
云南,冬季,玉龙县丽江老君山自然中心南300米,1,1,7
云南,冬季,玉龙纳西族自治县丽江老君山自然中心东南300米,1,1,24
云南,冬季,玉龙纳西族自治县拉市海吉祥休闲鱼庄,1,1,27
云南,冬季,玉龙纳西族自治县拉市海湿地公园东南,1,1,16
云南,冬季,玉龙纳西族自治县石头白族乡利苴村三岔河,1,1,3
云南,冬季,玉龙纳西族自治县老君山景区,1,1,20
云南,冬季,王官湿地公园,1,1,6
云南,冬季,王家洼(保山市隆阳区),1,1,37
云南,冬季,王莲酒店,1,1,13
云南,冬季,瑞丽市勐卯镇允井,1,1,9
云南,冬季,瑞丽市勐秀乡广达山,1,1,37
云南,冬季,瑞丽市勐秀边防派出所(XN03),1,1,30
云南,冬季,瑞丽市弄莫湖公园,1,1,6
云南,冬季,瑞丽植物园(S234南),1,1,6
云南,冬季,瑞丽江边,1,1,19
云南,冬季,瑞丽马尔代夫,1,1,9
云南,冬季,白水台景区-观景台,1,1,7
云南,冬季,白沙古镇(丽江市玉龙纳西族自治县),1,1,22
云南,冬季,白马雪山,1,1,8
云南,冬季,白龙潭,1,1,13
云南,冬季,百花岭,1,1,74
云南,冬季,百花岭小粒咖啡,1,1,48
云南,冬季,百花岭村,1,1,1
云南,冬季,百花岭村景区,1,1,22
云南,冬季,百花岭纯野生蜂蜜,1,1,14
云南,冬季,百花岭野生鸟类观赏保护地,1,1,1
云南,冬季,百草亭,1,1,25
云南,冬季,盈江县17号鸟类观测点西北50米(X036西),1,1,5
云南,冬季,盈江县21号鸟类观测点东北200米,1,1,9
云南,冬季,盈江县上石梯,1,1,12
云南,冬季,盈江县勐乃河桥西北300米(S318西),1,1,3
云南,冬季,盈江县南方丝绸之路国际起点,1,1,34
云南,冬季,盈江县太平镇X036小勒岗河哨卡北100米,1,1,41
云南,冬季,盈江县太平镇下石梯32号点,1,1,43
云南,冬季,盈江县太平镇湿地公园花海,1,1,9
云南,冬季,盈江县平原镇大芒丙,1,1,25
云南,冬季,盈江县拍摄位东500米,1,1,15
云南,冬季,盈江县新城乡新芒胆,1,1,10
云南,冬季,盈江县观景台(允燕大道南),1,1,3
云南,冬季,盈江县那邦镇东抱光山,1,1,4
云南,冬季,盈江县那邦镇柚木寨,1,1,4
云南,冬季,盈江广场(花园巷),1,1,1
云南,冬季,盈江榕树王,1,1,19
云南,冬季,盈江洪崩河,1,1,24
云南,冬季,盈江洪崩河石梯,1,1,9
云南,冬季,盘龙区云南师范大学实验中学小学部(昆明湖校区)西,1,1,5
云南,冬季,盘龙区云南师范大学附属昆明湖小学东南(盘江西路南),1,1,2
云南,冬季,盘龙区张官营龟龙湖公园(盘江东路东100米),1,1,3
云南,冬季,盘龙区昆明植物园(枫香大道西),1,1,9
云南,冬季,盘龙区昆明金殿国家森林公园(松园路东),1,1,20
云南,冬季,盘龙区蔷薇园(昆明世界园艺博览园东北),1,1,11
云南,冬季,盘龙区金殿风景名胜区(世博爱心绿道北),1,1,13
云南,冬季,盘龙区黑龙潭公园(昆明植物园东北200米),1,1,18
云南,冬季,石宝山,1,1,9
云南,冬季,石屏异龙湖国家湿地公园,1,1,13
云南,冬季,石月亮观景台,1,1,1
云南,冬季,石林霄鲁酱菜厂,1,1,10
云南,冬季,石梯,1,1,37
云南,冬季,石梯卡河,1,1,1
云南,冬季,碧溪古镇,1,1,7
云南,冬季,碧鸡文化公园(昆明市西山区昆州路旁),1,1,8
云南,冬季,神秘鸟塘,1,1,9
云南,冬季,秋木箐社区,1,1,17
云南,冬季,紫溪山风景区物种园管理所,1,1,12
云南,冬季,红塔区玉溪九龙池公园(九龙路南),1,1,18
云南,冬季,红塔区玉溪白龙潭风景区(Y191北),1,1,8
云南,冬季,红塔区玉溪白龙潭风景区南300米,1,1,8
云南,冬季,纳帕海观鸟,1,1,36
云南,冬季,腾冲市曲石乡,1,1,51
云南,冬季,腾冲市曲石镇两江口,1,1,7
云南,冬季,腾冲市曲石镇河边寨,1,1,20
云南,冬季,腾冲市曲石镇硝塘坝,1,1,5
云南,冬季,腾冲市来凤寺,1,1,20
云南,冬季,腾冲市高黎贡山姜家寨鸟类监测点东北50米,1,1,16
云南,冬季,腾冲火山地热国家地质公园,1,1,2
云南,冬季,腾冲观鸟黄腰响蜜䴕之家,1,1,16
云南,冬季,芒合村,1,1,4
云南,冬季,芒宽,1,1,15
云南,冬季,芒宽彝族傣族乡,1,1,11
云南,冬季,芒市大银塔东南400米(环湖路东),1,1,12
云南,冬季,芒市孔雀湖旅游度假区,1,1,11
云南,冬季,芒市镇小仙人洞,1,1,14
云南,冬季,芒杏河,1,1,28
云南,冬季,苍山景区苍山感通索道(大理市),1,1,8
云南,冬季,茈碧湖,1,1,17
云南,冬季,草海,1,1,1
云南,冬季,草海湿地,1,1,4
云南,冬季,莫催茶室(苍山店),1,1,16
云南,冬季,蒙自市碧色寨站北(蒙草公路东),1,1,3
云南,冬季,蒙自市缘狮洞(鸣砚公路西),1,1,1
云南,冬季,蒙自杨胜养殖场东600米,1,1,4
云南,冬季,虎跳峡徒步路线,1,1,4
云南,冬季,融创春风十里公园,1,1,8
云南,冬季,血雀树,1,1,1
云南,冬季,褚橙庄园,1,1,1
云南,冬季,西双版纳傣族自治州勐腊县中国科学院西双版纳热带植物园,1,1,3
云南,冬季,西双版纳原始森林公园,1,1,12
云南,冬季,西双版纳热带雨林谷(景洪市勐仑镇),1,1,8
云南,冬季,西双版纳野象谷景区北门-售票处,1,1,43
云南,冬季,西山区海滨花园东150米(昆明绕城高速内环中线南),1,1,13
云南,冬季,西山区滇池,1,1,38
云南,冬季,西山区滇池卫城蓝湾(万达大道西),1,1,18
云南,冬季,诸葛坝水库,1,1,10
云南,冬季,诺邓古村,1,1,16
云南,冬季,边寨喊沙景区,1,1,1
云南,冬季,那柯里茶马驿站,1,1,21
云南,冬季,郊野公园,1,1,12
云南,冬季,野鸭塘河谷庄园,1,1,3
云南,冬季,金塔佛寺,1,1,4
云南,冬季,金殿风景名胜区-陈圆圆文化园,1,1,22
云南,冬季,银厂上寨,1,1,1
云南,冬季,银杏村旅游度假区,1,1,6
云南,冬季,隆阳区启迪科技城小区,1,1,18
云南,冬季,隆阳区塘主老候家南100米,1,1,4
云南,冬季,隆阳区潞江坝服务区(微缩惠通桥东150米),1,1,1
云南,冬季,隆阳区澡塘河东南50米,1,1,9
云南,冬季,隆阳区澡塘河南500米2号鸟塘,1,1,22
云南,冬季,隆阳区澡塘河西300米,1,1,39
云南,冬季,隆阳区芒宽彝族傣族乡帮维,1,1,59
云南,冬季,隆阳区芒宽彝族傣族乡旱龙寨,1,1,18
云南,冬季,隆阳区茶韵台北50米,1,1,15
云南,冬季,隆阳区青华海国家湿地公园,1,1,42
云南,冬季,隆阳区青华海西湖景区,1,1,19
云南,冬季,隆阳区高黎贡山自然保护区,1,1,63
云南,冬季,隆阳区高黎贡山自然保护区王家岩防火检查站西北4号塘,1,1,26
云南,冬季,雨崩村,1,1,9
云南,冬季,雪达湖,1,1,10
云南,冬季,青华海,1,1,3
云南,冬季,飞来寺,1,1,2
云南,冬季,香格里拉纳帕海111,1,1,4
云南,冬季,马惊湖,1,1,8
云南,冬季,高黎贡山姜家寨鸟类监测点(保山市腾冲市),1,1,5
云南,冬季,高黎贡山百花岭鸟塘,1,1,27
云南,冬季,鹤庆草海,1,1,7
云南,冬季,鹤庆草海湿地公园,1,1,21
云南,冬季,鹤阳寺(大理白族自治州鹤庆县),1,1,16
云南,冬季,鹦鹉村,1,1,18
云南,冬季,麒麟区寥廓街道营盘山,1,1,24
云南,冬季,麻栗坡县第一小学(文山壮族苗族自治州),1,1,1
云南,冬季,黑河停车区(江勐高速思茅方向),1,1,2
云南,冬季,黑鱼河风景区,1,1,10
云南,冬季,龙川江,1,1,9
云南,冬季,龙川江漂流,1,1,5
云南,冬季,龙潭服务区(江勐高速澜沧方向),1,1,1
云南,冬季,龙血树园,1,1,12
云南,冬季,龙门鸟塘,1,1,24
云南,8月,昆明植物园,62,76,27
云南,8月,黑龙潭公园,36,41,22
云南,8月,梁王山,23,24,41
云南,8月,中国科学院西双版纳热带植物园,20,25,47
云南,8月,普达措国家公园,19,19,26
云南,8月,金殿公园,14,17,15
云南,8月,滇池,14,14,31
云南,8月,苍山洗马潭,13,13,25
云南,8月,草海隧道,13,13,33
云南,8月,福保湿地,12,30,28
云南,8月,滇池福保湿地,12,17,25
云南,8月,洱海月湿地公园,12,12,18
云南,8月,江尾村,11,13,31
云南,8月,大观公园,11,11,20
云南,8月,苍山国家地质公园,10,12,19
云南,8月,紫溪山,9,10,54
云南,8月,苍山玉带路,9,9,34
云南,8月,西山区滇池草海湖滨湿地,9,9,15
云南,8月,中科院版纳植物园,8,12,61
云南,8月,盘龙区黑龙潭公园(昆明植物园东北200米),8,10,14
云南,8月,楚雄紫溪山风景区,8,9,38
云南,8月,大观公园庾园(昆明市西山区),8,8,22
云南,8月,盘龙区黑龙潭公园(7204公路北),8,8,11
云南,8月,高黎贡山百花岭,7,12,54
云南,8月,纳帕海,7,7,15
云南,8月,剑湖,6,8,17
云南,8月,丽江黑龙潭风景名胜区,6,7,17
云南,8月,昆明植物园-西园,6,6,19
云南,8月,腾冲湿地-北海湿地,6,6,14
云南,8月,轿子山风景区,5,6,31
云南,8月,世博生态城,5,5,11
云南,8月,云南腾冲来凤山,5,5,35
云南,8月,大理苍山世界地质公园,5,5,23
云南,8月,无为寺,5,5,17
云南,8月,洱海,5,5,27
云南,8月,白马雪山(迪庆藏族自治州德钦县),5,5,41
云南,8月,紫溪山风景区,5,5,46
云南,8月,飞来寺风景区,5,5,15
云南,8月,官渡区小清河东300米,4,12,30
云南,8月,和顺古镇,4,5,41
云南,8月,金殿风景名胜区,4,5,9
云南,8月,剑湖国家湿地公园,4,4,12
云南,8月,勐海滑竹梁子,4,4,34
云南,8月,大理洱海生态走廊磻溪村至古生村,4,4,18
云南,8月,大观公园南园,4,4,19
云南,8月,拉市海湿地公园,4,4,21
云南,8月,斗南湿地,4,4,22
云南,8月,海东湿地公园,4,4,36
云南,8月,玉龙雪山国家级风景名胜区,4,4,6
云南,8月,腾冲北海湿地,4,4,15
云南,8月,草海隧道公园,4,4,15
云南,8月,香格里拉高山植物园,4,4,26
云南,8月,江南春赛马场公园,3,8,24
云南,8月,关山水库,3,5,22
云南,8月,昆明滇池国家级风景名胜区西山景区,3,5,41
云南,8月,草海,3,5,14
云南,8月,勐海县勐混镇曼缅,3,4,21
云南,8月,芒市河,3,4,13
云南,8月,一碗水梁子,3,3,25
云南,8月,世博园,3,3,16
云南,8月,中国科学院西双版纳热带植物园-藤本园站,3,3,7
云南,8月,云杉坪,3,3,10
云南,8月,保山青华海国家湿地公园,3,3,23
云南,8月,和顺古镇景区,3,3,43
云南,8月,大理市龙湖湿地公园(环海西路南),3,3,14
云南,8月,大理白族自治州剑川县剑湖,3,3,25
云南,8月,大理白族自治州博物馆西北门(洱河南路南),3,3,23
云南,8月,大观公园(昆明市西山区大观路284号),3,3,14
云南,8月,昆明翠湖公园,3,3,2
云南,8月,望天树,3,3,16
云南,8月,松赞林寺,3,3,7
云南,8月,洗马潭,3,3,12
云南,8月,海埂公园,3,3,13
云南,8月,湖滨生态湿地公园,3,3,22
云南,8月,玉龙雪山风景区,3,3,4
云南,8月,白马雪山垭口,3,3,17
云南,8月,石林风景名胜区,3,3,13
云南,8月,程海镇潘崀村凤凰湾休闲园,3,3,22
云南,8月,纳帕海环线,3,3,16
云南,8月,翠湖公园,3,3,6
云南,8月,蓝月谷,3,3,4
云南,8月,西双版纳热带植物园吊桥,3,3,2
云南,8月,西双版纳野象谷景区-高架栈道,3,3,19
云南,8月,西山区滇池(明河路东),3,3,13
云南,8月,青华海国家湿地公园,3,3,22
云南,8月,高黎贡山自然保护区王家岩防火检查站,3,3,32
云南,8月,景东彝族自治县太忠镇三合村,2,7,20
云南,8月,大理无为寺,2,6,11
云南,8月,滇池草海湖滨湿地,2,5,22
云南,8月,官渡区六甲街道福保村,2,4,9
云南,8月,左卫塘,2,4,23
云南,8月,林塘,2,4,24
云南,8月,梅子湖公园,2,4,11
云南,8月,苍山自然影像博物馆-无为寺,2,4,17
云南,8月,呈贡区马金铺街道梁王山,2,3,42
云南,8月,大围山国家公园,2,3,25
云南,8月,西双版纳热带植物园,2,3,24
云南,8月,丽江束河古镇,2,2,13
云南,8月,云南大学呈贡校区,2,2,11
云南,8月,云南虎跳峡,2,2,2
云南,8月,云南野生动物园,2,2,2
云南,8月,凤凰生态公园,2,2,21
云南,8月,剑湖国家湿地公园(剑川县环湖线西50米),2,2,19
云南,8月,勐仑保护区绿石林片区,2,2,16
云南,8月,勐海县,2,2,26
云南,8月,勐海县勐混勐牛生猪屠宰场北200米,2,2,5
云南,8月,勐海县勐遮镇曼纳玛,2,2,5
云南,8月,勐混镇,2,2,9
云南,8月,勐腊县G213(勐腊郭老憨饭店),2,2,4
云南,8月,勐腊县中国科学院西双版纳热带植物园(蒲葵大道西),2,2,28
云南,8月,北海湿地景区,2,2,10
云南,8月,叠水河瀑布景区,2,2,9
云南,8月,大理古城,2,2,6
云南,8月,大理市龙湖湿地公园(西环海线南200米),2,2,15
云南,8月,大理洱海,2,2,21
云南,8月,大理洱海月湿地公园,2,2,21
云南,8月,孔雀山,2,2,18
云南,8月,宝丰湿地公园,2,2,11
云南,8月,属都湖,2,2,23
云南,8月,巴卡小寨KM552-3,2,2,45
云南,8月,巴卡小寨KM552-4,2,2,42
云南,8月,抚仙湖,2,2,18
云南,8月,新平彝族傣族自治县哀牢山景区游客接待服务中心东,2,2,32
云南,8月,昆明植物园西园,2,2,11
云南,8月,普洱太阳河森林公园,2,2,6
云南,8月,普者黑,2,2,7
云南,8月,景东彝族自治县文蚌河东南100米(XJ22),2,2,4
云南,8月,景洪市嘎洒镇G214,2,2,8
云南,8月,景洪市普文镇昆磨高速(神鱼养殖基地),2,2,1
云南,8月,板过河湿地公园,2,2,16
云南,8月,梁王山自然保护区,2,2,23
云南,8月,洱海月湿地公园(大理白族自治州大理市),2,2,14
云南,8月,海洪湿地公园,2,2,12
云南,8月,片马,2,2,19
云南,8月,片马风雪丫口,2,2,56
云南,8月,玉龙雪山,2,2,5
云南,8月,白路脚(红河哈尼族彝族自治州个旧市),2,2,19
云南,8月,石屏异龙湖国家湿地公园,2,2,23
云南,8月,石鼓镇,2,2,10
云南,8月,糯扎渡自然保护区,2,2,11
云南,8月,纳帕海景区,2,2,8
云南,8月,绿石林景区,2,2,16
云南,8月,绿石林景区-观景台,2,2,14
云南,8月,老君山九十九龙潭景区,2,2,18
云南,8月,腾冲火山地热国家地质公园,2,2,20
云南,8月,苍山自然中心,2,2,10
云南,8月,荷花镇,2,2,16
云南,8月,西双版纳原始森林公园,2,2,15
云南,8月,野象谷热带雨林景区,2,2,11
云南,8月,隆阳区瓦房服务区(保泸高速北),2,2,15
云南,8月,隆阳区芒宽彝族傣族乡王家洼,2,2,26
云南,8月,隆阳区高黎贡山自然保护区王家岩防火检查站西800米,2,2,8
云南,8月,香格里拉市建塘镇G214(纳帕海观景台),2,2,9
云南,8月,黑龙潭,2,2,18
云南,8月,龙泉公园,2,2,30
云南,8月,万科·大都会一期,1,9,17
云南,8月,昆明动物园-圆通山,1,6,3
云南,8月,云南大学呈贡关山水库,1,5,21
云南,8月,大断腰山,1,4,37
云南,8月,象头坡,1,4,33
云南,8月,云南彝良小草坝景区,1,3,44
云南,8月,昆明梁王山山脊线,1,3,3
云南,8月,曲石公墓,1,3,31
云南,8月,秋木箐,1,3,23
云南,8月,万亩荷塘,1,2,22
云南,8月,勐腊县会龙鸟塘及周边,1,2,55
云南,8月,华龙湖,1,2,9
云南,8月,呈贡区斗南街道乌龙街道,1,2,29
云南,8月,塔城逸乡里民宿,1,2,9
云南,8月,大学城地铁站公园,1,2,23
云南,8月,大观楼(昆明市西山区大观路284号),1,2,8
云南,8月,宁湖公园(安宁市安八线湖东路安县路),1,2,15
云南,8月,小清河,1,2,10
云南,8月,巴江河滨公园,1,2,10
云南,8月,康廊村(大理白族自治州大理市),1,2,2
云南,8月,捞渔河湿地公园(昆明市呈贡区),1,2,2
云南,8月,昆明学院(洋浦校区),1,2,14
云南,8月,普洱南部湿地,1,2,12
云南,8月,沙溪古镇金树禾,1,2,28
云南,8月,王莲酒店,1,2,2
云南,8月,石板河路,1,2,22
云南,8月,腾冲市曲石镇侯家园,1,2,8
云南,8月,芒坝,1,2,19
云南,8月,象鼻山,1,2,15
云南,8月,隆阳区芒宽彝族傣族乡旧街子,1,2,34
云南,8月,青山头,1,2,13
云南,8月,香格里拉市永泰养殖有限公司东南600米,1,2,8
云南,8月,3号游船码头,1,1,4
云南,8月,一寨两国,1,1,2
云南,8月,三坝纳西族乡,1,1,2
云南,8月,三山一河公园休息区停车场,1,1,1
云南,8月,三岔水坝河,1,1,1
云南,8月,三水碧,1,1,12
云南,8月,三角海水库,1,1,9
云南,8月,下拖卓,1,1,13
云南,8月,世界园艺博览园(盘龙区世博路10号),1,1,9
云南,8月,丛岗村大桥,1,1,7
云南,8月,东山草原,1,1,2
云南,8月,东林,1,1,27
云南,8月,东白沙河水库,1,1,6
云南,8月,东风韵,1,1,4
云南,8月,个旧市老阴山风景区,1,1,1
云南,8月,中和村银杏岔口,1,1,21
云南,8月,中国科学院哀牢山亚热带森林生态系统研究站,1,1,18
云南,8月,中济海,1,1,12
云南,8月,中科院植物园,1,1,22
云南,8月,临安古城米轨小火车主题公园,1,1,1
云南,8月,临沧市云县爱华镇,1,1,10
云南,8月,丽江古城,1,1,4
云南,8月,丽江古城束河古镇,1,1,8
云南,8月,丽江和府洲际度假酒店,1,1,1
云南,8月,丽江市玉龙纳西族自治县拉市海湿地公园,1,1,19
云南,8月,丽江站,1,1,1
云南,8月,么等新寨,1,1,7
云南,8月,乌蒙山自然保护区三江口片区,1,1,12
云南,8月,云南哀牢山国家级自然保护区,1,1,8
云南,8月,云南大学(呈贡校区),1,1,22
云南,8月,云南师大附中(呈贡校区),1,1,7
云南,8月,云南师范大学(呈贡校区),1,1,11
云南,8月,云南映象B区,1,1,4
云南,8月,云南民族大学(雨花校区)民族博物馆北侧,1,1,2
云南,8月,云南盈江那邦,1,1,57
云南,8月,云南省博物馆,1,1,1
云南,8月,云县爱华镇蜂王寨,1,1,25
云南,8月,五凤山,1,1,12
云南,8月,五华广场,1,1,2
云南,8月,会泽县大海草山风景区,1,1,2
云南,8月,保山市腾冲市来凤山国家森林公园,1,1,24
云南,8月,傣族园龙得湖,1,1,14
云南,8月,兴隆—张家村—下村,1,1,21
云南,8月,兴隆村花椒嘴到余家沟段,1,1,27
云南,8月,农耕1958房车营地,1,1,17
云南,8月,凤凰山森林公园,1,1,8
云南,8月,凤庆县勐佑镇德思里彝族佤族乡,1,1,13
云南,8月,凤庆县勐佑镇聂家寨,1,1,12
云南,8月,凤庆县砚池公园(S312北),1,1,11
云南,8月,凤庆县鲁史镇青木林,1,1,17
云南,8月,凤龙山(昆明市寻甸回族彝族自治县),1,1,8
云南,8月,勐仑镇么等村,1,1,21
云南,8月,勐嘎村,1,1,25
云南,8月,勐巴娜西珍奇园,1,1,7
云南,8月,勐海县城,1,1,1
云南,8月,勐焕银塔景区,1,1,12
云南,8月,勐腊县中国科学院西双版纳热带植物园(蒲葵大道北),1,1,12
云南,8月,勐腊县中科院植物园(罗梭江大桥东200米),1,1,3
云南,8月,勐腊县中科院植物园(蒲葵大道东400米),1,1,23
云南,8月,勐腊县中科院植物园(蒲葵大道东50米),1,1,27
云南,8月,勐腊县勐仑曼俄村民小组西南100米,1,1,1
云南,8月,勐腊县勐仑镇八哈会丈,1,1,21
云南,8月,勐腊县梦幻雨林东南300米(G219西),1,1,7
云南,8月,勐腊县热带雨林,1,1,9
云南,8月,勐腊县版纳曼安小区,1,1,5
云南,8月,勐腊县绿石林景区东北100米(G219东),1,1,16
云南,8月,勐腊县西双版纳热带雨林国家公园望天树景区,1,1,1
云南,8月,勐腊县象明彝族乡新发村,1,1,4
云南,8月,勐腊县野生食用植物园,1,1,3
云南,8月,北斗彝族乡,1,1,3
云南,8月,南京里教堂,1,1,1
云南,8月,南坪,1,1,13
云南,8月,南涧土林,1,1,3
云南,8月,南湖公园,1,1,4
云南,8月,南滇池国家湿地公园,1,1,18
云南,8月,南贡山,1,1,10
云南,8月,去曼旦村路上,1,1,3
云南,8月,双柏县大麦地镇人民政府北100米,1,1,7
云南,8月,双河村(保山市腾冲市),1,1,25
云南,8月,双虹桥,1,1,6
云南,8月,古城区清溪水库(清溪街西),1,1,4
云南,8月,吊桥,1,1,1
云南,8月,呈贡区天水嘉园(兴园路北50米),1,1,9
云南,8月,呈贡区斗南街道江尾村,1,1,32
云南,8月,呈贡区江尾天天钓场西南50米,1,1,28
云南,8月,呈贡区马金铺街道左卫,1,1,9
云南,8月,哈尼人家,1,1,12
云南,8月,噶丹松赞林寺,1,1,3
云南,8月,回音壁景点,1,1,1
云南,8月,国树国花园外,1,1,6
云南,8月,国殇墓园,1,1,1
云南,8月,国立艺术专科学校旧址,1,1,16
云南,8月,坝外,1,1,14
云南,8月,坝美世外桃源景区(广南县),1,1,19
云南,8月,塘木谷河,1,1,3
云南,8月,多乐原风景区,1,1,24
云南,8月,大地茶海,1,1,4
云南,8月,大宝寺,1,1,26
云南,8月,大理国际奥林匹克体育中心(大理市),1,1,18
云南,8月,大理国际奥林匹克体育中心北,1,1,7
云南,8月,大理大学,1,1,5
云南,8月,大理市周城(沙仁公路西),1,1,5
云南,8月,大理市洱海月湿地公园,1,1,5
云南,8月,大理市海东镇鹿卧山,1,1,7
云南,8月,大理市海舌公园东50米(西环海线北),1,1,3
云南,8月,大理洱海生态廊道,1,1,11
云南,8月,大理海舌公园,1,1,19
云南,8月,大理苍山七龙女池,1,1,10
云南,8月,大理苍山世界地质公园(214国道附近),1,1,7
云南,8月,大理苍山世界地质公园洗马潭,1,1,12
云南,8月,大理苍山世界地质公园苍山玉带云游路,1,1,8
云南,8月,大理苍山和洱海,1,1,10
云南,8月,大观楼,1,1,6
云南,8月,天池自然保护区,1,1,27
云南,8月,头道河(临沧市凤庆县),1,1,17
云南,8月,姚安县光禄古镇,1,1,9
云南,8月,字家窝,1,1,52
云南,8月,宁蒗彝族自治县泸沽湖风景区观景台(宁泸路北),1,1,5
云南,8月,安流桥,1,1,4
云南,8月,官渡区六甲街道清河村,1,1,15
云南,8月,官渡区六甲街道福保社区,1,1,8
云南,8月,官渡区小清河东北100米,1,1,16
云南,8月,官渡区山海湾1号西50米(小清河路南),1,1,14
云南,8月,官渡区枫林盛景东区(迎坡街南),1,1,1
云南,8月,官渡区蓝色庄园东150米,1,1,15
云南,8月,官渡古镇,1,1,1
云南,8月,宝峰寺,1,1,10
云南,8月,宝海公园,1,1,5
云南,8月,寥廓公园,1,1,9
云南,8月,寻甸回族彝族自治县塘子街道小海新村,1,1,3
云南,8月,寻甸回族彝族自治县易隆服务区(杭瑞高速杭州方向),1,1,1
云南,8月,小中甸服务区(西丽高速西宁方向),1,1,6
云南,8月,小官村水库,1,1,24
云南,8月,小新寨,1,1,38
云南,8月,小江尾,1,1,31
云南,8月,尼珠河大峡谷景区,1,1,16
云南,8月,巍宝山风景名胜区,1,1,24
云南,8月,川处,1,1,5
云南,8月,帽天山风景区,1,1,2
云南,8月,开远市凤凰湖公园(环湖路西200米),1,1,17
云南,8月,张家村,1,1,12
云南,8月,弥勒太平湖森林木屋酒店,1,1,6
云南,8月,德钦县书松派出所(G214北),1,1,3
云南,8月,德钦县云岭乡永支曲达,1,1,5
云南,8月,怒江大峡谷,1,1,11
云南,8月,怒江（隆阳）,1,1,1
云南,8月,思茅区普洱市梅子湖公园观景台,1,1,6
云南,8月,情侣峰(勐腊县象仑公路),1,1,24
云南,8月,戈贾森林公园,1,1,9
云南,8月,才村码头湿地,1,1,9
云南,8月,拉姆央措湖,1,1,8
云南,8月,拉玛洛上村,1,1,10
云南,8月,捞鱼河湿地公园,1,1,13
云南,8月,摩天岭,1,1,7
云南,8月,文山州人民医院(城南院区)东南,1,1,4
云南,8月,文山市盘龙森林公园(城南路东150米),1,1,14
云南,8月,文笔山景区,1,1,13
云南,8月,新平东收费站(出口方向),1,1,11
云南,8月,新平哀牢山生态旅游景区,1,1,22
云南,8月,新房子,1,1,19
云南,8月,方山胜景,1,1,5
云南,8月,无为寺(大理白族自治州大理市银桥矿线),1,1,17
云南,8月,无底湖,1,1,17
云南,8月,日尊寺,1,1,21
云南,8月,旱龙寨(保山市隆阳区),1,1,3
云南,8月,昆明世界园艺博览园药草园,1,1,5
云南,8月,昆明官渡区星海半岛湿地公园,1,1,8
云南,8月,昆明市呈贡区云南大学(呈贡校区),1,1,9
云南,8月,昆明植物园(昆明市盘龙区蓝黑路132号),1,1,2
云南,8月,昆明植物园(龙泉路610号近疗养院),1,1,7
云南,8月,昆明理工大学(呈贡校区),1,1,10
云南,8月,昆明福保半岛,1,1,9
云南,8月,昆明融创海世界(碧鸡路2999-1号),1,1,18
云南,8月,昆明西山公园,1,1,3
云南,8月,昆明西山森林公园,1,1,10
云南,8月,昆明豹子箐旅游渡假区,1,1,28
云南,8月,昆明黑龙潭公园,1,1,2
云南,8月,易门县铜厂彝族乡普子哨,1,1,6
云南,8月,星云湖望海拇小龙门,1,1,17
云南,8月,星海半岛湿地公园,1,1,5
云南,8月,春城公园,1,1,5
云南,8月,昭通市昭阳区凤凰山森林公园,1,1,14
云南,8月,普卡旺,1,1,3
云南,8月,普洱景迈山古茶林景区,1,1,4
云南,8月,普洱茶马古道旅游景区,1,1,9
云南,8月,景业农场,1,1,19
云南,8月,景东彝族自治县景福镇叶家坝,1,1,22
云南,8月,景东彝族自治县锦屏镇吊支山,1,1,6
云南,8月,景洪市勐养镇G213(景洪市茶缘休闲山庄),1,1,5
云南,8月,景洪市勐龙镇勐宋村民委员会,1,1,5
云南,8月,景洪市基诺山基诺族乡巴卡小寨,1,1,41
云南,8月,景洪市橄榄坝曼迈桑康风景区东南500米,1,1,7
云南,8月,曲石镇侯家园,1,1,20
云南,8月,曼听公园,1,1,1
云南,8月,曼昕公园,1,1,5
云南,8月,本地塆,1,1,5
云南,8月,杞麓湖国家湿地公园(海滨路),1,1,13
云南,8月,来凤寺(保山市腾冲市上西街34号),1,1,12
云南,8月,来凤山国家森林公园,1,1,25
云南,8月,来凤山国家森林公园(保山市腾冲市),1,1,33
云南,8月,来凤山观鸟点,1,1,14
云南,8月,杨家登,1,1,6
云南,8月,杨柳冲,1,1,18
云南,8月,松花坝自然保护区,1,1,1
云南,8月,林塘村,1,1,11
云南,8月,柴家坟,1,1,32
云南,8月,桂花树森林公园,1,1,14
云南,8月,梁河县勐养俊发民族中学(XN74东),1,1,5
云南,8月,梁王山(玉溪市澄江市),1,1,28
云南,8月,梅里雪山国家公园,1,1,1
云南,8月,梅里雪山景区德钦雪域神川梅里之眼观景酒店,1,1,4
云南,8月,梨花坞,1,1,1
云南,8月,棋盘山国家森林公园,1,1,15
云南,8月,楚雄彝风湿地文旅小镇,1,1,16
云南,8月,正觉庵水库,1,1,18
云南,8月,比顿咖啡产业文化园,1,1,3
云南,8月,气象站,1,1,15
云南,8月,永丰水库,1,1,16
云南,8月,永北镇,1,1,6
云南,8月,江尾村(昆明市呈贡区),1,1,20
云南,8月,沙溪古镇旅游景区,1,1,1
云南,8月,沙溪古镇石宝山沙登箐,1,1,3
云南,8月,沟谷雨林,1,1,1
云南,8月,河口瑶族自治县大围山休闲度假酒店南50米,1,1,28
云南,8月,泸水市怒江大峡谷(S230东500米),1,1,10
云南,8月,泸水市鲁掌镇姚家坪,1,1,6
云南,8月,泸沽湖摩梭墅苑(大落水村店),1,1,5
云南,8月,泸沽湖风景名胜区,1,1,7
云南,8月,洛本卓,1,1,1
云南,8月,洛龙公园,1,1,2
云南,8月,洱海公园,1,1,7
云南,8月,洱海公园(大理市洱河南路向东约1公里处),1,1,7
云南,8月,洱海公園,1,1,5
云南,8月,洱海月湿地,1,1,16
云南,8月,海埂大坝,1,1,1
云南,8月,海洪湿地公园-海埂湿地,1,1,19
云南,8月,海舌公园,1,1,20
云南,8月,湾甸傣族乡,1,1,7
云南,8月,滇池草海湖滨绿道,1,1,5
云南,8月,滇西应用技术大学(珠宝学院),1,1,6
云南,8月,滇金丝猴国家公园,1,1,18
云南,8月,滑竹梁子坝檬村,1,1,30
云南,8月,澄江市阳宗镇脚步哨村,1,1,7
云南,8月,澄江市龙街街道白泥塘,1,1,6
云南,8月,热带雨林,1,1,8
云南,8月,热带雨林民族文化博物馆-多功能厅,1,1,2
云南,8月,版纳植物园北门吊桥,1,1,1
云南,8月,独克宗古城,1,1,3
云南,8月,独龙江,1,1,87
云南,8月,玉峰寺,1,1,6
云南,8月,玉溪市新平县戛洒镇石门峡,1,1,6
云南,8月,玉龙湖公园,1,1,10
云南,8月,玉龙湾公园,1,1,6
云南,8月,玉龙纳西族自治县丽江老君山自然中心,1,1,1
云南,8月,玉龙纳西族自治县拉市镇安中,1,1,18
云南,8月,玉龙雪山4506石碑,1,1,1
云南,8月,玉龙雪山4680米石碑北,1,1,12
云南,8月,王官湿地公园,1,1,24
云南,8月,玛御谷,1,1,11
云南,8月,瑞丽南京里,1,1,27
云南,8月,瑞丽市勐秀乡人民政府(德宏勐秀乡勐秀村),1,1,6
云南,8月,瑞丽市弄片鱼塘西北200米(畹江路南),1,1,23
云南,8月,瑞丽市弄莫湖公园,1,1,21
云南,8月,白水塘水库,1,1,10
云南,8月,白沙古镇(丽江市玉龙纳西族自治县),1,1,5
云南,8月,白菜地丫口,1,1,13
云南,8月,白马雪山登仙台,1,1,19
云南,8月,白龙潭公园,1,1,4
云南,8月,百花岭32号塘,1,1,28
云南,8月,百花岭生态旅游区(保山市隆阳区),1,1,35
云南,8月,百鸡寺,1,1,3
云南,8月,盆景园,1,1,14
云南,8月,盈江国家湿地公园,1,1,27
云南,8月,盘龙区昆明植物园(枫香大道西),1,1,5
云南,8月,盘龙区昆明金殿国家森林公园(松园路东),1,1,17
云南,8月,省耕文化公园,1,1,17
云南,8月,石卡雪山,1,1,4
云南,8月,石墙野温泉,1,1,4
云南,8月,石宝山,1,1,15
云南,8月,石屏县,1,1,5
云南,8月,石林风景区,1,1,13
云南,8月,石渔花园餐厅,1,1,2
云南,8月,磨山,1,1,10
云南,8月,神鹰路与西内环路交叉口,1,1,1
云南,8月,福海村,1,1,21
云南,8月,秋木箐社区,1,1,20
云南,8月,粪箕凹,1,1,7
云南,8月,紫顶寺后门,1,1,15
云南,8月,红木村,1,1,23
云南,8月,维西县滇金丝猴专家别苑客房西北400米,1,1,7
云南,8月,美奂公园,1,1,8
云南,8月,翠湖村,1,1,13
云南,8月,老君山利苴村,1,1,20
云南,8月,老爷山,1,1,8
云南,8月,腾冲原乡栖花岭景区,1,1,15
云南,8月,腾冲和顺景区,1,1,19
云南,8月,腾冲市和顺古镇景区(秋农路北100米),1,1,14
云南,8月,腾冲市曲石镇红木村,1,1,5
云南,8月,腾冲市滇滩镇青草岭,1,1,18
云南,8月,腾冲市猴桥镇狼牙寺,1,1,1
云南,8月,腾冲市腾越街道玉壁村,1,1,18
云南,8月,腾冲雪居温泉酒店,1,1,6
云南,8月,腾冲青海湖周边,1,1,14
云南,8月,芒市大银塔东南400米(环湖路东),1,1,5
云南,8月,芒市孔雀湖旅游度假区,1,1,55
云南,8月,芒市风平镇芒里村,1,1,2
云南,8月,苍山景区-洗马潭,1,1,14
云南,8月,苍山景区苍山感通索道(大理市),1,1,17
云南,8月,茨开怒江大桥,1,1,12
云南,8月,草海湿地,1,1,16
云南,8月,葫芦岛水电站大桥,1,1,8
云南,8月,蒋家坟,1,1,10
云南,8月,蒙自正海养殖,1,1,17
云南,8月,蒙自正海养殖东300米,1,1,13
云南,8月,蒙自长桥海开心农庄,1,1,4
云南,8月,西华公园,1,1,24
云南,8月,西双版纳傣园酒店,1,1,7
云南,8月,西双版纳傣族园,1,1,2
云南,8月,西双版纳傣族自治州勐腊县中国科学院西双版纳热带植物园,1,1,8
云南,8月,西双版纳嘎洒国际机场,1,1,1
云南,8月,西双版纳州民族风情园傣乡水城,1,1,6
云南,8月,西双版纳总佛寺,1,1,1
云南,8月,西山公园,1,1,9
云南,8月,西山区云南省昆明地方海事局南100米(草海隧道北),1,1,7
云南,8月,西山区彰美村码头东150米(滇新路北),1,1,25
云南,8月,西山区彰美村码头东北300米(滇新路北),1,1,30
云南,8月,西山区海口街道大中滩,1,1,2
云南,8月,西山景区-太华寺,1,1,6
云南,8月,西山森林公园,1,1,13
云南,8月,西畴县广辉彩钢瓦(X370北),1,1,16
云南,8月,许贡箐上村,1,1,6
云南,8月,赛格公路,1,1,13
云南,8月,赛马坝,1,1,7
云南,8月,跃片公路,1,1,7
云南,8月,轿子山游雪山庄,1,1,7
云南,8月,达摩祖师洞,1,1,13
云南,8月,迪庆藏族自治州香格里拉市噶丹松赞林寺,1,1,4
云南,8月,通海县秀山历史文化公园(秀小路南400米),1,1,17
云南,8月,里务比寺寺门,1,1,12
云南,8月,野象谷热带雨林景区(一期高架观象栈道),1,1,17
云南,8月,野象谷热带雨林景区(二期高架观象栈道),1,1,7
云南,8月,野鸭湖,1,1,25
云南,8月,金龙街道金龙小学,1,1,16
云南,8月,银园停车场,1,1,6
云南,8月,银杏村旅游度假区,1,1,19
云南,8月,长桥海,1,1,12
云南,8月,长江第一湾,1,1,3
云南,8月,长江第一湾(丽江市玉龙纳西族自治县),1,1,12
云南,8月,隆阳区澡塘河西300米,1,1,6
云南,8月,隆阳区百花岭,1,1,75
云南,8月,隆阳区青华海国家湿地公园,1,1,20
云南,8月,隆阳区高黎贡山自然保护区,1,1,31
云南,8月,隆阳区高黎贡山自然保护区王家岩防火检查站西北,1,1,30
云南,8月,雅居乐云南原乡,1,1,38
云南,8月,雅居乐原乡,1,1,13
云南,8月,雨崩村,1,1,6
云南,8月,雨花毓秀,1,1,3
云南,8月,雾浓顶,1,1,16
云南,8月,青华海,1,1,13
云南,8月,青华海西湖景区,1,1,3
云南,8月,青隐山谷帐篷营地,1,1,17
云南,8月,香格里拉全县,1,1,16
云南,8月,香格里拉县独克宗古城(建塘镇),1,1,2
云南,8月,香格里拉巴拉格宗雪山冰泉养生庄园,1,1,1
云南,8月,香格里拉市三坝纳西族乡瓦厂,1,1,1
云南,8月,香格里拉市建塘镇笔那,1,1,8
云南,8月,香格里拉市开漳水第一湾酒店(G214东),1,1,2
云南,8月,香格里拉市洛吉乡神哥,1,1,18
云南,8月,香格里拉市蓝月山谷景区东门(C007北),1,1,7
云南,8月,香格里拉明珠扎西牧场,1,1,4
云南,8月,香格里拉虎跳峡景区,1,1,2
云南,8月,香格里拉高山植物园(环湖路西),1,1,4
云南,8月,香炉山,1,1,1
云南,8月,马楠村景区,1,1,9
云南,8月,高山别庄香格里拉精品酒店,1,1,9
云南,8月,高山植物园,1,1,13
云南,8月,高峣新村,1,1,13
云南,8月,高黎贡山植物园,1,1,5
云南,8月,高黎贡山自然公园,1,1,23
云南,8月,鹤庆县中国石化西邑服务区(上关方向)加油站,1,1,5
云南,8月,鹤庆草海,1,1,12
云南,8月,麒麟水乡,1,1,15
云南,8月,麻栎园,1,1,12
云南,8月,麻栎林,1,1,8
云南,8月,黄草洲国家湿地公园,1,1,35
云南,8月,黄龙箐度假山庄,1,1,3
云南,8月,黑柳村,1,1,18
云南,8月,黑龙潭公园(昆明市盘龙区蓝桉路1号),1,1,14
云南,8月,龙得湖,1,1,11
云南,8月,龙江大桥景观区,1,1,5
云南,8月,龙潭湖公园,1,1,4
云南,9月,黑龙潭公园,34,36,22
云南,9月,昆明植物园,28,32,23
云南,9月,江尾村,25,32,39
云南,9月,中国科学院西双版纳热带植物园,22,30,44
云南,9月,世博生态城,15,23,20
云南,9月,昆明世界园艺博览园东南,13,17,18
云南,9月,苍山国家地质公园,11,11,43
云南,9月,无为寺,10,18,15
云南,9月,金殿公园,10,11,24
云南,9月,蒋家坟,9,12,22
云南,9月,洱海月湿地公园,9,10,13
云南,9月,世博园,8,8,16
云南,9月,野象谷热带雨林景区,8,8,23
云南,9月,关山水库,7,13,29
云南,9月,大观公园南园,7,7,22
云南,9月,苍山玉带路,6,10,20
云南,9月,大观公园,6,7,30
云南,9月,香格里拉高山植物园,6,7,35
云南,9月,五家堆湿地公园,6,6,9
云南,9月,昆明世界园艺博览园,6,6,22
云南,9月,西山区滇池草海湖滨湿地,6,6,23
云南,9月,白马雪山,5,15,26
云南,9月,左卫塘,5,9,16
云南,9月,勐宋村,5,5,9
云南,9月,大观楼东南,5,5,14
云南,9月,小江尾,5,5,34
云南,9月,普达措国家公园,5,5,21
云南,9月,盘龙区黑龙潭公园(7204公路北),5,5,14
云南,9月,西双版纳热带植物园,4,10,27
云南,9月,林塘,4,9,22
云南,9月,呈贡区斗南街道乌龙街道,4,8,35
云南,9月,圆通山动物园,4,5,12
云南,9月,大观楼南园,4,5,18
云南,9月,昆明世界园艺博览园药草园,4,5,17
云南,9月,紫溪山,4,5,30
云南,9月,中国科学院西双版纳热带植物园热带雨林3-1,4,4,54
云南,9月,南滇池国家湿地,4,4,27
云南,9月,呈贡区乌龙街道小江尾,4,4,19
云南,9月,大理洱海生态廊道,4,4,14
云南,9月,昆明动物园-圆通山,4,4,12
云南,9月,昆明植物园-北门售票处,4,4,9
云南,9月,昆明植物园-西园,4,4,23
云南,9月,梁王山,4,4,19
云南,9月,洱海,4,4,27
云南,9月,滇池,4,4,8
云南,9月,绿石林景区-观景台,4,4,3
云南,9月,苍山洗马潭,4,4,11
云南,9月,三角海水库,3,5,31
云南,9月,江尾村(昆明市呈贡区),3,4,33
云南,9月,中国科学院西双版纳热带植物园绿石林3-1,3,3,31
云南,9月,勐仑镇,3,3,20
云南,9月,呈贡区斗南街道江尾村,3,3,28
云南,9月,和顺古镇,3,3,14
云南,9月,圆通寺,3,3,12
云南,9月,大观公园庾园(昆明市西山区),3,3,22
云南,9月,左卫,3,3,19
云南,9月,昆明植物园西园,3,3,14
云南,9月,林塘大物垂钓园,3,3,22
云南,9月,洱海月湿地公园(大理白族自治州大理市),3,3,14
云南,9月,海洪湿地公园,3,3,10
云南,9月,盈江犀鸟谷,3,3,48
云南,9月,盘龙区黑龙潭公园(昆明植物园东北200米),3,3,7
云南,9月,纳帕海,3,3,8
云南,9月,翠湖公园,3,3,5
云南,9月,草海隧道,3,3,18
云南,9月,龙龛码头,3,3,11
云南,9月,昆明学院(洋浦校区),2,19,19
云南,9月,昭通市昭阳区凤凰山森林公园,2,19,26
云南,9月,滇池草海湖滨湿地,2,8,27
云南,9月,西山区滇池,2,6,19
云南,9月,昆明滇池国家级风景名胜区西山景区,2,5,28
云南,9月,江南春赛马场公园,2,5,21
云南,9月,大理墨山艺墅私家花园,2,4,5
云南,9月,大理市银桥镇双阳村,2,4,9
云南,9月,白马雪山(迪庆藏族自治州德钦县),2,4,12
云南,9月,苍山自然影像博物馆-无为寺,2,4,9
云南,9月,西畴县法斗乡水晶石梁子,2,4,43
云南,9月,勐仑镇么等村,2,3,23
云南,9月,巍宝山风景名胜区(巍山彝族回族自治县),2,3,28
云南,9月,上阳波,2,2,9
云南,9月,东川区铜都街道龙洞村,2,2,5
云南,9月,中国科学院西双版纳热带植物园人工雨林3-1,2,2,24
云南,9月,中国科学院西双版纳热带植物园人工雨林3-2,2,2,28
云南,9月,中国科学院西双版纳热带植物园人工雨林3-3,2,2,23
云南,9月,中国科学院西双版纳热带植物园热带雨林3-3,2,2,25
云南,9月,中国科学院西双版纳热带植物园绿石林3-2,2,2,38
云南,9月,云南省版纳中科院热带植物园,2,2,21
云南,9月,云南腾冲来凤山,2,2,28
云南,9月,凤凰生态公园,2,2,18
云南,9月,大理市洱海月湿地公园,2,2,31
云南,9月,大理田边平等舍,2,2,4
云南,9月,大理苍山世界地质公园(214国道附近),2,2,19
云南,9月,岩上,2,2,13
云南,9月,巴卡小寨3-1,2,2,41
云南,9月,巴卡小寨KM553-2,2,2,19
云南,9月,才村码头湿地,2,2,5
云南,9月,捞鱼河湿地公园,2,2,9
云南,9月,昆明世界园艺博览园(白龙路439号),2,2,32
云南,9月,昆明市大观公园-南园,2,2,15
云南,9月,昆明西山森林公园,2,2,8
云南,9月,湖滨生态湿地公园,2,2,31
云南,9月,热带雨林,2,2,16
云南,9月,牛波一(茶花园店),2,2,25
云南,9月,白沙古镇(丽江市玉龙纳西族自治县),2,2,3
云南,9月,芒市孔雀湖旅游度假区,2,2,3
云南,9月,草海,2,2,17
云南,9月,蒋家坟(昆明市盘龙区),2,2,22
云南,9月,西吊桥,2,2,2
云南,9月,西山区大观五家堆湿地公园(庾园路西200米),2,2,13
云南,9月,西山区昆明市大观公园西园东南150米(庾园路西),2,2,11
云南,9月,阳宗镇梁王山,2,2,17
云南,9月,飞来寺风景区,2,2,3
云南,9月,沙溪古镇金树禾,1,5,25
云南,9月,云南农业大学,1,3,2
云南,9月,云南大学呈贡关山水库,1,3,35
云南,9月,勐腊县会龙鸟塘及周边,1,3,46
云南,9月,大学城地铁站公园,1,3,12
云南,9月,昆明官渡区星海半岛湿地公园,1,3,8
云南,9月,芒象线,1,3,28
云南,9月,万亩荷塘,1,2,19
云南,9月,中国科学院版纳植物园景东亚热带植物园,1,2,10
云南,9月,中科院版纳植物园,1,2,22
云南,9月,勐腊县勐仑阿克新寨,1,2,16
云南,9月,勐腊县野生食用植物园,1,2,11
云南,9月,捞渔河（昆明理工大学呈贡校区段),1,2,16
云南,9月,明通河畔,1,2,2
云南,9月,星云湖,1,2,38
云南,9月,晋宁区普照寺(普照路西100米),1,2,12
云南,9月,来凤山,1,2,22
云南,9月,滇西应用技术大学(珠宝学院),1,2,17
云南,9月,芒究水库,1,2,20
云南,9月,蒙自正海养殖,1,2,17
云南,9月,西双版纳南药园,1,2,3
云南,9月,象头坡,1,2,32
云南,9月,青山头,1,2,13
云南,9月,AMAN·安曼迷住野奢酒店(告庄星光夜市店),1,1,9
云南,9月,一碗水梁子,1,1,26
云南,9月,万溪冲登山步道,1,1,20
云南,9月,世博生态城半山邻里(昆明市盘龙区半山路),1,1,10
云南,9月,世界园艺博览园,1,1,13
云南,9月,东湖公园,1,1,1
云南,9月,严家村,1,1,8
云南,9月,中国科学院西双版纳热带植物园(勐仑镇),1,1,12
云南,9月,中科院植物园,1,1,9
云南,9月,丽江古城束河古镇,1,1,2
云南,9月,丽江市周边,1,1,10
云南,9月,丽江市玉龙纳西族自治县拉市海湿地公园,1,1,10
云南,9月,丽江市黑龙潭公园,1,1,6
云南,9月,丽江黑龙潭风景名胜区,1,1,10
云南,9月,么等新寨,1,1,18
云南,9月,云南大学,1,1,8
云南,9月,云南师大附中(呈贡校区),1,1,8
云南,9月,云南映象B区,1,1,1
云南,9月,云南盈江国家湿地公园栈道,1,1,15
云南,9月,云南省西双版纳傣族自治州勐腊县中国科学院西双版纳热带植物园,1,1,9
云南,9月,云南省迪庆藏族自治州香格里拉市,1,1,4
云南,9月,云南腾冲热海,1,1,4
云南,9月,云杉坪,1,1,2
云南,9月,云杉坪索道,1,1,3
云南,9月,五华区北市区荷塘月色(红锦路西),1,1,2
云南,9月,保山清华湖,1,1,14
云南,9月,傣族园+龙得湖夏日荷,1,1,7
云南,9月,公安局,1,1,6
云南,9月,兴隆村,1,1,13
云南,9月,农耕1958房车营地,1,1,1
云南,9月,冲江河,1,1,10
云南,9月,冻干草原LHR,1,1,1
云南,9月,凌虚阁,1,1,2
云南,9月,凤凰山森林公园,1,1,6
云南,9月,凯邦亚湖,1,1,1
云南,9月,利苴区域,1,1,5
云南,9月,剑湖国家湿地公园,1,1,6
云南,9月,勐焕大金塔,1,1,6
云南,9月,勐腊县中国科学院西双版纳热带植物园,1,1,34
云南,9月,勐腊县中国科学院西双版纳热带植物园(G219南),1,1,37
云南,9月,勐腊县中国科学院西双版纳热带植物园(蒲葵大道西),1,1,13
云南,9月,勐腊县中国科学院西双版纳热带植物园热带雨林区,1,1,11
云南,9月,勐腊县会龙鸟塘夜间鸟类,1,1,10
云南,9月,勐腊县勐仑镇曼岗,1,1,15
云南,9月,勐腊县南贡山保护区,1,1,18
云南,9月,勐腊县西双版纳热带雨林国家公园望天树景区,1,1,6
云南,9月,化佛山,1,1,4
云南,9月,千狮山满贤林景区,1,1,6
云南,9月,华龙湖,1,1,10
云南,9月,南华一中,1,1,1
云南,9月,古城区清溪水库(清溪街西),1,1,5
云南,9月,启别村,1,1,11
云南,9月,呈贡关山水库,1,1,23
云南,9月,呈贡区吴家营街道九号,1,1,7
云南,9月,呈贡区吴家营街道梁家阱,1,1,42
云南,9月,呈贡区天润康园南区(韶光街南),1,1,2
云南,9月,呈贡区斗南街道小江尾,1,1,45
云南,9月,呈贡区昆明江尾康乃馨花卉科技专业合作社南,1,1,16
云南,9月,呈贡区江尾4区61号楼西北100米(沿河西路北),1,1,17
云南,9月,呈贡区江尾天天钓场,1,1,18
云南,9月,呈贡区江尾村天天钓场东100米,1,1,31
云南,9月,呼马山(昆明市盘龙区),1,1,17
云南,9月,和顺景区,1,1,32
云南,9月,土瓜地,1,1,8
云南,9月,基诺山基诺族乡,1,1,3
云南,9月,大勐龙镇勐宋村,1,1,4
云南,9月,大围山自然保护区水围城景区,1,1,12
云南,9月,大理国际奥林匹克体育中心(大理市),1,1,4
云南,9月,大理实力希尔顿酒店,1,1,13
云南,9月,大理市两只猫海景客栈东50米,1,1,6
云南,9月,大理市洱海景区(洱海生态廊道东),1,1,7
云南,9月,大理市苍山洗马潭景区东北150米,1,1,5
云南,9月,大理才村湿地公园,1,1,8
云南,9月,大理洱海,1,1,4
云南,9月,大理洱海月湿地公园,1,1,7
云南,9月,大理苍山国家地质公园,1,1,7
云南,9月,大盈江畔,1,1,5
云南,9月,大观楼(昆明市西山区大观路284号),1,1,8
云南,9月,大觉寺,1,1,4
云南,9月,大马厂(善洲路),1,1,34
云南,9月,太华晚照廊,1,1,9
云南,9月,太平镇雪梨村爱心超市,1,1,1
云南,9月,女子监狱附近湿地,1,1,13
云南,9月,孔雀湖生态旅游区,1,1,23
云南,9月,安宁市太平新城街道龙马山,1,1,6
云南,9月,官渡区5D仿石漆,1,1,4
云南,9月,官渡区小清河东300米,1,1,24
云南,9月,宝丰湿地公园,1,1,13
云南,9月,宝丰湿地公园一期,1,1,13
云南,9月,屏边苗族自治县玉屏镇团山,1,1,10
云南,9月,岩子脚,1,1,30
云南,9月,峨山彝族自治县临江公园,1,1,20
云南,9月,平原镇盈江县,1,1,1
云南,9月,开远市凤凰湖公园(环湖路北),1,1,13
云南,9月,开远热带植物园,1,1,8
云南,9月,思茅区普洱市梅子湖公园观景台,1,1,6
云南,9月,拉市海湿地公园,1,1,5
云南,9月,捞渔河（雨花路段）,1,1,23
云南,9月,捞鱼河沿岸（理工大段）,1,1,15
云南,9月,文山市东山公园,1,1,16
云南,9月,斗南湿地,1,1,22
云南,9月,新寨,1,1,17
云南,9月,无底湖,1,1,2
云南,9月,昆明世界园艺博览园(竹园路),1,1,13
云南,9月,昆明动物园,1,1,11
云南,9月,昆明呈贡区捞鱼河沿岸,1,1,13
云南,9月,昆明大观公园南园庾园,1,1,7
云南,9月,昆明市区,1,1,11
云南,9月,昆明市西山区西山风景区,1,1,13
云南,9月,昆明梁王山山脊线,1,1,2
云南,9月,昆明植物园(昆明市盘龙区蓝黑路132号),1,1,1
云南,9月,昆明站,1,1,1
云南,9月,昆明翠湖公园,1,1,11
云南,9月,昆明西山公园,1,1,17
云南,9月,昆明西山区团结乡梦里水乡原始森林公园,1,1,5
云南,9月,昆明黑龙潭公园,1,1,4
云南,9月,明永冰川风景区-柏树林庙,1,1,5
云南,9月,星云湖望海拇小龙门,1,1,20
云南,9月,春城公园,1,1,5
云南,9月,晋宁区昆阳街道河嘴,1,1,18
云南,9月,晋宁区晋城镇兴隆,1,1,22
云南,9月,普洱亚太森林组织基地,1,1,12
云南,9月,普洱茶马古道旅游景区,1,1,2
云南,9月,景洪市G219(曼么新寨),1,1,1
云南,9月,曲石公墓,1,1,28
云南,9月,曼听御花园景区(曼听路217号附近),1,1,10
云南,9月,曼旦村,1,1,2
云南,9月,曼纳堵村（曼纳榄公路),1,1,3
云南,9月,杞麓湖,1,1,26
云南,9月,来凤寺(保山市腾冲市上西街34号),1,1,30
云南,9月,林塘村,1,1,11
云南,9月,格面,1,1,11
云南,9月,楚雄紫溪山风景区,1,1,5
云南,9月,樟木箐,1,1,31
云南,9月,江尾4区17号楼(沿河西路),1,1,32
云南,9月,江尾天天钓场,1,1,16
云南,9月,江尾居民委员会,1,1,24
云南,9月,江川区前卫镇新河咀,1,1,20
云南,9月,江川区前卫镇新河咀小龙门,1,1,37
云南,9月,江川区星云服务区西400米(环湖线西),1,1,29
云南,9月,沙溪古镇旅游景区,1,1,6
云南,9月,河东村(临沧市凤庆县),1,1,1
云南,9月,河口瑶族自治县大围山休闲度假酒店,1,1,10
云南,9月,泸沽湖风景名胜区,1,1,25
云南,9月,洪崩河-石梯村,1,1,23
云南,9月,洪崩河犀鸟谷,1,1,4
云南,9月,洱海公园-团山公园,1,1,1
云南,9月,洱源县茈碧湖草海湿地公园,1,1,5
云南,9月,海埂公园,1,1,8
云南,9月,清华海东湖,1,1,14
云南,9月,清明垭口,1,1,17
云南,9月,清水海,1,1,9
云南,9月,湖泉生态园,1,1,19
云南,9月,湖滨生态湿地公园（南绕城高速南侧）,1,1,25
云南,9月,滇池海埂公园,1,1,3
云南,9月,滇池福保湿地,1,1,12
云南,9月,澄江化石地博物馆,1,1,1
云南,9月,澄江市阳宗镇梁王山,1,1,7
云南,9月,炬点咖啡馆庄园店,1,1,3
云南,9月,犀鸟谷,1,1,1
云南,9月,独克宗古城,1,1,1
云南,9月,玉溪绿道环线,1,1,8
云南,9月,玉龙县丽江老君山自然中心南300米,1,1,1
云南,9月,玉龙湾高尔夫球会会所,1,1,7
云南,9月,玉龙纳西族自治县石头白族乡利苴村三岔河,1,1,1
云南,9月,玉龙雪山国家级风景名胜区,1,1,4
云南,9月,王家堆湿地,1,1,6
云南,9月,瑞丽莫里热带雨林景区,1,1,12
云南,9月,白沙地,1,1,20
云南,9月,白马雪山观景台,1,1,2
云南,9月,百花园,1,1,11
云南,9月,盆景园,1,1,12
云南,9月,盈江县太平镇下石梯,1,1,18
云南,9月,盈江县那邦村,1,1,48
云南,9月,盘龙区S241(朱家山),1,1,17
云南,9月,盘龙区昆明植物园(枫香大道西),1,1,1
云南,9月,盘龙区黑龙潭公园(7204公路北200米),1,1,6
云南,9月,石宝山,1,1,2
云南,9月,石梯村,1,1,31
云南,9月,石鼓镇,1,1,1
云南,9月,祝圣禅寺,1,1,4
云南,9月,祥云县禾甸镇城北,1,1,15
云南,9月,禄丰市广通北站,1,1,4
云南,9月,福保湿地,1,1,31
云南,9月,秋木箐,1,1,17
云南,9月,红塔区映月潭修闲文化中心(三家路北200米),1,1,15
云南,9月,红木村,1,1,20
云南,9月,绿石林景区,1,1,3
云南,9月,老君山利苴村,1,1,13
云南,9月,考拉贝酒店(解放军昆明总医院大观路店),1,1,2
云南,9月,者磨山水电二处农场南(X084),1,1,10
云南,9月,腾冲北海湿地,1,1,11
云南,9月,腾冲原乡栖花岭景区,1,1,26
云南,9月,腾冲市和顺古镇景区(秋农路北100米),1,1,13
云南,9月,腾冲市曲石镇林家铺,1,1,4
云南,9月,腾冲市来凤山国家森林公园文笔塔,1,1,17
云南,9月,芒市轩岗乡贺弄,1,1,7
云南,9月,芒杏河,1,1,14
云南,9月,苍岭镇,1,1,1
云南,9月,苍洱大道,1,1,6
云南,9月,苏典傈僳族乡,1,1,14
云南,9月,草海隧道公园,1,1,7
云南,9月,董干镇,1,1,7
云南,9月,蒙自市雨过铺街道永宁村,1,1,15
云南,9月,蒙自正海养殖东300米,1,1,13
云南,9月,虎跳峡徒步路线,1,1,3
云南,9月,补蚌村,1,1,2
云南,9月,西南林业大学,1,1,2
云南,9月,西南林业大学(白龙校区),1,1,15
云南,9月,西双版纳傣族自治州勐腊县南贡山,1,1,11
云南,9月,西双版纳原始森林公园,1,1,2
云南,9月,西双版纳嘎洒国际机场,1,1,1
云南,9月,西双版纳洲际度假酒店,1,1,3
云南,9月,西双版纳滨江公园,1,1,7
云南,9月,西双版纳热带花卉园,1,1,7
云南,9月,西双版纳热带花卉园(宣慰大道99号),1,1,11
云南,9月,西双版纳热带雨林国家公园南沙河鸟塘,1,1,1
云南,9月,西双版纳野象谷景区-高架栈道,1,1,4
云南,9月,西山区五家堆湿地公园(庾园路西),1,1,12
云南,9月,西山区大观五家堆湿地公园(庾园路西100米),1,1,8
云南,9月,西山区大观公园庾园(庾园路西100米),1,1,3
云南,9月,西山景区-太华古道,1,1,6
云南,9月,西山景区-太华寺,1,1,7
云南,9月,西山景区-玉兰园,1,1,16
云南,9月,西山森林公园,1,1,2
云南,9月,西畴县法斗乡社会保障服务中心北50米,1,1,1
云南,9月,迪庆藏族自治州香格里拉市普达措国家公园-香格里拉风景区,1,1,4
云南,9月,迪庆香格里拉机场,1,1,1
云南,9月,通海县杞麓湖国家湿地公园(沙沟线北),1,1,27
云南,9月,通海县绿缘网套厂南100米(江通公路东),1,1,27
云南,9月,那柯里茶马驿站景区,1,1,2
云南,9月,那邦镇昔马古道,1,1,47
云南,9月,郊野公园,1,1,12
云南,9月,野象谷热带雨林景区(二期高架观象栈道),1,1,3
云南,9月,金殿风景名胜区,1,1,9
云南,9月,金殿风景名胜区-鹦鹉园,1,1,11
云南,9月,锅盖山,1,1,12
云南,9月,长桥海,1,1,11
云南,9月,阿布吉措,1,1,1
云南,9月,雨崩村,1,1,5
云南,9月,飞来寺,1,1,7
云南,9月,香格里拉市独克宗古城,1,1,1
云南,9月,香格里拉虎跳峡景区,1,1,3
云南,9月,高黎贡山百花岭,1,1,30
云南,9月,高黎贡山自然保护区王家岩防火检查站,1,1,23
云南,9月,鸟道雄关,1,1,24
云南,9月,龙得湖,1,1,11
云南,10月,黑龙潭公园,30,37,32
云南,10月,昆明植物园,28,36,17
云南,10月,中国科学院西双版纳热带植物园,25,53,38
云南,10月,野象谷热带雨林景区,14,16,29
云南,10月,片马公路沿途,12,30,65
云南,10月,石梯村,12,16,60
云南,10月,金殿公园,12,13,16
云南,10月,云南腾冲来凤山,11,13,36
云南,10月,香额湖,11,11,14
云南,10月,中科院版纳植物园,10,13,56
云南,10月,和顺古镇,10,11,34
云南,10月,盈江国家湿地公园,10,10,40
云南,10月,盈江犀鸟谷,9,13,96
云南,10月,无为寺,9,11,22
云南,10月,大盈江湿地公园,9,10,36
云南,10月,盈江县太平镇下石梯,9,10,65
云南,10月,喊沙奘寺,9,9,2
云南,10月,那邦田,9,9,31
云南,10月,关山水库,8,13,30
云南,10月,瑞丽市弄莫湖公园(团结路北),8,8,18
云南,10月,洪崩河犀鸟谷,7,9,42
云南,10月,福保湿地,7,8,30
云南,10月,芒市风平镇弄坎,7,8,34
云南,10月,香格里拉高山植物园,7,8,31
云南,10月,13号鸟塘,7,7,24
云南,10月,瑞丽市勐秀乡帮养,7,7,31
云南,10月,紫溪山,7,7,43
云南,10月,昆明滇池国家级风景名胜区西山景区,6,11,26
云南,10月,来凤山国家森林公园,6,9,22
云南,10月,云南盈江国家湿地公园与纳邦,6,8,37
云南,10月,殊馨亭(德宏傣族景颇族自治州盈江县),6,8,8
云南,10月,瑞丽南京里,6,7,32
云南,10月,剑湖国家湿地公园,6,6,24
云南,10月,大盈江国家级风景名胜区花海,6,6,8
云南,10月,洱海月湿地公园,6,6,39
云南,10月,瑞丽沿江,6,6,13
云南,10月,白马雪山,6,6,26
云南,10月,盈江县1号鸟类监测点(X036南),6,6,10
云南,10月,盈江县铜壁关乡中学南150米(芒那公路西),6,6,1
云南,10月,盈江县铜壁关乡腊卖,6,6,1
云南,10月,神秘果树,6,6,5
云南,10月,高黎贡山姜家寨鸟类监测点(保山市腾冲市),6,6,38
云南,10月,独龙江,5,11,63
云南,10月,世博园,5,7,16
云南,10月,芒坝,5,7,69
云南,10月,西双版纳热带植物园,5,7,39
云南,10月,云南省版纳中科院热带植物园,5,5,33
云南,10月,来凤山观鸟点,5,5,23
云南,10月,盈江县观景台(允燕大道南),5,5,6
云南,10月,纳帕海,5,5,15
云南,10月,绿石林景区,5,5,8
云南,10月,苍山玉带路,5,5,39
云南,10月,隆阳区瓦房服务区(保泸高速北),5,5,18
云南,10月,滇池福保湿地,4,9,36
云南,10月,和顺古镇景区,4,8,12
云南,10月,凤龙山(昆明市寻甸回族彝族自治县),4,6,26
云南,10月,江尾村,4,6,33
云南,10月,凤凰山,4,5,28
云南,10月,景洪市勐龙镇勐宋村,4,5,18
云南,10月,芒市孔雀湖旅游度假区,4,5,16
云南,10月,西双版纳热带花卉园,4,5,18
云南,10月,三道河,4,4,2
云南,10月,云南盈江国家湿地公园栈道,4,4,23
云南,10月,云南盈江那邦,4,4,43
云南,10月,云南省保山市腾冲市S238,4,4,1
云南,10月,云南省怒江片马姚家坪,4,4,64
云南,10月,云南省西双版纳勐腊县勐仑镇么等新寨,4,4,24
云南,10月,勐宋村,4,4,19
云南,10月,南涧彝族自治县无量山樱花谷蜂巢驿站(南涧樱花谷店),4,4,7
云南,10月,大理洱海生态廊道,4,4,17
云南,10月,小旧城,4,4,2
云南,10月,昆明世界园艺博览园药草园,4,4,19
云南,10月,浪坝塘,4,4,14
云南,10月,灵宝山,4,4,24
云南,10月,瑞丽市畹町镇峦允阳山,4,4,26
云南,10月,盈江县城--梁河途中,4,4,1
云南,10月,盈江广场(花园巷),4,4,2
云南,10月,盘龙区黑龙潭公园(7204公路北),4,4,16
云南,10月,盘龙区黑龙潭公园(7204公路北200米),4,4,13
云南,10月,腾冲湿地-北海湿地,4,4,10
云南,10月,铜壁关,4,4,61
云南,10月,青华海国家湿地公园,4,4,28
云南,10月,昆明世界园艺博览园东南,3,7,24
云南,10月,高黎贡山百花岭,3,7,47
云南,10月,开远市永华种鸡场东北700米,3,5,21
云南,10月,凤庆县三岔河镇下寨,3,4,27
云南,10月,官渡区六甲街道福保村,3,4,38
云南,10月,沧源佤族自治县勐角傣族彝族拉祜族乡翁丁垭口,3,4,33
云南,10月,海洪湿地公园,3,4,10
云南,10月,白马雪山垭口,3,4,11
云南,10月,者摩山,3,4,44
云南,10月,草海隧道,3,4,22
云南,10月,高黎贡山姜家寨鸟类监测点,3,4,90
云南,10月,世博生态城,3,3,21
云南,10月,云县爱华镇蜂王寨,3,3,23
云南,10月,勐仑镇么等村,3,3,17
云南,10月,勐腊县中国科学院西双版纳热带植物园热带雨林区,3,3,26
云南,10月,勐腊县植物迷宫(蒲葵大道西),3,3,52
云南,10月,勐腊县百草亭(蒲葵大道西),3,3,43
云南,10月,南京里村,3,3,33
云南,10月,大理无为寺,3,3,14
云南,10月,大理苍山和洱海,3,3,10
云南,10月,孟定农场总场,3,3,17
云南,10月,小李鸟塘,3,3,26
云南,10月,开远市羊街乡新寨,3,3,23
云南,10月,思茅港镇大尖山,3,3,38
云南,10月,思茅港镇芒坝,3,3,9
云南,10月,昆明动物园,3,3,14
云南,10月,昆明动物园-圆通山,3,3,11
云南,10月,普达措国家公园,3,3,28
云南,10月,永平服务区,3,3,7
云南,10月,海埂公园,3,3,6
云南,10月,瑞丽马尔代夫,3,3,20
云南,10月,翠湖公园,3,3,16
云南,10月,西双版纳热带植物园吊桥,3,3,8
云南,10月,金殿风景名胜区,3,3,16
云南,10月,陇川县户撒阿昌族乡曼燕,3,3,14
云南,10月,青山公园,3,3,10
云南,10月,龙得湖,3,3,11
云南,10月,昆明学院(洋浦校区),2,20,22
云南,10月,昭通市昭阳区凤凰山森林公园,2,19,37
云南,10月,普者黑,2,6,16
云南,10月,大寨子村,2,4,25
云南,10月,象头坡,2,4,34
云南,10月,中国科学院西双版纳热带植物园人工雨林3-4,2,3,27
云南,10月,凤庆县勐佑镇聂家寨,2,3,20
云南,10月,四十八道河,2,3,8
云南,10月,昆明市呈贡区云南大学(呈贡校区),2,3,2
云南,10月,春林宾馆,2,3,5
云南,10月,片马,2,3,102
云南,10月,班洪乡,2,3,9
云南,10月,盈江县太平镇雪梨村二分室东北100米,2,3,6
云南,10月,盘龙区黑龙潭公园(昆明植物园东北200米),2,3,18
云南,10月,腾冲市和顺古镇景区(大石巷东400米),2,3,20
云南,10月,丛岗村大桥,2,2,22
云南,10月,中国科学院西双版纳热带植物园热带雨林3-4,2,2,58
云南,10月,中国科学院西双版纳热带植物园绿石林3-3,2,2,31
云南,10月,中国科学院西双版纳热带植物园绿石林3-4,2,2,31
云南,10月,丽江老君山自然中心,2,2,53
云南,10月,九十九龙潭之一,2,2,24
云南,10月,云南保山百花岭周边,2,2,28
云南,10月,云南大学东陆校区,2,2,9
云南,10月,云南太阳河自然保护区,2,2,6
云南,10月,云南陇川户撒东山,2,2,1
云南,10月,保山青华海国家湿地公园,2,2,27
云南,10月,共比,2,2,5
云南,10月,勐腊县中国科学院西双版纳热带植物园(蒲葵大道北),2,2,21
云南,10月,勐腊县中科院植物园西游览区,2,2,25
云南,10月,勐腊县勐仑镇腊独山,2,2,4
云南,10月,北海湿地景区,2,2,8
云南,10月,南涧彝族自治县灵宝山西北200米(沙乐线),2,2,65
云南,10月,南滇池国家湿地(昆明市晋宁区),2,2,12
云南,10月,南立线,2,2,9
云南,10月,圆通山动物园,2,2,19
云南,10月,大牯牛山,2,2,10
云南,10月,大理洱海月湿地公园,2,2,18
云南,10月,官渡区小清河东300米,2,2,28
云南,10月,小沙坝半山酒店,2,2,8
云南,10月,小清河,2,2,11
云南,10月,尹家,2,2,8
云南,10月,巴卡小寨KM55-3-4,2,2,49
云南,10月,巴卡小寨KM553-3,2,2,54
云南,10月,开远市永华种鸡西50米(卧古段北),2,2,23
云南,10月,弄么村(德宏傣族景颇族自治州梁河县),2,2,6
云南,10月,拉市海湿地公园,2,2,8
云南,10月,斗南湿地,2,2,17
云南,10月,昆明植物园(昆明市盘龙区),2,2,20
云南,10月,昆明植物园-西园,2,2,14
云南,10月,昆明黑龙潭公园,2,2,10
云南,10月,来凤寺(保山市腾冲市上西街34号),2,2,22
云南,10月,林家铺林场(保山市腾冲市曲石镇),2,2,7
云南,10月,永平服务区(杭瑞高速瑞丽方向),2,2,8
云南,10月,沧源佤族自治县芒卡镇G219(来片新寨),2,2,17
云南,10月,泸水市鲁掌镇片马丫口,2,2,19
云南,10月,洪崩河-石梯村,2,2,57
云南,10月,海东湿地公园,2,2,29
云南,10月,滇池东大河湿地,2,2,19
云南,10月,滇池海埂公园,2,2,11
云南,10月,滇金丝猴国家公园,2,2,7
云南,10月,片马抗英博物馆,2,2,4
云南,10月,犀鸟客栈,2,2,13
云南,10月,独克宗古城,2,2,1
云南,10月,玉溪白龙潭风景区,2,2,18
云南,10月,玉龙湖公园,2,2,10
云南,10月,王家堆湿地,2,2,28
云南,10月,班洪山,2,2,15
云南,10月,瑞丽,2,2,5
云南,10月,瑞丽市弄莫湖公园,2,2,3
云南,10月,白马雪山(迪庆藏族自治州德钦县),2,2,30
云南,10月,盈江县太平镇下帮瓦,2,2,8
云南,10月,盈江县太平镇铁莫崩山,2,2,20
云南,10月,盈江县那邦镇那邦田,2,2,24
云南,10月,盘龙区昆明植物园(枫香大道南),2,2,19
云南,10月,盘龙区黑龙潭公园(昆明植物园东北150米),2,2,12
云南,10月,粒述·咖啡庄园观景台,2,2,8
云南,10月,节基坪,2,2,16
云南,10月,芒合村,2,2,26
云南,10月,芒坑(临沧市耿马傣族佤族自治县),2,2,19
云南,10月,芒象线,2,2,25
云南,10月,苍山洗马潭,2,2,7
云南,10月,草海隧道公园,2,2,18
云南,10月,西山区滇池草海湖滨湿地,2,2,16
云南,10月,西山区福海街道韩家小村,2,2,24
云南,10月,边寨喊沙景区,2,2,2
云南,10月,那邦镇一号观鸟点,2,2,15
云南,10月,野象谷热带雨林景区(二期高架观象栈道),2,2,16
云南,10月,野象谷热带雨林景区游客中心(G213),2,2,39
云南,10月,金山丫口观景台,2,2,8
云南,10月,香额湖(德宏傣族景颇族自治州盈江县),2,2,13
云南,10月,沙溪古镇金树禾,1,11,32
云南,10月,三角海水库,1,3,27
云南,10月,云南农业大学,1,3,6
云南,10月,江南春赛马场公园,1,3,30
云南,10月,滇池草海湖滨湿地,1,3,33
云南,10月,滇西应用技术大学(珠宝学院),1,3,15
云南,10月,百花园,1,3,15
云南,10月,高黎贡山西坡,1,3,61
云南,10月,万亩荷塘,1,2,20
云南,10月,中国科学院西双版纳热带植物园(勐仑镇),1,2,21
云南,10月,中国科学院西双版纳热带植物园东区绿石林下车点桥上,1,2,6
云南,10月,云南师大附中(呈贡校区),1,2,12
云南,10月,勐腊县会龙特色旅游村,1,2,47
云南,10月,勐腊县会龙鸟塘及周边,1,2,53
云南,10月,双龙公园,1,2,10
云南,10月,呈贡区乌龙垂恩寺,1,2,22
云南,10月,呈贡区西亚山庄(安石公路南),1,2,17
云南,10月,大观公园,1,2,29
云南,10月,太保山森林公园,1,2,12
云南,10月,宣威市羊场镇鲁车,1,2,16
云南,10月,捞渔河（雨花路段）,1,2,16
云南,10月,普卡旺,1,2,12
云南,10月,普洱亚太森林组织基地,1,2,12
云南,10月,普洱景迈山古茶林景区,1,2,17
云南,10月,沙溪古镇旅游景区,1,2,8
云南,10月,湖滨生态湿地-草海隧道东岸-余园,1,2,32
云南,10月,湖滨生态湿地公园,1,2,10
云南,10月,独龙江国家公园,1,2,21
云南,10月,班老乡,1,2,2
云南,10月,盈江县那邦镇东抱光山,1,2,7
云南,10月,盈江广场,1,2,2
云南,10月,马库村,1,2,46
云南,10月,G219与南立线交叉口,1,1,6
云南,10月,七彩云南·欢乐世界,1,1,4
云南,10月,三角海-长桥海,1,1,39
云南,10月,上石梯西998米,1,1,17
云南,10月,下石梯,1,1,30
云南,10月,下石梯东629米,1,1,41
云南,10月,下马合(临沧市凤庆县),1,1,2
云南,10月,东东山(临沧市凤庆县),1,1,16
云南,10月,东山顶,1,1,20
云南,10月,东湖公园,1,1,2
云南,10月,个旧市梨源哨冲南200米,1,1,6
云南,10月,丫洒底村,1,1,17
云南,10月,中国滇金丝猴研究基地,1,1,3
云南,10月,中国科学院哀牢山亚热带森林生态系统研究站,1,1,10
云南,10月,中国科学院西双版纳热带植物园-勐仑植物园,1,1,59
云南,10月,中国科学院西双版纳热带植物园名人名树园附近,1,1,17
云南,10月,中央丽城,1,1,3
云南,10月,中山,1,1,8
云南,10月,中科院植物园,1,1,18
云南,10月,临沧佳能达医药有限公司,1,1,15
云南,10月,临沧边境经济合作区管委会,1,1,6
云南,10月,临翔区,1,1,11
云南,10月,丽江古城,1,1,1
云南,10月,丽江古城束河古镇,1,1,7
云南,10月,丽江市玉龙纳西族自治县拉市海湿地公园,1,1,23
云南,10月,丽江黑龙潭风景名胜区,1,1,7
云南,10月,丽江黑龙潭风景名胜区(古城区民主路1号),1,1,11
云南,10月,么等新寨,1,1,13
云南,10月,书松村老路,1,1,6
云南,10月,云南保山高黎贡山保山段,1,1,12
云南,10月,云南保山高黎贡山赧亢,1,1,1
云南,10月,云南哀牢山国家级自然保护区,1,1,28
云南,10月,云南大学(呈贡校区),1,1,16
云南,10月,云南大学呈贡关山水库,1,1,38
云南,10月,云南大学泽湖(昆明市呈贡区广田东路),1,1,17
云南,10月,云南大学鼎鑫学生生活园区,1,1,3
云南,10月,云南弥勒大佛,1,1,12
云南,10月,云南映象B区,1,1,1
云南,10月,云南盈江县石梯村,1,1,18
云南,10月,云南盈江国家湿地公园,1,1,30
云南,10月,云南省工人疗养院,1,1,28
云南,10月,云南省昆明市西山区G56(高峣立交桥),1,1,7
云南,10月,云南省林业和草原局,1,1,4
云南,10月,云峰山道观,1,1,9
云南,10月,五华区云南国际商务大厦(宝善街北),1,1,1
云南,10月,五境乡,1,1,9
云南,10月,五老山国家森林公园(临翔区五老山瀑布段),1,1,12
云南,10月,佳兆业城市广场营销中心,1,1,5
云南,10月,保山市,1,1,9
云南,10月,元江哈尼族彝族傣族自治县羊街乡南嵩,1,1,7
云南,10月,兴隆—张家村—下村,1,1,42
云南,10月,凤庆县勐佑镇德思里彝族佤族乡,1,1,7
云南,10月,凤庆县小湾观景台北100米(凤小公路东),1,1,8
云南,10月,凤庆县砚池公园(S312北),1,1,18
云南,10月,凤龙山,1,1,12
云南,10月,剑川县金华镇环湖公路东500米,1,1,8
云南,10月,剑湖,1,1,7
云南,10月,剑湖湿地,1,1,9
云南,10月,勐仑镇,1,1,1
云南,10月,勐宋,1,1,42
云南,10月,勐巴娜西珍奇园,1,1,14
云南,10月,勐海县,1,1,3
云南,10月,勐腊县中国科学院西双版纳热带植物园(罗梭江大桥),1,1,42
云南,10月,勐腊县中国科学院西双版纳热带植物园(蒲葵大道西),1,1,9
云南,10月,勐腊县中科院植物园(罗梭江大桥东200米),1,1,21
云南,10月,勐腊县会龙鸟塘及周边夜刷,1,1,3
云南,10月,勐腊县勐仑镇坝卡回掌,1,1,15
云南,10月,勐腊县荷风香远,1,1,3
云南,10月,勐腊县菲利普小道,1,1,12
云南,10月,勒勐,1,1,9
云南,10月,千步崖,1,1,23
云南,10月,华龙湖,1,1,5
云南,10月,南涧彝族自治县公郎镇阿嘎,1,1,43
云南,10月,南涧彝族自治县拥翠服务区(泸宁高速成都方向),1,1,1
云南,10月,南滇池国家湿地,1,1,7
云南,10月,南郎,1,1,12
云南,10月,卡场镇,1,1,24
云南,10月,呈贡关山水库,1,1,21
云南,10月,呈贡区天水嘉园(兴园路北50米),1,1,2
云南,10月,呈贡区斗南街道乌龙街道,1,1,20
云南,10月,呈贡区斗南街道江尾村,1,1,7
云南,10月,响古箐傈僳族传统村落,1,1,7
云南,10月,哨冲,1,1,9
云南,10月,圆通山 昆明动物园,1,1,12
云南,10月,坝子地(临沧市凤庆县),1,1,14
云南,10月,墨江哈尼族自治县泗南江镇刺竹林梁子,1,1,17
云南,10月,大卡村(西双版纳傣族自治州勐腊县),1,1,15
云南,10月,大学城地铁站公园,1,1,8
云南,10月,大理古城,1,1,1
云南,10月,大理国际奥林匹克体育中心东,1,1,11
云南,10月,大理大学,1,1,2
云南,10月,大理市太和街道宝林村,1,1,8
云南,10月,大理市洱海景区,1,1,1
云南,10月,大理市洱海景区清碧溪湿地(西环海线北),1,1,4
云南,10月,大理洱海,1,1,5
云南,10月,大理港东北50米(滨海大道北),1,1,9
云南,10月,大理苍山世界地质公园,1,1,1
云南,10月,大理苍山国家地质公园,1,1,11
云南,10月,天水嘉园,1,1,7
云南,10月,太平镇X036东,1,1,5
云南,10月,姜家寨(保山市腾冲市),1,1,9
云南,10月,威信县扎西镇狮子沟,1,1,5
云南,10月,威信县高田乡老林坝,1,1,2
云南,10月,宁洱哈尼族彝族自治县勐先镇菜子地丫口,1,1,15
云南,10月,官渡区六甲街道福保居民委员会,1,1,37
云南,10月,官渡区宝丰湿地公园一期(环湖东路南150米),1,1,13
云南,10月,官渡区山海生态运动休闲公园(海田路西100米),1,1,2
云南,10月,官渡区蓝色庄园东150米,1,1,12
云南,10月,官渡区西亮塘湿地公园(宝象河东路南200米),1,1,4
云南,10月,宜耐待客处,1,1,2
云南,10月,宝丰湿地公园-宝象河入湖口湿地,1,1,7
云南,10月,寻甸回族彝族自治县功山镇凤龙山,1,1,20
云南,10月,寻甸回族彝族自治县功山镇种羊场一队双坟,1,1,12
云南,10月,小松鼠的秘境,1,1,9
云南,10月,小渔村,1,1,19
云南,10月,尼农,1,1,1
云南,10月,屏边大围山原始森林公园,1,1,21
云南,10月,属都湖,1,1,6
云南,10月,岩羊山,1,1,24
云南,10月,嵩明县牛栏江镇大尖山,1,1,6
云南,10月,巍宝山风景名胜区,1,1,21
云南,10月,帽天山风景区,1,1,7
云南,10月,开远三角海西岸,1,1,23
云南,10月,开远市三角海水库西北100米,1,1,15
云南,10月,开远市永华种鸡东500米,1,1,25
云南,10月,弄莫湖,1,1,4
云南,10月,怒江傈僳族自治州泸水市青山公园,1,1,9
云南,10月,思茅港镇芒蚌,1,1,13
云南,10月,恒邦购物广场,1,1,1
云南,10月,抚仙湖大河口生态湿地公园,1,1,15
云南,10月,抚仙湖马房村生态湿地公园,1,1,10
云南,10月,拉姆央措湖观鸟,1,1,1
云南,10月,拉市海,1,1,20
云南,10月,文山市东山公园,1,1,15
云南,10月,文山市盘龙森林公园(城南路东150米),1,1,18
云南,10月,文山市盘龙森林公园(开化南路南),1,1,12
云南,10月,文笔山景区,1,1,10
云南,10月,新华通讯社云南分社北(红塔西路),1,1,1
云南,10月,新河社区,1,1,5
云南,10月,新洱海月,1,1,1
云南,10月,昆明世界园艺博览园,1,1,16
云南,10月,昆明官渡王官湿地公园,1,1,6
云南,10月,昆明市呈贡区乌龙垂恩寺西50米,1,1,6
云南,10月,昆明翠湖公园,1,1,8
云南,10月,昆明西山森林公园,1,1,14
云南,10月,昆明金殿周边,1,1,8
云南,10月,昌宁县天堂国有林场,1,1,20
云南,10月,明永冰川风景区-柏树林庙,1,1,11
云南,10月,明通河畔,1,1,1
云南,10月,星云湖,1,1,27
云南,10月,星云湖望海拇小龙门,1,1,31
云南,10月,星海半岛湿地公园,1,1,20
云南,10月,普者黑十里桃花花果山,1,1,3
云南,10月,普者黑风景区,1,1,1
云南,10月,普达措公园,1,1,6
云南,10月,景东彝族自治县徐家坝生态旅游区北600米,1,1,6
云南,10月,景洪市G219(西双版纳五云丰胜度假酒店),1,1,3
云南,10月,景洪市勐龙镇勐宋村民委员会,1,1,5
云南,10月,景洪市勐龙镇妙丘卜鲁,1,1,16
云南,10月,曲宗贡大本营],1,1,3
云南,10月,曲靖师范学院(麒麟区三江大道222号),1,1,1
云南,10月,曼勒(西双版纳傣族自治州勐海县),1,1,17
云南,10月,曼听御花园景区(曼听路217号附近),1,1,4
云南,10月,曼哈,1,1,1
云南,10月,木笼河上寨,1,1,1
云南,10月,柚木寨(德宏盈江县),1,1,1
云南,10月,格面,1,1,6
云南,10月,梁王山,1,1,8
云南,10月,棉花林(临沧市凤庆县),1,1,15
云南,10月,楚雄紫溪山风景区,1,1,28
云南,10月,永善县溪落渡镇二坪子,1,1,6
云南,10月,江坡村,1,1,2
云南,10月,江尾天天钓场,1,1,9
云南,10月,江川区江城镇环湖西线,1,1,7
云南,10月,沧源佤族自治县滨河商贸城西北(司岗里大道南),1,1,8
云南,10月,沧源佤族自治县焦山村委会(G219东),1,1,6
云南,10月,沧源佤族自治县班洪乡南板村民委员会,1,1,7
云南,10月,沧源佤族自治县班洪乡芒冷,1,1,35
云南,10月,沧源佤族自治县班洪乡芒库村,1,1,41
云南,10月,沧源佤族自治县班老乡怕囊下寨,1,1,2
云南,10月,沧源南滚河自然保护区,1,1,11
云南,10月,河东村(临沧市凤庆县),1,1,2
云南,10月,泸水市怒江驼峰航线纪念馆,1,1,2
云南,10月,泸沽湖风景名胜区,1,1,4
云南,10月,泽湖,1,1,10
云南,10月,洛龙公园,1,1,5
云南,10月,洛龙河入滇口和谐公园停车点,1,1,27
云南,10月,洪漰河调压井,1,1,17
云南,10月,洱海公园-团山,1,1,19
云南,10月,洱海生态廊道(才村码头服务站),1,1,6
云南,10月,洱源县西湖中心完小,1,1,15
云南,10月,海埂东码头,1,1,14
云南,10月,海埂大坝,1,1,6
云南,10月,清水海,1,1,5
云南,10月,滇池,1,1,1
云南,10月,潘所海湿地,1,1,2
云南,10月,澄江市阳宗镇烟包山,1,1,3
云南,10月,澜沧拉祜族自治县拉祜风情园(水库西路东50米),1,1,1
云南,10月,澜沧拉祜族自治县翁基布朗族古寨,1,1,5
云南,10月,灵芝湖森林公园,1,1,10
云南,10月,炬点咖啡馆庄园店,1,1,8
云南,10月,片马丫口,1,1,34
云南,10月,片马镇,1,1,41
云南,10月,王官湿地公园,1,1,10
云南,10月,玛御谷,1,1,9
云南,10月,瑞丽周边,1,1,14
云南,10月,瑞丽服务区(G56北),1,1,1
云南,10月,瑞丽江,1,1,51
云南,10月,瑞丽畹町生态园,1,1,10
云南,10月,瑞丽莫里热带雨林景区,1,1,7
云南,10月,瑞丽马尔代夫南1000米,1,1,30
云南,10月,畹町镇,1,1,44
云南,10月,白龙潭公园,1,1,14
云南,10月,百花岭村,1,1,7
云南,10月,百花岭村景区,1,1,4
云南,10月,盆景园,1,1,7
云南,10月,盈江县,1,1,26
云南,10月,盈江县17号鸟类观测点西北50米(X036西),1,1,5
云南,10月,盈江县21号鸟类观测点东北200米,1,1,22
云南,10月,盈江县8号鸟类观测点南200米(X036北),1,1,10
云南,10月,盈江县南方丝绸之路国际起点,1,1,9
云南,10月,盈江县太平镇X036(13号拍摄位),1,1,3
云南,10月,盈江县太平镇银洞,1,1,1
云南,10月,盈江县平原镇姐满大盈江,1,1,9
云南,10月,盈江县旧城村,1,1,8
云南,10月,盈江县石梯卡河北500米,1,1,18
云南,10月,盈江县苏典傈僳族乡腊马河,1,1,31
云南,10月,盈江县那邦村,1,1,10
云南,10月,盈江县那邦镇柚木寨,1,1,15
云南,10月,盈江县铜壁关乡省道319,1,1,28
云南,10月,盈江县香额湖东南50米,1,1,25
云南,10月,盈江国家湿地公园@鸟记,1,1,6
云南,10月,盘龙区S241(朱家山),1,1,18
云南,10月,盘龙区世博半山邻里(半山路西),1,1,6
云南,10月,盘龙区昆明金殿国家森林公园(松园路东),1,1,9
云南,10月,盘龙区蒋家坟南600米,1,1,8
云南,10月,盘龙区黑龙潭公园(春华路西),1,1,6
云南,10月,石卡雪山,1,1,2
云南,10月,石头寨河桥,1,1,12
云南,10月,石林霄鲁酱菜厂,1,1,2
云南,10月,石梯11号塘,1,1,3
云南,10月,石门坎野钓乐园,1,1,19
云南,10月,石鼓镇,1,1,18
云南,10月,磨山,1,1,5
云南,10月,福保居民委员会,1,1,21
云南,10月,福保村,1,1,23
云南,10月,福保社区,1,1,24
云南,10月,福贡县马吉乡古当村,1,1,1
云南,10月,秀山公园,1,1,8
云南,10月,秀山历史文化公园(通海县博物馆南侧),1,1,9
云南,10月,秋木箐,1,1,17
云南,10月,糯干古寨,1,1,7
云南,10月,红塔区大营街街道大密罗村,1,1,6
云南,10月,红河哈尼族彝族自治州人民政府,1,1,13
云南,10月,红箐村,1,1,1
云南,10月,纳帕海景区,1,1,2
云南,10月,结义村,1,1,3
云南,10月,维西县滇金丝猴专家别苑客房西北400米,1,1,21
云南,10月,绿石林景区-观景台,1,1,8
云南,10月,罗平油菜花海,1,1,4
云南,10月,老傅梁子,1,1,17
云南,10月,老君山,1,1,32
云南,10月,老君山利苴村,1,1,19
云南,10月,老圭山,1,1,26
云南,10月,老曼峨(西双版纳傣族自治州勐海县),1,1,1
云南,10月,耿马219附近,1,1,7
云南,10月,耿马傣族佤族自治县南木算大桥东北,1,1,3
云南,10月,腾冲主城区文星楼亚朵酒店,1,1,1
云南,10月,腾冲休养中心(绮罗酒店),1,1,4
云南,10月,腾冲北海湿地,1,1,5
云南,10月,腾冲和顺景区,1,1,14
云南,10月,腾冲市凤岭坊,1,1,14
云南,10月,腾冲市姜家寨,1,1,11
云南,10月,腾冲市曲石镇姜家寨,1,1,21
云南,10月,腾冲市曲石镇林家铺,1,1,14
云南,10月,腾冲市曲石镇黑鱼洞,1,1,18
云南,10月,腾冲市来凤寺南50米,1,1,6
云南,10月,腾冲市猛禽监测点,1,1,18
云南,10月,腾冲火山地热国家地质公园,1,1,2
云南,10月,腾冲热海景区,1,1,38
云南,10月,腾冲瑷珲主题公园,1,1,5
云南,10月,节基坪-马鬃岭梁子徒步路线,1,1,6
云南,10月,芒坝村,1,1,19
云南,10月,芒市大银塔东南400米(环湖路东),1,1,5
云南,10月,芒市机场附近,1,1,9
云南,10月,芒景村景区,1,1,6
云南,10月,芒蚌桥,1,1,5
云南,10月,花鸟市场后,1,1,7
云南,10月,苍山感通索道,1,1,18
云南,10月,苍山玉带路徒步路线,1,1,5
云南,10月,苍山自然影像博物馆-无为寺,1,1,3
云南,10月,苏典乡,1,1,13
云南,10月,草海湿地,1,1,8
云南,10月,莫里热带雨林风景区,1,1,15
云南,10月,莲花池公园,1,1,4
云南,10月,蒋家坟,1,1,31
云南,10月,蒙自正海养殖东300米,1,1,7
云南,10月,蜂王树,1,1,8
云南,10月,西双版纳云投喜来登大酒店,1,1,11
云南,10月,西双版纳大桥,1,1,9
云南,10月,西双版纳州民族风情园,1,1,3
云南,10月,西双版纳洲际度假酒店,1,1,8
云南,10月,西双版纳热带花卉园(宣慰大道99号),1,1,6
云南,10月,西双版纳野象谷景区-高架栈道,1,1,7
云南,10月,西吊桥,1,1,9
云南,10月,西山区云南省昆明地方海事局南100米(草海隧道北),1,1,15
云南,10月,西山区团结街道石头山,1,1,1
云南,10月,西山区大观公园庾园(庾园路西100米),1,1,5
云南,10月,西山区碧鸡街道黑荞母村,1,1,13
云南,10月,西山森林公园,1,1,13
云南,10月,象庄(临沧市凤庆县),1,1,5
云南,10月,贡山独龙族怒族自治县丹当公园(青山路南),1,1,3
云南,10月,贡山独龙族怒族自治县独龙江乡龙洞特那,1,1,22
云南,10月,迷点拍摄位,1,1,9
云南,10月,通海南山寺,1,1,14
云南,10月,那邦昔马古道,1,1,9
云南,10月,那邦村,1,1,22
云南,10月,那邦村(德宏傣族景颇族自治州盈江县),1,1,25
云南,10月,金山原始森林,1,1,10
云南,10月,金龟山观光园望鸟谷,1,1,9
云南,10月,铜壁关中山,1,1,5
云南,10月,铜壁关凯邦亚湖,1,1,14
云南,10月,锦辉茶源广场,1,1,3
云南,10月,长水商业街,1,1,16
云南,10月,隆阳区河图街道东海子,1,1,8
云南,10月,隆阳区茶韵台北50米,1,1,3
云南,10月,隆阳区高黎贡山自然保护区,1,1,10
云南,10月,青华海西湖景区,1,1,15
云南,10月,青山公园-和谐塔,1,1,9
云南,10月,飞来寺,1,1,1
云南,10月,香格里拉全县,1,1,51
云南,10月,香格里拉市哈姆谷青青生态农场东南(纳帕海景区),1,1,16
云南,10月,香格里拉高山植物园(环湖路东),1,1,8
云南,10月,马久邑村(大理白族自治州大理市),1,1,6
云南,10月,马金铺街道梁王山,1,1,8
云南,10月,高黎贡山自然公园,1,1,4
云南,10月,麒麟区三宝街道董家台子,1,1,24
云南,10月,麒麟水乡,1,1,26
云南,10月,麻栗坡县杨万乡小梅丹,1,1,4
云南,10月,黑鱼河风景区,1,1,6
云南,11月,中国科学院西双版纳热带植物园,87,190,100
云南,11月,野象谷热带雨林景区,36,43,46
云南,11月,中科院版纳植物园,27,40,91
云南,11月,昆明植物园,25,30,23
云南,11月,澜沧拉祜族自治县糯扎渡镇下勐矿,25,29,60
云南,11月,西双版纳热带植物园,22,38,57
云南,11月,黑龙潭公园,21,25,29
云南,11月,云南省版纳中科院热带植物园,16,25,53
云南,11月,绿石林景区,16,16,33
云南,11月,中国科学院西双版纳热带植物园-勐仑植物园,14,15,33
云南,11月,普洱景迈山古茶林景区,13,14,55
云南,11月,西双版纳野象谷景区-高架栈道,13,13,41
云南,11月,龙得湖,13,13,37
云南,11月,勐腊县荷风香远,12,13,29
云南,11月,江尾村,11,14,30
云南,11月,绿石林景区-观景台,11,13,24
云南,11月,野象谷景区,10,11,64
云南,11月,勐腊县会龙特色旅游村,10,10,24
云南,11月,勐腊县西双版纳热带雨林国家公园望天树景区,10,10,41
云南,11月,勐腊县中国科学院西双版纳热带植物园(罗梭江大桥),9,12,74
云南,11月,滇池福保湿地,9,10,25
云南,11月,望天树,9,9,37
云南,11月,勐矿村,8,10,50
云南,11月,补蚌村,8,8,49
云南,11月,关山水库,7,8,33
云南,11月,福保湿地,7,8,46
云南,11月,热带雨林,7,7,21
云南,11月,盘龙区黑龙潭公园(昆明植物园东北200米),7,7,19
云南,11月,腾冲热海景区,7,7,14
云南,11月,么等新寨,6,6,20
云南,11月,佛房,6,6,66
云南,11月,勐腊县城子村景区(G8511北),6,6,17
云南,11月,南贡山,6,6,68
云南,11月,大歇场,6,6,18
云南,11月,芒坝,6,6,45
云南,11月,西双版纳热带植物园吊桥,6,6,17
云南,11月,西山区滇池草海湖滨湿地,6,6,26
云南,11月,金殿公园,6,6,22
云南,11月,勐腊县中国科学院西双版纳热带植物园(蒲葵大道西),5,7,67
云南,11月,梁王山,5,7,19
云南,11月,会龙鸟塘及周边,5,5,16
云南,11月,勐腊县中国科学院西双版纳热带植物园热带雨林区,5,5,32
云南,11月,望天树景区,5,5,57
云南,11月,盘龙区黑龙潭公园(7204公路东),5,5,42
云南,11月,西双版纳热带花卉园,5,5,15
云南,11月,昆明学院(洋浦校区),4,19,30
云南,11月,和顺古镇,4,8,44
云南,11月,中国科学院西双版纳热带植物园(勐仑镇),4,6,61
云南,11月,官渡区六甲街道福保村,4,6,34
云南,11月,腾冲市腾越街道来凤山,4,6,35
云南,11月,勐腊县中科院植物园西游览区,4,5,19
云南,11月,芒坝村,4,5,44
云南,11月,中科院植物园,4,4,32
云南,11月,丽江黑龙潭风景名胜区,4,4,8
云南,11月,勐宋村,4,4,25
云南,11月,勐腊县勐仑春林宾馆,4,4,20
云南,11月,勐腊县热带雨林民族文化博物馆东北100米,4,4,30
云南,11月,捞鱼河湿地公园,4,4,19
云南,11月,沧源佤族自治县勐角傣族彝族拉祜族乡翁丁垭口,4,4,55
云南,11月,湖滨生态湿地公园,4,4,11
云南,11月,玉龙雪山国家级风景名胜区,4,4,8
云南,11月,盈江县拍摄位西北300米,4,4,27
云南,11月,磨哈山,4,4,27
云南,11月,糯扎渡镇,4,4,32
云南,11月,腾冲湿地-北海湿地,4,4,15
云南,11月,野象谷热带雨林景区(二期高架观象栈道),4,4,27
云南,11月,野象谷热带雨林景区(景洪市勐养镇三岔河),4,4,34
云南,11月,石梯村,3,6,31
云南,11月,勐腊县中国科学院西双版纳热带植物园,3,5,53
云南,11月,盘龙区黑龙潭公园(7204公路北200米),3,5,16
云南,11月,勐腊县中科院植物园(罗梭江大桥东南150米),3,4,32
云南,11月,昆明滇池国家级风景名胜区西山景区,3,4,26
云南,11月,澜沧拉祜族自治县景迈大寨南(XJ69西),3,4,67
云南,11月,盈江犀鸟谷,3,4,81
云南,11月,世博园,3,3,12
云南,11月,勐腊县中科院植物园(罗梭江大桥东200米),3,3,36
云南,11月,宝丰湿地公园,3,3,29
云南,11月,小清河,3,3,25
云南,11月,思茅区澜沧江桥客运站东北700米,3,3,60
云南,11月,抚仙湖,3,3,3
云南,11月,拉市海湿地公园,3,3,17
云南,11月,春林宾馆,3,3,10
云南,11月,来凤山国家森林公园,3,3,11
云南,11月,楚雄紫溪山风景区,3,3,36
云南,11月,沧源佤族自治县班老乡新寨村党群服务中心南(甘班线),3,3,54
云南,11月,河尾,3,3,16
云南,11月,洱海,3,3,36
云南,11月,洱海月湿地公园,3,3,20
云南,11月,海洪湿地公园,3,3,22
云南,11月,滇池东大河湿地,3,3,19
云南,11月,澜沧拉祜族自治县糯扎渡镇三等新寨,3,3,15
云南,11月,热带雨林(西双版纳傣族自治州勐腊县),3,3,16
云南,11月,盈江县拍摄位东300米32号塘,3,3,24
云南,11月,盘龙区黑龙潭公园(7204公路北),3,3,28
云南,11月,糯扎渡自然保护区,3,3,40
云南,11月,腾冲火山地热国家地质公园,3,3,11
云南,11月,金殿风景名胜区,3,3,19
云南,11月,阿克新寨,3,3,19
云南,11月,香额湖,3,3,33
云南,11月,昭通市昭阳区凤凰山森林公园,2,19,28
云南,11月,滇池草海湖滨湿地,2,7,38
云南,11月,三角海水库,2,5,34
云南,11月,姜家寨,2,5,42
云南,11月,班老乡,2,5,107
云南,11月,高黎贡山百花岭,2,5,30
云南,11月,勐仑镇么等村,2,4,26
云南,11月,思茅区普洱蓝眉山度假酒店,2,4,17
云南,11月,景洪市发宏福小鱼塘(G213南),2,4,15
云南,11月,来凤寺,2,4,18
云南,11月,那邦田,2,4,35
云南,11月,高黎贡山姜家寨鸟类监测点,2,4,28
云南,11月,凤龙山(昆明市寻甸回族彝族自治县),2,3,35
云南,11月,勐仑镇(西双版纳傣族自治州勐腊县),2,3,14
云南,11月,曲石镇,2,3,30
云南,11月,版纳植物园,2,3,35
云南,11月,糯干古寨,2,3,40
云南,11月,草海,2,3,27
云南,11月,世博生态城,2,2,12
云南,11月,东白沙河水库,2,2,22
云南,11月,东风坝七孔浮桥,2,2,29
云南,11月,中国科学院西双版纳热带植物园东区,2,2,22
云南,11月,中国科学院西双版纳热带植物园停车场,2,2,5
云南,11月,二台坡,2,2,7
云南,11月,五老山国家森林公园(临翔区五老山瀑布段),2,2,11
云南,11月,勐腊南贡山保护区,2,2,27
云南,11月,勐腊县中国科学院西双版纳热带植物园(G219西),2,2,3
云南,11月,勐腊县中国科学院西双版纳热带植物园(蒲葵大道北),2,2,33
云南,11月,勐腊县勐仑服务区(昆磨高速昆明方向),2,2,3
云南,11月,勐腊县勐仑镇阿克新寨,2,2,25
云南,11月,勐腊县热带雨林,2,2,24
云南,11月,勐腊县百草亭(蒲葵大道西),2,2,8
云南,11月,勐腊县绿石林景区东北100米(G219东),2,2,17
云南,11月,勐腊县西双版纳国家自然保护区勐仑管理所,2,2,35
云南,11月,古茶林(普洱市惠民镇景迈山古茶林景区内),2,2,41
云南,11月,呈贡区中央公园(驼峰街北),2,2,7
云南,11月,和顺景区,2,2,31
云南,11月,大观公园,2,2,21
云南,11月,大观楼南园,2,2,24
云南,11月,孔雀湖生态旅游区,2,2,38
云南,11月,干沟尾,2,2,20
云南,11月,广龙抚海湾湿地公园(玉溪市澄江县),2,2,10
云南,11月,故山·野鸭塘河谷咖啡庄园,2,2,3
云南,11月,新河社区,2,2,28
云南,11月,昆明植物园-西园,2,2,12
云南,11月,昆明植物园东园,2,2,13
云南,11月,昆明翠湖公园,2,2,3
云南,11月,普洱太阳河森林公园,2,2,10
云南,11月,景洪市勐龙镇南丹,2,2,18
云南,11月,曼听公园,2,2,5
云南,11月,曼安(西双版纳傣族自治州勐腊县),2,2,20
云南,11月,曼浓岱,2,2,10
云南,11月,杨柳冲,2,2,8
云南,11月,江尾村(昆明市呈贡区),2,2,18
云南,11月,沧源佤族自治县班洪乡永公松木桑,2,2,22
云南,11月,沧源佤族自治县班老乡人民政府北50米(甘班线),2,2,20
云南,11月,沧源佤族自治县班老乡永合,2,2,12
云南,11月,沧源佤族自治县班老乡永得,2,2,41
云南,11月,沧源佤族自治县班老乡营盘大寨,2,2,48
云南,11月,沧源佤族自治县班老新寨村,2,2,10
云南,11月,洪崩河-石梯村,2,2,44
云南,11月,滇池,2,2,38
云南,11月,滇池大坝,2,2,34
云南,11月,滨江壹号(馨园路),2,2,1
云南,11月,环湖路,2,2,24
云南,11月,班洪山,2,2,22
云南,11月,甘班线,2,2,22
云南,11月,盈江县上石梯,2,2,42
云南,11月,盈江国家湿地公园,2,2,31
云南,11月,福保社区,2,2,21
云南,11月,积下,2,2,2
云南,11月,紫溪山,2,2,25
云南,11月,绿石林景区观景台,2,2,29
云南,11月,腾冲市曲石镇红木村,2,2,30
云南,11月,芒市,2,2,21
云南,11月,西双版纳嘎洒国际机场,2,2,6
云南,11月,西双版纳州南腊河康养度假营地景区,2,2,8
云南,11月,铁莫崩山,2,2,45
云南,11月,银杏村旅游度假区,2,2,12
云南,11月,高黎贡山茶博园,2,2,12
云南,11月,黑颈鹤自然保护区,2,2,23
云南,11月,龙江特大桥观景区,2,2,7
云南,11月,在地·石城自然学校,1,6,10
云南,11月,云南师大附中(呈贡校区),1,5,15
云南,11月,盈之蓝民宿,1,4,36
云南,11月,盈江县盈之蓝民宿,1,4,28
云南,11月,云南大学(呈贡校区),1,3,53
云南,11月,云南艺术学院(呈贡校区),1,3,11
云南,11月,勐仑镇,1,3,19
云南,11月,南华县马街镇,1,3,19
云南,11月,昆明市呈贡区云南大学(呈贡校区),1,3,20
云南,11月,青华海国家湿地公园,1,3,18
云南,11月,G213公路4049K~4051K沿线,1,2,31
云南,11月,中国科学院西双版纳热带植物园江边荒地,1,2,26
云南,11月,中国科学院西双版纳热带植物园电站大桥,1,2,15
云南,11月,中国科学院西双版纳热带植物园西游览区-游览车中心,1,2,14
云南,11月,中國科學院西雙版納熱帶植物園,1,2,30
云南,11月,云南省临沧市沧源佤族自治县,1,2,13
云南,11月,五华区北市区荷塘月色(红锦路西),1,2,17
云南,11月,保山青华海国家湿地公园,1,2,12
云南,11月,六合实业村,1,2,15
云南,11月,勐佑镇,1,2,25
云南,11月,勐龙镇勐宋村,1,2,9
云南,11月,南涧彝族自治县公郎镇阿嘎,1,2,27
云南,11月,南贡山保护区巡山道（G2134053公里牌对面）,1,2,46
云南,11月,卫星水库,1,2,24
云南,11月,告庄西双景湄公河·星光夜市,1,2,10
云南,11月,和顺古镇景区,1,2,48
云南,11月,昆明世界园艺博览园东南,1,2,11
云南,11月,昆明滇池国家旅游度假区,1,2,9
云南,11月,普者黑,1,2,4
云南,11月,洪崩河犀鸟谷,1,2,60
云南,11月,玉龙县丽江老君山自然中心南300米,1,2,33
云南,11月,红塔文体中心,1,2,10
云南,11月,腾冲市曲石镇下表院,1,2,14
云南,11月,西双版纳植物园,1,2,10
云南,11月,野鸭塘河谷庄园,1,2,10
云南,11月,1,1,1,1
云南,11月,"XishuangbannaTropicalBotanicalGarden,ChineseAcademyofSciences",1,1,7
云南,11月,七彩塘园农家乐,1,1,22
云南,11月,七星湖,1,1,10
云南,11月,上班老水库,1,1,47
云南,11月,世外乡村·高黎贡勐赫小镇,1,1,30
云南,11月,东风坝桥–天空之境–融创,1,1,25
云南,11月,中华普洱茶博览苑,1,1,11
云南,11月,中国犀鸟谷犀鸟监测展示区,1,1,11
云南,11月,中国科学院西双版纳热带植物园-藤本园站,1,1,1
云南,11月,中国科学院西双版纳热带植物园藤本园,1,1,22
云南,11月,中国西南野生生物种质资源库,1,1,6
云南,11月,中科版纳植物园,1,1,14
云南,11月,中科院植物园(勐腊县勐仑镇),1,1,15
云南,11月,中科院版纳植物园社会管理综合治理委员会,1,1,5
云南,11月,临沧市云县爱华镇,1,1,10
云南,11月,临沧边境经济合作区管委会,1,1,17
云南,11月,临翔区,1,1,26
云南,11月,丽江悦榕庄,1,1,6
云南,11月,云南会泽黑颈鹤国家级自然保护区,1,1,12
云南,11月,云南农业大学,1,1,1
云南,11月,云南大学,1,1,10
云南,11月,云南大学呈贡关山水库,1,1,15
云南,11月,云南大学呈贡校区,1,1,25
云南,11月,云南大山包黑颈鹤国家级自然保护区,1,1,3
云南,11月,云南省丽江市宁蒗彝族自治县红硝段,1,1,2
云南,11月,云南省保山市腾冲县,1,1,3
云南,11月,云南省昆明市海埂大坝,1,1,13
云南,11月,云南腾冲来凤山,1,1,30
云南,11月,云县爱华镇蜂王寨,1,1,5
云南,11月,五家堆湿地公园,1,1,8
云南,11月,五脑山生态公园(玉溪市红塔区),1,1,7
云南,11月,会泽会堂北(通宝路),1,1,2
云南,11月,会泽公园,1,1,3
云南,11月,会泽县云南会泽黑颈鹤国家级自然保护区,1,1,13
云南,11月,会泽县大桥乡小柳树,1,1,4
云南,11月,会泽县金钟山文昌宫(钟山路西50米),1,1,6
云南,11月,会泽县金钟镇第一中学校(钟屏路南),1,1,4
云南,11月,会泽县龙湖花园2期(瑞丰路),1,1,2
云南,11月,保山清华湖,1,1,7
云南,11月,保山蒲缥温泉度假村,1,1,3
云南,11月,保山龙陵邦腊掌温泉养生度假区,1,1,60
云南,11月,倪家铺,1,1,21
云南,11月,傣族园+龙得湖夏日荷,1,1,24
云南,11月,傣族园龙得湖,1,1,19
云南,11月,元江服务区(永金高速金水河方向),1,1,11
云南,11月,兰磨线,1,1,22
云南,11月,冲江河,1,1,5
云南,11月,冷水沟,1,1,45
云南,11月,凤凰山森林公园,1,1,8
云南,11月,凤庆县滇红第一村景区,1,1,5
云南,11月,剑湖,1,1,41
云南,11月,剑湖国家湿地公园,1,1,18
云南,11月,勐仑么等新寨,1,1,18
云南,11月,勐仑幺等新寨飘海鸟塘,1,1,11
云南,11月,勐巴娜西珍奇园,1,1,7
云南,11月,勐海县勐满镇曼赛,1,1,12
云南,11月,勐腊县中国科学院西双版纳热带植物园(G219南),1,1,14
云南,11月,勐腊县中科院植物园(蒲葵大道东400米),1,1,16
云南,11月,勐腊县中科院植物园(蒲葵大道东50米),1,1,17
云南,11月,勐腊县中科院植物园学术报告厅(蒲葵大道东),1,1,13
云南,11月,勐腊县佛肚树(蒲葵大道南),1,1,12
云南,11月,勐腊县勐仑美术馆(雨林路南),1,1,5
云南,11月,勐腊县勐仑镇八哈会丈,1,1,20
云南,11月,勐腊县勐仑镇坝卡回掌,1,1,19
云南,11月,勐腊县勐仑镇曼勒,1,1,2
云南,11月,勐腊县勐仑镇腊独山,1,1,1
云南,11月,勐腊县勐仑镇莫等新寨当月鸟塘,1,1,15
云南,11月,勐腊县吊桥西南50米(滨江路南),1,1,18
云南,11月,勐腊县城,1,1,6
云南,11月,勐腊县滨江壹号(馨园路东),1,1,1
云南,11月,勐腊县西双版纳王莲酒店,1,1,8
云南,11月,千步崖,1,1,25
云南,11月,南们河,1,1,23
云南,11月,南华县马街镇弯子村,1,1,9
云南,11月,南板河底,1,1,11
云南,11月,南滇池国家湿地(昆明市晋宁区),1,1,20
云南,11月,吉茂古茶坊,1,1,54
云南,11月,吊桥,1,1,30
云南,11月,听雨阁,1,1,5
云南,11月,呈贡关山水库,1,1,16
云南,11月,呼马山森林公园,1,1,13
云南,11月,和顺古镇景区野鸭湖,1,1,9
云南,11月,哀牢山生态站,1,1,1
云南,11月,响古箐傈僳族传统村落,1,1,1
云南,11月,哎冷山,1,1,5
云南,11月,啾山前的菜地,1,1,3
云南,11月,在地·念湖自然中心(保护区宣教中心),1,1,1
云南,11月,坝子,1,1,2
云南,11月,坝心彝族乡陈家寨,1,1,38
云南,11月,坝美,1,1,2
云南,11月,坝美世外桃源景区(广南县),1,1,1
云南,11月,基诺山基诺族乡,1,1,5
云南,11月,大寨,1,1,6
云南,11月,大寺村,1,1,20
云南,11月,大尖山,1,1,22
云南,11月,大屯村,1,1,1
云南,11月,大山包黑颈鹤国家级自然保护区(石大段),1,1,7
云南,11月,大板根,1,1,1
云南,11月,大理古城才村码头,1,1,6
云南,11月,大理国际奥林匹克体育中心,1,1,8
云南,11月,大理国际奥林匹克体育中心(大理市),1,1,6
云南,11月,大理大学古城校区,1,1,3
云南,11月,大理天成客栈(大理古城西南),1,1,6
云南,11月,大理永平服务区,1,1,7
云南,11月,大理洱海生态走廊磻溪村至古生村,1,1,13
云南,11月,大盈江湿地公园,1,1,29
云南,11月,大观河畔,1,1,6
云南,11月,孟定镇,1,1,1
云南,11月,安宁市青龙峡风景区(筝箐村公路南),1,1,16
云南,11月,官渡区宝象河（广昆高速南),1,1,7
云南,11月,官渡区蓝色庄园东150米,1,1,18
云南,11月,小江河,1,1,2
云南,11月,小渔村,1,1,22
云南,11月,小田,1,1,18
云南,11月,峨山彝族自治县双江街道银河村,1,1,30
云南,11月,开远市中铁三局钢构建加工厂南500米,1,1,10
云南,11月,开远市永华种鸡西50米(卧古段北),1,1,23
云南,11月,弘运小院,1,1,24
云南,11月,弯担坡,1,1,7
云南,11月,德宏芒市国际机场,1,1,2
云南,11月,念湖,1,1,1
云南,11月,怒江百鸟谷,1,1,4
云南,11月,思茅区普洱市梅子湖公园观景台,1,1,13
云南,11月,思茅区龙潭服务区小客车停车场(江勐高速西),1,1,4
云南,11月,思茅港镇,1,1,9
云南,11月,情人湖,1,1,13
云南,11月,情侣峰西南,1,1,13
云南,11月,惠民购物广场,1,1,1
云南,11月,打马河梁子,1,1,83
云南,11月,抚仙湖希尔顿酒店,1,1,10
云南,11月,抚仙湖明星鱼洞风景区,1,1,6
云南,11月,拉祜风情园,1,1,7
云南,11月,捞渔河湿地公园,1,1,31
云南,11月,捞鱼河沿岸（理工大段）,1,1,14
云南,11月,文山市坝心彝族乡大山脚小铺子,1,1,33
云南,11月,文山市小街镇菖蒲塘大水冲,1,1,38
云南,11月,文山市底泥,1,1,43
云南,11月,文山市柳井,1,1,44
云南,11月,文山市盘龙森林公园(城南路东150米),1,1,13
云南,11月,文山市薄竹镇岩羊坡,1,1,14
云南,11月,斗南湿地,1,1,5
云南,11月,斗南街道办江尾社区居委会,1,1,22
云南,11月,新华通讯社云南分社北(红塔西路),1,1,2
云南,11月,无为寺,1,1,18
云南,11月,无量湿地公园,1,1,31
云南,11月,昆明世界园艺博览园(竹园路),1,1,10
云南,11月,昆明动物园-圆通山,1,1,11
云南,11月,昆明动物园-鸟园,1,1,20
云南,11月,昆明动物研究所_茨坝花渔沟,1,1,2
云南,11月,昆明学院博文楼旁小湖,1,1,15
云南,11月,昆明市滇池宝丰湿地公园,1,1,28
云南,11月,昆明市西山公园,1,1,3
云南,11月,昆明市西山区气象局,1,1,16
云南,11月,昆明彰美村码头,1,1,1
云南,11月,昆明滇池融创施柏阁酒店(融创滇池后海店),1,1,7
云南,11月,昆明西山森林公园,1,1,20
云南,11月,昆明黑龙潭公园,1,1,11
云南,11月,星云湖,1,1,44
云南,11月,星云湖湿地,1,1,36
云南,11月,星海半岛湿地公园,1,1,11
云南,11月,昭阳区昭通中心城市客运枢纽站(昭鲁大道东100米),1,1,1
云南,11月,昭阳区昭通大龙洞(大头段),1,1,3
云南,11月,昭阳区环城东路(昭阳二中),1,1,2
云南,11月,普洱亚太森林组织基地酒店,1,1,3
云南,11月,普洱糯扎渡自然保护区,1,1,51
云南,11月,普洱茶马古道旅游景区,1,1,32
云南,11月,景洪勐龙二地茶坊,1,1,2
云南,11月,景洪市勐龙镇勐宋村民委员会,1,1,5
云南,11月,景洪市龙得湖西100米,1,1,5
云南,11月,景迈山大平掌茶王,1,1,5
云南,11月,景迈山茶林文化景区,1,1,9
云南,11月,曲石镇柱状节理大石滩,1,1,22
云南,11月,曼勒(西双版纳傣族自治州勐海县),1,1,16
云南,11月,曼炸综合集贸市场,1,1,1
云南,11月,松林寨,1,1,5
云南,11月,林家铺林场(保山市腾冲市曲石镇),1,1,7
云南,11月,梦幻雨林,1,1,3
云南,11月,棋盘山国家森林公园,1,1,7
云南,11月,楚雄市彝人古镇,1,1,4
云南,11月,正觉庵水库,1,1,12
云南,11月,水城羊肉米线馆,1,1,2
云南,11月,永平服务区,1,1,7
云南,11月,永昌街道,1,1,1
云南,11月,江东银杏村景区-白羊寺,1,1,9
云南,11月,江南春赛马场公园,1,1,20
云南,11月,江尾社区,1,1,18
云南,11月,江川区路居镇石岩哨村,1,1,43
云南,11月,沧海桑田的见证,1,1,32
云南,11月,沧源佤族自治县勐角傣族彝族拉祜族乡翁丁村,1,1,11
云南,11月,沧源佤族自治县千米国画长廊,1,1,19
云南,11月,沧源佤族自治县班老乡新寨山,1,1,32
云南,11月,沧源佤族自治县班老乡新寨村,1,1,50
云南,11月,沧源佤族自治县班老乡永桑,1,1,16
云南,11月,沧源佤族自治县班老乡泼水节广场(甘班线东),1,1,24
云南,11月,沧源佤族自治县甘班线,1,1,88
云南,11月,沧源佤族自治县芒卡镇G219(来片新寨),1,1,6
云南,11月,沧源县上班老村委会周围,1,1,8
云南,11月,沿江街道中河河口附近鱼塘,1,1,3
云南,11月,泼水广场附近,1,1,9
云南,11月,洱海公园,1,1,12
云南,11月,洱海月湿地公园(大理白族自治州大理市),1,1,12
云南,11月,海埂大坝,1,1,2
云南,11月,湖滨生态湿地-草海隧道东岸-余园,1,1,8
云南,11月,湖滨生态湿地公园(四季段),1,1,25
云南,11月,湖滨生态湿地公园(滇池九玺段),1,1,25
云南,11月,湖滨西路,1,1,2
云南,11月,滇池海埂公园,1,1,1
云南,11月,滇池湖滨路,1,1,15
云南,11月,滇池草海湖滨湿地(草海环湖路),1,1,10
云南,11月,澄江市寒武纪小镇·海豚湾酒店东北100米,1,1,4
云南,11月,澄江市饮马池村民委员会(Y004西),1,1,14
云南,11月,澜沧拉祜族自治县勐朗镇佛房,1,1,19
云南,11月,澜沧拉祜族自治县勐朗镇磨哈山,1,1,2
云南,11月,澜沧拉祜族自治县南碰河东北300米,1,1,33
云南,11月,澜沧拉祜族自治县景迈山景香润民宿西南(Y068东),1,1,7
云南,11月,澜沧拉祜族自治县糯扎渡镇大芒界,1,1,29
云南,11月,澜沧拉祜族自治县酒井哈尼族乡河边寨,1,1,11
云南,11月,灵芝湖森林公园,1,1,13
云南,11月,爱宝森林度假民宿,1,1,11
云南,11月,片马公路沿途,1,1,50
云南,11月,片马风雪丫口,1,1,26
云南,11月,牛波一(茶花园店),1,1,9
云南,11月,玉溪市新平县戛洒镇石门峡,1,1,10
云南,11月,玉龙湖公园,1,1,7
云南,11月,玉龙纳西族自治县观鹤山庄东南400米,1,1,6
云南,11月,班幸村大湾塘独树成林景区,1,1,21
云南,11月,班洪乡,1,1,7
云南,11月,瑞丽市弄莫湖公园(团结路北),1,1,15
云南,11月,甸尾村(昆明市盘龙区),1,1,13
云南,11月,百花园,1,1,3
云南,11月,百花岭11号塘,1,1,30
云南,11月,皮坡,1,1,12
云南,11月,盈江县,1,1,3
云南,11月,盈江县大盈江河段,1,1,7
云南,11月,盈江那邦,1,1,7
云南,11月,盘龙区双龙街道叫天山,1,1,1
云南,11月,盘龙区弘运小院西南400米,1,1,9
云南,11月,盘龙区昆明植物园西园(枫香大道北100米),1,1,6
云南,11月,省耕文化公园,1,1,16
云南,11月,石林-干山冲,1,1,5
云南,11月,石林霄鲁酱菜厂,1,1,14
云南,11月,禄丰市云南省滇中引水工程广通现场管理部南50米,1,1,3
云南,11月,福保小三亚,1,1,1
云南,11月,福保村,1,1,18
云南,11月,福保村观景台,1,1,17
云南,11月,稻田文化广场,1,1,20
云南,11月,筇竹寺,1,1,3
云南,11月,紫溪山瑞瑜民宿,1,1,20
云南,11月,红塔区三家人,1,1,8
云南,11月,红塔区春和街道老光箐,1,1,9
云南,11月,红木村(保山市腾冲市),1,1,2
云南,11月,纳帕海,1,1,8
云南,11月,绮罗文昌宫,1,1,5
云南,11月,绿春县半坡乡坝溜胶场八队,1,1,13
云南,11月,罗家窝,1,1,31
云南,11月,美猴岩,1,1,14
云南,11月,翁基布朗族古寨,1,1,8
云南,11月,老坝口,1,1,24
云南,11月,耿马傣族佤族自治县孟定镇那永,1,1,15
云南,11月,胜亲农庄,1,1,6
云南,11月,腾冲市凤岭坊,1,1,19
云南,11月,腾冲市北海湿地海景民宿东100米(Y109北),1,1,19
云南,11月,腾冲市双海社区村民委员会东南100米(Y109北),1,1,27
云南,11月,腾冲市和顺古镇景区(秋农路北100米),1,1,41
云南,11月,腾冲市曲石镇彭家山,1,1,28
云南,11月,腾冲市曲石镇打靛房,1,1,19
云南,11月,腾冲市曲石镇河头寨,1,1,39
云南,11月,腾冲市来凤山国家森林公园凤岭坊东南100米,1,1,1
云南,11月,腾冲市药用植物区南100米(新生邑巷西),1,1,8
云南,11月,腾冲市高黎贡山自然保护区(隆阳区)西400米,1,1,50
云南,11月,腾冲瑷珲主题公园,1,1,3
云南,11月,芒洪,1,1,2
云南,11月,茅草地,1,1,16
云南,11月,草海听风营地东岸,1,1,11
云南,11月,草海隧道公园,1,1,15
云南,11月,荒坝河,1,1,11
云南,11月,荒坝河村,1,1,33
云南,11月,营盘小寨,1,1,26
云南,11月,营盘山,1,1,6
云南,11月,营盘村,1,1,36
云南,11月,蒙自正海养殖,1,1,29
云南,11月,蜜蜂崖石刻,1,1,5
云南,11月,西南林业大学树木园,1,1,1
云南,11月,西双版纳小岩鸟塘,1,1,1
云南,11月,西双版纳总佛寺,1,1,5
云南,11月,西双版纳火车站,1,1,1
云南,11月,西双版纳热带花卉园(宣慰大道99号),1,1,3
云南,11月,西双版纳热带雨林谷克木原始部落,1,1,29
云南,11月,西双版纳野象谷景区-观景台,1,1,9
云南,11月,西双版纳野象谷景区北门-售票处,1,1,9
云南,11月,西山区前卫金地中心(坤盛路西),1,1,1
云南,11月,西山区彰美村码头东北300米(滇新路北),1,1,15
云南,11月,西山区昆明融创滇池后海商管办公室南50米,1,1,1
云南,11月,西山区星海公园(湖滨东路南),1,1,13
云南,11月,西山区海滨花园东150米(昆明绕城高速内环中线南),1,1,27
云南,11月,西山区滇池(明河路东),1,1,13
云南,11月,西山区滇池(观景路西100米),1,1,2
云南,11月,西山区秋苑小区(丽苑路北),1,1,3
云南,11月,西山景区-太华古道,1,1,14
云南,11月,西畴县石锅段(坝尾),1,1,58
云南,11月,西畴县董马乡茅坡,1,1,33
云南,11月,西畴县蚌谷乡上老文寨小桥沟林场,1,1,67
云南,11月,西畴县龙石线(菜地梁子),1,1,38
云南,11月,象头坡,1,1,25
云南,11月,赵家山,1,1,40
云南,11月,路南山国际度假区,1,1,8
云南,11月,边寨喊沙风景区,1,1,2
云南,11月,运粮河,1,1,1
云南,11月,连三塘,1,1,25
云南,11月,那柯里茶马驿站景区,1,1,39
云南,11月,郊野公园,1,1,3
云南,11月,野象园林山庄,1,1,3
云南,11月,野象谷景區,1,1,31
云南,11月,野象谷热带雨林景区(一期高架观象栈道),1,1,21
云南,11月,野象谷热带雨林景区东北,1,1,9
云南,11月,野象谷热带雨林景区游客中心(G213),1,1,41
云南,11月,野象谷热带雨林景区观象台休息亭,1,1,17
云南,11月,金殿水库,1,1,12
云南,11月,金龟山观光园望鸟谷,1,1,18
云南,11月,长水机场,1,1,1
云南,11月,长虫山,1,1,5
云南,11月,隆阳区潞江镇新寨村,1,1,2
云南,11月,隆阳区澡塘河东南300米,1,1,39
云南,11月,隆阳区百花岭,1,1,11
云南,11月,隆阳区芒宽彝族傣族乡芒岗,1,1,39
云南,11月,隆阳区青华海国家湿地公园,1,1,43
云南,11月,雾浓顶,1,1,15
云南,11月,青碧溪(大理市环海西路大理洱海生态廊道),1,1,6
云南,11月,香格里拉高山植物园,1,1,10
云南,11月,"高黎贡山百花岭0号,1号,4号,35号",1,1,33
云南,11月,高黎贡山百花岭鸟塘,1,1,19
云南,11月,黄腰响蜜䴕监测点,1,1,38
云南,11月,黑鱼河风景区,1,1,18
云南,11月,黑龙潭,1,1,3
云南,11月,黑龙潭公园(昆明市盘龙区蓝桉路1号),1,1,17
云南,11月,黑龙潭公园-南门,1,1,4
云南,11月,龙窝温泉,1,1,3
云南,11月,龙血树园,1,1,1
云南,12月,中国科学院西双版纳热带植物园,58,115,63
云南,12月,野象谷热带雨林景区,38,41,57
云南,12月,黑龙潭公园,34,36,29
云南,12月,中科院版纳植物园,23,44,62
云南,12月,昆明植物园,21,24,27
云南,12月,金殿公园,15,19,19
云南,12月,云南腾冲来凤山,14,18,42
云南,12月,绿石林景区,14,15,36
云南,12月,盈江犀鸟谷,13,23,84
云南,12月,云南省版纳中科院热带植物园,13,21,49
云南,12月,西双版纳热带植物园,13,15,26
云南,12月,高黎贡山百花岭,12,27,82
云南,12月,香额湖,12,15,37
云南,12月,云南西双版纳国家级自然保护区亚洲象野外研究基地,12,12,37
云南,12月,勐腊县G213(小磨高速公路南贡山隧道管理站),12,12,43
云南,12月,龙门村,12,12,17
云南,12月,石梯村,11,17,77
云南,12月,西双版纳野象谷景区-高架栈道,11,13,46
云南,12月,勐腊县梦幻雨林东南300米(G219西),11,11,18
云南,12月,兰磨线,10,10,20
云南,12月,小磨高速公路南贡山隧道管理站,10,10,14
云南,12月,望天树空中走廊(勐腊县望天树风景区内),10,10,22
云南,12月,福保湿地,10,10,40
云南,12月,西双版纳热带植物园吊桥,9,11,5
云南,12月,龙得湖,9,11,35
云南,12月,福保村,9,10,35
云南,12月,勐腊县中国科学院西双版纳热带植物园(罗梭江大桥),9,9,39
云南,12月,滇池东大河湿地,9,9,41
云南,12月,盈江国家湿地公园,8,11,42
云南,12月,东风坝七孔浮桥,8,9,26
云南,12月,中科院植物园,8,9,44
云南,12月,那邦田,8,8,46
云南,12月,剑湖,7,10,50
云南,12月,勐腊县中国科学院西双版纳热带植物园(蒲葵大道西),7,9,31
云南,12月,云南省昆明市海埂大坝,7,7,31
云南,12月,洱海月湿地公园,7,7,41
云南,12月,海洪湿地公园,7,7,17
云南,12月,滇池,7,7,25
云南,12月,铁莫崩山,7,7,31
云南,12月,曼安(西双版纳傣族自治州勐腊县),6,8,12
云南,12月,野象谷热带雨林景区(二期高架观象栈道),6,8,37
云南,12月,勐仑镇么等村,6,7,24
云南,12月,来凤山国家森林公园,6,7,48
云南,12月,么等新寨,6,6,24
云南,12月,大盈江国家级风景名胜区花海,6,6,50
云南,12月,昆明黑龙潭公园,6,6,33
云南,12月,瑞丽南京里,6,6,38
云南,12月,盈江广场,6,6,6
云南,12月,高黎贡山姜家寨鸟类监测点,6,6,67
云南,12月,纳帕海,5,7,15
云南,12月,东风坝海心沙,5,6,34
云南,12月,春林宾馆,5,6,8
云南,12月,普洱景迈山古茶林景区,5,6,34
云南,12月,普洱茶马古道旅游景区,5,6,89
云南,12月,拉市海湿地公园,5,5,25
云南,12月,斗南湿地,5,5,31
云南,12月,昆明瀑布公园(昆明市盘龙区),5,5,18
云南,12月,昆明翠湖公园,5,5,11
云南,12月,楚雄紫溪山风景区,5,5,40
云南,12月,盘龙区黑龙潭公园(7204公路北),5,5,19
云南,12月,翠湖公园,5,5,10
云南,12月,西双版纳热带花卉园,5,5,15
云南,12月,金殿风景名胜区,5,5,23
云南,12月,铜壁关,5,5,24
云南,12月,龙龛码头,5,5,36
云南,12月,中国科学院西双版纳热带植物园(勐仑镇),4,13,35
云南,12月,沙溪古镇旅游景区,4,7,30
云南,12月,南贡山,4,6,24
云南,12月,云南盈江国家湿地公园与纳邦,4,5,16
云南,12月,关山水库,4,5,38
云南,12月,太保山森林公园,4,5,28
云南,12月,星云湖,4,5,50
云南,12月,来凤寺,4,5,21
云南,12月,下石梯7号塘,4,4,45
云南,12月,云南盈江国家湿地公园栈道,4,4,28
云南,12月,云南陇川户撒东山,4,4,9
云南,12月,勐宋村,4,4,13
云南,12月,勐腊县西双版纳热带雨林国家公园望天树景区,4,4,10
云南,12月,南京里村,4,4,37
云南,12月,南涧彝族自治县公郎镇阿嘎,4,4,29
云南,12月,和顺古镇景区,4,4,39
云南,12月,大盈江湿地公园,4,4,40
云南,12月,宝丰湿地公园,4,4,30
云南,12月,无量山樱花谷,4,4,12
云南,12月,昆明西山森林公园,4,4,9
云南,12月,杨家坡(保山市腾冲市),4,4,24
云南,12月,沙坡,4,4,22
云南,12月,瑞丽莫里热带雨林景区,4,4,26
云南,12月,邵营新村,4,4,38
云南,12月,野象谷热带雨林景区游客中心(G213),4,4,41
云南,12月,野象谷热带雨林景区观象台休息亭,4,4,26
云南,12月,高黎贡山自然保护区(保山市隆阳区),4,4,80
云南,12月,昆明学院(洋浦校区),3,17,24
云南,12月,新河社区,3,6,29
云南,12月,海埂公园,3,4,3
云南,12月,老君山利苴村,3,4,23
云南,12月,青华海国家湿地公园,3,4,28
云南,12月,香格里拉高山植物园,3,4,16
云南,12月,中国科学院西双版纳热带植物园热带雨林4-4,3,3,38
云南,12月,丽江束河古镇,3,3,12
云南,12月,云南盈江榕树王景区,3,3,3
云南,12月,云南省保山市隆阳区蒲赛公路隧道,3,3,8
云南,12月,云南省博物馆,3,3,10
云南,12月,云南省西双版纳勐腊县勐仑镇么等新寨,3,3,17
云南,12月,勐仑镇,3,3,9
云南,12月,勐腊县绿石林景区东北100米(G219东),3,3,18
云南,12月,包其崩山(德宏傣族景颇族自治州盈江县),3,3,55
云南,12月,喊沙奘寺,3,3,2
云南,12月,大理西湖,3,3,39
云南,12月,孔雀湖生态旅游区,3,3,41
云南,12月,官渡区蓝色庄园东150米,3,3,24
云南,12月,定边风雨桥,3,3,24
云南,12月,打靛房5号拍摄位,3,3,35
云南,12月,无为寺,3,3,23
云南,12月,普洱太阳河森林公园,3,3,15
云南,12月,普达措国家公园,3,3,14
云南,12月,曲石镇黑鱼河畔,3,3,10
云南,12月,望天树,3,3,28
云南,12月,来凤寺(保山市腾冲市上西街34号),3,3,20
云南,12月,洱海,3,3,10
云南,12月,湖滨生态湿地公园(四季段),3,3,3
云南,12月,滇池福保湿地,3,3,15
云南,12月,灵宝山,3,3,33
云南,12月,玉龙雪山,3,3,7
云南,12月,玉龙雪山国家级风景名胜区,3,3,8
云南,12月,瑞丽市弄莫湖公园(团结路北),3,3,21
云南,12月,百花岭旧街子沿线,3,3,24
云南,12月,百花岭生态旅游区,3,3,24
云南,12月,盈江县太平镇包其崩山洪崩7号观鸟点,3,3,91
云南,12月,盈江县那邦镇那邦田,3,3,19
云南,12月,盈江县铜壁关乡省道319,3,3,10
云南,12月,盏达河,3,3,1
云南,12月,腾冲北海湿地,3,3,23
云南,12月,腾冲市曲石镇姜家寨,3,3,43
云南,12月,腾冲市曲石镇河头寨,3,3,33
云南,12月,腾冲湿地-北海湿地,3,3,18
云南,12月,蓝月谷,3,3,5
云南,12月,西南林业大学树木园,3,3,10
云南,12月,西双版纳南药园,3,3,19
云南,12月,西吊桥,3,3,5
云南,12月,边寨喊沙风景区,3,3,5
云南,12月,那柯里茶马驿站景区,3,3,29
云南,12月,野象谷景区,3,3,35
云南,12月,高黎贡山自然保护区(隆阳区),3,3,81
云南,12月,高黎贡山自然保护区王家岩防火检查站,3,3,56
云南,12月,滇池草海湖滨湿地,2,6,37
云南,12月,盈之蓝民宿,2,6,39
云南,12月,昆明滇池国家级风景名胜区西山景区,2,5,23
云南,12月,江南春赛马场公园,2,4,24
云南,12月,腾冲和顺景区,2,4,40
云南,12月,世博园,2,3,20
云南,12月,勐腊县中国科学院西双版纳热带植物园,2,3,50
云南,12月,勐腊县荷风香远,2,3,30
云南,12月,南涧彝族自治县无量山樱花谷蜂巢驿站(南涧樱花谷店),2,3,15
云南,12月,呈贡区中央公园(驼峰街北),2,3,8
云南,12月,思茅港镇芒坝,2,3,37
云南,12月,百花岭生态旅游区(保山市隆阳区),2,3,49
云南,12月,纳帕海环线,2,3,24
云南,12月,绿石林景区-观景台,2,3,9
云南,12月,野象谷热带雨林景区(景洪市勐养镇三岔河),2,3,44
云南,12月,高黎贡山宣教中心,2,3,49
云南,12月,世博生态城,2,2,13
云南,12月,东大河湿地（南滇池湿地）,2,2,48
云南,12月,中国科学院西双版纳热带植物园东区,2,2,24
云南,12月,中国科学院西双版纳热带植物园人工雨林4-1,2,2,26
云南,12月,中国科学院西双版纳热带植物园人工雨林4-3,2,2,24
云南,12月,中国科学院西双版纳热带植物园人工雨林4-4,2,2,19
云南,12月,中国科学院西双版纳热带植物园热带雨林4-1,2,2,40
云南,12月,中国科学院西双版纳热带植物园热带雨林4-2,2,2,31
云南,12月,中国科学院西双版纳热带植物园热带雨林4-3,2,2,37
云南,12月,中国科学院西双版纳热带植物园绿石林4-1,2,2,27
云南,12月,中国科学院西双版纳热带植物园绿石林4-2,2,2,43
云南,12月,中国科学院西双版纳热带植物园绿石林4-3,2,2,25
云南,12月,中国科学院西双版纳热带植物园绿石林4-4,2,2,33
云南,12月,中科院植物园(勐腊县勐仑镇),2,2,30
云南,12月,丽江古城,2,2,2
云南,12月,丽江黑龙潭风景名胜区,2,2,16
云南,12月,云南普洱五湖国家湿地公园-野鸭湖,2,2,6
云南,12月,云南腾冲热海,2,2,2
云南,12月,云杉坪,2,2,26
云南,12月,会泽雨碌大地缝风景区(曲靖市会泽县),2,2,13
云南,12月,剑川县剑湖,2,2,44
云南,12月,勐仑美术馆,2,2,6
云南,12月,勐仑镇(西双版纳傣族自治州勐腊县),2,2,38
云南,12月,勐泐雨林公园,2,2,4
云南,12月,勐腊县中国科学院西双版纳热带植物园热带雨林区,2,2,3
云南,12月,勐腊县勐仑镇莫等下寨捌加黑鸟塘,2,2,19
云南,12月,勐腊县热带雨林,2,2,15
云南,12月,勐腊县野生姜园,2,2,21
云南,12月,告庄西双景,2,2,11
云南,12月,和顺古镇,2,2,26
云南,12月,大勐龙镇勐宋村,2,2,11
云南,12月,大坡脚,2,2,18
云南,12月,大理无为寺,2,2,15
云南,12月,大理洱海,2,2,13
云南,12月,大理洱海月湿地公园,2,2,29
云南,12月,大理洱海生态廊道,2,2,27
云南,12月,大观公园南园,2,2,20
云南,12月,大观楼南园,2,2,17
云南,12月,大观篆新农贸市场,2,2,11
云南,12月,姜家寨2号鸟类监测点,2,2,32
云南,12月,官渡区六甲街道福保村,2,2,24
云南,12月,巍宝山风景名胜区,2,2,9
云南,12月,巡护站,2,2,6
云南,12月,巴卡小寨KM55_4-1,2,2,38
云南,12月,巴卡小寨KM55_4-2,2,2,46
云南,12月,巴卡小寨KM55_4-3,2,2,32
云南,12月,巴卡小寨KM55_4-4,2,2,42
云南,12月,情侣峰(勐腊县象仑公路),2,2,22
云南,12月,才村码头湿地,2,2,13
云南,12月,拉市海,2,2,25
云南,12月,捞鱼河湿地公园,2,2,16
云南,12月,旱龙寨(保山市隆阳区),2,2,50
云南,12月,昆明世界园艺博览园(竹园路),2,2,17
云南,12月,昆明市西山公园,2,2,19
云南,12月,易武茶山,2,2,29
云南,12月,春融公园,2,2,11
云南,12月,晋宁区东大河河口湿地,2,2,50
云南,12月,景东彝族自治县景福镇叶家坝河,2,2,36
云南,12月,景洪勐龙小勐宋怡沁园茶行,2,2,16
云南,12月,景洪市西双版纳傣族园北门西北150米,2,2,13
云南,12月,曲石镇,2,2,4
云南,12月,月牙潭公园,2,2,7
云南,12月,来凤山国家森林公园(保山市腾冲市),2,2,33
云南,12月,松赞林寺,2,2,2
云南,12月,江川区前卫镇新河咀,2,2,44
云南,12月,沙溪古镇石宝山沙登箐,2,2,28
云南,12月,洪崩河,2,2,42
云南,12月,洪崩河犀鸟谷,2,2,8
云南,12月,洱海公园-团山公园,2,2,9
云南,12月,洱海边,2,2,27
云南,12月,海东湿地公园,2,2,26
云南,12月,湖滨生态湿地公园(澜台府段),2,2,29
云南,12月,滇池东风坝海心沙,2,2,21
云南,12月,滇池大坝,2,2,3
云南,12月,瀑布公园,2,2,17
云南,12月,版纳曼安小区,2,2,12
云南,12月,玉湖村,2,2,8
云南,12月,玉龙雪山国家级风景名胜区-云杉坪,2,2,23
云南,12月,瑞丽市勐秀乡南京里村观鸟点,2,2,9
云南,12月,瑞丽市勐秀乡帮养,2,2,37
云南,12月,瑞丽市勐秀乡棒畹新寨,2,2,31
云南,12月,瑞丽市弄莫湖公园(新光路西),2,2,10
云南,12月,百花岭11号塘,2,2,5
云南,12月,盈江县,2,2,27
云南,12月,盈江县大盈江河段,2,2,25
云南,12月,盈江县太平镇下石梯,2,2,32
云南,12月,盈江县石梯26号b塘记录,2,2,36
云南,12月,盈江大桥,2,2,14
云南,12月,盘龙区黑龙潭公园(7204公路东),2,2,16
云南,12月,盘龙区黑龙潭公园(7204公路北200米),2,2,23
云南,12月,石林风景区,2,2,5
云南,12月,紫溪山,2,2,13
云南,12月,紫溪山风景区-茶花园,2,2,9
云南,12月,紫顶寺,2,2,12
云南,12月,红木村,2,2,27
云南,12月,纳帕措达旅游景区,2,2,29
云南,12月,纳帕海和哈木谷村,2,2,29
云南,12月,腾冲市中和镇花坡,2,2,21
云南,12月,腾冲市姜家寨,2,2,44
云南,12月,腾冲市曲石镇荨麻地,2,2,36
云南,12月,腾冲市高黎贡山姜家寨鸟类监测点北50米,2,2,65
云南,12月,腾冲市鲁冰花庄园东100米(红高路北),2,2,23
云南,12月,腾冲热海景区,2,2,16
云南,12月,芒坝,2,2,38
云南,12月,苍山国家地质公园,2,2,21
云南,12月,苍山玉带路,2,2,17
云南,12月,草海隧道公园,2,2,7
云南,12月,落龙寨,2,2,37
云南,12月,西双版纳傣族园,2,2,10
云南,12月,西双版纳嘎洒国际机场,2,2,7
云南,12月,西双版纳国家级自然保护区勐仑子保护区西片,2,2,15
云南,12月,西双版纳热带花卉园(宣慰大道99号),2,2,17
云南,12月,西山区滇池草海湖滨湿地,2,2,11
云南,12月,通海杞麓湖国家湿地公园,2,2,30
云南,12月,野象园林山庄,2,2,3
云南,12月,铜壁关乡,2,2,33
云南,12月,阿嘎,2,2,11
云南,12月,隆阳区芒宽彝族傣族乡旧街子,2,2,18
云南,12月,隆阳区芒宽彝族傣族乡田心,2,2,10
云南,12月,香格里拉高山植物园(纳帕海共宾村),2,2,18
云南,12月,马久邑线,2,2,14
云南,12月,马树湿地公园,2,2,16
云南,12月,龙龛农田,2,2,18
云南,12月,昭通市昭阳区凤凰山森林公园,1,10,25
云南,12月,念湖,1,8,16
云南,12月,沙溪古镇金树禾,1,6,41
云南,12月,盈江县盈之蓝民宿,1,6,29
云南,12月,永丰水库,1,4,29
云南,12月,省耕文化公园,1,4,21
云南,12月,三角海水库,1,3,32
云南,12月,云南大学呈贡关山水库,1,3,14
云南,12月,呈贡区小营社区居民委员会西50米(小营段东),1,3,6
云南,12月,中国犀鸟谷犀鸟监测展示区,1,2,22
云南,12月,云南滇池温泉花园国际大酒店(西山区),1,2,5
云南,12月,倪家铺,1,2,27
云南,12月,利苴区域,1,2,13
云南,12月,南涧彝族自治县无量山樱花谷(西景线东),1,2,18
云南,12月,大屯村,1,2,4
云南,12月,大断腰山,1,2,21
云南,12月,宝华公园,1,2,6
云南,12月,岭岗村,1,2,62
云南,12月,帕哎冷古茶园,1,2,28
云南,12月,昆明动物园-圆通山,1,2,8
云南,12月,曼米河,1,2,12
云南,12月,泽湖,1,2,28
云南,12月,滇西应用技术大学(珠宝学院),1,2,25
云南,12月,灵照山,1,2,24
云南,12月,玉溪白龙潭风景区,1,2,11
云南,12月,百花岭观鸟圣地,1,2,1
云南,12月,盈江县泼水节广场,1,2,22
云南,12月,盈江泼水广场,1,2,22
云南,12月,翁基布朗族古寨,1,2,23
云南,12月,腾冲市中和镇打鹰山,1,2,33
云南,12月,蜂王树,1,2,24
云南,12月,隆阳区澡塘河南500米,1,2,76
云南,12月,隆阳区澡塘河西南150米,1,2,8
云南,12月,隆阳区高黎贡山自然保护区王家岩防火检查站西800米,1,2,58
云南,12月,19号观测点,1,1,29
云南,12月,26号塘,1,1,47
云南,12月,2号拍摄位,1,1,5
云南,12月,EasyFly低空公园(滇滇的热气球),1,1,7
云南,12月,KunmingLakePark,1,1,9
云南,12月,一寨两国,1,1,12
云南,12月,丁家寨(西双版纳傣族自治州勐腊县),1,1,1
云南,12月,三和寺,1,1,8
云南,12月,三家寨,1,1,12
云南,12月,上关镇,1,1,26
云南,12月,上石梯,1,1,38
云南,12月,下石梯,1,1,34
云南,12月,下石梯(德宏傣族景颇族自治州盈江县),1,1,27
云南,12月,下董官屯,1,1,22
云南,12月,东大河湿地公园,1,1,15
云南,12月,东风坝海心沙南五十米拐弯处,1,1,15
云南,12月,个旧市云南元壤生物科技有限公司东200米,1,1,10
云南,12月,个旧市工人文化宫,1,1,4
云南,12月,中国犀鸟谷,1,1,46
云南,12月,中国科学院西双版纳热带植物园-绿石林景区,1,1,20
云南,12月,中国科学院西双版纳热带植物园-藤本园站,1,1,15
云南,12月,中国科学院西双版纳热带植物园人工雨林-4-2,1,1,32
云南,12月,中国科学院西双版纳热带植物园吊桥,1,1,17
云南,12月,中国科学院西双版纳热带植物园江边,1,1,23
云南,12月,中国科学院西双版纳热带植物园电站大桥,1,1,2
云南,12月,中国科学院西双版纳热带植物园野菜园,1,1,10
云南,12月,中國科學院西雙版納熱帶植物園,1,1,9
云南,12月,中天寺,1,1,7
云南,12月,中科版纳植物园,1,1,1
云南,12月,丽江古城束河古镇,1,1,4
云南,12月,丽江市利苴村老君山生物多样性保护中心,1,1,4
云南,12月,丽江市博物院,1,1,16
云南,12月,丽江市黑龙潭公园,1,1,9
云南,12月,丽江老君山自然中心,1,1,1
云南,12月,丽江黑龙潭风景名胜区(古城区民主路1号),1,1,17
云南,12月,乌龙河,1,1,12
云南,12月,九鼎龙潭,1,1,11
云南,12月,云南农业大学,1,1,3
云南,12月,云南大学,1,1,6
云南,12月,云南大学(呈贡校区),1,1,8
云南,12月,云南玉溪抚仙湖,1,1,13
云南,12月,云南盈江国家湿地公园,1,1,48
云南,12月,云南盈江那邦,1,1,14
云南,12月,云南省大理白族自治州大理市,1,1,19
云南,12月,云南省澜沧江省级自然保护区,1,1,1
云南,12月,云县滨河公园东南100米(云州路西),1,1,11
云南,12月,云县漫湾镇茅草林,1,1,4
云南,12月,云县爱华镇蜂王寨,1,1,3
云南,12月,云安会都贵宾楼,1,1,1
云南,12月,云美庭酒店(西双版纳)509房阳台,1,1,5
云南,12月,云锦别院,1,1,12
云南,12月,仙人谷,1,1,12
云南,12月,会泽县大桥乡安基卡,1,1,1
云南,12月,会泽县大桥乡易家地,1,1,3
云南,12月,余家河(昆明市晋宁区),1,1,8
云南,12月,保山百花岭灵芝家民宿,1,1,14
云南,12月,保山青华海国家湿地公园,1,1,19
云南,12月,允燕山,1,1,16
云南,12月,元江哈尼族彝族傣族自治县石膏箐,1,1,7
云南,12月,元江哈尼族彝族傣族自治县高桥御景,1,1,12
云南,12月,元江哈尼族彝族傣族自治县龙潭乡大哨村,1,1,6
云南,12月,元阳·哈尼梯田,1,1,2
云南,12月,共比,1,1,5
云南,12月,兴隆—张家村—下村,1,1,34
云南,12月,兴隆村,1,1,9
云南,12月,凤凰山环志站,1,1,33
云南,12月,切格(无量山)野奢营地,1,1,4
云南,12月,剑湖国家湿地公园,1,1,46
云南,12月,加水站(大丽高速大理方向),1,1,3
云南,12月,勐仑保护区王子山片区,1,1,7
云南,12月,勐仑保护区绿石林片区,1,1,14
云南,12月,勐仑幺等新寨飘海鸟塘,1,1,15
云南,12月,勐仑春林宾馆,1,1,1
云南,12月,勐梭龙潭西门(西盟佤族自治县人民政府南),1,1,15
云南,12月,勐海县勐巴拉国际旅游度假区,1,1,12
云南,12月,勐海县勐遮镇勐邦,1,1,12
云南,12月,勐焕大金塔,1,1,13
云南,12月,勐腊县G213,1,1,15
云南,12月,勐腊县中国科学院西双版纳热带植物园(G219东),1,1,45
云南,12月,勐腊县中科院植物园(G219西500米),1,1,22
云南,12月,勐腊县中科院植物园(罗梭江大桥东南150米),1,1,25
云南,12月,勐腊县中科院植物园(蒲葵大道东50米),1,1,32
云南,12月,勐腊县会龙特色旅游村,1,1,4
云南,12月,勐腊县佛肚树(蒲葵大道南),1,1,17
云南,12月,勐腊县勐仑春林宾馆,1,1,2
云南,12月,勐腊县勐仑镇G213(勐仑镇勐醒小学),1,1,2
云南,12月,勐腊县勐仑镇曼安,1,1,4
云南,12月,勐腊县勐仑镇滨江酒店(纳贺科路),1,1,2
云南,12月,勐腊县南贡山保护区,1,1,35
云南,12月,勐腊县南贡山隧道群东北(213国道北),1,1,28
云南,12月,勐腊县曼安小区3H小区10栋(内环段南),1,1,4
云南,12月,勐腊县植物迷宫(蒲葵大道西),1,1,3
云南,12月,勐腊县版纳曼安小区,1,1,7
云南,12月,勐腊县磨憨镇平河龙门鸟塘及周边,1,1,40
云南,12月,勐腊县西双版纳国家自然保护区勐仑管理所,1,1,7
云南,12月,勒勐,1,1,13
云南,12月,北海湿地,1,1,15
云南,12月,北海湿地景区,1,1,21
云南,12月,北海湿地景区[公交站],1,1,11
云南,12月,北部湿地公园,1,1,4
云南,12月,华侨城卧龙古渔村,1,1,11
云南,12月,南京里隧道,1,1,38
云南,12月,南木各脚,1,1,9
云南,12月,南涧彝族自治县公郎镇G214(旧),1,1,3
云南,12月,南涧彝族自治县无量山樱花谷(G214旧南300米),1,1,67
云南,12月,南腊河星光夜市,1,1,4
云南,12月,南腊河汽车营地(四分场六队曼龙勒村),1,1,5
云南,12月,南贡山1号隧道,1,1,16
云南,12月,双江县,1,1,3
云南,12月,双龙公园,1,1,8
云南,12月,古纳卡傣族文化园,1,1,1
云南,12月,右所镇,1,1,35
云南,12月,吊桥,1,1,1
云南,12月,呈贡区斗南湿地,1,1,7
云南,12月,呼马山森林公园,1,1,11
云南,12月,响洞坡,1,1,16
云南,12月,嘉蟹养殖家庭农场,1,1,10
云南,12月,基诺山达娘雨林徒步,1,1,22
云南,12月,墨江北回归线标志园,1,1,8
云南,12月,大刘家,1,1,17
云南,12月,大哨森林,1,1,5
云南,12月,大地茶海森林康养基地,1,1,3
云南,12月,大姚县龙街镇黎柴冲,1,1,3
云南,12月,大娘山,1,1,79
云南,12月,大寨村,1,1,2
云南,12月,大山包景区,1,1,25
云南,12月,大海子水库,1,1,13
云南,12月,大王岩公园,1,1,11
云南,12月,大理万和永皓海景酒店西北300米(滨海大道北),1,1,2
云南,12月,大理云水客栈(大理市),1,1,20
云南,12月,大理剑川剑湖湿地省级自然保护区管护局,1,1,68
云南,12月,大理国际奥林匹克体育中心北,1,1,6
云南,12月,大理才村湿地公园,1,1,10
云南,12月,大理港(大理白族自治州大理市洱河南路),1,1,13
云南,12月,大理白族自治州剑川县剑湖,1,1,9
云南,12月,大理苍山世界地质公园,1,1,2
云南,12月,大理苍山世界地质公园依山海庄园,1,1,10
云南,12月,大理金盛机动车检测站(红山路东100米),1,1,7
云南,12月,大观公园,1,1,28
云南,12月,大鱼塘,1,1,1
云南,12月,太平镇铁莫崩山,1,1,104
云南,12月,太阳历公园,1,1,2
云南,12月,姐满,1,1,8
云南,12月,姜家寨,1,1,36
云南,12月,姜家寨(保山市腾冲市),1,1,6
云南,12月,孟定镇,1,1,56
云南,12月,孟连中勒水库亚内咖啡,1,1,9
云南,12月,宁洱哈尼族彝族自治县清水河温泉度假村(昆磨高速北),1,1,10
云南,12月,守望台,1,1,4
云南,12月,官渡五甲塘湿地公园,1,1,20
云南,12月,官渡区六甲街道福保居民委员会,1,1,1
云南,12月,官渡区山海生态运动休闲公园东北50米(海田路西),1,1,30
云南,12月,宝丰湿地和滇池周边湿地环境,1,1,27
云南,12月,宝山石头城,1,1,10
云南,12月,寥廓公园,1,1,16
云南,12月,小中甸镇,1,1,2
云南,12月,小邑庄公路,1,1,10
云南,12月,属都湖,1,1,10
云南,12月,岗纪服务区小客车停车场,1,1,6
云南,12月,巍山县圆觉寺,1,1,8
云南,12月,川河,1,1,20
云南,12月,左卫,1,1,4
云南,12月,左卫塘,1,1,23
云南,12月,巴江路,1,1,11
云南,12月,师宗县龙庆彝族壮族乡冒水洞村,1,1,3
云南,12月,干沟尾,1,1,24
云南,12月,广龙抚海湾湿地公园(玉溪市澄江县),1,1,11
云南,12月,应新酒店(思亭路店),1,1,3
云南,12月,庾园-大观楼南园,1,1,16
云南,12月,建水古城小火车乡会桥站,1,1,4
云南,12月,开远市永华种鸡东北1000米,1,1,10
云南,12月,弄莫湖,1,1,5
云南,12月,弄莫湖公园,1,1,7
云南,12月,弥勒湖泉生态园,1,1,13
云南,12月,彝人古镇,1,1,2
云南,12月,彝瑞香农庄,1,1,10
云南,12月,怒江边紫荆花,1,1,14
云南,12月,思茅区普洱太阳河森林公园,1,1,17
云南,12月,思茅区普洱市梅子湖公园观景台,1,1,13
云南,12月,惠民购物广场,1,1,1
云南,12月,打洛独树成林风景区,1,1,2
云南,12月,抚仙湖公园(玉溪市澄江县新河口附近),1,1,7
云南,12月,拦河坝水库,1,1,13
云南,12月,捞鱼河沿岸（理工大段）,1,1,13
云南,12月,文山市东山公园,1,1,20
云南,12月,文山市民族文化馆,1,1,6
云南,12月,文笔村,1,1,4
云南,12月,新平彝族傣族自治县云南花腰傣开元森泊度假乐园,1,1,1
云南,12月,新平时光小筑酒店,1,1,5
云南,12月,无底湖,1,1,2
云南,12月,无量剑湖,1,1,30
云南,12月,昆明世界园艺博览园东南,1,1,31
云南,12月,昆明亚灵/科灵生物科技有限公司,1,1,15
云南,12月,昆明动物园,1,1,1
云南,12月,昆明市呈贡区云南大学(呈贡校区),1,1,22
云南,12月,昆明市大观公园-南园,1,1,13
云南,12月,昆明市滇池宝丰湿地公园,1,1,7
云南,12月,昆明捞渔河湿地公园,1,1,4
云南,12月,昆明树木园,1,1,27
云南,12月,昆明植物园(昆明市盘龙区蓝黑路132号),1,1,3
云南,12月,昆明植物园-西园,1,1,16
云南,12月,昆明滇池国家旅游度假区,1,1,2
云南,12月,昆明瀑布公园,1,1,13
云南,12月,昆明翠湖公园-东门,1,1,2
云南,12月,明波立交桥,1,1,3
云南,12月,明珠广场[公交站],1,1,2
云南,12月,易武镇,1,1,8
云南,12月,星海半岛湿地公园,1,1,26
云南,12月,晋宁区双河村,1,1,8
云南,12月,晋宁县东大河河口湿地,1,1,1
云南,12月,晋宁服务区(昆明绕城高速外环方向),1,1,5
云南,12月,普洱亚太森林组织基地,1,1,25
云南,12月,普洱国家公园-犀牛坪景区,1,1,3
云南,12月,普洱市,1,1,11
云南,12月,普洱景迈山芒景瀑布,1,1,10
云南,12月,普者黑,1,1,13
云南,12月,景东县太忠镇大断腰山,1,1,25
云南,12月,景洪市勐养镇G213(西双版纳野象营地野象客运站),1,1,13
云南,12月,景洪市基诺山基诺族乡银厂岩子,1,1,10
云南,12月,景洪市大渡岗乡昆满,1,1,16
云南,12月,景洪市野象谷站,1,1,26
云南,12月,景迈大金塔,1,1,4
云南,12月,曼南醒公路,1,1,13
云南,12月,曼库山,1,1,21
云南,12月,曼掌,1,1,10
云南,12月,曼磊佛塔,1,1,4
云南,12月,曼远村,1,1,1
云南,12月,李家湾村(曲靖市会泽县),1,1,19
云南,12月,松赞林景区,1,1,6
云南,12月,板过河湿地公园,1,1,13
云南,12月,林塘村,1,1,24
云南,12月,栏板桥(Y709),1,1,1
云南,12月,梁河县遮岛镇新寨,1,1,2
云南,12月,梁王山风口村附近,1,1,3
云南,12月,梅子湖公园,1,1,11
云南,12月,楚雄紫溪山,1,1,8
云南,12月,楚雄紫溪山仙人谷,1,1,3
云南,12月,楠赛林卡国际旅游精品酒店(香格里拉古城店),1,1,8
云南,12月,樱花谷森林温泉风景区(北海乡双坡村境内),1,1,8
云南,12月,永平服务区,1,1,10
云南,12月,江坡村,1,1,16
云南,12月,江川区前卫镇下大河咀,1,1,42
云南,12月,江川区前卫镇新河咀小龙门,1,1,26
云南,12月,江川区路居镇石岩哨村,1,1,46
云南,12月,汤满河,1,1,3
云南,12月,汤满河小水库,1,1,1
云南,12月,沧源佤族自治县上班老水库东南200米,1,1,38
云南,12月,沧源佤族自治县勐角傣族彝族拉祜族乡翁丁垭口,1,1,14
云南,12月,沧源佤族自治县班老乡母空山,1,1,23
云南,12月,沧源县上班老村委会周围,1,1,38
云南,12月,河嘴(昆明市晋宁区),1,1,7
云南,12月,河头寨,1,1,9
云南,12月,法界寺森林公园,1,1,19
云南,12月,泸沽湖—云南,1,1,6
云南,12月,泸沽湖风景名胜区,1,1,6
云南,12月,洪崩河-石梯村,1,1,2
云南,12月,洪崩河/犀鸟谷,1,1,14
云南,12月,洱海公园,1,1,2
云南,12月,洱海月湿地公园(大理白族自治州大理市),1,1,23
云南,12月,洱源县大理西湖(西湖线北200米),1,1,2
云南,12月,洱源县西湖码头(西湖线北),1,1,11
云南,12月,洱源县邓川镇刘官营,1,1,25
云南,12月,洼垤乡,1,1,11
云南,12月,海东湿地,1,1,23
云南,12月,海埂大坝,1,1,3
云南,12月,海埂大坝(观景路和红塔西路交叉口西侧),1,1,1
云南,12月,海峰湿地(曲靖市沾益区大坡乡),1,1,10
云南,12月,清溪公园,1,1,10
云南,12月,清碧溪,1,1,20
云南,12月,湖泉生态园,1,1,10
云南,12月,湖滨生态湿地公园,1,1,4
云南,12月,滇池北岸,1,1,27
云南,12月,滇池永昌湿地,1,1,9
云南,12月,滇池海埂公园,1,1,2
云南,12月,滇越铁路（永丰营站-水晶坡站-宜良站）,1,1,8
云南,12月,滨江壹号(馨园路),1,1,1
云南,12月,滨江大道,1,1,7
云南,12月,漾江镇,1,1,30
云南,12月,澜庭小区(春森路),1,1,9
云南,12月,澜沧拉祜族自治县拉祜风情园(水库西路东50米),1,1,5
云南,12月,灵秀省级乡村旅游特色村(红塔区灵照路),1,1,21
云南,12月,灵芝家百灵鸟民宿(保山百花岭店),1,1,43
云南,12月,热带雨林(西双版纳傣族自治州勐腊县),1,1,4
云南,12月,热曙(拉水),1,1,1
云南,12月,片马,1,1,59
云南,12月,片马公路沿途,1,1,57
云南,12月,版纳植物园,1,1,4
云南,12月,独龙江,1,1,29
云南,12月,独龙江国家公园,1,1,9
云南,12月,狮子山景区,1,1,16
云南,12月,猴桥镇,1,1,1
云南,12月,玉溪园林植物园,1,1,8
云南,12月,玉龙县丽江老君山自然中心南300米,1,1,7
云南,12月,玉龙纳西族自治县丽江老君山自然中心东南300米,1,1,24
云南,12月,玉龙纳西族自治县拉市海吉祥休闲鱼庄,1,1,27
云南,12月,玉龙纳西族自治县拉市海湿地公园东南,1,1,16
云南,12月,玉龙纳西族自治县石头白族乡利苴村三岔河,1,1,3
云南,12月,玉龙纳西族自治县老君山景区,1,1,20
云南,12月,王官湿地公园,1,1,6
云南,12月,王家洼(保山市隆阳区),1,1,37
云南,12月,王莲酒店,1,1,13
云南,12月,瑞丽市勐卯镇允井,1,1,9
云南,12月,瑞丽市勐秀乡广达山,1,1,37
云南,12月,瑞丽市勐秀边防派出所(XN03),1,1,30
云南,12月,瑞丽市弄莫湖公园,1,1,6
云南,12月,瑞丽植物园(S234南),1,1,6
云南,12月,瑞丽江边,1,1,19
云南,12月,瑞丽马尔代夫,1,1,9
云南,12月,白水台景区-观景台,1,1,7
云南,12月,白沙古镇(丽江市玉龙纳西族自治县),1,1,22
云南,12月,白马雪山,1,1,8
云南,12月,白龙潭,1,1,13
云南,12月,百花岭,1,1,74
云南,12月,百花岭小粒咖啡,1,1,48
云南,12月,百花岭村,1,1,1
云南,12月,百花岭村景区,1,1,22
云南,12月,百花岭纯野生蜂蜜,1,1,14
云南,12月,百花岭野生鸟类观赏保护地,1,1,1
云南,12月,百草亭,1,1,25
云南,12月,盈江县17号鸟类观测点西北50米(X036西),1,1,5
云南,12月,盈江县21号鸟类观测点东北200米,1,1,9
云南,12月,盈江县上石梯,1,1,12
云南,12月,盈江县勐乃河桥西北300米(S318西),1,1,3
云南,12月,盈江县南方丝绸之路国际起点,1,1,34
云南,12月,盈江县太平镇X036小勒岗河哨卡北100米,1,1,41
云南,12月,盈江县太平镇下石梯32号点,1,1,43
云南,12月,盈江县太平镇湿地公园花海,1,1,9
云南,12月,盈江县平原镇大芒丙,1,1,25
云南,12月,盈江县拍摄位东500米,1,1,15
云南,12月,盈江县新城乡新芒胆,1,1,10
云南,12月,盈江县观景台(允燕大道南),1,1,3
云南,12月,盈江县那邦镇东抱光山,1,1,4
云南,12月,盈江县那邦镇柚木寨,1,1,4
云南,12月,盈江广场(花园巷),1,1,1
云南,12月,盈江榕树王,1,1,19
云南,12月,盈江洪崩河,1,1,24
云南,12月,盈江洪崩河石梯,1,1,9
云南,12月,盘龙区云南师范大学实验中学小学部(昆明湖校区)西,1,1,5
云南,12月,盘龙区云南师范大学附属昆明湖小学东南(盘江西路南),1,1,2
云南,12月,盘龙区张官营龟龙湖公园(盘江东路东100米),1,1,3
云南,12月,盘龙区昆明植物园(枫香大道西),1,1,9
云南,12月,盘龙区昆明金殿国家森林公园(松园路东),1,1,20
云南,12月,盘龙区蔷薇园(昆明世界园艺博览园东北),1,1,11
云南,12月,盘龙区金殿风景名胜区(世博爱心绿道北),1,1,13
云南,12月,盘龙区黑龙潭公园(昆明植物园东北200米),1,1,18
云南,12月,石宝山,1,1,9
云南,12月,石屏异龙湖国家湿地公园,1,1,13
云南,12月,石月亮观景台,1,1,1
云南,12月,石林霄鲁酱菜厂,1,1,10
云南,12月,石梯,1,1,37
云南,12月,石梯卡河,1,1,1
云南,12月,碧溪古镇,1,1,7
云南,12月,碧鸡文化公园(昆明市西山区昆州路旁),1,1,8
云南,12月,神秘鸟塘,1,1,9
云南,12月,秋木箐社区,1,1,17
云南,12月,紫溪山风景区物种园管理所,1,1,12
云南,12月,红塔区玉溪九龙池公园(九龙路南),1,1,18
云南,12月,红塔区玉溪白龙潭风景区(Y191北),1,1,8
云南,12月,红塔区玉溪白龙潭风景区南300米,1,1,8
云南,12月,纳帕海观鸟,1,1,36
云南,12月,腾冲市曲石乡,1,1,51
云南,12月,腾冲市曲石镇两江口,1,1,7
云南,12月,腾冲市曲石镇河边寨,1,1,20
云南,12月,腾冲市曲石镇硝塘坝,1,1,5
云南,12月,腾冲市来凤寺,1,1,20
云南,12月,腾冲市高黎贡山姜家寨鸟类监测点东北50米,1,1,16
云南,12月,腾冲火山地热国家地质公园,1,1,2
云南,12月,腾冲观鸟黄腰响蜜䴕之家,1,1,16
云南,12月,芒合村,1,1,4
云南,12月,芒宽,1,1,15
云南,12月,芒宽彝族傣族乡,1,1,11
云南,12月,芒市大银塔东南400米(环湖路东),1,1,12
云南,12月,芒市孔雀湖旅游度假区,1,1,11
云南,12月,芒市镇小仙人洞,1,1,14
云南,12月,芒杏河,1,1,28
云南,12月,苍山景区苍山感通索道(大理市),1,1,8
云南,12月,茈碧湖,1,1,17
云南,12月,草海,1,1,1
云南,12月,草海湿地,1,1,4
云南,12月,莫催茶室(苍山店),1,1,16
云南,12月,蒙自市碧色寨站北(蒙草公路东),1,1,3
云南,12月,蒙自市缘狮洞(鸣砚公路西),1,1,1
云南,12月,蒙自杨胜养殖场东600米,1,1,4
云南,12月,虎跳峡徒步路线,1,1,4
云南,12月,融创春风十里公园,1,1,8
云南,12月,血雀树,1,1,1
云南,12月,褚橙庄园,1,1,1
云南,12月,西双版纳傣族自治州勐腊县中国科学院西双版纳热带植物园,1,1,3
云南,12月,西双版纳原始森林公园,1,1,12
云南,12月,西双版纳热带雨林谷(景洪市勐仑镇),1,1,8
云南,12月,西双版纳野象谷景区北门-售票处,1,1,43
云南,12月,西山区海滨花园东150米(昆明绕城高速内环中线南),1,1,13
云南,12月,西山区滇池,1,1,38
云南,12月,西山区滇池卫城蓝湾(万达大道西),1,1,18
云南,12月,诸葛坝水库,1,1,10
云南,12月,诺邓古村,1,1,16
云南,12月,边寨喊沙景区,1,1,1
云南,12月,那柯里茶马驿站,1,1,21
云南,12月,郊野公园,1,1,12
云南,12月,野鸭塘河谷庄园,1,1,3
云南,12月,金塔佛寺,1,1,4
云南,12月,金殿风景名胜区-陈圆圆文化园,1,1,22
云南,12月,银厂上寨,1,1,1
云南,12月,银杏村旅游度假区,1,1,6
云南,12月,隆阳区启迪科技城小区,1,1,18
云南,12月,隆阳区塘主老候家南100米,1,1,4
云南,12月,隆阳区潞江坝服务区(微缩惠通桥东150米),1,1,1
云南,12月,隆阳区澡塘河东南50米,1,1,9
云南,12月,隆阳区澡塘河南500米2号鸟塘,1,1,22
云南,12月,隆阳区澡塘河西300米,1,1,39
云南,12月,隆阳区芒宽彝族傣族乡帮维,1,1,59
云南,12月,隆阳区芒宽彝族傣族乡旱龙寨,1,1,18
云南,12月,隆阳区茶韵台北50米,1,1,15
云南,12月,隆阳区青华海国家湿地公园,1,1,42
云南,12月,隆阳区青华海西湖景区,1,1,19
云南,12月,隆阳区高黎贡山自然保护区,1,1,63
云南,12月,隆阳区高黎贡山自然保护区王家岩防火检查站西北4号塘,1,1,26
云南,12月,雨崩村,1,1,9
云南,12月,雪达湖,1,1,10
云南,12月,青华海,1,1,3
云南,12月,飞来寺,1,1,2
云南,12月,香格里拉纳帕海111,1,1,4
云南,12月,马惊湖,1,1,8
云南,12月,高黎贡山姜家寨鸟类监测点(保山市腾冲市),1,1,5
云南,12月,高黎贡山百花岭鸟塘,1,1,27
云南,12月,鹤庆草海,1,1,7
云南,12月,鹤庆草海湿地公园,1,1,21
云南,12月,鹤阳寺(大理白族自治州鹤庆县),1,1,16
云南,12月,鹦鹉村,1,1,18
云南,12月,麒麟区寥廓街道营盘山,1,1,24
云南,12月,麻栗坡县第一小学(文山壮族苗族自治州),1,1,1
云南,12月,黑河停车区(江勐高速思茅方向),1,1,2
云南,12月,黑鱼河风景区,1,1,10
云南,12月,龙川江,1,1,9
云南,12月,龙川江漂流,1,1,5
云南,12月,龙潭服务区(江勐高速澜沧方向),1,1,1
云南,12月,龙血树园,1,1,12
云南,12月,龙门鸟塘,1,1,24
