地点名称,时间段,观鸟点名称,访问人数,访问次数,大概鸟种数
北京,所有时段,天坛公园,802,1388,41
北京,所有时段,玉渊潭公园,693,1166,56
北京,所有时段,乐活中堤,576,1338,64
北京,所有时段,颐和园,498,783,53
北京,所有时段,国家植物园北园,472,826,48
北京,所有时段,百望山森林公园,414,911,60
北京,所有时段,奥森南园,407,651,48
北京,所有时段,昌平新城滨河森林公园巩华城半岛,381,747,58
北京,所有时段,奥森北园,371,772,54
北京,所有时段,北京玉渊潭公园,349,876,50
北京,所有时段,北京天坛公园,332,706,37
北京,所有时段,北海公园,294,343,32
北京,所有时段,沙河水库,288,405,68
北京,所有时段,北京沙河水库,275,450,100
北京,所有时段,北京南海子公园,260,376,61
北京,所有时段,奥林匹克森林公园（奥森）南园,255,295,35
北京,所有时段,奥林匹克森林公园北园,202,497,51
北京,所有时段,巩华城半岛（北沙河南岸）,199,311,58
北京,所有时段,北京奥林匹克森林公园南园,190,291,42
北京,所有时段,北京圆明园遗址公园,174,402,57
北京,所有时段,密云区太师屯镇小漕村,159,213,51
北京,所有时段,小漕村,158,180,46
北京,所有时段,圆明园遗址公园,155,193,55
北京,所有时段,沙河水库-北岸,146,177,49
北京,所有时段,东灵山,146,172,50
北京,所有时段,野鸭湖湿地公园,143,168,83
北京,所有时段,元大都遗址公园,139,255,21
北京,所有时段,密云水库调节池,137,147,45
北京,所有时段,北京市密云区朱家湾村清水河,134,175,56
北京,所有时段,滨河森林公园-沙河水库,134,173,58
北京,所有时段,妙峰山森林公园玫瑰谷,132,180,43
北京,所有时段,国家植物园北园（原北京植物园）,132,164,44
北京,所有时段,十渡,111,121,36
北京,所有时段,密云水库,102,115,91
北京,所有时段,柳荫公园,100,148,35
北京,所有时段,陶然亭公园,94,162,28
北京,所有时段,奥林匹克森林公园南园,92,137,43
北京,所有时段,颐和园—团城湖,92,112,35
北京,所有时段,龙潭西湖公园,91,164,41
北京,所有时段,朝阳公园,89,114,44
北京,所有时段,宋庄蓄滞洪区-二期,88,161,56
北京,所有时段,青白口桥,87,99,47
北京,所有时段,官庄公园,86,192,32
北京,所有时段,北京密云水库,81,103,79
北京,所有时段,北京大学,80,267,54
北京,所有时段,密云区太师屯镇泉河,78,89,48
北京,所有时段,官厅水库（野鸭湖-康西草原-马场沿线）,76,88,70
北京,所有时段,太阳宫公园,75,133,27
北京,所有时段,常乐村(北京市海淀区),75,111,37
北京,所有时段,琉璃河湿地公园,73,89,39
北京,所有时段,宋庄蓄滞洪区二期,72,78,38
北京,所有时段,紫竹院公园,68,111,32
北京,所有时段,国家植物园,66,83,41
北京,所有时段,西郊雨洪调蓄工程/西郊砂石坑,64,76,22
北京,所有时段,大宁水库-乐活中堤（即滞洪水库）-废弃河道,63,118,58
北京,所有时段,大运河森林公园,63,107,38
北京,所有时段,小漕村外崖壁及潮河沿岸,63,75,38
北京,所有时段,沿河城,63,68,36
北京,所有时段,北土城东路元大都遗址公园,62,86,24
北京,所有时段,奥林匹克森林公园（奥森）全域,62,72,46
北京,所有时段,白浮泉公园,61,100,35
北京,所有时段,门头沟小龙门林场,60,79,54
北京,所有时段,南海子公园,59,66,43
北京,所有时段,天坛公园西门林地,58,66,24
北京,所有时段,宛平湖大宁水库乐活中堤永定河废弃河道,56,161,85
北京,所有时段,北京翠湖湿地公园,55,228,65
北京,所有时段,宋庄蓄滞洪公园,54,136,65
北京,所有时段,密云水库不老屯天文台,54,58,62
北京,所有时段,天坛公园-科普园（苗圃）,54,57,23
北京,所有时段,西郊砂石坑公园,52,56,23
北京,所有时段,密云水库周边,52,55,64
北京,所有时段,清华大学,49,108,43
北京,所有时段,奥林匹克森林公园北园大坑,49,76,45
北京,所有时段,北京市天坛公园,49,72,33
北京,所有时段,西峪水库,49,53,25
北京,所有时段,北京动物园,48,109,37
北京,所有时段,沙河昌平新城滨河森林公园,48,69,45
北京,所有时段,北京市丰台区绿堤公园宛平湖,48,62,44
北京,所有时段,上庄镇西马坊村,47,107,42
北京,所有时段,巩华城半岛,47,81,59
北京,所有时段,沙河北岸,47,68,53
北京,所有时段,百望山森林公园春季猛禽观测点,47,67,43
北京,所有时段,昌平新城滨河森林公园,47,63,38
北京,所有时段,北庄镇,47,53,31
北京,所有时段,宛平湖,46,53,43
北京,所有时段,故宫博物院,46,53,15
北京,所有时段,南海子一期,45,54,50
北京,所有时段,康西草原马场,45,52,71
北京,所有时段,绿堤公园（宛平湖）,45,52,27
北京,所有时段,奥林匹克森林公园（奥森）北园,43,51,22
北京,所有时段,马家湾湿地公园,42,119,43
北京,所有时段,妙峰山,42,43,31
北京,所有时段,永定河崖沙燕巢,42,42,17
北京,所有时段,北京市奥林匹克森林公园,40,57,66
北京,所有时段,朝阳区奥运村奥林匹克森林公园(清河路南300米),40,46,53
北京,所有时段,颐和园-西门,40,45,35
北京,所有时段,天坛公园科普园,39,52,24
北京,所有时段,妙峰山玫瑰梯田观景平台,39,41,26
北京,所有时段,密云清水河,39,41,28
北京,所有时段,大小黄岩河,39,39,16
北京,所有时段,房山区乐活中堤南100米,38,56,52
北京,所有时段,沙河昌平新城滨河森林公园(巩华城半岛外周边),38,48,62
北京,所有时段,北京海淀玉渊潭公园,38,46,36
北京,所有时段,明十三陵景区,38,40,41
北京,所有时段,北沙河南岸,37,50,44
北京,所有时段,北京植物园(北京市海淀区香山路),36,46,34
北京,所有时段,怀柔水库,36,46,64
北京,所有时段,野鸭湖国家湿地公园,36,38,72
北京,所有时段,海淀公园,35,45,38
北京,所有时段,南苑森林湿地公园,34,72,37
北京,所有时段,念坛公园,34,65,39
北京,所有时段,大宁水库-乐活中堤-永定河道,34,35,41
北京,所有时段,龙潭中湖,33,57,26
北京,所有时段,北海公园小西天,33,36,18
北京,所有时段,妙峰山玫瑰园,33,36,21
北京,所有时段,顺义新城滨河森林公园二区,32,35,37
北京,所有时段,门头沟东灵山,32,32,33
北京,所有时段,清河大桥东侧河段,31,42,23
北京,所有时段,北京奥森公园,31,33,38
北京,所有时段,山里乐活,31,33,14
北京,所有时段,红领巾公园,30,110,32
北京,所有时段,奥林匹克森林公园南园(北京市朝阳区),30,38,53
北京,所有时段,十三陵水库,30,33,26
北京,所有时段,清水河太师屯高速桥以下段,29,30,34
北京,所有时段,汉石桥湿地自然保护区,28,52,109
北京,所有时段,灵山自然风景区,28,36,50
北京,所有时段,北京市东城区天坛公园-生态科普园,28,35,22
北京,所有时段,昌平巩华城新城滨河森林公园及周边,28,34,41
北京,所有时段,景山公园,28,30,15
北京,所有时段,朱家湾村,28,28,40
北京,所有时段,将府公园,27,63,42
北京,所有时段,温榆河（孙河段）,27,32,39
北京,所有时段,北京西山国家森林公园,27,30,19
北京,所有时段,云岗森林公园,26,73,34
北京,所有时段,巩华城,26,43,26
北京,所有时段,圆明园遗址公园(海淀区清华西路28号),26,36,50
北京,所有时段,北京市国家植物园,26,33,44
北京,所有时段,天坛苗圃,26,32,24
北京,所有时段,幽州大峡谷(北京市门头沟区沿河城附近),26,26,37
北京,所有时段,明十三陵景区-水库上游河道（锥石口沟）,26,26,30
北京,所有时段,海淀区上庄镇东马坊村,25,90,46
北京,所有时段,宣武艺园,25,76,26
北京,所有时段,南海子麋鹿苑,25,26,43
北京,所有时段,马场,25,25,64
北京,所有时段,元大都城垣遗址公园,24,38,24
北京,所有时段,沙河水库（北沙河南岸）,24,33,52
北京,所有时段,天坛公园-科普园,24,28,21
北京,所有时段,门头沟沿河城,24,28,45
北京,所有时段,百望山282,23,69,39
北京,所有时段,北京园博园,23,55,53
北京,所有时段,北京市通州区北运河,23,30,37
北京,所有时段,百望山猛禽观测点,23,30,38
北京,所有时段,香山公园,23,28,26
北京,所有时段,玉渊谭公园,23,27,29
北京,所有时段,奥森公园南园,23,24,32
北京,所有时段,日坛公园,22,34,15
北京,所有时段,温榆河孙河河段,22,33,43
北京,所有时段,北京市东城区天坛公园,22,28,31
北京,所有时段,昌平区沙河翠明湖,22,26,33
北京,所有时段,玉渊潭 公园,22,26,34
北京,所有时段,奥森北园+南园,22,25,51
北京,所有时段,幽州大峡谷,22,25,24
北京,所有时段,北京市北京市东城区天坛公园-西门,22,24,25
北京,所有时段,密云北庄清水河(密云区芦北公路南50米),22,22,44
北京,所有时段,凤港减河,21,63,53
北京,所有时段,奥林匹克森林公园（北园）,21,26,38
北京,所有时段,城市绿心森林公园,21,24,36
北京,所有时段,巩华城沙河,21,24,50
北京,所有时段,玉渊潭,21,24,21
北京,所有时段,地坛公园,21,22,14
北京,所有时段,延庆区野鸭湖国家湿地公园(康野路西),21,22,66
北京,所有时段,石匣村,21,22,22
北京,所有时段,八渡桥,21,21,20
北京,所有时段,密云区不老屯镇学各庄村,21,21,42
北京,所有时段,密云区太师屯村,21,21,16
北京,所有时段,沿河城（永定河幽州大峡谷）,21,21,44
北京,所有时段,天坛公园(北京市东城区天坛东路甲1号),20,30,28
北京,所有时段,农展馆,20,27,33
北京,所有时段,全国农业展览馆（农展馆）,20,24,30
北京,所有时段,百望山森林公园秋季猛禽监测点,20,21,32
北京,所有时段,野鸭湖马场,20,21,81
北京,所有时段,拒马河十渡,20,20,37
北京,所有时段,龙潭中湖公园,20,20,17
北京,所有时段,中国科学院大学雁栖湖校区西区,19,58,34
北京,所有时段,东小口森林公园,19,48,38
北京,所有时段,萧太后河（田家府段）,19,28,43
北京,所有时段,全国农业展览馆,19,25,27
北京,所有时段,小龙门狗食槽,19,22,25
北京,所有时段,右堤路,19,21,32
北京,所有时段,绿堤公园,19,21,41
北京,所有时段,宛平湖-大宁水库,19,20,48
北京,所有时段,日坛公园(北京市朝阳区日坛北路6号),18,54,21
北京,所有时段,颐和园-昆明湖团城湖,18,25,43
北京,所有时段,园外园·中坞公园(北京市海淀区),18,23,23
北京,所有时段,奥林匹克森林公园北园西门,18,21,30
北京,所有时段,什刹海西海湿地公园,18,19,18
北京,所有时段,北京北海公园,18,19,21
北京,所有时段,北植,18,19,34
北京,所有时段,古北口镇,18,19,59
北京,所有时段,王家窝铺(北京市密云区),18,19,13
北京,所有时段,南海子二期,18,18,27
北京,所有时段,密云水库大小曹村库滨带,18,18,34
北京,所有时段,明十三陵风景区,18,18,32
北京,所有时段,北京市昌平区沙河水库,17,22,78
北京,所有时段,中山公园,17,21,20
北京,所有时段,沙河,17,21,39
北京,所有时段,玉渊潭公园东湖东岸,17,21,26
北京,所有时段,翠湖国家城市湿地公园,17,21,52
北京,所有时段,密云区高岭镇人民政府(高岭村政府路8号),17,19,28
北京,所有时段,朝阳区望京伯爵城中央公园(阜安西路南),17,19,11
北京,所有时段,颐和园(团城湖区域),17,19,24
北京,所有时段,昌平十三陵水库,16,34,58
北京,所有时段,昌平巩华城半岛周边,16,25,56
北京,所有时段,巩华城地铁站路西,16,21,23
北京,所有时段,望京伯爵城中央公园,16,19,15
北京,所有时段,天坛公园科普园附近,16,18,25
北京,所有时段,北京市海淀区北京植物园,16,17,31
北京,所有时段,天坛,16,17,30
北京,所有时段,绿海运动公园,16,17,21
北京,所有时段,北京市朝阳区望和公园-北园,16,16,23
北京,所有时段,唐指山水库,16,16,31
北京,所有时段,清河（清河南镇段）,16,16,21
北京,所有时段,镇辽门东,15,21,37
北京,所有时段,颐和园团城湖,15,21,29
北京,所有时段,百望山森林公园-观景平台,15,20,30
北京,所有时段,百望山森林公园黑山头,15,20,32
北京,所有时段,西郊砂石坑公园(北京市海淀区),15,19,31
北京,所有时段,北京市清河管理处下清河闸管理站,15,17,20
北京,所有时段,温榆河孙河乡,15,17,41
北京,所有时段,国家植物园北园-东南门,15,16,29
北京,所有时段,国家植物园北园-绚秋园,15,16,25
北京,所有时段,玉渊潭公园樱花湖,15,16,32
北京,所有时段,颐和园-团城湖,15,16,34
北京,所有时段,十渡（房山拒马河峡谷）,15,15,30
北京,所有时段,大黄岩河,15,15,17
北京,所有时段,朝阳区元大都遗址公园,15,15,20
北京,所有时段,沙河巩华城半岛周边,15,15,29
北京,所有时段,国家植物园南园,14,24,23
北京,所有时段,清河之洲,14,23,19
北京,所有时段,奥林匹克森林公园,14,19,52
北京,所有时段,北京莲花池公园,14,18,14
北京,所有时段,未来科学城滨水公园,14,18,39
北京,所有时段,雁栖湖,14,17,24
北京,所有时段,朝阳区南磨房官庄公园(广渠东路南300米),14,16,19
北京,所有时段,沙河水库北岸,14,16,55
北京,所有时段,沙河水库南沙河,14,15,42
北京,所有时段,顺义区仁和镇光明街道,14,15,28
北京,所有时段,官厅水库,14,14,81
北京,所有时段,幽州峡谷,14,14,44
北京,所有时段,房山区佛子庄乡教军场,14,14,22
北京,所有时段,朝阳区奥运村奥林匹克森林公园(沉水廊道西),14,14,27
北京,所有时段,百望山望京楼,13,51,29
北京,所有时段,海淀区玉渊潭公园,13,23,33
北京,所有时段,东城区 柳荫公园,13,21,26
北京,所有时段,北京市玉渊潭公园,13,19,41
北京,所有时段,清华大学-工字厅,13,18,26
北京,所有时段,牛口峪湿地公园,13,18,32
北京,所有时段,百望山282猛禽监测点,13,17,28
北京,所有时段,朝阳区太阳宫公园(四环南),13,16,21
北京,所有时段,海淀区百望山森林公园猛禽监测春季点,13,16,19
北京,所有时段,北京市大兴区南海子公园,13,15,26
北京,所有时段,太师屯和园公园,13,15,18
北京,所有时段,房山区长阳镇大宁村,13,15,33
北京,所有时段,中坞公园,13,14,24
北京,所有时段,马场和野鸭湖国家湿地公园,13,14,61
北京,所有时段,妙峰山玫瑰园（阳台山东大坨）,13,13,23
北京,所有时段,山水天下影视城西(清水河北路),13,13,10
北京,所有时段,中国科学院大学(雁栖湖校区),12,26,24
北京,所有时段,老山城市休闲公园,12,24,26
北京,所有时段,大兴区南海子公园二期,12,23,46
北京,所有时段,东郊湿地公园,12,18,39
北京,所有时段,北沙河及巩华城半岛,12,18,41
北京,所有时段,大运河森林公园-月岛闻莺景区,12,18,54
北京,所有时段,北京植物园(北京市海淀区),12,17,33
北京,所有时段,南海子二期东南,12,14,36
北京,所有时段,南海子公园(北京市大兴区),12,14,39
北京,所有时段,海淀区百望山森林公园春季猛禽监测点,12,14,31
北京,所有时段,天坛公园北天门东北,12,13,20
北京,所有时段,昌平滨河森林公园,12,13,34
北京,所有时段,百望山森林公园春季猛禽监测点,12,13,38
北京,所有时段,北京市北京市海淀区玉渊潭公园,12,12,23
北京,所有时段,潮河关桥,12,12,19
北京,所有时段,莲花池公园,12,12,24
北京,所有时段,虎峪自然风景区,12,12,25
北京,所有时段,辛庄桥潮河河道,12,12,61
北京,所有时段,青白口村(北京市门头沟区),12,12,17
北京,所有时段,三星庄后河,11,60,35
北京,所有时段,房山新城滨水森林公园,11,49,31
北京,所有时段,北京林业大学,11,20,21
北京,所有时段,北京师范大学,11,19,16
北京,所有时段,凉水河丰台段,11,18,28
北京,所有时段,中国人民大学,11,17,11
北京,所有时段,北京奥林匹克公园,11,15,45
北京,所有时段,沙河水库沿岸,11,14,43
北京,所有时段,南海子公园二期,11,12,30
北京,所有时段,国家植物园梅园水景观光区,11,12,31
北京,所有时段,房山大石河,11,12,26
北京,所有时段,清水河（密云北庄朱家湾段）,11,12,17
北京,所有时段,玉渊潭公园-西门附近,11,12,26
北京,所有时段,不老屯天文台,11,11,38
北京,所有时段,东城区龙潭西湖公园(龙潭路南),11,11,22
北京,所有时段,天坛公园-祈年殿,11,11,14
北京,所有时段,奥森南园西线,11,11,25
北京,所有时段,巩华城地铁站,11,11,36
北京,所有时段,朝阳区奥运村奥林匹克森林公园(北五环北200米),11,11,33
北京,所有时段,沙河昌平新城滨河森林公园游客服务中心西150米,11,11,37
北京,所有时段,辛庄桥,11,11,34
北京,所有时段,月坛公园,10,17,18
北京,所有时段,沙河湿地公园,10,16,33
北京,所有时段,潮白河-云蒙大桥至学府西桥段,10,15,31
北京,所有时段,龙潭公园,10,15,28
北京,所有时段,沙河水库南岸沿线,10,14,47
北京,所有时段,北京市昌平区七孔桥花海,10,13,26
北京,所有时段,北坞公园,10,13,40
北京,所有时段,顺义潮白河滨河森林公园,10,13,33
北京,所有时段,北沙河,10,12,37
北京,所有时段,奥林匹克森林公园北园-西门,10,12,43
北京,所有时段,东城区柳荫公园(黄寺大街东),10,11,20
北京,所有时段,临波中路与运粮引河路交叉口,10,11,40
北京,所有时段,天坛公园西门至苗圃区间,10,11,27
北京,所有时段,北京市朝阳公园,10,10,25
北京,所有时段,北京朝阳公园,10,10,33
北京,所有时段,国家植物园北园和南园,10,10,28
北京,所有时段,奥林匹克森林公园（奥森）南园-西北部水系（叠水花台、沉水廊道、潜流湿地）,10,10,26
北京,所有时段,密云区北庄镇朱家湾村清水河,10,10,30
北京,所有时段,朝阳区奥运村奥林匹克森林公园(奥林西路北150米),10,10,31
北京,所有时段,汉石桥湿地公园,10,10,46
北京,所有时段,沙河昌平新城滨河森林公园及半岛外周边,10,10,29
北京,所有时段,沙河水库及周边,10,10,51
北京,所有时段,河西村西南树林,10,10,21
北京,所有时段,海棠花溪,10,10,10
北京,所有时段,通明湖公园,10,10,33
北京,所有时段,金顶妙峰山-玫瑰观光园,10,10,26
北京,所有时段,四得公园(北京市朝阳区将台西路9号),9,38,23
北京,所有时段,沙河水库西岸,9,35,47
北京,所有时段,沮沟桥,9,29,37
北京,所有时段,兴隆公园,9,16,23
北京,所有时段,顺义滨河森林公园,9,15,37
北京,所有时段,中国农业大学西校区,9,14,13
北京,所有时段,中国科学院大学雁栖湖校区,9,13,31
北京,所有时段,北京温榆河公园-东园,9,13,19
北京,所有时段,北京温榆河公园-西园,9,12,23
北京,所有时段,千灵山,9,12,30
北京,所有时段,北京园博园-园博功能湿地,9,11,22
北京,所有时段,房山区稻田水库,9,11,38
北京,所有时段,西郊沙石坑,9,11,16
北京,所有时段,北京颐和园,9,10,20
北京,所有时段,宛平湖西岸,9,10,36
北京,所有时段,昌平区沙河巩华城地铁站东50米,9,10,54
北京,所有时段,水峪嘴村,9,10,13
北京,所有时段,清河(北京市海淀区),9,10,23
北京,所有时段,北京市海淀区上庄乡常乐村村民委员会南(马坊中路西),9,9,14
北京,所有时段,北京市百望山森林公园,9,9,30
北京,所有时段,古北水镇,9,9,18
北京,所有时段,密云区北京清水河公寓西(清水河北路),9,9,29
北京,所有时段,密云区北庄镇朱家湾村,9,9,44
北京,所有时段,密云区太师屯镇密古路(城子村),9,9,41
北京,所有时段,巩华城滨河森林公园及半岛周边,9,9,48
北京,所有时段,房山区北京银泰鸿业高尔夫俱乐部,9,9,21
北京,所有时段,昌平新城滨河森林公园(北京市昌平区),9,9,28
北京,所有时段,朝阳区奥运村奥林匹克森林公园(天辰路西),9,9,38
北京,所有时段,潮白河,9,9,43
北京,所有时段,百望山森林公园282,9,9,19
北京,所有时段,神堂峪风景区,9,9,23
北京,所有时段,黑山寨村,9,9,20
北京,所有时段,龙潭湖公园,9,9,14
北京,所有时段,通州区东郊森林湿地公园,8,14,32
北京,所有时段,海淀区玉东园(颐和园西门路北150米),8,13,28
北京,所有时段,红军庄村(北京市怀柔区),8,12,25
北京,所有时段,北京航空航天大学,8,11,11
北京,所有时段,南海子公园雁影海,8,11,42
北京,所有时段,小龙门国家级森林公园,8,11,27
北京,所有时段,北京永定河废弃河道,8,10,54
北京,所有时段,南沙河,8,10,49
北京,所有时段,昌平区沙河巩华城地铁站东北150米,8,10,41
北京,所有时段,昌平区白浮泉公园(白浮泉路北300米),8,10,51
北京,所有时段,萧太后河,8,10,42
北京,所有时段,东城区天坛公园(天坛路南300米),8,9,21
北京,所有时段,北京鹫峰国家森林公园,8,9,17
北京,所有时段,千亩玫瑰园景区,8,9,22
北京,所有时段,天坛公园科普园至西门,8,9,23
北京,所有时段,奥林匹克森林公园-北园,8,9,37
北京,所有时段,奥森奥森南园,8,9,30
北京,所有时段,东升八家郊野公园,8,8,30
北京,所有时段,北京市植物园北园,8,8,32
北京,所有时段,北天堂公园,8,8,17
北京,所有时段,北运河通州段,8,8,26
北京,所有时段,十三陵景区定陵,8,8,22
北京,所有时段,教军场,8,8,28
北京,所有时段,牛口峪水库,8,8,33
北京,所有时段,百望山森林公园(海淀区黑山扈北口19号),8,8,33
北京,所有时段,通州大运河森林公园,8,8,32
北京,所有时段,门头沟区宛平县人民八年抗战为国牺牲烈士纪念碑,8,8,10
北京,所有时段,陶然亭公园-醉翁亭,8,8,15
北京,所有时段,顺义新城滨河森林公园三区,8,8,37
北京,所有时段,颐和园公园,8,8,34
北京,所有时段,麋鹿苑,8,8,30
北京,所有时段,中国科学院大学（雁栖湖）,7,30,33
北京,所有时段,海淀区北坞公园(金河路南),7,27,44
北京,所有时段,上庄水库(北京市海淀区),7,26,44
北京,所有时段,马驹桥湿地公园-一期,7,24,35
北京,所有时段,朝阳区庆丰公园,7,16,14
北京,所有时段,白河城市森林公园,7,16,29
北京,所有时段,定慧公园,7,14,11
北京,所有时段,中国农业大学东校区,7,13,20
北京,所有时段,北京大学鸣鹤园,7,11,33
北京,所有时段,永定公园,7,11,25
北京,所有时段,北京中山公园,7,9,20
北京,所有时段,百望山森林公园猛禽监测春季点,7,9,31
北京,所有时段,百花山保护区,7,9,31
北京,所有时段,东马坊村(马坊中路),7,8,23
北京,所有时段,北京昌平区沙河水库南岸,7,8,34
北京,所有时段,国家植物园中国科学院植物研究所北门,7,8,33
北京,所有时段,朝阳区南磨房官庄公园(官庄路东150米),7,8,20
北京,所有时段,沙河昌平新城滨河森林公园东50米,7,8,23
北京,所有时段,清华大学主楼北侧林地,7,8,14
北京,所有时段,温榆河公园,7,8,28
北京,所有时段,东城区天坛公园(天坛路南150米),7,7,18
北京,所有时段,云蒙大桥,7,7,22
北京,所有时段,亦庄新城滨河森林公园（凉水河公园）,7,7,32
北京,所有时段,什刹海公园,7,7,7
北京,所有时段,元大都城垣遗址公园(安贞西里小区北)大都建典,7,7,16
北京,所有时段,元大都城垣遗址公园东土城沟,7,7,20
北京,所有时段,凉水河大兴段,7,7,20
北京,所有时段,北京动物园-水禽湖,7,7,20
北京,所有时段,北京奥林匹克公园-静心池,7,7,20
北京,所有时段,北京野生动物园,7,7,15
北京,所有时段,北京野鸭湖湿地公园,7,7,75
北京,所有时段,南海子公园一期,7,7,48
北京,所有时段,国家天文台密云站,7,7,18
北京,所有时段,大兴区西北永定河畔,7,7,12
北京,所有时段,妙峰山镇,7,7,10
北京,所有时段,妫水河森林公园,7,7,27
北京,所有时段,宛平湖晓月湖,7,7,31
北京,所有时段,密云区北京石匣碧水甘薯种植专业合作社西(东石路南),7,7,14
北京,所有时段,小龙门南沟,7,7,20
北京,所有时段,平谷区西峪水库,7,7,38
北京,所有时段,房山区军红路(教军场),7,7,16
北京,所有时段,昌平区明十三陵风景区(献陵路北),7,7,21
北京,所有时段,昌平区沙河滨河观景平台南200米,7,7,28
北京,所有时段,暖泉会村,7,7,25
北京,所有时段,朝阳区奥运村奥林匹克森林公园(奥林西路东400米),7,7,23
北京,所有时段,朱家湾,7,7,34
北京,所有时段,樱花庭院,7,7,31
北京,所有时段,沙河南岸,7,7,23
北京,所有时段,沙河昌平新城滨河森林公园东北100米,7,7,35
北京,所有时段,沿河城村,7,7,35
北京,所有时段,沿河城站,7,7,20
北京,所有时段,潮白河大桥,7,7,31
北京,所有时段,玉渡山风景区,7,7,14
北京,所有时段,紫竹院公园(海淀区中关村南大街35号),7,7,21
北京,所有时段,西郊雨洪调蓄工程（西郊砂石坑）,7,7,29
北京,所有时段,门头沟沿河城站,7,7,22
北京,所有时段,黑山寨村(北京市昌平区),7,7,23
北京,所有时段,北京环球度假区,6,141,37
北京,所有时段,北京师范大学附属实验中学,6,46,20
北京,所有时段,北科建水岸雁栖,6,34,47
北京,所有时段,凉水河通州段,6,24,30
北京,所有时段,东小口城市休闲公园(北京市昌平区),6,23,28
北京,所有时段,沙河水库新城滨河森林公园,6,23,29
北京,所有时段,玲珑公园,6,20,14
北京,所有时段,奥森北园河东,6,19,35
北京,所有时段,首都经济贸易大学(花乡张家路口121号),6,19,9
北京,所有时段,怀柔城市森林公园,6,17,26
北京,所有时段,中国传媒大学,6,13,12
北京,所有时段,西郊砂石坑,6,12,28
北京,所有时段,减河公园,6,11,8
北京,所有时段,北小河公园,6,11,15
北京,所有时段,望京公园,6,11,15
北京,所有时段,七孔桥花海主题公园,6,10,42
北京,所有时段,中关村森林公园,6,10,31
北京,所有时段,庄怡公园,6,10,13
北京,所有时段,东单公园,6,9,13
北京,所有时段,北京市顺义区潮白河森林公园,6,9,25
北京,所有时段,广阳谷城市森林公园,6,9,13
北京,所有时段,西城区北京动物园畅观楼(五塔寺路南),6,9,21
北京,所有时段,转河小憩园,6,9,17
北京,所有时段,北京师范大学(海淀校园),6,8,32
北京,所有时段,北京翠湖湿地公园(北京市海淀区),6,8,66
北京,所有时段,南沙河翠湖南路,6,8,21
北京,所有时段,怀九河+怀沙河,6,8,33
北京,所有时段,沙河昌平新城滨河森林公园西,6,8,37
北京,所有时段,东城区天坛公园科普园,6,7,17
北京,所有时段,凉水河经开区段,6,7,25
北京,所有时段,北京大觉寺,6,7,15
北京,所有时段,卢沟桥南-乐活中堤 永定河湿地,6,7,28
北京,所有时段,崇青水库,6,7,48
北京,所有时段,怀水大桥,6,7,11
北京,所有时段,新望京楼,6,7,29
北京,所有时段,海子(北京市大兴区),6,7,36
北京,所有时段,海淀区颐和园团城湖及附近,6,7,35
北京,所有时段,温榆河,6,7,43
北京,所有时段,马家湾湿地公园附近,6,7,19
北京,所有时段,麋鹿苑北京市大兴区,6,7,31
北京,所有时段,东坝郊野公园,6,6,16
北京,所有时段,东城区天坛公园双环万寿亭西北200米(天坛路南),6,6,9
北京,所有时段,东城区天坛公园科普园(天坛路南),6,6,25
北京,所有时段,东大坨(玫瑰园环路),6,6,21
北京,所有时段,北京奥林匹克公园北园-花田野趣,6,6,26
北京,所有时段,北京奥林匹克公园叠水花台,6,6,28
北京,所有时段,北京市密云区朱家湾密羽步道,6,6,27
北京,所有时段,北京市莲花池公园,6,6,17
北京,所有时段,北京昌平区沙河水库,6,6,29
北京,所有时段,北京植物园科普馆,6,6,21
北京,所有时段,北京百望山森林公园,6,6,27
北京,所有时段,北土城,6,6,19
北京,所有时段,北宫国家森林公园,6,6,21
北京,所有时段,十三陵北沙河沿岸,6,6,22
北京,所有时段,团城湖,6,6,20
北京,所有时段,圆明园,6,6,24
北京,所有时段,大兴区南海子公园南海子牡丹园西(公园南环路北),6,6,27
北京,所有时段,大兴区瀛海镇四义庄,6,6,14
北京,所有时段,大运河森林公园明镜移舟景区休闲长廊,6,6,33
北京,所有时段,小清河,6,6,38
北京,所有时段,戒台寺,6,6,25
北京,所有时段,故宫博物院(东华门),6,6,14
北京,所有时段,新城滨河森林公园,6,6,24
北京,所有时段,昌平七孔桥花海（十三陵水库二坝）,6,6,19
北京,所有时段,昌平区明十三陵风景区(泰燕路南),6,6,17
北京,所有时段,昌平巩华城半岛北沙河南岸沿线,6,6,34
北京,所有时段,朝阳区奥运村奥林匹克森林公园湿地,6,6,24
北京,所有时段,朱家湾清水河,6,6,31
北京,所有时段,柳荫公园(北京市东城区黄寺大街8号),6,6,29
北京,所有时段,桃峪口水库,6,6,20
北京,所有时段,沙河巩华城地铁站(昌平新城滨河森林公园西),6,6,21
北京,所有时段,沙河昌平新城滨河森林公园东100米,6,6,17
北京,所有时段,沙河水库-南岸,6,6,29
北京,所有时段,海淀区颐和园绚霞琦月南200米(金河路北),6,6,24
北京,所有时段,温榆河朝阳段,6,6,42
北京,所有时段,灵山地区,6,6,25
北京,所有时段,灵山自然风景区(北京市门头沟区灵山路),6,6,23
北京,所有时段,点兵台,6,6,16
北京,所有时段,玉渊潭公园樱珞花谷区域,6,6,19
北京,所有时段,百望山森林公园猛禽监测点,6,6,19
北京,所有时段,红军庄村,6,6,47
北京,所有时段,通州区西集镇苏庄村,6,6,25
北京,所有时段,顺义新城滨河森林公园,6,6,26
北京,所有时段,香山,6,6,17
北京,所有时段,黑山头,6,6,21
北京,所有时段,北京大学医学部,5,43,21
北京,所有时段,中国农业大学(西校区),5,40,18
北京,所有时段,金盏森林公园,5,29,23
北京,所有时段,丰台区莲花池公园(莲花池南路北200米),5,27,22
北京,所有时段,沙河水库巩华城半岛,5,17,33
北京,所有时段,玉东郊野公园,5,15,37
北京,所有时段,百望山森林公园观景平台,5,14,34
北京,所有时段,北京大学镜春园,5,13,29
北京,所有时段,罗马湖东,5,13,17
北京,所有时段,大宗高尔夫,5,12,58
北京,所有时段,御康公园,5,12,22
北京,所有时段,中国农业科学院,5,9,12
北京,所有时段,北京市通州区北运河榆林庄至杨洼闸段,5,9,29
北京,所有时段,北京植物园北园,5,9,24
北京,所有时段,小龙门牛郎峪,5,9,21
北京,所有时段,亦庄通明湖公园,5,8,21
北京,所有时段,北京交通大学,5,8,8
北京,所有时段,北京航空航天大学(沙河校区),5,8,10
北京,所有时段,永定河（莲石湖首钢园段）,5,8,16
北京,所有时段,沙河镇,5,8,24
北京,所有时段,百望山森林公园黑山头观景平台,5,8,25
北京,所有时段,稻香云林,5,8,23
北京,所有时段,元大都城垣遗址,5,7,12
北京,所有时段,北京十三陵风景区,5,7,24
北京,所有时段,北京奥林匹克公园-大树园,5,7,32
北京,所有时段,北京林业大学林之心,5,7,20
北京,所有时段,十三陵二坝,5,7,45
北京,所有时段,城子,5,7,28
北京,所有时段,昌平新城滨河森林公园-滨水走廊,5,7,31
北京,所有时段,海淀区上庄中心小学(东马坊校区)西300米,5,7,17
北京,所有时段,玉渊潭公园西湖,5,7,32
北京,所有时段,长城脚下的公社(北京市延庆区),5,7,35
北京,所有时段,凉水河（通明湖公园附近）,5,6,40
北京,所有时段,北京(通州)大运河文化旅游景区,5,6,34
北京,所有时段,北京人定湖公园,5,6,20
北京,所有时段,北京奥林匹克公园湿地(北京市朝阳区),5,6,21
北京,所有时段,北京市北海公园,5,6,20
北京,所有时段,北京市奥林匹克森林公园-南园,5,6,31
北京,所有时段,北京快乐假日大酒店后山,5,6,10
北京,所有时段,北沙河北岸,5,6,14
北京,所有时段,国家大剧院,5,6,13
北京,所有时段,大兴区南海子公园(公园南环路北400米),5,6,45
北京,所有时段,怀柔区箭扣长城,5,6,10
北京,所有时段,怀柔红军庄怀沙河南岸,5,6,27
北京,所有时段,树村公园,5,6,12
北京,所有时段,沙子营闸,5,6,30
北京,所有时段,沙河水库南岸,5,6,28
北京,所有时段,清河营郊野公园,5,6,18
北京,所有时段,玉渊潭公园(海淀区西三环中路10号),5,6,36
北京,所有时段,玉渊潭公园-l,5,6,35
北京,所有时段,翠明湖,5,6,41
北京,所有时段,颐和园-十七孔桥,5,6,17
北京,所有时段,七渡村,5,5,11
北京,所有时段,东城区天坛公园双环万寿亭东北200米(天坛路南),5,5,27
北京,所有时段,东城区天坛公园科普园西北100米(天坛路南),5,5,17
北京,所有时段,东城区柳荫公园(青年湖北街西200米),5,5,38
北京,所有时段,两山公园,5,5,38
北京,所有时段,中国农业展览馆,5,5,13
北京,所有时段,丰台区南苑森林湿地公园1期(槐房南路东),5,5,19
北京,所有时段,五渡桥,5,5,19
北京,所有时段,什刹海-前海,5,5,10
北京,所有时段,八达岭长城-八达岭国际友谊林,5,5,17
北京,所有时段,北京动物园园内,5,5,15
北京,所有时段,北京市大兴区南海子公园一期,5,5,37
北京,所有时段,北京植物园,5,5,37
北京,所有时段,北京植物园-树木区,5,5,21
北京,所有时段,北京陶然亭公园,5,5,20
北京,所有时段,国家植物园南园（中国科学院植物研究所）,5,5,26
北京,所有时段,国科大雁栖湖校区,5,5,6
北京,所有时段,大兴区新城滨河森林公园(科创十七街南),5,5,9
北京,所有时段,大望京公园,5,5,14
北京,所有时段,大运河森林公园柳舟,5,5,36
北京,所有时段,奥林匹克森林公园(北京市朝阳区安立路),5,5,35
北京,所有时段,奥林匹克森林公园（奥森）南园-洼里湖,5,5,20
北京,所有时段,奥森北园北门,5,5,23
北京,所有时段,密云区实验林场东600米,5,5,45
北京,所有时段,密云区山里乐活(Y351北),5,5,19
北京,所有时段,密云区清水河,5,5,20
北京,所有时段,小龙门森林公园,5,5,35
北京,所有时段,巩华城新城滨河森林公园,5,5,42
北京,所有时段,平谷西峪水库,5,5,23
北京,所有时段,怀九河,5,5,41
北京,所有时段,慕田峪长城,5,5,13
北京,所有时段,房山区长阳镇大宁水库,5,5,47
北京,所有时段,昌平区延寿镇黑山寨村,5,5,13
北京,所有时段,昌平新城滨河森林公园外周边,5,5,14
北京,所有时段,朝阳公园-生态水溪,5,5,17
北京,所有时段,朝阳区奥运村奥林匹克森林公园(奥林西路北50米),5,5,29
北京,所有时段,朝阳区朝阳公园(野鸭岛),5,5,13
北京,所有时段,朱家湾村附近清水河,5,5,47
北京,所有时段,樱桃沟植物园,5,5,26
北京,所有时段,水库不老屯,5,5,35
北京,所有时段,沙河昌平新城滨河森林公园北100米,5,5,39
北京,所有时段,海淀区畅观堂北200米(颐和园西门路北),5,5,11
北京,所有时段,海淀区西湖西200米(颐和园西门路东),5,5,23
北京,所有时段,清河南镇至下清河水闸东边河道,5,5,17
北京,所有时段,潭王路,5,5,18
北京,所有时段,百望山森林公园282步道猛禽迁徙监测点,5,5,28
北京,所有时段,百望山森林公园秋季点和黑山头观景平台,5,5,33
北京,所有时段,苏庄村,5,5,17
北京,所有时段,营房村,5,5,9
北京,所有时段,通州区马驹桥湿地公园一期(七支路东200米),5,5,16
北京,所有时段,银山塔林风景区,5,5,22
北京,所有时段,长峪城,5,5,16
北京,所有时段,门头沟 妙峰山,5,5,26
北京,所有时段,雁栖湖西山步道,5,5,20
北京,所有时段,顺义区市民亲水垂钓区西100米(左堤路南),5,5,27
北京,所有时段,顺义区潮白河大桥以北(白马路北),5,5,63
北京,所有时段,顺义新城滨河森林公园森林游憩园(顺义区),5,5,41
北京,所有时段,潞河中学(北京市通州区新华南路135号),4,50,18
北京,所有时段,旺景公园,4,48,20
北京,所有时段,北长河,4,29,41
北京,所有时段,北京朝来森林公园,4,26,27
北京,所有时段,水南-桑园-高古庄村,4,24,30
北京,所有时段,清河之源,4,23,21
北京,所有时段,齐物潭,4,23,19
北京,所有时段,对外经济贸易大学,4,21,22
北京,所有时段,东郊森林公园华北树木园(北京市通州区),4,20,33
北京,所有时段,中国人民大学附属中学（人大附中本部）,4,18,15
北京,所有时段,万丰公园,4,17,22
北京,所有时段,天宁寺桥,4,17,18
北京,所有时段,漕运码头,4,17,25
北京,所有时段,北京理工大学,4,10,17
北京,所有时段,北辰绿色中央公园,4,10,10
北京,所有时段,雁栖河科学城段(北京市怀柔区),4,10,31
北京,所有时段,右堤路大宁水库（北京银泰鸿业高尔夫）,4,9,25
北京,所有时段,园博园功能湿地（晓月湖芦苇）,4,9,24
北京,所有时段,奥林匹克森林公园北园北门大坑,4,9,29
北京,所有时段,中关村软件园,4,8,18
北京,所有时段,全国农业展览馆9号馆,4,8,20
北京,所有时段,北京工业大学,4,8,18
北京,所有时段,北京建筑大学,4,8,14
北京,所有时段,北辰中心花园小微湿地,4,8,8
北京,所有时段,奥林匹克森林公园北苑桃花沟,4,8,32
北京,所有时段,未来科学城滨水公园(北京市昌平区),4,8,28
北京,所有时段,奥森,4,7,28
北京,所有时段,永顺镇刘庄公园(北京市通州区),4,7,17
北京,所有时段,海墙坡,4,7,31
北京,所有时段,滨河公园,4,7,18
北京,所有时段,百望山森林公园黑山头木平台,4,7,33
北京,所有时段,郭家坞,4,7,32
北京,所有时段,上庄水库,4,6,28
北京,所有时段,京城森林公园(北京市朝阳区),4,6,20
北京,所有时段,元土城遗址公园(北京市海淀区),4,6,14
北京,所有时段,北大校园,4,6,28
北京,所有时段,绿堤公园(北京市丰台区永定河畔),4,6,30
北京,所有时段,罗马湖公园,4,6,26
北京,所有时段,什刹海西海湿地公园（积水潭）,4,5,16
北京,所有时段,元大都城垣遗址公园-健德门站东南区域,4,5,21
北京,所有时段,北京化工大学（昌平新校区）,4,5,16
北京,所有时段,北京南海子麋鹿苑博物馆(北京市大兴区),4,5,53
北京,所有时段,北京大观园,4,5,12
北京,所有时段,北京市海淀区翠湖国家城市湿地公园,4,5,28
北京,所有时段,北京市通州区通州大运河森林公园,4,5,28
北京,所有时段,北运河漷县杨堤村段,4,5,31
北京,所有时段,十三陵二坝观鸟点,4,5,25
北京,所有时段,圆明园遗址公园西线,4,5,29
北京,所有时段,密云区北京云水种植专业合作社西北(太城路北),4,5,15
北京,所有时段,密云清水河+潮河,4,5,16
北京,所有时段,怀沙河-红军庄村-水德广场（怀柔水库附近）,4,5,30
北京,所有时段,房山小清河公园,4,5,29
北京,所有时段,新首钢大桥,4,5,24
北京,所有时段,沙河水库周边地区,4,5,21
北京,所有时段,潮汇大桥,4,5,20
北京,所有时段,白马路潮白河,4,5,49
北京,所有时段,苗圃,4,5,16
北京,所有时段,通州区文景街道,4,5,29
北京,所有时段,野鸭湖,4,5,51
北京,所有时段,门头沟区王平镇潭王路(白道子),4,5,26
北京,所有时段,鹫峰国家森林公园,4,5,21
北京,所有时段,龙山,4,5,25
北京,所有时段,东灵山主峰,4,4,21
北京,所有时段,中国科学院大学两弹一星路/国科北路路口北侧（雀鹰路口）,4,4,20
北京,所有时段,丰台区绿堤公园(X002南150米),4,4,21
北京,所有时段,丰台区绿堤公园西南100米(X002南),4,4,24
北京,所有时段,丰台大兴永定河沿岸,4,4,22
北京,所有时段,云居寺,4,4,28
北京,所有时段,亦庄新城滨河森林公园(亦庄滨河森林公园),4,4,22
北京,所有时段,人定湖公园,4,4,11
北京,所有时段,北京会议中心,4,4,17
北京,所有时段,北京天安门广场,4,4,4
北京,所有时段,北京奥林匹克公园-叠水花台,4,4,19
北京,所有时段,北京宽沟,4,4,33
北京,所有时段,北京市东城区天坛公园-西部空场,4,4,14
北京,所有时段,北京市房山区十渡镇,4,4,13
北京,所有时段,北京市朝阳区兴隆公园,4,4,14
北京,所有时段,北京市海淀区阜成路南5号,4,4,19
北京,所有时段,北京市香山公园,4,4,17
北京,所有时段,北京新城滨河森林公园,4,4,37
北京,所有时段,北京红螺寺风景区,4,4,19
北京,所有时段,北京首都国际机场T3航站楼,4,4,4
北京,所有时段,南海子,4,4,39
北京,所有时段,南海子公园1期-南门,4,4,26
北京,所有时段,南海子公园二期西湖,4,4,32
北京,所有时段,口头村(北京市房山区),4,4,35
北京,所有时段,台湖公园,4,4,19
北京,所有时段,四义庄,4,4,9
北京,所有时段,团结湖公园,4,4,13
北京,所有时段,团结湖公园(朝阳区团结湖南里16号),4,4,7
北京,所有时段,圆明园绮春园景区,4,4,32
北京,所有时段,大石河（大件路桥段）,4,4,21
北京,所有时段,天安门广场,4,4,5
北京,所有时段,太师屯世纪体育公园,4,4,13
北京,所有时段,奥林匹克森林公园南园五环亭至潜流湿地,4,4,22
北京,所有时段,奥海南、西；林泉高致,4,4,28
北京,所有时段,巩华城[地铁站],4,4,22
北京,所有时段,巩华城沙河岸边,4,4,18
北京,所有时段,常乐村,4,4,26
北京,所有时段,房山区牛口峪水库,4,4,19
北京,所有时段,旧宫城市森林公园,4,4,17
北京,所有时段,昌平区明十三陵风景区(献陵路南),4,4,16
北京,所有时段,昌平区沙河园林圣懋M号楼南300米,4,4,19
北京,所有时段,昌平新城滨河北,4,4,19
北京,所有时段,昌平新城滨河森林公园-主入口广场,4,4,40
北京,所有时段,望京中央公园,4,4,6
北京,所有时段,朝阳区北京温榆河公园蒹葭照水北100米(滨河路东),4,4,18
北京,所有时段,朝阳区奥运村北京奥林匹克公园(天辰东路东),4,4,27
北京,所有时段,朝阳区奥运村奥林匹克森林公园(沉水廊道东150米),4,4,14
北京,所有时段,朱家湾村民委员会,4,4,36
北京,所有时段,榆林庄闸上游200米,4,4,18
北京,所有时段,榆林庄闸管理站,4,4,14
北京,所有时段,沙河昌平新城滨河森林公园及巩华城半岛周边,4,4,38
北京,所有时段,沙河水库及北沙河岸边,4,4,42
北京,所有时段,沿河城长城西北(沿向路),4,4,16
北京,所有时段,海淀区上庄镇常乐村,4,4,20
北京,所有时段,海淀区河道管理所五七水库管理站(七王坟路北),4,4,24
北京,所有时段,海淀区清河南镇清河沿岸,4,4,17
北京,所有时段,清华大学(北京市海淀区双清路30号),4,4,12
北京,所有时段,清华大学情人坡,4,4,15
北京,所有时段,百望山猛禽点,4,4,27
北京,所有时段,百望山黑山头,4,4,21
北京,所有时段,百花山主峰,4,4,15
北京,所有时段,神堂峪栈道,4,4,15
北京,所有时段,通州区城市绿心森林公园(通怀路西200米),4,4,18
北京,所有时段,通州区张家湾镇沙古堆村,4,4,21
北京,所有时段,通惠河（双桥-管庄-八里桥段）,4,4,25
北京,所有时段,通明湖公园(北京市通州区科创十七街),4,4,15
北京,所有时段,门头沟区百花山自然风景区,4,4,9
北京,所有时段,雁翅镇,4,4,10
北京,所有时段,雍和宫,4,4,11
北京,所有时段,青年湖公园,4,4,11
北京,所有时段,青白居旅游度假村,4,4,41
北京,所有时段,顺义区李桥镇沮沟村,4,4,19
北京,所有时段,龙神庙,4,4,21
北京,所有时段,合生·滨江帝景,3,95,27
北京,所有时段,崔家窑,3,37,39
北京,所有时段,恒通商务园,3,31,13
北京,所有时段,小中河,3,25,25
北京,所有时段,树村郊野公园,3,25,22
北京,所有时段,崔各庄黑桥公园,3,24,21
北京,所有时段,东埠头沟公园南侧区域,3,18,24
北京,所有时段,北京大学附属中学,3,18,14
北京,所有时段,昌平沙河水库北岸,3,17,37
北京,所有时段,北京友谊宾馆,3,15,15
北京,所有时段,南长河公园,3,15,20
北京,所有时段,水衙沟万丰公园,3,13,20
北京,所有时段,奥森北园河西,3,11,42
北京,所有时段,怀柔滨河森林公园,3,11,17
北京,所有时段,门头沟区永定电建·金地华宸东南(龙兴南一路西),3,10,18
北京,所有时段,京郊大地庄园,3,9,22
北京,所有时段,潮汇大桥（潮河白河汇合口）,3,9,26
北京,所有时段,何里栖地公园,3,8,14
北京,所有时段,北京云湖度假村,3,8,28
北京,所有时段,北京教学植物园,3,8,25
北京,所有时段,北京麋鹿苑,3,8,48
北京,所有时段,温榆河桥,3,8,23
北京,所有时段,顺义公园,3,8,15
北京,所有时段,奥林匹克森林公园北园(北京市朝阳区),3,7,18
北京,所有时段,平谷区泃河东门桥,3,7,36
北京,所有时段,通州大运河森林公园露营地南,3,7,31
北京,所有时段,首都师范大学(良乡校区),3,7,11
北京,所有时段,元大都城垣遗址公园（健德门-北土城-安贞门段）,3,6,21
北京,所有时段,水岸雁栖,3,6,38
北京,所有时段,狼垡城市森林公园,3,6,16
北京,所有时段,首钢园-群明湖,3,6,15
北京,所有时段,中信新城(北京市大兴区三海子东路),3,5,15
北京,所有时段,中国科学院大学(玉泉路校区),3,5,7
北京,所有时段,北京明城墙遗址公园,3,5,12
北京,所有时段,奥运村北京奥林匹克公园(天辰东路),3,5,31
北京,所有时段,平谷区泃河洳河交汇地,3,5,57
北京,所有时段,昌平区回龙观龙锦苑4区(龙锦二街南150米),3,5,16
北京,所有时段,不老屯镇,3,4,33
北京,所有时段,于辛庄村,3,4,36
北京,所有时段,减河公园-潮白河森林公园,3,4,19
北京,所有时段,北京一零一中,3,4,10
北京,所有时段,北京农学院,3,4,13
北京,所有时段,北京国际雕塑公园-西区,3,4,11
北京,所有时段,北京外国语大学,3,4,20
北京,所有时段,北京大学荷花池（中水池）,3,4,13
北京,所有时段,北京展览馆后湖,3,4,14
北京,所有时段,北京快乐假日大酒店,3,4,20
北京,所有时段,北京昌平沙河大坝,3,4,26
北京,所有时段,北京航空航天大学(海淀区学院路37号),3,4,8
北京,所有时段,北京航空航天大学绿园(北京市海淀区),3,4,8
北京,所有时段,北极寺公园,3,4,16
北京,所有时段,圆明园遗址公园绮春园景区,3,4,34
北京,所有时段,大石河,3,4,25
北京,所有时段,奥森银杏林东南,3,4,28
北京,所有时段,密云区北庄镇牛郎峪,3,4,12
北京,所有时段,密云区高岭镇宝家洼,3,4,27
北京,所有时段,崔家窑湿地公园,3,4,11
北京,所有时段,怀柔区北京喇叭沟原始森林公园,3,4,22
北京,所有时段,房山新城滨水森林公园湿地展示区,3,4,34
北京,所有时段,昌平区沙河水库南岸,3,4,21
北京,所有时段,昌平新城滨河森林公园(沙河),3,4,23
北京,所有时段,昌赤路,3,4,20
北京,所有时段,朝阳区东坝郊野公园,3,4,12
北京,所有时段,梨园文化休闲公园,3,4,15
北京,所有时段,河西村,3,4,21
北京,所有时段,海淀区清缘里东50米(清河路南),3,4,18
北京,所有时段,潭柘寺,3,4,12
北京,所有时段,百花山自然保护区（百花山管理站）,3,4,14
北京,所有时段,稻香湖公园,3,4,33
北京,所有时段,花家地公园,3,4,12
北京,所有时段,蒲洼乡,3,4,11
北京,所有时段,西玉河雨水湿地公园,3,4,17
北京,所有时段,贺新公园,3,4,26
北京,所有时段,陶然亭公园(北京市西城区太平街19号),3,4,21
北京,所有时段,颐和园西堤,3,4,17
北京,所有时段,3W咖啡(北京大学店),3,3,6
北京,所有时段,东城亮马河公园,3,3,11
北京,所有时段,东城区北新桥雍和宫地铁站(雍和宫大街),3,3,6
北京,所有时段,东城区龙潭中湖公园(长青园路东150米),3,3,10
北京,所有时段,东城区龙潭公园,3,3,15
北京,所有时段,东山村,3,3,15
北京,所有时段,中国人民大学主校区,3,3,8
北京,所有时段,中国科学院大学两弹一星路拐弯处（北红拐角）,3,3,18
北京,所有时段,丰台绿堤公园,3,3,32
北京,所有时段,九棵树通州云景公园(云景西路西),3,3,5
北京,所有时段,于辛庄橡胶坝北,3,3,17
北京,所有时段,亦庄国际企业文化园(西园),3,3,11
北京,所有时段,京城体育休闲公园,3,3,14
北京,所有时段,亮马河(北京市朝阳区新源南路6号),3,3,12
北京,所有时段,先农坛,3,3,24
北京,所有时段,全国农业展览馆(朝阳区东三环北路16号),3,3,22
北京,所有时段,八达岭古长城自然风景区,3,3,7
北京,所有时段,八达岭长城,3,3,8
北京,所有时段,六渡,3,3,8
北京,所有时段,农展馆后湖,3,3,14
北京,所有时段,前门,3,3,4
北京,所有时段,北二环城市公园,3,3,7
北京,所有时段,北京凤凰岭景区,3,3,16
北京,所有时段,北京动物园水禽湖观鸟点,3,3,15
北京,所有时段,北京古代建筑博物馆,3,3,9
北京,所有时段,北京奥林匹克公园(朝阳区北辰东路15号),3,3,29
北京,所有时段,北京奥林匹克公园-湿地,3,3,23
北京,所有时段,北京市北京市东城区地坛公园,3,3,11
北京,所有时段,北京市大兴区永定河大桥北侧,3,3,2
北京,所有时段,北京市西郊雨洪调蓄工程,3,3,22
北京,所有时段,北京市顺义区西湖园,3,3,6
北京,所有时段,北京市颐和园,3,3,9
北京,所有时段,北京百花山社,3,3,11
北京,所有时段,北京雁栖湖国际会展中心,3,3,18
北京,所有时段,北海公园小西天(文津街1号北海公园南门),3,3,12
北京,所有时段,北湖林地,3,3,24
北京,所有时段,北运河,3,3,21
北京,所有时段,十三陵水库二坝,3,3,23
北京,所有时段,十三陵镇东沙河沿岸,3,3,21
北京,所有时段,南庄水库,3,3,10
北京,所有时段,南海子三期,3,3,24
北京,所有时段,南海子公园观景台西南,3,3,24
北京,所有时段,南石洋大峡谷,3,3,10
北京,所有时段,南礼士路公园,3,3,7
北京,所有时段,古北口镇-河西村,3,3,39
北京,所有时段,古崖居风景名胜区,3,3,35
北京,所有时段,台湖镇水南村,3,3,30
北京,所有时段,后海,3,3,10
北京,所有时段,向阳闸桥,3,3,25
北京,所有时段,和平月季园,3,3,23
北京,所有时段,四渡河村(渤三路),3,3,16
北京,所有时段,国家植物园-人工湖中湖,3,3,16
北京,所有时段,国家植物园北园梅园水景区,3,3,17
北京,所有时段,国家植物园银杏松柏区东北,3,3,14
北京,所有时段,圆明园遗址公园长春园,3,3,11
北京,所有时段,大兴区京雄高速出口西南300米(左堤路西),3,3,11
北京,所有时段,大兴区凉水河同仁医院附近,3,3,20
北京,所有时段,大兴区南海子公园(公园南环路北200米),3,3,20
北京,所有时段,大岭沟猕猴桃谷景区,3,3,17
北京,所有时段,大杨山国家森林公园(北京市昌平区木厂村),3,3,8
北京,所有时段,大运河森林公园-西7门,3,3,32
北京,所有时段,大运河森林公园明镜移舟景区休闲长廊北,3,3,31
北京,所有时段,大运河高尔夫球俱乐部,3,3,20
北京,所有时段,天坛公园-北门魔术林,3,3,18
北京,所有时段,天坛公园-西门外小水坑,3,3,14
北京,所有时段,奥林匹克森林公园北门桥,3,3,26
北京,所有时段,奥林匹克森林公园南园-东门,3,3,16
北京,所有时段,奥森北+南,3,3,24
北京,所有时段,妙峰山风景名胜区,3,3,15
北京,所有时段,孙河文创中心,3,3,24
北京,所有时段,学各庄村,3,3,36
北京,所有时段,密云区北庄镇石门,3,3,8
北京,所有时段,密云区晓菡果园西北150米,3,3,21
北京,所有时段,密云区潮汇大桥西(X036),3,3,29
北京,所有时段,密云水库不老屯库滨带,3,3,35
北京,所有时段,密雲區北莊鎮石門,3,3,13
北京,所有时段,小龙门,3,3,23
北京,所有时段,平谷区金海湖风景区,3,3,9
北京,所有时段,延庆区八达岭长城,3,3,31
北京,所有时段,延庆区野鸭湖国家湿地公园(康野路),3,3,68
北京,所有时段,延庆百里画廊,3,3,5
北京,所有时段,念坛公园漪柳微香西南,3,3,26
北京,所有时段,怀九河局里村段,3,3,16
北京,所有时段,怀柔北站,3,3,12
北京,所有时段,慕田峪长城国家级旅游景区,3,3,13
北京,所有时段,房山区七渡桥西(花果山景区东北),3,3,27
北京,所有时段,房山夕阳红公园,3,3,19
北京,所有时段,昌平七孔桥花海,3,3,17
北京,所有时段,昌平区十三陵镇昌赤路(明十三陵风景区),3,3,19
北京,所有时段,昌平区沙河尚湖世家东区小区南300米(环城北路),3,3,15
北京,所有时段,昌平区沙河巩华城地铁站(昌平新城滨河森林公园西),3,3,2
北京,所有时段,昌平新城滨河森林公园-休息区,3,3,39
北京,所有时段,昌平新城滨河森林公园及周边,3,3,32
北京,所有时段,昌平沙河水库巩华城半岛,3,3,27
北京,所有时段,晓月郊野公园（卢沟桥晓月湖）,3,3,3
北京,所有时段,暖泉会(北京市密云区),3,3,16
北京,所有时段,朝阳区南磨房官庄公园(官庄路东),3,3,18
北京,所有时段,朝阳区太阳宫公园(太阳宫北街北),3,3,15
北京,所有时段,朝阳区奥运村北京奥林匹克森林公园南园,3,3,22
北京,所有时段,朝阳区奥运村奥林匹克森林公园,3,3,15
北京,所有时段,朝阳区奥运村奥森银杏林东南150米(奥林西路东),3,3,22
北京,所有时段,朝阳区温榆河公园3号门西北100米(滨河路北),3,3,18
北京,所有时段,朱家湾村(北朱路),3,3,40
北京,所有时段,栢泉山庄大桥,3,3,12
北京,所有时段,榆林庄东闸桥,3,3,19
北京,所有时段,樱桃沟,3,3,13
北京,所有时段,樱花湖,3,3,21
北京,所有时段,永兴河湿地公园,3,3,9
北京,所有时段,永定河公园,3,3,3
北京,所有时段,永定河滨水森林公园,3,3,31
北京,所有时段,永定绿海运动公园,3,3,15
北京,所有时段,汉包山,3,3,18
北京,所有时段,江水河,3,3,26
北京,所有时段,沙河新城滨河森林公园,3,3,35
北京,所有时段,沙河昌平新城滨河森林公园及半岛周边,3,3,26
北京,所有时段,沙河昌平新城滨河森林公园西南,3,3,16
北京,所有时段,沙河水库南岸近沙河闸,3,3,16
北京,所有时段,沙河水库巩华城东北角,3,3,12
北京,所有时段,沙河水库闸南侧,3,3,22
北京,所有时段,沙河水库（昌平新城滨河森林公园）,3,3,20
北京,所有时段,海淀公园(四环北),3,3,29
北京,所有时段,海淀区上庄镇东闸村北沙河,3,3,32
北京,所有时段,海淀区北京市城市河湖管理处清河闸管理站,3,3,11
北京,所有时段,海淀区荷颐苑东北(支四路东),3,3,8
北京,所有时段,海淀区西北旺镇武家庄（中关村森林公园南区）,3,3,8
北京,所有时段,海淀区西湖西北200米(西堤南),3,3,3
北京,所有时段,海淀区颐和园(西南门石桥东150米),3,3,20
北京,所有时段,海淀区颐和园(西堤西200米),3,3,21
北京,所有时段,海淀区颐和园团城湖,3,3,16
北京,所有时段,海青台(北京市大兴区公园北环路),3,3,18
北京,所有时段,清华大学校河沿岸,3,3,12
北京,所有时段,清华大学近春园荒岛,3,3,9
北京,所有时段,清河北滨河路,3,3,13
北京,所有时段,清河南镇[公交站],3,3,2
北京,所有时段,清源公园,3,3,20
北京,所有时段,温榆大桥（孙河段）,3,3,33
北京,所有时段,温榆河左堤路沿河绿道,3,3,24
北京,所有时段,潞城镇夏店,3,3,24
北京,所有时段,瀛景园(大兴区亦庄地区贵园中街3号),3,3,22
北京,所有时段,灵山洪水口村,3,3,9
北京,所有时段,献陵西桥,3,3,22
北京,所有时段,珍珠泉,3,3,16
北京,所有时段,甘棠大桥,3,3,24
北京,所有时段,白河峡谷,3,3,41
北京,所有时段,白河湾自然风景区,3,3,42
北京,所有时段,百花山自然风景区,3,3,11
北京,所有时段,砂石坑,3,3,18
北京,所有时段,禾子涧村(北京市昌平区),3,3,11
北京,所有时段,科创十七街,3,3,6
北京,所有时段,稻香湖景酒店,3,3,25
北京,所有时段,翠湖湿地公园,3,3,45
北京,所有时段,舞彩浅山,3,3,5
北京,所有时段,营房村村民委员会,3,3,23
北京,所有时段,蟒山国家森林公园,3,3,25
北京,所有时段,蟒山国家森林公园(昌平区蟒山路2号),3,3,20
北京,所有时段,西郊蓄水工程-砂石坑,3,3,15
北京,所有时段,西长安街,3,3,6
北京,所有时段,通州区凤港减河,3,3,25
北京,所有时段,通州区台湖镇水南村,3,3,23
北京,所有时段,通州区大运河森林公园东园(北运河绿道南),3,3,26
北京,所有时段,通州区宋庄镇,3,3,45
北京,所有时段,通州区绿心公园湿地保育区,3,3,33
北京,所有时段,通州堰宋庄蓄滞洪区,3,3,44
北京,所有时段,通明湖地区,3,3,33
北京,所有时段,道边,3,3,19
北京,所有时段,野鸭湖国家湿地公园观鸟平台沿线,3,3,37
北京,所有时段,野鸭湖，马场,3,3,77
北京,所有时段,长阳公园-万亩滨河公园,3,3,18
北京,所有时段,门头沟区小龙门国家级森林公园(G109东),3,3,23
北京,所有时段,门头沟区清水镇洪水口村,3,3,6
北京,所有时段,门头沟区灵山自然风景区,3,3,26
北京,所有时段,门头沟区龙门涧风景区南600米(双大路),3,3,11
北京,所有时段,门头沟山区,3,3,16
北京,所有时段,陶然亭公园-南门,3,3,22
北京,所有时段,雁栖湖景区,3,3,18
北京,所有时段,青龙湖公园,3,3,37
北京,所有时段,顺义人才公园,3,3,17
北京,所有时段,顺义区京承潮白河桥南300米(左堤路北),3,3,4
北京,所有时段,顺义区后沙峪北京温榆河公园(故城记忆),3,3,10
北京,所有时段,颐和园-昆明湖,3,3,5
北京,所有时段,颐和园昆明湖,3,3,6
北京,所有时段,首都经济贸易大学,3,3,3
北京,所有时段,鸿博公园,3,3,34
北京,所有时段,黑龙关村,3,3,22
北京,所有时段,松香湖,2,48,24
北京,所有时段,分钟寺,2,35,20
北京,所有时段,绮春园,2,29,41
北京,所有时段,东石公园,2,17,34
北京,所有时段,南旱河,2,17,28
北京,所有时段,马驹桥湿地公园-二期,2,16,33
北京,所有时段,通州区北京小海字健身训练营东南100米(张凤路东),2,15,34
北京,所有时段,龙门生态园(天开寺店),2,14,16
北京,所有时段,乐府江南,2,12,9
北京,所有时段,百望山佘太君庙,2,11,16
北京,所有时段,中国地质大学(北京),2,10,10
北京,所有时段,中国空间技术研究院东北,2,9,1
北京,所有时段,重兴寺公园,2,9,18
北京,所有时段,北京大学肖家河教工住宅(北京市海淀区),2,7,18
北京,所有时段,潮白河通州段,2,7,30
北京,所有时段,中国科学院大学两弹一星路中部北侧（白头鹎果园）,2,6,12
北京,所有时段,中国资源卫星应用中心,2,6,1
北京,所有时段,五里桥公园,2,6,21
北京,所有时段,大望京公园-东园,2,6,8
北京,所有时段,宋庄文化公园,2,6,11
北京,所有时段,昌平区沙河水库北岸,2,6,42
北京,所有时段,白河森林公园,2,6,23
北京,所有时段,龙城花园(北京市昌平区昌平路317号),2,6,22
北京,所有时段,东龙湾,2,5,15
北京,所有时段,中国科学院古脊椎动物与古人类研究所(西直门外大街辅路),2,5,6
北京,所有时段,中国科学院大学雁栖湖校区(东校区),2,5,16
北京,所有时段,临波西路与运粮引河路交叉口(通州区),2,5,28
北京,所有时段,北京科技大学,2,5,7
北京,所有时段,北京绿洲丰盈高尔夫球会,2,5,32
北京,所有时段,国家图书馆,2,5,15
北京,所有时段,土城沟水系,2,5,10
北京,所有时段,太阳宫体育休闲公园,2,5,18
北京,所有时段,安慧桥,2,5,4
北京,所有时段,西城区宣武艺园(槐柏树街南),2,5,12
北京,所有时段,通州区大宗高尔夫俱乐部东南300米,2,5,28
北京,所有时段,金融街中心广场,2,5,4
北京,所有时段,中国科学院大学(雁栖湖校区)西,2,4,19
北京,所有时段,丰台区绿堤公园西南500米,2,4,20
北京,所有时段,五里店铁路公园,2,4,20
北京,所有时段,北京市三帆中学北京师大二附中初中部,2,4,8
北京,所有时段,南海子公园鹿鸣海,2,4,19
北京,所有时段,大运河森林公园-南门,2,4,33
北京,所有时段,天元公园(北京市丰台区青塔西路),2,4,26
北京,所有时段,官地村,2,4,10
北京,所有时段,小龙门国家森林公园,2,4,18
北京,所有时段,沙河(巩华城滨河公园外周边),2,4,32
北京,所有时段,沙河尚湖世家东区小区南(环城北路),2,4,29
北京,所有时段,清河中段,2,4,16
北京,所有时段,燕山学堂,2,4,22
北京,所有时段,环湖东路,2,4,23
北京,所有时段,福泽樱暖,2,4,20
北京,所有时段,西玉河村(北京市海淀区),2,4,12
北京,所有时段,门头沟区北京市门头沟付家台中心小学(付珠路南),2,4,30
北京,所有时段,中国人民大学中关村校区一勺池,2,3,12
北京,所有时段,中国现代文学馆,2,3,6
北京,所有时段,兴漷桥,2,3,19
北京,所有时段,北京农业职业学院(长阳校区),2,3,1
北京,所有时段,北京十三陵风景区-七孔桥花海,2,3,30
北京,所有时段,北京园博园-湿地展园,2,3,23
北京,所有时段,北京大学小水坑,2,3,15
北京,所有时段,北京大学陈守仁国际数学研究中心,2,3,26
北京,所有时段,北京温榆河公园(故城记忆),2,3,15
北京,所有时段,北京营城建都滨水绿道(北京市西城区),2,3,5
北京,所有时段,北京语言大学,2,3,15
北京,所有时段,北京邮电大学,2,3,9
北京,所有时段,北农林场,2,3,8
北京,所有时段,北方工业大学,2,3,1
北京,所有时段,南海子公园一期(南门),2,3,30
北京,所有时段,南海子晾鹰台,2,3,23
北京,所有时段,博大公园,2,3,11
北京,所有时段,双榆树北里南区,2,3,8
北京,所有时段,国家植物园-樱桃沟,2,3,30
北京,所有时段,国际企业文化园(东园),2,3,10
北京,所有时段,塔院城市森林公园,2,3,8
北京,所有时段,大兴区南海子公园(三海子二号路南300米),2,3,24
北京,所有时段,大兴区南海子公园一期),2,3,32
北京,所有时段,大兴区观鸟台(三海子二号路南),2,3,11
北京,所有时段,大兴区长子营湿地公园,2,3,20
北京,所有时段,奥北森林公园,2,3,14
北京,所有时段,宛平湖及荒废高尔夫球场,2,3,26
北京,所有时段,小清河岸,2,3,17
北京,所有时段,怀柔水库东岸,2,3,22
北京,所有时段,房山区十渡(涞宝路南200米),2,3,8
北京,所有时段,房山区小令湖西400米,2,3,16
北京,所有时段,房山区小清河公园(清苑北街东150米),2,3,17
北京,所有时段,房山区琉璃河桥南50米(京深路),2,3,25
北京,所有时段,房山区长阳镇,2,3,23
北京,所有时段,昌平滨河公园,2,3,28
北京,所有时段,星河湾四季会公园,2,3,3
北京,所有时段,朝阳区大屯卧龙小区(卧龙东路西),2,3,10
北京,所有时段,朝阳区奥森南园,2,3,19
北京,所有时段,木樨地护城河,2,3,4
北京,所有时段,沙河闸,2,3,10
北京,所有时段,海淀区万寿路永引渠示范点,2,3,5
北京,所有时段,海淀区中国纪检监察学院北100米(翠湖北路北),2,3,20
北京,所有时段,清华大学校内,2,3,25
北京,所有时段,清河路,2,3,11
北京,所有时段,温榆河畔,2,3,12
北京,所有时段,滨湖万米健身公园(北京市怀柔区),2,3,9
北京,所有时段,玉渊潭公园观景步道,2,3,7
北京,所有时段,玫瑰园,2,3,8
北京,所有时段,碓臼峪,2,3,11
北京,所有时段,第四次世界妇女大会纪念公园,2,3,29
北京,所有时段,绿堤郊野公园,2,3,29
北京,所有时段,荷清园公园,2,3,9
北京,所有时段,蟹岛度假村,2,3,21
北京,所有时段,西山林场卧佛寺分场,2,3,17
北京,所有时段,通州三教庙-燃灯佛舍利塔,2,3,10
北京,所有时段,通州区永乐店镇,2,3,28
北京,所有时段,通惠河(新八里桥-八里桥市场),2,3,13
北京,所有时段,长阳镇,2,3,19
北京,所有时段,门头沟区永定镇下狼窝,2,3,9
北京,所有时段,门头沟区潭柘寺镇石粱,2,3,24
北京,所有时段,雁栖河桥,2,3,35
北京,所有时段,顺义区汉石桥湿地公园(S224西200米),2,3,14
北京,所有时段,颐和园新建宫门至西门团城湖一线,2,3,16
北京,所有时段,1105瞭望塔(北京市海淀区),2,2,24
北京,所有时段,一渡河,2,2,15
北京,所有时段,丁香园(北京市海淀区颐阳山水居西区),2,2,11
北京,所有时段,七王坟(不对外开放),2,2,2
北京,所有时段,三渡,2,2,6
北京,所有时段,三里河湿地公园,2,2,20
北京,所有时段,下东路,2,2,14
北京,所有时段,东坝公园,2,2,8
北京,所有时段,东城区龙潭中湖公园(长青园路东200米),2,2,9
北京,所有时段,东埠头沟公园,2,2,18
北京,所有时段,东庄(东石路),2,2,12
北京,所有时段,东灵山自然风景区,2,2,17
北京,所有时段,东直门桥,2,2,5
北京,所有时段,东郊森林湿地公园(北京市顺义区),2,2,31
北京,所有时段,中共中央党校,2,2,13
北京,所有时段,中关村公园,2,2,18
北京,所有时段,中国矿业大学（北京）,2,2,6
北京,所有时段,中国科学院北京森林生态系统定位研究站,2,2,8
北京,所有时段,中国科学院大学一公寓西侧池塘（蝗莺荷塘）,2,2,12
北京,所有时段,中国科学院大学两弹一星路西南侧菜地（妖怪篱笆）,2,2,17
北京,所有时段,中国科学院植物研究所北京植物园,2,2,31
北京,所有时段,中国科学院植物研究所北京植物园(海淀区),2,2,26
北京,所有时段,中航国际广场,2,2,6
北京,所有时段,丽泽桥,2,2,4
北京,所有时段,二渡,2,2,9
北京,所有时段,云梦仙境,2,2,5
北京,所有时段,五道口,2,2,2
北京,所有时段,京东大峡谷,2,2,5
北京,所有时段,京张铁路遗址公园1期南段,2,2,11
北京,所有时段,京西稻保护性种植区,2,2,24
北京,所有时段,什刹海公园（后海）,2,2,17
北京,所有时段,元大都城垣遗址公园海淀段,2,2,11
北京,所有时段,元大都城墙遗址公园,2,2,13
北京,所有时段,全国青少年户外体育活动营地,2,2,39
北京,所有时段,八大处公园,2,2,5
北京,所有时段,八达岭森林公园,2,2,14
北京,所有时段,六渡（含五渡）,2,2,18
北京,所有时段,农展馆二号馆东,2,2,11
北京,所有时段,凉水河,2,2,12
北京,所有时段,凉水河公园(北京市大兴区),2,2,18
北京,所有时段,凉水河公园三期附近,2,2,18
北京,所有时段,凉水河桑园村至张家湾,2,2,11
北京,所有时段,凉水河通明湖段,2,2,26
北京,所有时段,北京世园公园,2,2,12
北京,所有时段,北京凤凰岭自然风景区,2,2,7
北京,所有时段,北京南海子麋鹿苑博物馆,2,2,48
北京,所有时段,北京园博园鹰山森林公园玫瑰沟西北,2,2,26
北京,所有时段,北京城市绿心森林公园,2,2,15
北京,所有时段,北京奥林匹克公园湿地站专线3东,2,2,24
北京,所有时段,北京小龙门森林公园,2,2,22
北京,所有时段,北京市中山公园,2,2,12
北京,所有时段,北京市丰台区云岗森林公园,2,2,15
北京,所有时段,北京市北运河管理处榆林庄管理所,2,2,19
北京,所有时段,北京市大兴区兴海公园,2,2,10
北京,所有时段,北京市房山区十渡,2,2,21
北京,所有时段,北京市房山区大石河,2,2,26
北京,所有时段,北京市昌平区沙河水库北岸,2,2,35
北京,所有时段,北京市朝阳区红领巾公园,2,2,20
北京,所有时段,北京市海淀百望山森林公园-溢水亭,2,2,13
北京,所有时段,北京市通州区X022(老通胡南路),2,2,38
北京,所有时段,北京市门头沟区,2,2,14
北京,所有时段,北京市顺义区潮白河,2,2,29
北京,所有时段,北京市鹫峰,2,2,14
北京,所有时段,北京师范大学(海淀区新街口外大街19号),2,2,5
北京,所有时段,北京归璞南山私汤民宿,2,2,5
北京,所有时段,北京林业大学操场,2,2,3
北京,所有时段,北京植物所,2,2,38
北京,所有时段,北京温榆河公园,2,2,26
北京,所有时段,北京美如画客栈,2,2,1
北京,所有时段,北京航空航天大学(学院路校区),2,2,7
北京,所有时段,北京野生动物救护繁育中心,2,2,12
北京,所有时段,北京野鸭湖,2,2,42
北京,所有时段,北京雁栖工业开发区,2,2,12
北京,所有时段,北海公园-白塔,2,2,15
北京,所有时段,北运河东公园,2,2,14
北京,所有时段,十三陵永陵,2,2,12
北京,所有时段,十三陵花海景区,2,2,14
北京,所有时段,十渡风景区,2,2,17
北京,所有时段,千河口村(北京市房山区),2,2,5
北京,所有时段,千灵山（或加戒台寺）,2,2,43
北京,所有时段,华贸绿线城市森林公园,2,2,10
北京,所有时段,南宫雅苑西区,2,2,10
北京,所有时段,南海子公园-麋鹿苑,2,2,25
北京,所有时段,南海子公园凉亭(北京市大兴区幸福巷),2,2,18
北京,所有时段,卢沟新桥,2,2,8
北京,所有时段,古塔公园,2,2,26
北京,所有时段,后湖,2,2,35
北京,所有时段,周庄子家园东(泥洼东路),2,2,6
北京,所有时段,哥伦比亚大使馆,2,2,8
北京,所有时段,四渡桥,2,2,11
北京,所有时段,国家植物园樱桃沟游览区,2,2,18
北京,所有时段,国科大怀柔,2,2,17
北京,所有时段,圆明园-玉玲珑,2,2,12
北京,所有时段,圆明园-鉴碧亭,2,2,37
北京,所有时段,圆明园圆明园,2,2,30
北京,所有时段,圆明园福海至藻园门,2,2,27
北京,所有时段,圆明园遗址公园-东门,2,2,17
北京,所有时段,圆明园遗址公园-福海,2,2,41
北京,所有时段,圆明园遗址公园藻园门(西苑北桥北侧),2,2,13
北京,所有时段,圆明园黑天鹅观赏区(北京市海淀区),2,2,13
北京,所有时段,坡峰岭,2,2,7
北京,所有时段,夏都公园,2,2,5
北京,所有时段,大兴区京雄高速出口(五环路方向)西南400米,2,2,6
北京,所有时段,大兴区南海子公园(三海子二号路西50米),2,2,15
北京,所有时段,大兴区圣石桥西南100米(公园南环路北),2,2,6
北京,所有时段,大兴区永定河大桥西南200米(京良路南),2,2,5
北京,所有时段,大兴区长子营镇牛坊村,2,2,27
北京,所有时段,大兴区陂塘雁影东南200米(公园南环路北),2,2,12
北京,所有时段,大兴区高家堡村幼儿园西600米(左堤路西),2,2,2
北京,所有时段,大宁水库-稻田水库-马厂水库-永定河下游,2,2,20
北京,所有时段,大石河红领巾公园北侧,2,2,16
北京,所有时段,大运河森林公园(北京市通州区北运河两侧),2,2,13
北京,所有时段,大运河森林公园柳廊,2,2,18
北京,所有时段,大运河森林公园武窑桥西北,2,2,4
北京,所有时段,大鹏宝地,2,2,9
北京,所有时段,天坛公园-南门,2,2,13
北京,所有时段,天坛公园天坛公园,2,2,14
北京,所有时段,天坛公园西门至科普园附近,2,2,12
北京,所有时段,太和殿,2,2,7
北京,所有时段,太师屯,2,2,31
北京,所有时段,太师庄村密云水库,2,2,23
北京,所有时段,奥林匹克公园鸟巢,2,2,4
北京,所有时段,奥林匹克森林公园奥海西北,2,2,22
北京,所有时段,奥林匹克森林公园（奥森）南园-奥海西侧,2,2,23
北京,所有时段,奥海,2,2,29
北京,所有时段,奥运村奥林匹克森林公园南园(沉水廊道),2,2,3
北京,所有时段,妙峰山森林公园-玫瑰谷,2,2,14
北京,所有时段,孔庙和国子监博物馆,2,2,5
北京,所有时段,学各庄(不老屯东路),2,2,15
北京,所有时段,宛平湖景区,2,2,4
北京,所有时段,宽Camp营地,2,2,9
北京,所有时段,寂静岭,2,2,17
北京,所有时段,密云区东庄桥东南100米(琉辛路),2,2,4
北京,所有时段,密云区北庄镇楼根子,2,2,2
北京,所有时段,密云区太师屯镇王家窝铺,2,2,11
北京,所有时段,密云区高岭镇东庄,2,2,7
北京,所有时段,密云新城滨河森林公园,2,2,13
北京,所有时段,密云水库清水河口,2,2,14
北京,所有时段,密云潮白河左堤路-云蒙大桥至羊山1号桥,2,2,27
北京,所有时段,小马头(北京市通州区),2,2,25
北京,所有时段,小龙门国家级森林公园(清水镇小龙门林场),2,2,20
北京,所有时段,小龙门村,2,2,5
北京,所有时段,局里村,2,2,34
北京,所有时段,山憩水畔露营基地,2,2,38
北京,所有时段,平谷区泃河杨各庄村段,2,2,19
北京,所有时段,平谷区泃河清风园公园,2,2,27
北京,所有时段,平谷区黄松峪水库,2,2,11
北京,所有时段,幽州,2,2,18
北京,所有时段,广渠路公园,2,2,9
北京,所有时段,延庆区康庄镇S217(大岛),2,2,13
北京,所有时段,延庆区松山国家级自然保护区管理处办公区北,2,2,6
北京,所有时段,延庆区永宁镇金牛山,2,2,21
北京,所有时段,延庆区野鸭湖国家湿地公园,2,2,55
北京,所有时段,延庆区香水苑公园(东外大街北100米),2,2,12
北京,所有时段,延庆妫河森林公园,2,2,28
北京,所有时段,延庆妫河永宁段,2,2,12
北京,所有时段,延庆野鸭湖,2,2,31
北京,所有时段,御稻1692-京西稻国家级农产品地理标志示范样板创建基地,2,2,12
北京,所有时段,怀九河（局里村段）,2,2,17
北京,所有时段,怀柔区怀水大桥东南,2,2,20
北京,所有时段,怀柔区桥梓镇峪口村,2,2,6
北京,所有时段,怀柔区潮河苑假日农庄北100米(右堤路北),2,2,46
北京,所有时段,怀柔区龙山街道,2,2,19
北京,所有时段,怀柔水库西岸观景台,2,2,55
北京,所有时段,怀沙河,2,2,24
北京,所有时段,慕田峪,2,2,16
北京,所有时段,房山区十渡(一渡桥到十一渡桥),2,2,25
北京,所有时段,房山区十渡(二渡南300米),2,2,37
北京,所有时段,房山区大石窝镇南白岱村,2,2,9
北京,所有时段,房山区张坊镇一渡沈家庵村,2,2,16
北京,所有时段,房山区长阳镇大宁水库东岸南段（右堤路西）,2,2,33
北京,所有时段,放马峪桥,2,2,34
北京,所有时段,昌平区北京海疆栗蘑产销专业合作社东(S308北),2,2,11
北京,所有时段,昌平区北沙河东200米,2,2,51
北京,所有时段,昌平区延寿镇燕山,2,2,16
北京,所有时段,昌平区沙河东环北里5号院北50米(环城北路北),2,2,8
北京,所有时段,昌平区沙河北京快乐犬业繁殖基地南(42公里绿道南),2,2,20
北京,所有时段,昌平区沙河园林圣懋小区南300米(42公里绿道南),2,2,21
北京,所有时段,昌平区沙河园林圣懋小区西南(42公里绿道南),2,2,20
北京,所有时段,昌平区沙河巩华城地铁站东100米,2,2,40
北京,所有时段,昌平区沙河巩华城地铁站东200米,2,2,36
北京,所有时段,昌平区沙河水岸庄园南400米,2,2,21
北京,所有时段,昌平区沙河水库西北200米,2,2,42
北京,所有时段,昌平区沙河滨河观景平台东南150米,2,2,25
北京,所有时段,昌平区沙河翠明湖(42公里绿道南150米),2,2,22
北京,所有时段,昌平区沙河航天工程大学(沙河校区)西北,2,2,15
北京,所有时段,昌平区沙河镇巩华城半岛,2,2,14
北京,所有时段,昌平区滨河公园,2,2,8
北京,所有时段,昌平新城滨河森林公园-休闲廊架,2,2,6
北京,所有时段,昌平新城滨河森林公园（沙河巩华城）-公园大湖,2,2,28
北京,所有时段,明十三陵-茂陵,2,2,25
北京,所有时段,明十三陵风景区(献陵路),2,2,18
北京,所有时段,晓月湖,2,2,11
北京,所有时段,晓月湖至绿堤公园,2,2,14
北京,所有时段,景明楼,2,2,2
北京,所有时段,月岛观景平台,2,2,15
北京,所有时段,望和公园北园,2,2,17
北京,所有时段,望湖公园,2,2,9
北京,所有时段,朝阳公园湖北岸,2,2,16
北京,所有时段,朝阳区东坝乡半截塔,2,2,1
北京,所有时段,朝阳区北京温榆河公园6号门南(来广营北路西),2,2,26
北京,所有时段,朝阳区南磨房官庄公园(官庄路东200米),2,2,13
北京,所有时段,朝阳区奥运村北京奥林匹克公园(奥林西路东200米),2,2,22
北京,所有时段,朝阳区奥运村北京奥林匹克公园(沉水廊道南100米),2,2,32
北京,所有时段,朝阳区奥运村奥林匹克森林公园(天辰路西100米),2,2,26
北京,所有时段,朝阳区奥运村奥林匹克森林公园(奥林西路),2,2,20
北京,所有时段,朝阳区奥运村奥林匹克森林公园(安立路西150米),2,2,20
北京,所有时段,朝阳区奥运村奥林匹克森林公园(沉水廊道南50米),2,2,10
北京,所有时段,朝阳区望京保利中央大道南50米(望京东路南),2,2,5
北京,所有时段,杨家东庄(北京市怀柔区),2,2,14
北京,所有时段,桑园村,2,2,24
北京,所有时段,桑园村(Y612),2,2,24
北京,所有时段,梁各庄村大运河沿线,2,2,60
北京,所有时段,森林奇趣餐厅,2,2,21
北京,所有时段,榆林庄村,2,2,13
北京,所有时段,沉水廊道,2,2,4
北京,所有时段,沙河东侧,2,2,12
北京,所有时段,沙河展思门路1号院东北(环城北路),2,2,26
北京,所有时段,沙河昌平新城滨河森林公园东,2,2,6
北京,所有时段,沙河昌平新城滨河森林公园东入口广场东北300米,2,2,27
北京,所有时段,沙河昌平新城滨河森林公园主入口广场西200米,2,2,31
北京,所有时段,沙河昌平新城滨河森林公园北150米,2,2,14
北京,所有时段,沙河昌平新城滨河森林公园滨水走廊东北500米,2,2,29
北京,所有时段,沙河水库东侧温榆河段,2,2,20
北京,所有时段,沙河水库北岸水闸,2,2,14
北京,所有时段,沙河水库湿地中线,2,2,35
北京,所有时段,沙河水库西岸南岸南沙河北岸,2,2,12
北京,所有时段,沙河沙河,2,2,38
北京,所有时段,沙河湿地公园望远镜观鸟点,2,2,29
北京,所有时段,河堤路入口(河堤路方向),2,2,6
北京,所有时段,河槽村(北京市密云区十里堡镇),2,2,35
北京,所有时段,河边小院(北京市怀柔区郭卧路怀沙河旁),2,2,12
北京,所有时段,海子桥,2,2,31
北京,所有时段,海淀区上庄镇西马坊村,2,2,23
北京,所有时段,海淀区中关村公园(友谊路北),2,2,12
北京,所有时段,海淀区南湖岛(十七孔桥西北),2,2,10
北京,所有时段,海淀区圆明园万春湖西北100米(九曲仿木桥西南),2,2,18
北京,所有时段,海淀区圆明园遗址公园,2,2,38
北京,所有时段,海淀区苏家坨镇稻香湖路,2,2,22
北京,所有时段,海淀区荷颐苑(支四路),2,2,16
北京,所有时段,海淀区西北旺中关村公园(规划一路北100米),2,2,12
北京,所有时段,海淀区西郊砂石坑(阜石路东150米),2,2,24
北京,所有时段,清华大学(熙春路),2,2,12
北京,所有时段,清水河-朱家湾村段,2,2,24
北京,所有时段,温榆河朝阳区河段,2,2,19
北京,所有时段,温榆河滨河森林公园北区,2,2,12
北京,所有时段,潮河,2,2,15
北京,所有时段,潮河（古北口段）,2,2,18
北京,所有时段,潮白河（俸伯桥至苏庄闸桥）,2,2,22
北京,所有时段,潮白河（河南村）,2,2,11
北京,所有时段,潮白河（潮汇大桥至云蒙大桥段）,2,2,10
北京,所有时段,灵山平台,2,2,6
北京,所有时段,灵山观鸟点,2,2,4
北京,所有时段,灵鹫禅寺,2,2,15
北京,所有时段,点兵台[公交站],2,2,37
北京,所有时段,猴石崖(北京市海淀区),2,2,22
北京,所有时段,玉河湿地公园,2,2,12
北京,所有时段,玉渊潭公园万萍荷香,2,2,13
北京,所有时段,玉渊潭公园南门附近,2,2,21
北京,所有时段,琉璃河桥,2,2,13
北京,所有时段,田仙峪村,2,2,17
北京,所有时段,白家疃景观休闲园,2,2,16
北京,所有时段,白河大峡谷,2,2,13
北京,所有时段,白河湾,2,2,18
北京,所有时段,白瀑寺,2,2,2
北京,所有时段,百望山森林公园-曲径烟深栈道,2,2,19
北京,所有时段,百望山森林公园望乡亭,2,2,26
北京,所有时段,百望山森林公园望乡亭西,2,2,36
北京,所有时段,百望山森林公园猛禽秋季监测点,2,2,24
北京,所有时段,百望山森林公园秋季和春季两个猛禽监测点,2,2,11
北京,所有时段,百望山森林公园黑山头观景台,2,2,27
北京,所有时段,百望山猛禽监测点,2,2,14
北京,所有时段,石景山区黑石头村,2,2,14
北京,所有时段,石门,2,2,19
北京,所有时段,稻田水库,2,2,18
北京,所有时段,立禅庵村,2,2,40
北京,所有时段,红螺寺旅游区,2,2,12
北京,所有时段,红领巾公园南门外河沟,2,2,3
北京,所有时段,红领巾公园南门广场,2,2,4
北京,所有时段,绿堤公园 宛平湖,2,2,34
北京,所有时段,翠明湖南岸,2,2,11
北京,所有时段,老龙窝,2,2,6
北京,所有时段,芦各庄,2,2,10
北京,所有时段,花果山景区(房山区涞宝路十渡风景区),2,2,9
北京,所有时段,莲花河城市休闲公园,2,2,11
北京,所有时段,蟒山国家森林公园蟒山天池景区(昌平区),2,2,13
北京,所有时段,西关村(北京市通州区),2,2,24
北京,所有时段,西城区积水潭什刹海西海湿地公园(西海北沿南),2,2,10
北京,所有时段,西海,2,2,18
北京,所有时段,西湖,2,2,11
北京,所有时段,运河牡丹园,2,2,29
北京,所有时段,通州区北京兴叶马会俱乐部东北300米,2,2,16
北京,所有时段,通州区北京市北运河管理处榆林庄闸管理所北,2,2,13
北京,所有时段,通州区宋庄文化公园(疃里新村路南200米),2,2,16
北京,所有时段,通州区宋庄镇摇不动村,2,2,11
北京,所有时段,通州区张家湾公园(上店北路南100米),2,2,24
北京,所有时段,通州区温榆河滨河森林公园北区西(温榆河左堤路西),2,2,13
北京,所有时段,通州区西集镇沙古堆村,2,2,5
北京,所有时段,通州区锐驰生活区西北400米(马大路北),2,2,19
北京,所有时段,邓家窑桥,2,2,4
北京,所有时段,野鸭湖国家湿地公园(北京市延庆区康野路),2,2,44
北京,所有时段,野鸭湖湿地,2,2,45
北京,所有时段,金海湖景区,2,2,22
北京,所有时段,银山塔林法华寺,2,2,5
北京,所有时段,门头沟区京西特产韭园酱菜东北100米(韭石路东),2,2,5
北京,所有时段,门头沟区斋堂镇爨底下村,2,2,10
北京,所有时段,门头沟区永定镇东园子,2,2,13
北京,所有时段,霖润桥,2,2,32
北京,所有时段,顺义区后沙峪镇沙子营闸,2,2,22
北京,所有时段,顺义区汉石桥湿地公园(S224西),2,2,39
北京,所有时段,顺义新城滨河森林公园（潮白河）,2,2,17
北京,所有时段,颐和园(北京市海淀区新建宫门路19号),2,2,13
北京,所有时段,颐和园(西堤),2,2,12
北京,所有时段,颐和园-北宫门,2,2,42
北京,所有时段,颐和园后湖团城湖和运水渠,2,2,14
北京,所有时段,颐和园团城湖及周边,2,2,35
北京,所有时段,颐和园文昌阁至南如意门,2,2,3
北京,所有时段,颐和园西堤团城湖,2,2,20
北京,所有时段,颐和园西堤（镜桥-石桥）,2,2,27
北京,所有时段,首都医科大学-南门,2,2,6
北京,所有时段,首都师范大学附属回龙观育新学校,2,2,14
北京,所有时段,首都机场,2,2,5
北京,所有时段,香山野山,2,2,24
北京,所有时段,马驹桥湿地公园,2,2,33
北京,所有时段,高桑路,2,2,19
北京,所有时段,黄花梁,2,2,11
北京,所有时段,黄草湾郊野公园,2,2,17
北京,所有时段,龙潭公园（龙潭湖）,2,2,8
北京,所有时段,龙门涧风景区,2,2,3
北京,所有时段,十一学校魔术林,1,49,57
北京,所有时段,北京市园林绿化科学研究院,1,35,18
北京,所有时段,中海凯旋,1,25,4
北京,所有时段,海淀区苏家坨镇土桥柳林河,1,24,31
北京,所有时段,槐树岭四号院,1,21,20
北京,所有时段,中国环境科学研究院,1,20,21
北京,所有时段,首都师范大学,1,20,6
北京,所有时段,北小河,1,18,29
北京,所有时段,雁栖河至怀河(北京市怀柔区葛各庄路),1,18,26
北京,所有时段,东洲家园(北京市朝阳区来广营北路88号),1,17,6
北京,所有时段,北京市通州区漷县镇西定安村,1,17,11
北京,所有时段,妫水（北关相思公园段）2,1,17,24
北京,所有时段,海淀区万泉河北京市第十九中学(东校区),1,16,10
北京,所有时段,京铁公寓,1,15,41
北京,所有时段,青年之家公寓,1,15,26
北京,所有时段,凉水河经开区河段,1,13,19
北京,所有时段,大宁水库-乐活中堤,1,13,43
北京,所有时段,北京市海淀百望山森林公园溢水亭西,1,12,32
北京,所有时段,绿城·百合公寓南区,1,12,23
北京,所有时段,朝阳区八里桥京贸国际公寓北(京通快速公路北),1,11,10
北京,所有时段,石景山区翠谷玉景苑(玉泉中路南100米),1,11,12
北京,所有时段,高碑店朝阳区兴隆公园,1,11,9
北京,所有时段,云岗森林公园-西门,1,10,20
北京,所有时段,北京华文学院(北京市昌平区七北路69号),1,10,17
北京,所有时段,新科祥园,1,10,12
北京,所有时段,胡家村(北京市通州区),1,10,32
北京,所有时段,通州区永乐店中学(永乐店中学北内环路北),1,10,10
北京,所有时段,平谷区黄松峪乡黑豆峪村,1,9,25
北京,所有时段,新凤河,1,9,26
北京,所有时段,百里画廊宾榔沟和黄木沟,1,9,6
北京,所有时段,十一学校小水坑鸟类监测点,1,8,8
北京,所有时段,圆明园遗址公园西北景区大沙坑,1,8,27
北京,所有时段,百望山森林公园猛禽迁徙282监测点,1,8,20
北京,所有时段,勇士营2号地,1,7,11
北京,所有时段,月坛,1,7,10
北京,所有时段,中关村软件园联想总部东街心花园,1,6,13
北京,所有时段,兆维工业园,1,6,6
北京,所有时段,北京市第十三中学,1,6,14
北京,所有时段,北新桥雍和大厦(青龙胡同),1,6,4
北京,所有时段,四得公园,1,6,15
北京,所有时段,房山区长阳小清河桥北(长阳路),1,6,17
北京,所有时段,望京西园1区,1,6,5
北京,所有时段,武各庄村南侧林地,1,6,10
北京,所有时段,海淀区双榆树农影小区(中关村南大街东),1,6,1
北京,所有时段,田园牧歌,1,6,7
北京,所有时段,诺德花园西区,1,6,5
北京,所有时段,中关村ARTPARK大融城,1,5,7
北京,所有时段,中国石油大学(北京),1,5,11
北京,所有时段,丰台区康景城市休闲公园(小瓦窑西路西),1,5,9
北京,所有时段,云岗北里小院,1,5,12
北京,所有时段,亦新公园,1,5,14
北京,所有时段,北京城市图书馆,1,5,13
北京,所有时段,北京大学(昌平新校区),1,5,28
北京,所有时段,奥林匹克森林公园（南园）,1,5,21
北京,所有时段,小皮营(福东街),1,5,6
北京,所有时段,张凤路某干涸鱼塘,1,5,23
北京,所有时段,文华殿,1,5,31
北京,所有时段,永定路街道,1,5,6
北京,所有时段,灵山,1,5,26
北京,所有时段,石龙创新大厦,1,5,3
北京,所有时段,车公庄西路20号院,1,5,10
北京,所有时段,通州区台湖镇外郎营村,1,5,4
北京,所有时段,通州区宋庄镇榆东一街社区,1,5,5
北京,所有时段,陆谟克堂,1,5,11
北京,所有时段,颐和园南湖岛,1,5,17
北京,所有时段,中国社会科学院大学(良乡校区),1,4,5
北京,所有时段,乐活中堤+大宁水库东岸+宛平湖西岸,1,4,31
北京,所有时段,分享收获有机农场,1,4,3
北京,所有时段,勇士营郊野公园,1,4,18
北京,所有时段,北京师范大学亚太实验学校,1,4,17
北京,所有时段,北京物资学院,1,4,17
北京,所有时段,十三陵镇东沙河至花海沿线,1,4,41
北京,所有时段,千斯坝遗址,1,4,13
北京,所有时段,商务部国际商务官员研修学院,1,4,14
北京,所有时段,天秀花园古月园,1,4,8
北京,所有时段,平谷区泃河音乐环岛西侧,1,4,43
北京,所有时段,怀河及其沿岸,1,4,24
北京,所有时段,昌平区十三陵镇龙山,1,4,18
北京,所有时段,昌平区南口镇凤凰山,1,4,12
北京,所有时段,昌平区回龙观流星花园3区北300米(文华路西),1,4,5
北京,所有时段,朝阳区北京质信恒通混凝土有限公司东(来广营北路西),1,4,19
北京,所有时段,李兆基科技大楼,1,4,1
北京,所有时段,枣林庄村,1,4,43
北京,所有时段,潞通新路西荒地,1,4,10
北京,所有时段,白浮泉公园南北园,1,4,22
北京,所有时段,茉藜园(北京市朝阳区秋实东街),1,4,2
北京,所有时段,青龙湖公园（西岸）,1,4,32
北京,所有时段,中华女子学院,1,3,7
北京,所有时段,中国科学院大学（雁栖湖校区）,1,3,9
北京,所有时段,中日友好医院,1,3,14
北京,所有时段,丰台区庄怡公园(泥洼东路东150米),1,3,14
北京,所有时段,书山勤径,1,3,15
北京,所有时段,云河墅,1,3,1
北京,所有时段,人大附中早培小树林,1,3,1
北京,所有时段,元大都城垣遗址公园（海淀段）,1,3,7
北京,所有时段,凤河和柏凤沟交叉口(通州区),1,3,27
北京,所有时段,分享收获·梨园公社,1,3,6
北京,所有时段,刘庄村小中河,1,3,12
北京,所有时段,北京卡斯谷度假酒店,1,3,6
北京,所有时段,北京大学西山口校区,1,3,22
北京,所有时段,北京小学(翡翠城分校),1,3,22
北京,所有时段,北京景山学校,1,3,7
北京,所有时段,北极寺,1,3,11
北京,所有时段,国家植物园（北园）,1,3,15
北京,所有时段,国际关系学院,1,3,5
北京,所有时段,大兴区西红门镇怀畅园,1,3,8
北京,所有时段,大兴区青云店镇老观里村,1,3,29
北京,所有时段,大兴生态文明教育公园,1,3,13
北京,所有时段,大宁水库/绿堤公园,1,3,28
北京,所有时段,平谷区泃河西沥津桥,1,3,17
北京,所有时段,平谷区泃河马坊镇泃河一桥,1,3,21
北京,所有时段,房山区小令湖南500米,1,3,12
北京,所有时段,房山区小令湖西南300米,1,3,15
北京,所有时段,房山区玉棠公园(良泽街东50米),1,3,7
北京,所有时段,房山区长阳镇高佃二村,1,3,14
北京,所有时段,房山区长阳长景新园东300米(独义三路东),1,3,15
北京,所有时段,新凤河三区,1,3,13
北京,所有时段,新凤河二区,1,3,11
北京,所有时段,昌平区北七家北京太阳城(温榆河左堤南),1,3,15
北京,所有时段,昌平区摩崖石刻,1,3,14
北京,所有时段,昌平区沙河北街家园西南100米(42公里绿道西),1,3,6
北京,所有时段,昌平区沙河水库大坝西侧,1,3,31
北京,所有时段,有巢国际公寓社区总部基地店,1,3,8
北京,所有时段,朝阳区外环闸桥北(清河绿道西),1,3,17
北京,所有时段,朝阳区望京绿地中心B座(启阳路)东50米,1,3,7
北京,所有时段,朝阳区花家地北京市园林绿化科学研究院(花家地南街),1,3,13
北京,所有时段,朝阳区西坝河冠城大通澜石(冠城大厦南)南,1,3,11
北京,所有时段,桃下路+望百路,1,3,15
北京,所有时段,沃丹园,1,3,2
北京,所有时段,海淀区玉东园(金河路北300米),1,3,31
北京,所有时段,海淀区西北旺中国银行城市森林公园(马连洼西路东),1,3,17
北京,所有时段,清河沿岸+奥森北园河西,1,3,23
北京,所有时段,湖光小区(北京市怀柔区),1,3,15
北京,所有时段,滨河运动公园（新凤河一区）,1,3,12
北京,所有时段,潞河桃柳景区-亭,1,3,16
北京,所有时段,潮河边绿化林间,1,3,19
北京,所有时段,玉渊潭公园八一湖,1,3,27
北京,所有时段,电通创意广场,1,3,9
北京,所有时段,科育社区,1,3,6
北京,所有时段,翠微烟雨公园,1,3,4
北京,所有时段,肖家河公园,1,3,14
北京,所有时段,药用植物园,1,3,2
北京,所有时段,西山绿道(石景山段),1,3,9
北京,所有时段,西门子大厦,1,3,11
北京,所有时段,辛庄,1,3,27
北京,所有时段,逸翠园南区,1,3,3
北京,所有时段,香山国家植物园(健康大道),1,3,42
北京,所有时段,高米店公园,1,3,8
北京,所有时段,龙祥嘉园(北京市朝阳区清林东路1号),1,3,9
北京,所有时段,上地佳园,1,2,10
北京,所有时段,东城区大通滨河公园(砖厂南巷南100米),1,2,15
北京,所有时段,东岭郊野公园,1,2,8
北京,所有时段,东郊森林湿地公园,1,2,11
北京,所有时段,中关村环保科技示范园齐物潭公园,1,2,9
北京,所有时段,中国人民大学(通州校区),1,2,3
北京,所有时段,中国房山岩地质公园,1,2,9
北京,所有时段,中国政法大学(昌平校区),1,2,11
北京,所有时段,中国科学院化学研究所,1,2,6
北京,所有时段,中国科学院植物研究所(北京市海淀区),1,2,22
北京,所有时段,中国银行城市森林公园,1,2,14
北京,所有时段,中科院高能物理所对撞机实验区,1,2,4
北京,所有时段,丰台区宛平湖,1,2,4
北京,所有时段,丰台区靛厂路26号院,1,2,8
北京,所有时段,于家务乡紫峰九院城北侧,1,2,5
北京,所有时段,云翔苑小区,1,2,9
北京,所有时段,五塔寺公园,1,2,12
北京,所有时段,亮马河（护城河-三环路段）,1,2,11
北京,所有时段,全国农业展览馆馆南路,1,2,20
北京,所有时段,八达岭林场,1,2,10
北京,所有时段,兴会公园重兴寺区,1,2,7
北京,所有时段,兴寿镇暴峪泉村,1,2,9
北京,所有时段,凉水河（帆船广场附近）,1,2,8
北京,所有时段,化工大院社区,1,2,5
北京,所有时段,北京动物园水禽湖,1,2,1
北京,所有时段,北京协和药厂,1,2,12
北京,所有时段,北京大学恬园草坪,1,2,2
北京,所有时段,北京大学第一医院,1,2,12
北京,所有时段,北京大学考古文博学院(海淀区镜春路),1,2,33
北京,所有时段,北京大学镜春园82号院南,1,2,14
北京,所有时段,北京天池峡谷风景区,1,2,7
北京,所有时段,北京宏志中学,1,2,1
北京,所有时段,北京市北京市门头沟区北京永定河莲石湖公园,1,2,15
北京,所有时段,北京市怀柔区城市森林公园,1,2,17
北京,所有时段,北京市海淀区人北实验学校,1,2,31
北京,所有时段,北京市第一零一中学,1,2,16
北京,所有时段,北京市第三十五中学,1,2,6
北京,所有时段,北京师范大学家属区,1,2,1
北京,所有时段,北京师范大学附属实验中学分校,1,2,2
北京,所有时段,北京师范大学附属实验中学教育集团大兴实验小学,1,2,2
北京,所有时段,北京明诚外国语学校,1,2,9
北京,所有时段,北京知春公园,1,2,9
北京,所有时段,北京知识产权法院,1,2,8
北京,所有时段,北京石景山游乐园,1,2,1
北京,所有时段,北京长沟泉水国家湿地公园,1,2,31
北京,所有时段,北京阻尼运动中心,1,2,5
北京,所有时段,北太平庄北京师范大学(京师路),1,2,3
北京,所有时段,北张岱,1,2,41
北京,所有时段,半坡及附近街区,1,2,7
北京,所有时段,卧龙岗村,1,2,7
北京,所有时段,双星桥旁小河沟,1,2,14
北京,所有时段,园博园,1,2,20
北京,所有时段,国家植物园北园-梁启超墓,1,2,6
北京,所有时段,国家植物园樱桃沟,1,2,35
北京,所有时段,国家登山训练基地,1,2,13
北京,所有时段,国家蔬菜工程技术研究中心(金威大厦西),1,2,11
北京,所有时段,圆明园遗址公园西北景区,1,2,19
北京,所有时段,圆明园遗址公园鸿慈永祜东北200米,1,2,15
北京,所有时段,复兴门,1,2,6
北京,所有时段,大兴区旧宫朗润园2期(旧桥路东50米),1,2,5
北京,所有时段,大兴区绿地中央广场兴贸中心(兴华大街东),1,2,5
北京,所有时段,大兴区西红门镇生态公园,1,2,9
北京,所有时段,大兴区麋鹿苑北门东南50米(三海子二号路南),1,2,13
北京,所有时段,大石河口头村,1,2,11
北京,所有时段,奥体中心,1,2,18
北京,所有时段,姜场村,1,2,24
北京,所有时段,学各庄村(北京市密云区),1,2,21
北京,所有时段,官庄公园湖边,1,2,10
北京,所有时段,密云区京密引水渠首(君山北路),1,2,4
北京,所有时段,密云水库管理处调节池管理站,1,2,30
北京,所有时段,巴沟山水园,1,2,6
北京,所有时段,平谷区夏各庄镇滨水森林公园,1,2,23
北京,所有时段,平谷区大华山镇老官顶,1,2,15
北京,所有时段,康西草原,1,2,4
北京,所有时段,延庆区世界葡萄博览园(X806北),1,2,15
北京,所有时段,延庆稻田,1,2,20
北京,所有时段,延芳淀湿地,1,2,24
北京,所有时段,怀北庄,1,2,8
北京,所有时段,怀北庄（北神路以北）,1,2,16
北京,所有时段,怀柔区杨宋镇郭庄村,1,2,2
北京,所有时段,怀柔区领秀翡翠华庭怀安大街15号院南50米,1,2,13
北京,所有时段,怀长路ndsl,1,2,10
北京,所有时段,惠新苑,1,2,7
北京,所有时段,房山区长阳中粮·京西祥云东300米(独义三路北),1,2,6
北京,所有时段,房山区长阳北京莱恩堡国际酒庄西南300米,1,2,10
北京,所有时段,护城河,1,2,14
北京,所有时段,故宫博物院(北京市东城区景山前街4号),1,2,13
北京,所有时段,文化园,1,2,16
北京,所有时段,昆玉河慈寿寺至西钓鱼台段,1,2,5
北京,所有时段,昌平公园,1,2,14
北京,所有时段,昌平区十三陵风景区七孔桥花海,1,2,24
北京,所有时段,昌平区沙河东环北里5号院北(环城北路南),1,2,27
北京,所有时段,昌平区老牛湾村,1,2,1
北京,所有时段,昌平区马池口镇西北地,1,2,16
北京,所有时段,朝阳区劲松东方雅苑(西大望路西150米),1,2,8
北京,所有时段,朝阳区来广营纬景园(创远路西50米),1,2,5
北京,所有时段,李县坟公交站,1,2,12
北京,所有时段,杨庄公园,1,2,20
北京,所有时段,柳荫公园柳荫亭,1,2,9
北京,所有时段,梨园主题公园,1,2,8
北京,所有时段,永丰嘉园,1,2,13
北京,所有时段,永丰嘉园新三区,1,2,1
北京,所有时段,永定河右堤路,1,2,37
北京,所有时段,永定湖公园,1,2,11
北京,所有时段,沙河北京市昌平区汇贤学校东北(环城北路),1,2,25
北京,所有时段,沙河巩华城半岛及周边,1,2,24
北京,所有时段,沙河昌平新城滨河森林公园滨水走廊北400米,1,2,1
北京,所有时段,泰德商务花园,1,2,5
北京,所有时段,海淀区圆明园遗址公园(南大桥北200米),1,2,39
北京,所有时段,海淀区西三旗育新花园(育新南路北),1,2,3
北京,所有时段,海淀区西北旺镇双石岭（智能卡口028）,1,2,10
北京,所有时段,海淀区西小口公园(北京市),1,2,9
北京,所有时段,海淀区西小口公园北园,1,2,10
北京,所有时段,海淀区香山街道猴石崖,1,2,14
北京,所有时段,湖光小区南区西南(环湖东路),1,2,3
北京,所有时段,潭柘寺镇绝石梁-石梁,1,2,10
北京,所有时段,潭西胜境,1,2,11
北京,所有时段,潮白·丽水庄园,1,2,21
北京,所有时段,玉渊潭公园东湖,1,2,16
北京,所有时段,玫瑰里公园,1,2,8
北京,所有时段,甘棠桥南,1,2,13
北京,所有时段,生态公园,1,2,12
北京,所有时段,白堆子甲23号院,1,2,2
北京,所有时段,百度科技园,1,2,10
北京,所有时段,红桥市场,1,2,1
北京,所有时段,花博会主题公园,1,2,14
北京,所有时段,花家怡园(清华西路店),1,2,33
北京,所有时段,芳菲园,1,2,5
北京,所有时段,莲花池公园(丰台区西三环中路38号),1,2,20
北京,所有时段,营盘沟路,1,2,11
北京,所有时段,融科橄榄家园,1,2,10
北京,所有时段,西城区丰融园(什坊小街北),1,2,5
北京,所有时段,西城区永定门天桥百货商场南(永定门内大街北),1,2,1
北京,所有时段,西沟外,1,2,20
北京,所有时段,路县故城遗址博物馆,1,2,13
北京,所有时段,通州区厂通桥北500米,1,2,24
北京,所有时段,通州区台湖公园,1,2,32
北京,所有时段,通州区大宗高尔夫俱乐部东150米,1,2,27
北京,所有时段,通州区永乐凤河公园(工业区环路),1,2,30
北京,所有时段,通州区永乐店镇应寺村,1,2,28
北京,所有时段,通州区马驹桥联东U谷·金亦谷科技园北(景盛北三街),1,2,12
北京,所有时段,通州区马驹桥镇柴务村,1,2,20
北京,所有时段,郑各庄温榆河公园,1,2,7
北京,所有时段,银谷·美泉,1,2,11
北京,所有时段,门头沟区永定镇白庄子村,1,2,17
北京,所有时段,静心亭,1,2,18
北京,所有时段,顺义区南法信镇,1,2,1
北京,所有时段,顺义区潮白河大桥东北300米(白马路北),1,2,44
北京,所有时段,颐和园––团城湖及周边,1,2,32
北京,所有时段,马庄跨线桥,1,2,20
北京,所有时段,高梁桥斜街南长河,1,2,8
北京,所有时段,魏公村地铁站,1,2,1
北京,所有时段,黄土梁村,1,2,17
北京,所有时段,(南沙河西路),1,1,14
北京,所有时段,027县道(北京市延庆区),1,1,13
北京,所有时段,2019中国北京世界园艺博览会园区,1,1,6
北京,所有时段,282步道,1,1,8
北京,所有时段,798艺术区,1,1,8
北京,所有时段,NationalZhiwuPark,1,1,14
北京,所有时段,OuterGardenofDitanGarden,1,1,6
北京,所有时段,SEE后花园,1,1,1
北京,所有时段,TempleofHeavenPark,1,1,1
北京,所有时段,YuanDaduCityWallRuinsPark,1,1,12
北京,所有时段,一渡半,1,1,7
北京,所有时段,七孔桥花海,1,1,10
北京,所有时段,七孔桥花海(北京市昌平区),1,1,2
北京,所有时段,万丰公园（水衙沟）,1,1,1
北京,所有时段,万宁桥,1,1,8
北京,所有时段,万寿山,1,1,3
北京,所有时段,万柳园,1,1,22
北京,所有时段,万柳阳春光华橡树园(知泉路),1,1,3
北京,所有时段,三家店桥,1,1,8
北京,所有时段,三家店蒲草湿地公园,1,1,7
北京,所有时段,三座门,1,1,19
北京,所有时段,三星庄橡胶坝,1,1,16
北京,所有时段,三里屯东五街,1,1,1
北京,所有时段,三里河公园,1,1,11
北京,所有时段,三里河南横街4号院,1,1,1
北京,所有时段,三里河国家发展和改革委员会(三里河南五巷),1,1,1
北京,所有时段,上寺岭,1,1,25
北京,所有时段,上庄镇常乐村,1,1,10
北京,所有时段,上清桥滨河东路,1,1,10
北京,所有时段,下庄村,1,1,7
北京,所有时段,下纸寨桥,1,1,11
北京,所有时段,下苇甸桥[公交站],1,1,11
北京,所有时段,下西市街心公园(下西市路),1,1,14
北京,所有时段,不老屯(不老屯东路),1,1,1
北京,所有时段,不老屯东路南段附近,1,1,1
北京,所有时段,不老生态园,1,1,20
北京,所有时段,世界之花公园,1,1,1
北京,所有时段,世界园艺博览会园区,1,1,12
北京,所有时段,世纪体育公园,1,1,1
北京,所有时段,世纪金源购物中心,1,1,1
北京,所有时段,世茂一渡青青小镇,1,1,9
北京,所有时段,东一处公园,1,1,4
北京,所有时段,东升八家山地车公园,1,1,1
北京,所有时段,东升八家郊野公园(东升乡双清路5号),1,1,17
北京,所有时段,东四六条,1,1,4
北京,所有时段,东坝郑村码头东西各一公里河滨,1,1,8
北京,所有时段,东城区亮马河公园,1,1,6
北京,所有时段,东城区北京市东直门中学(民安街北),1,1,6
北京,所有时段,东城区天坛公园(天坛路南100米),1,1,17
北京,所有时段,东城区天坛公园南门东北50米(永定门东街北),1,1,2
北京,所有时段,东城区天安门广场(前门东大街北100米),1,1,5
北京,所有时段,东城区安定门北京孔庙(官书院胡同西100米),1,1,5
北京,所有时段,东城区安贞金隅天坛智慧家居(小黄庄路店),1,1,4
北京,所有时段,东城区崇文门崇西小区8号楼,1,1,8
北京,所有时段,东城区建国门华润大厦(建国门北大街),1,1,5
北京,所有时段,东城区柳荫公园(外馆斜街南),1,1,19
北京,所有时段,东城区柳荫公园(黄寺大街北),1,1,16
北京,所有时段,东城区龙潭中湖公园(长青园路东300米),1,1,13
北京,所有时段,东城国际人才公园,1,1,6
北京,所有时段,东夏园地铁站,1,1,1
北京,所有时段,东小口森林公园(北京市昌平区黑泉路),1,1,23
北京,所有时段,东小口森林公园二期北区,1,1,7
北京,所有时段,东庄村,1,1,13
北京,所有时段,东庄禾村东漫水桥,1,1,9
北京,所有时段,东方时尚驾校,1,1,2
北京,所有时段,东沙河滨水公园,1,1,9
北京,所有时段,东湖公园,1,1,14
北京,所有时段,东湖港风景区,1,1,16
北京,所有时段,东湖湾,1,1,7
北京,所有时段,东灵山观鸟点,1,1,12
北京,所有时段,东石路,1,1,2
北京,所有时段,东郊森林公园华北树木园,1,1,5
北京,所有时段,东郊森林公园（华北树木园）,1,1,14
北京,所有时段,东郊森林湿地公园(北京市顺义区)-1,1,1,9
北京,所有时段,东郊湿地公园(北京市通州区),1,1,11
北京,所有时段,严方院,1,1,11
北京,所有时段,中共北京市委党校,1,1,7
北京,所有时段,中关村768创意产业园,1,1,6
北京,所有时段,中关村东升科技园,1,1,2
北京,所有时段,中关村公园-东区（后厂村）,1,1,14
北京,所有时段,中关村公园西南门,1,1,14
北京,所有时段,中关村广场步行街,1,1,1
北京,所有时段,中关村温泉科技园2期东区,1,1,15
北京,所有时段,中关村环保科技示范园(夏雪路),1,1,1
北京,所有时段,中关村环保科技示范园(夏雪路)西颐小区,1,1,2
北京,所有时段,中关村生命科学园,1,1,18
北京,所有时段,中关村生命科学园北京生命科学研究所,1,1,1
北京,所有时段,中关村软件园联想全球总部东南,1,1,7
北京,所有时段,中华民族园,1,1,3
北京,所有时段,中国人寿保险股份有限公司(北京市通州支公司),1,1,1
北京,所有时段,中国人民公安大学(团河校区),1,1,8
北京,所有时段,中国人民大学(友谊路),1,1,7
北京,所有时段,中国人民大学一勺池及双趣园,1,1,18
北京,所有时段,中国人民大学附属中学,1,1,6
北京,所有时段,中国人民抗日战争纪念雕塑园,1,1,5
北京,所有时段,中国人民革命军事博物馆,1,1,2
北京,所有时段,中国农业大学东区,1,1,1
北京,所有时段,中国农业大学西区,1,1,1
北京,所有时段,中国农业大学（东校区）,1,1,8
北京,所有时段,中国政法大学研究生院,1,1,5
北京,所有时段,中国林科院,1,1,13
北京,所有时段,中国气象局,1,1,1
北京,所有时段,中国科学院(天地科学园区),1,1,2
北京,所有时段,中国科学院动物研究所(北辰西路1号院5),1,1,3
北京,所有时段,中国科学院半导体研究所,1,1,2
北京,所有时段,中国科学院国家空间科学中心,1,1,6
北京,所有时段,中国科学院大学(中关村校区),1,1,1
北京,所有时段,中国科学院大学(雁栖湖校区)-观隼台,1,1,1
北京,所有时段,中国科学院大学三公寓西侧松林（花栗鼠树林）,1,1,2
北京,所有时段,中国科学院大学玉泉路校区,1,1,1
北京,所有时段,中国科学院大学西区停车场西南小路北侧台地（小鹀平台）,1,1,27
北京,所有时段,中国科学院植物研究所国家植物园,1,1,17
北京,所有时段,中国科学院生物物理研究所,1,1,7
北京,所有时段,中国联通大厦(金融街街道金融大街21号),1,1,4
北京,所有时段,中坞公园-荷风桥,1,1,1
北京,所有时段,中央民族大学,1,1,11
北京,所有时段,中央民族大学(丰台校区),1,1,2
北京,所有时段,中央民族大學(海淀校區),1,1,1
北京,所有时段,中央民族干部学院,1,1,1
北京,所有时段,中央财经大学(沙河校区西区),1,1,5
北京,所有时段,中央音乐学院,1,1,4
北京,所有时段,中海寰宇天下景山府,1,1,1
北京,所有时段,中科院北京植物园,1,1,17
北京,所有时段,中胡家务,1,1,8
北京,所有时段,中门寺生态园(门头沟区中门寺街71号),1,1,5
北京,所有时段,丰台创新中心南50米(福慧路东),1,1,18
北京,所有时段,丰台区世纪森林公园,1,1,26
北京,所有时段,丰台区东四道口,1,1,1
北京,所有时段,丰台区中海御景春天C4座北50米(六圈路南),1,1,18
北京,所有时段,丰台区云岗森林公园(云岗北环路北400米),1,1,16
北京,所有时段,丰台区六里桥华源新第(太平桥路西),1,1,2
北京,所有时段,丰台区北京园博园(河堤路西),1,1,13
北京,所有时段,丰台区北京园博园(河堤路西150米),1,1,14
北京,所有时段,丰台区北京园博园(银杏大道东150米),1,1,15
北京,所有时段,丰台区北京园博园湿地展园西南100米(河堤路西),1,1,21
北京,所有时段,丰台区北京青龙湖公园,1,1,22
北京,所有时段,丰台区卢沟桥大宁调蓄水库橡胶坝管理站东南,1,1,1
北京,所有时段,丰台区卢沟桥大瓦窑桥东南(京港澳高速),1,1,1
北京,所有时段,丰台区卢沟桥晓月公园(环湖路南),1,1,19
北京,所有时段,丰台区大红门凉水河(安榴南街西),1,1,8
北京,所有时段,丰台区宛平湖西北150米(X002南),1,1,27
北京,所有时段,丰台区宛平湖西南400米,1,1,4
北京,所有时段,丰台区宛平湖西岸(右堤路东),1,1,26
北京,所有时段,丰台区总部基地(中环西路南),1,1,1
北京,所有时段,丰台区新发地海子公园(新宫商业二街北),1,1,11
北京,所有时段,丰台区方庄群乐园(芳群路西50米),1,1,5
北京,所有时段,丰台区洋桥南三环中路71号院北(洋桥南滨河路北),1,1,15
北京,所有时段,丰台区玉泉营草桥欣园2区北区西南(草桥站前路东),1,1,4
北京,所有时段,丰台区石榴庄城市休闲森林公园(金桥西街南150米),1,1,10
北京,所有时段,丰台区绿堤公园(南五环西200米),1,1,20
北京,所有时段,丰台区花乡世界名园(丰葆路南300米),1,1,12
北京,所有时段,丰台区莲花池公园莲花仙子与藕郎东南(莲花池南路北),1,1,7
北京,所有时段,丰台区西山甲1号得秀北街4号院(得秀南街北),1,1,5
北京,所有时段,丰台区马家堡南华小区(角门南路南),1,1,3
北京,所有时段,丰台科技园生态主题公园,1,1,5
北京,所有时段,丰台花园,1,1,3
北京,所有时段,丰宜公园,1,1,6
北京,所有时段,丰汇园,1,1,1
北京,所有时段,丰盛骨伤专科医院,1,1,6
北京,所有时段,临河里街道,1,1,1
北京,所有时段,临波中路,1,1,19
北京,所有时段,乐享青少年足球俱乐部(永定路校区),1,1,1
北京,所有时段,乐活中堤-堤坝,1,1,24
北京,所有时段,乐活中堤及大宁水库,1,1,29
北京,所有时段,九局·艺术精品民宿,1,1,10
北京,所有时段,九渡山庄,1,1,5
北京,所有时段,九龙仓西城天铸,1,1,1
北京,所有时段,书韵,1,1,12
北京,所有时段,二张营村,1,1,12
北京,所有时段,二道沟河路,1,1,5
北京,所有时段,于家务回族乡采林路北200米,1,1,4
北京,所有时段,于家务村,1,1,1
北京,所有时段,云居寺路,1,1,4
北京,所有时段,云顶星空营地,1,1,3
北京,所有时段,云龙涧自然风景区,1,1,7
北京,所有时段,五一渠生态公园,1,1,3
北京,所有时段,五塔寺塔,1,1,7
北京,所有时段,五河交汇处,1,1,5
北京,所有时段,五渡村,1,1,38
北京,所有时段,五渡饭店,1,1,24
北京,所有时段,五里仓第一社区,1,1,5
北京,所有时段,五里桥郊野公园,1,1,3
北京,所有时段,亦庄新城滨河森林公园（枫丹壹号）,1,1,4
北京,所有时段,亦庄滨河森林公园(北京市大兴区西环北路),1,1,2
北京,所有时段,京东大峡谷第三停车场,1,1,7
北京,所有时段,京城梨园,1,1,14
北京,所有时段,京城森林公园西区,1,1,3
北京,所有时段,京港城市大厦,1,1,1
北京,所有时段,京溪小区,1,1,1
北京,所有时段,京良路北400米,1,1,2
北京,所有时段,京良路南永定河,1,1,46
北京,所有时段,京西古道景区,1,1,6
北京,所有时段,京西林场,1,1,14
北京,所有时段,京西稻智慧农场（常乐村稻田）,1,1,5
北京,所有时段,京铁和园社区(广安门车站西街2号院),1,1,5
北京,所有时段,人民大学,1,1,6
北京,所有时段,亿滋食品(北京)有限公司,1,1,7
北京,所有时段,亿滋食品(北京)有限公司西南,1,1,11
北京,所有时段,什刹海公园(西城区地安门西大街49号),1,1,6
北京,所有时段,什刹海西海（积水潭）,1,1,15
北京,所有时段,仁和公园,1,1,9
北京,所有时段,仙乡溪流咖啡,1,1,5
北京,所有时段,佛子庄乡陈家台村,1,1,1
北京,所有时段,便利蜂24小时便利店,1,1,6
北京,所有时段,保利剧院,1,1,9
北京,所有时段,俸伯地铁站,1,1,2
北京,所有时段,健德门,1,1,1
北京,所有时段,健德门C口南处林子,1,1,8
北京,所有时段,元土城遗址公园小月河,1,1,19
北京,所有时段,元大都城垣遗址公园(元大都城垣遗址公园步道),1,1,17
北京,所有时段,元大都城垣遺址公園,1,1,1
北京,所有时段,光明桥二环东护城河水闸,1,1,12
北京,所有时段,全国市长研修学院,1,1,3
北京,所有时段,全聚德烤鸭店(奥运村店),1,1,1
北京,所有时段,八大处,1,1,7
北京,所有时段,八大处公园(北京市石景山区八大处路3号),1,1,3
北京,所有时段,八宝山革命公墓,1,1,12
北京,所有时段,八宝庄-2号楼,1,1,2
北京,所有时段,八家口袋公园,1,1,4
北京,所有时段,八达岭国家森林公园-红叶岭,1,1,3
北京,所有时段,八达岭国家森林公园周边,1,1,18
北京,所有时段,八达岭陵园,1,1,10
北京,所有时段,公社1958创意园,1,1,8
北京,所有时段,六郎庄荒地,1,1,5
北京,所有时段,兴旺公园,1,1,21
北京,所有时段,兴隆观,1,1,3
北京,所有时段,军响村,1,1,2
北京,所有时段,军庄,1,1,6
北京,所有时段,农业展览馆,1,1,6
北京,所有时段,冠寓(北京沃德中心店)西,1,1,2
北京,所有时段,冯村[公交站],1,1,5
北京,所有时段,凉水河公园,1,1,14
北京,所有时段,凉水河公园-三区,1,1,8
北京,所有时段,凉水河大桥,1,1,20
北京,所有时段,凉水河桥,1,1,2
北京,所有时段,凉水河榴乡桥段,1,1,17
北京,所有时段,凉水河石榴庄城市休闲森林公园南(光彩路东),1,1,13
北京,所有时段,凉水河（张家湾段）,1,1,6
北京,所有时段,减河公园南岸观景亭,1,1,4
北京,所有时段,凤港减河桥,1,1,24
北京,所有时段,凤港减河沿岸,1,1,11
北京,所有时段,前安岭村,1,1,3
北京,所有时段,前门西大街,1,1,1
北京,所有时段,化唐沟,1,1,12
北京,所有时段,北京CBD城市森林公园,1,1,12
北京,所有时段,北京世纪金源大饭店,1,1,2
北京,所有时段,北京东升花园中心,1,1,10
北京,所有时段,北京乡村高尔夫俱乐部(马坡大营路11号),1,1,9
北京,所有时段,北京云水种植专业合作社,1,1,5
北京,所有时段,北京五道营胡同,1,1,2
北京,所有时段,北京亚奥国际酒店,1,1,2
北京,所有时段,北京信息科技大学(沙河校区),1,1,12
北京,所有时段,北京动物园-东区,1,1,4
北京,所有时段,北京动物园-西区,1,1,16
北京,所有时段,北京动物园东区,1,1,11
北京,所有时段,北京动物园内,1,1,8
北京,所有时段,北京十一学校,1,1,2
北京,所有时段,北京十二中,1,1,5
北京,所有时段,北京协和医院(东院),1,1,6
北京,所有时段,北京南苑森林湿地公园,1,1,12
北京,所有时段,北京园博园-锦绣谷,1,1,33
北京,所有时段,北京国际雕塑公园,1,1,12
北京,所有时段,北京城市学院(航天城校区),1,1,6
北京,所有时段,北京城市学院(顺义校区),1,1,2
北京,所有时段,北京城建·国誉府,1,1,4
北京,所有时段,北京壹方园民宿,1,1,2
北京,所有时段,北京外国语大学(西校区),1,1,1
北京,所有时段,北京大学中国社会工作研究中心,1,1,6
北京,所有时段,北京大学城市与环境学院,1,1,8
北京,所有时段,北京大学燕园,1,1,30
北京,所有时段,北京大学葛利普教授之墓,1,1,4
北京,所有时段,北京大学蔡元培像,1,1,13
北京,所有时段,北京大学赛克勒考古与艺术博物馆,1,1,5
北京,所有时段,北京大学赛克勒考古与艺术博物馆(海淀区),1,1,16
北京,所有时段,北京大学赛克勒考古与艺术博物馆西北,1,1,18
北京,所有时段,北京大学郝坪,1,1,13
北京,所有时段,北京大学静园-一院,1,1,2
北京,所有时段,北京大滩山里红民宿,1,1,9
北京,所有时段,北京奥林匹克公园-中心区,1,1,11
北京,所有时段,北京奥林匹克公园-听泉轩,1,1,1
北京,所有时段,北京奥林匹克公园仰山河东岸玲珑塔至奥林匹克塔,1,1,2
北京,所有时段,北京奥林匹克公园静心池西北,1,1,18
北京,所有时段,北京奥林匹克森林公园,1,1,4
北京,所有时段,北京奥林匹克森林公园北园-大树园,1,1,28
北京,所有时段,北京孔庙,1,1,4
北京,所有时段,北京宽沟会议中心,1,1,8
北京,所有时段,北京小汤山现代农业科技示范园(昌平区),1,1,10
北京,所有时段,北京展览馆,1,1,3
北京,所有时段,北京工体富国海底世界,1,1,12
北京,所有时段,北京工商大学(阜成路校区),1,1,12
北京,所有时段,北京市东城区故宫东门外,1,1,8
北京,所有时段,北京市人民政府宽沟招待所(宽沟路1号),1,1,6
北京,所有时段,北京市公安局公共交通安全保卫总队(俸伯站派出所),1,1,27
北京,所有时段,北京市共青林场兴林苗圃,1,1,12
北京,所有时段,北京市北京市朝阳区劲松(地铁站),1,1,1
北京,所有时段,北京市北京市朝阳区湖心岛桥边,1,1,5
北京,所有时段,北京市十一学校,1,1,3
北京,所有时段,北京市回民学校,1,1,6
北京,所有时段,北京市圆明园遗址公园,1,1,34
北京,所有时段,北京市城市河湖管理处玉渊潭进水闸管理站,1,1,3
北京,所有时段,北京市大兴区,1,1,1
北京,所有时段,北京市大兴区长子营湿地公园,1,1,25
北京,所有时段,北京市密云区S310(琉辛路),1,1,22
北京,所有时段,北京市密云水库管理处调节池,1,1,20
北京,所有时段,北京市密云水库管理处调节池管理站,1,1,16
北京,所有时段,北京市延庆区野鸭湖湿地自然保护区露营地北(康野路),1,1,12
北京,所有时段,北京市怀柔区冷水峪,1,1,1
北京,所有时段,北京市房山区周口店旧矿场,1,1,31
北京,所有时段,北京市房山区河北镇,1,1,9
北京,所有时段,北京市政府对外联络办公室怀柔接待处,1,1,16
北京,所有时段,北京市昌平区,1,1,2
北京,所有时段,北京市昌平区东小口城市休闲公园,1,1,23
北京,所有时段,北京市昌平区桃峪口水库管理处,1,1,17
北京,所有时段,北京市朝阳区奥运村街道北中轴景观大道,1,1,18
北京,所有时段,北京市朝阳区邮电局北50米(朝阳北路南),1,1,5
北京,所有时段,北京市海淀区丰滢公园东区,1,1,1
北京,所有时段,北京市海淀区人北实验学校东南(三星庄后河),1,1,31
北京,所有时段,北京市海淀区南大街34号,1,1,20
北京,所有时段,北京市海淀区南旱河,1,1,11
北京,所有时段,北京市海淀区科春社区87号楼,1,1,2
北京,所有时段,北京市海淀区稻香湖学校(三星庄路北),1,1,11
北京,所有时段,北京市海淀区翠湖国家城市湿地公园游客服务中心东南,1,1,10
北京,所有时段,北京市海淀区蓝靛厂公园,1,1,12
北京,所有时段,北京市百望山森林公园北区,1,1,2
北京,所有时段,北京市第二中学,1,1,8
北京,所有时段,北京市第八中学京西附属小学,1,1,15
北京,所有时段,北京市老干部活动中心(东城区),1,1,10
北京,所有时段,北京市野生动物救护繁育中心,1,1,8
北京,所有时段,北京市门头沟担礼隧道,1,1,2
北京,所有时段,北京市陈经纶中学分校望京实验学校,1,1,1
北京,所有时段,北京师范大学(南院),1,1,2
北京,所有时段,北京师范大学-生态学研究所,1,1,1
北京,所有时段,北京师范大学基建处,1,1,7
北京,所有时段,北京师范大学学16楼(北京市海淀区),1,1,1
北京,所有时段,北京师范大学快递站,1,1,1
北京,所有时段,北京师范大学教9楼,1,1,4
北京,所有时段,北京建筑大学(大兴校区),1,1,7
北京,所有时段,北京怀柔山水人家(辛桃路店),1,1,6
北京,所有时段,北京怀柔山水人家(辛桃路店)西189米,1,1,3
北京,所有时段,北京怀柔山水人家(辛桃路店)西南126米,1,1,1
北京,所有时段,北京怀柔雁栖湖景区,1,1,4
北京,所有时段,北京房山区乐活中堤(右堤路南),1,1,16
北京,所有时段,北京日光山谷,1,1,7
北京,所有时段,北京昌平区沙河闸公园,1,1,1
北京,所有时段,北京朝曦公园,1,1,6
北京,所有时段,北京朝来森林公园(朝阳区来广营新北路),1,1,10
北京,所有时段,北京朝来森林公园-南门,1,1,27
北京,所有时段,北京林业大学(海淀区清华东路35号),1,1,1
北京,所有时段,北京林业大学南门,1,1,1
北京,所有时段,北京植物园南区,1,1,1
北京,所有时段,北京植物园曹雪芹纪念馆(北京市海淀区),1,1,15
北京,所有时段,北京永定河莲石湖公园,1,1,17
北京,所有时段,北京汇文中学,1,1,1
北京,所有时段,北京海湾半山温泉酒店,1,1,4
北京,所有时段,北京温榆河公园·故城记忆(观光火车|观光车候车点|虹亭),1,1,17
北京,所有时段,北京湖苑山庄西北(环湖东路),1,1,13
北京,所有时段,北京环丰世纪绿色能源科技有限公司,1,1,5
北京,所有时段,北京理工大学(良乡校区）中心花园,1,1,4
北京,所有时段,北京瑶亭有机板栗专业合作社,1,1,1
北京,所有时段,北京百旺公园,1,1,11
北京,所有时段,北京看丹公园,1,1,14
北京,所有时段,北京石刻艺术博物馆,1,1,9
北京,所有时段,北京石刻艺术博物馆南(五塔寺路),1,1,1
北京,所有时段,北京第二外国语学院,1,1,2
北京,所有时段,北京第五季龙水凤港生态露营农场,1,1,2
北京,所有时段,北京经开·芯中心,1,1,1
北京,所有时段,北京绿堤公园+永定河废弃河道,1,1,42
北京,所有时段,北京育新苑宾馆,1,1,12
北京,所有时段,北京蜡扦山世纪度假村-东南门,1,1,9
北京,所有时段,北京西山林场,1,1,1
北京,所有时段,北京西郊机场,1,1,1
北京,所有时段,北京金樱桃农林科技发展有限公司(瓦窑头路),1,1,7
北京,所有时段,北京首都国际机场T3航站楼P8内部员工停车场,1,1,4
北京,所有时段,北京首都机场,1,1,1
北京,所有时段,北京香山饭店,1,1,6
北京,所有时段,北京黑龙潭自然风景区,1,1,4
北京,所有时段,北京龙云山自然风景区,1,1,26
北京,所有时段,北京龙泉宾馆,1,1,3
北京,所有时段,北坞公园(北京市海淀区金河路),1,1,19
北京,所有时段,北坞公园金山寺(北坞村路29号),1,1,23
北京,所有时段,北大最美时光咖啡厅(中关村街道北大),1,1,13
北京,所有时段,北宫森林公园,1,1,5
北京,所有时段,北展剧场,1,1,1
北京,所有时段,北崔家窑村,1,1,12
北京,所有时段,北师大二附国际部,1,1,2
北京,所有时段,北庄镇营房村葡萄峪河岸,1,1,6
北京,所有时段,北投购物公园,1,1,1
北京,所有时段,北拒马河沿线,1,1,20
北京,所有时段,北沙河西侧-唐顿风情,1,1,7
北京,所有时段,北海,1,1,3
北京,所有时段,北滨河公园,1,1,9
北京,所有时段,北禾路桥（京礼高速）,1,1,1
北京,所有时段,北运河南线,1,1,5
北京,所有时段,北运河（张家湾段）,1,1,5
北京,所有时段,北运河（漷县段）,1,1,30
北京,所有时段,北长河金河,1,1,42
北京,所有时段,北顶娘娘庙,1,1,9
北京,所有时段,北马庄村,1,1,1
北京,所有时段,区内其他区域,1,1,2
北京,所有时段,十一学校(北校区),1,1,29
北京,所有时段,十三陵水库东南方树林,1,1,2
北京,所有时段,十三陵碓臼峪自然风景区,1,1,7
北京,所有时段,十三陵镇水库东路北,1,1,4
北京,所有时段,十字道村,1,1,10
北京,所有时段,十渡乐谷银滩景区,1,1,8
北京,所有时段,十渡樱桃民宿,1,1,8
北京,所有时段,十渡樱桃民宿北,1,1,7
北京,所有时段,十渡樱桃民宿北232米,1,1,5
北京,所有时段,十渡镇,1,1,17
北京,所有时段,十渡风景区-界碑,1,1,11
北京,所有时段,十渡风景区七渡旭日东升,1,1,1
北京,所有时段,十里堡乙2号院,1,1,3
北京,所有时段,千军台,1,1,45
北京,所有时段,华为北京环保园无线终端研发中心3期,1,1,8
北京,所有时段,华信医院,1,1,7
北京,所有时段,南关(南羊路),1,1,13
北京,所有时段,南堤(北京市大兴区),1,1,16
北京,所有时段,南堤桥西南74米,1,1,1
北京,所有时段,南山观樱景区,1,1,2
北京,所有时段,南彩银杏园,1,1,2
北京,所有时段,南樱路（南庄村）,1,1,17
北京,所有时段,南沙河-沙河镇集体林场,1,1,15
北京,所有时段,南沙河东路,1,1,3
北京,所有时段,南沙河南岸,1,1,14
北京,所有时段,南泉水河,1,1,12
北京,所有时段,南海公园一期,1,1,31
北京,所有时段,南海子三期二期旧忠路一号桥西南,1,1,14
北京,所有时段,南海子公园(一期二期通道),1,1,2
北京,所有时段,南海子公园(北京市大兴区黄亦路16号),1,1,41
北京,所有时段,南海子公园-7号服务厅,1,1,1
北京,所有时段,南海子公园-南海子牡丹园,1,1,35
北京,所有时段,南海子公园雁影海1号码头,1,1,3
北京,所有时段,南海子公园雁影海南,1,1,13
北京,所有时段,南海子公园雁影海西,1,1,12
北京,所有时段,南湾村,1,1,2
北京,所有时段,南礼士路-B东北口,1,1,1
北京,所有时段,南苑大泡子,1,1,15
北京,所有时段,南苑森林湿地公园-燕景台,1,1,11
北京,所有时段,南长河西直门段,1,1,18
北京,所有时段,南馆公园,1,1,6
北京,所有时段,卢各庄村篮球场,1,1,7
北京,所有时段,卢沟桥,1,1,4
北京,所有时段,卢沟桥 晓月湖,1,1,3
北京,所有时段,卢沟桥晓月湖-宛平湖,1,1,1
北京,所有时段,卢沟桥晓月湖公园,1,1,2
北京,所有时段,卧佛寺,1,1,10
北京,所有时段,友谊大桥,1,1,8
北京,所有时段,双榆树西里,1,1,1
北京,所有时段,双秀公园,1,1,3
北京,所有时段,古北水镇-P1小型车停车场,1,1,2
北京,所有时段,古道西丰庄园西侧林地,1,1,1
北京,所有时段,合生滨江帝景一期,1,1,5
北京,所有时段,后八家庄村,1,1,4
北京,所有时段,后海公园(北京市西城区德胜门内大街),1,1,11
北京,所有时段,周口店北京人遗址博物馆,1,1,2
北京,所有时段,周庄子家园,1,1,1
北京,所有时段,和平里北街-D西南口,1,1,1
北京,所有时段,和平门[地铁站],1,1,3
北京,所有时段,响水湖长城风景区,1,1,7
北京,所有时段,唐悯忠寺故址(北京市西城区牛街法源寺),1,1,7
北京,所有时段,喇叭沟门森林公园,1,1,15
北京,所有时段,嘉林花园南侧河堤,1,1,9
北京,所有时段,嘉河公园,1,1,11
北京,所有时段,四元桥,1,1,8
北京,所有时段,四季青镇,1,1,8
北京,所有时段,四惠桥,1,1,1
北京,所有时段,四方景园二区,1,1,1
北京,所有时段,四渡河,1,1,14
北京,所有时段,四渡河村,1,1,5
北京,所有时段,四道河(桃下路),1,1,2
北京,所有时段,回龙观北京农学院(海棠路),1,1,3
北京,所有时段,回龙观龙腾苑(育知东路),1,1,1
北京,所有时段,园外园·中坞公园,1,1,25
北京,所有时段,国家植物园北京植物园树木区东北,1,1,8
北京,所有时段,国家植物园北园-4号观景平台,1,1,6
北京,所有时段,国家植物园北园-绚秋苑,1,1,13
北京,所有时段,国家植物园北园东南门-售票处,1,1,32
北京,所有时段,国家植物园北园樱桃沟,1,1,30
北京,所有时段,国家植物园北园水景观赏区,1,1,27
北京,所有时段,国家植物园北园王曦彤墓园西侧,1,1,1
北京,所有时段,国家知识产权局,1,1,9
北京,所有时段,国家网球中心-布拉德球场,1,1,1
北京,所有时段,国家自然博物馆东南,1,1,20
北京,所有时段,国家自然博物馆东南88米,1,1,11
北京,所有时段,国家自然博物馆南,1,1,18
北京,所有时段,国誉府,1,1,1
北京,所有时段,圆明园-含经堂,1,1,10
北京,所有时段,圆明园-宝相寺,1,1,6
北京,所有时段,圆明园-小南园,1,1,1
北京,所有时段,圆明园-福海景区,1,1,13
北京,所有时段,圆明园南门[公交站],1,1,24
北京,所有时段,圆明园后湖,1,1,11
北京,所有时段,圆明园牡丹观赏区(北京市海淀区),1,1,13
北京,所有时段,圆明园福海以西沿线,1,1,12
北京,所有时段,圆明园藻园门向北,1,1,7
北京,所有时段,圆明园西线-万芳安和+武陵春色,1,1,22
北京,所有时段,圆明园西线-后湖周边,1,1,20
北京,所有时段,圆明园西线-方壶胜境,1,1,8
北京,所有时段,圆明园西线-湛清轩+春泽斋,1,1,26
北京,所有时段,圆明园西线-澹泊宁静+舍卫城,1,1,17
北京,所有时段,圆明园西线-福海周边,1,1,19
北京,所有时段,圆明园遗址公园-东门售票处,1,1,1
北京,所有时段,圆明园遗址公园-南门,1,1,11
北京,所有时段,圆明园遗址公园-西门,1,1,7
北京,所有时段,圆明园遗址公园-长春园景区,1,1,22
北京,所有时段,圆明园遗址公园后海周边,1,1,12
北京,所有时段,圆明园遗址公园后海等景区,1,1,17
北京,所有时段,圆明园遗址公园后湖,1,1,29
北京,所有时段,圆明园遗址公园天然图画,1,1,15
北京,所有时段,圆明园鸿慈永祜东北200米,1,1,12
北京,所有时段,圆明园鸿慈永祜往东北200米,1,1,11
北京,所有时段,地铁大兴线生物医药基地站,1,1,2
北京,所有时段,坝河（太阳宫地区）,1,1,11
北京,所有时段,垛子公园,1,1,4
北京,所有时段,城关街道顾八路东500米,1,1,1
北京,所有时段,城市绿心森林公园-北门,1,1,11
北京,所有时段,塔院小区,1,1,8
北京,所有时段,复兴路83号院,1,1,10
北京,所有时段,大兴之星大厦对面步道,1,1,10
北京,所有时段,大兴体育中心,1,1,5
北京,所有时段,大兴区中国云计算产业园1期(兴海路北),1,1,5
北京,所有时段,大兴区丽家宝贝集团总部基地北400米(团四路南),1,1,6
北京,所有时段,大兴区亦庄人大附中经开学校(天宝北街南),1,1,26
北京,所有时段,大兴区亦庄博大公园(科慧大道北),1,1,8
北京,所有时段,大兴区亦庄新城滨河公园(通惠河灌渠南段),1,1,1
北京,所有时段,大兴区亦庄旭东嘉园上海沙龙(荣京北小街西150米),1,1,6
北京,所有时段,大兴区亦庄枫丹壹号东北150米(凉水河路北),1,1,11
北京,所有时段,大兴区亦庄阶台花园(凉水河路北50米),1,1,11
北京,所有时段,大兴区京雄高速出口西南400米(左堤路西),1,1,13
北京,所有时段,大兴区北京汉旗紫谷马术俱乐部西北(左堤路北),1,1,7
北京,所有时段,大兴区南海子公园一期南门北100米(公园南环路北),1,1,12
北京,所有时段,大兴区南海子公园二期南门西北(公园南环路北),1,1,34
北京,所有时段,大兴区南海子公园册妃台西南200米(公园北环路南),1,1,27
北京,所有时段,大兴区卢沟公园东南500米(左堤路西),1,1,4
北京,所有时段,大兴区国家林业和草原局管理干部学院(林校北路南),1,1,8
北京,所有时段,大兴区滨河公园西侧,1,1,1
北京,所有时段,大兴区瀛海镇亦庄镇,1,1,21
北京,所有时段,大兴区灭绝动物纪念地(三海子二号路南),1,1,15
北京,所有时段,大兴区稻之道主题乐园(韩凤路南),1,1,1
北京,所有时段,大兴区绿地中央广场(兴华大街东),1,1,2
北京,所有时段,大兴区翡翠城香留园A区(兴业大街西100米),1,1,1
北京,所有时段,大兴区西红门兴海公园,1,1,9
北京,所有时段,大兴区采育第二中心小学东南(福东街北),1,1,4
北京,所有时段,大兴区长子营湿地公园(凤港河滨河路北150米),1,1,16
北京,所有时段,大兴区黄村镇高家堡,1,1,1
北京,所有时段,大兴发展亦生悦B区(瀛信路南),1,1,6
北京,所有时段,大南沟,1,1,1
北京,所有时段,大城子镇,1,1,1
北京,所有时段,大泡子(北京市丰台区),1,1,17
北京,所有时段,大狼垈公园,1,1,13
北京,所有时段,大王庙(北京市丰台区左堤路),1,1,20
北京,所有时段,大石河三岔口,1,1,23
北京,所有时段,大石河大坝,1,1,22
北京,所有时段,大石河桥,1,1,4
北京,所有时段,大禅路,1,1,1
北京,所有时段,大菊胡同,1,1,2
北京,所有时段,大葆台,1,1,2
北京,所有时段,大观园,1,1,10
北京,所有时段,大觉寺后山防火道,1,1,18
北京,所有时段,大运河,1,1,28
北京,所有时段,大运河森林公园-西6门,1,1,19
北京,所有时段,大运河森林公园东园,1,1,15
北京,所有时段,大运河森林公园京杭大运河书院西南,1,1,11
北京,所有时段,大运河森林公园京杭运河鸭岛,1,1,19
北京,所有时段,大运河森林公园北京市通州区河道事务中心西南,1,1,17
北京,所有时段,大运河森林公园南门[公交站],1,1,11
北京,所有时段,大运河森林公园月岛至柳舟,1,1,16
北京,所有时段,大运河森林公园运河风韵,1,1,30
北京,所有时段,大运河森林公园黎辛庄立交西,1,1,15
北京,所有时段,大运河源头遗址公园,1,1,4
北京,所有时段,大运河高尔夫俱乐部(北京市通州区),1,1,16
北京,所有时段,大通滨河公园,1,1,14
北京,所有时段,大钟寺古钟博物馆,1,1,1
北京,所有时段,大黄岩河南99米,1,1,2
北京,所有时段,大黄岩河西南(Y351),1,1,21
北京,所有时段,大黄岩河西南85米,1,1,1
北京,所有时段,天兆家园,1,1,8
北京,所有时段,天坛公园-东门,1,1,15
北京,所有时段,天坛公园-北门,1,1,15
北京,所有时段,天坛公园北门东,1,1,7
北京,所有时段,天坛公园及西门外草地,1,1,23
北京,所有时段,天坛西门外,1,1,14
北京,所有时段,天开自然农社,1,1,5
北京,所有时段,天澄湖,1,1,13
北京,所有时段,天龙苑,1,1,4
北京,所有时段,太师屯和园公园清水河,1,1,6
北京,所有时段,太师屯镇,1,1,7
北京,所有时段,太平庄村（潮河苑农庄）左堤路北,1,1,22
北京,所有时段,太平桥,1,1,1
北京,所有时段,太庙,1,1,1
北京,所有时段,太阳宫足球俱乐部,1,1,11
北京,所有时段,太陽宮安馨花園,1,1,2
北京,所有时段,头道沟,1,1,10
北京,所有时段,奥北森林公园二期,1,1,9
北京,所有时段,奥园练习场,1,1,7
北京,所有时段,奥林匹克公园,1,1,20
北京,所有时段,奥林匹克森林公园-南园,1,1,14
北京,所有时段,奥林匹克森林公园FE,1,1,25
北京,所有时段,奥林匹克森林公园北园-北门,1,1,12
北京,所有时段,奥林匹克森林公园北园-大坑,1,1,8
北京,所有时段,奥林匹克森林公园北园-自驾游乐车,1,1,17
北京,所有时段,奥林匹克森林公园北园树木园,1,1,6
北京,所有时段,奥林匹克森林公园北园西门水闸,1,1,12
北京,所有时段,奥林匹克森林公园南园奥海北,1,1,3
北京,所有时段,奥林匹克森林公园南园奥海南岸,1,1,12
北京,所有时段,奥林匹克森林公园南园林泉高致,1,1,20
北京,所有时段,奥林匹克森林公园叠水花台附近,1,1,26
北京,所有时段,奥森别墅西北,1,1,26
北京,所有时段,奥森北园2,1,1,9
北京,所有时段,奥森北园及清河,1,1,23
北京,所有时段,奥森北园桥北中心岛,1,1,6
北京,所有时段,奥森北园清洋河北段两岸,1,1,2
北京,所有时段,奥森匹克森林公园南园东门河道,1,1,22
北京,所有时段,奥森南园-奥林西路东路周边,1,1,7
北京,所有时段,奥森南园1,1,1,25
北京,所有时段,奥运村国奥村东区(科荟路),1,1,2
北京,所有时段,奥运村奥林匹克森林公园北园(奥森公园绿道),1,1,34
北京,所有时段,奥运村奥林匹克森林公园北园(清河东路),1,1,19
北京,所有时段,妙峰山风景名胜区（金顶娘娘庙，非观鸟常去的玫瑰园）,1,1,17
北京,所有时段,妫水河及沿岸,1,1,1
北京,所有时段,妫河森林公园(北京市延庆区环湖南路),1,1,32
北京,所有时段,孙村公园(北京市大兴区南中轴路),1,1,1
北京,所有时段,孚王府,1,1,4
北京,所有时段,孟庄,1,1,3
北京,所有时段,学各庄,1,1,43
北京,所有时段,学各庄村(学各庄路),1,1,2
北京,所有时段,宁兰山居,1,1,10
北京,所有时段,宁河区七里海镇于家岭东村,1,1,11
北京,所有时段,安贞门水闸涵洞,1,1,11
北京,所有时段,安达木河,1,1,9
北京,所有时段,安达木河雾灵山段,1,1,22
北京,所有时段,宋庆龄故居,1,1,3
北京,所有时段,宋庆龄艺术中心停车场,1,1,3
北京,所有时段,宏丰渠,1,1,9
北京,所有时段,官厅水库沿岸,1,1,3
北京,所有时段,官园公园,1,1,5
北京,所有时段,定龙路,1,1,5
北京,所有时段,宝山寺(北京市怀柔区宝山大街北50米),1,1,3
北京,所有时段,实创医谷产业园,1,1,1
北京,所有时段,宣武门西大街57号(北京市西城区),1,1,1
北京,所有时段,宽沟(宽沟招待所,1,1,4
北京,所有时段,密云3期,1,1,21
北京,所有时段,密云云蒙大桥,1,1,6
北京,所有时段,密云区不老屯天文台东南400米(天文台路东),1,1,3
北京,所有时段,密云区不老屯天文台东南600米(天文台路东),1,1,8
北京,所有时段,密云区不老屯镇燕落,1,1,9
北京,所有时段,密云区东山沟桥西南100米(京密路),1,1,6
北京,所有时段,密云区东邵渠镇长峪沟,1,1,10
北京,所有时段,密云区京密引水渠首东北150米(君山北路北),1,1,1
北京,所有时段,密云区北京木火通明消防科技有限公司东南(右堤路北),1,1,4
北京,所有时段,密云区北庄镇三磨,1,1,11
北京,所有时段,密云区北庄镇沙太路(东庵),1,1,12
北京,所有时段,密云区十里堡镇河槽村,1,1,13
北京,所有时段,密云区大星发超市(太城路店)北100米,1,1,3
北京,所有时段,密云区大石山森林公园,1,1,14
北京,所有时段,密云区大黄岩河(Y351东),1,1,6
北京,所有时段,密云区天莓休闲农庄·蓝莓采摘西北(西统路西),1,1,1
北京,所有时段,密云区太师屯镇东沟,1,1,16
北京,所有时段,密云区太师屯镇大漕村,1,1,6
北京,所有时段,密云区太师屯镇芦各庄,1,1,4
北京,所有时段,密云区山里乐活东100米(Y351北),1,1,12
北京,所有时段,密云区山里乐活南50米(点兵台环路),1,1,5
北京,所有时段,密云区山里山花乐园北50米(北河路北),1,1,8
北京,所有时段,密云区恒大上河院北300米(右堤路北),1,1,15
北京,所有时段,密云区承兴密联合县政府旧址西50米,1,1,13
北京,所有时段,密云区新城子镇遥桥峪村,1,1,11
北京,所有时段,密云区朱家湾村民委员会东南100米(朱大路东),1,1,11
北京,所有时段,密云区溪翁庄镇坟庄后山,1,1,2
北京,所有时段,密云区潮白河云蒙大桥右堤路,1,1,17
北京,所有时段,密云区白河城市森林公园(新西路东),1,1,20
北京,所有时段,密云区调节池东南100米(滨河路南),1,1,4
北京,所有时段,密云区金叵罗种鸡场东北400米,1,1,6
北京,所有时段,密云区阳光城·溪山悦西200米,1,1,8
北京,所有时段,密云区高岭镇大屯,1,1,6
北京,所有时段,密云区高岭镇放马峪村,1,1,47
北京,所有时段,密云区高岭镇石匣,1,1,4
北京,所有时段,密云天门山风景区,1,1,12
北京,所有时段,密云水库上金山,1,1,15
北京,所有时段,密云水库大漕村,1,1,23
北京,所有时段,密云水库溢洪道及周边(北京市密云区),1,1,16
北京,所有时段,密云水库管理处西办公区,1,1,12
北京,所有时段,密虹公园,1,1,3
北京,所有时段,寻野露营地(Y351),1,1,11
北京,所有时段,寻野露营地(山在树在自由在),1,1,6
北京,所有时段,将台滨河公园,1,1,9
北京,所有时段,小场沟,1,1,5
北京,所有时段,小川村,1,1,26
北京,所有时段,小怪岩场,1,1,6
北京,所有时段,小月河公园,1,1,7
北京,所有时段,小槽村猫猫地点,1,1,5
北京,所有时段,小武基南萧太后河,1,1,30
北京,所有时段,小满沁芳,1,1,11
北京,所有时段,小漕村后街,1,1,4
北京,所有时段,小漕村村民委员会,1,1,5
北京,所有时段,小龙河,1,1,16
北京,所有时段,尚湖世家东区小区,1,1,22
北京,所有时段,居庸关长城,1,1,3
北京,所有时段,山京沟墓地公园,1,1,1
北京,所有时段,山后,1,1,21
北京,所有时段,山楂小苑民俗餐厅,1,1,8
北京,所有时段,山水自然保护中心,1,1,1
北京,所有时段,山羊洼(南羊路),1,1,8
北京,所有时段,山顶教堂东南95米,1,1,18
北京,所有时段,巩华城北沙河南岸,1,1,14
北京,所有时段,巩华城北沙河及沙河水库,1,1,21
北京,所有时段,巩华城半岛-沙河水库,1,1,32
北京,所有时段,巩华城地铁站去往镇辽门,1,1,2
北京,所有时段,巩华城地铁站西侧,1,1,1
北京,所有时段,巩华城镇辽门,1,1,1
北京,所有时段,市民亲水垂钓区,1,1,3
北京,所有时段,常营公园,1,1,7
北京,所有时段,常营公园-保利园,1,1,2
北京,所有时段,常青园路89号,1,1,6
北京,所有时段,平西府公园,1,1,10
北京,所有时段,平谷区东高村镇北张岱,1,1,14
北京,所有时段,平谷区南独乐河镇张辛庄,1,1,12
北京,所有时段,平谷区园田队滨河公园,1,1,11
北京,所有时段,平谷区夏各庄镇王都庄村,1,1,15
北京,所有时段,平谷区新城滨河森林公园,1,1,19
北京,所有时段,平谷区泃河下纸寨桥,1,1,22
北京,所有时段,平谷区泃河东鹿角村段,1,1,23
北京,所有时段,平谷区泃河北张岱村段,1,1,11
北京,所有时段,平谷区泃河小龙河汇合处,1,1,22
北京,所有时段,平谷区泃河张辛庄南桥(西侧),1,1,3
北京,所有时段,平谷区泃河故道西高村段,1,1,17
北京,所有时段,平谷区泃河海子桥,1,1,11
北京,所有时段,平谷区泃河青杨屯桥,1,1,23
北京,所有时段,平谷区泃河马坊镇泃河大桥,1,1,11
北京,所有时段,平谷区洳河中桥村桥,1,1,32
北京,所有时段,平谷区洳河周村桥,1,1,14
北京,所有时段,平谷区洳河辛庄子桥,1,1,25
北京,所有时段,平谷区洳河鸟首公园,1,1,1
北京,所有时段,平谷区花峪水库,1,1,16
北京,所有时段,平谷区金海湖北京育新苑宾馆(金海北路南100米),1,1,10
北京,所有时段,平谷区马坊滨水公园,1,1,16
北京,所有时段,平谷区马坊镇张岱辛撞村,1,1,8
北京,所有时段,平谷区马昌营镇前芮营,1,1,5
北京,所有时段,平谷新城滨河森林公园,1,1,23
北京,所有时段,平顶山(北京市海淀区),1,1,9
北京,所有时段,广场东侧路南安检04(含团队安检),1,1,1
北京,所有时段,广泰小区西区,1,1,7
北京,所有时段,广济桥,1,1,1
北京,所有时段,广渠门外大街6号院,1,1,3
北京,所有时段,庆丰包子铺(华业玫瑰店),1,1,5
北京,所有时段,庆陵,1,1,6
北京,所有时段,庆陵村,1,1,16
北京,所有时段,应急总医院南,1,1,1
北京,所有时段,康西草原-马术庄园,1,1,9
北京,所有时段,康陵园村东,1,1,1
北京,所有时段,延寿寺景区,1,1,3
北京,所有时段,延庆区井庄镇白龙坑,1,1,5
北京,所有时段,延庆区井庄镇艾官营村,1,1,1
北京,所有时段,延庆区北京快乐假日大酒店东北50米(旧小路北),1,1,9
北京,所有时段,延庆区大庄科乡旺泉沟村,1,1,2
北京,所有时段,延庆区大庄科乡香屯村,1,1,2
北京,所有时段,延庆区康庄镇大王庄村,1,1,4
北京,所有时段,延庆区康庄镇火烧营村,1,1,5
北京,所有时段,延庆区康西草原景区,1,1,4
北京,所有时段,延庆区旧县镇东龙湾村,1,1,11
北京,所有时段,延庆区松山大桥东南150米(X012),1,1,5
北京,所有时段,延庆区柳沟民俗旅游度假区(北西路西),1,1,12
北京,所有时段,延庆区野鸭湖风景区西南200米,1,1,70
北京,所有时段,延庆区香村营桥南(X999),1,1,10
北京,所有时段,延庆火车北站,1,1,11
北京,所有时段,延庆镇大岛,1,1,7
北京,所有时段,建国门外外交公寓,1,1,1
北京,所有时段,建国门绿化广场(北京市东城区),1,1,14
北京,所有时段,张坊村西北895米,1,1,1
北京,所有时段,张家湾镇,1,1,31
北京,所有时段,张家湾镇海子洼,1,1,1
北京,所有时段,张裕爱斐堡酒庄,1,1,25
北京,所有时段,御丰观光采摘园,1,1,3
北京,所有时段,怀九河峪口村(北京市怀柔区)至四渡河,1,1,7
北京,所有时段,怀北镇骆驼山,1,1,10
北京,所有时段,怀山柔水公园西北(环湖东路),1,1,2
北京,所有时段,怀来县官厅水库国家湿地公园(斋幽路),1,1,6
北京,所有时段,怀来县青栖台·在别处东150米(斋幽路),1,1,12
北京,所有时段,怀柔北火车站一区北100米,1,1,5
北京,所有时段,怀柔区九渡河小学南700米,1,1,16
北京,所有时段,怀柔区九渡河镇二荒台,1,1,7
北京,所有时段,怀柔区九渡河镇局里村,1,1,8
北京,所有时段,怀柔区八渡河岭,1,1,1
北京,所有时段,怀柔区北京九局精品民宿东北50米(局里路南),1,1,18
北京,所有时段,怀柔区北京宽沟会议中心北50米(台关路北),1,1,16
北京,所有时段,怀柔区北京市人民政府宽沟招待所东北,1,1,8
北京,所有时段,怀柔区北京怀柔山水人家(辛桃路店)东南200米,1,1,16
北京,所有时段,怀柔区北京怀柔山水人家(辛桃路店)西300米,1,1,2
北京,所有时段,怀柔区北京怀柔山水人家西300米,1,1,7
北京,所有时段,怀柔区北京鹿世界主题园(鹤鸣西路东),1,1,1
北京,所有时段,怀柔区北房镇苇里路观景平台,1,1,12
北京,所有时段,怀柔区古槐溪语公园西北200米(范崎路东),1,1,8
北京,所有时段,怀柔区喇叭沟原始森林风景区-南猴岭观赏区,1,1,2
北京,所有时段,怀柔区喇叭沟门满族乡东沟门,1,1,19
北京,所有时段,怀柔区喇叭沟门满族乡中心小学西北(庄喇路北),1,1,9
北京,所有时段,怀柔区四渡河村委会(渤三路),1,1,12
北京,所有时段,怀柔区圣泉果园西北100米,1,1,1
北京,所有时段,怀柔区大艾天下园东600米,1,1,8
北京,所有时段,怀柔区富福溪谷帐篷露营基地东北100米(渤三路东),1,1,8
北京,所有时段,怀柔区庙城镇X005(北京宽沟),1,1,23
北京,所有时段,怀柔区庙城镇肖两河村,1,1,3
北京,所有时段,怀柔区庙城镇高两河村,1,1,2
北京,所有时段,怀柔区怀九河(四渡河村路南),1,1,2
北京,所有时段,怀柔区怀北镇河防口,1,1,4
北京,所有时段,怀柔区怀山柔水公园(府前西街南),1,1,7
北京,所有时段,怀柔区怀水大桥东南300米(桥平路西),1,1,4
北京,所有时段,怀柔区怀水大桥西北,1,1,12
北京,所有时段,怀柔区慕田峪长城双源汇度假村南(怀黄路北),1,1,7
北京,所有时段,怀柔区杨宋庄桥西南150米(怀杨路南),1,1,17
北京,所有时段,怀柔区杨宋镇通怀路(北京市怀柔区潮白河管理所),1,1,12
北京,所有时段,怀柔区栗花沟起点露营地西100米(渤三路南),1,1,3
北京,所有时段,怀柔区栢泉山庄大桥西(雁栖湖北路),1,1,13
北京,所有时段,怀柔区汤河口镇大蒲池沟村,1,1,13
北京,所有时段,怀柔区泉河滨湖万米健身公园(迎宾路东),1,1,5
北京,所有时段,怀柔区泉河街道社区卫生服务中心,1,1,1
北京,所有时段,怀柔区琉璃庙镇偏道子,1,1,5
北京,所有时段,怀柔区白河湾(白河北路北500米),1,1,3
北京,所有时段,怀柔区素行雅集创意民宿(神山路分店),1,1,13
北京,所有时段,怀柔区红螺慧缘谷生态景区甘涧峪村社会管理服务中心,1,1,2
北京,所有时段,怀柔区绿谷丰汇采摘园南100米(怀黄路南),1,1,5
北京,所有时段,怀柔区郭家坞98号楼,1,1,4
北京,所有时段,怀柔区长哨营满族乡,1,1,14
北京,所有时段,怀柔区雁栖湖北二路(范崎路-G111国道)道路工程土建第1标段项目经理部,1,1,24
北京,所有时段,怀柔区领秀翡翠华庭怀安大街15号院西50米,1,1,8
北京,所有时段,怀柔区龙山街道丽湖社区,1,1,1
北京,所有时段,怀柔区龙湖花园西园10号院西150米(环湖东路),1,1,1
北京,所有时段,怀柔城市森林公园(京密路西150米),1,1,9
北京,所有时段,怀柔城市森林公园(兴怀大街南200米),1,1,2
北京,所有时段,怀柔城市森林公园(南华大街东延北100米),1,1,11
北京,所有时段,怀柔林场,1,1,12
北京,所有时段,怀柔水库管理所进水闸管理站西北(环湖东路),1,1,5
北京,所有时段,怀柔水库观景台,1,1,21
北京,所有时段,怀柔珍珠泉,1,1,12
北京,所有时段,怀柔第一党支部纪念馆东南50米,1,1,4
北京,所有时段,怀柔镇卧龙岗村,1,1,2
北京,所有时段,怀柔镇红军村1铁道口,1,1,2
北京,所有时段,怡海花园,1,1,2
北京,所有时段,怡美家园,1,1,3
北京,所有时段,恭王府博物馆,1,1,1
北京,所有时段,情人坡,1,1,2
北京,所有时段,惠福桥,1,1,4
北京,所有时段,成寿寺中海城,1,1,8
北京,所有时段,成府路西段南侧,1,1,8
北京,所有时段,房山区世纪森林公园西500米,1,1,17
北京,所有时段,房山区东石羊小强垂钓园东南200米,1,1,5
北京,所有时段,房山区中联正兴电商园区生鲜冷链库西(X026东),1,1,19
北京,所有时段,房山区乐活中堤(右堤路南),1,1,21
北京,所有时段,房山区乐活中堤东400米,1,1,2
北京,所有时段,房山区乐活中堤北500米,1,1,27
北京,所有时段,房山区依澜阳光家园西南400米,1,1,18
北京,所有时段,房山区北京中医药大学(良乡校区),1,1,11
北京,所有时段,房山区十渡,1,1,21
北京,所有时段,房山区十渡镇片南,1,1,5
北京,所有时段,房山区城关农民用水协会羊头岗村分会东南(顾八路),1,1,1
北京,所有时段,房山区城关街道羊头岗村大石河两岸,1,1,22
北京,所有时段,房山区大石河吉洄路北,1,1,15
北京,所有时段,房山区小清河公园(水四路南),1,1,18
北京,所有时段,房山区张坊村,1,1,3
北京,所有时段,房山区樱桃·餐厅民宿东北150米(涞宝路),1,1,7
北京,所有时段,房山区琉璃河桥西400米,1,1,9
北京,所有时段,房山区稻田回迁楼北区东400米(右堤路东),1,1,21
北京,所有时段,房山区稻田水库东南400米,1,1,11
北京,所有时段,房山区穆记滩桃(X017南),1,1,7
北京,所有时段,房山区窦店镇京港澳高速(丁各庄村),1,1,1
北京,所有时段,房山区胡良河南100米(X016东),1,1,12
北京,所有时段,房山区蒲洼乡富合村,1,1,7
北京,所有时段,房山区西湖港奇潭峡谷风景区(X029),1,1,3
北京,所有时段,房山区长阳兰花文化休闲公园东(京雄高速),1,1,11
北京,所有时段,房山区长阳北京九子河,1,1,11
北京,所有时段,房山区长阳梦泽飞鹭东南50米(音乐节南路北),1,1,17
北京,所有时段,房山区长阳禾香雅园北200米(稻田路西),1,1,14
北京,所有时段,房山区长阳镇葫芦垡村,1,1,24
北京,所有时段,房山区青龙湖镇南观,1,1,4
北京,所有时段,房山区鹰巢,1,1,1
北京,所有时段,房山十渡风景名胜区,1,1,20
北京,所有时段,房山新城滨水森林公园(长保路),1,1,17
北京,所有时段,房山新城滨水森林公园（小清河公园）,1,1,9
北京,所有时段,房山永定河西岸大宁水库及乐活中堤段,1,1,25
北京,所有时段,房山红领巾公园(大件路北),1,1,4
北京,所有时段,房山红领巾公园(大件路大石河2号桥北侧),1,1,10
北京,所有时段,房山长阳永定河,1,1,17
北京,所有时段,担涧沟,1,1,11
北京,所有时段,拉拉湖水库,1,1,1
北京,所有时段,摄影观鸟台,1,1,12
北京,所有时段,故宫博物院-文华殿,1,1,8
北京,所有时段,文林大厦(大钟寺四道口路2号甲5号),1,1,2
北京,所有时段,断虹桥,1,1,6
北京,所有时段,新东方南楼,1,1,2
北京,所有时段,新中街城市森林公园,1,1,11
北京,所有时段,新凤河健康绿道,1,1,12
北京,所有时段,新华联家园北区,1,1,4
北京,所有时段,新口路（大石河）,1,1,4
北京,所有时段,新奥购物中心,1,1,4
北京,所有时段,新街口外大街,1,1,3
北京,所有时段,新街口外大街甲8号院,1,1,1
北京,所有时段,新龙大厦,1,1,1
北京,所有时段,早培教学楼,1,1,1
北京,所有时段,昌平一中教育集团(西关校区),1,1,5
北京,所有时段,昌平交通支队沙河大队执法站南(于辛庄路),1,1,9
北京,所有时段,昌平区东小口森林公园(42公里绿道西),1,1,24
北京,所有时段,昌平区东小口森林公园(中东路南),1,1,1
北京,所有时段,昌平区九华山庄16区南,1,1,6
北京,所有时段,昌平区二拨子龙城花园(二拨子工业园区东路东),1,1,9
北京,所有时段,昌平区北七家北京师范大学亚太实验学校(商校路东),1,1,6
北京,所有时段,昌平区北京东方天星华普休闲健身俱乐部北(滨河路南)歇甲庄村坑塘,1,1,6
北京,所有时段,昌平区北京温榆河公园朝阳示范区(西园)北150米,1,1,2
北京,所有时段,昌平区北京邮电大学(沙河校区),1,1,5
北京,所有时段,昌平区北沙河昌平地铁线往西南岸,1,1,18
北京,所有时段,昌平区十三陵镇北茅台,1,1,7
北京,所有时段,昌平区十三陵镇悼陵监村,1,1,14
北京,所有时段,昌平区南口镇山羊洼,1,1,14
北京,所有时段,昌平区史各庄街道阎家洼,1,1,7
北京,所有时段,昌平区后沙峪北京温榆河公园·温榆画廊东北,1,1,22
北京,所有时段,昌平区回龙园公园(龙禧二街南100米),1,1,7
北京,所有时段,昌平区回龙观新龙城4期(自行车专用路南),1,1,1
北京,所有时段,昌平区回龙观生态休闲公园(育知东路东),1,1,7
北京,所有时段,昌平区回龙观龙博苑3区(文华路西50米),1,1,6
北京,所有时段,昌平区回龙观龙锦苑4区(文华路东100米),1,1,14
北京,所有时段,昌平区小汤山文化广场(顺沙路北200米),1,1,8
北京,所有时段,昌平区延寿镇六道河-大杨山休闲步道,1,1,12
北京,所有时段,昌平区明十三陵泰陵村至花海沿线,1,1,45
北京,所有时段,昌平区明十三陵风景区,1,1,9
北京,所有时段,昌平区明十三陵风景区(泰燕路),1,1,21
北京,所有时段,昌平区明十三陵风景区(献陵路东),1,1,6
北京,所有时段,昌平区明十三陵风景区(环陵路),1,1,9
北京,所有时段,昌平区明十三陵风景区(裕陵路东),1,1,1
北京,所有时段,昌平区沙河东环北里5号院北50米(环城北路),1,1,2
北京,所有时段,昌平区沙河中海尚湖世家(西区)南300米,1,1,18
北京,所有时段,昌平区沙河丽春湖院子东(于辛庄路南),1,1,42
北京,所有时段,昌平区沙河丽春湖院子南400米,1,1,18
北京,所有时段,昌平区沙河丽春湖院子南500米,1,1,2
北京,所有时段,昌平区沙河书韵,1,1,1
北京,所有时段,昌平区沙河停车场西北150米,1,1,20
北京,所有时段,昌平区沙河北京市路鹏达南丰路项目部东南(环城北路),1,1,32
北京,所有时段,昌平区沙河北京市路鹏达南丰路项目部西北(环城北路),1,1,7
北京,所有时段,昌平区沙河园林圣懋南300米,1,1,5
北京,所有时段,昌平区沙河尚湖世家东区小区东南(环城北路东),1,1,17
北京,所有时段,昌平区沙河巩华城地铁站北300米(环城北路南),1,1,12
北京,所有时段,昌平区沙河巩华城地铁站北400米(环城北路南),1,1,35
北京,所有时段,昌平区沙河巩华城地铁站北400米北沙河南岸,1,1,29
北京,所有时段,昌平区沙河巩华城地铁站南200米,1,1,8
北京,所有时段,昌平区沙河巩华城地铁站西南150米,1,1,33
北京,所有时段,昌平区沙河巩华城地铁站西南300米,1,1,29
北京,所有时段,昌平区沙河巩华城地铁站西南500米,1,1,4
北京,所有时段,昌平区沙河水岸庄园12号楼南400米,1,1,3
北京,所有时段,昌平区沙河水岸庄园5号楼西南(42公里绿道),1,1,55
北京,所有时段,昌平区沙河水库,1,1,13
北京,所有时段,昌平区沙河水库大坝西侧南岸,1,1,12
北京,所有时段,昌平区沙河水库西南200米,1,1,17
北京,所有时段,昌平区沙河水库西南300米,1,1,6
北京,所有时段,昌平区沙河湿地公园东南50米(42公里绿道南),1,1,7
北京,所有时段,昌平区沙河翠明湖(42公里绿道南),1,1,17
北京,所有时段,昌平区沙河翠明湖(环城北路东150米),1,1,3
北京,所有时段,昌平区沙河镇,1,1,1
北京,所有时段,昌平区沙河领秀慧谷(朱辛庄西二路北),1,1,13
北京,所有时段,昌平区沙河领秀慧谷D2区南(辛庄桥东北),1,1,8
北京,所有时段,昌平区碧水庄园76号楼(昌平新城滨河森林公园南),1,1,8
北京,所有时段,昌平区航天工程大学(沙河校区)东北150米,1,1,3
北京,所有时段,昌平区航天工程大学(沙河校区)北100米,1,1,7
北京,所有时段,昌平区马池口镇东闸村,1,1,30
北京,所有时段,昌平區沙河翠明湖,1,1,24
北京,所有时段,昌平巩华城半岛及周边,1,1,32
北京,所有时段,昌平巩华城半岛周边及森林公园中线,1,1,11
北京,所有时段,昌平新城滨河森林公园(沙河)停车场,1,1,38
北京,所有时段,昌平新城滨河森林公园-东入口广场,1,1,1
北京,所有时段,昌平新城滨河森林公园-游客服务中心,1,1,8
北京,所有时段,昌平新城滨河森林公园/沙河水库,1,1,23
北京,所有时段,昌平桃峪口水库,1,1,3
北京,所有时段,昌平沙河水库大坝西侧,1,1,6
北京,所有时段,明十三陵风景区(庆陵桥),1,1,8
北京,所有时段,明十三陵风景区(裕陵路),1,1,1
北京,所有时段,明思宗殉国处,1,1,7
北京,所有时段,明镜移舟景区-休闲长廊,1,1,11
北京,所有时段,晓月湖公园,1,1,17
北京,所有时段,景风门,1,1,5
北京,所有时段,晾鹰台,1,1,3
北京,所有时段,月岛闻莺景区-凉亭,1,1,11
北京,所有时段,望京国际研发园,1,1,1
北京,所有时段,望京桥西南,1,1,1
北京,所有时段,望京楼,1,1,19
北京,所有时段,望花路西里,1,1,11
北京,所有时段,朝外SOHO,1,1,1
北京,所有时段,朝阳公园(北京市朝阳区朝阳公园南路1号),1,1,16
北京,所有时段,朝阳公园08广场,1,1,26
北京,所有时段,朝阳公园南大门(枣营路南),1,1,14
北京,所有时段,朝阳区三里屯意大利大使馆(三里屯东一街北),1,1,10
北京,所有时段,朝阳区东风公园(青年北路东),1,1,12
北京,所有时段,朝阳区中华民族博物院(北辰路西),1,1,6
北京,所有时段,朝阳区光华路好客·智咖啡(郎家园西路东),1,1,1
北京,所有时段,朝阳区八里桥,1,1,11
北京,所有时段,朝阳区兴会公园东会区(惠河北街),1,1,10
北京,所有时段,朝阳区兴隆公园,1,1,10
北京,所有时段,朝阳区北京市朝阳外国语学校(亚运村校区)西南,1,1,1
北京,所有时段,朝阳区北投购物公园(南)停车场,1,1,4
北京,所有时段,朝阳区北沙滩双泉堡甲一号院(北沙滩桥北50米),1,1,2
北京,所有时段,朝阳区十里堡阳光新城市广场,1,1,1
北京,所有时段,朝阳区华彩国际公寓,1,1,8
北京,所有时段,朝阳区南磨房官庄公园(观音堂路南300米),1,1,15
北京,所有时段,朝阳区太阳宫公园,1,1,17
北京,所有时段,朝阳区太阳宫公园大湖西侧,1,1,22
北京,所有时段,朝阳区太阳宫南街(太阳宫地铁站),1,1,1
北京,所有时段,朝阳区奥运村北京奥林匹克公园洼里湖(北五环南),1,1,11
北京,所有时段,朝阳区奥运村奥园体育俱乐部(清河路南),1,1,20
北京,所有时段,朝阳区奥运村奥林匹克森林公园(奥林西路南50米),1,1,10
北京,所有时段,朝阳区奥运村奥林匹克森林公园(清河路南100米),1,1,8
北京,所有时段,朝阳区奥运村奥林匹克森林公园南园东门南(安立路西),1,1,17
北京,所有时段,朝阳区孙河乡西白辛庄村,1,1,21
北京,所有时段,朝阳区安慧桥东100米(安定路南),1,1,1
北京,所有时段,朝阳区平房公园,1,1,1
北京,所有时段,朝阳区庆丰公园(通惠河北路南50米),1,1,8
北京,所有时段,朝阳区朝阳公园24商品部东南50米(农展馆北路西),1,1,21
北京,所有时段,朝阳区杜仲公园(双园路南),1,1,10
北京,所有时段,朝阳区松榆南路(北京劲松中西医结合医院),1,1,1
北京,所有时段,朝阳区温榆河公园示范区,1,1,26
北京,所有时段,朝阳区温榆河西南300米(滨河路北),1,1,13
北京,所有时段,朝阳区甜水园金台路地铁站(朝阳北路北),1,1,1
北京,所有时段,朝阳区石韵浩庭(九龙山路),1,1,3
北京,所有时段,朝阳区蓝地时尚庄园(北京清河营地铁站店),1,1,8
北京,所有时段,朝阳区阳光100国际公寓(郎家园路东),1,1,1
北京,所有时段,朝阳区马家湾湿地公园,1,1,23
北京,所有时段,未来科学城滨水公园西区,1,1,24
北京,所有时段,未来科技城生态休闲公园沙河片区二期,1,1,11
北京,所有时段,朱辛庄桥,1,1,1
北京,所有时段,来广营未开发杨树林,1,1,1
北京,所有时段,杨家东庄村,1,1,9
北京,所有时段,林泉高致,1,1,18
北京,所有时段,枣林庄村(北京市通州区),1,1,12
北京,所有时段,枫丹壹号北121米,1,1,5
北京,所有时段,柏林·在线,1,1,1
北京,所有时段,柳各庄闸桥,1,1,4
北京,所有时段,柳林村,1,1,23
北京,所有时段,柳林河,1,1,2
北京,所有时段,柳荫公园-文化广场,1,1,3
北京,所有时段,柳莺林,1,1,1
北京,所有时段,树村郊野公园(北京市海淀区),1,1,2
北京,所有时段,栖山小墅二号院精品民宿东84米,1,1,6
北京,所有时段,桃花溪旅游度假山庄,1,1,15
北京,所有时段,桥头广场,1,1,17
北京,所有时段,梨树沟休闲谷,1,1,4
北京,所有时段,椿楸嘉园北区,1,1,8
北京,所有时段,楼根子,1,1,1
北京,所有时段,榴景秀苑,1,1,1
北京,所有时段,槐新公园,1,1,3
北京,所有时段,槐香园,1,1,7
北京,所有时段,樱花小湖,1,1,1
北京,所有时段,橋西街70號,1,1,28
北京,所有时段,橡树湾四区,1,1,5
北京,所有时段,檀峪村,1,1,1
北京,所有时段,欧陆经典,1,1,6
北京,所有时段,正义路绿道,1,1,7
北京,所有时段,正阳门,1,1,3
北京,所有时段,正阳门(箭楼),1,1,2
北京,所有时段,武窑桥,1,1,6
北京,所有时段,民航博物馆,1,1,1
北京,所有时段,水南(北京市通州区),1,1,1
北京,所有时段,水南村,1,1,8
北京,所有时段,水岸庄园10号楼（沙河北岸）,1,1,34
北京,所有时段,水峪嘴村委会,1,1,1
北京,所有时段,水峪村,1,1,4
北京,所有时段,水库北观景台,1,1,13
北京,所有时段,水榭凉亭,1,1,9
北京,所有时段,永丰屯村,1,1,8
北京,所有时段,永兴河,1,1,3
北京,所有时段,永安小区-清水河,1,1,5
北京,所有时段,永定公园南门太福路,1,1,13
北京,所有时段,永定河(园博湖),1,1,2
北京,所有时段,永定河休闲森林公园,1,1,24
北京,所有时段,永定河休闲森林公园(北京市石景山区),1,1,18
北京,所有时段,永定河峡谷,1,1,12
北京,所有时段,永定河引水渠玉渊潭至木樨地段,1,1,18
北京,所有时段,永顺城市公园,1,1,5
北京,所有时段,汉石桥湿地,1,1,3
北京,所有时段,江水泉公园,1,1,1
北京,所有时段,汤河口镇,1,1,2
北京,所有时段,沙古堆村,1,1,1
北京,所有时段,沙峪,1,1,5
北京,所有时段,沙河(北京市昌平区),1,1,32
北京,所有时段,沙河-沙河南岸,1,1,29
北京,所有时段,沙河北京市昌平区汇贤学校东北50米(环城北路北),1,1,9
北京,所有时段,沙河北岸（水岸庄园）,1,1,21
北京,所有时段,沙河大坝东侧温榆河段,1,1,23
北京,所有时段,沙河巩华城地铁站,1,1,13
北京,所有时段,沙河昌平新城滨河森林公园东200米,1,1,10
北京,所有时段,沙河昌平新城滨河森林公园东入口广场,1,1,3
北京,所有时段,沙河昌平新城滨河森林公园东入口广场北150米,1,1,6
北京,所有时段,沙河昌平新城滨河森林公园东入口广场北200米,1,1,25
北京,所有时段,沙河昌平新城滨河森林公园东入口广场北300米,1,1,16
北京,所有时段,沙河昌平新城滨河森林公园东入口广场南100米,1,1,1
北京,所有时段,沙河昌平新城滨河森林公园东入口广场西南50米,1,1,1
北京,所有时段,沙河昌平新城滨河森林公园东北50米,1,1,4
北京,所有时段,沙河昌平新城滨河森林公园主入口广场西北200米,1,1,17
北京,所有时段,沙河昌平新城滨河森林公园休息区东南50米,1,1,9
北京,所有时段,沙河昌平新城滨河森林公园休闲廊架,1,1,1
北京,所有时段,沙河昌平新城滨河森林公园停车场东150米,1,1,10
北京,所有时段,沙河昌平新城滨河森林公园健身区,1,1,20
北京,所有时段,沙河昌平新城滨河森林公园健身区西北150米,1,1,21
北京,所有时段,沙河昌平新城滨河森林公园健身区西南100米,1,1,26
北京,所有时段,沙河昌平新城滨河森林公园内外,1,1,3
北京,所有时段,沙河昌平新城滨河森林公园北50米,1,1,3
北京,所有时段,沙河昌平新城滨河森林公园巩华城地铁站,1,1,1
北京,所有时段,沙河昌平新城滨河森林公园滨水走廊东150米,1,1,55
北京,所有时段,沙河昌平新城滨河森林公园滨水走廊东北400米,1,1,24
北京,所有时段,沙河昌平新城滨河森林公园滨水走廊东南150米,1,1,18
北京,所有时段,沙河水库+大坝两岸,1,1,53
北京,所有时段,沙河水库北岸排水渠附近,1,1,22
北京,所有时段,沙河水库北岸沿线,1,1,40
北京,所有时段,沙河水库南岸观测点,1,1,19
北京,所有时段,沙河水库固定观鸟点,1,1,1
北京,所有时段,沙河水库大坝西侧,1,1,14
北京,所有时段,沙河镇城铁桥西北沙河南岸,1,1,18
北京,所有时段,沙河闸公园,1,1,2
北京,所有时段,沙河鸽子市场(安济桥路),1,1,20
北京,所有时段,河北村,1,1,5
北京,所有时段,河滨公园,1,1,20
北京,所有时段,沿河城幽州大峡谷,1,1,24
北京,所有时段,泉河湖光小区南区(环湖东路),1,1,1
北京,所有时段,法城口桥,1,1,7
北京,所有时段,法海寺森林公园,1,1,7
北京,所有时段,泥河村,1,1,4
北京,所有时段,洄城村,1,1,10
北京,所有时段,洞庄路,1,1,7
北京,所有时段,海棠春居民宿,1,1,1
北京,所有时段,海淀·嘉郡,1,1,1
北京,所有时段,海淀公园(四环北100米),1,1,6
北京,所有时段,海淀公园(四环北150米),1,1,16
北京,所有时段,海淀公园-西南门,1,1,2
北京,所有时段,海淀公园万泉漱玉(四环北),1,1,15
北京,所有时段,海淀区三义庙北里(人民大学南路东),1,1,3
北京,所有时段,海淀区上庄镇翠湖北路(翠湖农场),1,1,10
北京,所有时段,海淀区东升八家郊野公园(后八家西路北200米),1,1,9
北京,所有时段,海淀区东小口东升国际科学园,1,1,6
北京,所有时段,海淀区东小口东升国际科学园(永泰庄北路北100米),1,1,9
北京,所有时段,海淀区中关村东路,1,1,1
北京,所有时段,海淀区中关村公园,1,1,12
北京,所有时段,海淀区中关村公园西南门(友谊路),1,1,10
北京,所有时段,海淀区中国石油首汽二号站加油站(紫竹院南路西),1,1,1
北京,所有时段,海淀区五棵松北京国际摄影文化苑西南(西四环中路),1,1,6
北京,所有时段,海淀区五道口东王庄(北京林业大学南),1,1,1
北京,所有时段,海淀区交通运输部站点西南50米(南沙河西路北),1,1,24
北京,所有时段,海淀区人大附中北大附小联合实验学校东南(三星庄路),1,1,7
北京,所有时段,海淀区会城门公园(东双贝子坟路西50米),1,1,8
北京,所有时段,海淀区元土城遗址公园(知春路东),1,1,6
北京,所有时段,海淀区六郎庄桥西100米(四环北),1,1,17
北京,所有时段,海淀区农业职业学院(北校区)北50米,1,1,18
北京,所有时段,海淀区北京一零一中温泉校区东北(白家疃东路东),1,1,2
北京,所有时段,海淀区北京万寿宾馆(玉渊潭南路南),1,1,4
北京,所有时段,海淀区北京上庄燃气热电有限公司东北(翠湖南一街北),1,1,1
北京,所有时段,海淀区北京东升花园中心,1,1,1
北京,所有时段,海淀区北京京西稻南100米(太舟坞路南),1,1,1
北京,所有时段,海淀区北京化工大学(西校区),1,1,1
北京,所有时段,海淀区北京市城市河湖管理处清河闸,1,1,8
北京,所有时段,海淀区北京石刻艺术博物馆(五塔寺路北),1,1,2
北京,所有时段,海淀区北坞公园(金河路),1,1,27
北京,所有时段,海淀区北坞公园(颐和园西门路北200米),1,1,3
北京,所有时段,海淀区四季青镇后窑,1,1,2
北京,所有时段,海淀区四季青镇船营,1,1,1
北京,所有时段,海淀区四环(玉泉山出口),1,1,1
北京,所有时段,海淀区园外园·中坞公园(中坞村北路北100米),1,1,1
北京,所有时段,海淀区圆明园天然图画(如意桥北),1,1,13
北京,所有时段,海淀区圆明园西北景区,1,1,27
北京,所有时段,海淀区圆明园鸿慈永祜东200米(万泉河路东),1,1,6
北京,所有时段,海淀区天作国际中心(中关村南大街东),1,1,1
北京,所有时段,海淀区尚院北100米(支六路北),1,1,5
北京,所有时段,海淀区山屿·西山著东区东北300米(画眉山路北),1,1,2
北京,所有时段,海淀区政府第二办公区,1,1,2
北京,所有时段,海淀区昆明湖北200米(西堤北),1,1,13
北京,所有时段,海淀区树村公园(树村北街南),1,1,1
北京,所有时段,海淀区树村公园(树村路东),1,1,11
北京,所有时段,海淀区永定路57号院(正大路北),1,1,1
北京,所有时段,海淀区清华大学附属中学(中关村北大街东),1,1,1
北京,所有时段,海淀区清缘东里东100米(清河路南),1,1,5
北京,所有时段,海淀区玉东园(金河路北200米),1,1,1
北京,所有时段,海淀区玉东园(颐和园西门路),1,1,28
北京,所有时段,海淀区玉东郊野公园(玉泉山路南100米),1,1,6
北京,所有时段,海淀区生命绿洲南100米(玉渊潭滨河路南),1,1,13
北京,所有时段,海淀区百望山中央民族干部学院东北50米(黑山扈路),1,1,17
北京,所有时段,海淀区百望山遗光寺8号院东区21号楼东南50米,1,1,6
北京,所有时段,海淀区知春路56号院,1,1,1
北京,所有时段,海淀区翠湖别墅西北150米(翠湖北路北),1,1,14
北京,所有时段,海淀区翠湖国家城市湿地公园(南沙河西路北300米),1,1,18
北京,所有时段,海淀区苏家坨镇北庄子村,1,1,9
北京,所有时段,海淀区苏家坨镇柳林村,1,1,19
北京,所有时段,海淀区蔬菜种植基地西南50米(前章村西路南),1,1,1
北京,所有时段,海淀区西北旺联想全球总部东南100米(旺科中路南),1,1,1
北京,所有时段,海淀区西北旺镇憋死猫,1,1,12
北京,所有时段,海淀区西山古园公墓(台头村路北300米),1,1,7
北京,所有时段,海淀区西玉河雨水湿地公园(玉河路北150米),1,1,3
北京,所有时段,海淀区西苑桥东北扇面湖,1,1,3
北京,所有时段,海淀区西苑达园宾馆·达园宴南(北京大学北),1,1,3
北京,所有时段,海淀区西郊砂石坑(五环东200米),1,1,9
北京,所有时段,海淀区西郊砂石坑(田村山南路北100米),1,1,8
北京,所有时段,海淀区西马坊油菜花,1,1,18
北京,所有时段,海淀区金钻KTV(花园路店)南100米,1,1,5
北京,所有时段,海淀区颐和园南湖岛西侧,1,1,7
北京,所有时段,海淀区颐和园西堤东南150米,1,1,10
北京,所有时段,海淀区香山樱桃沟,1,1,13
北京,所有时段,海淀区马连洼清河之源滨水公园(滨河路西),1,1,14
北京,所有时段,海淀区黑山头,1,1,22
北京,所有时段,海淀镇功德寺,1,1,1
北京,所有时段,海淀驾校,1,1,7
北京,所有时段,海陀山,1,1,20
北京,所有时段,清华大学(近春路),1,1,14
北京,所有时段,清华大学主楼北,1,1,1
北京,所有时段,清华大学图书馆,1,1,1
北京,所有时段,清华大学天文台,1,1,8
北京,所有时段,清华大学李文正馆,1,1,1
北京,所有时段,清华大学水木清华,1,1,1
北京,所有时段,清华大学绿园,1,1,7
北京,所有时段,清华大学苏世民书院,1,1,2
北京,所有时段,清华大学附属中学昌平学校,1,1,1
北京,所有时段,清水河,1,1,4
北京,所有时段,清水河朱家湾桥向西,1,1,20
北京,所有时段,清水河畔,1,1,14
北京,所有时段,清水湾社区服务站,1,1,9
北京,所有时段,清水镇,1,1,1
北京,所有时段,清水镇灵山路东100米,1,1,1
北京,所有时段,清河,1,1,13
北京,所有时段,清河-两岸,1,1,18
北京,所有时段,清河WrenCreek,1,1,14
北京,所有时段,清河之洲(滨河路),1,1,9
北京,所有时段,清河南镇公交站,1,1,8
北京,所有时段,清河南镇沿河向东,1,1,14
北京,所有时段,清河滨水慢行系统,1,1,23
北京,所有时段,清河立水桥段（滨河路),1,1,31
北京,所有时段,清河羊坊闸桥,1,1,12
北京,所有时段,清河陈营西桥,1,1,23
北京,所有时段,清河（温榆河公园北）,1,1,4
北京,所有时段,渔阳公园,1,1,5
北京,所有时段,温榆河孙河段,1,1,1
北京,所有时段,温榆河未来科学城段及周边,1,1,26
北京,所有时段,温榆河清河汇合段,1,1,29
北京,所有时段,温榆河边,1,1,1
北京,所有时段,温榆河（金榆桥）,1,1,19
北京,所有时段,温泉村,1,1,12
北京,所有时段,温泉村后山附近拆迁区,1,1,5
北京,所有时段,湖映苍鹭,1,1,2
北京,所有时段,湖门村,1,1,2
北京,所有时段,滨河森林公园,1,1,22
北京,所有时段,滨河路,1,1,10
北京,所有时段,滨角园码头,1,1,5
北京,所有时段,潞堤路与水南北路交叉口,1,1,9
北京,所有时段,潞阳桥,1,1,22
北京,所有时段,潮关村,1,1,13
北京,所有时段,潮河-河西村段,1,1,33
北京,所有时段,潮河河道,1,1,21
北京,所有时段,潮白河公园,1,1,6
北京,所有时段,潮白河大堤路与右堤路交叉口,1,1,5
北京,所有时段,潮白河大桥东向西辅路,1,1,1
北京,所有时段,潮白河大桥西500米,1,1,16
北京,所有时段,潮白河大秦铁路桥下游,1,1,1
北京,所有时段,潮白河沿线,1,1,32
北京,所有时段,潮白河沿线（密云）,1,1,14
北京,所有时段,潮白河潞城镇段,1,1,1
北京,所有时段,潮白河（大宗高尔夫）,1,1,18
北京,所有时段,潮白河（白马路向阳闸桥段）,1,1,12
北京,所有时段,澜西园3区,1,1,10
北京,所有时段,火器营桥,1,1,1
北京,所有时段,火车乐园,1,1,5
北京,所有时段,炭厂村,1,1,9
北京,所有时段,燕东园北区,1,1,1
北京,所有时段,燕化星城,1,1,1
北京,所有时段,燕山公园,1,1,3
北京,所有时段,牛郎峪(北京市密云区),1,1,5
北京,所有时段,玉林东里3区西区,1,1,1
北京,所有时段,玉桥东里幸福艺居,1,1,6
北京,所有时段,玉泉公园影湖楼公园(万安东路),1,1,22
北京,所有时段,玉渊潭公园-樱花园,1,1,1
北京,所有时段,玉渊潭公园-西湖,1,1,21
北京,所有时段,玉渊潭公园下沉花园,1,1,3
北京,所有时段,玉渊潭公园中堤桥,1,1,30
北京,所有时段,玉渊潭公园南门,1,1,29
北京,所有时段,玉渊潭公园西三环电视塔雨水排洪口,1,1,12
北京,所有时段,玉渡山,1,1,9
北京,所有时段,玉渡山小溪(北京市延庆区X019),1,1,2
北京,所有时段,王家窝铺,1,1,8
北京,所有时段,王家窝铺北199米,1,1,5
北京,所有时段,王家窝铺西北81米,1,1,4
北京,所有时段,王平湿地,1,1,18
北京,所有时段,王府井商业街(北京市东城区),1,1,1
北京,所有时段,王锡彤墓园,1,1,10
北京,所有时段,环球影城,1,1,1
北京,所有时段,玲珑公园慈寿寺塔(海淀区玲珑公园内),1,1,7
北京,所有时段,珍珠泉村,1,1,2
北京,所有时段,班各庄,1,1,1
北京,所有时段,琉璃厂文化街(琉璃厂西街),1,1,5
北京,所有时段,瑞旗家园,1,1,1
北京,所有时段,甘家口街道,1,1,2
北京,所有时段,甘涧峪村,1,1,26
北京,所有时段,田府北路,1,1,11
北京,所有时段,畅悦公园,1,1,6
北京,所有时段,白云叠翠公园,1,1,5
北京,所有时段,白云桥,1,1,5
北京,所有时段,白河湾(北京市怀柔区琉璃庙镇白河北村),1,1,3
北京,所有时段,白河湿地公园(白河湿地公园111国道东),1,1,17
北京,所有时段,白洋沟(北京市昌平区),1,1,5
北京,所有时段,白浮泉公园全域(包括大运河源头遗址公园),1,1,37
北京,所有时段,白羊沟自然风景区,1,1,5
北京,所有时段,白草畔,1,1,9
北京,所有时段,白虎头村,1,1,13
北京,所有时段,百合谷,1,1,3
北京,所有时段,百子湾园,1,1,12
北京,所有时段,百旺家苑(东区),1,1,7
北京,所有时段,百旺绿地公园,1,1,5
北京,所有时段,百望以东,1,1,9
北京,所有时段,百望山,1,1,10
北京,所有时段,百望山北门草地广场,1,1,8
北京,所有时段,百望山南部观鸟点,1,1,9
北京,所有时段,百望山森林公园-圣母院,1,1,1
北京,所有时段,百望山森林公园-望乡亭,1,1,1
北京,所有时段,百望山森林公园-红叶观赏区,1,1,5
北京,所有时段,百望山森林公园282监测点和木平台,1,1,21
北京,所有时段,百望山森林公园284步道西北,1,1,10
北京,所有时段,百望山森林公园儿时山林,1,1,5
北京,所有时段,百望山森林公园双井盖平台,1,1,8
北京,所有时段,百望山森林公园天澄湖西,1,1,2
北京,所有时段,百望山森林公园观景平台和282监测点,1,1,23
北京,所有时段,百洋医药科研成果转化基地,1,1,5
北京,所有时段,百瑞谷景区,1,1,3
北京,所有时段,百草杏林,1,1,19
北京,所有时段,百里山水画廊景区,1,1,3
北京,所有时段,皇城根遗址公园,1,1,9
北京,所有时段,皮条沟,1,1,5
北京,所有时段,真武家园,1,1,2
北京,所有时段,石匣(东石路),1,1,10
北京,所有时段,石城镇,1,1,1
北京,所有时段,石峡关长城(不对外开放),1,1,29
北京,所有时段,石峡村,1,1,2
北京,所有时段,石景山区五里坨街道克勤峪,1,1,15
北京,所有时段,石景山区电厂模式口小区东北50米(永引渠南路西),1,1,23
北京,所有时段,石景山区衙门口融景城(景阳东街东),1,1,1
北京,所有时段,石景山区金顶山涵远台,1,1,8
北京,所有时段,石景山区金顶山知秋台,1,1,9
北京,所有时段,石景山南麓停车场(秀池西街北),1,1,5
北京,所有时段,石景山雕塑公园,1,1,7
北京,所有时段,石渠公园,1,1,2
北京,所有时段,石渠公园(北京市海淀区),1,1,24
北京,所有时段,石门东474米,1,1,3
北京,所有时段,石门山景区,1,1,34
北京,所有时段,神山村,1,1,5
北京,所有时段,神牛路南口公交站,1,1,1
北京,所有时段,福海码头,1,1,9
北京,所有时段,稻田水库-废弃河道地铁沿线,1,1,5
北京,所有时段,稻香花海,1,1,8
北京,所有时段,立方·庭,1,1,1
北京,所有时段,童趣亭西北(潮白河绿道),1,1,13
北京,所有时段,紫竹院,1,1,1
北京,所有时段,紫竹院公园南小湖湖心岛,1,1,2
北京,所有时段,红军庄,1,1,6
北京,所有时段,红领巾公园环湖栈道入口,1,1,12
北京,所有时段,绣菊园北区(北京市朝阳区秋实东街),1,1,1
北京,所有时段,绿地·自由港,1,1,14
北京,所有时段,绿堤公园(北京市丰台区宛平城),1,1,14
北京,所有时段,绿心公园上码头,1,1,7
北京,所有时段,绿心路,1,1,1
北京,所有时段,翠云山庄(云岗北环路),1,1,9
北京,所有时段,翠微小区,1,1,2
北京,所有时段,翠鸟谷,1,1,6
北京,所有时段,翰林庭院,1,1,3
北京,所有时段,老君堂公园,1,1,2
北京,所有时段,老山城市休闲公园(北京市石景山区),1,1,33
北京,所有时段,老舍纪念馆,1,1,6
北京,所有时段,联想全球总部,1,1,1
北京,所有时段,舒心垂钓园,1,1,15
北京,所有时段,舞彩浅山滨水国家登山步道(木林镇),1,1,2
北京,所有时段,舞彩浅山风景区,1,1,8
北京,所有时段,航天长峰大楼(永定路),1,1,1
北京,所有时段,船营公园,1,1,7
北京,所有时段,良乡大学城,1,1,2
北京,所有时段,良乡大学城公园,1,1,5
北京,所有时段,花家地北京市园林绿化科学研究院(阜通东大街),1,1,18
北京,所有时段,花梨坎地铁站,1,1,1
北京,所有时段,苇沟村（温榆河孙河段）,1,1,34
北京,所有时段,苏家坨镇,1,1,12
北京,所有时段,苏家坨镇七王坟森林防火检查站,1,1,16
北京,所有时段,苏州街,1,1,1
北京,所有时段,范各庄,1,1,13
北京,所有时段,范各庄村,1,1,20
北京,所有时段,范各庄西桥,1,1,14
北京,所有时段,范崎路,1,1,21
北京,所有时段,草原观光路,1,1,6
北京,所有时段,荒地-门头沟(龙林路),1,1,5
北京,所有时段,莲石湖公园,1,1,3
北京,所有时段,莲花池村,1,1,4
北京,所有时段,莲香园,1,1,5
北京,所有时段,菊源里小区,1,1,9
北京,所有时段,落坡岭站,1,1,3
北京,所有时段,蒲洼乡花台景区,1,1,16
北京,所有时段,蓝靛厂清真寺,1,1,14
北京,所有时段,蜡扦山世纪度假村,1,1,2
北京,所有时段,蟠龙山长城景区-古北口古长城,1,1,6
北京,所有时段,裕陵村,1,1,20
北京,所有时段,西三岔村,1,1,8
北京,所有时段,西三旗公园,1,1,6
北京,所有时段,西三环电视塔雨水排排洪口,1,1,17
北京,所有时段,西下营村(台东路),1,1,2
北京,所有时段,西北旺马连洼(马连洼北路),1,1,1
北京,所有时段,西单,1,1,1
北京,所有时段,西土城遗址公园,1,1,11
北京,所有时段,西坨桥,1,1,16
北京,所有时段,西城区中烟商厦西(手帕口北街东),1,1,1
北京,所有时段,西城区北京动物园金丝猴馆东南50米(月桥西),1,1,13
北京,所有时段,西城区官园官苑8号(东弓匠胡同),1,1,4
北京,所有时段,西城区牛街礼拜寺西北,1,1,6
北京,所有时段,西城区白云观街北里小区(白云观滨河路南),1,1,4
北京,所有时段,西城区西直门金运大厦B座西(文慧桥西),1,1,1
北京,所有时段,西城区钟声社区(钟声胡同东),1,1,1
北京,所有时段,西城区马甸玫瑰园(马甸桥西北300米),1,1,8
北京,所有时段,西局玉璞园,1,1,7
北京,所有时段,西山四棵树,1,1,1
北京,所有时段,西山庭院,1,1,2
北京,所有时段,西山林场打鹰洼瞭望塔,1,1,24
北京,所有时段,西帽山村(北京市怀柔区),1,1,11
北京,所有时段,西斯莱公馆,1,1,1
北京,所有时段,西沟里凤凰坨,1,1,11
北京,所有时段,西海子公园,1,1,7
北京,所有时段,西湖园,1,1,3
北京,所有时段,西玉河,1,1,18
北京,所有时段,西直门桥,1,1,1
北京,所有时段,西红门南桥,1,1,4
北京,所有时段,西红门生态公园风荷园,1,1,1
北京,所有时段,西罗园第二社区19号楼,1,1,2
北京,所有时段,西胡林服务区(京蔚高速蔚县方向),1,1,1
北京,所有时段,西苑交通枢纽,1,1,2
北京,所有时段,西苑饭店,1,1,1
北京,所有时段,西菜园,1,1,23
北京,所有时段,西郊雨洪调蓄工程,1,1,1
北京,所有时段,西集于辛庄,1,1,31
北京,所有时段,西集镇,1,1,24
北京,所有时段,西马坊油菜花,1,1,8
北京,所有时段,观景台-杭州,1,1,9
北京,所有时段,观鸟台,1,1,9
北京,所有时段,角楼,1,1,3
北京,所有时段,角楼映秀公园,1,1,9
北京,所有时段,谭王路,1,1,2
北京,所有时段,豐台區中央民族大學(豐臺校區),1,1,1
北京,所有时段,路县故城遗址公园,1,1,6
北京,所有时段,车道沟公园,1,1,5
北京,所有时段,辉煌假期度假酒店,1,1,18
北京,所有时段,辛庄村,1,1,1
北京,所有时段,运通桥周边,1,1,8
北京,所有时段,近春园遗址,1,1,5
北京,所有时段,远东科技文化园,1,1,1
北京,所有时段,远洋山水北区,1,1,2
北京,所有时段,远洋沁山水上品小区,1,1,1
北京,所有时段,通州公园东园(通燕高速南200米),1,1,16
北京,所有时段,通州区专家公寓(廊坊市卫生学校东方大学城医院东北),1,1,11
北京,所有时段,通州区东定安小学北50米(东西定安路东),1,1,12
北京,所有时段,通州区健龙森体育健身俱乐部北(滨河中路北),1,1,2
北京,所有时段,通州区凉水河大桥至后马营桥,1,1,20
北京,所有时段,通州区北京乐奇马术俱乐部,1,1,26
北京,所有时段,通州区北京康牧生物科技有限公司(漷大路),1,1,1
北京,所有时段,通州区北运河桥东北400米(唐通线北),1,1,9
北京,所有时段,通州区北运河西500米(通清路东),1,1,22
北京,所有时段,通州区台湖镇北小营,1,1,21
北京,所有时段,通州区台湖镇桑园村,1,1,17
北京,所有时段,通州区嘤鸣亭东300米(通怀路东),1,1,25
北京,所有时段,通州区国家大剧院台湖舞美艺术中心南(台湖西路东),1,1,3
北京,所有时段,通州区土桥华远·铭悦好天地(砖厂南二街南),1,1,1
北京,所有时段,通州区城市绿心森林公园(滨河南路北200米),1,1,14
北京,所有时段,通州区城市绿心森林公园东南区游客服务中心南,1,1,23
北京,所有时段,通州区城市绿心森林公园足球活动中心西,1,1,4
北京,所有时段,通州区宋庄北京通州运河苑渡假村北门东200米,1,1,1
北京,所有时段,通州区宋庄镇吴各庄村,1,1,6
北京,所有时段,通州区宋庄镇沙窝,1,1,7
北京,所有时段,通州区张家湾太玉园(张台路北),1,1,7
北京,所有时段,通州区张家湾镇北仪阁村,1,1,15
北京,所有时段,通州区张家湾镇齐善庄村,1,1,19
北京,所有时段,通州区德邑·新时空西400米(日新路南),1,1,3
北京,所有时段,通州区文景街道环球大道路口,1,1,25
北京,所有时段,通州区文景街道田府村,1,1,25
北京,所有时段,通州区月亮湾晓镇北50米(凉水河左堤路南),1,1,18
北京,所有时段,通州区梨园群芳园小区(云景东路东),1,1,2
北京,所有时段,通州区汇天云端产业园东50米(寨草路西),1,1,8
北京,所有时段,通州区漫春园东北门西南50米(果园环岛南),1,1,9
北京,所有时段,通州区漷县镇小马头,1,1,22
北京,所有时段,通州区漷县镇长陵营村,1,1,1
北京,所有时段,通州区潞城镇武窑村,1,1,16
北京,所有时段,通州区燕郊大宗高尔夫俱乐部西南500米(堡东路南),1,1,31
北京,所有时段,通州区绿心森林公园鸟语回廊,1,1,11
北京,所有时段,通州区老马苹果采摘北800米(运河大堤路西),1,1,19
北京,所有时段,通州区西海子公园(东关大道西),1,1,11
北京,所有时段,通州区西海子公园(永顺南街南100米),1,1,11
北京,所有时段,通州区西海子公园东南150米(滨河北路北),1,1,13
北京,所有时段,通州区西集镇于辛庄村,1,1,7
北京,所有时段,通州区路县故城遗址公园(东古城街北),1,1,9
北京,所有时段,通州区运通桥西北沿线,1,1,1
北京,所有时段,通州区马驹桥2号桥南(黄马路北),1,1,9
北京,所有时段,通州区马驹桥湿地公园二期,1,1,4
北京,所有时段,通州区马驹桥镇郭村,1,1,9
北京,所有时段,通州大运河森林公园观景台东(北运河新堤路),1,1,16
北京,所有时段,通州大运河沿线,1,1,6
北京,所有时段,通州张家湾月亮湾小镇凉水河河段,1,1,13
北京,所有时段,通惠河灌渠,1,1,1
北京,所有时段,通惠河灌渠与凉水河交汇处,1,1,21
北京,所有时段,通蕖桥,1,1,10
北京,所有时段,都会华庭,1,1,3
北京,所有时段,都城隍庙后殿,1,1,1
北京,所有时段,都市经典家园,1,1,3
北京,所有时段,醉翁亭,1,1,1
北京,所有时段,采石北路,1,1,1
北京,所有时段,野鸭湖国家湿地公园(康野路),1,1,40
北京,所有时段,金台西路二号院,1,1,5
北京,所有时段,金海湖风景区,1,1,10
北京,所有时段,金牛山公园,1,1,4
北京,所有时段,金牛湖,1,1,6
北京,所有时段,金福湿地公园,1,1,16
北京,所有时段,金茂广场,1,1,26
北京,所有时段,金融街广场-顺城公园,1,1,1
北京,所有时段,金隅国际D座,1,1,7
北京,所有时段,金顶妙峰山,1,1,22
北京,所有时段,银枫秋实景区,1,1,11
北京,所有时段,银枫秋实景区-风行芦苇荡,1,1,26
北京,所有时段,银谷·美泉(平房镇姚家园路林泉街8号),1,1,6
北京,所有时段,锐健体育运动中心西(兴业大街),1,1,1
北京,所有时段,锥石口村,1,1,8
北京,所有时段,镜河,1,1,11
北京,所有时段,长城铁花景区,1,1,16
北京,所有时段,长椿苑公园,1,1,8
北京,所有时段,长辛店街道玉皇庄小区,1,1,4
北京,所有时段,门头沟区,1,1,6
北京,所有时段,门头沟区京西古道景区,1,1,2
北京,所有时段,门头沟区军庄镇克勤峪,1,1,8
北京,所有时段,门头沟区北京天门山国家森林公园,1,1,6
北京,所有时段,门头沟区北京山水依缘度假村南400米,1,1,2
北京,所有时段,门头沟区塔岭沟新桥西400米(京拉线北),1,1,8
北京,所有时段,门头沟区妙峰山玫瑰梯田观景平台(玫瑰园环路北),1,1,6
北京,所有时段,门头沟区妙峰山镇X002(妙峰山玫瑰梯田观景平台),1,1,8
北京,所有时段,门头沟区妙峰山镇东大坨,1,1,13
北京,所有时段,门头沟区妙峰山镇水峪嘴村,1,1,6
北京,所有时段,门头沟区小龙门国家森林公园(G109东),1,1,1
北京,所有时段,门头沟区永定北京双吉制药有限公司东北(石龙西路东),1,1,4
北京,所有时段,门头沟区永定湖公园东北200米(莲石湖西路北),1,1,5
北京,所有时段,门头沟区永定知秋园西300米(莲石湖西路),1,1,9
北京,所有时段,门头沟区永定绿海运动公园(石龙路北),1,1,2
北京,所有时段,门头沟区永定绿海运动公园(石龙路北50米),1,1,3
北京,所有时段,门头沟区清水河南50米(京拉线),1,1,1
北京,所有时段,门头沟区清水镇下清水,1,1,5
北京,所有时段,门头沟区清水镇小龙门林场,1,1,3
北京,所有时段,门头沟区潭柘寺镇G108(松树岭)天门山,1,1,2
北京,所有时段,门头沟区潭柘寺镇北村,1,1,6
北京,所有时段,门头沟区灵山名胜风景区停车场(灵山路西100米),1,1,29
北京,所有时段,门头沟区灵山自然风景区(灵山路北300米),1,1,9
北京,所有时段,门头沟区王平镇九龙山,1,1,5
北京,所有时段,门头沟区王平镇南港村,1,1,9
北京,所有时段,门头沟区韭园酱菜,1,1,3
北京,所有时段,门头沟区龙泉镇丑儿岭,1,1,10
北京,所有时段,门头沟永定天主堂北50米(石龙西路北),1,1,6
北京,所有时段,阜石路第一社区,1,1,1
北京,所有时段,阪泉体育公园,1,1,17
北京,所有时段,阳光星期八公园(北京市海淀区永定路),1,1,7
北京,所有时段,阳台山,1,1,4
北京,所有时段,阳台山路,1,1,12
北京,所有时段,阶台花园,1,1,18
北京,所有时段,陶庄村,1,1,1
北京,所有时段,陶然亭公园北门窑台,1,1,11
北京,所有时段,雁栖河(北京市怀柔区葛各庄路),1,1,11
北京,所有时段,雁栖河杨宋桥至怀河京承高架桥下,1,1,9
北京,所有时段,雁栖湖水上基地皮划艇基地,1,1,6
北京,所有时段,雁栖镇,1,1,14
北京,所有时段,雁河水岸雁栖附近河段,1,1,8
北京,所有时段,霞云岭金水湖景区(北京市房山区),1,1,11
北京,所有时段,青少年户外体育活动营地,1,1,17
北京,所有时段,青白口村口,1,1,2
北京,所有时段,青龙峡,1,1,17
北京,所有时段,青龙湖,1,1,10
北京,所有时段,青龙湖水岸湿地公园,1,1,13
北京,所有时段,韩台村,1,1,10
北京,所有时段,顺义区东郊森林湿地公园,1,1,7
北京,所有时段,顺义区东郊湿地公园(通顺路西),1,1,11
北京,所有时段,顺义区京平潮白河桥南600米(S32南),1,1,5
北京,所有时段,顺义区京平潮白河桥西南500米(京平高速公路南),1,1,21
北京,所有时段,顺义区仁和公园,1,1,7
北京,所有时段,顺义区减河公园左堤路西侧,1,1,1
北京,所有时段,顺义区北京舒驰美德建筑工程有限公司(左堤路西),1,1,7
北京,所有时段,顺义区南彩镇彩丰社区,1,1,20
北京,所有时段,顺义区后沙峪罗马湖公园东200米(天北路东),1,1,13
北京,所有时段,顺义区和园生态园休闲垂钓园北150米(滨河路),1,1,8
北京,所有时段,顺义区李桥小中河(李天路北),1,1,7
北京,所有时段,顺义区李遂镇崇国庄村,1,1,15
北京,所有时段,顺义区汉石桥湿地公园(S224西150米),1,1,65
北京,所有时段,顺义区汉石桥湿地公园(Y275西),1,1,11
北京,所有时段,顺义区滨河公园(右堤路北),1,1,3
北京,所有时段,顺义区滨河公园北400米(左堤辅线南),1,1,8
北京,所有时段,顺义区花博会主题公园(机场北线南路北50米),1,1,8
北京,所有时段,顺义区金茂怡生园酒店(左堤路西300米),1,1,12
北京,所有时段,顺义区马坡镇千亩健身步道森林公园(公园北路南),1,1,19
北京,所有时段,顺义区龙湾城市森林西南150米(高白路南),1,1,18
北京,所有时段,顺义区龙湾屯镇树行村,1,1,7
北京,所有时段,顺义新城滨河公园二区,1,1,24
北京,所有时段,顺义新城滨河森林公园二区停车场西南(左堤路南),1,1,4
北京,所有时段,顺义新城滨河森林公园管理处东400米,1,1,7
北京,所有时段,顺城公园,1,1,5
北京,所有时段,领秀新硅谷D区,1,1,1
北京,所有时段,颐和园(东堤),1,1,23
北京,所有时段,颐和园-东宫门,1,1,3
北京,所有时段,颐和园-柳桥,1,1,1
北京,所有时段,颐和园-藻鉴堂湖,1,1,15
北京,所有时段,颐和园-西堤,1,1,15
北京,所有时段,颐和园团城湖水闸,1,1,21
北京,所有时段,颐和园苏州街,1,1,25
北京,所有时段,颐和园西湖码头附近,1,1,18
北京,所有时段,颐和园西线团城湖及周边,1,1,15
北京,所有时段,颐和园西门附近运水渠,1,1,13
北京,所有时段,颐和园谐趣园,1,1,5
北京,所有时段,颐园餐厅(农业大学西校区店),1,1,4
北京,所有时段,飞达社区,1,1,2
北京,所有时段,飞鸟与鸣虫农场,1,1,10
北京,所有时段,首开知语城(北京市朝阳区南湖中园318),1,1,4
北京,所有时段,首都医科大学附属北京天坛医院,1,1,1
北京,所有时段,首都医科大学附属北京天坛医院教学部,1,1,1
北京,所有时段,首都师范大学(海淀区西三环北路105号),1,1,3
北京,所有时段,首都师范大学北一区,1,1,1
北京,所有时段,首钢园,1,1,2
北京,所有时段,首钢国际大厦,1,1,16
北京,所有时段,香山公园北京香山饭店,1,1,7
北京,所有时段,香山绿色果品观光采摘园,1,1,2
北京,所有时段,香河园公园,1,1,6
北京,所有时段,马场及野鸭湖湿地公园,1,1,47
北京,所有时段,马家湾湿地公园(北京市朝阳区马家湾村),1,1,20
北京,所有时段,马甸公园,1,1,5
北京,所有时段,马草河,1,1,1
北京,所有时段,马草河樊家村段,1,1,1
北京,所有时段,马驹桥湿地公园-一期（支德路南侧）,1,1,17
北京,所有时段,马驹桥湿地公园一期（后堰上村））,1,1,12
北京,所有时段,高井,1,1,1
北京,所有时段,高古庄村,1,1,4
北京,所有时段,高家园,1,1,2
北京,所有时段,高家堡村(北京市大兴区),1,1,2
北京,所有时段,高岭公交站,1,1,4
北京,所有时段,高碑店乡,1,1,3
北京,所有时段,高碑店水库,1,1,5
北京,所有时段,鲁谷街道,1,1,1
北京,所有时段,鲁谷路七十四号院情报所宿舍,1,1,8
北京,所有时段,鸣雁台,1,1,14
北京,所有时段,鸽子市场,1,1,2
北京,所有时段,鸿仪四方,1,1,25
北京,所有时段,鹅和鸭农庄风景区,1,1,16
北京,所有时段,鹭飞台,1,1,4
北京,所有时段,鹰山公园,1,1,7
北京,所有时段,鹿圈桥,1,1,8
北京,所有时段,鹿鸣海,1,1,4
北京,所有时段,麦当劳(方庄南路店),1,1,1
北京,所有时段,黄村公园,1,1,10
北京,所有时段,黄松峪水库,1,1,21
北京,所有时段,黄花城水长城公园,1,1,3
北京,所有时段,黄草洼村,1,1,2
北京,所有时段,黄草湾郊野公园太清观,1,1,8
北京,所有时段,黎各庄,1,1,5
北京,所有时段,黑山寨村西,1,1,16
北京,所有时段,黑陈路,1,1,1
北京,所有时段,鼓楼大街[地铁站],1,1,1
北京,所有时段,龙云山风景区,1,1,3
北京,所有时段,龙云山风景区-鹿皮关长城,1,1,1
北京,所有时段,龙博苑3区,1,1,6
北京,所有时段,龙山口,1,1,20
北京,所有时段,龙庆峡风景区,1,1,4
北京,所有时段,龙泉驾校(冷泉东路校区),1,1,4
北京,所有时段,龙湾屯镇,1,1,2
北京,所有时段,龙潭西湖公园-北门,1,1,17
北京,所有时段,龙王庙,1,1,1
北京,春季,百望山森林公园,266,488,60
北京,春季,乐活中堤,265,481,64
北京,春季,颐和园,242,333,53
北京,春季,国家植物园北园,189,246,48
北京,春季,北京玉渊潭公园,185,355,50
北京,春季,天坛公园,169,253,40
北京,春季,北京天坛公园,163,267,37
北京,春季,奥森北园,150,236,47
北京,春季,北京沙河水库,135,214,100
北京,春季,北京南海子公园,134,180,55
北京,春季,巩华城半岛（北沙河南岸）,125,185,58
北京,春季,奥森南园,117,154,48
北京,春季,昌平新城滨河森林公园巩华城半岛,116,213,55
北京,春季,玉渊潭公园,101,137,56
北京,春季,北京圆明园遗址公园,93,173,57
北京,春季,野鸭湖湿地公园,92,102,83
北京,春季,琉璃河湿地公园,68,75,39
北京,春季,柳荫公园,62,89,35
北京,春季,西郊雨洪调蓄工程/西郊砂石坑,61,68,20
北京,春季,宛平湖大宁水库乐活中堤永定河废弃河道,55,119,68
北京,春季,圆明园遗址公园,55,68,55
北京,春季,北京奥林匹克森林公园南园,53,68,42
北京,春季,奥林匹克森林公园北园,52,106,51
北京,春季,西郊砂石坑公园,52,56,23
北京,春季,元大都遗址公园,48,86,21
北京,春季,沙河水库,47,55,60
北京,春季,北京大学,46,151,54
北京,春季,北京翠湖湿地公园,46,134,65
北京,春季,官厅水库（野鸭湖-康西草原-马场沿线）,45,50,70
北京,春季,百望山森林公园春季猛禽观测点,42,60,39
北京,春季,康西草原马场,41,42,71
北京,春季,北京密云水库,39,44,79
北京,春季,朝阳公园,37,45,44
北京,春季,紫竹院公园,36,53,32
北京,春季,滨河森林公园-沙河水库,36,48,58
北京,春季,沙河北岸,33,42,51
北京,春季,北沙河南岸,32,43,44
北京,春季,大宁水库-乐活中堤（即滞洪水库）-废弃河道,32,42,58
北京,春季,密云区太师屯镇小漕村,32,38,51
北京,春季,北京市密云区朱家湾村清水河,31,35,48
北京,春季,颐和园—团城湖,29,34,35
北京,春季,南海子一期,29,33,50
北京,春季,奥林匹克森林公园南园,28,33,43
北京,春季,北京动物园,27,59,37
北京,春季,官庄公园,27,58,32
北京,春季,密云水库,27,27,91
北京,春季,清华大学,26,50,43
北京,春季,妙峰山森林公园玫瑰谷,25,29,34
北京,春季,太阳宫公园,24,36,21
北京,春季,白浮泉公园,24,35,33
北京,春季,北海公园,24,30,32
北京,春季,门头沟小龙门林场,24,25,54
北京,春季,永定河崖沙燕巢,24,24,15
北京,春季,马场,24,24,64
北京,春季,大运河森林公园,23,27,38
北京,春季,奥林匹克森林公园北园大坑,22,27,45
北京,春季,巩华城半岛,22,27,51
北京,春季,颐和园-西门,22,24,35
北京,春季,顺义新城滨河森林公园二区,22,23,27
北京,春季,妙峰山,22,22,24
北京,春季,沙河水库（北沙河南岸）,21,29,52
北京,春季,汉石桥湿地自然保护区,20,27,109
北京,春季,北京市天坛公园,20,22,33
北京,春季,宣武艺园,19,26,26
北京,春季,国家植物园,19,22,41
北京,春季,马家湾湿地公园,18,59,30
北京,春季,南海子公园,18,21,37
北京,春季,右堤路,18,20,32
北京,春季,野鸭湖国家湿地公园,18,19,72
北京,春季,野鸭湖马场,18,19,81
北京,春季,密云水库不老屯天文台,18,18,28
北京,春季,红领巾公园,17,49,27
北京,春季,东小口森林公园,17,37,38
北京,春季,念坛公园,17,27,39
北京,春季,北京市奥林匹克森林公园,17,22,66
北京,春季,百望山猛禽观测点,17,22,38
北京,春季,北京市通州区北运河,17,18,29
北京,春季,朝阳区望京伯爵城中央公园(阜安西路南),17,18,11
北京,春季,圆明园遗址公园(海淀区清华西路28号),16,17,50
北京,春季,小漕村,16,16,25
北京,春季,沙河水库-北岸,16,16,44
北京,春季,百望山森林公园黑山头,15,20,32
北京,春季,海淀公园,15,18,38
北京,春季,云岗森林公园,14,26,34
北京,春季,西郊砂石坑公园(北京市海淀区),14,17,23
北京,春季,北京海淀玉渊潭公园,14,16,26
北京,春季,望京伯爵城中央公园,14,16,15
北京,春季,北庄镇,14,15,31
北京,春季,延庆区野鸭湖国家湿地公园(康野路西),14,15,66
北京,春季,昌平新城滨河森林公园,14,15,33
北京,春季,玉渊谭公园,14,15,29
北京,春季,十渡,14,14,31
北京,春季,密云清水河,14,14,28
北京,春季,北京市丰台区绿堤公园宛平湖,13,16,44
北京,春季,宛平湖,13,16,32
北京,春季,房山区乐活中堤南100米,13,16,51
北京,春季,海淀区百望山森林公园猛禽监测春季点,13,16,19
北京,春季,北京市东城区天坛公园,13,15,31
北京,春季,北京西山国家森林公园,13,14,17
北京,春季,顺义区仁和镇光明街道,13,14,28
北京,春季,凤港减河,12,28,53
北京,春季,北京园博园,12,21,53
北京,春季,沙河水库北岸,12,14,55
北京,春季,南海子二期东南,12,13,36
北京,春季,城市绿心森林公园,12,13,31
北京,春季,沙河昌平新城滨河森林公园,12,13,41
北京,春季,百望山森林公园春季猛禽监测点,12,13,38
北京,春季,马场和野鸭湖国家湿地公园,12,13,61
北京,春季,东灵山,12,12,41
北京,春季,南海子二期,12,12,27
北京,春季,奥林匹克森林公园（奥森）南园,12,12,35
北京,春季,奥森公园南园,12,12,31
北京,春季,密云北庄清水河(密云区芦北公路南50米),12,12,27
北京,春季,将府公园,11,25,42
北京,春季,天坛公园科普园,11,15,24
北京,春季,海淀区百望山森林公园春季猛禽监测点,11,13,31
北京,春季,北京市国家植物园,11,12,44
北京,春季,朝阳区奥运村奥林匹克森林公园(清河路南300米),11,12,53
北京,春季,奥林匹克森林公园南园(北京市朝阳区),11,11,53
北京,春季,密云区不老屯镇学各庄村,11,11,27
北京,春季,小漕村外崖壁及潮河沿岸,11,11,38
北京,春季,翠湖国家城市湿地公园,11,11,52
北京,春季,龙潭中湖,10,18,26
北京,春季,潮白河-云蒙大桥至学府西桥段,10,15,31
北京,春季,沙河昌平新城滨河森林公园(巩华城半岛外周边),10,12,45
北京,春季,香山公园,10,12,26
北京,春季,密云区太师屯镇泉河,10,11,18
北京,春季,玉渊潭 公园,10,11,19
北京,春季,奥林匹克森林公园（北园）,10,10,36
北京,春季,官厅水库,10,10,81
北京,春季,沿河城,10,10,20
北京,春季,虎峪自然风景区,10,10,25
北京,春季,沮沟桥,9,27,37
北京,春季,龙潭西湖公园,9,25,35
北京,春季,陶然亭公园,9,15,28
北京,春季,东郊湿地公园,9,14,39
北京,春季,沙河,9,13,39
北京,春季,沙河湿地公园,9,13,18
北京,春季,雁栖湖,9,12,23
北京,春季,奥森北园+南园,9,11,51
北京,春季,北京市大兴区南海子公园,9,10,26
北京,春季,天坛公园(北京市东城区天坛东路甲1号),9,10,25
北京,春季,灵山自然风景区,9,10,50
北京,春季,什刹海西海湿地公园,9,9,18
北京,春季,北京奥森公园,9,9,38
北京,春季,宛平湖-大宁水库,9,9,48
北京,春季,牛口峪湿地公园,9,9,30
北京,春季,颐和园(团城湖区域),9,9,24
北京,春季,颐和园-团城湖,9,9,34
北京,春季,房山新城滨水森林公园,8,32,31
北京,春季,日坛公园(北京市朝阳区日坛北路6号),8,30,21
北京,春季,南苑森林湿地公园,8,12,35
北京,春季,日坛公园,8,12,15
北京,春季,萧太后河（田家府段）,8,12,40
北京,春季,沙河水库南岸沿线,8,11,47
北京,春季,玉渊潭公园东湖东岸,8,11,18
北京,春季,东城区 柳荫公园,8,10,22
北京,春季,未来科学城滨水公园,8,10,39
北京,春季,故宫博物院,8,9,15
北京,春季,顺义潮白河滨河森林公园,8,9,22
北京,春季,中山公园,8,8,15
北京,春季,绿堤公园,8,8,41
北京,春季,辛庄桥,8,8,34
北京,春季,青白口桥,8,8,10
北京,春季,中国科学院大学雁栖湖校区西区,7,36,31
北京,春季,元大都城垣遗址公园,7,10,15
北京,春季,全国农业展览馆（农展馆）,7,10,30
北京,春季,农展馆,7,10,33
北京,春季,颐和园-昆明湖团城湖,7,10,43
北京,春季,百望山森林公园猛禽监测春季点,7,9,31
北京,春季,北京大学鸣鹤园,7,8,33
北京,春季,北沙河,7,8,37
北京,春季,西郊沙石坑,7,8,16
北京,春季,颐和园团城湖,7,8,28
北京,春季,云蒙大桥,7,7,22
北京,春季,北京市北京市海淀区玉渊潭公园,7,7,23
北京,春季,北京市清河管理处下清河闸管理站,7,7,13
北京,春季,北京市百望山森林公园,7,7,30
北京,春季,天坛公园-祈年殿,7,7,14
北京,春季,天坛公园-科普园,7,7,21
北京,春季,天坛苗圃,7,7,23
北京,春季,宋庄蓄滞洪区二期,7,7,21
北京,春季,朝阳区元大都遗址公园,7,7,19
北京,春季,水峪嘴村,7,7,13
北京,春季,潮白河,7,7,43
北京,春季,上庄镇西马坊村,6,22,41
北京,春季,月坛公园,6,10,18
北京,春季,海淀区玉东园(颐和园西门路北150米),6,10,28
北京,春季,西郊砂石坑,6,10,28
北京,春季,北京市玉渊潭公园,6,9,41
北京,春季,大运河森林公园-月岛闻莺景区,6,9,54
北京,春季,国家植物园南园,6,8,18
北京,春季,临波中路与运粮引河路交叉口,6,7,40
北京,春季,凉水河丰台段,6,7,19
北京,春季,北京温榆河公园-东园,6,7,19
北京,春季,南海子公园雁影海,6,7,26
北京,春季,宋庄蓄滞洪公园,6,7,25
北京,春季,崇青水库,6,7,48
北京,春季,北京朝阳公园,6,6,33
北京,春季,北京植物园(北京市海淀区香山路),6,6,33
北京,春季,北京莲花池公园,6,6,14
北京,春季,圆明园,6,6,24
北京,春季,大兴区瀛海镇四义庄,6,6,14
北京,春季,天坛,6,6,30
北京,春季,奥林匹克森林公园,6,6,52
北京,春季,密云水库大小曹村库滨带,6,6,34
北京,春季,幽州大峡谷(北京市门头沟区沿河城附近),6,6,24
北京,春季,房山区北京银泰鸿业高尔夫俱乐部,6,6,16
北京,春季,房山大石河,6,6,26
北京,春季,汉石桥湿地公园,6,6,35
北京,春季,沙河水库南沙河,6,6,38
北京,春季,潮白河大桥,6,6,31
北京,春季,萧太后河,6,6,42
北京,春季,通州区西集镇苏庄村,6,6,25
北京,春季,门头沟沿河城,6,6,39
北京,春季,顺义滨河森林公园,6,6,37
北京,春季,黑山头,6,6,21
北京,春季,龙潭中湖公园,6,6,13
北京,春季,三星庄后河,5,20,35
北京,春季,北土城东路元大都遗址公园,5,16,24
北京,春季,北沙河及巩华城半岛,5,9,30
北京,春季,昌平十三陵水库,5,9,58
北京,春季,中国科学院大学(雁栖湖校区),5,8,22
北京,春季,北京市通州区北运河榆林庄至杨洼闸段,5,8,29
北京,春季,海淀区玉渊潭公园,5,8,33
北京,春季,西城区北京动物园畅观楼(五塔寺路南),5,8,21
北京,春季,龙潭公园,5,8,28
北京,春季,中关村森林公园,5,7,27
北京,春季,北京奥林匹克公园,5,7,45
北京,春季,东城区柳荫公园(黄寺大街东),5,6,15
北京,春季,中国科学院大学雁栖湖校区,5,6,22
北京,春季,北京市东城区天坛公园-生态科普园,5,6,11
北京,春季,北京快乐假日大酒店后山,5,6,10
北京,春季,北京颐和园,5,6,20
北京,春季,北坞公园,5,6,40
北京,春季,南海子麋鹿苑,5,6,38
北京,春季,宋庄蓄滞洪区-二期,5,6,25
北京,春季,巩华城沙河,5,6,34
北京,春季,昌平区沙河翠明湖,5,6,33
北京,春季,玉渊潭公园-l,5,6,35
北京,春季,东升八家郊野公园,5,5,30
北京,春季,东城区天坛公园(天坛路南150米),5,5,13
北京,春季,东城区柳荫公园(青年湖北街西200米),5,5,38
北京,春季,东大坨(玫瑰园环路),5,5,21
北京,春季,北京动物园园内,5,5,15
北京,春季,北京市大兴区南海子公园一期,5,5,37
北京,春季,北京市海淀区北京植物园,5,5,31
北京,春季,北京永定河废弃河道,5,5,54
北京,春季,北京野鸭湖湿地公园,5,5,75
北京,春季,南海子公园(北京市大兴区),5,5,39
北京,春季,大兴区南海子公园南海子牡丹园西(公园南环路北),5,5,27
北京,春季,天坛公园科普园附近,5,5,17
北京,春季,奥林匹克森林公园北园-西门,5,5,43
北京,春季,奥林匹克森林公园北园西门,5,5,30
北京,春季,妙峰山玫瑰梯田观景平台,5,5,15
北京,春季,密云区北庄镇朱家湾村,5,5,24
北京,春季,密云水库周边,5,5,46
北京,春季,昌平区沙河巩华城地铁站东北150米,5,5,33
北京,春季,景山公园,5,5,13
北京,春季,朝阳区朝阳公园(野鸭岛),5,5,13
北京,春季,朱家湾村,5,5,21
北京,春季,桃峪口水库,5,5,20
北京,春季,沙河昌平新城滨河森林公园西,5,5,37
北京,春季,温榆河朝阳段,5,5,42
北京,春季,百望山森林公园(海淀区黑山扈北口19号),5,5,33
北京,春季,神堂峪风景区,5,5,23
北京,春季,紫竹院公园(海淀区中关村南大街35号),5,5,21
北京,春季,苏庄村,5,5,17
北京,春季,顺义新城滨河森林公园,5,5,26
北京,春季,顺义新城滨河森林公园森林游憩园(顺义区),5,5,41
北京,春季,中国科学院大学（雁栖湖）,4,25,33
北京,春季,大兴区南海子公园二期,4,13,46
北京,春季,老山城市休闲公园,4,12,19
北京,春季,中国传媒大学,4,9,12
北京,春季,上庄水库(北京市海淀区),4,8,40
北京,春季,中国人民大学,4,8,11
北京,春季,北京建筑大学,4,8,14
北京,春季,庄怡公园,4,7,13
北京,春季,海墙坡,4,7,31
北京,春季,玉东郊野公园,4,7,37
北京,春季,首都经济贸易大学(花乡张家路口121号),4,7,9
北京,春季,东小口城市休闲公园(北京市昌平区),4,6,26
北京,春季,中国农业大学西校区,4,6,6
北京,春季,全国农业展览馆,4,6,27
北京,春季,北京翠湖湿地公园(北京市海淀区),4,6,66
北京,春季,北京市昌平区沙河水库,4,5,78
北京,春季,北京师范大学(海淀校园),4,5,32
北京,春季,北京昌平区沙河水库南岸,4,5,34
北京,春季,北京林业大学,4,5,8
北京,春季,北京航空航天大学(沙河校区),4,5,10
北京,春季,北沙河北岸,4,5,14
北京,春季,南海子公园二期,4,5,26
北京,春季,天坛公园北天门东北,4,5,20
北京,春季,常乐村(北京市海淀区),4,5,26
北京,春季,怀柔水库,4,5,31
北京,春季,昌平区白浮泉公园(白浮泉路北300米),4,5,44
北京,春季,永定公园,4,5,23
北京,春季,沙子营闸,4,5,30
北京,春季,清河之洲,4,5,19
北京,春季,元大都城垣遗址公园(安贞西里小区北)大都建典,4,4,16
北京,春季,北京奥林匹克公园叠水花台,4,4,22
北京,春季,北京市朝阳区望和公园-北园,4,4,23
北京,春季,北京植物园-树木区,4,4,21
北京,春季,北京温榆河公园-西园,4,4,6
北京,春季,北天堂公园,4,4,9
北京,春季,国家植物园北园和南园,4,4,22
北京,春季,国家植物园北园（原北京植物园）,4,4,31
北京,春季,圆明园绮春园景区,4,4,32
北京,春季,地坛公园,4,4,14
北京,春季,大兴区南海子公园(公园南环路北400米),4,4,45
北京,春季,天坛公园西门林地,4,4,15
北京,春季,妙峰山玫瑰园（阳台山东大坨）,4,4,16
北京,春季,宛平湖西岸,4,4,36
北京,春季,密云区太师屯村,4,4,16
北京,春季,小龙门牛郎峪,4,4,21
北京,春季,幽州大峡谷,4,4,24
北京,春季,房山区长阳镇大宁村,4,4,22
北京,春季,房山区长阳镇大宁水库,4,4,32
北京,春季,昌平区沙河园林圣懋M号楼南300米,4,4,19
北京,春季,昌平巩华城半岛北沙河南岸沿线,4,4,34
北京,春季,望京中央公园,4,4,6
北京,春季,朝阳区奥运村奥林匹克森林公园(天辰路西),4,4,38
北京,春季,榆林庄闸上游200米,4,4,18
北京,春季,沙河昌平新城滨河森林公园北100米,4,4,39
北京,春季,沙河昌平新城滨河森林公园游客服务中心西150米,4,4,37
北京,春季,沙河水库及周边,4,4,25
北京,春季,海子(北京市大兴区),4,4,18
北京,春季,海淀区颐和园团城湖及附近,4,4,35
北京,春季,清水河太师屯高速桥以下段,4,4,34
北京,春季,清河南镇至下清河水闸东边河道,4,4,17
北京,春季,清河大桥东侧河段,4,4,7
北京,春季,温榆河孙河乡,4,4,20
北京,春季,百望山森林公园秋季点和黑山头观景平台,4,4,33
北京,春季,百望山黑山头,4,4,21
北京,春季,百花山保护区,4,4,31
北京,春季,绿堤公园（宛平湖）,4,4,18
北京,春季,营房村,4,4,9
北京,春季,辛庄桥潮河河道,4,4,15
北京,春季,通州区张家湾镇沙古堆村,4,4,21
北京,春季,顺义区潮白河大桥以北(白马路北),4,4,63
北京,春季,颐和园-十七孔桥,4,4,17
北京,春季,颐和园公园,4,4,32
北京,春季,麋鹿苑,4,4,30
北京,春季,北京环球度假区,3,53,36
北京,春季,北京大学医学部,3,33,21
北京,春季,四得公园(北京市朝阳区将台西路9号),3,28,23
北京,春季,旺景公园,3,25,14
北京,春季,海淀区上庄镇东马坊村,3,19,41
北京,春季,北科建水岸雁栖,3,18,47
北京,春季,马驹桥湿地公园-一期,3,16,35
北京,春季,北京朝来森林公园,3,14,27
北京,春季,北长河,3,13,41
北京,春季,齐物潭,3,13,19
北京,春季,中国人民大学附属中学（人大附中本部）,3,11,15
北京,春季,沙河水库西岸,3,10,47
北京,春季,清河之源,3,10,20
北京,春季,天宁寺桥,3,9,18
北京,春季,水衙沟万丰公园,3,9,20
北京,春季,北京大学镜春园,3,8,29
北京,春季,大宗高尔夫,3,8,58
北京,春季,北京教学植物园,3,7,25
北京,春季,御康公园,3,7,22
北京,春季,怀柔城市森林公园,3,7,26
北京,春季,转河小憩园,3,6,17
北京,春季,罗马湖公园,3,5,26
北京,春季,首钢园-群明湖,3,5,15
北京,春季,京城森林公园(北京市朝阳区),3,4,20
北京,春季,何里栖地公园,3,4,13
北京,春季,北京工业大学,3,4,16
北京,春季,北京市海淀区翠湖国家城市湿地公园,3,4,28
北京,春季,北京市顺义区潮白河森林公园,3,4,9
北京,春季,北京快乐假日大酒店,3,4,20
北京,春季,北京林业大学林之心,3,4,20
北京,春季,北京理工大学,3,4,12
北京,春季,密云清水河+潮河,3,4,16
北京,春季,怀柔区北京喇叭沟原始森林公园,3,4,22
北京,春季,房山新城滨水森林公园湿地展示区,3,4,34
北京,春季,新首钢大桥,3,4,24
北京,春季,昌平巩华城新城滨河森林公园及周边,3,4,41
北京,春季,昌平滨河森林公园,3,4,34
北京,春季,朝阳区庆丰公园,3,4,9
北京,春季,未来科学城滨水公园(北京市昌平区),3,4,28
北京,春季,白马路潮白河,3,4,49
北京,春季,通州区文景街道,3,4,29
北京,春季,不老屯天文台,3,3,17
北京,春季,东城区天坛公园(天坛路南300米),3,3,15
北京,春季,东城区天坛公园科普园(天坛路南),3,3,25
北京,春季,东城区龙潭公园,3,3,15
北京,春季,两山公园,3,3,38
北京,春季,中国科学院大学(玉泉路校区),3,3,5
北京,春季,中国科学院大学两弹一星路/国科北路路口北侧（雀鹰路口）,3,3,15
北京,春季,中国科学院大学两弹一星路拐弯处（北红拐角）,3,3,18
北京,春季,元大都城垣遗址公园东土城沟,3,3,20
北京,春季,兴隆公园,3,3,23
北京,春季,北京人定湖公园,3,3,16
北京,春季,北京北海公园,3,3,21
北京,春季,北京市密云区朱家湾密羽步道,3,3,17
北京,春季,北京市朝阳公园,3,3,24
北京,春季,北京市朝阳区兴隆公园,3,3,11
北京,春季,北京市莲花池公园,3,3,17
北京,春季,北京植物园科普馆,3,3,21
北京,春季,北京百望山森林公园,3,3,27
北京,春季,北小河公园,3,3,15
北京,春季,北极寺公园,3,3,16
北京,春季,北植,3,3,24
北京,春季,北辰绿色中央公园,3,3,8
北京,春季,北运河通州段,3,3,18
北京,春季,千灵山,3,3,26
北京,春季,南沙河,3,3,49
北京,春季,南海子公园二期西湖,3,3,32
北京,春季,四义庄,3,3,9
北京,春季,国家天文台密云站,3,3,18
北京,春季,国家植物园北园-东南门,3,3,22
北京,春季,大兴区西北永定河畔,3,3,12
北京,春季,大宁水库-乐活中堤-永定河道,3,3,33
北京,春季,大望京公园,3,3,14
北京,春季,大运河森林公园-西7门,3,3,32
北京,春季,奥森奥森南园,3,3,30
北京,春季,妫水河森林公园,3,3,9
北京,春季,学各庄村,3,3,36
北京,春季,宛平湖晓月湖,3,3,31
北京,春季,密云区实验林场东600米,3,3,38
北京,春季,密云区高岭镇人民政府(高岭村政府路8号),3,3,13
北京,春季,小龙门,3,3,23
北京,春季,小龙门森林公园,3,3,35
北京,春季,巩华城,3,3,8
北京,春季,巩华城滨河森林公园及半岛周边,3,3,48
北京,春季,广阳谷城市森林公园,3,3,13
北京,春季,延庆区野鸭湖国家湿地公园(康野路),3,3,68
北京,春季,戒台寺,3,3,25
北京,春季,房山区佛子庄乡教军场,3,3,10
北京,春季,房山区稻田水库,3,3,20
北京,春季,昌平区沙河尚湖世家东区小区南300米(环城北路),3,3,15
北京,春季,昌平新城滨河北,3,3,19
北京,春季,暖泉会村,3,3,22
北京,春季,朝阳区南磨房官庄公园(广渠东路南300米),3,3,16
北京,春季,朝阳区奥运村奥林匹克森林公园(北五环北200米),3,3,33
北京,春季,朝阳区奥运村奥林匹克森林公园(奥林西路东400米),3,3,5
北京,春季,朱家湾,3,3,34
北京,春季,朱家湾村(北朱路),3,3,40
北京,春季,朱家湾清水河,3,3,13
北京,春季,榆林庄东闸桥,3,3,19
北京,春季,榆林庄闸管理站,3,3,14
北京,春季,沙河南岸,3,3,17
北京,春季,沙河巩华城半岛周边,3,3,20
北京,春季,沙河昌平新城滨河森林公园东北100米,3,3,35
北京,春季,沙河水库南岸,3,3,21
北京,春季,沙河水库及北沙河岸边,3,3,28
北京,春季,沙河水库闸南侧,3,3,22
北京,春季,海淀区北京市城市河湖管理处清河闸管理站,3,3,11
北京,春季,海淀区西湖西200米(颐和园西门路东),3,3,23
北京,春季,清华大学主楼北侧林地,3,3,14
北京,春季,温榆河孙河河段,3,3,22
北京,春季,温榆河左堤路沿河绿道,3,3,24
北京,春季,潞城镇夏店,3,3,24
北京,春季,潮汇大桥,3,3,20
北京,春季,牛口峪水库,3,3,30
北京,春季,百望山森林公园-观景平台,3,3,16
北京,春季,百望山森林公园猛禽监测点,3,3,12
北京,春季,百望山森林公园秋季猛禽监测点,3,3,28
北京,春季,百望山森林公园黑山头木平台,3,3,33
北京,春季,百望山猛禽点,3,3,27
北京,春季,砂石坑,3,3,18
北京,春季,翠湖湿地公园,3,3,45
北京,春季,蟒山国家森林公园,3,3,25
北京,春季,西郊蓄水工程-砂石坑,3,3,15
北京,春季,通州区凤港减河,3,3,25
北京,春季,通州区城市绿心森林公园(通怀路西200米),3,3,18
北京,春季,通州大运河森林公园,3,3,27
北京,春季,通明湖公园,3,3,24
北京,春季,野鸭湖，马场,3,3,77
北京,春季,银山塔林风景区,3,3,16
北京,春季,门头沟区龙门涧风景区南600米(双大路),3,3,11
北京,春季,门头沟山区,3,3,16
北京,春季,青龙湖公园,3,3,37
北京,春季,顺义区京承潮白河桥南300米(左堤路北),3,3,4
北京,春季,马家湾湿地公园附近,3,3,19
北京,春季,鸿博公园,3,3,34
北京,春季,黑山寨村(北京市昌平区),3,3,15
北京,春季,龙潭湖公园,3,3,14
北京,春季,中国农业大学(西校区),2,36,18
北京,春季,北京师范大学附属实验中学,2,20,13
北京,春季,松香湖,2,19,19
北京,春季,树村郊野公园,2,16,22
北京,春季,东郊森林公园华北树木园(北京市通州区),2,14,28
北京,春季,万丰公园,2,13,22
北京,春季,分钟寺,2,12,20
北京,春季,恒通商务园,2,12,11
北京,春季,崔家窑,2,11,25
北京,春季,百望山佘太君庙,2,11,16
北京,春季,中国地质大学(北京),2,10,10
北京,春季,南长河公园,2,10,20
北京,春季,海淀区北坞公园(金河路南),2,10,44
北京,春季,漕运码头,2,10,25
北京,春季,北京大学附属中学,2,9,8
北京,春季,奥森北园河西,2,8,42
北京,春季,减河公园,2,7,5
北京,春季,北京师范大学,2,7,16
北京,春季,奥森北园河东,2,7,35
北京,春季,中国空间技术研究院东北,2,6,1
北京,春季,京郊大地庄园,2,6,20
北京,春季,望京公园,2,6,11
北京,春季,中国科学院大学雁栖湖校区(东校区),2,5,16
北京,春季,亦庄通明湖公园,2,5,18
北京,春季,北京交通大学,2,5,8
北京,春季,国家图书馆,2,5,15
北京,春季,奥林匹克森林公园北园(北京市朝阳区),2,5,15
北京,春季,定慧公园,2,5,11
北京,春季,通州区东郊森林湿地公园,2,5,32
北京,春季,通州区大宗高尔夫俱乐部东南300米,2,5,28
北京,春季,中国科学院古脊椎动物与古人类研究所(西直门外大街辅路),2,4,6
北京,春季,五里桥公园,2,4,21
北京,春季,北京大学肖家河教工住宅(北京市海淀区),2,4,18
北京,春季,北京明城墙遗址公园,2,4,12
北京,春季,奥林匹克森林公园北园北门大坑,2,4,29
北京,春季,昌平区沙河水库北岸,2,4,42
北京,春季,沙河尚湖世家东区小区南(环城北路),2,4,29
北京,春季,百望山望京楼,2,4,29
北京,春季,西城区宣武艺园(槐柏树街南),2,4,12
北京,春季,首都师范大学(良乡校区),2,4,11
北京,春季,中关村软件园,2,3,14
北京,春季,中国农业大学东校区,2,3,5
北京,春季,中国现代文学馆,2,3,6
北京,春季,北京大观园,2,3,10
北京,春季,北京市三帆中学北京师大二附中初中部,2,3,1
北京,春季,北方工业大学,2,3,1
北京,春季,土城沟水系,2,3,10
北京,春季,官地村,2,3,10
北京,春季,平谷区泃河洳河交汇地,2,3,57
北京,春季,沙河水库周边地区,2,3,20
北京,春季,沙河镇,2,3,19
北京,春季,温榆河,2,3,42
北京,春季,玲珑公园,2,3,10
北京,春季,稻香湖公园,2,3,33
北京,春季,绿堤公园(北京市丰台区永定河畔),2,3,30
北京,春季,绿堤郊野公园,2,3,29
北京,春季,贺新公园,2,3,26
北京,春季,通州三教庙-燃灯佛舍利塔,2,3,10
北京,春季,通州区北京小海字健身训练营东南100米(张凤路东),2,3,31
北京,春季,长城脚下的公社(北京市延庆区),2,3,15
北京,春季,长阳镇,2,3,19
北京,春季,顺义区汉石桥湿地公园(S224西200米),2,3,14
北京,春季,颐和园西堤,2,3,17
北京,春季,麋鹿苑北京市大兴区,2,3,31
北京,春季,3W咖啡(北京大学店),2,2,2
北京,春季,三里河湿地公园,2,2,20
北京,春季,下东路,2,2,14
北京,春季,东坝郊野公园,2,2,16
北京,春季,东城区北新桥雍和宫地铁站(雍和宫大街),2,2,5
北京,春季,东城区天坛公园双环万寿亭西北200米(天坛路南),2,2,7
北京,春季,东埠头沟公园,2,2,18
北京,春季,东埠头沟公园南侧区域,2,2,15
北京,春季,东直门桥,2,2,5
北京,春季,中国科学院植物研究所北京植物园,2,2,31
北京,春季,丰台区绿堤公园西南100米(X002南),2,2,24
北京,春季,丰台大兴永定河沿岸,2,2,22
北京,春季,于辛庄村,2,2,36
北京,春季,亦庄国际企业文化园(西园),2,2,11
北京,春季,亦庄新城滨河森林公园(亦庄滨河森林公园),2,2,22
北京,春季,什刹海公园,2,2,7
北京,春季,元大都城墙遗址公园,2,2,13
北京,春季,全国青少年户外体育活动营地,2,2,39
北京,春季,农展馆二号馆东,2,2,11
北京,春季,农展馆后湖,2,2,14
北京,春季,前门,2,2,4
北京,春季,北京农学院,2,2,2
北京,春季,北京动物园-水禽湖,2,2,20
北京,春季,北京动物园水禽湖观鸟点,2,2,2
北京,春季,北京大学荷花池（中水池）,2,2,9
北京,春季,北京大觉寺,2,2,3
北京,春季,北京奥林匹克公园-叠水花台,2,2,1
北京,春季,北京市北京市东城区天坛公园-西门,2,2,25
北京,春季,北京市房山区大石河,2,2,26
北京,春季,北京市植物园北园,2,2,20
北京,春季,北京市海淀区阜成路南5号,2,2,15
北京,春季,北京市海淀百望山森林公园-溢水亭,2,2,13
北京,春季,北京市通州区X022(老通胡南路),2,2,38
北京,春季,北京昌平沙河大坝,2,2,23
北京,春季,北京植物园,2,2,37
北京,春季,北京百花山社,2,2,6
北京,春季,北京美如画客栈,2,2,1
北京,春季,北京航空航天大学,2,2,7
北京,春季,北京野生动物救护繁育中心,2,2,12
北京,春季,北京陶然亭公园,2,2,12
北京,春季,北京首都国际机场T3航站楼,2,2,1
北京,春季,北京鹫峰国家森林公园,2,2,12
北京,春季,北宫国家森林公园,2,2,21
北京,春季,北辰中心花园小微湿地,2,2,8
北京,春季,北运河,2,2,21
北京,春季,北运河东公园,2,2,14
北京,春季,千河口村(北京市房山区),2,2,5
北京,春季,南庄水库,2,2,10
北京,春季,南海子公园一期,2,2,35
北京,春季,南海子公园观景台西南,2,2,24
北京,春季,南海子公园鹿鸣海,2,2,19
北京,春季,卢沟桥南-乐活中堤 永定河湿地,2,2,28
北京,春季,古北水镇,2,2,13
北京,春季,哥伦比亚大使馆,2,2,8
北京,春季,四渡河村(渤三路),2,2,16
北京,春季,团城湖,2,2,9
北京,春季,国家大剧院,2,2,13
北京,春季,国家植物园中国科学院植物研究所北门,2,2,5
北京,春季,国科大雁栖湖校区,2,2,2
北京,春季,圆明园福海至藻园门,2,2,27
北京,春季,圆明园黑天鹅观赏区(北京市海淀区),2,2,13
北京,春季,大兴区京雄高速出口(五环路方向)西南400米,2,2,6
北京,春季,大兴区南海子公园(公园南环路北200米),2,2,4
北京,春季,大兴区南海子公园一期),2,2,32
北京,春季,大兴区永定河大桥西南200米(京良路南),2,2,5
北京,春季,大小黄岩河,2,2,4
北京,春季,大岭沟猕猴桃谷景区,2,2,17
北京,春季,大运河森林公园武窑桥西北,2,2,4
北京,春季,天坛公园科普园至西门,2,2,15
北京,春季,奥林匹克森林公园(北京市朝阳区安立路),2,2,35
北京,春季,奥林匹克森林公园-北园,2,2,37
北京,春季,奥林匹克森林公园（奥森）全域,2,2,25
北京,春季,奥森,2,2,28
北京,春季,奥森南园西线,2,2,21
北京,春季,妙峰山玫瑰园,2,2,14
北京,春季,密云区北庄镇石门,2,2,7
北京,春季,密云区清水河,2,2,20
北京,春季,密云水库不老屯库滨带,2,2,13
北京,春季,密云水库清水河口,2,2,14
北京,春季,小清河,2,2,9
北京,春季,小清河岸,2,2,17
北京,春季,小马头(北京市通州区),2,2,25
北京,春季,小龙门南沟,2,2,17
北京,春季,小龙门国家级森林公园,2,2,20
北京,春季,局里村,2,2,34
北京,春季,山憩水畔露营基地,2,2,38
北京,春季,巩华城新城滨河森林公园,2,2,42
北京,春季,平谷区泃河杨各庄村段,2,2,19
北京,春季,平谷区西峪水库,2,2,38
北京,春季,延庆区康庄镇S217(大岛),2,2,13
北京,春季,延庆区永宁镇金牛山,2,2,21
北京,春季,延庆妫河森林公园,2,2,28
北京,春季,延庆妫河永宁段,2,2,12
北京,春季,延庆野鸭湖,2,2,31
北京,春季,念坛公园漪柳微香西南,2,2,26
北京,春季,怀沙河-红军庄村-水德广场（怀柔水库附近）,2,2,26
北京,春季,慕田峪长城国家级旅游景区,2,2,13
北京,春季,房山区牛口峪水库,2,2,19
北京,春季,房山区长阳镇,2,2,23
北京,春季,房山区长阳镇大宁水库东岸南段（右堤路西）,2,2,33
北京,春季,拒马河十渡,2,2,30
北京,春季,旧宫城市森林公园,2,2,17
北京,春季,昌平区北沙河东200米,2,2,51
北京,春季,昌平区回龙观龙锦苑4区(龙锦二街南150米),2,2,1
北京,春季,昌平区延寿镇燕山,2,2,16
北京,春季,昌平区延寿镇黑山寨村,2,2,11
北京,春季,昌平区沙河北京快乐犬业繁殖基地南(42公里绿道南),2,2,20
北京,春季,昌平区沙河园林圣懋小区南300米(42公里绿道南),2,2,21
北京,春季,昌平区沙河园林圣懋小区西南(42公里绿道南),2,2,20
北京,春季,昌平区沙河巩华城地铁站东200米,2,2,36
北京,春季,昌平区沙河巩华城地铁站东50米,2,2,24
北京,春季,昌平区沙河水岸庄园南400米,2,2,21
北京,春季,昌平区滨河公园,2,2,8
北京,春季,昌平巩华城半岛周边,2,2,16
北京,春季,昌平新城滨河森林公园(北京市昌平区),2,2,23
北京,春季,昌平新城滨河森林公园-休息区,2,2,19
北京,春季,昌赤路,2,2,20
北京,春季,晓月湖,2,2,11
北京,春季,朝阳区北京温榆河公园蒹葭照水北100米(滨河路东),2,2,6
北京,春季,朝阳区南磨房官庄公园(官庄路东150米),2,2,17
北京,春季,朝阳区太阳宫公园(太阳宫北街北),2,2,15
北京,春季,朝阳区奥运村北京奥林匹克公园(天辰东路东),2,2,27
北京,春季,朝阳区奥运村奥林匹克森林公园(沉水廊道东150米),2,2,14
北京,春季,朝阳区奥运村奥林匹克森林公园(沉水廊道西),2,2,25
北京,春季,朝阳区温榆河公园3号门西北100米(滨河路北),2,2,15
北京,春季,梨园文化休闲公园,2,2,9
北京,春季,森林奇趣餐厅,2,2,21
北京,春季,樱花庭院,2,2,12
北京,春季,永顺镇刘庄公园(北京市通州区),2,2,10
北京,春季,江水河,2,2,26
北京,春季,沙河展思门路1号院东北(环城北路),2,2,26
北京,春季,沙河昌平新城滨河森林公园北150米,2,2,14
北京,春季,沙河昌平新城滨河森林公园及半岛外周边,2,2,29
北京,春季,沙河水库南岸近沙河闸,2,2,16
北京,春季,沙河水库新城滨河森林公园,2,2,28
北京,春季,沙河水库湿地中线,2,2,35
北京,春季,沙河沙河,2,2,38
北京,春季,河槽村(北京市密云区十里堡镇),2,2,35
北京,春季,海淀区圆明园万春湖西北100米(九曲仿木桥西南),2,2,18
北京,春季,海淀区圆明园遗址公园,2,2,38
北京,春季,海淀区西北旺镇武家庄（中关村森林公园南区）,2,2,8
北京,春季,海淀区西湖西北200米(西堤南),2,2,3
北京,春季,清华大学(北京市海淀区双清路30号),2,2,12
北京,春季,清华大学校内,2,2,25
北京,春季,清河南镇[公交站],2,2,1
北京,春季,温榆河朝阳区河段,2,2,19
北京,春季,潮白河通州段,2,2,30
北京,春季,潮白河（俸伯桥至苏庄闸桥）,2,2,22
北京,春季,瀛景园(大兴区亦庄地区贵园中街3号),2,2,22
北京,春季,灵山洪水口村,2,2,2
北京,春季,灵山观鸟点,2,2,4
北京,春季,点兵台[公交站],2,2,37
北京,春季,狼垡城市森林公园,2,2,15
北京,春季,玉渊潭,2,2,21
北京,春季,玉渊潭公园-西门附近,2,2,26
北京,春季,玫瑰园,2,2,7
北京,春季,白家疃景观休闲园,2,2,16
北京,春季,白河大峡谷,2,2,13
北京,春季,百望山森林公园望乡亭,2,2,26
北京,春季,百望山森林公园黑山头观景台,2,2,27
北京,春季,百望山森林公园黑山头观景平台,2,2,25
北京,春季,石匣村,2,2,21
北京,春季,神堂峪栈道,2,2,15
北京,春季,禾子涧村(北京市昌平区),2,2,11
北京,春季,稻香湖景酒店,2,2,20
北京,春季,立禅庵村,2,2,40
北京,春季,红螺寺旅游区,2,2,12
北京,春季,绿堤公园 宛平湖,2,2,34
北京,春季,翠明湖南岸,2,2,11
北京,春季,荷清园公园,2,2,7
北京,春季,莲花池公园,2,2,6
北京,春季,营房村村民委员会,2,2,23
北京,春季,蒲洼乡,2,2,11
北京,春季,蟒山国家森林公园(昌平区蟒山路2号),2,2,20
北京,春季,蟒山国家森林公园蟒山天池景区(昌平区),2,2,13
北京,春季,西关村(北京市通州区),2,2,24
北京,春季,通州区北京市北运河管理处榆林庄闸管理所北,2,2,13
北京,春季,通州区宋庄文化公园(疃里新村路南200米),2,2,16
北京,春季,通州区西集镇沙古堆村,2,2,5
北京,春季,野鸭湖国家湿地公园(北京市延庆区康野路),2,2,44
北京,春季,金海湖景区,2,2,22
北京,春季,金融街中心广场,2,2,2
北京,春季,门头沟区小龙门国家级森林公园(G109东),2,2,23
北京,春季,雁栖河科学城段(北京市怀柔区),2,2,31
北京,春季,顺义区市民亲水垂钓区西100米(左堤路南),2,2,27
北京,春季,顺义区李桥镇沮沟村,2,2,18
北京,春季,颐和园团城湖及周边,2,2,35
北京,春季,颐和园文昌阁至南如意门,2,2,3
北京,春季,香山,2,2,4
北京,春季,马驹桥湿地公园,2,2,33
北京,春季,鹫峰国家森林公园,2,2,19
北京,春季,合生·滨江帝景,1,45,15
北京,春季,十一学校魔术林,1,29,48
北京,春季,绮春园,1,28,41
北京,春季,百望山282,1,22,16
北京,春季,槐树岭四号院,1,20,20
北京,春季,中国环境科学研究院,1,13,21
北京,春季,妫水（北关相思公园段）2,1,13,24
北京,春季,马驹桥湿地公园-二期,1,13,33
北京,春季,东石公园,1,12,34
北京,春季,北京市海淀百望山森林公园溢水亭西,1,12,32
北京,春季,水南-桑园-高古庄村,1,12,29
北京,春季,海淀区万泉河北京市第十九中学(东校区),1,11,10
北京,春季,首都师范大学,1,11,6
北京,春季,丰台区莲花池公园(莲花池南路北200米),1,10,22
北京,春季,凉水河通州段,1,10,25
北京,春季,小中河,1,10,20
北京,春季,海淀区苏家坨镇土桥柳林河,1,10,31
北京,春季,凉水河经开区河段,1,9,19
北京,春季,大宁水库-乐活中堤,1,9,43
北京,春季,对外经济贸易大学,1,9,16
北京,春季,昌平沙河水库北岸,1,9,37
北京,春季,金盏森林公园,1,9,21
北京,春季,北小河,1,8,29
北京,春季,圆明园遗址公园西北景区大沙坑,1,8,27
北京,春季,绿城·百合公寓南区,1,8,23
北京,春季,雁栖河至怀河(北京市怀柔区葛各庄路),1,8,23
北京,春季,东洲家园(北京市朝阳区来广营北路88号),1,7,6
北京,春季,乐府江南,1,7,7
北京,春季,月坛,1,7,10
北京,春季,百里画廊宾榔沟和黄木沟,1,7,6
北京,春季,十一学校小水坑鸟类监测点,1,6,8
北京,春季,南旱河,1,6,28
北京,春季,四得公园,1,6,15
北京,春季,武各庄村南侧林地,1,6,10
北京,春季,中关村软件园联想总部东街心花园,1,5,13
北京,春季,中国科学院大学两弹一星路中部北侧（白头鹎果园）,1,5,12
北京,春季,北京华文学院(北京市昌平区七北路69号),1,5,16
北京,春季,北京大学(昌平新校区),1,5,28
北京,春季,北京市园林绿化科学研究院,1,5,12
北京,春季,张凤路某干涸鱼塘,1,5,23
北京,春季,怀柔滨河森林公园,1,5,15
北京,春季,文华殿,1,5,31
北京,春季,通州区宋庄镇榆东一街社区,1,5,5
北京,春季,颐和园南湖岛,1,5,17
北京,春季,龙城花园(北京市昌平区昌平路317号),1,5,22
北京,春季,北京市第十三中学,1,4,13
北京,春季,北京麋鹿苑,1,4,35
北京,春季,千斯坝遗址,1,4,13
北京,春季,商务部国际商务官员研修学院,1,4,14
北京,春季,天秀花园古月园,1,4,8
北京,春季,平谷区泃河东门桥,1,4,34
北京,春季,平谷区泃河音乐环岛西侧,1,4,43
北京,春季,平谷区黄松峪乡黑豆峪村,1,4,25
北京,春季,昌平区回龙观流星花园3区北300米(文华路西),1,4,5
北京,春季,枣林庄村,1,4,43
北京,春季,永定路街道,1,4,6
北京,春季,沙河水库巩华城半岛,1,4,31
北京,春季,车公庄西路20号院,1,4,10
北京,春季,青龙湖公园（西岸）,1,4,32
北京,春季,中国资源卫星应用中心,1,3,1
北京,春季,丰台区庄怡公园(泥洼东路东150米),1,3,14
北京,春季,丰台区绿堤公园西南500米,1,3,20
北京,春季,全国农业展览馆9号馆,1,3,10
北京,春季,分享收获·梨园公社,1,3,6
北京,春季,北京大学西山口校区,1,3,22
北京,春季,北京小学(翡翠城分校),1,3,22
北京,春季,北京市昌平区七孔桥花海,1,3,18
北京,春季,北京景山学校,1,3,7
北京,春季,北极寺,1,3,11
北京,春季,大宁水库/绿堤公园,1,3,28
北京,春季,安慧桥,1,3,4
北京,春季,平谷区泃河西沥津桥,1,3,17
北京,春季,平谷区泃河马坊镇泃河一桥,1,3,21
北京,春季,怀河及其沿岸,1,3,20
北京,春季,房山区玉棠公园(良泽街东50米),1,3,7
北京,春季,房山区长阳长景新园东300米(独义三路东),1,3,15
北京,春季,新凤河,1,3,19
北京,春季,朝阳区八里桥京贸国际公寓北(京通快速公路北),1,3,7
北京,春季,桃下路+望百路,1,3,15
北京,春季,沃丹园,1,3,2
北京,春季,海淀区玉东园(金河路北300米),1,3,31
北京,春季,玉渊潭公园八一湖,1,3,27
北京,春季,电通创意广场,1,3,9
北京,春季,陆谟克堂,1,3,11
北京,春季,青年之家公寓,1,3,26
北京,春季,香山国家植物园(健康大道),1,3,42
北京,春季,东岭郊野公园,1,2,8
北京,春季,中国房山岩地质公园,1,2,9
北京,春季,中国政法大学(昌平校区),1,2,11
北京,春季,中国石油大学(北京),1,2,11
北京,春季,中国科学院化学研究所,1,2,6
北京,春季,中国科学院植物研究所(北京市海淀区),1,2,22
北京,春季,于家务乡紫峰九院城北侧,1,2,5
北京,春季,云岗森林公园-西门,1,2,20
北京,春季,亦新公园,1,2,6
北京,春季,亮马河（护城河-三环路段）,1,2,11
北京,春季,兆维工业园,1,2,6
北京,春季,全国农业展览馆馆南路,1,2,20
北京,春季,减河公园-潮白河森林公园,1,2,13
北京,春季,分享收获有机农场,1,2,2
北京,春季,北京动物园水禽湖,1,2,1
北京,春季,北京大学小水坑,1,2,15
北京,春季,北京大学恬园草坪,1,2,2
北京,春季,北京大学考古文博学院(海淀区镜春路),1,2,33
北京,春季,北京奥林匹克公园-大树园,1,2,12
北京,春季,北京宏志中学,1,2,1
北京,春季,北京展览馆后湖,1,2,14
北京,春季,北京市海淀区人北实验学校,1,2,31
北京,春季,北京市第一零一中学,1,2,16
北京,春季,北京师范大学亚太实验学校,1,2,17
北京,春季,北京师范大学家属区,1,2,1
北京,春季,北京明诚外国语学校,1,2,9
北京,春季,北京植物园北园,1,2,8
北京,春季,北京物资学院,1,2,5
北京,春季,北京知春公园,1,2,9
北京,春季,北京航空航天大学绿园(北京市海淀区),1,2,4
北京,春季,北京营城建都滨水绿道(北京市西城区),1,2,2
北京,春季,北大校园,1,2,28
北京,春季,双星桥旁小河沟,1,2,14
北京,春季,双榆树北里南区,1,2,8
北京,春季,国家蔬菜工程技术研究中心(金威大厦西),1,2,11
北京,春季,国际关系学院,1,2,5
北京,春季,圆明园遗址公园西北景区,1,2,19
北京,春季,大兴区绿地中央广场兴贸中心(兴华大街东),1,2,5
北京,春季,大兴区西红门镇生态公园,1,2,9
北京,春季,大兴区长子营湿地公园,1,2,20
北京,春季,大兴生态文明教育公园,1,2,12
北京,春季,奥林匹克森林公园（奥森）北园,1,2,16
北京,春季,宋庄文化公园,1,2,11
北京,春季,巴沟山水园,1,2,6
北京,春季,平谷区夏各庄镇滨水森林公园,1,2,23
北京,春季,延庆区世界葡萄博览园(X806北),1,2,15
北京,春季,房山区小清河公园(清苑北街东150米),1,2,8
北京,春季,房山区长阳小清河桥北(长阳路),1,2,12
北京,春季,房山区长阳镇高佃二村,1,2,11
北京,春季,护城河,1,2,14
北京,春季,文化园,1,2,16
北京,春季,新科祥园,1,2,12
北京,春季,昌平区沙河水库大坝西侧,1,2,31
北京,春季,星河湾四季会公园,1,2,3
北京,春季,有巢国际公寓社区总部基地店,1,2,8
北京,春季,朝阳区太阳宫公园(四环南),1,2,5
北京,春季,李兆基科技大楼,1,2,1
北京,春季,沙河北京市昌平区汇贤学校东北(环城北路),1,2,25
北京,春季,海淀区中国纪检监察学院北100米(翠湖北路北),1,2,20
北京,春季,海淀区西小口公园北园,1,2,10
北京,春季,海淀区香山街道猴石崖,1,2,14
北京,春季,温榆河畔,1,2,12
北京,春季,湖光小区南区西南(环湖东路),1,2,3
北京,春季,潞河桃柳景区-亭,1,2,5
北京,春季,玉渊潭公园东湖,1,2,16
北京,春季,玉渊潭公园观景步道,1,2,5
北京,春季,生态公园,1,2,12
北京,春季,白堆子甲23号院,1,2,2
北京,春季,罗马湖东,1,2,8
北京,春季,翠微烟雨公园,1,2,4
北京,春季,花博会主题公园,1,2,14
北京,春季,花家怡园(清华西路店),1,2,33
北京,春季,芳菲园,1,2,5
北京,春季,西城区永定门天桥百货商场南(永定门内大街北),1,2,1
北京,春季,通州区厂通桥北500米,1,2,24
北京,春季,通州区台湖公园,1,2,32
北京,春季,通州区大宗高尔夫俱乐部东150米,1,2,27
北京,春季,通州区永乐凤河公园(工业区环路),1,2,30
北京,春季,重兴寺公园,1,2,18
北京,春季,雁栖河桥,1,2,35
北京,春季,顺义区南法信镇,1,2,1
北京,春季,颐和园新建宫门至西门团城湖一线,1,2,12
北京,春季,高梁桥斜街南长河,1,2,8
北京,春季,魏公村地铁站,1,2,1
北京,春季,龙祥嘉园(北京市朝阳区清林东路1号),1,2,4
北京,春季,(南沙河西路),1,1,14
北京,春季,OuterGardenofDitanGarden,1,1,6
北京,春季,一渡河,1,1,15
北京,春季,七孔桥花海主题公园,1,1,42
北京,春季,七王坟(不对外开放),1,1,1
北京,春季,万丰公园（水衙沟）,1,1,1
北京,春季,万柳阳春光华橡树园(知泉路),1,1,3
北京,春季,三座门,1,1,19
北京,春季,三星庄橡胶坝,1,1,16
北京,春季,三里河国家发展和改革委员会(三里河南五巷),1,1,1
北京,春季,上庄水库,1,1,12
北京,春季,上清桥滨河东路,1,1,10
北京,春季,下苇甸桥[公交站],1,1,11
北京,春季,不老屯镇,1,1,33
北京,春季,不老生态园,1,1,20
北京,春季,世界之花公园,1,1,1
北京,春季,世纪体育公园,1,1,1
北京,春季,世纪金源购物中心,1,1,1
北京,春季,东一处公园,1,1,4
北京,春季,东升八家山地车公园,1,1,1
北京,春季,东升八家郊野公园(东升乡双清路5号),1,1,17
北京,春季,东单公园,1,1,8
北京,春季,东坝公园,1,1,8
北京,春季,东坝郑村码头东西各一公里河滨,1,1,8
北京,春季,东城亮马河公园,1,1,9
北京,春季,东城区天坛公园南门东北50米(永定门东街北),1,1,2
北京,春季,东城区天坛公园科普园西北100米(天坛路南),1,1,6
北京,春季,东城区天安门广场(前门东大街北100米),1,1,5
北京,春季,东城区柳荫公园(黄寺大街北),1,1,16
北京,春季,东城区龙潭西湖公园(龙潭路南),1,1,15
北京,春季,东小口森林公园(北京市昌平区黑泉路),1,1,23
北京,春季,东山村,1,1,14
北京,春季,东湖公园,1,1,14
北京,春季,东湖湾,1,1,7
北京,春季,东郊森林湿地公园(北京市顺义区)-1,1,1,9
北京,春季,严方院,1,1,11
北京,春季,中共北京市委党校,1,1,7
北京,春季,中关村东升科技园,1,1,2
北京,春季,中关村公园,1,1,18
北京,春季,中关村公园-东区（后厂村）,1,1,14
北京,春季,中关村公园西南门,1,1,14
北京,春季,中关村温泉科技园2期东区,1,1,15
北京,春季,中关村环保科技示范园(夏雪路),1,1,1
北京,春季,中关村环保科技示范园(夏雪路)西颐小区,1,1,2
北京,春季,中关村生命科学园,1,1,18
北京,春季,中关村生命科学园北京生命科学研究所,1,1,1
北京,春季,中国人寿保险股份有限公司(北京市通州支公司),1,1,1
北京,春季,中国人民大学(友谊路),1,1,7
北京,春季,中国人民大学(通州校区),1,1,3
北京,春季,中国人民大学主校区,1,1,8
北京,春季,中国人民大学附属中学,1,1,6
北京,春季,中国人民革命军事博物馆,1,1,2
北京,春季,中国农业大学西区,1,1,1
北京,春季,中国农业展览馆,1,1,5
北京,春季,中国农业科学院,1,1,7
北京,春季,中国政法大学研究生院,1,1,5
北京,春季,中国林科院,1,1,13
北京,春季,中国矿业大学（北京）,1,1,6
北京,春季,中国科学院(天地科学园区),1,1,2
北京,春季,中国科学院北京森林生态系统定位研究站,1,1,8
北京,春季,中国科学院大学(雁栖湖校区)西,1,1,19
北京,春季,中国科学院大学一公寓西侧池塘（蝗莺荷塘）,1,1,12
北京,春季,中国科学院大学玉泉路校区,1,1,1
北京,春季,中国科学院大学西区停车场西南小路北侧台地（小鹀平台）,1,1,27
北京,春季,中国科学院生物物理研究所,1,1,7
北京,春季,中央民族大学,1,1,11
北京,春季,中央民族干部学院,1,1,1
北京,春季,中海凯旋,1,1,1
北京,春季,中海寰宇天下景山府,1,1,1
北京,春季,中科院高能物理所对撞机实验区,1,1,4
北京,春季,中胡家务,1,1,8
北京,春季,丰台区世纪森林公园,1,1,26
北京,春季,丰台区东四道口,1,1,1
北京,春季,丰台区北京园博园(河堤路西150米),1,1,14
北京,春季,丰台区北京青龙湖公园,1,1,22
北京,春季,丰台区卢沟桥大宁调蓄水库橡胶坝管理站东南,1,1,1
北京,春季,丰台区大红门凉水河(安榴南街西),1,1,8
北京,春季,丰台区宛平湖西北150米(X002南),1,1,27
北京,春季,丰台区宛平湖西岸(右堤路东),1,1,26
北京,春季,丰台区总部基地(中环西路南),1,1,1
北京,春季,丰台区新发地海子公园(新宫商业二街北),1,1,11
北京,春季,丰台区绿堤公园(X002南150米),1,1,11
北京,春季,丰台区绿堤公园(南五环西200米),1,1,20
北京,春季,丰台区西山甲1号得秀北街4号院(得秀南街北),1,1,5
北京,春季,丰台区靛厂路26号院,1,1,8
北京,春季,丰台科技园生态主题公园,1,1,5
北京,春季,丰台绿堤公园,1,1,22
北京,春季,丰汇园,1,1,1
北京,春季,丰盛骨伤专科医院,1,1,6
北京,春季,临波中路,1,1,19
北京,春季,临波西路与运粮引河路交叉口(通州区),1,1,23
北京,春季,乐享青少年足球俱乐部(永定路校区),1,1,1
北京,春季,乐活中堤-堤坝,1,1,24
北京,春季,乐活中堤及大宁水库,1,1,29
北京,春季,九棵树通州云景公园(云景西路西),1,1,5
北京,春季,二道沟河路,1,1,5
北京,春季,于辛庄橡胶坝北,1,1,17
北京,春季,云居寺,1,1,6
北京,春季,云岗北里小院,1,1,12
北京,春季,云河墅,1,1,1
北京,春季,五一渠生态公园,1,1,3
北京,春季,五里桥郊野公园,1,1,3
北京,春季,亦庄新城滨河森林公园（凉水河公园）,1,1,14
北京,春季,京东大峡谷,1,1,5
北京,春季,京城体育休闲公园,1,1,14
北京,春季,京溪小区,1,1,1
北京,春季,京西林场,1,1,14
北京,春季,京西稻保护性种植区,1,1,24
北京,春季,人定湖公园,1,1,11
北京,春季,什刹海-前海,1,1,10
北京,春季,仙乡溪流咖啡,1,1,5
北京,春季,便利蜂24小时便利店,1,1,6
北京,春季,俸伯地铁站,1,1,2
北京,春季,元土城遗址公园(北京市海淀区),1,1,5
北京,春季,元土城遗址公园小月河,1,1,19
北京,春季,元大都城垣遗址,1,1,5
北京,春季,元大都城垣遗址公园(元大都城垣遗址公园步道),1,1,17
北京,春季,光明桥二环东护城河水闸,1,1,12
北京,春季,全国农业展览馆(朝阳区东三环北路16号),1,1,19
北京,春季,八宝山革命公墓,1,1,12
北京,春季,八渡桥,1,1,10
北京,春季,八达岭长城,1,1,8
北京,春季,八达岭长城-八达岭国际友谊林,1,1,17
北京,春季,八达岭陵园,1,1,10
北京,春季,六渡,1,1,8
北京,春季,兴会公园重兴寺区,1,1,7
北京,春季,兴旺公园,1,1,21
北京,春季,兴漷桥,1,1,10
北京,春季,军庄,1,1,6
北京,春季,农业展览馆,1,1,6
北京,春季,凉水河公园三期附近,1,1,18
北京,春季,凉水河大兴段,1,1,10
北京,春季,凉水河榴乡桥段,1,1,17
北京,春季,凉水河经开区段,1,1,2
北京,春季,凉水河通明湖段,1,1,26
北京,春季,凉水河（通明湖公园附近）,1,1,22
北京,春季,减河公园南岸观景亭,1,1,4
北京,春季,凤港减河桥,1,1,24
北京,春季,凤港减河沿岸,1,1,11
北京,春季,勇士营2号地,1,1,3
北京,春季,勇士营郊野公园,1,1,12
北京,春季,化唐沟,1,1,12
北京,春季,北二环城市公园,1,1,1
北京,春季,北京(通州)大运河文化旅游景区,1,1,34
北京,春季,北京一零一中,1,1,4
北京,春季,北京世园公园,1,1,12
北京,春季,北京乡村高尔夫俱乐部(马坡大营路11号),1,1,9
北京,春季,北京会议中心,1,1,2
北京,春季,北京信息科技大学(沙河校区),1,1,12
北京,春季,北京凤凰岭景区,1,1,16
北京,春季,北京凤凰岭自然风景区,1,1,7
北京,春季,北京动物园内,1,1,8
北京,春季,北京化工大学（昌平新校区）,1,1,3
北京,春季,北京十三陵风景区,1,1,19
北京,春季,北京十三陵风景区-七孔桥花海,1,1,30
北京,春季,北京协和药厂,1,1,3
北京,春季,北京古代建筑博物馆,1,1,9
北京,春季,北京园博园-园博功能湿地,1,1,19
北京,春季,北京园博园鹰山森林公园玫瑰沟西北,1,1,15
北京,春季,北京国际雕塑公园,1,1,12
北京,春季,北京国际雕塑公园-西区,1,1,11
北京,春季,北京城市学院(顺义校区),1,1,2
北京,春季,北京城建·国誉府,1,1,4
北京,春季,北京壹方园民宿,1,1,2
北京,春季,北京大学中国社会工作研究中心,1,1,6
北京,春季,北京大学城市与环境学院,1,1,8
北京,春季,北京大学葛利普教授之墓,1,1,4
北京,春季,北京大学蔡元培像,1,1,13
北京,春季,北京大学赛克勒考古与艺术博物馆(海淀区),1,1,16
北京,春季,北京大学赛克勒考古与艺术博物馆西北,1,1,18
北京,春季,北京大学郝坪,1,1,13
北京,春季,北京大学镜春园82号院南,1,1,14
北京,春季,北京大滩山里红民宿,1,1,9
北京,春季,北京天池峡谷风景区,1,1,3
北京,春季,北京奥林匹克公园(朝阳区北辰东路15号),1,1,4
北京,春季,北京奥林匹克公园-听泉轩,1,1,1
北京,春季,北京奥林匹克公园-湿地,1,1,14
北京,春季,北京奥林匹克公园北园-花田野趣,1,1,2
北京,春季,北京奥林匹克公园湿地(北京市朝阳区),1,1,21
北京,春季,北京奥林匹克公园静心池西北,1,1,18
北京,春季,北京奥林匹克森林公园北园-大树园,1,1,28
北京,春季,北京孔庙,1,1,4
北京,春季,北京市东城区故宫东门外,1,1,8
北京,春季,北京市人民政府宽沟招待所(宽沟路1号),1,1,6
北京,春季,北京市共青林场兴林苗圃,1,1,12
北京,春季,北京市北京市门头沟区北京永定河莲石湖公园,1,1,11
北京,春季,北京市北海公园,1,1,4
北京,春季,北京市北运河管理处榆林庄管理所,1,1,8
北京,春季,北京市圆明园遗址公园,1,1,34
北京,春季,北京市大兴区,1,1,1
北京,春季,北京市大兴区长子营湿地公园,1,1,25
北京,春季,北京市奥林匹克森林公园-南园,1,1,8
北京,春季,北京市密云区S310(琉辛路),1,1,22
北京,春季,北京市房山区周口店旧矿场,1,1,31
北京,春季,北京市房山区河北镇,1,1,9
北京,春季,北京市政府对外联络办公室怀柔接待处,1,1,16
北京,春季,北京市昌平区沙河水库北岸,1,1,6
北京,春季,北京市朝阳区红领巾公园,1,1,20
北京,春季,北京市朝阳区邮电局北50米(朝阳北路南),1,1,5
北京,春季,北京市海淀区上庄乡常乐村村民委员会南(马坊中路西),1,1,6
北京,春季,北京市海淀区人北实验学校东南(三星庄后河),1,1,31
北京,春季,北京市海淀区南大街34号,1,1,20
北京,春季,北京市海淀区南旱河,1,1,11
北京,春季,北京市海淀区翠湖国家城市湿地公园游客服务中心东南,1,1,10
北京,春季,北京市百望山森林公园北区,1,1,2
北京,春季,北京市第三十五中学,1,1,1
北京,春季,北京市第八中学京西附属小学,1,1,15
北京,春季,北京市老干部活动中心(东城区),1,1,10
北京,春季,北京市西郊雨洪调蓄工程,1,1,1
北京,春季,北京市野生动物救护繁育中心,1,1,8
北京,春季,北京市门头沟区,1,1,14
北京,春季,北京市顺义区潮白河,1,1,29
北京,春季,北京市鹫峰,1,1,7
北京,春季,北京师范大学(海淀区新街口外大街19号),1,1,1
北京,春季,北京师范大学基建处,1,1,7
北京,春季,北京师范大学学16楼(北京市海淀区),1,1,1
北京,春季,北京师范大学快递站,1,1,1
北京,春季,北京师范大学附属实验中学教育集团大兴实验小学,1,1,1
北京,春季,北京建筑大学(大兴校区),1,1,7
北京,春季,北京归璞南山私汤民宿,1,1,2
北京,春季,北京房山区乐活中堤(右堤路南),1,1,16
北京,春季,北京昌平区沙河水库,1,1,12
北京,春季,北京朝曦公园,1,1,6
北京,春季,北京林业大学(海淀区清华东路35号),1,1,1
北京,春季,北京植物园(北京市海淀区),1,1,33
北京,春季,北京植物园南区,1,1,1
北京,春季,北京植物所,1,1,38
北京,春季,北京汇文中学,1,1,1
北京,春季,北京海湾半山温泉酒店,1,1,4
北京,春季,北京温榆河公园·故城记忆(观光火车|观光车候车点|虹亭),1,1,17
北京,春季,北京百旺公园,1,1,11
北京,春季,北京看丹公园,1,1,14
北京,春季,北京红螺寺风景区,1,1,19
北京,春季,北京绿堤公园+永定河废弃河道,1,1,42
北京,春季,北京航空航天大学(海淀区学院路37号),1,1,2
北京,春季,北京西山林场,1,1,1
北京,春季,北京语言大学,1,1,15
北京,春季,北京野生动物园,1,1,2
北京,春季,北京长沟泉水国家湿地公园,1,1,17
北京,春季,北京雁栖湖国际会展中心,1,1,7
北京,春季,北京首都机场,1,1,1
北京,春季,北京香山饭店,1,1,6
北京,春季,北土城,1,1,19
北京,春季,北坞公园金山寺(北坞村路29号),1,1,23
北京,春季,北展剧场,1,1,1
北京,春季,北张岱,1,1,41
北京,春季,北海,1,1,3
北京,春季,北海公园小西天,1,1,7
北京,春季,北湖林地,1,1,24
北京,春季,北滨河公园,1,1,9
北京,春季,北禾路桥（京礼高速）,1,1,1
北京,春季,北运河南线,1,1,5
北京,春季,北长河金河,1,1,42
北京,春季,北顶娘娘庙,1,1,9
北京,春季,十三陵二坝,1,1,32
北京,春季,十三陵碓臼峪自然风景区,1,1,7
北京,春季,十三陵镇水库东路北,1,1,4
北京,春季,千灵山（或加戒台寺）,1,1,43
北京,春季,华信医院,1,1,7
北京,春季,华贸绿线城市森林公园,1,1,2
北京,春季,南沙河翠湖南路,1,1,21
北京,春季,南泉水河,1,1,12
北京,春季,南海公园一期,1,1,31
北京,春季,南海子,1,1,7
北京,春季,南海子三期,1,1,1
北京,春季,南海子三期二期旧忠路一号桥西南,1,1,14
北京,春季,南海子公园(北京市大兴区黄亦路16号),1,1,41
北京,春季,南海子公园-7号服务厅,1,1,1
北京,春季,南海子公园-南海子牡丹园,1,1,35
北京,春季,南海子公园1期-南门,1,1,24
北京,春季,南海子公园一期(南门),1,1,30
北京,春季,南海子公园凉亭(北京市大兴区幸福巷),1,1,18
北京,春季,南海子公园雁影海西,1,1,12
北京,春季,南湾村,1,1,2
北京,春季,南石洋大峡谷,1,1,4
北京,春季,南苑大泡子,1,1,15
北京,春季,卢沟桥晓月湖-宛平湖,1,1,1
北京,春季,友谊大桥,1,1,8
北京,春季,双秀公园,1,1,3
北京,春季,古崖居风景名胜区,1,1,35
北京,春季,右堤路大宁水库（北京银泰鸿业高尔夫）,1,1,24
北京,春季,后八家庄村,1,1,4
北京,春季,后湖,1,1,20
北京,春季,向阳闸桥,1,1,25
北京,春季,周口店北京人遗址博物馆,1,1,2
北京,春季,和平月季园,1,1,6
北京,春季,和平里北街-D西南口,1,1,1
北京,春季,和平门[地铁站],1,1,3
北京,春季,唐悯忠寺故址(北京市西城区牛街法源寺),1,1,7
北京,春季,嘉河公园,1,1,11
北京,春季,四元桥,1,1,8
北京,春季,四惠桥,1,1,1
北京,春季,四渡桥,1,1,6
北京,春季,四渡河,1,1,14
北京,春季,回龙观北京农学院(海棠路),1,1,3
北京,春季,回龙观龙腾苑(育知东路),1,1,1
北京,春季,团结湖公园,1,1,6
北京,春季,团结湖公园(朝阳区团结湖南里16号),1,1,2
北京,春季,园博园功能湿地（晓月湖芦苇）,1,1,4
北京,春季,国家植物园北京植物园树木区东北,1,1,8
北京,春季,国家植物园北园东南门-售票处,1,1,32
北京,春季,国家植物园北园王曦彤墓园西侧,1,1,1
北京,春季,国家植物园梅园水景观光区,1,1,10
北京,春季,国家植物园樱桃沟,1,1,35
北京,春季,国家植物园樱桃沟游览区,1,1,18
北京,春季,国家植物园银杏松柏区东北,1,1,3
北京,春季,国家植物园（北园）,1,1,15
北京,春季,国家知识产权局,1,1,9
北京,春季,国科大怀柔,1,1,10
北京,春季,国誉府,1,1,1
北京,春季,国际企业文化园(东园),1,1,5
北京,春季,圆明园-含经堂,1,1,10
北京,春季,圆明园-小南园,1,1,1
北京,春季,圆明园-玉玲珑,1,1,12
北京,春季,圆明园圆明园,1,1,30
北京,春季,圆明园福海以西沿线,1,1,12
北京,春季,圆明园藻园门向北,1,1,7
北京,春季,圆明园西线-万芳安和+武陵春色,1,1,22
北京,春季,圆明园西线-后湖周边,1,1,20
北京,春季,圆明园西线-方壶胜境,1,1,8
北京,春季,圆明园西线-湛清轩+春泽斋,1,1,26
北京,春季,圆明园西线-澹泊宁静+舍卫城,1,1,17
北京,春季,圆明园西线-福海周边,1,1,19
北京,春季,圆明园遗址公园-东门,1,1,12
北京,春季,圆明园遗址公园-东门售票处,1,1,1
北京,春季,圆明园遗址公园-南门,1,1,11
北京,春季,圆明园遗址公园-长春园景区,1,1,22
北京,春季,圆明园遗址公园藻园门(西苑北桥北侧),1,1,13
北京,春季,圆明园遗址公园西线,1,1,28
北京,春季,地铁大兴线生物医药基地站,1,1,2
北京,春季,坝河（太阳宫地区）,1,1,11
北京,春季,坡峰岭,1,1,2
北京,春季,城子,1,1,3
北京,春季,城市绿心森林公园-北门,1,1,11
北京,春季,大兴区丽家宝贝集团总部基地北400米(团四路南),1,1,6
北京,春季,大兴区京雄高速出口西南300米(左堤路西),1,1,6
北京,春季,大兴区京雄高速出口西南400米(左堤路西),1,1,13
北京,春季,大兴区南海子公园一期南门北100米(公园南环路北),1,1,12
北京,春季,大兴区南海子公园二期南门西北(公园南环路北),1,1,34
北京,春季,大兴区南海子公园册妃台西南200米(公园北环路南),1,1,27
北京,春季,大兴区国家林业和草原局管理干部学院(林校北路南),1,1,8
北京,春季,大兴区圣石桥西南100米(公园南环路北),1,1,3
北京,春季,大兴区瀛海镇亦庄镇,1,1,21
北京,春季,大兴区翡翠城香留园A区(兴业大街西100米),1,1,1
北京,春季,大兴区西红门兴海公园,1,1,9
北京,春季,大兴区西红门镇怀畅园,1,1,7
北京,春季,大兴区长子营镇牛坊村,1,1,27
北京,春季,大兴区陂塘雁影东南200米(公园南环路北),1,1,12
北京,春季,大兴区高家堡村幼儿园西600米(左堤路西),1,1,2
北京,春季,大兴区黄村镇高家堡,1,1,1
北京,春季,大兴发展亦生悦B区(瀛信路南),1,1,6
北京,春季,大宁水库-稻田水库-马厂水库-永定河下游,1,1,8
北京,春季,大王庙(北京市丰台区左堤路),1,1,20
北京,春季,大石河大坝,1,1,22
北京,春季,大观园,1,1,10
北京,春季,大运河森林公园京杭运河鸭岛,1,1,19
北京,春季,大运河森林公园明镜移舟景区休闲长廊北,1,1,12
北京,春季,大运河森林公园月岛至柳舟,1,1,16
北京,春季,大运河森林公园柳舟,1,1,20
北京,春季,大运河源头遗址公园,1,1,4
北京,春季,大运河高尔夫俱乐部(北京市通州区),1,1,16
北京,春季,大运河高尔夫球俱乐部,1,1,19
北京,春季,大钟寺古钟博物馆,1,1,1
北京,春季,大黄岩河,1,1,1
北京,春季,天兆家园,1,1,8
北京,春季,天坛公园-北门,1,1,15
北京,春季,天坛公园-南门,1,1,13
北京,春季,天坛公园-科普园（苗圃）,1,1,6
北京,春季,天坛公园北门东,1,1,7
北京,春季,天坛公园天坛公园,1,1,14
北京,春季,天坛公园西门至苗圃区间,1,1,27
北京,春季,天开自然农社,1,1,5
北京,春季,太师屯世纪体育公园,1,1,10
北京,春季,太师庄村密云水库,1,1,23
北京,春季,奥体中心,1,1,18
北京,春季,奥北森林公园,1,1,10
北京,春季,奥林匹克公园鸟巢,1,1,2
北京,春季,奥林匹克森林公园-南园,1,1,14
北京,春季,奥林匹克森林公园FE,1,1,25
北京,春季,奥林匹克森林公园北园-大坑,1,1,8
北京,春季,奥林匹克森林公园北园-自驾游乐车,1,1,17
北京,春季,奥林匹克森林公园北园西门水闸,1,1,12
北京,春季,奥林匹克森林公园北门桥,1,1,23
北京,春季,奥林匹克森林公园南园-东门,1,1,4
北京,春季,奥林匹克森林公园南园奥海北,1,1,3
北京,春季,奥林匹克森林公园叠水花台附近,1,1,26
北京,春季,奥森北+南,1,1,23
北京,春季,奥运村奥林匹克森林公园北园(奥森公园绿道),1,1,34
北京,春季,奥运村奥林匹克森林公园北园(清河东路),1,1,19
北京,春季,妙峰山森林公园-玫瑰谷,1,1,14
北京,春季,妙峰山风景名胜区,1,1,15
北京,春季,妫水河及沿岸,1,1,1
北京,春季,姜场村,1,1,24
北京,春季,孙河文创中心,1,1,24
北京,春季,学各庄村(北京市密云区),1,1,21
北京,春季,学各庄村(学各庄路),1,1,2
北京,春季,宁兰山居,1,1,10
北京,春季,宋庆龄艺术中心停车场,1,1,3
北京,春季,宏丰渠,1,1,9
北京,春季,官厅水库沿岸,1,1,3
北京,春季,宝山寺(北京市怀柔区宝山大街北50米),1,1,3
北京,春季,实创医谷产业园,1,1,1
北京,春季,密云3期,1,1,21
北京,春季,密云云蒙大桥,1,1,6
北京,春季,密云区不老屯镇燕落,1,1,9
北京,春季,密云区东庄桥东南100米(琉辛路),1,1,1
北京,春季,密云区北京木火通明消防科技有限公司东南(右堤路北),1,1,4
北京,春季,密云区北庄镇三磨,1,1,11
北京,春季,密云区北庄镇牛郎峪,1,1,6
北京,春季,密云区十里堡镇河槽村,1,1,13
北京,春季,密云区大星发超市(太城路店)北100米,1,1,3
北京,春季,密云区太师屯镇密古路(城子村),1,1,1
北京,春季,密云区山里山花乐园北50米(北河路北),1,1,8
北京,春季,密云区潮汇大桥西(X036),1,1,29
北京,春季,密云区潮白河云蒙大桥右堤路,1,1,17
北京,春季,密云区金叵罗种鸡场东北400米,1,1,6
北京,春季,密云区高岭镇宝家洼,1,1,27
北京,春季,密云区高岭镇放马峪村,1,1,47
北京,春季,密云水库大漕村,1,1,23
北京,春季,密云水库溢洪道及周边(北京市密云区),1,1,16
北京,春季,密云潮白河左堤路-云蒙大桥至羊山1号桥,1,1,26
北京,春季,密虹公园,1,1,3
北京,春季,寻野露营地(Y351),1,1,11
北京,春季,寻野露营地(山在树在自由在),1,1,6
北京,春季,将台滨河公园,1,1,9
北京,春季,小川村,1,1,26
北京,春季,小满沁芳,1,1,11
北京,春季,小皮营(福东街),1,1,2
北京,春季,小龙河,1,1,16
北京,春季,小龙门国家森林公园,1,1,18
北京,春季,小龙门国家级森林公园(清水镇小龙门林场),1,1,20
北京,春季,小龙门村,1,1,5
北京,春季,小龙门狗食槽,1,1,2
北京,春季,尚湖世家东区小区,1,1,22
北京,春季,居庸关长城,1,1,3
北京,春季,山京沟墓地公园,1,1,1
北京,春季,山羊洼(南羊路),1,1,8
北京,春季,崔各庄黑桥公园,1,1,3
北京,春季,巩华城北沙河南岸,1,1,14
北京,春季,巩华城北沙河及沙河水库,1,1,21
北京,春季,巩华城地铁站,1,1,2
北京,春季,巩华城地铁站路西,1,1,7
北京,春季,常营公园,1,1,7
北京,春季,常青园路89号,1,1,6
北京,春季,平谷区大华山镇老官顶,1,1,15
北京,春季,平谷区新城滨河森林公园,1,1,19
北京,春季,平谷区泃河下纸寨桥,1,1,22
北京,春季,平谷区泃河东鹿角村段,1,1,23
北京,春季,平谷区泃河北张岱村段,1,1,11
北京,春季,平谷区泃河小龙河汇合处,1,1,22
北京,春季,平谷区泃河故道西高村段,1,1,17
北京,春季,平谷区泃河海子桥,1,1,11
北京,春季,平谷区泃河清风园公园,1,1,27
北京,春季,平谷区泃河青杨屯桥,1,1,23
北京,春季,平谷区泃河马坊镇泃河大桥,1,1,11
北京,春季,平谷区马坊滨水公园,1,1,16
北京,春季,平谷区黄松峪水库,1,1,11
北京,春季,幽州峡谷,1,1,10
北京,春季,康西草原-马术庄园,1,1,9
北京,春季,延庆区井庄镇白龙坑,1,1,5
北京,春季,延庆区北京快乐假日大酒店东北50米(旧小路北),1,1,9
北京,春季,延庆区大庄科乡旺泉沟村,1,1,2
北京,春季,延庆区大庄科乡香屯村,1,1,2
北京,春季,延庆区康西草原景区,1,1,4
北京,春季,延庆区松山国家级自然保护区管理处办公区北,1,1,6
北京,春季,延庆区松山大桥东南150米(X012),1,1,5
北京,春季,延庆区野鸭湖国家湿地公园,1,1,55
北京,春季,延庆区野鸭湖风景区西南200米,1,1,70
北京,春季,延庆火车北站,1,1,11
北京,春季,延庆百里画廊,1,1,1
北京,春季,延庆镇大岛,1,1,7
北京,春季,建国门外外交公寓,1,1,1
北京,春季,张家湾镇海子洼,1,1,1
北京,春季,怀九河,1,1,29
北京,春季,怀九河+怀沙河,1,1,25
北京,春季,怀北镇骆驼山,1,1,10
北京,春季,怀柔北站,1,1,12
北京,春季,怀柔区九渡河小学南700米,1,1,16
北京,春季,怀柔区北京怀柔山水人家西300米,1,1,7
北京,春季,怀柔区北房镇苇里路观景平台,1,1,12
北京,春季,怀柔区喇叭沟原始森林风景区-南猴岭观赏区,1,1,2
北京,春季,怀柔区喇叭沟门满族乡东沟门,1,1,19
北京,春季,怀柔区圣泉果园西北100米,1,1,1
北京,春季,怀柔区庙城镇肖两河村,1,1,3
北京,春季,怀柔区怀九河(四渡河村路南),1,1,2
北京,春季,怀柔区怀北镇河防口,1,1,4
北京,春季,怀柔区怀山柔水公园(府前西街南),1,1,7
北京,春季,怀柔区怀水大桥东南,1,1,11
北京,春季,怀柔区怀水大桥西北,1,1,12
北京,春季,怀柔区杨宋庄桥西南150米(怀杨路南),1,1,17
北京,春季,怀柔区栢泉山庄大桥西(雁栖湖北路),1,1,13
北京,春季,怀柔区汤河口镇大蒲池沟村,1,1,13
北京,春季,怀柔区泉河滨湖万米健身公园(迎宾路东),1,1,5
北京,春季,怀柔区箭扣长城,1,1,6
北京,春季,怀柔区素行雅集创意民宿(神山路分店),1,1,13
北京,春季,怀柔区红螺慧缘谷生态景区甘涧峪村社会管理服务中心,1,1,2
北京,春季,怀柔区绿谷丰汇采摘园南100米(怀黄路南),1,1,5
北京,春季,怀柔区雁栖湖北二路(范崎路-G111国道)道路工程土建第1标段项目经理部,1,1,24
北京,春季,怀柔区领秀翡翠华庭怀安大街15号院南50米,1,1,4
北京,春季,怀柔区龙山街道丽湖社区,1,1,1
北京,春季,怀柔城市森林公园(京密路西150米),1,1,9
北京,春季,怀柔林场,1,1,12
北京,春季,怀柔水库东岸,1,1,22
北京,春季,怀柔镇红军村1铁道口,1,1,2
北京,春季,怀水大桥,1,1,9
北京,春季,怀沙河,1,1,24
北京,春季,怀长路ndsl,1,1,10
北京,春季,怡海花园,1,1,2
北京,春季,惠福桥,1,1,4
北京,春季,慕田峪,1,1,16
北京,春季,慕田峪长城,1,1,13
北京,春季,房山区世纪森林公园西500米,1,1,17
北京,春季,房山区东石羊小强垂钓园东南200米,1,1,5
北京,春季,房山区中联正兴电商园区生鲜冷链库西(X026东),1,1,19
北京,春季,房山区乐活中堤(右堤路南),1,1,21
北京,春季,房山区乐活中堤北500米,1,1,27
北京,春季,房山区依澜阳光家园西南400米,1,1,18
北京,春季,房山区北京中医药大学(良乡校区),1,1,11
北京,春季,房山区十渡(涞宝路南200米),1,1,4
北京,春季,房山区城关街道羊头岗村大石河两岸,1,1,22
北京,春季,房山区大石河吉洄路北,1,1,15
北京,春季,房山区小清河公园(水四路南),1,1,18
北京,春季,房山区琉璃河桥西400米,1,1,9
北京,春季,房山区稻田水库东南400米,1,1,11
北京,春季,房山区长阳中粮·京西祥云东300米(独义三路北),1,1,6
北京,春季,房山区长阳兰花文化休闲公园东(京雄高速),1,1,11
北京,春季,房山区长阳梦泽飞鹭东南50米(音乐节南路北),1,1,17
北京,春季,房山区长阳禾香雅园北200米(稻田路西),1,1,14
北京,春季,房山区长阳镇葫芦垡村,1,1,24
北京,春季,房山夕阳红公园,1,1,15
北京,春季,房山小清河公园,1,1,16
北京,春季,房山新城滨水森林公园(长保路),1,1,17
北京,春季,房山永定河西岸大宁水库及乐活中堤段,1,1,25
北京,春季,担涧沟,1,1,11
北京,春季,拉拉湖水库,1,1,1
北京,春季,故宫博物院(东华门),1,1,2
北京,春季,教军场,1,1,1
北京,春季,文林大厦(大钟寺四道口路2号甲5号),1,1,2
北京,春季,新华联家园北区,1,1,4
北京,春季,新口路（大石河）,1,1,4
北京,春季,新街口外大街甲8号院,1,1,1
北京,春季,新龙大厦,1,1,1
北京,春季,昌平交通支队沙河大队执法站南(于辛庄路),1,1,9
北京,春季,昌平区九华山庄16区南,1,1,6
北京,春季,昌平区北京东方天星华普休闲健身俱乐部北(滨河路南)歇甲庄村坑塘,1,1,6
北京,春季,昌平区北京邮电大学(沙河校区),1,1,5
北京,春季,昌平区北沙河昌平地铁线往西南岸,1,1,18
北京,春季,昌平区十三陵镇北茅台,1,1,7
北京,春季,昌平区南口镇凤凰山,1,1,8
北京,春季,昌平区南口镇山羊洼,1,1,14
北京,春季,昌平区回龙观新龙城4期(自行车专用路南),1,1,1
北京,春季,昌平区回龙观生态休闲公园(育知东路东),1,1,7
北京,春季,昌平区小汤山文化广场(顺沙路北200米),1,1,8
北京,春季,昌平区延寿镇六道河-大杨山休闲步道,1,1,12
北京,春季,昌平区沙河东环北里5号院北(环城北路南),1,1,13
北京,春季,昌平区沙河东环北里5号院北50米(环城北路北),1,1,8
北京,春季,昌平区沙河中海尚湖世家(西区)南300米,1,1,18
北京,春季,昌平区沙河书韵,1,1,1
北京,春季,昌平区沙河北京市路鹏达南丰路项目部西北(环城北路),1,1,7
北京,春季,昌平区沙河园林圣懋南300米,1,1,5
北京,春季,昌平区沙河巩华城地铁站(昌平新城滨河森林公园西),1,1,1
北京,春季,昌平区沙河巩华城地铁站北300米(环城北路南),1,1,12
北京,春季,昌平区沙河巩华城地铁站北400米北沙河南岸,1,1,29
北京,春季,昌平区沙河巩华城地铁站西南150米,1,1,33
北京,春季,昌平区沙河巩华城地铁站西南300米,1,1,29
北京,春季,昌平区沙河水岸庄园12号楼南400米,1,1,3
北京,春季,昌平区沙河水库南岸,1,1,15
北京,春季,昌平区沙河水库大坝西侧南岸,1,1,12
北京,春季,昌平区沙河水库西南300米,1,1,6
北京,春季,昌平区沙河湿地公园东南50米(42公里绿道南),1,1,7
北京,春季,昌平区沙河滨河观景平台东南150米,1,1,25
北京,春季,昌平区沙河滨河观景平台南200米,1,1,17
北京,春季,昌平区沙河航天工程大学(沙河校区)西北,1,1,2
北京,春季,昌平区沙河镇巩华城半岛,1,1,8
北京,春季,昌平区沙河领秀慧谷(朱辛庄西二路北),1,1,13
北京,春季,昌平区碧水庄园76号楼(昌平新城滨河森林公园南),1,1,8
北京,春季,昌平区航天工程大学(沙河校区)东北150米,1,1,3
北京,春季,昌平区航天工程大学(沙河校区)北100米,1,1,7
北京,春季,昌平区马池口镇西北地,1,1,12
北京,春季,昌平巩华城半岛周边及森林公园中线,1,1,11
北京,春季,昌平新城滨河森林公园(沙河),1,1,4
北京,春季,昌平新城滨河森林公园-主入口广场,1,1,20
北京,春季,昌平新城滨河森林公园/沙河水库,1,1,23
北京,春季,昌平桃峪口水库,1,1,3
北京,春季,昌平沙河水库大坝西侧,1,1,6
北京,春季,晓月湖公园,1,1,17
北京,春季,景明楼,1,1,2
北京,春季,晾鹰台,1,1,3
北京,春季,月岛观景平台,1,1,3
北京,春季,月岛闻莺景区-凉亭,1,1,11
北京,春季,望京桥西南,1,1,1
北京,春季,望京楼,1,1,19
北京,春季,望花路西里,1,1,11
北京,春季,朝阳公园(北京市朝阳区朝阳公园南路1号),1,1,16
北京,春季,朝阳公园08广场,1,1,26
北京,春季,朝阳公园南大门(枣营路南),1,1,14
北京,春季,朝阳公园湖北岸,1,1,16
北京,春季,朝阳区三里屯意大利大使馆(三里屯东一街北),1,1,10
北京,春季,朝阳区东风公园(青年北路东),1,1,12
北京,春季,朝阳区光华路好客·智咖啡(郎家园西路东),1,1,1
北京,春季,朝阳区北京质信恒通混凝土有限公司东(来广营北路西),1,1,14
北京,春季,朝阳区南磨房官庄公园(官庄路东200米),1,1,13
北京,春季,朝阳区奥运村北京奥林匹克公园(奥林西路东200米),1,1,18
北京,春季,朝阳区奥运村北京奥林匹克公园洼里湖(北五环南),1,1,11
北京,春季,朝阳区奥运村奥林匹克森林公园,1,1,1
北京,春季,朝阳区奥运村奥林匹克森林公园(天辰路西100米),1,1,13
北京,春季,朝阳区奥运村奥林匹克森林公园(奥林西路北50米),1,1,29
北京,春季,朝阳区奥运村奥林匹克森林公园(清河路南100米),1,1,8
北京,春季,朝阳区奥运村奥林匹克森林公园湿地,1,1,24
北京,春季,朝阳区孙河乡西白辛庄村,1,1,21
北京,春季,朝阳区望京保利中央大道南50米(望京东路南),1,1,5
北京,春季,朝阳区朝阳公园24商品部东南50米(农展馆北路西),1,1,21
北京,春季,朝阳区石韵浩庭(九龙山路),1,1,3
北京,春季,朝阳区花家地北京市园林绿化科学研究院(花家地南街),1,1,13
北京,春季,朱家湾村民委员会,1,1,19
北京,春季,朱家湾村附近清水河,1,1,27
北京,春季,朱辛庄桥,1,1,1
北京,春季,来广营未开发杨树林,1,1,1
北京,春季,杨庄公园,1,1,17
北京,春季,柏林·在线,1,1,1
北京,春季,柳林村,1,1,23
北京,春季,柳林河,1,1,2
北京,春季,柳荫公园(北京市东城区黄寺大街8号),1,1,22
北京,春季,柳荫公园-文化广场,1,1,3
北京,春季,栢泉山庄大桥,1,1,9
北京,春季,桥头广场,1,1,17
北京,春季,梁各庄村大运河沿线,1,1,8
北京,春季,梨树沟休闲谷,1,1,4
北京,春季,椿楸嘉园北区,1,1,8
北京,春季,榆林庄村,1,1,3
北京,春季,榴景秀苑,1,1,1
北京,春季,槐香园,1,1,7
北京,春季,樱桃沟植物园,1,1,3
北京,春季,樱花湖,1,1,4
北京,春季,正阳门,1,1,3
北京,春季,武窑桥,1,1,6
北京,春季,水南(北京市通州区),1,1,1
北京,春季,水峪嘴村委会,1,1,1
北京,春季,水峪村,1,1,4
北京,春季,水库不老屯,1,1,6
北京,春季,永丰嘉园,1,1,13
北京,春季,永丰嘉园新三区,1,1,1
北京,春季,永兴河湿地公园,1,1,9
北京,春季,永定河休闲森林公园(北京市石景山区),1,1,18
北京,春季,永定河公园,1,1,2
北京,春季,永定河滨水森林公园,1,1,13
北京,春季,汉包山,1,1,6
北京,春季,汉石桥湿地,1,1,3
北京,春季,沙古堆村,1,1,1
北京,春季,沙河北京市昌平区汇贤学校东北50米(环城北路北),1,1,9
北京,春季,沙河北岸（水岸庄园）,1,1,21
北京,春季,沙河昌平新城滨河森林公园东入口广场东北300米,1,1,27
北京,春季,沙河昌平新城滨河森林公园东入口广场北200米,1,1,25
北京,春季,沙河昌平新城滨河森林公园东入口广场北300米,1,1,16
北京,春季,沙河昌平新城滨河森林公园健身区,1,1,20
北京,春季,沙河昌平新城滨河森林公园健身区西北150米,1,1,21
北京,春季,沙河昌平新城滨河森林公园健身区西南100米,1,1,26
北京,春季,沙河昌平新城滨河森林公园内外,1,1,3
北京,春季,沙河昌平新城滨河森林公园及半岛周边,1,1,26
北京,春季,沙河昌平新城滨河森林公园及巩华城半岛周边,1,1,38
北京,春季,沙河昌平新城滨河森林公园巩华城地铁站,1,1,1
北京,春季,沙河水库+大坝两岸,1,1,53
北京,春季,沙河水库北岸排水渠附近,1,1,22
北京,春季,沙河水库固定观鸟点,1,1,1
北京,春季,沙河水库大坝西侧,1,1,14
北京,春季,沙河水库（昌平新城滨河森林公园）,1,1,20
北京,春季,沙河镇城铁桥西北沙河南岸,1,1,18
北京,春季,沙河鸽子市场(安济桥路),1,1,20
北京,春季,河滨公园,1,1,20
北京,春季,河边小院(北京市怀柔区郭卧路怀沙河旁),1,1,12
北京,春季,泉河湖光小区南区(环湖东路),1,1,1
北京,春季,泰德商务花园,1,1,5
北京,春季,洄城村,1,1,10
北京,春季,海子桥,1,1,31
北京,春季,海棠春居民宿,1,1,1
北京,春季,海棠花溪,1,1,1
北京,春季,海淀·嘉郡,1,1,1
北京,春季,海淀公园(四环北),1,1,29
北京,春季,海淀公园(四环北150米),1,1,16
北京,春季,海淀公园-西南门,1,1,2
北京,春季,海淀区万寿路永引渠示范点,1,1,1
北京,春季,海淀区上庄镇东闸村北沙河,1,1,9
北京,春季,海淀区东小口东升国际科学园(永泰庄北路北100米),1,1,9
北京,春季,海淀区中关村公园,1,1,12
北京,春季,海淀区中关村公园(友谊路北),1,1,12
北京,春季,海淀区中关村公园西南门(友谊路),1,1,10
北京,春季,海淀区中国石油首汽二号站加油站(紫竹院南路西),1,1,1
北京,春季,海淀区农业职业学院(北校区)北50米,1,1,18
北京,春季,海淀区北京一零一中温泉校区东北(白家疃东路东),1,1,2
北京,春季,海淀区北京化工大学(西校区),1,1,1
北京,春季,海淀区北京市城市河湖管理处清河闸,1,1,8
北京,春季,海淀区南湖岛(十七孔桥西北),1,1,10
北京,春季,海淀区四环(玉泉山出口),1,1,1
北京,春季,海淀区圆明园天然图画(如意桥北),1,1,13
北京,春季,海淀区圆明园鸿慈永祜东200米(万泉河路东),1,1,6
北京,春季,海淀区尚院北100米(支六路北),1,1,5
北京,春季,海淀区山屿·西山著东区东北300米(画眉山路北),1,1,2
北京,春季,海淀区河道管理所五七水库管理站(七王坟路北),1,1,24
北京,春季,海淀区清华大学附属中学(中关村北大街东),1,1,1
北京,春季,海淀区清缘东里东100米(清河路南),1,1,5
北京,春季,海淀区清缘里东50米(清河路南),1,1,18
北京,春季,海淀区玉东园(金河路北200米),1,1,1
北京,春季,海淀区玉东郊野公园(玉泉山路南100米),1,1,6
北京,春季,海淀区畅观堂北200米(颐和园西门路北),1,1,1
北京,春季,海淀区百望山中央民族干部学院东北50米(黑山扈路),1,1,17
北京,春季,海淀区百望山遗光寺8号院东区21号楼东南50米,1,1,6
北京,春季,海淀区知春路56号院,1,1,1
北京,春季,海淀区苏家坨镇北庄子村,1,1,9
北京,春季,海淀区苏家坨镇柳林村,1,1,19
北京,春季,海淀区荷颐苑(支四路),1,1,16
北京,春季,海淀区蔬菜种植基地西南50米(前章村西路南),1,1,1
北京,春季,海淀区西三旗育新花园(育新南路北),1,1,3
北京,春季,海淀区西北旺中关村公园(规划一路北100米),1,1,4
北京,春季,海淀区西北旺联想全球总部东南100米(旺科中路南),1,1,1
北京,春季,海淀区西山古园公墓(台头村路北300米),1,1,7
北京,春季,海淀区西郊砂石坑(五环东200米),1,1,9
北京,春季,海淀区西郊砂石坑(田村山南路北100米),1,1,8
北京,春季,海淀区西郊砂石坑(阜石路东150米),1,1,14
北京,春季,海淀区颐和园(西堤西200米),1,1,20
北京,春季,海淀区颐和园绚霞琦月南200米(金河路北),1,1,16
北京,春季,海淀区香山樱桃沟,1,1,13
北京,春季,海淀区黑山头,1,1,22
北京,春季,海淀镇功德寺,1,1,1
北京,春季,海青台(北京市大兴区公园北环路),1,1,15
北京,春季,清华大学(熙春路),1,1,12
北京,春季,清华大学图书馆,1,1,1
北京,春季,清华大学情人坡,1,1,14
北京,春季,清华大学李文正馆,1,1,1
北京,春季,清华大学水木清华,1,1,1
北京,春季,清华大学绿园,1,1,7
北京,春季,清华大学近春园荒岛,1,1,1
北京,春季,清水河-朱家湾村段,1,1,24
北京,春季,清水河朱家湾桥向西,1,1,20
北京,春季,清水河（密云北庄朱家湾段）,1,1,1
北京,春季,清水湾社区服务站,1,1,9
北京,春季,清水镇,1,1,1
北京,春季,清河(北京市海淀区),1,1,8
北京,春季,清河WrenCreek,1,1,14
北京,春季,清河中段,1,1,12
北京,春季,清河北滨河路,1,1,11
北京,春季,清河南镇沿河向东,1,1,14
北京,春季,清河营郊野公园,1,1,18
北京,春季,清河路,1,1,4
北京,春季,清河陈营西桥,1,1,23
北京,春季,清河（清河南镇段）,1,1,9
北京,春季,渔阳公园,1,1,5
北京,春季,温榆河公园,1,1,14
北京,春季,温榆河桥,1,1,23
北京,春季,温榆河清河汇合段,1,1,29
北京,春季,温榆河滨河森林公园北区,1,1,12
北京,春季,温榆河（孙河段）,1,1,5
北京,春季,温榆河（金榆桥）,1,1,19
北京,春季,湖门村,1,1,2
北京,春季,滨河公园,1,1,3
北京,春季,滨河路,1,1,10
北京,春季,滨湖万米健身公园(北京市怀柔区),1,1,9
北京,春季,潞通新路西荒地,1,1,7
北京,春季,潞阳桥,1,1,22
北京,春季,潭柘寺,1,1,12
北京,春季,潮河,1,1,2
北京,春季,潮白河公园,1,1,6
北京,春季,潮白河大桥西500米,1,1,16
北京,春季,潮白河沿线,1,1,32
北京,春季,火器营桥,1,1,1
北京,春季,灵山,1,1,9
北京,春季,灵山地区,1,1,16
北京,春季,灵鹫禅寺,1,1,7
北京,春季,燕山学堂,1,1,19
北京,春季,猴石崖(北京市海淀区),1,1,7
北京,春季,玉林东里3区西区,1,1,1
北京,春季,玉桥东里幸福艺居,1,1,6
北京,春季,玉泉公园影湖楼公园(万安东路),1,1,22
北京,春季,玉渊潭公园(海淀区西三环中路10号),1,1,3
北京,春季,玉渊潭公园万萍荷香,1,1,8
北京,春季,玉渊潭公园南门,1,1,29
北京,春季,玉渊潭公园西三环电视塔雨水排洪口,1,1,12
北京,春季,玉渡山,1,1,9
北京,春季,玉渡山风景区,1,1,13
北京,春季,环湖东路,1,1,2
北京,春季,玲珑公园慈寿寺塔(海淀区玲珑公园内),1,1,7
北京,春季,甘涧峪村,1,1,26
北京,春季,田园牧歌,1,1,7
北京,春季,白云桥,1,1,5
北京,春季,白河城市森林公园,1,1,10
北京,春季,白河峡谷,1,1,36
北京,春季,白河湾(北京市怀柔区琉璃庙镇白河北村),1,1,3
北京,春季,白洋沟(北京市昌平区),1,1,5
北京,春季,白瀑寺,1,1,1
北京,春季,白羊沟自然风景区,1,1,5
北京,春季,白草畔,1,1,9
北京,春季,百子湾园,1,1,12
北京,春季,百度科技园,1,1,3
北京,春季,百旺家苑(东区),1,1,7
北京,春季,百望以东,1,1,9
北京,春季,百望山森林公园-圣母院,1,1,1
北京,春季,百望山森林公园-红叶观赏区,1,1,5
北京,春季,百望山森林公园282,1,1,10
北京,春季,百望山森林公园儿时山林,1,1,5
北京,春季,百望山森林公园双井盖平台,1,1,8
北京,春季,百望山森林公园望乡亭西,1,1,36
北京,春季,百望山森林公园猛禽秋季监测点,1,1,24
北京,春季,百望山森林公园观景平台,1,1,34
北京,春季,百望山猛禽监测点,1,1,14
北京,春季,百花山自然保护区（百花山管理站）,1,1,14
北京,春季,百花山自然风景区,1,1,4
北京,春季,百草杏林,1,1,19
北京,春季,百里山水画廊景区,1,1,3
北京,春季,石匣(东石路),1,1,10
北京,春季,石峡村,1,1,2
北京,春季,石景山区金顶山涵远台,1,1,8
北京,春季,石景山区黑石头村,1,1,2
北京,春季,石渠公园,1,1,2
北京,春季,石门,1,1,19
北京,春季,石门山景区,1,1,34
北京,春季,神牛路南口公交站,1,1,1
北京,春季,福泽樱暖,1,1,12
北京,春季,福海码头,1,1,9
北京,春季,科育社区,1,1,1
北京,春季,稻田水库-废弃河道地铁沿线,1,1,5
北京,春季,童趣亭西北(潮白河绿道),1,1,13
北京,春季,第四次世界妇女大会纪念公园,1,1,29
北京,春季,紫竹院,1,1,1
北京,春季,紫竹院公园南小湖湖心岛,1,1,2
北京,春季,红领巾公园南门外河沟,1,1,3
北京,春季,红领巾公园南门广场,1,1,3
北京,春季,红领巾公园环湖栈道入口,1,1,12
北京,春季,绿堤公园(北京市丰台区宛平城),1,1,14
北京,春季,绿心公园上码头,1,1,7
北京,春季,翰林庭院,1,1,3
北京,春季,老君堂公园,1,1,2
北京,春季,老山城市休闲公园(北京市石景山区),1,1,33
北京,春季,老龙窝,1,1,6
北京,春季,舒心垂钓园,1,1,15
北京,春季,舞彩浅山,1,1,1
北京,春季,舞彩浅山风景区,1,1,8
北京,春季,花果山景区(房山区涞宝路十渡风景区),1,1,9
北京,春季,苏州街,1,1,1
北京,春季,苗圃,1,1,8
北京,春季,范各庄,1,1,13
北京,春季,范各庄村,1,1,20
北京,春季,草原观光路,1,1,6
北京,春季,药用植物园,1,1,2
北京,春季,莲花池公园(丰台区西三环中路38号),1,1,20
北京,春季,莲花池村,1,1,4
北京,春季,菊源里小区,1,1,9
北京,春季,营盘沟路,1,1,11
北京,春季,落坡岭站,1,1,3
北京,春季,蟹岛度假村,1,1,7
北京,春季,西三环电视塔雨水排排洪口,1,1,17
北京,春季,西北旺马连洼(马连洼北路),1,1,1
北京,春季,西城区中烟商厦西(手帕口北街东),1,1,1
北京,春季,西城区北京动物园金丝猴馆东南50米(月桥西),1,1,13
北京,春季,西城区牛街礼拜寺西北,1,1,6
北京,春季,西城区白云观街北里小区(白云观滨河路南),1,1,4
北京,春季,西城区积水潭什刹海西海湿地公园(西海北沿南),1,1,5
北京,春季,西城区西直门金运大厦B座西(文慧桥西),1,1,1
北京,春季,西城区马甸玫瑰园(马甸桥西北300米),1,1,8
北京,春季,西山四棵树,1,1,1
北京,春季,西峪水库,1,1,9
北京,春季,西沟外,1,1,20
北京,春季,西沟里凤凰坨,1,1,11
北京,春季,西海子公园,1,1,7
北京,春季,西红门南桥,1,1,4
北京,春季,西罗园第二社区19号楼,1,1,2
北京,春季,西郊雨洪调蓄工程,1,1,1
北京,春季,西郊雨洪调蓄工程（西郊砂石坑）,1,1,27
北京,春季,西集于辛庄,1,1,31
北京,春季,观景台-杭州,1,1,9
北京,春季,观鸟台,1,1,9
北京,春季,角楼映秀公园,1,1,9
北京,春季,辉煌假期度假酒店,1,1,18
北京,春季,辛庄,1,1,27
北京,春季,辛庄村,1,1,1
北京,春季,运通桥周边,1,1,8
北京,春季,近春园遗址,1,1,5
北京,春季,远洋沁山水上品小区,1,1,1
北京,春季,通州公园东园(通燕高速南200米),1,1,16
北京,春季,通州区北京乐奇马术俱乐部,1,1,26
北京,春季,通州区北京兴叶马会俱乐部东北300米,1,1,16
北京,春季,通州区北运河桥东北400米(唐通线北),1,1,9
北京,春季,通州区台湖镇外郎营村,1,1,3
北京,春季,通州区城市绿心森林公园足球活动中心西,1,1,4
北京,春季,通州区宋庄镇吴各庄村,1,1,6
北京,春季,通州区张家湾太玉园(张台路北),1,1,7
北京,春季,通州区张家湾镇北仪阁村,1,1,15
北京,春季,通州区永乐店镇,1,1,28
北京,春季,通州区永乐店镇应寺村,1,1,28
北京,春季,通州区温榆河滨河森林公园北区西(温榆河左堤路西),1,1,4
北京,春季,通州区漷县镇小马头,1,1,22
北京,春季,通州区潞城镇武窑村,1,1,16
北京,春季,通州区老马苹果采摘北800米(运河大堤路西),1,1,19
北京,春季,通州区西集镇于辛庄村,1,1,7
北京,春季,通州区运通桥西北沿线,1,1,1
北京,春季,通州区马驹桥湿地公园一期(七支路东200米),1,1,15
北京,春季,通州区马驹桥湿地公园二期,1,1,4
北京,春季,通州大运河沿线,1,1,6
北京,春季,通州张家湾月亮湾小镇凉水河河段,1,1,13
北京,春季,通惠河灌渠与凉水河交汇处,1,1,21
北京,春季,通明湖地区,1,1,20
北京,春季,通蕖桥,1,1,10
北京,春季,邓家窑桥,1,1,4
北京,春季,郭家坞,1,1,32
北京,春季,都市经典家园,1,1,3
北京,春季,醉翁亭,1,1,1
北京,春季,采石北路,1,1,1
北京,春季,野鸭湖,1,1,17
北京,春季,野鸭湖国家湿地公园(康野路),1,1,40
北京,春季,野鸭湖国家湿地公园观鸟平台沿线,1,1,37
北京,春季,金福湿地公园,1,1,16
北京,春季,金茂广场,1,1,26
北京,春季,金融街广场-顺城公园,1,1,1
北京,春季,金隅国际D座,1,1,7
北京,春季,银山塔林法华寺,1,1,5
北京,春季,银枫秋实景区,1,1,11
北京,春季,长城铁花景区,1,1,16
北京,春季,长峪城,1,1,14
北京,春季,长椿苑公园,1,1,8
北京,春季,长阳公园-万亩滨河公园,1,1,11
北京,春季,门头沟 妙峰山,1,1,26
北京,春季,门头沟东灵山,1,1,7
北京,春季,门头沟区京西古道景区,1,1,2
北京,春季,门头沟区京西特产韭园酱菜东北100米(韭石路东),1,1,5
北京,春季,门头沟区北京山水依缘度假村南400米,1,1,2
北京,春季,门头沟区妙峰山镇水峪嘴村,1,1,6
北京,春季,门头沟区永定北京双吉制药有限公司东北(石龙西路东),1,1,4
北京,春季,门头沟区永定镇下狼窝,1,1,9
北京,春季,门头沟区清水镇洪水口村,1,1,4
北京,春季,门头沟区潭柘寺镇石粱,1,1,24
北京,春季,门头沟区王平镇南港村,1,1,9
北京,春季,门头沟永定天主堂北50米(石龙西路北),1,1,6
北京,春季,阜石路第一社区,1,1,1
北京,春季,阪泉体育公园,1,1,17
北京,春季,阳光星期八公园(北京市海淀区永定路),1,1,7
北京,春季,阶台花园,1,1,18
北京,春季,陶然亭公园(北京市西城区太平街19号),1,1,11
北京,春季,雁栖河(北京市怀柔区葛各庄路),1,1,11
北京,春季,雁栖河杨宋桥至怀河京承高架桥下,1,1,9
北京,春季,雁栖湖水上基地皮划艇基地,1,1,6
北京,春季,霞云岭金水湖景区(北京市房山区),1,1,11
北京,春季,青少年户外体育活动营地,1,1,17
北京,春季,青年湖公园,1,1,11
北京,春季,青龙湖水岸湿地公园,1,1,13
北京,春季,顺义人才公园,1,1,10
北京,春季,顺义区京平潮白河桥南600米(S32南),1,1,5
北京,春季,顺义区减河公园左堤路西侧,1,1,1
北京,春季,顺义区北京舒驰美德建筑工程有限公司(左堤路西),1,1,7
北京,春季,顺义区后沙峪罗马湖公园东200米(天北路东),1,1,13
北京,春季,顺义区后沙峪镇沙子营闸,1,1,12
北京,春季,顺义区汉石桥湿地公园(S224西),1,1,39
北京,春季,顺义区汉石桥湿地公园(S224西150米),1,1,65
北京,春季,顺义区滨河公园(右堤路北),1,1,3
北京,春季,顺义区滨河公园北400米(左堤辅线南),1,1,8
北京,春季,顺义区花博会主题公园(机场北线南路北50米),1,1,8
北京,春季,顺义区马坡镇千亩健身步道森林公园(公园北路南),1,1,19
北京,春季,顺义新城滨河森林公园三区,1,1,9
北京,春季,顺义新城滨河森林公园管理处东400米,1,1,7
北京,春季,顺义新城滨河森林公园（潮白河）,1,1,6
北京,春季,颐和园(东堤),1,1,23
北京,春季,颐和园(西堤),1,1,2
北京,春季,颐和园-北宫门,1,1,31
北京,春季,颐和园-柳桥,1,1,1
北京,春季,颐和园-西堤,1,1,15
北京,春季,颐和园––团城湖及周边,1,1,14
北京,春季,颐和园团城湖水闸,1,1,21
北京,春季,颐和园昆明湖,1,1,6
北京,春季,颐和园西堤团城湖,1,1,1
北京,春季,颐和园西湖码头附近,1,1,18
北京,春季,颐和园西线团城湖及周边,1,1,15
北京,春季,颐和园西门附近运水渠,1,1,13
北京,春季,飞鸟与鸣虫农场,1,1,10
北京,春季,首钢园,1,1,2
北京,春季,香山绿色果品观光采摘园,1,1,2
北京,春季,马场及野鸭湖湿地公园,1,1,47
北京,春季,马庄跨线桥,1,1,1
北京,春季,马驹桥湿地公园一期（后堰上村））,1,1,12
北京,春季,高井,1,1,1
北京,春季,高古庄村,1,1,4
北京,春季,高家堡村(北京市大兴区),1,1,2
北京,春季,高岭公交站,1,1,4
北京,春季,鸿仪四方,1,1,25
北京,春季,鹿圈桥,1,1,8
北京,春季,鹿鸣海,1,1,4
北京,春季,黄村公园,1,1,10
北京,春季,黄松峪水库,1,1,21
北京,春季,黄花城水长城公园,1,1,3
北京,春季,黄草洼村,1,1,2
北京,春季,黎各庄,1,1,5
北京,春季,黑山寨村,1,1,3
北京,春季,黑山寨村西,1,1,16
北京,春季,龙云山风景区,1,1,3
北京,春季,龙山,1,1,14
北京,春季,龙庆峡风景区,1,1,4
北京,春季,龙泉驾校(冷泉东路校区),1,1,4
北京,春季,龙神庙,1,1,14
北京,春季,龙门涧风景区,1,1,3
北京,夏季,乐活中堤,209,334,45
北京,夏季,奥森南园,137,167,37
北京,夏季,国家植物园北园,130,172,41
北京,夏季,昌平新城滨河森林公园巩华城半岛,128,179,46
北京,夏季,北京市密云区朱家湾村清水河,98,121,56
北京,夏季,颐和园,86,101,41
北京,夏季,奥森北园,83,113,41
北京,夏季,北京奥林匹克森林公园南园,71,95,32
北京,夏季,天坛公园,69,86,29
北京,夏季,龙潭西湖公园,67,101,29
北京,夏季,奥林匹克森林公园北园,58,93,38
北京,夏季,玉渊潭公园,55,78,32
北京,夏季,官庄公园,51,74,30
北京,夏季,北京天坛公园,45,59,28
北京,夏季,北京沙河水库,45,58,50
北京,夏季,巩华城半岛（北沙河南岸）,44,53,48
北京,夏季,太阳宫公园,44,44,27
北京,夏季,北京圆明园遗址公园,41,79,43
北京,夏季,门头沟小龙门林场,36,50,39
北京,夏季,滨河森林公园-沙河水库,34,37,49
北京,夏季,密云区太师屯镇小漕村,31,32,22
北京,夏季,奥林匹克森林公园南园,30,38,34
北京,夏季,密云水库周边,30,31,64
北京,夏季,北京南海子公园,28,31,53
北京,夏季,圆明园遗址公园,28,30,38
北京,夏季,沿河城,27,28,36
北京,夏季,密云水库不老屯天文台,26,28,34
北京,夏季,百望山森林公园,25,29,35
北京,夏季,北京玉渊潭公园,24,78,38
北京,夏季,常乐村(北京市海淀区),22,26,37
北京,夏季,国家植物园,21,26,36
北京,夏季,朱家湾村,21,21,40
北京,夏季,上庄镇西马坊村,20,26,30
北京,夏季,妙峰山森林公园玫瑰谷,19,23,31
北京,夏季,昌平新城滨河森林公园,19,23,38
北京,夏季,青白口桥,19,23,47
北京,夏季,大宁水库-乐活中堤（即滞洪水库）-废弃河道,19,21,32
北京,夏季,石匣村,19,20,22
北京,夏季,小龙门狗食槽,18,21,25
北京,夏季,古北口镇,18,19,59
北京,夏季,幽州大峡谷,18,19,20
北京,夏季,永定河崖沙燕巢,18,18,17
北京,夏季,园外园·中坞公园(北京市海淀区),17,21,23
北京,夏季,东灵山,17,19,50
北京,夏季,密云水库,17,17,67
北京,夏季,幽州大峡谷(北京市门头沟区沿河城附近),17,17,37
北京,夏季,南苑森林湿地公园,15,31,37
北京,夏季,紫竹院公园,15,15,18
北京,夏季,镇辽门东,15,15,24
北京,夏季,宋庄蓄滞洪公园,14,35,55
北京,夏季,海淀区上庄镇东马坊村,14,25,30
北京,夏季,沙河昌平新城滨河森林公园,14,18,36
北京,夏季,奥林匹克森林公园南园(北京市朝阳区),14,17,40
北京,夏季,北京大学,14,16,32
北京,夏季,颐和园-西门,14,16,23
北京,夏季,柳荫公园,14,15,28
北京,夏季,沙河昌平新城滨河森林公园(巩华城半岛外周边),14,14,38
北京,夏季,大运河森林公园,13,21,38
北京,夏季,昌平巩华城新城滨河森林公园及周边,13,14,40
北京,夏季,北京密云水库,13,13,56
北京,夏季,幽州峡谷,13,13,44
北京,夏季,北京市昌平区沙河水库,12,16,48
北京,夏季,巩华城半岛,12,15,32
北京,夏季,密云区太师屯镇泉河,12,13,9
北京,夏季,国家植物园北园（原北京植物园）,12,12,38
北京,夏季,潮河关桥,12,12,19
北京,夏季,绿海运动公园,12,12,15
北京,夏季,将府公园,11,19,25
北京,夏季,门头沟沿河城,11,13,45
北京,夏季,陶然亭公园,11,13,25
北京,夏季,中坞公园,11,12,24
北京,夏季,朝阳公园,11,11,31
北京,夏季,凤港减河,10,20,43
北京,夏季,沙河水库,10,19,48
北京,夏季,北海公园,10,16,21
北京,夏季,奥林匹克森林公园北园大坑,10,11,28
北京,夏季,小漕村外崖壁及潮河沿岸,10,10,12
北京,夏季,朝阳区太阳宫公园(四环南),10,10,21
北京,夏季,河西村西南树林,10,10,21
北京,夏季,北京翠湖湿地公园,9,23,41
北京,夏季,白浮泉公园,9,14,32
北京,夏季,房山区乐活中堤南100米,9,10,45
北京,夏季,密云区北庄镇朱家湾村清水河,9,9,30
北京,夏季,清华大学,9,9,12
北京,夏季,云岗森林公园,8,17,30
北京,夏季,北京园博园,8,13,42
北京,夏季,北京动物园,8,11,19
北京,夏季,北京市国家植物园,8,9,28
北京,夏季,故宫博物院,8,9,7
北京,夏季,朝阳区南磨房官庄公园(广渠东路南300米),8,9,19
北京,夏季,老山城市休闲公园,8,9,7
北京,夏季,萧太后河（田家府段）,8,9,24
北京,夏季,东城区龙潭西湖公园(龙潭路南),8,8,22
北京,夏季,密云区不老屯镇学各庄村,8,8,42
北京,夏季,念坛公园,7,12,30
北京,夏季,马家湾湿地公园,7,10,34
北京,夏季,巩华城,7,9,24
北京,夏季,国家植物园梅园水景观光区,7,8,31
北京,夏季,不老屯天文台,7,7,38
北京,夏季,北京奥林匹克公园-静心池,7,7,20
北京,夏季,北京奥森公园,7,7,21
北京,夏季,密云北庄清水河(密云区芦北公路南50米),7,7,44
北京,夏季,密云区北京石匣碧水甘薯种植专业合作社西(东石路南),7,7,14
北京,夏季,小漕村,7,7,10
北京,夏季,朝阳区奥运村奥林匹克森林公园(沉水廊道西),7,7,27
北京,夏季,红领巾公园,6,24,23
北京,夏季,宛平湖大宁水库乐活中堤永定河废弃河道,6,12,51
北京,夏季,小龙门国家级森林公园,6,9,27
北京,夏季,北京植物园(北京市海淀区香山路),6,8,30
北京,夏季,宋庄蓄滞洪区-二期,6,8,38
北京,夏季,海淀区北坞公园(金河路南),6,8,36
北京,夏季,北京园博园-园博功能湿地,6,7,22
北京,夏季,灵山自然风景区,6,7,32
北京,夏季,北京奥林匹克公园,6,6,26
北京,夏季,北京市北京市东城区天坛公园-西门,6,6,25
北京,夏季,南海子麋鹿苑,6,6,38
北京,夏季,密云区太师屯镇密古路(城子村),6,6,13
北京,夏季,康西草原马场,6,6,46
北京,夏季,景山公园,6,6,10
北京,夏季,北京市奥林匹克森林公园,5,9,40
北京,夏季,北京市通州区北运河,5,9,35
北京,夏季,上庄水库(北京市海淀区),5,7,37
北京,夏季,圆明园遗址公园(海淀区清华西路28号),5,6,36
北京,夏季,妙峰山,5,6,31
北京,夏季,昌平巩华城半岛周边,5,6,46
北京,夏季,颐和园(团城湖区域),5,6,24
北京,夏季,北京市天坛公园,5,5,23
北京,夏季,北京海淀玉渊潭公园,5,5,29
北京,夏季,北京莲花池公园,5,5,7
北京,夏季,北植,5,5,34
北京,夏季,国家植物园北园-东南门,5,5,29
北京,夏季,国家植物园北园和南园,5,5,28
北京,夏季,大小黄岩河,5,5,6
北京,夏季,奥森南园西线,5,5,25
北京,夏季,宛平湖,5,5,30
北京,夏季,小龙门南沟,5,5,20
北京,夏季,小龙门牛郎峪,5,5,17
北京,夏季,巩华城沙河,5,5,31
北京,夏季,昌平滨河森林公园,5,5,10
北京,夏季,海淀公园,5,5,26
北京,夏季,潭王路,5,5,18
北京,夏季,点兵台,5,5,16
北京,夏季,翠湖国家城市湿地公园,5,5,21
北京,夏季,房山新城滨水森林公园,4,15,29
北京,夏季,元大都遗址公园,4,13,11
北京,夏季,东小口森林公园,4,8,29
北京,夏季,玲珑公园,4,8,12
北京,夏季,罗马湖东,4,7,17
北京,夏季,稻香云林,4,6,23
北京,夏季,通州区东郊森林湿地公园,4,6,31
北京,夏季,北运河漷县杨堤村段,4,5,31
北京,夏季,大兴区南海子公园二期,4,5,28
北京,夏季,门头沟区王平镇潭王路(白道子),4,5,26
北京,夏季,北京市植物园北园,4,4,32
北京,夏季,北京市海淀区上庄乡常乐村村民委员会南(马坊中路西),4,4,8
北京,夏季,北京野生动物园,4,4,15
北京,夏季,北天堂公园,4,4,17
北京,夏季,南海子公园,4,4,28
北京,夏季,大兴区西北永定河畔,4,4,7
北京,夏季,妙峰山玫瑰梯田观景平台,4,4,20
北京,夏季,密云水库大小曹村库滨带,4,4,4
北京,夏季,房山区佛子庄乡教军场,4,4,9
北京,夏季,昌平区沙河巩华城地铁站东50米,4,4,22
北京,夏季,暖泉会村,4,4,25
北京,夏季,朝阳区南磨房官庄公园(官庄路东150米),4,4,20
北京,夏季,朝阳区奥运村奥林匹克森林公园(天辰路西),4,4,26
北京,夏季,朱家湾,4,4,25
北京,夏季,朱家湾村附近清水河,4,4,47
北京,夏季,沙河巩华城地铁站(昌平新城滨河森林公园西),4,4,13
北京,夏季,沙河昌平新城滨河森林公园东50米,4,4,12
北京,夏季,沿河城村,4,4,35
北京,夏季,灵山地区,4,4,23
北京,夏季,牛口峪水库,4,4,22
北京,夏季,百花山主峰,4,4,15
北京,夏季,门头沟沿河城站,4,4,20
北京,夏季,龙潭中湖,4,4,24
北京,夏季,宣武艺园,3,9,12
北京,夏季,怀柔城市森林公园,3,8,23
北京,夏季,东小口城市休闲公园(北京市昌平区),3,7,16
北京,夏季,东郊森林公园华北树木园(北京市通州区),3,6,33
北京,夏季,北京植物园(北京市海淀区),3,6,20
北京,夏季,北科建水岸雁栖,3,6,38
北京,夏季,沙河北岸,3,6,42
北京,夏季,金盏森林公园,3,6,19
北京,夏季,丰台区莲花池公园(莲花池南路北200米),3,5,16
北京,夏季,凉水河通州段,3,5,23
北京,夏季,北长河,3,5,37
北京,夏季,百花山保护区,3,5,22
北京,夏季,国家植物园南园,3,4,11
北京,夏季,定慧公园,3,4,10
北京,夏季,密云区高岭镇人民政府(高岭村政府路8号),3,4,17
北京,夏季,河西村,3,4,21
北京,夏季,清河之源,3,4,15
北京,夏季,东郊湿地公园,3,3,38
北京,夏季,中山公园,3,3,9
北京,夏季,北京北海公园,3,3,12
北京,夏季,北京市大兴区南海子公园,3,3,22
北京,夏季,北京市大兴区永定河大桥北侧,3,3,2
北京,夏季,北京市密云区朱家湾密羽步道,3,3,27
北京,夏季,北京市海淀区北京植物园,3,3,29
北京,夏季,北京师范大学,3,3,7
北京,夏季,北京朝阳公园,3,3,17
北京,夏季,北京永定河废弃河道,3,3,37
北京,夏季,北京鹫峰国家森林公园,3,3,17
北京,夏季,北沙河南岸,3,3,22
北京,夏季,北沙河及巩华城半岛,3,3,41
北京,夏季,南沙河翠湖南路,3,3,20
北京,夏季,南海子公园二期,3,3,30
北京,夏季,古北口镇-河西村,3,3,39
北京,夏季,后海,3,3,10
北京,夏季,国家天文台密云站,3,3,14
北京,夏季,国家植物园中国科学院植物研究所北门,3,3,33
北京,夏季,国家植物园北园-绚秋园,3,3,11
北京,夏季,地坛公园,3,3,9
北京,夏季,城市绿心森林公园,3,3,36
北京,夏季,大运河森林公园柳舟,3,3,36
北京,夏季,天坛,3,3,16
北京,夏季,奥林匹克森林公园,3,3,24
北京,夏季,奥林匹克森林公园（奥森）南园,3,3,5
北京,夏季,妙峰山玫瑰园,3,3,21
北京,夏季,宛平湖-大宁水库,3,3,19
北京,夏季,密云区北庄镇朱家湾村,3,3,44
北京,夏季,密云区北庄镇牛郎峪,3,3,12
北京,夏季,密云区高岭镇宝家洼,3,3,3
北京,夏季,巩华城滨河森林公园及半岛周边,3,3,44
北京,夏季,房山区军红路(教军场),3,3,10
北京,夏季,房山大石河,3,3,9
北京,夏季,暖泉会(北京市密云区),3,3,16
北京,夏季,朝阳区奥运村奥林匹克森林公园(奥林西路北150米),3,3,31
北京,夏季,朱家湾清水河,3,3,31
北京,夏季,水峪嘴村,3,3,10
北京,夏季,永定公园,3,3,25
北京,夏季,永定绿海运动公园,3,3,15
北京,夏季,汉石桥湿地自然保护区,3,3,17
北京,夏季,沙河昌平新城滨河森林公园东100米,3,3,4
北京,夏季,沙河水库南沙河,3,3,17
北京,夏季,海淀区上庄镇常乐村,3,3,20
北京,夏季,灵山自然风景区(北京市门头沟区灵山路),3,3,18
北京,夏季,玉渡山风景区,3,3,14
北京,夏季,通州区绿心公园湿地保育区,3,3,33
北京,夏季,道边,3,3,19
北京,夏季,野鸭湖湿地公园,3,3,22
北京,夏季,门头沟东灵山,3,3,32
北京,夏季,门头沟区百花山自然风景区,3,3,9
北京,夏季,颐和园—团城湖,3,3,30
北京,夏季,颐和园团城湖,3,3,29
北京,夏季,龙潭中湖公园,3,3,11
北京,夏季,龙潭公园,3,3,15
北京,夏季,北京环球度假区,2,19,37
北京,夏季,崔各庄黑桥公园,2,16,21
北京,夏季,三星庄后河,2,12,26
北京,夏季,崔家窑,2,8,24
北京,夏季,百望山282,2,8,17
北京,夏季,南旱河,2,6,21
北京,夏季,重兴寺公园,2,5,13
北京,夏季,马驹桥湿地公园-一期,2,5,23
北京,夏季,齐物潭,2,5,8
北京,夏季,东石公园,2,4,27
北京,夏季,元大都城垣遗址公园,2,4,10
北京,夏季,北京植物园北园,2,4,15
北京,夏季,大宗高尔夫,2,4,45
北京,夏季,中国科学院大学雁栖湖校区西区,2,3,34
北京,夏季,北京园博园-湿地展园,2,3,23
北京,夏季,北京奥林匹克公园湿地(北京市朝阳区),2,3,11
北京,夏季,北京市奥林匹克森林公园-南园,2,3,26
北京,夏季,北京绿洲丰盈高尔夫球会,2,3,32
北京,夏季,北农林场,2,3,8
北京,夏季,北土城东路元大都遗址公园,2,3,20
北京,夏季,右堤路大宁水库（北京银泰鸿业高尔夫）,2,3,24
北京,夏季,园博园功能湿地（晓月湖芦苇）,2,3,20
北京,夏季,宋庄文化公园,2,3,6
北京,夏季,小龙门国家森林公园,2,3,14
北京,夏季,巩华城地铁站路西,2,3,4
北京,夏季,御康公园,2,3,21
北京,夏季,日坛公园,2,3,3
北京,夏季,树村公园,2,3,9
北京,夏季,温榆河孙河河段,2,3,31
北京,夏季,玉渊潭 公园,2,3,22
北京,夏季,百花山自然保护区（百花山管理站）,2,3,8
北京,夏季,碓臼峪,2,3,11
北京,夏季,西山林场卧佛寺分场,2,3,17
北京,夏季,门头沟区永定电建·金地华宸东南(龙兴南一路西),2,3,18
北京,夏季,首都经济贸易大学(花乡张家路口121号),2,3,5
北京,夏季,丁香园(北京市海淀区颐阳山水居西区),2,2,11
北京,夏季,上庄水库,2,2,22
北京,夏季,东城区 柳荫公园,2,2,20
北京,夏季,东庄(东石路),2,2,12
北京,夏季,两山公园,2,2,18
北京,夏季,中国科学院大学雁栖湖校区,2,2,31
北京,夏季,丰台区南苑森林湿地公园1期(槐房南路东),2,2,15
北京,夏季,云梦仙境,2,2,5
北京,夏季,亦庄新城滨河森林公园(亦庄滨河森林公园),2,2,12
北京,夏季,亦庄通明湖公园,2,2,21
北京,夏季,什刹海公园,2,2,2
北京,夏季,什刹海西海湿地公园,2,2,11
北京,夏季,八达岭古长城自然风景区,2,2,7
北京,夏季,八达岭长城-八达岭国际友谊林,2,2,17
北京,夏季,北京中山公园,2,2,6
北京,夏季,北京会议中心,2,2,17
北京,夏季,北京动物园-水禽湖,2,2,7
北京,夏季,北京天安门广场,2,2,4
北京,夏季,北京小龙门森林公园,2,2,22
北京,夏季,北京市东城区天坛公园-生态科普园,2,2,9
北京,夏季,北京市丰台区云岗森林公园,2,2,15
北京,夏季,北京市丰台区绿堤公园宛平湖,2,2,14
北京,夏季,北京市大兴区兴海公园,2,2,10
北京,夏季,北京市莲花池公园,2,2,13
北京,夏季,北京市通州区通州大运河森林公园,2,2,28
北京,夏季,北京师范大学附属实验中学,2,2,3
北京,夏季,北京林业大学,2,2,21
北京,夏季,北京航空航天大学,2,2,7
北京,夏季,北京西山国家森林公园,2,2,12
北京,夏季,北京雁栖湖国际会展中心,2,2,18
北京,夏季,北京首都国际机场T3航站楼,2,2,4
北京,夏季,北运河通州段,2,2,14
北京,夏季,十三陵水库,2,2,8
北京,夏季,千灵山,2,2,10
北京,夏季,南石洋大峡谷,2,2,10
北京,夏季,南礼士路公园,2,2,7
北京,夏季,南长河公园,2,2,11
北京,夏季,周庄子家园东(泥洼东路),2,2,6
北京,夏季,和平月季园,2,2,23
北京,夏季,唐指山水库,2,2,8
北京,夏季,团城湖,2,2,11
北京,夏季,国家大剧院,2,2,10
北京,夏季,国家植物园北园梅园水景区,2,2,17
北京,夏季,圆明园-鉴碧亭,2,2,37
北京,夏季,圆明园遗址公园西线,2,2,24
北京,夏季,大兴区京雄高速出口西南300米(左堤路西),2,2,11
北京,夏季,大兴区南海子公园(三海子二号路南300米),2,2,19
北京,夏季,大石河红领巾公园北侧,2,2,16
北京,夏季,大运河高尔夫球俱乐部,2,2,20
北京,夏季,大鹏宝地,2,2,9
北京,夏季,天坛公园(北京市东城区天坛东路甲1号),2,2,18
北京,夏季,天坛公园北天门东北,2,2,10
北京,夏季,天坛公园科普园,2,2,6
北京,夏季,天坛苗圃,2,2,15
北京,夏季,奥林匹克森林公园南园五环亭至潜流湿地,2,2,16
北京,夏季,奥森公园南园,2,2,32
北京,夏季,奥森奥森南园,2,2,27
北京,夏季,奥海,2,2,29
北京,夏季,奥运村奥林匹克森林公园南园(沉水廊道),2,2,3
北京,夏季,学各庄(不老屯东路),2,2,15
北京,夏季,安慧桥,2,2,2
北京,夏季,官厅水库（野鸭湖-康西草原-马场沿线）,2,2,20
北京,夏季,寂静岭,2,2,17
北京,夏季,密云区高岭镇东庄,2,2,7
北京,夏季,小龙门森林公园,2,2,27
北京,夏季,巩华城[地铁站],2,2,22
北京,夏季,巩华城新城滨河森林公园,2,2,18
北京,夏季,延庆区八达岭长城,2,2,31
北京,夏季,延庆百里画廊,2,2,5
北京,夏季,御稻1692-京西稻国家级农产品地理标志示范样板创建基地,2,2,12
北京,夏季,怀柔水库,2,2,29
北京,夏季,怀柔滨河森林公园,2,2,16
北京,夏季,恒通商务园,2,2,10
北京,夏季,慕田峪长城,2,2,3
北京,夏季,房山区北京银泰鸿业高尔夫俱乐部,2,2,21
北京,夏季,房山区稻田水库,2,2,22
北京,夏季,房山区长阳镇大宁村,2,2,12
北京,夏季,昌平区沙河巩华城地铁站东北150米,2,2,41
北京,夏季,昌平新城滨河森林公园及周边,2,2,17
北京,夏季,望京公园,2,2,13
北京,夏季,朝阳区南磨房官庄公园(官庄路东),2,2,18
北京,夏季,朝阳区奥运村北京奥林匹克公园(沉水廊道南100米),2,2,32
北京,夏季,朝阳区奥运村奥林匹克森林公园(清河路南300米),2,2,29
北京,夏季,朝阳区奥运村奥林匹克森林公园湿地,2,2,8
北京,夏季,未来科学城滨水公园,2,2,21
北京,夏季,桑园村(Y612),2,2,24
北京,夏季,樱桃沟植物园,2,2,25
北京,夏季,沉水廊道,2,2,4
北京,夏季,沙河昌平新城滨河森林公园及半岛外周边,2,2,6
北京,夏季,沙河昌平新城滨河森林公园西南,2,2,7
北京,夏季,沙河水库及周边,2,2,47
北京,夏季,沙河水库西岸南岸南沙河北岸,2,2,12
北京,夏季,沿河城站,2,2,20
北京,夏季,海淀区上庄镇西马坊村,2,2,23
北京,夏季,海淀区玉渊潭公园,2,2,5
北京,夏季,海淀区荷颐苑东北(支四路东),2,2,8
北京,夏季,清河之洲,2,2,9
北京,夏季,清源公园,2,2,20
北京,夏季,滨河公园,2,2,7
北京,夏季,灵山平台,2,2,6
北京,夏季,牛口峪湿地公园,2,2,22
北京,夏季,狼垡城市森林公园,2,2,16
北京,夏季,玉渊潭公园-西门附近,2,2,22
北京,夏季,百望山森林公园282步道猛禽迁徙监测点,2,2,16
北京,夏季,百望山森林公园秋季猛禽监测点,2,2,16
北京,夏季,百花山自然风景区,2,2,11
北京,夏季,西海,2,2,18
北京,夏季,转河小憩园,2,2,10
北京,夏季,通州区张家湾公园(上店北路南100米),2,2,24
北京,夏季,通州堰宋庄蓄滞洪区,2,2,30
北京,夏季,长城脚下的公社(北京市延庆区),2,2,35
北京,夏季,长峪城,2,2,16
北京,夏季,门头沟区潭柘寺镇石粱,2,2,12
北京,夏季,门头沟区灵山自然风景区,2,2,26
北京,夏季,雁栖湖,2,2,24
北京,夏季,顺义区市民亲水垂钓区西100米(左堤路南),2,2,22
北京,夏季,顺义潮白河滨河森林公园,2,2,30
北京,夏季,颐和园-昆明湖团城湖,2,2,10
北京,夏季,香山公园,2,2,3
北京,夏季,高桑路,2,2,19
北京,夏季,黄花梁,2,2,11
北京,夏季,龙潭湖公园,2,2,2
北京,夏季,合生·滨江帝景,1,16,12
北京,夏季,旺景公园,1,11,13
北京,夏季,北京朝来森林公园,1,9,26
北京,夏季,沙河水库西岸,1,8,36
北京,夏季,分钟寺,1,7,20
北京,夏季,通州区北京小海字健身训练营东南100米(张凤路东),1,7,30
北京,夏季,雁栖河至怀河(北京市怀柔区葛各庄路),1,7,26
北京,夏季,北京市通州区漷县镇西定安村,1,6,8
北京,夏季,小中河,1,6,21
北京,夏季,温榆河桥,1,6,23
北京,夏季,平谷区黄松峪乡黑豆峪村,1,5,16
北京,夏季,水南-桑园-高古庄村,1,5,25
北京,夏季,海淀区苏家坨镇土桥柳林河,1,5,23
北京,夏季,潮白河通州段,1,5,18
北京,夏季,胡家村(北京市通州区),1,5,32
北京,夏季,东龙湾,1,4,9
北京,夏季,云岗森林公园-西门,1,4,19
北京,夏季,何里栖地公园,1,4,14
北京,夏季,北京温榆河公园-东园,1,4,16
北京,夏季,妫水（北关相思公园段）2,1,4,24
北京,夏季,田园牧歌,1,4,1
北京,夏季,青年之家公寓,1,4,19
北京,夏季,东单公园,1,3,13
北京,夏季,东洲家园(北京市朝阳区来广营北路88号),1,3,5
北京,夏季,中国资源卫星应用中心,1,3,1
北京,夏季,北京市园林绿化科学研究院,1,3,10
北京,夏季,北小河,1,3,21
北京,夏季,南海子公园(北京市大兴区),1,3,15
北京,夏季,天宁寺桥,1,3,16
北京,夏季,奥林匹克森林公园北苑桃花沟,1,3,24
北京,夏季,奥运村北京奥林匹克公园(天辰东路),1,3,1
北京,夏季,小皮营(福东街),1,3,6
北京,夏季,房山区小令湖西南300米,1,3,15
北京,夏季,沙河镇,1,3,24
北京,夏季,灵山,1,3,26
北京,夏季,逸翠园南区,1,3,3
北京,夏季,万丰公园,1,2,7
北京,夏季,不老屯镇,1,2,32
北京,夏季,中国人民大学附属中学（人大附中本部）,1,2,11
北京,夏季,丰台区宛平湖,1,2,4
北京,夏季,凉水河丰台段,1,2,21
北京,夏季,凤河和柏凤沟交叉口(通州区),1,2,27
北京,夏季,北京农业职业学院(长阳校区),1,2,1
北京,夏季,北京华文学院(北京市昌平区七北路69号),1,2,11
北京,夏季,北京大学肖家河教工住宅(北京市海淀区),1,2,6
北京,夏季,北京师范大学亚太实验学校,1,2,1
北京,夏季,北京石景山游乐园,1,2,1
北京,夏季,北京语言大学,1,2,10
北京,夏季,北海公园小西天,1,2,2
北京,夏季,南海子公园鹿鸣海,1,2,12
北京,夏季,园博园,1,2,20
北京,夏季,圆明园遗址公园绮春园景区,1,2,17
北京,夏季,大兴区旧宫朗润园2期(旧桥路东50米),1,2,5
北京,夏季,大兴区青云店镇老观里村,1,2,29
北京,夏季,大宁水库-乐活中堤,1,2,25
北京,夏季,大望京公园-东园,1,2,7
北京,夏季,奥林匹克森林公园（奥森）全域,1,2,7
北京,夏季,官庄公园湖边,1,2,10
北京,夏季,延芳淀湿地,1,2,24
北京,夏季,怀柔水库东岸,1,2,17
北京,夏季,房山区小令湖西400米,1,2,11
北京,夏季,房山区长阳小清河桥北(长阳路),1,2,17
北京,夏季,新凤河,1,2,18
北京,夏季,昌平区南口镇凤凰山,1,2,12
北京,夏季,昌平区摩崖石刻,1,2,13
北京,夏季,昌平滨河公园,1,2,1
北京,夏季,朝阳区北京质信恒通混凝土有限公司东(来广营北路西),1,2,19
北京,夏季,李县坟公交站,1,2,12
北京,夏季,水岸雁栖,1,2,38
北京,夏季,永定湖公园,1,2,11
北京,夏季,沙河昌平新城滨河森林公园西,1,2,34
北京,夏季,沙河水库南岸,1,2,28
北京,夏季,沙河水库新城滨河森林公园,1,2,11
北京,夏季,沮沟桥,1,2,28
北京,夏季,海淀区圆明园遗址公园(南大桥北200米),1,2,39
北京,夏季,清河大桥东侧河段,1,2,3
北京,夏季,漕运码头,1,2,18
北京,夏季,潭柘寺镇绝石梁-石梁,1,2,10
北京,夏季,燕山学堂,1,2,22
北京,夏季,玉东郊野公园,1,2,25
北京,夏季,玉渊潭,1,2,12
北京,夏季,玉渊潭公园(海淀区西三环中路10号),1,2,36
北京,夏季,百里画廊宾榔沟和黄木沟,1,2,3
北京,夏季,红桥市场,1,2,1
北京,夏季,肖家河公园,1,2,14
北京,夏季,药用植物园,1,2,1
北京,夏季,西山绿道(石景山段),1,2,7
北京,夏季,西门子大厦,1,2,1
北京,夏季,辛庄,1,2,18
北京,夏季,通州区马驹桥镇柴务村,1,2,20
北京,夏季,郑各庄温榆河公园,1,2,7
北京,夏季,陆谟克堂,1,2,1
北京,夏季,雁栖河科学城段(北京市怀柔区),1,2,11
北京,夏季,颐和园-十七孔桥,1,2,3
北京,夏季,马驹桥湿地公园-二期,1,2,17
北京,夏季,高米店公园,1,2,8
北京,夏季,798艺术区,1,1,8
北京,夏季,TempleofHeavenPark,1,1,1
北京,夏季,万宁桥,1,1,8
北京,夏季,三家店蒲草湿地公园,1,1,7
北京,夏季,三里屯东五街,1,1,1
北京,夏季,三里河南横街4号院,1,1,1
北京,夏季,上地佳园,1,1,10
北京,夏季,不老屯(不老屯东路),1,1,1
北京,夏季,不老屯东路南段附近,1,1,1
北京,夏季,东坝郊野公园,1,1,10
北京,夏季,东城区亮马河公园,1,1,6
北京,夏季,东城区北新桥雍和宫地铁站(雍和宫大街),1,1,6
北京,夏季,东城区天坛公园科普园,1,1,2
北京,夏季,东城区天坛公园科普园西北100米(天坛路南),1,1,7
北京,夏季,东城国际人才公园,1,1,6
北京,夏季,东夏园地铁站,1,1,1
北京,夏季,东小口森林公园二期北区,1,1,7
北京,夏季,东方时尚驾校,1,1,2
北京,夏季,东湖港风景区,1,1,16
北京,夏季,东石路,1,1,2
北京,夏季,东郊森林公园华北树木园,1,1,5
北京,夏季,东郊森林湿地公园(北京市顺义区),1,1,31
北京,夏季,东马坊村(马坊中路),1,1,11
北京,夏季,中共中央党校,1,1,3
北京,夏季,中关村森林公园,1,1,12
北京,夏季,中国人民大学,1,1,1
北京,夏季,中国人民大学主校区,1,1,1
北京,夏季,中国农业大学东校区,1,1,1
北京,夏季,中国农业大学西校区,1,1,5
北京,夏季,中国农业科学院,1,1,2
北京,夏季,中国科学院北京森林生态系统定位研究站,1,1,7
北京,夏季,中国科学院国家空间科学中心,1,1,6
北京,夏季,中国科学院大学(雁栖湖校区)-观隼台,1,1,1
北京,夏季,中国科学院大学一公寓西侧池塘（蝗莺荷塘）,1,1,9
北京,夏季,中国科学院大学两弹一星路/国科北路路口北侧（雀鹰路口）,1,1,20
北京,夏季,中国科学院大学（雁栖湖）,1,1,1
北京,夏季,中央音乐学院,1,1,4
北京,夏季,中海凯旋,1,1,1
北京,夏季,中科院高能物理所对撞机实验区,1,1,1
北京,夏季,丰台区北京园博园(银杏大道东150米),1,1,15
北京,夏季,丰台区北京园博园湿地展园西南100米(河堤路西),1,1,21
北京,夏季,丰台区卢沟桥晓月公园(环湖路南),1,1,19
北京,夏季,丰台区康景城市休闲公园(小瓦窑西路西),1,1,4
北京,夏季,丰台区花乡世界名园(丰葆路南300米),1,1,12
北京,夏季,丰台区莲花池公园莲花仙子与藕郎东南(莲花池南路北),1,1,7
北京,夏季,丰台区马家堡南华小区(角门南路南),1,1,3
北京,夏季,临波中路与运粮引河路交叉口,1,1,5
北京,夏季,乐府江南,1,1,1
北京,夏季,九棵树通州云景公园(云景西路西),1,1,3
北京,夏季,于家务村,1,1,1
北京,夏季,五里桥公园,1,1,13
北京,夏季,京东大峡谷,1,1,2
北京,夏季,京良路南永定河,1,1,46
北京,夏季,什刹海公园(西城区地安门西大街49号),1,1,6
北京,夏季,佛子庄乡陈家台村,1,1,1
北京,夏季,健德门,1,1,1
北京,夏季,元土城遗址公园(北京市海淀区),1,1,14
北京,夏季,元大都城垣遗址公园(安贞西里小区北)大都建典,1,1,5
北京,夏季,兆维工业园,1,1,2
北京,夏季,先农坛,1,1,2
北京,夏季,全国农业展览馆,1,1,6
北京,夏季,全国农业展览馆9号馆,1,1,20
北京,夏季,全国农业展览馆（农展馆）,1,1,14
北京,夏季,全聚德烤鸭店(奥运村店),1,1,1
北京,夏季,八达岭国家森林公园周边,1,1,18
北京,夏季,八达岭森林公园,1,1,6
北京,夏季,八达岭长城,1,1,7
北京,夏季,兴会公园重兴寺区,1,1,5
北京,夏季,兴漷桥,1,1,14
北京,夏季,兴隆公园,1,1,7
北京,夏季,军响村,1,1,2
北京,夏季,冯村[公交站],1,1,5
北京,夏季,凉水河石榴庄城市休闲森林公园南(光彩路东),1,1,13
北京,夏季,凉水河经开区河段,1,1,15
北京,夏季,凉水河（通明湖公园附近）,1,1,6
北京,夏季,减河公园,1,1,7
北京,夏季,前安岭村,1,1,3
北京,夏季,前门西大街,1,1,1
北京,夏季,北二环城市公园,1,1,7
北京,夏季,北京(通州)大运河文化旅游景区,1,1,3
北京,夏季,北京世园公园,1,1,5
北京,夏季,北京五道营胡同,1,1,2
北京,夏季,北京交通大学,1,1,2
北京,夏季,北京人定湖公园,1,1,20
北京,夏季,北京农学院,1,1,9
北京,夏季,北京凤凰岭自然风景区,1,1,5
北京,夏季,北京协和药厂,1,1,12
北京,夏季,北京南海子麋鹿苑博物馆(北京市大兴区),1,1,16
北京,夏季,北京南苑森林湿地公园,1,1,12
北京,夏季,北京园博园-锦绣谷,1,1,33
北京,夏季,北京城市图书馆,1,1,1
北京,夏季,北京大学医学部,1,1,11
北京,夏季,北京大学小水坑,1,1,13
北京,夏季,北京大学镜春园,1,1,17
北京,夏季,北京大学附属中学,1,1,1
北京,夏季,北京大觉寺,1,1,15
北京,夏季,北京天池峡谷风景区,1,1,7
北京,夏季,北京奥林匹克公园(朝阳区北辰东路15号),1,1,27
北京,夏季,北京奥林匹克公园-中心区,1,1,11
北京,夏季,北京奥林匹克公园-大树园,1,1,19
北京,夏季,北京奥林匹克公园-湿地,1,1,5
北京,夏季,北京奥林匹克公园叠水花台,1,1,28
北京,夏季,北京奥林匹克公园湿地站专线3东,1,1,24
北京,夏季,北京工业大学,1,1,12
北京,夏季,北京市东城区天坛公园,1,1,2
北京,夏季,北京市中山公园,1,1,12
北京,夏季,北京市北京市东城区地坛公园,1,1,6
北京,夏季,北京市北京市门头沟区北京永定河莲石湖公园,1,1,15
北京,夏季,北京市北海公园,1,1,10
北京,夏季,北京市回民学校,1,1,6
北京,夏季,北京市城市河湖管理处玉渊潭进水闸管理站,1,1,3
北京,夏季,北京市怀柔区冷水峪,1,1,1
北京,夏季,北京市昌平区,1,1,2
北京,夏季,北京市昌平区七孔桥花海,1,1,26
北京,夏季,北京市昌平区东小口城市休闲公园,1,1,23
北京,夏季,北京市昌平区桃峪口水库管理处,1,1,17
北京,夏季,北京市朝阳公园,1,1,1
北京,夏季,北京市朝阳区望和公园-北园,1,1,15
北京,夏季,北京市朝阳区红领巾公园,1,1,18
北京,夏季,北京市玉渊潭公园,1,1,21
北京,夏季,北京市西郊雨洪调蓄工程,1,1,6
北京,夏季,北京市门头沟担礼隧道,1,1,2
北京,夏季,北京市顺义区潮白河森林公园,1,1,25
北京,夏季,北京市香山公园,1,1,11
北京,夏季,北京师范大学(南院),1,1,2
北京,夏季,北京师范大学附属实验中学分校,1,1,1
北京,夏季,北京师范大学附属实验中学教育集团大兴实验小学,1,1,2
北京,夏季,北京归璞南山私汤民宿,1,1,5
北京,夏季,北京新城滨河森林公园,1,1,37
北京,夏季,北京昌平沙河大坝,1,1,25
北京,夏季,北京朝来森林公园(朝阳区来广营新北路),1,1,10
北京,夏季,北京朝来森林公园-南门,1,1,27
北京,夏季,北京植物园-树木区,1,1,13
北京,夏季,北京植物园曹雪芹纪念馆(北京市海淀区),1,1,15
北京,夏季,北京温榆河公园(故城记忆),1,1,15
北京,夏季,北京石刻艺术博物馆南(五塔寺路),1,1,1
北京,夏季,北京科技大学,1,1,1
北京,夏季,北京第五季龙水凤港生态露营农场,1,1,2
北京,夏季,北京蜡扦山世纪度假村-东南门,1,1,9
北京,夏季,北京野鸭湖湿地公园,1,1,32
北京,夏季,北京长沟泉水国家湿地公园,1,1,31
北京,夏季,北京阻尼运动中心,1,1,5
北京,夏季,北京陶然亭公园,1,1,20
北京,夏季,北京雁栖工业开发区,1,1,12
北京,夏季,北京颐和园,1,1,2
北京,夏季,北京龙云山自然风景区,1,1,26
北京,夏季,北京龙泉宾馆,1,1,3
北京,夏季,北坞公园,1,1,15
北京,夏季,北坞公园(北京市海淀区金河路),1,1,19
北京,夏季,北崔家窑村,1,1,12
北京,夏季,北投购物公园,1,1,1
北京,夏季,北极寺公园,1,1,10
北京,夏季,北辰绿色中央公园,1,1,2
北京,夏季,北运河,1,1,21
北京,夏季,十一学校(北校区),1,1,29
北京,夏季,十三陵水库东南方树林,1,1,2
北京,夏季,十渡,1,1,9
北京,夏季,千灵山（或加戒台寺）,1,1,4
北京,夏季,华为北京环保园无线终端研发中心3期,1,1,8
北京,夏季,南关(南羊路),1,1,13
北京,夏季,南山观樱景区,1,1,2
北京,夏季,南沙河,1,1,28
北京,夏季,南海子,1,1,29
北京,夏季,南海子一期,1,1,20
北京,夏季,南海子三期,1,1,24
北京,夏季,南海子二期,1,1,20
北京,夏季,南海子二期东南,1,1,9
北京,夏季,南海子公园二期西湖,1,1,7
北京,夏季,南海子公园观景台西南,1,1,8
北京,夏季,南礼士路-B东北口,1,1,1
北京,夏季,卢沟桥,1,1,4
北京,夏季,卢沟桥南-乐活中堤 永定河湿地,1,1,25
北京,夏季,卢沟桥晓月湖公园,1,1,2
北京,夏季,双榆树北里南区,1,1,1
北京,夏季,双榆树西里,1,1,1
北京,夏季,古塔公园,1,1,9
北京,夏季,古道西丰庄园西侧林地,1,1,1
北京,夏季,台湖公园,1,1,19
北京,夏季,台湖镇水南村,1,1,18
北京,夏季,后湖,1,1,35
北京,夏季,周庄子家园,1,1,1
北京,夏季,响水湖长城风景区,1,1,7
北京,夏季,四义庄,1,1,2
北京,夏季,四得公园(北京市朝阳区将台西路9号),1,1,12
北京,夏季,四道河(桃下路),1,1,2
北京,夏季,团结湖公园,1,1,13
北京,夏季,团结湖公园(朝阳区团结湖南里16号),1,1,6
北京,夏季,园外园·中坞公园,1,1,25
北京,夏季,国家植物园北园樱桃沟,1,1,30
北京,夏季,国家植物园北园水景观赏区,1,1,27
北京,夏季,国家植物园樱桃沟,1,1,25
北京,夏季,圆明园-福海景区,1,1,13
北京,夏季,圆明园圆明园,1,1,1
北京,夏季,圆明园遗址公园-东门,1,1,17
北京,夏季,圆明园遗址公园长春园,1,1,3
北京,夏季,土城沟水系,1,1,10
北京,夏季,城关街道顾八路东500米,1,1,1
北京,夏季,塔院城市森林公园,1,1,8
北京,夏季,复兴路83号院,1,1,10
北京,夏季,夏都公园,1,1,4
北京,夏季,大兴体育中心,1,1,5
北京,夏季,大兴区中国云计算产业园1期(兴海路北),1,1,5
北京,夏季,大兴区凉水河同仁医院附近,1,1,5
北京,夏季,大兴区北京汉旗紫谷马术俱乐部西北(左堤路北),1,1,7
北京,夏季,大兴区南海子公园(公园南环路北400米),1,1,16
北京,夏季,大兴区南海子公园一期),1,1,7
北京,夏季,大兴区南海子公园南海子牡丹园西(公园南环路北),1,1,24
北京,夏季,大兴区卢沟公园东南500米(左堤路西),1,1,4
北京,夏季,大兴区灭绝动物纪念地(三海子二号路南),1,1,15
北京,夏季,大兴区稻之道主题乐园(韩凤路南),1,1,1
北京,夏季,大兴区观鸟台(三海子二号路南),1,1,3
北京,夏季,大兴区采育第二中心小学东南(福东街北),1,1,4
北京,夏季,大兴区长子营湿地公园(凤港河滨河路北150米),1,1,16
北京,夏季,大兴区长子营镇牛坊村,1,1,1
北京,夏季,大兴区陂塘雁影东南200米(公园南环路北),1,1,6
北京,夏季,大兴区高家堡村幼儿园西600米(左堤路西),1,1,1
北京,夏季,大南沟,1,1,1
北京,夏季,大岭沟猕猴桃谷景区,1,1,13
北京,夏季,大杨山国家森林公园(北京市昌平区木厂村),1,1,1
北京,夏季,大泡子(北京市丰台区),1,1,17
北京,夏季,大葆台,1,1,2
北京,夏季,大觉寺后山防火道,1,1,18
北京,夏季,大运河,1,1,28
北京,夏季,大运河森林公园黎辛庄立交西,1,1,15
北京,夏季,天坛公园科普园至西门,1,1,23
北京,夏季,天坛公园西门林地,1,1,1
北京,夏季,太平桥,1,1,1
北京,夏季,奥林匹克公园,1,1,20
北京,夏季,奥林匹克森林公园-北园,1,1,25
北京,夏季,奥林匹克森林公园北园(北京市朝阳区),1,1,5
北京,夏季,奥林匹克森林公园北园西门,1,1,10
北京,夏季,奥林匹克森林公园北门桥,1,1,15
北京,夏季,奥森,1,1,16
北京,夏季,奥森北+南,1,1,24
北京,夏季,奥森北园北门,1,1,8
北京,夏季,奥森银杏林东南,1,1,16
北京,夏季,奥海南、西；林泉高致,1,1,28
北京,夏季,妫水河森林公园,1,1,12
北京,夏季,妫河森林公园(北京市延庆区环湖南路),1,1,32
北京,夏季,姜场村,1,1,20
北京,夏季,孔庙和国子监博物馆,1,1,5
北京,夏季,孙村公园(北京市大兴区南中轴路),1,1,1
北京,夏季,学各庄,1,1,43
北京,夏季,安达木河雾灵山段,1,1,22
北京,夏季,宋庆龄故居,1,1,3
北京,夏季,宛平湖及荒废高尔夫球场,1,1,19
北京,夏季,宛平湖晓月湖,1,1,26
北京,夏季,密云区不老屯天文台东南400米(天文台路东),1,1,3
北京,夏季,密云区不老屯天文台东南600米(天文台路东),1,1,8
北京,夏季,密云区东山沟桥西南100米(京密路),1,1,6
北京,夏季,密云区东庄桥东南100米(琉辛路),1,1,4
北京,夏季,密云区东邵渠镇长峪沟,1,1,10
北京,夏季,密云区大石山森林公园,1,1,14
北京,夏季,密云区天莓休闲农庄·蓝莓采摘西北(西统路西),1,1,1
北京,夏季,密云区太师屯村,1,1,2
北京,夏季,密云区太师屯镇东沟,1,1,16
北京,夏季,密云区太师屯镇大漕村,1,1,6
北京,夏季,密云区实验林场东600米,1,1,19
北京,夏季,密云区承兴密联合县政府旧址西50米,1,1,13
北京,夏季,密云区溪翁庄镇坟庄后山,1,1,2
北京,夏季,密云区高岭镇大屯,1,1,6
北京,夏季,密云区高岭镇石匣,1,1,4
北京,夏季,密云天门山风景区,1,1,12
北京,夏季,小怪岩场,1,1,6
北京,夏季,小清河,1,1,24
北京,夏季,小清河岸,1,1,15
北京,夏季,小漕村后街,1,1,4
北京,夏季,小龙门国家级森林公园(清水镇小龙门林场),1,1,13
北京,夏季,小龙门村,1,1,2
北京,夏季,山后,1,1,21
北京,夏季,山水自然保护中心,1,1,1
北京,夏季,崔家窑湿地公园,1,1,1
北京,夏季,巩华城地铁站去往镇辽门,1,1,2
北京,夏季,巩华城镇辽门,1,1,1
北京,夏季,平谷区泃河东门桥,1,1,36
北京,夏季,平谷区泃河洳河交汇地,1,1,15
北京,夏季,平谷区洳河辛庄子桥,1,1,25
北京,夏季,平谷区洳河鸟首公园,1,1,1
北京,夏季,平谷区金海湖风景区,1,1,8
北京,夏季,平谷区马昌营镇前芮营,1,1,5
北京,夏季,平谷西峪水库,1,1,19
北京,夏季,幽州,1,1,18
北京,夏季,广渠门外大街6号院,1,1,3
北京,夏季,广阳谷城市森林公园,1,1,11
北京,夏季,庄怡公园,1,1,9
北京,夏季,庆丰包子铺(华业玫瑰店),1,1,5
北京,夏季,应急总医院南,1,1,1
北京,夏季,康陵园村东,1,1,1
北京,夏季,延庆区井庄镇艾官营村,1,1,1
北京,夏季,延庆区康庄镇火烧营村,1,1,5
北京,夏季,延庆区柳沟民俗旅游度假区(北西路西),1,1,12
北京,夏季,张家湾镇,1,1,31
北京,夏季,张裕爱斐堡酒庄,1,1,25
北京,夏季,御丰观光采摘园,1,1,3
北京,夏季,怀来县官厅水库国家湿地公园(斋幽路),1,1,6
北京,夏季,怀来县青栖台·在别处东150米(斋幽路),1,1,12
北京,夏季,怀柔区九渡河镇二荒台,1,1,7
北京,夏季,怀柔区北京鹿世界主题园(鹤鸣西路东),1,1,1
北京,夏季,怀柔区古槐溪语公园西北200米(范崎路东),1,1,8
北京,夏季,怀柔区庙城镇高两河村,1,1,2
北京,夏季,怀柔区怀水大桥东南300米(桥平路西),1,1,4
北京,夏季,怀柔区杨宋镇通怀路(北京市怀柔区潮白河管理所),1,1,12
北京,夏季,怀柔区琉璃庙镇偏道子,1,1,5
北京,夏季,怀柔区箭扣长城,1,1,1
北京,夏季,怀柔城市森林公园(兴怀大街南200米),1,1,2
北京,夏季,怀柔城市森林公园(南华大街东延北100米),1,1,11
北京,夏季,怀柔水库管理所进水闸管理站西北(环湖东路),1,1,5
北京,夏季,怀柔红军庄怀沙河南岸,1,1,17
北京,夏季,情人坡,1,1,2
北京,夏季,慕田峪,1,1,7
北京,夏季,慕田峪长城国家级旅游景区,1,1,7
北京,夏季,戒台寺,1,1,19
北京,夏季,房山区十渡(涞宝路南200米),1,1,8
北京,夏季,房山区城关农民用水协会羊头岗村分会东南(顾八路),1,1,1
北京,夏季,房山区小令湖南500米,1,1,7
北京,夏季,房山区牛口峪水库,1,1,13
北京,夏季,房山区长阳镇,1,1,17
北京,夏季,房山区长阳镇高佃二村,1,1,14
北京,夏季,房山区青龙湖镇南观,1,1,4
北京,夏季,房山小清河公园,1,1,29
北京,夏季,房山长阳永定河,1,1,17
北京,夏季,摄影观鸟台,1,1,12
北京,夏季,故宫博物院(东华门),1,1,9
北京,夏季,断虹桥,1,1,6
北京,夏季,新中街城市森林公园,1,1,11
北京,夏季,新城滨河森林公园,1,1,15
北京,夏季,新街口外大街,1,1,3
北京,夏季,日坛公园(北京市朝阳区日坛北路6号),1,1,1
北京,夏季,旧宫城市森林公园,1,1,4
北京,夏季,昌平区东小口森林公园(42公里绿道西),1,1,24
北京,夏季,昌平区二拨子龙城花园(二拨子工业园区东路东),1,1,9
北京,夏季,昌平区北京温榆河公园朝阳示范区(西园)北150米,1,1,2
北京,夏季,昌平区十三陵镇悼陵监村,1,1,14
北京,夏季,昌平区史各庄街道阎家洼,1,1,7
北京,夏季,昌平区回龙园公园(龙禧二街南100米),1,1,7
北京,夏季,昌平区回龙观龙锦苑4区(龙锦二街南150米),1,1,1
北京,夏季,昌平区明十三陵风景区,1,1,9
北京,夏季,昌平区沙河东环北里5号院北(环城北路南),1,1,27
北京,夏季,昌平区沙河东环北里5号院北50米(环城北路),1,1,2
北京,夏季,昌平区沙河东环北里5号院北50米(环城北路北),1,1,1
北京,夏季,昌平区沙河丽春湖院子南500米,1,1,2
北京,夏季,昌平区沙河北京市路鹏达南丰路项目部东南(环城北路),1,1,32
北京,夏季,昌平区沙河尚湖世家东区小区东南(环城北路东),1,1,17
北京,夏季,昌平区沙河巩华城地铁站(昌平新城滨河森林公园西),1,1,2
北京,夏季,昌平区沙河巩华城地铁站西南500米,1,1,4
北京,夏季,昌平区沙河水库,1,1,13
北京,夏季,昌平区沙河水库北岸,1,1,31
北京,夏季,昌平区沙河滨河观景平台东南150米,1,1,7
北京,夏季,昌平区沙河滨河观景平台南200米,1,1,11
北京,夏季,昌平区沙河翠明湖,1,1,27
北京,夏季,昌平区沙河镇,1,1,1
北京,夏季,昌平区马池口镇西北地,1,1,16
北京,夏季,昌平十三陵水库,1,1,44
北京,夏季,昌平巩华城半岛北沙河南岸沿线,1,1,15
北京,夏季,昌平新城滨河森林公园(沙河),1,1,5
北京,夏季,昌平新城滨河森林公园-东入口广场,1,1,1
北京,夏季,昌平新城滨河森林公园-主入口广场,1,1,40
北京,夏季,昌平新城滨河森林公园-休闲廊架,1,1,6
北京,夏季,昌平沙河水库北岸,1,1,21
北京,夏季,景明楼,1,1,1
北京,夏季,月岛观景平台,1,1,15
北京,夏季,望京伯爵城中央公园,1,1,4
北京,夏季,望京国际研发园,1,1,1
北京,夏季,望京西园1区,1,1,4
北京,夏季,望和公园北园,1,1,17
北京,夏季,朝阳区八里桥京贸国际公寓北(京通快速公路北),1,1,2
北京,夏季,朝阳区北京市朝阳外国语学校(亚运村校区)西南,1,1,1
北京,夏季,朝阳区北京温榆河公园蒹葭照水北100米(滨河路东),1,1,11
北京,夏季,朝阳区北沙滩双泉堡甲一号院(北沙滩桥北50米),1,1,2
北京,夏季,朝阳区南磨房官庄公园(官庄路东200米),1,1,11
北京,夏季,朝阳区南磨房官庄公园(观音堂路南300米),1,1,15
北京,夏季,朝阳区太阳宫公园,1,1,17
北京,夏季,朝阳区太阳宫公园大湖西侧,1,1,22
北京,夏季,朝阳区奥运村北京奥林匹克公园(天辰东路东),1,1,7
北京,夏季,朝阳区奥运村北京奥林匹克公园(奥林西路东200米),1,1,22
北京,夏季,朝阳区奥运村北京奥林匹克森林公园南园,1,1,22
北京,夏季,朝阳区奥运村奥林匹克森林公园,1,1,15
北京,夏季,朝阳区奥运村奥林匹克森林公园(北五环北200米),1,1,3
北京,夏季,朝阳区奥运村奥林匹克森林公园(奥林西路),1,1,20
北京,夏季,朝阳区奥运村奥林匹克森林公园(奥林西路东400米),1,1,23
北京,夏季,朝阳区奥运村奥林匹克森林公园(奥林西路北50米),1,1,16
北京,夏季,朝阳区奥运村奥林匹克森林公园(沉水廊道东150米),1,1,12
北京,夏季,朝阳区安慧桥东100米(安定路南),1,1,1
北京,夏季,朝阳区庆丰公园(通惠河北路南50米),1,1,8
北京,夏季,朝阳区松榆南路(北京劲松中西医结合医院),1,1,1
北京,夏季,朝阳区温榆河公园3号门西北100米(滨河路北),1,1,18
北京,夏季,朝阳区花家地北京市园林绿化科学研究院(花家地南街),1,1,13
北京,夏季,朝阳区阳光100国际公寓(郎家园路东),1,1,1
北京,夏季,未来科学城滨水公园西区,1,1,24
北京,夏季,朱家湾村民委员会,1,1,36
北京,夏季,李兆基科技大楼,1,1,1
北京,夏季,松香湖,1,1,20
北京,夏季,林泉高致,1,1,18
北京,夏季,树村郊野公园,1,1,15
北京,夏季,栢泉山庄大桥,1,1,10
北京,夏季,桃峪口水库,1,1,10
北京,夏季,榆林庄村,1,1,13
北京,夏季,樱桃沟,1,1,4
北京,夏季,正义路绿道,1,1,7
北京,夏季,正阳门(箭楼),1,1,2
北京,夏季,民航博物馆,1,1,1
北京,夏季,水库不老屯,1,1,8
北京,夏季,永丰嘉园,1,1,10
北京,夏季,永丰屯村,1,1,8
北京,夏季,永安小区-清水河,1,1,5
北京,夏季,永定河峡谷,1,1,12
北京,夏季,永定河滨水森林公园,1,1,10
北京,夏季,永定路街道,1,1,5
北京,夏季,汉包山,1,1,1
北京,夏季,汉石桥湿地公园,1,1,4
北京,夏季,沙河,1,1,27
北京,夏季,沙河巩华城半岛周边,1,1,12
北京,夏季,沙河巩华城地铁站,1,1,13
北京,夏季,沙河昌平新城滨河森林公园东入口广场,1,1,3
北京,夏季,沙河昌平新城滨河森林公园东入口广场南100米,1,1,1
北京,夏季,沙河昌平新城滨河森林公园东入口广场西南50米,1,1,1
北京,夏季,沙河昌平新城滨河森林公园东北100米,1,1,6
北京,夏季,沙河昌平新城滨河森林公园休息区东南50米,1,1,9
北京,夏季,沙河昌平新城滨河森林公园休闲廊架,1,1,1
北京,夏季,沙河昌平新城滨河森林公园停车场东150米,1,1,10
北京,夏季,沙河昌平新城滨河森林公园北100米,1,1,23
北京,夏季,沙河昌平新城滨河森林公园北50米,1,1,3
北京,夏季,沙河昌平新城滨河森林公园及半岛周边,1,1,3
北京,夏季,沙河昌平新城滨河森林公园及巩华城半岛周边,1,1,20
北京,夏季,沙河昌平新城滨河森林公园游客服务中心西150米,1,1,16
北京,夏季,沙河昌平新城滨河森林公园滨水走廊东150米,1,1,55
北京,夏季,沙河昌平新城滨河森林公园滨水走廊东北400米,1,1,24
北京,夏季,沙河昌平新城滨河森林公园滨水走廊东南150米,1,1,18
北京,夏季,沙河水库北岸,1,1,25
北京,夏季,沙河水库北岸水闸,1,1,12
北京,夏季,沙河水库北岸沿线,1,1,40
北京,夏季,沙河水库及北沙河岸边,1,1,42
北京,夏季,沙河水库巩华城半岛,1,1,27
北京,夏季,沙河水库（北沙河南岸）,1,1,35
北京,夏季,沙河湿地公园,1,1,33
北京,夏季,河堤路入口(河堤路方向),1,1,6
北京,夏季,沿河城幽州大峡谷,1,1,24
北京,夏季,法城口桥,1,1,7
北京,夏季,洞庄路,1,1,7
北京,夏季,海子桥,1,1,21
北京,夏季,海棠花溪,1,1,10
北京,夏季,海淀公园(四环北),1,1,25
北京,夏季,海淀公园(四环北100米),1,1,6
北京,夏季,海淀区万寿路永引渠示范点,1,1,4
北京,夏季,海淀区上庄中心小学(东马坊校区)西300米,1,1,6
北京,夏季,海淀区东小口东升国际科学园,1,1,6
北京,夏季,海淀区中关村东路,1,1,1
北京,夏季,海淀区六郎庄桥西100米(四环北),1,1,17
北京,夏季,海淀区北京上庄燃气热电有限公司东北(翠湖南一街北),1,1,1
北京,夏季,海淀区北京京西稻南100米(太舟坞路南),1,1,1
北京,夏季,海淀区北坞公园(金河路),1,1,27
北京,夏季,海淀区北坞公园(颐和园西门路北200米),1,1,3
北京,夏季,海淀区四季青镇后窑,1,1,2
北京,夏季,海淀区四季青镇船营,1,1,1
北京,夏季,海淀区园外园·中坞公园(中坞村北路北100米),1,1,1
北京,夏季,海淀区玉东园(颐和园西门路),1,1,28
北京,夏季,海淀区畅观堂北200米(颐和园西门路北),1,1,7
北京,夏季,海淀区百望山森林公园春季猛禽监测点,1,1,8
北京,夏季,海淀区苏家坨镇稻香湖路,1,1,4
北京,夏季,海淀区荷颐苑(支四路),1,1,11
北京,夏季,海淀区西北旺中关村公园(规划一路北100米),1,1,12
北京,夏季,海淀区西北旺镇憋死猫,1,1,12
北京,夏季,海淀区西苑达园宾馆·达园宴南(北京大学北),1,1,3
北京,夏季,海淀区西马坊油菜花,1,1,18
北京,夏季,海淀区颐和园(西南门石桥东150米),1,1,13
北京,夏季,海淀区颐和园(西堤西200米),1,1,3
北京,夏季,海淀区颐和园南湖岛西侧,1,1,7
北京,夏季,海淀区颐和园团城湖及附近,1,1,11
北京,夏季,海淀区颐和园绚霞琦月南200米(金河路北),1,1,1
北京,夏季,海淀区马连洼清河之源滨水公园(滨河路西),1,1,14
北京,夏季,海陀山,1,1,20
北京,夏季,海青台(北京市大兴区公园北环路),1,1,18
北京,夏季,清华大学(熙春路),1,1,11
北京,夏季,清华大学主楼北侧林地,1,1,1
北京,夏季,清华大学天文台,1,1,8
北京,夏季,清水河-朱家湾村段,1,1,3
北京,夏季,清水河畔,1,1,14
北京,夏季,清水河（密云北庄朱家湾段）,1,1,6
北京,夏季,清河之洲(滨河路),1,1,9
北京,夏季,清河羊坊闸桥,1,1,12
北京,夏季,温榆河公园,1,1,28
北京,夏季,温榆河畔,1,1,5
北京,夏季,温泉村,1,1,12
北京,夏季,湖映苍鹭,1,1,2
北京,夏季,潞河中学(北京市通州区新华南路135号),1,1,10
北京,夏季,潞河桃柳景区-亭,1,1,16
北京,夏季,潭柘寺,1,1,1
北京,夏季,潮关村,1,1,13
北京,夏季,潮河-河西村段,1,1,33
北京,夏季,潮白河,1,1,31
北京,夏季,澜西园3区,1,1,10
北京,夏季,燕东园北区,1,1,1
北京,夏季,玉渊潭公园观景步道,1,1,7
北京,夏季,玉渡山小溪(北京市延庆区X019),1,1,2
北京,夏季,王府井商业街(北京市东城区),1,1,1
北京,夏季,环湖东路,1,1,23
北京,夏季,珍珠泉村,1,1,2
北京,夏季,班各庄,1,1,1
北京,夏季,琉璃河桥,1,1,1
北京,夏季,瑞旗家园,1,1,1
北京,夏季,甘家口街道,1,1,2
北京,夏季,田府北路,1,1,11
北京,夏季,畅悦公园,1,1,6
北京,夏季,白云叠翠公园,1,1,5
北京,夏季,白河森林公园,1,1,6
北京,夏季,白河湾,1,1,10
北京,夏季,百合谷,1,1,3
北京,夏季,百望山,1,1,10
北京,夏季,百望山282猛禽监测点,1,1,7
北京,夏季,百望山北门草地广场,1,1,8
北京,夏季,百望山森林公园(海淀区黑山扈北口19号),1,1,2
北京,夏季,百望山猛禽观测点,1,1,23
北京,夏季,皮条沟,1,1,5
北京,夏季,真武家园,1,1,2
北京,夏季,石城镇,1,1,1
北京,夏季,石峡关长城(不对外开放),1,1,29
北京,夏季,石景山区电厂模式口小区东北50米(永引渠南路西),1,1,23
北京,夏季,石景山雕塑公园,1,1,7
北京,夏季,石龙创新大厦,1,1,1
北京,夏季,神堂峪风景区,1,1,5
北京,夏季,稻田水库,1,1,18
北京,夏季,立方·庭,1,1,1
北京,夏季,紫竹院公园(海淀区中关村南大街35号),1,1,1
北京,夏季,绣菊园北区(北京市朝阳区秋实东街),1,1,1
北京,夏季,绿地·自由港,1,1,14
北京,夏季,绿城·百合公寓南区,1,1,4
北京,夏季,绿堤公园,1,1,12
北京,夏季,绿堤公园(北京市丰台区永定河畔),1,1,30
北京,夏季,翠微小区,1,1,2
北京,夏季,翠微烟雨公园,1,1,1
北京,夏季,翠鸟谷,1,1,6
北京,夏季,苏家坨镇,1,1,12
北京,夏季,范崎路,1,1,21
北京,夏季,莲花池公园,1,1,2
北京,夏季,莲香园,1,1,5
北京,夏季,萧太后河,1,1,40
北京,夏季,蒲洼乡,1,1,7
北京,夏季,虎峪自然风景区,1,1,8
北京,夏季,蜡扦山世纪度假村,1,1,2
北京,夏季,蟹岛度假村,1,1,21
北京,夏季,西三岔村,1,1,8
北京,夏季,西土城遗址公园,1,1,11
北京,夏季,西坨桥,1,1,16
北京,夏季,西城区北京动物园畅观楼(五塔寺路南),1,1,13
北京,夏季,西城区官园官苑8号(东弓匠胡同),1,1,4
北京,夏季,西城区宣武艺园(槐柏树街南),1,1,1
北京,夏季,西城区积水潭什刹海西海湿地公园(西海北沿南),1,1,10
北京,夏季,西局玉璞园,1,1,7
北京,夏季,西山庭院,1,1,2
北京,夏季,西沟外,1,1,12
北京,夏季,西玉河,1,1,18
北京,夏季,西玉河雨水湿地公园,1,1,11
北京,夏季,西直门桥,1,1,1
北京,夏季,西苑饭店,1,1,1
北京,夏季,西菜园,1,1,23
北京,夏季,西郊沙石坑,1,1,3
北京,夏季,西郊砂石坑,1,1,16
北京,夏季,西郊砂石坑公园(北京市海淀区),1,1,24
北京,夏季,西郊雨洪调蓄工程/西郊砂石坑,1,1,19
北京,夏季,西马坊油菜花,1,1,8
北京,夏季,诺德花园西区,1,1,2
北京,夏季,谭王路,1,1,2
北京,夏季,车道沟公园,1,1,5
北京,夏季,通州区北京康牧生物科技有限公司(漷大路),1,1,1
北京,夏季,通州区台湖镇桑园村,1,1,17
北京,夏季,通州区宋庄北京通州运河苑渡假村北门东200米,1,1,1
北京,夏季,通州区宋庄镇沙窝,1,1,7
北京,夏季,通州区梨园群芳园小区(云景东路东),1,1,2
北京,夏季,通州区永乐店镇,1,1,22
北京,夏季,通州区永乐店镇应寺村,1,1,18
北京,夏季,通州区漷县镇长陵营村,1,1,1
北京,夏季,通州区西海子公园东南150米(滨河北路北),1,1,13
北京,夏季,通州区锐驰生活区西北400米(马大路北),1,1,19
北京,夏季,通州区马驹桥湿地公园一期(七支路东200米),1,1,12
北京,夏季,通州区马驹桥镇郭村,1,1,9
北京,夏季,通州大运河森林公园露营地南,1,1,21
北京,夏季,郭家坞,1,1,13
北京,夏季,野鸭湖国家湿地公园,1,1,3
北京,夏季,野鸭湖国家湿地公园观鸟平台沿线,1,1,16
北京,夏季,金牛湖,1,1,6
北京,夏季,金融街中心广场,1,1,1
北京,夏季,锐健体育运动中心西(兴业大街),1,1,1
北京,夏季,长阳公园-万亩滨河公园,1,1,18
北京,夏季,门头沟区京西特产韭园酱菜东北100米(韭石路东),1,1,2
北京,夏季,门头沟区北京市门头沟付家台中心小学(付珠路南),1,1,30
北京,夏季,门头沟区小龙门国家森林公园(G109东),1,1,1
北京,夏季,门头沟区小龙门国家级森林公园(G109东),1,1,10
北京,夏季,门头沟区斋堂镇爨底下村,1,1,1
北京,夏季,门头沟区永定知秋园西300米(莲石湖西路),1,1,9
北京,夏季,门头沟区永定绿海运动公园(石龙路北),1,1,2
北京,夏季,门头沟区永定绿海运动公园(石龙路北50米),1,1,3
北京,夏季,门头沟区清水河南50米(京拉线),1,1,1
北京,夏季,门头沟区清水镇下清水,1,1,5
北京,夏季,门头沟区清水镇小龙门林场,1,1,3
北京,夏季,门头沟区潭柘寺镇G108(松树岭)天门山,1,1,2
北京,夏季,门头沟区韭园酱菜,1,1,3
北京,夏季,门头沟区龙泉镇丑儿岭,1,1,10
北京,夏季,阳台山,1,1,4
北京,夏季,阳台山路,1,1,12
北京,夏季,陶庄村,1,1,1
北京,夏季,雁栖湖西山步道,1,1,1
北京,夏季,雁翅镇,1,1,5
北京,夏季,霖润桥,1,1,15
北京,夏季,青年湖公园,1,1,8
北京,夏季,青白口村(北京市门头沟区),1,1,17
北京,夏季,青白居旅游度假村,1,1,41
北京,夏季,青龙峡,1,1,17
北京,夏季,顺义人才公园,1,1,17
北京,夏季,顺义区京平潮白河桥西南500米(京平高速公路南),1,1,21
北京,夏季,顺义区后沙峪北京温榆河公园(故城记忆),1,1,10
北京,夏季,顺义区李桥镇沮沟村,1,1,9
北京,夏季,顺义区李遂镇崇国庄村,1,1,15
北京,夏季,顺义区汉石桥湿地公园(Y275西),1,1,11
北京,夏季,顺义区潮白河大桥以北(白马路北),1,1,35
北京,夏季,顺义区金茂怡生园酒店(左堤路西300米),1,1,12
北京,夏季,颐和园(北京市海淀区新建宫门路19号),1,1,2
北京,夏季,颐和园(西堤),1,1,12
北京,夏季,颐和园公园,1,1,18
北京,夏季,颐和园苏州街,1,1,25
北京,夏季,颐和园西堤,1,1,15
北京,夏季,首开知语城(北京市朝阳区南湖中园318),1,1,4
北京,夏季,首都师范大学(海淀区西三环北路105号),1,1,3
北京,夏季,首都机场,1,1,1
北京,夏季,香山,1,1,5
北京,夏季,香山公园北京香山饭店,1,1,7
北京,夏季,香河园公园,1,1,6
北京,夏季,马家湾湿地公园(北京市朝阳区马家湾村),1,1,20
北京,夏季,马家湾湿地公园附近,1,1,8
北京,夏季,马驹桥湿地公园-一期（支德路南侧）,1,1,17
北京,夏季,高家园,1,1,2
北京,夏季,高碑店乡,1,1,3
北京,夏季,高碑店水库,1,1,5
北京,夏季,鹅和鸭农庄风景区,1,1,16
北京,夏季,鹫峰国家森林公园,1,1,21
北京,夏季,鹭飞台,1,1,4
北京,夏季,黄草湾郊野公园,1,1,13
北京,夏季,龙云山风景区-鹿皮关长城,1,1,1
北京,夏季,龙博苑3区,1,1,6
北京,夏季,龙城花园(北京市昌平区昌平路317号),1,1,1
北京,夏季,龙门涧风景区,1,1,2
北京,夏季,龙门生态园(天开寺店),1,1,1
北京,秋季,玉渊潭公园,300,478,39
北京,秋季,乐活中堤,297,446,62
北京,秋季,奥森北园,222,378,54
北京,秋季,天坛公园,217,319,41
北京,秋季,百望山森林公园,207,367,46
北京,秋季,北京玉渊潭公园,158,297,45
北京,秋季,国家植物园北园,140,184,47
北京,秋季,奥林匹克森林公园北园,130,258,51
北京,秋季,北京南海子公园,117,147,61
北京,秋季,昌平新城滨河森林公园巩华城半岛,111,147,58
北京,秋季,颐和园,102,123,45
北京,秋季,北京天坛公园,93,161,36
北京,秋季,妙峰山森林公园玫瑰谷,82,102,43
北京,秋季,元大都遗址公园,79,112,19
北京,秋季,奥森南园,78,92,37
北京,秋季,陶然亭公园,64,99,28
北京,秋季,北京圆明园遗址公园,60,113,49
北京,秋季,东灵山,60,63,31
北京,秋季,北京沙河水库,58,64,57
北京,秋季,常乐村(北京市海淀区),57,78,34
北京,秋季,野鸭湖湿地公园,54,60,59
北京,秋季,宋庄蓄滞洪区-二期,51,96,56
北京,秋季,北土城东路元大都遗址公园,48,51,21
北京,秋季,宋庄蓄滞洪公园,44,78,65
北京,秋季,北京奥林匹克森林公园南园,41,48,31
北京,秋季,圆明园遗址公园,35,39,36
北京,秋季,上庄镇西马坊村,33,56,42
北京,秋季,滨河森林公园-沙河水库,33,36,52
北京,秋季,密云水库调节池,33,34,31
北京,秋季,巩华城半岛（北沙河南岸）,32,40,46
北京,秋季,北京大学,28,64,37
北京,秋季,官厅水库（野鸭湖-康西草原-马场沿线）,28,30,59
北京,秋季,妙峰山玫瑰梯田观景平台,27,28,24
北京,秋季,奥林匹克森林公园北园大坑,24,34,37
北京,秋季,龙潭中湖,24,29,24
北京,秋季,朝阳区奥运村奥林匹克森林公园(清河路南300米),24,28,35
北京,秋季,百望山282,23,39,39
北京,秋季,柳荫公园,22,25,29
北京,秋季,颐和园—团城湖,22,24,28
北京,秋季,房山区乐活中堤南100米,21,30,52
北京,秋季,朝阳公园,21,25,30
北京,秋季,清华大学,20,31,29
北京,秋季,沙河昌平新城滨河森林公园,20,26,45
北京,秋季,北京市天坛公园,19,23,32
北京,秋季,密云区太师屯镇小漕村,18,21,29
北京,秋季,玉渊潭,18,18,19
北京,秋季,紫竹院公园,17,25,25
北京,秋季,天坛公园科普园,17,20,18
北京,秋季,太阳宫公园,16,31,18
北京,秋季,龙潭西湖公园,16,24,41
北京,秋季,海淀区上庄镇东马坊村,15,46,46
北京,秋季,奥林匹克森林公园南园,15,19,34
北京,秋季,北京海淀玉渊潭公园,15,18,36
北京,秋季,全国农业展览馆,15,16,20
北京,秋季,百望山森林公园秋季猛禽监测点,15,16,32
北京,秋季,沿河城,15,15,22
北京,秋季,元大都城垣遗址公园,14,17,24
北京,秋季,白浮泉公园,14,17,35
北京,秋季,天坛苗圃,14,16,24
北京,秋季,巩华城,13,26,26
北京,秋季,昌平新城滨河森林公园,13,20,34
北京,秋季,大宁水库-乐活中堤（即滞洪水库）-废弃河道,13,19,40
北京,秋季,大运河森林公园,13,19,37
北京,秋季,沙河水库,13,16,55
北京,秋季,南海子一期,13,15,43
北京,秋季,妙峰山玫瑰园,13,14,20
北京,秋季,唐指山水库,13,13,31
北京,秋季,巩华城半岛,12,20,59
北京,秋季,百望山森林公园-观景平台,12,17,30
北京,秋季,北京市东城区天坛公园-生态科普园,12,16,22
北京,秋季,百望山282猛禽监测点,12,16,28
北京,秋季,国家植物园,12,13,41
北京,秋季,野鸭湖国家湿地公园,12,13,58
北京,秋季,北海公园,12,12,16
北京,秋季,百望山望京楼,11,47,26
北京,秋季,汉石桥湿地自然保护区,11,21,70
北京,秋季,奥林匹克森林公园（北园）,11,14,38
北京,秋季,北京市奥林匹克森林公园,11,13,38
北京,秋季,奥林匹克森林公园北园西门,11,12,23
北京,秋季,宛平湖,11,12,30
北京,秋季,海淀公园,11,12,28
北京,秋季,妙峰山,11,11,25
北京,秋季,沙河昌平新城滨河森林公园(巩华城半岛外周边),11,11,62
北京,秋季,玉渊潭 公园,11,11,34
北京,秋季,北京翠湖湿地公园,10,50,51
北京,秋季,官庄公园,10,40,28
北京,秋季,南苑森林湿地公园,10,19,33
北京,秋季,巩华城地铁站路西,10,13,23
北京,秋季,国家植物园北园（原北京植物园）,10,12,20
北京,秋季,圆明园遗址公园(海淀区清华西路28号),10,12,36
北京,秋季,国家植物园北园-绚秋园,10,11,25
北京,秋季,天坛公园-科普园,10,11,20
北京,秋季,巩华城沙河,10,10,50
北京,秋季,金顶妙峰山-玫瑰观光园,10,10,26
北京,秋季,门头沟东灵山,10,10,31
北京,秋季,龙潭中湖公园,10,10,17
北京,秋季,农展馆,9,11,23
北京,秋季,南海子公园,9,11,43
北京,秋季,玉渊潭公园樱花湖,9,10,17
北京,秋季,全国农业展览馆（农展馆）,9,9,21
北京,秋季,北京奥森公园,9,9,30
北京,秋季,南海子麋鹿苑,9,9,43
北京,秋季,宣武艺园,8,32,19
北京,秋季,马家湾湿地公园,8,26,43
北京,秋季,云岗森林公园,8,16,33
北京,秋季,北京植物园(北京市海淀区香山路),8,8,32
北京,秋季,密云水库,8,8,64
北京,秋季,百望山森林公园282,8,8,19
北京,秋季,门头沟沿河城,8,8,15
北京,秋季,陶然亭公园-醉翁亭,8,8,15
北京,秋季,宛平湖大宁水库乐活中堤永定河废弃河道,7,24,85
北京,秋季,红领巾公园,7,23,32
北京,秋季,北京动物园,7,21,18
北京,秋季,昌平巩华城半岛周边,7,11,56
北京,秋季,景山公园,7,9,11
北京,秋季,北京西山国家森林公园,7,7,19
北京,秋季,密云水库不老屯天文台,7,7,62
北京,秋季,朝阳区元大都遗址公园,7,7,20
北京,秋季,白河城市森林公园,6,14,29
北京,秋季,念坛公园,6,10,26
北京,秋季,三星庄后河,6,9,31
北京,秋季,北京园博园,6,9,36
北京,秋季,清华大学-工字厅,6,9,25
北京,秋季,北京市丰台区绿堤公园宛平湖,6,8,26
北京,秋季,天坛公园(北京市东城区天坛东路甲1号),6,8,28
北京,秋季,奥林匹克森林公园（奥森）北园,6,8,9
北京,秋季,怀柔水库,6,8,50
北京,秋季,东马坊村(马坊中路),6,7,23
北京,秋季,中国科学院大学雁栖湖校区西区,6,7,27
北京,秋季,天坛公园科普园附近,6,7,25
北京,秋季,新望京楼,6,7,29
北京,秋季,百望山猛禽观测点,6,7,31
北京,秋季,北京市东城区天坛公园,6,6,19
北京,秋季,北京市朝阳公园,6,6,25
北京,秋季,北京市海淀区北京植物园,6,6,27
北京,秋季,延庆区野鸭湖国家湿地公园(康野路西),6,6,40
北京,秋季,故宫博物院,6,6,8
北京,秋季,昌平巩华城新城滨河森林公园及周边,6,6,35
北京,秋季,海棠花溪,6,6,7
北京,秋季,玉渊潭公园樱珞花谷区域,6,6,19
北京,秋季,颐和园团城湖,6,6,29
北京,秋季,将府公园,5,12,20
北京,秋季,北京林业大学,5,9,21
北京,秋季,中国农业大学东校区,5,7,20
北京,秋季,北京师范大学,5,7,12
北京,秋季,四得公园(北京市朝阳区将台西路9号),5,7,15
北京,秋季,东城区天坛公园科普园,5,6,17
北京,秋季,千亩玫瑰园景区,5,6,22
北京,秋季,天坛公园西门林地,5,6,16
北京,秋季,奥林匹克森林公园,5,6,34
北京,秋季,奥林匹克森林公园-北园,5,6,24
北京,秋季,小漕村,5,6,38
北京,秋季,房山区稻田水库,5,6,38
北京,秋季,海淀区上庄中心小学(东马坊校区)西300米,5,6,17
北京,秋季,玉渊潭公园东湖东岸,5,6,22
北京,秋季,玉渊谭公园,5,6,24
北京,秋季,东城区柳荫公园(黄寺大街东),5,5,20
北京,秋季,中国人民大学,5,5,9
北京,秋季,北京密云水库,5,5,40
北京,秋季,北植,5,5,21
北京,秋季,南海子二期,5,5,24
北京,秋季,南海子公园(北京市大兴区),5,5,37
北京,秋季,大兴区南海子公园二期,5,5,45
北京,秋季,大兴区新城滨河森林公园(科创十七街南),5,5,9
北京,秋季,奥林匹克森林公园南园(北京市朝阳区),5,5,36
北京,秋季,宛平湖西岸,5,5,17
北京,秋季,房山区佛子庄乡教军场,5,5,9
北京,秋季,朝阳公园-生态水溪,5,5,17
北京,秋季,柳荫公园(北京市东城区黄寺大街8号),5,5,29
北京,秋季,樱花庭院,5,5,31
北京,秋季,沙河,5,5,31
北京,秋季,灵山自然风景区,5,5,21
北京,秋季,辛庄桥潮河河道,5,5,61
北京,秋季,香山公园,5,5,16
北京,秋季,北京师范大学附属实验中学,4,22,20
北京,秋季,百望山森林公园观景平台,4,13,21
北京,秋季,海淀区玉渊潭公园,4,9,27
北京,秋季,首都经济贸易大学(花乡张家路口121号),4,8,6
北京,秋季,东城区 柳荫公园,4,6,26
北京,秋季,中国农业大学西校区,4,6,13
北京,秋季,元大都城垣遗址,4,6,12
北京,秋季,北京植物园(北京市海淀区),4,6,32
北京,秋季,房山区长阳镇大宁村,4,6,25
北京,秋季,大运河森林公园-月岛闻莺景区,4,5,24
北京,秋季,奥林匹克森林公园（奥森）全域,4,5,20
北京,秋季,宛平湖-大宁水库,4,5,11
北京,秋季,沙河北岸,4,5,53
北京,秋季,清河之洲,4,5,19
北京,秋季,温榆河公园,4,5,21
北京,秋季,百望山森林公园春季猛禽观测点,4,5,43
北京,秋季,萧太后河（田家府段）,4,5,43
北京,秋季,颐和园-昆明湖团城湖,4,5,21
北京,秋季,中国农业展览馆,4,4,13
北京,秋季,北京(通州)大运河文化旅游景区,4,4,24
北京,秋季,北京中山公园,4,4,10
北京,秋季,北京南海子麋鹿苑博物馆(北京市大兴区),4,4,53
北京,秋季,北京奥林匹克公园北园-花田野趣,4,4,26
北京,秋季,北京市北京市海淀区玉渊潭公园,4,4,18
北京,秋季,北京市国家植物园,4,4,27
北京,秋季,北京市海淀区上庄乡常乐村村民委员会南(马坊中路西),4,4,14
北京,秋季,北京市玉渊潭公园,4,4,33
北京,秋季,北京温榆河公园-西园,4,4,7
北京,秋季,北京鹫峰国家森林公园,4,4,13
北京,秋季,北土城,4,4,9
北京,秋季,北沙河及巩华城半岛,4,4,35
北京,秋季,城市绿心森林公园,4,4,22
北京,秋季,康西草原马场,4,4,46
北京,秋季,昌平区白浮泉公园(白浮泉路北300米),4,4,51
北京,秋季,昌平新城滨河森林公园(北京市昌平区),4,4,28
北京,秋季,月坛公园,4,4,6
北京,秋季,朝阳区南磨房官庄公园(广渠东路南300米),4,4,16
北京,秋季,朝阳区奥运村奥林匹克森林公园(北五环北200米),4,4,26
北京,秋季,沙河昌平新城滨河森林公园游客服务中心西150米,4,4,36
北京,秋季,玉渊潭公园-西门附近,4,4,16
北京,秋季,绿海运动公园,4,4,21
北京,秋季,通明湖公园(北京市通州区科创十七街),4,4,15
北京,秋季,门头沟 妙峰山,4,4,7
北京,秋季,雁栖湖西山步道,4,4,20
北京,秋季,北京环球度假区,3,48,35
北京,秋季,合生·滨江帝景,3,27,27
北京,秋季,潞河中学(北京市通州区新华南路135号),3,23,15
北京,秋季,沙河水库新城滨河森林公园,3,18,29
北京,秋季,金盏森林公园,3,14,23
北京,秋季,清河之源,3,9,21
北京,秋季,北京云湖度假村,3,8,28
北京,秋季,北京大学医学部,3,8,15
北京,秋季,潮汇大桥（潮河白河汇合口）,3,8,26
北京,秋季,北科建水岸雁栖,3,7,27
北京,秋季,对外经济贸易大学,3,7,22
北京,秋季,日坛公园(北京市朝阳区日坛北路6号),3,7,19
北京,秋季,北京友谊宾馆,3,6,9
北京,秋季,顺义公园,3,6,15
北京,秋季,凤港减河,3,5,37
北京,秋季,北京大学附属中学,3,5,14
北京,秋季,北京莲花池公园,3,5,12
北京,秋季,右堤路大宁水库（北京银泰鸿业高尔夫）,3,5,25
北京,秋季,崔各庄黑桥公园,3,5,16
北京,秋季,昌平新城滨河森林公园-滨水走廊,3,5,26
北京,秋季,漕运码头,3,5,21
北京,秋季,中关村软件园,3,4,18
北京,秋季,凉水河丰台段,3,4,14
北京,秋季,凉水河经开区段,3,4,25
北京,秋季,北京奥林匹克公园-大树园,3,4,32
北京,秋季,北京麋鹿苑,3,4,48
北京,秋季,十三陵二坝,3,4,45
北京,秋季,国家植物园南园,3,4,23
北京,秋季,奥林匹克森林公园北苑桃花沟,3,4,32
北京,秋季,广阳谷城市森林公园,3,4,9
北京,秋季,沙河水库南沙河,3,4,42
北京,秋季,滨河公园,3,4,18
北京,秋季,玉东郊野公园,3,4,34
北京,秋季,野鸭湖,3,4,51
北京,秋季,东城区天坛公园(天坛路南300米),3,3,21
北京,秋季,东城区天坛公园双环万寿亭东北200米(天坛路南),3,3,27
北京,秋季,东城区龙潭中湖公园(长青园路东150米),3,3,10
北京,秋季,东小口森林公园,3,3,32
北京,秋季,丰台区南苑森林湿地公园1期(槐房南路东),3,3,19
北京,秋季,什刹海西海湿地公园,3,3,16
北京,秋季,北京市北京市东城区天坛公园-西门,3,3,19
北京,秋季,北京市昌平区七孔桥花海,3,3,21
北京,秋季,北京师范大学(海淀校园),3,3,11
北京,秋季,北京百望山森林公园,3,3,15
北京,秋季,北京红螺寺风景区,3,3,10
北京,秋季,北沙河南岸,3,3,26
北京,秋季,十渡,3,3,17
北京,秋季,千灵山,3,3,30
北京,秋季,国家植物园-人工湖中湖,3,3,16
北京,秋季,国家植物园北园-东南门,3,3,26
北京,秋季,国家植物园梅园水景观光区,3,3,16
北京,秋季,国科大雁栖湖校区,3,3,6
北京,秋季,地坛公园,3,3,14
北京,秋季,大宁水库-乐活中堤-永定河道,3,3,13
北京,秋季,天坛公园北天门东北,3,3,7
北京,秋季,奥林匹克森林公园北园-西门,3,3,35
北京,秋季,奥林匹克森林公园（奥森）南园,3,3,11
北京,秋季,奥森北园北门,3,3,23
北京,秋季,奥海南、西；林泉高致,3,3,15
北京,秋季,妫水河森林公园,3,3,27
北京,秋季,官厅水库,3,3,34
北京,秋季,密云水库大小曹村库滨带,3,3,10
北京,秋季,小清河,3,3,38
北京,秋季,巩华城沙河岸边,3,3,18
北京,秋季,常乐村,3,3,26
北京,秋季,幽州大峡谷(北京市门头沟区沿河城附近),3,3,6
北京,秋季,房山小清河公园,3,3,28
北京,秋季,昌平区沙河滨河观景平台南200米,3,3,28
北京,秋季,望京公园,3,3,15
北京,秋季,朝阳区奥运村奥林匹克森林公园(奥林西路北150米),3,3,23
北京,秋季,沙河新城滨河森林公园,3,3,35
北京,秋季,沙河昌平新城滨河森林公园东50米,3,3,23
北京,秋季,沙河昌平新城滨河森林公园东北100米,3,3,9
北京,秋季,海子(北京市大兴区),3,3,36
北京,秋季,玉渡山风景区,3,3,8
北京,秋季,百望山森林公园282步道猛禽迁徙监测点,3,3,28
北京,秋季,百望山森林公园猛禽监测点,3,3,19
北京,秋季,神堂峪风景区,3,3,9
北京,秋季,红军庄村(北京市怀柔区),3,3,17
北京,秋季,西郊雨洪调蓄工程/西郊砂石坑,3,3,20
北京,秋季,通州区宋庄镇,3,3,45
北京,秋季,通州区马驹桥湿地公园一期(七支路东200米),3,3,16
北京,秋季,陶然亭公园(北京市西城区太平街19号),3,3,21
北京,秋季,陶然亭公园-南门,3,3,22
北京,秋季,雁栖河科学城段(北京市怀柔区),3,3,17
北京,秋季,颐和园公园,3,3,34
北京,秋季,马驹桥湿地公园-一期,3,3,10
北京,秋季,麋鹿苑北京市大兴区,3,3,29
北京,秋季,龙山,3,3,25
北京,秋季,松香湖,2,20,24
北京,秋季,北长河,2,11,34
北京,秋季,崔家窑,2,10,39
北京,秋季,上庄水库(北京市海淀区),2,9,44
北京,秋季,东小口城市休闲公园(北京市昌平区),2,9,28
北京,秋季,沙河水库西岸,2,8,42
北京,秋季,海淀区北坞公园(金河路南),2,8,34
北京,秋季,门头沟区永定电建·金地华宸东南(龙兴南一路西),2,7,10
北京,秋季,北辰绿色中央公园,2,6,10
北京,秋季,沙河水库巩华城半岛,2,6,33
北京,秋季,丰台区莲花池公园(莲花池南路北200米),2,5,17
北京,秋季,奥林匹克森林公园北园北门大坑,2,5,13
北京,秋季,旺景公园,2,5,11
北京,秋季,树村郊野公园,2,5,19
北京,秋季,百望山森林公园黑山头观景平台,2,5,9
北京,秋季,中国人民大学附属中学（人大附中本部）,2,4,5
北京,秋季,中国科学院大学(雁栖湖校区),2,4,24
北京,秋季,临波西路与运粮引河路交叉口(通州区),2,4,28
北京,秋季,五里店铁路公园,2,4,20
北京,秋季,北辰中心花园小微湿地,2,4,8
北京,秋季,南海子公园雁影海,2,4,42
北京,秋季,大望京公园-东园,2,4,8
北京,秋季,昌平十三陵水库,2,4,46
北京,秋季,朝阳区太阳宫公园(四环南),2,4,17
北京,秋季,未来科学城滨水公园(北京市昌平区),2,4,22
北京,秋季,百望山森林公园黑山头木平台,2,4,15
北京,秋季,西玉河村(北京市海淀区),2,4,12
北京,秋季,镇辽门东,2,4,37
北京,秋季,中国人民大学中关村校区一勺池,2,3,12
北京,秋季,中国农业大学(西校区),2,3,13
北京,秋季,中国科学院大学雁栖湖校区,2,3,14
北京,秋季,中国科学院大学（雁栖湖）,2,3,14
北京,秋季,兴隆公园,2,3,17
北京,秋季,北京化工大学（昌平新校区）,2,3,16
北京,秋季,北京大学鸣鹤园,2,3,14
北京,秋季,北京市通州区北运河,2,3,37
北京,秋季,北京朝来森林公园,2,3,24
北京,秋季,北京林业大学林之心,2,3,3
北京,秋季,北京航空航天大学(沙河校区),2,3,5
北京,秋季,北京航空航天大学(海淀区学院路37号),2,3,8
北京,秋季,北坞公园,2,3,18
北京,秋季,北小河公园,2,3,8
北京,秋季,北庄镇,2,3,17
北京,秋季,南海子晾鹰台,2,3,23
北京,秋季,卢沟桥南-乐活中堤 永定河湿地,2,3,12
北京,秋季,国家植物园中国科学院植物研究所北门,2,3,32
北京,秋季,太阳宫体育休闲公园,2,3,18
北京,秋季,朝阳区东坝郊野公园,2,3,12
北京,秋季,朝阳区大屯卧龙小区(卧龙东路西),2,3,10
北京,秋季,永定公园,2,3,13
北京,秋季,琉璃河湿地公园,2,3,27
北京,秋季,门头沟区北京市门头沟付家台中心小学(付珠路南),2,3,16
北京,秋季,1105瞭望塔(北京市海淀区),2,2,24
北京,秋季,万丰公园,2,2,8
北京,秋季,上庄水库,2,2,28
北京,秋季,东城亮马河公园,2,2,11
北京,秋季,东城区龙潭中湖公园(长青园路东200米),2,2,9
北京,秋季,东灵山主峰,2,2,21
北京,秋季,中国科学院植物研究所北京植物园(海淀区),2,2,26
北京,秋季,丽泽桥,2,2,4
北京,秋季,于辛庄村,2,2,32
北京,秋季,京城森林公园(北京市朝阳区),2,2,14
北京,秋季,元土城遗址公园(北京市海淀区),2,2,7
北京,秋季,元大都城垣遗址公园(安贞西里小区北)大都建典,2,2,14
北京,秋季,先农坛,2,2,24
北京,秋季,全国农业展览馆(朝阳区东三环北路16号),2,2,22
北京,秋季,凉水河通州段,2,2,18
北京,秋季,北京动物园-水禽湖,2,2,5
北京,秋季,北京南海子麋鹿苑博物馆,2,2,48
北京,秋季,北京外国语大学,2,2,20
北京,秋季,北京大学镜春园,2,2,24
北京,秋季,北京大觉寺,2,2,8
北京,秋季,北京市大兴区南海子公园,2,2,9
北京,秋季,北京市奥林匹克森林公园-南园,2,2,31
北京,秋季,北京市密云区朱家湾村清水河,2,2,37
北京,秋季,北京市朝阳区望和公园-北园,2,2,19
北京,秋季,北京市百望山森林公园,2,2,22
北京,秋季,北京市颐和园,2,2,9
北京,秋季,北京林业大学操场,2,2,3
北京,秋季,北京植物园北园,2,2,24
北京,秋季,北京植物园科普馆,2,2,9
北京,秋季,北京绿洲丰盈高尔夫球会,2,2,23
北京,秋季,北京翠湖湿地公园(北京市海淀区),2,2,29
北京,秋季,北京航空航天大学(学院路校区),2,2,7
北京,秋季,北京野鸭湖,2,2,42
北京,秋季,北大校园,2,2,17
北京,秋季,北宫国家森林公园,2,2,7
北京,秋季,北湖林地,2,2,13
北京,秋季,北运河通州段,2,2,26
北京,秋季,十三陵水库,2,2,21
北京,秋季,南沙河,2,2,21
北京,秋季,南沙河翠湖南路,2,2,15
北京,秋季,南海子,2,2,39
北京,秋季,南长河公园,2,2,11
北京,秋季,台湖镇水南村,2,2,30
北京,秋季,团结湖公园,2,2,3
北京,秋季,团结湖公园(朝阳区团结湖南里16号),2,2,7
北京,秋季,园外园·中坞公园(北京市海淀区),2,2,5
北京,秋季,圆明园遗址公园西线,2,2,29
北京,秋季,大兴区南海子公园(三海子二号路西50米),2,2,15
北京,秋季,大兴区观鸟台(三海子二号路南),2,2,11
北京,秋季,大望京公园,2,2,4
北京,秋季,大杨山国家森林公园(北京市昌平区木厂村),2,2,8
北京,秋季,天元公园(北京市丰台区青塔西路),2,2,26
北京,秋季,天坛,2,2,23
北京,秋季,天坛公园-祈年殿,2,2,14
北京,秋季,天坛公园科普园至西门,2,2,14
北京,秋季,天宁寺桥,2,2,13
北京,秋季,天安门广场,2,2,5
北京,秋季,奥森北园+南园,2,2,31
北京,秋季,奥森北园河西,2,2,20
北京,秋季,奥森银杏林东南,2,2,25
北京,秋季,定慧公园,2,2,11
北京,秋季,宛平湖及荒废高尔夫球场,2,2,26
北京,秋季,密云区太师屯村,2,2,14
北京,秋季,密云区太师屯镇密古路(城子村),2,2,41
北京,秋季,密云区太师屯镇泉河,2,2,23
北京,秋季,密云区清水河,2,2,19
北京,秋季,密云区潮汇大桥西(X036),2,2,5
北京,秋季,密云水库周边,2,2,63
北京,秋季,小漕村外崖壁及潮河沿岸,2,2,18
北京,秋季,山里乐活,2,2,3
北京,秋季,巩华城[地铁站],2,2,21
北京,秋季,巩华城滨河森林公园及半岛周边,2,2,36
北京,秋季,御康公园,2,2,22
北京,秋季,怀柔区潮河苑假日农庄北100米(右堤路北),2,2,46
北京,秋季,怀沙河-红军庄村-水德广场（怀柔水库附近）,2,2,30
北京,秋季,慕田峪长城,2,2,2
北京,秋季,房山区琉璃河桥南50米(京深路),2,2,23
北京,秋季,房山大石河,2,2,22
北京,秋季,房山新城滨水森林公园,2,2,14
北京,秋季,日坛公园,2,2,8
北京,秋季,昌平新城滨河森林公园外周边,2,2,14
北京,秋季,昌平滨河森林公园,2,2,27
北京,秋季,朝阳区东坝乡半截塔,2,2,1
北京,秋季,朝阳区北京温榆河公园6号门南(来广营北路西),2,2,26
北京,秋季,朝阳区奥运村奥林匹克森林公园(安立路西150米),2,2,20
北京,秋季,朝阳区庆丰公园,2,2,10
北京,秋季,未来科学城滨水公园,2,2,29
北京,秋季,朱家湾村,2,2,8
北京,秋季,树村公园,2,2,8
北京,秋季,桑园村,2,2,24
北京,秋季,汉石桥湿地公园,2,2,46
北京,秋季,沙河水库（昌平新城滨河森林公园）,2,2,6
北京,秋季,沿河城站,2,2,16
北京,秋季,海淀区颐和园(西南门石桥东150米),2,2,20
北京,秋季,清华大学(北京市海淀区双清路30号),2,2,2
北京,秋季,清华大学主楼北侧林地,2,2,12
北京,秋季,清河营郊野公园,2,2,4
北京,秋季,潮白河（河南村）,2,2,11
北京,秋季,牛口峪湿地公园,2,2,30
北京,秋季,玉渊潭公园(海淀区西三环中路10号),2,2,22
北京,秋季,环湖东路,2,2,21
北京,秋季,百望山森林公园(海淀区黑山扈北口19号),2,2,23
北京,秋季,百望山森林公园-曲径烟深栈道,2,2,19
北京,秋季,百望山森林公园秋季和春季两个猛禽监测点,2,2,11
北京,秋季,神堂峪栈道,2,2,2
北京,秋季,福泽樱暖,2,2,20
北京,秋季,科创十七街,2,2,2
北京,秋季,稻香云林,2,2,9
北京,秋季,红军庄村,2,2,27
北京,秋季,翠湖国家城市湿地公园,2,2,38
北京,秋季,老山城市休闲公园,2,2,26
北京,秋季,舞彩浅山,2,2,5
北京,秋季,萧太后河,2,2,15
北京,秋季,西玉河雨水湿地公园,2,2,17
北京,秋季,通州区东郊森林湿地公园,2,2,17
北京,秋季,通州大运河森林公园,2,2,20
北京,秋季,郭家坞,2,2,17
北京,秋季,野鸭湖湿地,2,2,45
北京,秋季,野鸭湖马场,2,2,46
北京,秋季,银山塔林风景区,2,2,22
北京,秋季,长峪城,2,2,12
北京,秋季,门头沟区永定镇下狼窝,2,2,8
北京,秋季,门头沟区永定镇东园子,2,2,13
北京,秋季,门头沟区清水镇洪水口村,2,2,6
北京,秋季,雁栖湖,2,2,9
北京,秋季,青白口桥,2,2,19
北京,秋季,顺义区后沙峪北京温榆河公园(故城记忆),2,2,1
北京,秋季,顺义潮白河滨河森林公园,2,2,33
北京,秋季,颐和园-团城湖,2,2,23
北京,秋季,颐和园-昆明湖,2,2,5
北京,秋季,颐和园-西门,2,2,20
北京,秋季,颐和园昆明湖,2,2,5
北京,秋季,颐和园西堤（镜桥-石桥）,2,2,27
北京,秋季,马家湾湿地公园附近,2,2,18
北京,秋季,麋鹿苑,2,2,21
北京,秋季,北京市园林绿化科学研究院,1,21,18
北京,秋季,十一学校魔术林,1,18,57
北京,秋季,龙门生态园(天开寺店),1,13,16
北京,秋季,分钟寺,1,12,19
北京,秋季,恒通商务园,1,12,13
北京,秋季,京铁公寓,1,11,41
北京,秋季,高碑店朝阳区兴隆公园,1,10,8
北京,秋季,海淀区苏家坨镇土桥柳林河,1,9,28
北京,秋季,首都师范大学,1,9,6
北京,秋季,北京市通州区漷县镇西定安村,1,8,11
北京,秋季,百望山森林公园猛禽迁徙282监测点,1,8,20
北京,秋季,北小河,1,7,24
北京,秋季,中国环境科学研究院,1,6,18
北京,秋季,中海凯旋,1,6,1
北京,秋季,奥森北园河东,1,6,24
北京,秋季,中关村ARTPARK大融城,1,5,7
北京,秋季,南旱河,1,5,28
北京,秋季,小中河,1,5,23
北京,秋季,白河森林公园,1,5,23
北京,秋季,青年之家公寓,1,5,26
北京,秋季,七孔桥花海主题公园,1,4,29
北京,秋季,乐活中堤+大宁水库东岸+宛平湖西岸,1,4,31
北京,秋季,云岗森林公园-西门,1,4,15
北京,秋季,北京城市图书馆,1,4,13
北京,秋季,新凤河,1,4,26
北京,秋季,昌平区十三陵镇龙山,1,4,18
北京,秋季,望京西园1区,1,4,4
北京,秋季,胡家村(北京市通州区),1,4,32
北京,秋季,茉藜园(北京市朝阳区秋实东街),1,4,2
北京,秋季,齐物潭,1,4,9
北京,秋季,东埠头沟公园南侧区域,1,3,22
北京,秋季,中国石油大学(北京),1,3,10
北京,秋季,中国社会科学院大学(良乡校区),1,3,5
北京,秋季,中国科学院大学(雁栖湖校区)西,1,3,13
北京,秋季,中日友好医院,1,3,14
北京,秋季,云岗北里小院,1,3,12
北京,秋季,凉水河经开区河段,1,3,15
北京,秋季,园博园功能湿地（晓月湖芦苇）,1,3,18
北京,秋季,新科祥园,1,3,7
北京,秋季,昌平区北七家北京太阳城(温榆河左堤南),1,3,15
北京,秋季,海淀区万泉河北京市第十九中学(东校区),1,3,6
北京,秋季,玉渊潭公园西湖,1,3,11
北京,秋季,诺德花园西区,1,3,2
北京,秋季,通州区北京小海字健身训练营东南100米(张凤路东),1,3,34
北京,秋季,雁栖河至怀河(北京市怀柔区葛各庄路),1,3,20
北京,秋季,首都师范大学(良乡校区),1,3,7
北京,秋季,中信新城(北京市大兴区三海子东路),1,2,15
北京,秋季,中关村环保科技示范园齐物潭公园,1,2,9
北京,秋季,中国空间技术研究院东北,1,2,1
北京,秋季,乐府江南,1,2,5
北京,秋季,兆维工业园,1,2,6
北京,秋季,北京人定湖公园,1,2,12
北京,秋季,北京华文学院(北京市昌平区七北路69号),1,2,16
北京,秋季,北京工业大学,1,2,18
北京,秋季,北京市第十三中学,1,2,14
北京,秋季,北京物资学院,1,2,17
北京,秋季,北京科技大学,1,2,7
北京,秋季,北太平庄北京师范大学(京师路),1,2,3
北京,秋季,十一学校小水坑鸟类监测点,1,2,7
北京,秋季,国家植物园-樱桃沟,1,2,21
北京,秋季,国家登山训练基地,1,2,13
北京,秋季,圆明园遗址公园鸿慈永祜东北200米,1,2,15
北京,秋季,塔院城市森林公园,1,2,5
北京,秋季,大兴区西红门镇怀畅园,1,2,8
北京,秋季,大宁水库-乐活中堤,1,2,21
北京,秋季,天坛公园-科普园（苗圃）,1,2,3
北京,秋季,奥北森林公园,1,2,14
北京,秋季,密云区京密引水渠首(君山北路),1,2,4
北京,秋季,密云水库管理处调节池管理站,1,2,30
北京,秋季,怀九河+怀沙河,1,2,31
北京,秋季,怀北庄（北神路以北）,1,2,16
北京,秋季,房山区小令湖南500米,1,2,12
北京,秋季,昌平区老牛湾村,1,2,1
北京,秋季,朝阳区八里桥京贸国际公寓北(京通快速公路北),1,2,10
北京,秋季,朝阳区望京绿地中心B座(启阳路)东50米,1,2,7
北京,秋季,朝阳区来广营纬景园(创远路西50米),1,2,5
北京,秋季,木樨地护城河,1,2,4
北京,秋季,柳荫公园柳荫亭,1,2,9
北京,秋季,水岸雁栖,1,2,8
北京,秋季,沙河昌平新城滨河森林公园滨水走廊北400米,1,2,1
北京,秋季,海淀区清缘里东50米(清河路南),1,2,8
北京,秋季,海淀区西北旺镇双石岭（智能卡口028）,1,2,10
北京,秋季,潮汇大桥,1,2,13
北京,秋季,潮河边绿化林间,1,2,19
北京,秋季,潮白·丽水庄园,1,2,21
北京,秋季,狼垡城市森林公园,1,2,7
北京,秋季,玲珑公园,1,2,14
北京,秋季,石龙创新大厦,1,2,3
北京,秋季,苗圃,1,2,4
北京,秋季,融科橄榄家园,1,2,10
北京,秋季,西郊沙石坑,1,2,11
北京,秋季,路县故城遗址博物馆,1,2,13
北京,秋季,通州区台湖镇外郎营村,1,2,4
北京,秋季,重兴寺公园,1,2,15
北京,秋季,银谷·美泉,1,2,11
北京,秋季,长城脚下的公社(北京市延庆区),1,2,12
北京,秋季,门头沟区永定镇白庄子村,1,2,17
北京,秋季,顺义滨河森林公园,1,2,6
北京,秋季,黄土梁村,1,2,17
北京,秋季,027县道(北京市延庆区),1,1,13
北京,秋季,2019中国北京世界园艺博览会园区,1,1,6
北京,秋季,282步道,1,1,8
北京,秋季,NationalZhiwuPark,1,1,14
北京,秋季,YuanDaduCityWallRuinsPark,1,1,12
北京,秋季,七王坟(不对外开放),1,1,2
北京,秋季,三家店桥,1,1,8
北京,秋季,上庄镇常乐村,1,1,10
北京,秋季,世界园艺博览会园区,1,1,12
北京,秋季,东升八家郊野公园,1,1,16
北京,秋季,东单公园,1,1,9
北京,秋季,东城区天坛公园(天坛路南100米),1,1,17
北京,秋季,东城区天坛公园(天坛路南150米),1,1,17
北京,秋季,东城区天坛公园双环万寿亭西北200米(天坛路南),1,1,1
北京,秋季,东城区天坛公园科普园(天坛路南),1,1,5
北京,秋季,东城区龙潭中湖公园(长青园路东300米),1,1,13
北京,秋季,东大坨(玫瑰园环路),1,1,14
北京,秋季,东山村,1,1,15
北京,秋季,东庄村,1,1,13
北京,秋季,东沙河滨水公园,1,1,9
北京,秋季,东洲家园(北京市朝阳区来广营北路88号),1,1,5
北京,秋季,东灵山自然风景区,1,1,17
北京,秋季,东郊森林湿地公园(北京市顺义区),1,1,14
北京,秋季,东郊湿地公园,1,1,37
北京,秋季,东龙湾,1,1,15
北京,秋季,中关村公园,1,1,8
北京,秋季,中关村广场步行街,1,1,1
北京,秋季,中关村森林公园,1,1,31
北京,秋季,中关村软件园联想全球总部东南,1,1,7
北京,秋季,中华女子学院,1,1,7
北京,秋季,中华民族园,1,1,3
北京,秋季,中国人民公安大学(团河校区),1,1,8
北京,秋季,中国人民大学一勺池及双趣园,1,1,18
北京,秋季,中国人民大学主校区,1,1,7
北京,秋季,中国传媒大学,1,1,10
北京,秋季,中国农业科学院,1,1,3
北京,秋季,中国矿业大学（北京）,1,1,2
北京,秋季,中国科学院动物研究所(北辰西路1号院5),1,1,3
北京,秋季,中国科学院半导体研究所,1,1,2
北京,秋季,中国科学院大学(中关村校区),1,1,1
北京,秋季,中国科学院大学(玉泉路校区),1,1,1
北京,秋季,中国科学院大学两弹一星路中部北侧（白头鹎果园）,1,1,1
北京,秋季,中国科学院大学两弹一星路西南侧菜地（妖怪篱笆）,1,1,17
北京,秋季,中国联通大厦(金融街街道金融大街21号),1,1,4
北京,秋季,中坞公园,1,1,22
北京,秋季,中坞公园-荷风桥,1,1,1
北京,秋季,中山公园,1,1,1
北京,秋季,丰台创新中心南50米(福慧路东),1,1,18
北京,秋季,丰台区中海御景春天C4座北50米(六圈路南),1,1,18
北京,秋季,丰台区北京园博园(河堤路西),1,1,13
北京,秋季,丰台区宛平湖西南400米,1,1,4
北京,秋季,丰台区方庄群乐园(芳群路西50米),1,1,5
北京,秋季,丰台区玉泉营草桥欣园2区北区西南(草桥站前路东),1,1,4
北京,秋季,丰台区绿堤公园西南500米,1,1,10
北京,秋季,丰台大兴永定河沿岸,1,1,8
北京,秋季,丰宜公园,1,1,6
北京,秋季,临波中路与运粮引河路交叉口,1,1,8
北京,秋季,九渡山庄,1,1,5
北京,秋季,书韵,1,1,12
北京,秋季,二张营村,1,1,12
北京,秋季,于辛庄橡胶坝北,1,1,1
北京,秋季,云河墅,1,1,1
北京,秋季,云龙涧自然风景区,1,1,7
北京,秋季,京东大峡谷第三停车场,1,1,7
北京,秋季,京城体育休闲公园,1,1,6
北京,秋季,京城梨园,1,1,14
北京,秋季,京张铁路遗址公园1期南段,1,1,11
北京,秋季,京港城市大厦,1,1,1
北京,秋季,京西古道景区,1,1,6
北京,秋季,京西稻保护性种植区,1,1,18
北京,秋季,京郊大地庄园,1,1,22
北京,秋季,人大附中早培小树林,1,1,1
北京,秋季,人定湖公园,1,1,5
北京,秋季,亿滋食品(北京)有限公司,1,1,7
北京,秋季,亿滋食品(北京)有限公司西南,1,1,11
北京,秋季,什刹海-前海,1,1,6
北京,秋季,什刹海公园,1,1,4
北京,秋季,什刹海西海（积水潭）,1,1,15
北京,秋季,仁和公园,1,1,9
北京,秋季,元大都城垣遗址公园东土城沟,1,1,8
北京,秋季,元大都城垣遗址公园（健德门-北土城-安贞门段）,1,1,3
北京,秋季,元大都城垣遺址公園,1,1,1
北京,秋季,全国农业展览馆9号馆,1,1,10
北京,秋季,八大处公园,1,1,5
北京,秋季,八达岭国家森林公园-红叶岭,1,1,3
北京,秋季,八达岭森林公园,1,1,14
北京,秋季,农展馆后湖,1,1,9
北京,秋季,冠寓(北京沃德中心店)西,1,1,2
北京,秋季,凉水河大桥,1,1,20
北京,秋季,凉水河（通明湖公园附近）,1,1,13
北京,秋季,减河公园,1,1,3
北京,秋季,减河公园-潮白河森林公园,1,1,16
北京,秋季,凤河和柏凤沟交叉口(通州区),1,1,17
北京,秋季,前门,1,1,1
北京,秋季,北京CBD城市森林公园,1,1,12
北京,秋季,北京交通大学,1,1,1
北京,秋季,北京农业职业学院(长阳校区),1,1,1
北京,秋季,北京凤凰岭景区,1,1,7
北京,秋季,北京动物园-东区,1,1,4
北京,秋季,北京动物园-西区,1,1,16
北京,秋季,北京十一学校,1,1,2
北京,秋季,北京十二中,1,1,5
北京,秋季,北京园博园-园博功能湿地,1,1,2
北京,秋季,北京城市绿心森林公园,1,1,1
北京,秋季,北京外国语大学(西校区),1,1,1
北京,秋季,北京大学燕园,1,1,30
北京,秋季,北京大学荷花池（中水池）,1,1,10
北京,秋季,北京大学镜春园82号院南,1,1,12
北京,秋季,北京大学陈守仁国际数学研究中心,1,1,22
北京,秋季,北京天安门广场,1,1,1
北京,秋季,北京奥林匹克公园,1,1,2
北京,秋季,北京奥林匹克公园叠水花台,1,1,1
北京,秋季,北京奥林匹克公园湿地站专线3东,1,1,10
北京,秋季,北京奥林匹克森林公园,1,1,4
北京,秋季,北京展览馆,1,1,3
北京,秋季,北京市东城区天坛公园-西部空场,1,1,14
北京,秋季,北京市中山公园,1,1,7
北京,秋季,北京市北京市东城区地坛公园,1,1,11
北京,秋季,北京市密云水库管理处调节池管理站,1,1,16
北京,秋季,北京市延庆区野鸭湖湿地自然保护区露营地北(康野路),1,1,12
北京,秋季,北京市怀柔区城市森林公园,1,1,17
北京,秋季,北京市昌平区沙河水库,1,1,5
北京,秋季,北京市朝阳区兴隆公园,1,1,14
北京,秋季,北京市朝阳区奥运村街道北中轴景观大道,1,1,18
北京,秋季,北京市植物园北园,1,1,3
北京,秋季,北京市海淀区稻香湖学校(三星庄路北),1,1,11
北京,秋季,北京市海淀区阜成路南5号,1,1,19
北京,秋季,北京市清河管理处下清河闸管理站,1,1,1
北京,秋季,北京市第三十五中学,1,1,6
北京,秋季,北京市第二中学,1,1,8
北京,秋季,北京市通州区通州大运河森林公园,1,1,21
北京,秋季,北京市陈经纶中学分校望京实验学校,1,1,1
北京,秋季,北京市顺义区潮白河森林公园,1,1,12
北京,秋季,北京市顺义区西湖园,1,1,1
北京,秋季,北京市香山公园,1,1,1
北京,秋季,北京市鹫峰,1,1,14
北京,秋季,北京师范大学-生态学研究所,1,1,1
北京,秋季,北京师范大学附属实验中学分校,1,1,2
北京,秋季,北京怀柔雁栖湖景区,1,1,4
北京,秋季,北京教学植物园,1,1,13
北京,秋季,北京昌平沙河大坝,1,1,26
北京,秋季,北京朝阳公园,1,1,1
北京,秋季,北京植物园,1,1,6
北京,秋季,北京永定河莲石湖公园,1,1,17
北京,秋季,北京温榆河公园(故城记忆),1,1,5
北京,秋季,北京环丰世纪绿色能源科技有限公司,1,1,5
北京,秋季,北京理工大学(良乡校区）中心花园,1,1,4
北京,秋季,北京第二外国语学院,1,1,2
北京,秋季,北京育新苑宾馆,1,1,12
北京,秋季,北京航空航天大学,1,1,11
北京,秋季,北京航空航天大学绿园(北京市海淀区),1,1,8
北京,秋季,北京邮电大学,1,1,9
北京,秋季,北京野生动物园,1,1,5
北京,秋季,北京阻尼运动中心,1,1,5
北京,秋季,北京陶然亭公园,1,1,20
北京,秋季,北京颐和园,1,1,7
北京,秋季,北京首都国际机场T3航站楼P8内部员工停车场,1,1,4
北京,秋季,北大最美时光咖啡厅(中关村街道北大),1,1,13
北京,秋季,北宫森林公园,1,1,5
北京,秋季,北沙河北岸,1,1,9
北京,秋季,北马庄村,1,1,1
北京,秋季,十三陵二坝观鸟点,1,1,25
北京,秋季,十三陵水库二坝,1,1,15
北京,秋季,十三陵永陵,1,1,8
北京,秋季,十三陵镇东沙河沿岸,1,1,14
北京,秋季,十字道村,1,1,10
北京,秋季,十渡风景区七渡旭日东升,1,1,1
北京,秋季,十里堡乙2号院,1,1,3
北京,秋季,千军台,1,1,45
北京,秋季,半坡及附近街区,1,1,7
北京,秋季,南堤(北京市大兴区),1,1,16
北京,秋季,南彩银杏园,1,1,2
北京,秋季,南樱路（南庄村）,1,1,17
北京,秋季,南沙河东路,1,1,3
北京,秋季,南海子三期,1,1,6
北京,秋季,南海子公园(一期二期通道),1,1,2
北京,秋季,南海子公园-麋鹿苑,1,1,25
北京,秋季,南海子公园1期-南门,1,1,26
北京,秋季,南海子公园一期(南门),1,1,11
北京,秋季,南海子公园二期,1,1,1
北京,秋季,南海子公园雁影海1号码头,1,1,3
北京,秋季,南海子公园雁影海南,1,1,13
北京,秋季,南馆公园,1,1,6
北京,秋季,博大公园,1,1,11
北京,秋季,卧佛寺,1,1,10
北京,秋季,卧龙岗村,1,1,7
北京,秋季,古北水镇-P1小型车停车场,1,1,2
北京,秋季,古塔公园,1,1,26
北京,秋季,古崖居风景名胜区,1,1,3
北京,秋季,台湖公园,1,1,10
北京,秋季,合生滨江帝景一期,1,1,5
北京,秋季,后海公园(北京市西城区德胜门内大街),1,1,11
北京,秋季,喇叭沟门森林公园,1,1,15
北京,秋季,四季青镇,1,1,8
北京,秋季,四方景园二区,1,1,1
北京,秋季,四渡河村,1,1,5
北京,秋季,国家天文台密云站,1,1,8
北京,秋季,国家植物园北园-4号观景平台,1,1,6
北京,秋季,国家植物园北园和南园,1,1,20
北京,秋季,国家植物园北园梅园水景区,1,1,11
北京,秋季,国家植物园（北园）,1,1,6
北京,秋季,国家网球中心-布拉德球场,1,1,1
北京,秋季,国科大怀柔,1,1,17
北京,秋季,圆明园南门[公交站],1,1,24
北京,秋季,圆明园牡丹观赏区(北京市海淀区),1,1,13
北京,秋季,圆明园遗址公园-福海,1,1,5
北京,秋季,圆明园遗址公园-西门,1,1,7
北京,秋季,圆明园遗址公园后海周边,1,1,12
北京,秋季,圆明园遗址公园后海等景区,1,1,17
北京,秋季,圆明园遗址公园天然图画,1,1,15
北京,秋季,圆明园遗址公园藻园门(西苑北桥北侧),1,1,11
北京,秋季,圆明园遗址公园长春园,1,1,5
北京,秋季,圆明园鸿慈永祜东北200米,1,1,12
北京,秋季,圆明园鸿慈永祜往东北200米,1,1,11
北京,秋季,坡峰岭,1,1,7
北京,秋季,垛子公园,1,1,4
北京,秋季,大兴之星大厦对面步道,1,1,10
北京,秋季,大兴区亦庄新城滨河公园(通惠河灌渠南段),1,1,1
北京,秋季,大兴区南海子公园(三海子二号路南300米),1,1,24
北京,秋季,大兴区南海子公园(公园南环路北200米),1,1,20
北京,秋季,大兴区南海子公园(公园南环路北400米),1,1,22
北京,秋季,大兴区圣石桥西南100米(公园南环路北),1,1,6
北京,秋季,大兴区滨河公园西侧,1,1,1
北京,秋季,大兴区绿地中央广场(兴华大街东),1,1,2
北京,秋季,大兴区长子营湿地公园,1,1,9
北京,秋季,大兴区青云店镇老观里村,1,1,16
北京,秋季,大兴区麋鹿苑北门东南50米(三海子二号路南),1,1,13
北京,秋季,大兴生态文明教育公园,1,1,13
北京,秋季,大城子镇,1,1,1
北京,秋季,大宁水库-稻田水库-马厂水库-永定河下游,1,1,20
北京,秋季,大小黄岩河,1,1,10
北京,秋季,大禅路,1,1,1
北京,秋季,大运河森林公园京杭大运河书院西南,1,1,11
北京,秋季,天坛公园西门至科普园附近,1,1,1
北京,秋季,天坛公园西门至苗圃区间,1,1,1
北京,秋季,天澄湖,1,1,13
北京,秋季,太师屯,1,1,31
北京,秋季,太平庄村（潮河苑农庄）左堤路北,1,1,22
北京,秋季,太阳宫足球俱乐部,1,1,11
北京,秋季,太陽宮安馨花園,1,1,2
北京,秋季,头道沟,1,1,10
北京,秋季,奥体中心,1,1,18
北京,秋季,奥北森林公园二期,1,1,9
北京,秋季,奥林匹克森林公园(北京市朝阳区安立路),1,1,8
北京,秋季,奥林匹克森林公园北园(北京市朝阳区),1,1,18
北京,秋季,奥林匹克森林公园北园树木园,1,1,6
北京,秋季,奥森,1,1,18
北京,秋季,奥森别墅西北,1,1,26
北京,秋季,奥森北+南,1,1,18
北京,秋季,奥森匹克森林公园南园东门河道,1,1,22
北京,秋季,奥森南园西线,1,1,14
北京,秋季,奥森奥森南园,1,1,29
北京,秋季,妙峰山森林公园-玫瑰谷,1,1,11
北京,秋季,妙峰山风景名胜区,1,1,10
北京,秋季,安达木河,1,1,9
北京,秋季,宋庄文化公园,1,1,2
北京,秋季,宛平湖晓月湖,1,1,12
北京,秋季,宣武门西大街57号(北京市西城区),1,1,1
北京,秋季,密云区不老屯镇学各庄村,1,1,33
北京,秋季,密云区京密引水渠首东北150米(君山北路北),1,1,1
北京,秋季,密云区北庄镇朱家湾村,1,1,2
北京,秋季,密云区太师屯镇王家窝铺,1,1,3
北京,秋季,密云区实验林场东600米,1,1,45
北京,秋季,密云区新城子镇遥桥峪村,1,1,11
北京,秋季,密云区阳光城·溪山悦西200米,1,1,8
北京,秋季,密云水库上金山,1,1,15
北京,秋季,密云清水河,1,1,2
北京,秋季,密云潮白河左堤路-云蒙大桥至羊山1号桥,1,1,27
北京,秋季,小场沟,1,1,5
北京,秋季,小月河公园,1,1,7
北京,秋季,小武基南萧太后河,1,1,30
北京,秋季,小皮营(福东街),1,1,1
北京,秋季,崔家窑湿地公园,1,1,11
北京,秋季,巩华城地铁站西侧,1,1,1
北京,秋季,平西府公园,1,1,10
北京,秋季,平谷区东高村镇北张岱,1,1,14
北京,秋季,平谷区南独乐河镇张辛庄,1,1,12
北京,秋季,平谷区园田队滨河公园,1,1,11
北京,秋季,平谷区夏各庄镇王都庄村,1,1,15
北京,秋季,平谷区大华山镇老官顶,1,1,1
北京,秋季,平谷区泃河东门桥,1,1,15
北京,秋季,平谷区泃河张辛庄南桥(西侧),1,1,3
北京,秋季,平谷区金海湖北京育新苑宾馆(金海北路南100米),1,1,10
北京,秋季,平谷区金海湖风景区,1,1,7
北京,秋季,平谷西峪水库,1,1,4
北京,秋季,平顶山(北京市海淀区),1,1,9
北京,秋季,幽州,1,1,1
北京,秋季,幽州大峡谷,1,1,1
北京,秋季,庄怡公园,1,1,4
北京,秋季,延庆区旧县镇东龙湾村,1,1,11
北京,秋季,延庆区松山国家级自然保护区管理处办公区北,1,1,4
北京,秋季,延庆区野鸭湖国家湿地公园,1,1,36
北京,秋季,延庆区香村营桥南(X999),1,1,10
北京,秋季,怀山柔水公园西北(环湖东路),1,1,2
北京,秋季,怀柔北火车站一区北100米,1,1,5
北京,秋季,怀柔区北京市人民政府宽沟招待所东北,1,1,8
北京,秋季,怀柔区杨宋镇郭庄村,1,1,2
北京,秋季,怀柔区泉河街道社区卫生服务中心,1,1,1
北京,秋季,怀柔区白河湾(白河北路北500米),1,1,3
北京,秋季,怀柔区箭扣长城,1,1,3
北京,秋季,怀柔区龙湖花园西园10号院西150米(环湖东路),1,1,1
北京,秋季,怀柔城市森林公园,1,1,13
北京,秋季,怀柔滨河森林公园,1,1,11
北京,秋季,怀柔第一党支部纪念馆东南50米,1,1,4
北京,秋季,怀柔镇卧龙岗村,1,1,2
北京,秋季,怀水大桥,1,1,4
北京,秋季,怀长路ndsl,1,1,6
北京,秋季,怡美家园,1,1,3
北京,秋季,戒台寺,1,1,1
北京,秋季,房山区军红路(教军场),1,1,5
北京,秋季,房山区北京银泰鸿业高尔夫俱乐部,1,1,6
北京,秋季,房山区十渡(涞宝路南200米),1,1,6
北京,秋季,房山区小令湖西400米,1,1,16
北京,秋季,房山区小清河公园(清苑北街东150米),1,1,17
北京,秋季,房山区稻田回迁楼北区东400米(右堤路东),1,1,21
北京,秋季,房山区穆记滩桃(X017南),1,1,7
北京,秋季,房山区胡良河南100米(X016东),1,1,12
北京,秋季,房山区长阳中粮·京西祥云东300米(独义三路北),1,1,3
北京,秋季,房山区长阳小清河桥北(长阳路),1,1,13
北京,秋季,房山区长阳镇大宁水库,1,1,47
北京,秋季,房山十渡风景名胜区,1,1,20
北京,秋季,房山红领巾公园(大件路北),1,1,4
北京,秋季,拒马河十渡,1,1,16
北京,秋季,教军场,1,1,1
北京,秋季,旧宫城市森林公园,1,1,3
北京,秋季,昌平一中教育集团(西关校区),1,1,5
北京,秋季,昌平区东小口森林公园(中东路南),1,1,1
北京,秋季,昌平区十三陵风景区七孔桥花海,1,1,24
北京,秋季,昌平区南口镇凤凰山,1,1,8
北京,秋季,昌平区回龙观龙博苑3区(文华路西50米),1,1,6
北京,秋季,昌平区回龙观龙锦苑4区(文华路东100米),1,1,14
北京,秋季,昌平区摩崖石刻,1,1,14
北京,秋季,昌平区沙河停车场西北150米,1,1,20
北京,秋季,昌平区沙河巩华城地铁站东50米,1,1,32
北京,秋季,昌平区沙河巩华城地铁站东北150米,1,1,39
北京,秋季,昌平区沙河巩华城地铁站北400米(环城北路南),1,1,35
北京,秋季,昌平区沙河巩华城地铁站南200米,1,1,8
北京,秋季,昌平区沙河水库北岸,1,1,5
北京,秋季,昌平区沙河水库大坝西侧,1,1,22
北京,秋季,昌平区沙河翠明湖,1,1,25
北京,秋季,昌平区马池口镇东闸村,1,1,30
北京,秋季,昌平新城滨河森林公园(沙河),1,1,23
北京,秋季,昌平新城滨河森林公园-主入口广场,1,1,8
北京,秋季,昌平新城滨河森林公园-休息区,1,1,39
北京,秋季,昌平新城滨河森林公园-游客服务中心,1,1,8
北京,秋季,昌平沙河水库北岸,1,1,7
北京,秋季,星河湾四季会公园,1,1,3
北京,秋季,晓月湖至绿堤公园,1,1,1
北京,秋季,景风门,1,1,5
北京,秋季,有巢国际公寓社区总部基地店,1,1,1
北京,秋季,望和公园北园,1,1,14
北京,秋季,望湖公园,1,1,9
北京,秋季,朝外SOHO,1,1,1
北京,秋季,朝阳公园湖北岸,1,1,9
北京,秋季,朝阳区北京质信恒通混凝土有限公司东(来广营北路西),1,1,12
北京,秋季,朝阳区华彩国际公寓,1,1,8
北京,秋季,朝阳区南磨房官庄公园(官庄路东),1,1,10
北京,秋季,朝阳区南磨房官庄公园(官庄路东150米),1,1,12
北京,秋季,朝阳区太阳宫公园(太阳宫北街北),1,1,7
北京,秋季,朝阳区太阳宫南街(太阳宫地铁站),1,1,1
北京,秋季,朝阳区奥运村奥林匹克森林公园(天辰路西100米),1,1,26
北京,秋季,朝阳区奥运村奥林匹克森林公园(奥林西路北50米),1,1,16
北京,秋季,朝阳区奥运村奥林匹克森林公园湿地,1,1,7
北京,秋季,朝阳区奥运村奥森银杏林东南150米(奥林西路东),1,1,1
北京,秋季,朝阳区平房公园,1,1,1
北京,秋季,朝阳区望京伯爵城中央公园(阜安西路南),1,1,1
北京,秋季,朝阳区温榆河公园示范区,1,1,26
北京,秋季,朝阳区温榆河西南300米(滨河路北),1,1,13
北京,秋季,朝阳区甜水园金台路地铁站(朝阳北路北),1,1,1
北京,秋季,朱家湾村民委员会,1,1,6
北京,秋季,李兆基科技大楼,1,1,1
北京,秋季,杨庄公园,1,1,20
北京,秋季,枣林庄村(北京市通州区),1,1,12
北京,秋季,柳莺林,1,1,1
北京,秋季,树村郊野公园(北京市海淀区),1,1,2
北京,秋季,栢泉山庄大桥,1,1,12
北京,秋季,桃花溪旅游度假山庄,1,1,15
北京,秋季,梁各庄村大运河沿线,1,1,60
北京,秋季,槐新公园,1,1,3
北京,秋季,槐树岭四号院,1,1,8
北京,秋季,樱桃沟,1,1,13
北京,秋季,樱桃沟植物园,1,1,12
北京,秋季,樱花小湖,1,1,1
北京,秋季,樱花湖,1,1,21
北京,秋季,橋西街70號,1,1,28
北京,秋季,水南-桑园-高古庄村,1,1,30
北京,秋季,水榭凉亭,1,1,9
北京,秋季,水衙沟万丰公园,1,1,7
北京,秋季,永兴河湿地公园,1,1,3
北京,秋季,永定河(园博湖),1,1,2
北京,秋季,永定河公园,1,1,3
北京,秋季,永定河滨水森林公园,1,1,31
北京,秋季,汉包山,1,1,18
北京,秋季,江水河,1,1,11
北京,秋季,江水泉公园,1,1,1
北京,秋季,沙河(北京市昌平区),1,1,32
北京,秋季,沙河(巩华城滨河公园外周边),1,1,32
北京,秋季,沙河巩华城半岛周边,1,1,6
北京,秋季,沙河昌平新城滨河森林公园东,1,1,6
北京,秋季,沙河昌平新城滨河森林公园主入口广场西北200米,1,1,17
北京,秋季,沙河昌平新城滨河森林公园西,1,1,9
北京,秋季,沙河昌平新城滨河森林公园西南,1,1,16
北京,秋季,沙河水库南岸,1,1,27
北京,秋季,沙河水库南岸沿线,1,1,3
北京,秋季,沙河水库南岸近沙河闸,1,1,3
北京,秋季,沙河水库（北沙河南岸）,1,1,8
北京,秋季,河北村,1,1,5
北京,秋季,河堤路入口(河堤路方向),1,1,6
北京,秋季,沿河城村,1,1,17
北京,秋季,泰德商务花园,1,1,2
北京,秋季,海淀公园(四环北),1,1,21
北京,秋季,海淀公园万泉漱玉(四环北),1,1,15
北京,秋季,海淀区万寿路永引渠示范点,1,1,5
北京,秋季,海淀区上庄镇常乐村,1,1,5
北京,秋季,海淀区上庄镇翠湖北路(翠湖农场),1,1,10
北京,秋季,海淀区东升八家郊野公园(后八家西路北200米),1,1,9
北京,秋季,海淀区中关村公园(友谊路北),1,1,4
北京,秋季,海淀区中国纪检监察学院北100米(翠湖北路北),1,1,20
北京,秋季,海淀区五道口东王庄(北京林业大学南),1,1,1
北京,秋季,海淀区人大附中北大附小联合实验学校东南(三星庄路),1,1,7
北京,秋季,海淀区元土城遗址公园(知春路东),1,1,6
北京,秋季,海淀区北京万寿宾馆(玉渊潭南路南),1,1,4
北京,秋季,海淀区北京东升花园中心,1,1,1
北京,秋季,海淀区北京石刻艺术博物馆(五塔寺路北),1,1,2
北京,秋季,海淀区南湖岛(十七孔桥西北),1,1,3
北京,秋季,海淀区树村公园(树村北街南),1,1,1
北京,秋季,海淀区河道管理所五七水库管理站(七王坟路北),1,1,5
北京,秋季,海淀区玉东园(颐和园西门路北150米),1,1,3
北京,秋季,海淀区翠湖别墅西北150米(翠湖北路北),1,1,14
北京,秋季,海淀区翠湖国家城市湿地公园(南沙河西路北300米),1,1,18
北京,秋季,海淀区苏家坨镇稻香湖路,1,1,22
北京,秋季,海淀区荷颐苑东北(支四路东),1,1,5
北京,秋季,海淀区西小口公园(北京市),1,1,7
北京,秋季,海淀区西湖西200米(颐和园西门路东),1,1,16
北京,秋季,海淀区西湖西北200米(西堤南),1,1,1
北京,秋季,海淀区西玉河雨水湿地公园(玉河路北150米),1,1,3
北京,秋季,海淀区西苑桥东北扇面湖,1,1,3
北京,秋季,海淀区金钻KTV(花园路店)南100米,1,1,5
北京,秋季,海淀区颐和园(西堤西200米),1,1,21
北京,秋季,海淀区颐和园团城湖,1,1,16
北京,秋季,海淀区颐和园团城湖及附近,1,1,34
北京,秋季,海青台(北京市大兴区公园北环路),1,1,4
北京,秋季,清华大学(近春路),1,1,14
北京,秋季,清华大学主楼北,1,1,1
北京,秋季,清华大学情人坡,1,1,6
北京,秋季,清华大学校内,1,1,23
北京,秋季,清华大学苏世民书院,1,1,2
北京,秋季,清华大学近春园荒岛,1,1,1
北京,秋季,清华大学附属中学昌平学校,1,1,1
北京,秋季,清水河（密云北庄朱家湾段）,1,1,8
北京,秋季,清水镇灵山路东100米,1,1,1
北京,秋季,清河中段,1,1,14
北京,秋季,清河北滨河路,1,1,13
北京,秋季,温榆河,1,1,3
北京,秋季,温榆河孙河段,1,1,1
北京,秋季,温榆河孙河河段,1,1,8
北京,秋季,温榆河朝阳段,1,1,21
北京,秋季,温榆河滨河森林公园北区,1,1,3
北京,秋季,温榆河边,1,1,1
北京,秋季,温泉村后山附近拆迁区,1,1,5
北京,秋季,滨河森林公园,1,1,22
北京,秋季,滨角园码头,1,1,5
北京,秋季,潞通新路西荒地,1,1,10
北京,秋季,潮河,1,1,15
北京,秋季,潮白河,1,1,11
北京,秋季,潮白河大堤路与右堤路交叉口,1,1,5
北京,秋季,潮白河大桥东向西辅路,1,1,1
北京,秋季,潮白河沿线（密云）,1,1,14
北京,秋季,潮白河（大宗高尔夫）,1,1,18
北京,秋季,灵山,1,1,23
北京,秋季,灵山地区,1,1,25
北京,秋季,灵鹫禅寺,1,1,15
北京,秋季,燕山学堂,1,1,3
北京,秋季,牛口峪水库,1,1,33
北京,秋季,猴石崖(北京市海淀区),1,1,22
北京,秋季,玉渊潭公园-樱花园,1,1,1
北京,秋季,玉渊潭公园下沉花园,1,1,3
北京,秋季,玉渊潭公园南门附近,1,1,5
北京,秋季,王家窝铺(北京市密云区),1,1,3
北京,秋季,王锡彤墓园,1,1,10
北京,秋季,琉璃厂文化街(琉璃厂西街),1,1,5
北京,秋季,甘棠桥南,1,1,9
北京,秋季,田园牧歌,1,1,1
北京,秋季,白河湿地公园(白河湿地公园111国道东),1,1,17
北京,秋季,白马路潮白河,1,1,28
北京,秋季,百望山森林公园282监测点和木平台,1,1,21
北京,秋季,百望山森林公园284步道西北,1,1,10
北京,秋季,百望山森林公园天澄湖西,1,1,2
北京,秋季,百望山森林公园望乡亭西,1,1,5
北京,秋季,百望山森林公园猛禽秋季监测点,1,1,14
北京,秋季,百望山森林公园秋季点和黑山头观景平台,1,1,28
北京,秋季,百望山森林公园观景平台和282监测点,1,1,23
北京,秋季,百望山猛禽点,1,1,7
北京,秋季,百望山猛禽监测点,1,1,5
北京,秋季,百瑞谷景区,1,1,3
北京,秋季,石景山区五里坨街道克勤峪,1,1,15
北京,秋季,石景山区翠谷玉景苑(玉泉中路南100米),1,1,12
北京,秋季,石景山区衙门口融景城(景阳东街东),1,1,1
北京,秋季,石景山区金顶山知秋台,1,1,9
北京,秋季,石渠公园(北京市海淀区),1,1,24
北京,秋季,神山村,1,1,5
北京,秋季,禾子涧村(北京市昌平区),1,1,1
北京,秋季,科育社区,1,1,6
北京,秋季,稻田水库,1,1,6
北京,秋季,稻香湖公园,1,1,5
北京,秋季,稻香湖景酒店,1,1,25
北京,秋季,稻香花海,1,1,8
北京,秋季,紫竹院公园(海淀区中关村南大街35号),1,1,7
北京,秋季,红领巾公园南门外河沟,1,1,1
北京,秋季,绮春园,1,1,12
北京,秋季,绿城·百合公寓南区,1,1,13
北京,秋季,绿堤公园,1,1,17
北京,秋季,绿心路,1,1,1
北京,秋季,罗马湖东,1,1,6
北京,秋季,联想全球总部,1,1,1
北京,秋季,肖家河公园,1,1,2
北京,秋季,舞彩浅山滨水国家登山步道(木林镇),1,1,2
北京,秋季,良乡大学城公园,1,1,5
北京,秋季,芦各庄,1,1,3
北京,秋季,花家地公园,1,1,7
北京,秋季,花梨坎地铁站,1,1,1
北京,秋季,苏家坨镇七王坟森林防火检查站,1,1,16
北京,秋季,范各庄西桥,1,1,14
北京,秋季,莲石湖公园,1,1,3
北京,秋季,莲花池公园(丰台区西三环中路38号),1,1,15
北京,秋季,营盘沟路,1,1,4
北京,秋季,蒲洼乡,1,1,8
北京,秋季,蒲洼乡花台景区,1,1,16
北京,秋季,蓝靛厂清真寺,1,1,14
北京,秋季,虎峪自然风景区,1,1,1
北京,秋季,蟒山国家森林公园(昌平区蟒山路2号),1,1,11
北京,秋季,蟠龙山长城景区-古北口古长城,1,1,6
北京,秋季,蟹岛度假村,1,1,12
北京,秋季,西三旗公园,1,1,6
北京,秋季,西单,1,1,1
北京,秋季,西城区丰融园(什坊小街北),1,1,4
北京,秋季,西山林场打鹰洼瞭望塔,1,1,24
北京,秋季,西山绿道(石景山段),1,1,9
北京,秋季,西峪水库,1,1,9
北京,秋季,西帽山村(北京市怀柔区),1,1,11
北京,秋季,西红门生态公园风荷园,1,1,1
北京,秋季,西郊砂石坑公园(北京市海淀区),1,1,31
北京,秋季,西集镇,1,1,24
北京,秋季,贺新公园,1,1,7
北京,秋季,路县故城遗址公园,1,1,6
北京,秋季,车公庄西路20号院,1,1,9
北京,秋季,辛庄桥,1,1,25
北京,秋季,远东科技文化园,1,1,1
北京,秋季,通州区东定安小学北50米(东西定安路东),1,1,12
北京,秋季,通州区健龙森体育健身俱乐部北(滨河中路北),1,1,2
北京,秋季,通州区北京兴叶马会俱乐部东北300米,1,1,2
北京,秋季,通州区北运河西500米(通清路东),1,1,22
北京,秋季,通州区台湖镇水南村,1,1,1
北京,秋季,通州区嘤鸣亭东300米(通怀路东),1,1,25
北京,秋季,通州区国家大剧院台湖舞美艺术中心南(台湖西路东),1,1,3
北京,秋季,通州区城市绿心森林公园(滨河南路北200米),1,1,14
北京,秋季,通州区城市绿心森林公园东南区游客服务中心南,1,1,23
北京,秋季,通州区宋庄镇摇不动村,1,1,11
北京,秋季,通州区文景街道环球大道路口,1,1,25
北京,秋季,通州区文景街道田府村,1,1,25
北京,秋季,通州区永乐店中学(永乐店中学北内环路北),1,1,3
北京,秋季,通州区永乐店镇,1,1,20
北京,秋季,通州区燕郊大宗高尔夫俱乐部西南500米(堡东路南),1,1,31
北京,秋季,通州区绿心森林公园鸟语回廊,1,1,11
北京,秋季,通州区西海子公园(东关大道西),1,1,11
北京,秋季,通州区西海子公园(永顺南街南100米),1,1,11
北京,秋季,通州区锐驰生活区西北400米(马大路北),1,1,12
北京,秋季,通州区马驹桥2号桥南(黄马路北),1,1,9
北京,秋季,通州堰宋庄蓄滞洪区,1,1,44
北京,秋季,通州大运河森林公园露营地南,1,1,30
北京,秋季,通惠河(新八里桥-八里桥市场),1,1,8
北京,秋季,通惠河灌渠,1,1,1
北京,秋季,通明湖地区,1,1,33
北京,秋季,都会华庭,1,1,3
北京,秋季,都城隍庙后殿,1,1,1
北京,秋季,野鸭湖国家湿地公园观鸟平台沿线,1,1,3
北京,秋季,金牛山公园,1,1,4
北京,秋季,金融街中心广场,1,1,4
北京,秋季,银山塔林法华寺,1,1,4
北京,秋季,银谷·美泉(平房镇姚家园路林泉街8号),1,1,6
北京,秋季,长阳公园-万亩滨河公园,1,1,9
北京,秋季,门头沟区军庄镇克勤峪,1,1,8
北京,秋季,门头沟区北京天门山国家森林公园,1,1,6
北京,秋季,门头沟区妙峰山玫瑰梯田观景平台(玫瑰园环路北),1,1,6
北京,秋季,门头沟区妙峰山镇东大坨,1,1,13
北京,秋季,门头沟区斋堂镇爨底下村,1,1,10
北京,秋季,门头沟区永定湖公园东北200米(莲石湖西路北),1,1,5
北京,秋季,门头沟区灵山名胜风景区停车场(灵山路西100米),1,1,29
北京,秋季,门头沟区灵山自然风景区,1,1,14
北京,秋季,门头沟区百花山自然风景区,1,1,6
北京,秋季,门头沟沿河城站,1,1,7
北京,秋季,雁栖镇,1,1,14
北京,秋季,雁河水岸雁栖附近河段,1,1,8
北京,秋季,雁翅镇,1,1,10
北京,秋季,霖润桥,1,1,32
北京,秋季,青年湖公园,1,1,2
北京,秋季,静心亭,1,1,14
北京,秋季,韩台村,1,1,10
北京,秋季,顺义人才公园,1,1,9
北京,秋季,顺义区仁和镇光明街道,1,1,14
北京,秋季,顺义区李桥小中河(李天路北),1,1,7
北京,秋季,顺义区李桥镇沮沟村,1,1,19
北京,秋季,顺义区汉石桥湿地公园(S224西),1,1,17
北京,秋季,顺义区潮白河大桥东北300米(白马路北),1,1,44
北京,秋季,顺义区龙湾屯镇树行村,1,1,7
北京,秋季,顺义新城滨河森林公园二区停车场西南(左堤路南),1,1,4
北京,秋季,顺城公园,1,1,5
北京,秋季,颐和园(团城湖区域),1,1,22
北京,秋季,颐和园-东宫门,1,1,3
北京,秋季,颐和园-北宫门,1,1,42
北京,秋季,颐和园-藻鉴堂湖,1,1,15
北京,秋季,颐和园––团城湖及周边,1,1,32
北京,秋季,首都医科大学-南门,1,1,5
北京,秋季,首都医科大学附属北京天坛医院,1,1,1
北京,秋季,首都师范大学北一区,1,1,1
北京,秋季,首都师范大学附属回龙观育新学校,1,1,1
北京,秋季,首都经济贸易大学,1,1,3
北京,秋季,香山,1,1,9
北京,秋季,马场和野鸭湖国家湿地公园,1,1,60
北京,秋季,马庄跨线桥,1,1,20
北京,秋季,马甸公园,1,1,5
北京,秋季,高米店公园,1,1,4
北京,秋季,鲁谷街道,1,1,1
北京,秋季,鸣雁台,1,1,14
北京,秋季,麦当劳(方庄南路店),1,1,1
北京,秋季,黄草湾郊野公园太清观,1,1,8
北京,秋季,黑山寨村,1,1,10
北京,秋季,黑山寨村(北京市昌平区),1,1,23
北京,秋季,龙山口,1,1,20
北京,秋季,龙湾屯镇,1,1,2
北京,秋季,龙潭公园,1,1,1
北京,秋季,龙潭湖公园,1,1,11
北京,秋季,龙潭西湖公园-北门,1,1,17
北京,秋季,龙神庙,1,1,21
北京,冬季,天坛公园,584,730,33
北京,冬季,玉渊潭公园,391,473,38
北京,冬季,北海公园,258,285,28
北京,冬季,奥林匹克森林公园（奥森）南园,242,277,34
北京,冬季,沙河水库,240,315,68
北京,冬季,颐和园,196,226,37
北京,冬季,奥森南园,186,238,35
北京,冬季,昌平新城滨河森林公园巩华城半岛,172,208,49
北京,冬季,国家植物园北园,168,224,35
北京,冬季,北京天坛公园,163,219,27
北京,冬季,小漕村,135,151,46
北京,冬季,沙河水库-北岸,132,161,49
北京,冬季,国家植物园北园（原北京植物园）,109,136,44
北京,冬季,密云水库调节池,107,113,45
北京,冬季,密云区太师屯镇小漕村,101,122,51
北京,冬季,十渡,94,103,36
北京,冬季,北京沙河水库,92,114,40
北京,冬季,北京玉渊潭公园,87,146,36
北京,冬季,东灵山,73,78,29
北京,冬季,乐活中堤,67,77,32
北京,冬季,宋庄蓄滞洪区二期,65,71,38
北京,冬季,青白口桥,63,66,32
北京,冬季,北京奥林匹克森林公园南园,59,80,32
北京,冬季,密云区太师屯镇泉河,59,63,48
北京,冬季,密云水库,59,63,44
北京,冬季,奥林匹克森林公园（奥森）全域,57,63,46
北京,冬季,天坛公园-科普园（苗圃）,53,54,23
北京,冬季,圆明园遗址公园,51,56,41
北京,冬季,天坛公园西门林地,50,55,24
北京,冬季,颐和园—团城湖,48,51,31
北京,冬季,西峪水库,47,51,25
北京,冬季,滨河森林公园-沙河水库,46,52,43
北京,冬季,绿堤公园（宛平湖）,42,48,27
北京,冬季,小漕村外崖壁及潮河沿岸,40,52,26
北京,冬季,奥森北园,40,45,26
北京,冬季,宋庄蓄滞洪区-二期,39,51,32
北京,冬季,北京密云水库,38,41,67
北京,冬季,明十三陵景区,38,40,41
北京,冬季,奥林匹克森林公园（奥森）北园,37,41,22
北京,冬季,奥林匹克森林公园南园,35,47,30
北京,冬季,北庄镇,34,35,16
北京,冬季,北京市丰台区绿堤公园宛平湖,32,36,27
北京,冬季,大运河森林公园,31,40,31
北京,冬季,北海公园小西天,31,33,18
北京,冬季,巩华城半岛（北沙河南岸）,31,33,40
北京,冬季,大小黄岩河,31,31,16
北京,冬季,奥林匹克森林公园北园,30,40,27
北京,冬季,南海子公园,30,30,37
北京,冬季,朝阳公园,29,33,27
北京,冬季,山里乐活,29,31,14
北京,冬季,大宁水库-乐活中堤-永定河道,29,29,41
北京,冬季,怀柔水库,27,31,64
北京,冬季,温榆河（孙河段）,27,31,39
北京,冬季,十三陵水库,27,29,26
北京,冬季,清河大桥东侧河段,26,36,23
北京,冬季,白浮泉公园,26,34,33
北京,冬季,故宫博物院,26,29,15
北京,冬季,明十三陵景区-水库上游河道（锥石口沟）,26,26,30
北京,冬季,清水河太师屯高速桥以下段,25,26,11
北京,冬季,陶然亭公园,24,35,22
北京,冬季,密云清水河,24,26,20
北京,冬季,元大都遗址公园,23,44,21
北京,冬季,北京大学,23,36,31
北京,冬季,妙峰山森林公园玫瑰谷,23,26,31
北京,冬季,北京圆明园遗址公园,21,37,38
北京,冬季,国家植物园,21,22,30
北京,冬季,沿河城（永定河幽州大峡谷）,21,21,44
北京,冬季,北京植物园(北京市海淀区香山路),20,24,34
北京,冬季,北京市天坛公园,20,22,20
北京,冬季,八渡桥,20,20,20
北京,冬季,宛平湖,18,20,43
北京,冬季,明十三陵风景区,18,18,32
北京,冬季,门头沟东灵山,18,18,33
北京,冬季,大宁水库-乐活中堤（即滞洪水库）-废弃河道,17,36,50
北京,冬季,温榆河孙河河段,17,26,43
北京,冬季,北京动物园,17,18,18
北京,冬季,北京南海子公园,17,18,29
北京,冬季,王家窝铺(北京市密云区),17,18,13
北京,冬季,密云水库周边,17,17,63
北京,冬季,拒马河十渡,17,17,37
北京,冬季,马家湾湿地公园,16,24,27
北京,冬季,昌平区沙河翠明湖,16,18,21
北京,冬季,妙峰山玫瑰园,16,17,21
北京,冬季,十渡（房山拒马河峡谷）,15,15,30
北京,冬季,清河（清河南镇段）,15,15,21
北京,冬季,柳荫公园,14,19,24
北京,冬季,北土城东路元大都遗址公园,14,16,19
北京,冬季,天坛公园科普园,14,15,15
北京,冬季,沿河城,14,15,29
北京,冬季,大黄岩河,14,14,17
北京,冬季,密云区太师屯村,14,14,8
北京,冬季,灵山自然风景区,14,14,21
北京,冬季,官庄公园,13,20,19
北京,冬季,北京市密云区朱家湾村清水河,13,17,25
北京,冬季,日坛公园,13,17,14
北京,冬季,太师屯和园公园,13,15,18
北京,冬季,龙潭西湖公园,13,14,26
北京,冬季,山水天下影视城西(清水河北路),13,13,10
北京,冬季,昌平十三陵水库,12,20,43
北京,冬季,巩华城半岛,12,19,54
北京,冬季,清华大学,12,18,22
北京,冬季,紫竹院公园,12,18,21
北京,冬季,念坛公园,12,16,23
北京,冬季,日坛公园(北京市朝阳区日坛北路6号),12,16,17
北京,冬季,沙河北岸,12,15,42
北京,冬季,红领巾公园,12,14,23
北京,冬季,北京北海公园,12,13,21
北京,冬季,北京市北京市东城区天坛公园-西门,12,13,23
北京,冬季,密云区高岭镇人民政府(高岭村政府路8号),12,12,28
北京,冬季,顺义新城滨河森林公园二区,12,12,37
北京,冬季,沙河水库沿岸,11,14,43
北京,冬季,温榆河孙河乡,11,13,41
北京,冬季,地坛公园,11,12,12
北京,冬季,奥森北园+南园,11,12,34
北京,冬季,北京市东城区天坛公园-生态科普园,11,11,17
北京,冬季,绿堤公园,11,11,20
北京,冬季,青白口村(北京市门头沟区),11,11,15
北京,冬季,奥林匹克森林公园（奥森）南园-西北部水系（叠水花台、沉水廊道、潜流湿地）,10,10,26
北京,冬季,巩华城地铁站,10,10,36
北京,冬季,昌平巩华城新城滨河森林公园及周边,10,10,40
北京,冬季,景山公园,10,10,15
北京,冬季,沙河巩华城半岛周边,10,10,29
北京,冬季,云岗森林公园,9,14,24
北京,冬季,北京市奥林匹克森林公园,9,13,39
北京,冬季,沙河昌平新城滨河森林公园,9,12,37
北京,冬季,沙河昌平新城滨河森林公园(巩华城半岛外周边),9,11,38
北京,冬季,天坛公园(北京市东城区天坛东路甲1号),9,10,18
北京,冬季,天坛公园-科普园,9,10,17
北京,冬季,奥森公园南园,9,10,27
北京,冬季,海淀公园,9,10,24
北京,冬季,北京市朝阳区望和公园-北园,9,9,17
北京,冬季,妙峰山玫瑰园（阳台山东大坨）,9,9,23
北京,冬季,密云区北京清水河公寓西(清水河北路),9,9,29
北京,冬季,清华大学-工字厅,9,9,26
北京,冬季,清水河（密云北庄朱家湾段）,9,9,17
北京,冬季,莲花池公园,9,9,24
北京,冬季,百望山森林公园,8,27,26
北京,冬季,北京园博园,8,12,36
北京,冬季,北京市清河管理处下清河闸管理站,8,9,20
北京,冬季,天坛公园西门至苗圃区间,8,9,21
北京,冬季,清河(北京市海淀区),8,9,23
北京,冬季,香山公园,8,9,23
北京,冬季,北京奥森公园,8,8,29
北京,冬季,十三陵景区定陵,8,8,22
北京,冬季,门头沟区宛平县人民八年抗战为国牺牲烈士纪念碑,8,8,10
北京,冬季,中国科学院大学(雁栖湖校区),7,14,19
北京,冬季,中国科学院大学雁栖湖校区西区,7,12,22
北京,冬季,清河之洲,7,11,19
北京,冬季,琉璃河湿地公园,7,11,32
北京,冬季,南苑森林湿地公园,7,10,21
北京,冬季,中山公园,7,9,20
北京,冬季,兴隆公园,7,9,16
北京,冬季,红军庄村(北京市怀柔区),7,9,25
北京,冬季,颐和园-昆明湖团城湖,7,8,25
北京,冬季,北京海淀玉渊潭公园,7,7,29
北京,冬季,古北水镇,7,7,18
北京,冬季,天坛苗圃,7,7,13
北京,冬季,妙峰山镇,7,7,10
北京,冬季,昌平区明十三陵风景区(献陵路北),7,7,21
北京,冬季,通明湖公园,7,7,33
北京,冬季,顺义新城滨河森林公园三区,7,7,37
北京,冬季,黑山寨村,7,7,20
北京,冬季,北京环球度假区,6,21,25
北京,冬季,宋庄蓄滞洪公园,6,16,27
北京,冬季,沙河水库西岸,6,9,46
北京,冬季,北京市国家植物园,6,8,25
北京,冬季,亦庄新城滨河森林公园（凉水河公园）,6,6,32
北京,冬季,农展馆,6,6,18
北京,冬季,凉水河大兴段,6,6,20
北京,冬季,北京市东城区天坛公园,6,6,14
北京,冬季,北京市昌平区七孔桥花海,6,6,23
北京,冬季,十三陵北沙河沿岸,6,6,22
北京,冬季,大运河森林公园明镜移舟景区休闲长廊,6,6,33
北京,冬季,天坛,6,6,16
北京,冬季,天坛公园科普园附近,6,6,17
北京,冬季,官厅水库（野鸭湖-康西草原-马场沿线）,6,6,14
北京,冬季,教军场,6,6,28
北京,冬季,昌平七孔桥花海（十三陵水库二坝）,6,6,19
北京,冬季,昌平区明十三陵风景区(泰燕路南),6,6,17
北京,冬季,昌平巩华城半岛周边,6,6,23
北京,冬季,沙河昌平新城滨河森林公园及半岛外周边,6,6,25
北京,冬季,沙河水库-南岸,6,6,29
北京,冬季,玉渊潭公园樱花湖,6,6,32
北京,冬季,西郊雨洪调蓄工程（西郊砂石坑）,6,6,29
北京,冬季,永定河（莲石湖首钢园段）,5,8,16
北京,冬季,元大都城垣遗址公园,5,7,18
北京,冬季,北京西山国家森林公园,5,7,18
北京,冬季,将府公园,5,7,18
北京,冬季,北植,5,6,23
北京,冬季,奥森北园河东,5,6,20
北京,冬季,玉渊谭公园,5,6,23
北京,冬季,翠明湖,5,6,41
北京,冬季,七孔桥花海主题公园,5,5,14
北京,冬季,七渡村,5,5,11
北京,冬季,五渡桥,5,5,19
北京,冬季,什刹海西海湿地公园,5,5,13
北京,冬季,北京昌平区沙河水库,5,5,29
北京,冬季,南海子公园一期,5,5,48
北京,冬季,南海子麋鹿苑,5,5,13
北京,冬季,国家植物园北园-东南门,5,5,23
北京,冬季,国家植物园南园（中国科学院植物研究所）,5,5,26
北京,冬季,奥林匹克森林公园南园(北京市朝阳区),5,5,24
北京,冬季,奥林匹克森林公园（奥森）南园-洼里湖,5,5,20
北京,冬季,密云区山里乐活(Y351北),5,5,19
北京,冬季,密云水库不老屯天文台,5,5,28
北京,冬季,密云水库大小曹村库滨带,5,5,18
北京,冬季,巩华城,5,5,17
北京,冬季,平谷区西峪水库,5,5,18
北京,冬季,怀九河+怀沙河,5,5,33
北京,冬季,怀柔红军庄怀沙河南岸,5,5,27
北京,冬季,新城滨河森林公园,5,5,24
北京,冬季,昌平新城滨河森林公园,5,5,8
北京,冬季,朝阳区奥运村奥林匹克森林公园(沉水廊道西),5,5,27
北京,冬季,野鸭湖国家湿地公园,5,5,4
北京,冬季,太阳宫公园,4,22,18
北京,冬季,三星庄后河,4,19,19
北京,冬季,朝阳区庆丰公园,4,10,14
北京,冬季,北京十三陵风景区,4,6,24
北京,冬季,北京航空航天大学,4,6,10
北京,冬季,城子,4,6,28
北京,冬季,宛平湖大宁水库乐活中堤永定河废弃河道,4,6,40
北京,冬季,水南-桑园-高古庄村,4,6,27
北京,冬季,什刹海西海湿地公园（积水潭）,4,5,16
北京,冬季,元大都城垣遗址公园-健德门站东南区域,4,5,21
北京,冬季,凉水河丰台段,4,5,28
北京,冬季,北京市玉渊潭公园,4,5,31
北京,冬季,北小河公园,4,5,15
北京,冬季,南海子一期,4,5,24
北京,冬季,密云区北京云水种植专业合作社西北(太城路北),4,5,15
北京,冬季,怀水大桥,4,5,11
北京,冬季,牛口峪湿地公园,4,5,32
北京,冬季,颐和园-团城湖,4,5,9
北京,冬季,全国农业展览馆（农展馆）,4,4,16
北京,冬季,北京宽沟,4,4,33
北京,冬季,北京市北海公园,4,4,20
北京,冬季,北京市房山区十渡镇,4,4,13
北京,冬季,北京植物园(北京市海淀区),4,4,26
北京,冬季,十三陵二坝观鸟点,4,4,25
北京,冬季,千灵山,4,4,18
北京,冬季,口头村(北京市房山区),4,4,35
北京,冬季,城市绿心森林公园,4,4,14
北京,冬季,大石河（大件路桥段）,4,4,21
北京,冬季,天坛公园科普园至西门,4,4,21
北京,冬季,奥林匹克森林公园北园-西门,4,4,28
北京,冬季,奥林匹克森林公园北园大坑,4,4,20
北京,冬季,妙峰山,4,4,22
北京,冬季,妙峰山玫瑰梯田观景平台,4,4,26
北京,冬季,巩华城地铁站路西,4,4,10
北京,冬季,怀九河,4,4,41
北京,冬季,故宫博物院(东华门),4,4,14
北京,冬季,昌平区明十三陵风景区(献陵路南),4,4,16
北京,冬季,朝阳区奥运村奥林匹克森林公园(奥林西路北150米),4,4,19
北京,冬季,朝阳区奥运村奥林匹克森林公园(清河路南300米),4,4,12
北京,冬季,未来科学城滨水公园,4,4,12
北京,冬季,沙河南岸,4,4,23
北京,冬季,沙河水库及周边,4,4,51
北京,冬季,沿河城长城西北(沿向路),4,4,16
北京,冬季,海淀区清河南镇清河沿岸,4,4,17
北京,冬季,海淀区颐和园绚霞琦月南200米(金河路北),4,4,24
北京,冬季,玉渊潭公园-西门附近,4,4,20
北京,冬季,玉渊潭公园东湖东岸,4,4,26
北京,冬季,玉渊潭公园西湖,4,4,32
北京,冬季,红军庄村,4,4,47
北京,冬季,西郊雨洪调蓄工程/西郊砂石坑,4,4,22
北京,冬季,通惠河（双桥-管庄-八里桥段）,4,4,25
北京,冬季,门头沟小龙门林场,4,4,9
北京,冬季,雍和宫,4,4,11
北京,冬季,颐和园团城湖,4,4,25
北京,冬季,潞河中学(北京市通州区新华南路135号),3,26,18
北京,冬季,北京翠湖湿地公园,3,21,36
北京,冬季,凤港减河,3,10,35
北京,冬季,宣武艺园,3,9,13
北京,冬季,国家植物园南园,3,8,2
北京,冬季,崔家窑,3,8,18
北京,冬季,凉水河通州段,3,7,30
北京,冬季,玲珑公园,3,7,12
北京,冬季,顺义滨河森林公园,3,7,10
北京,冬季,中国农业科学院,3,6,12
北京,冬季,北京理工大学,3,6,17
北京,冬季,沙河水库巩华城半岛,3,6,30
北京,冬季,龙潭中湖,3,6,19
北京,冬季,东单公园,3,4,12
北京,冬季,北京林业大学,3,4,9
北京,冬季,北沙河,3,4,31
北京,冬季,大石河,3,4,25
北京,冬季,大运河森林公园-月岛闻莺景区,3,4,28
北京,冬季,海淀区玉渊潭公园,3,4,21
北京,冬季,东坝郊野公园,3,3,13
北京,冬季,东城区天坛公园(天坛路南300米),3,3,19
北京,冬季,东城区天坛公园双环万寿亭西北200米(天坛路南),3,3,9
北京,冬季,东城区天坛公园科普园西北100米(天坛路南),3,3,17
北京,冬季,中信新城(北京市大兴区三海子东路),3,3,13
北京,冬季,丰台区绿堤公园(X002南150米),3,3,21
北京,冬季,云居寺,3,3,28
北京,冬季,亮马河(北京市朝阳区新源南路6号),3,3,12
北京,冬季,什刹海-前海,3,3,6
北京,冬季,元大都城垣遗址公园东土城沟,3,3,15
北京,冬季,北京国际雕塑公园-西区,3,3,11
北京,冬季,北京市东城区天坛公园-西部空场,3,3,9
北京,冬季,北京市海淀区北京植物园,3,3,9
北京,冬季,北京新城滨河森林公园,3,3,11
北京,冬季,北京昌平区沙河水库南岸,3,3,34
北京,冬季,北坞公园,3,3,21
北京,冬季,北海公园小西天(文津街1号北海公园南门),3,3,12
北京,冬季,千亩玫瑰园景区,3,3,17
北京,冬季,南海子公园二期,3,3,27
北京,冬季,天坛公园-北门魔术林,3,3,18
北京,冬季,天坛公园-西门外小水坑,3,3,14
北京,冬季,天坛公园北天门东北,3,3,20
北京,冬季,太师屯世纪体育公园,3,3,13
北京,冬季,奥林匹克森林公园北园西门,3,3,23
北京,冬季,奥森南园西线,3,3,20
北京,冬季,宛平湖-大宁水库,3,3,21
北京,冬季,密云北庄清水河(密云区芦北公路南50米),3,3,14
北京,冬季,密云区晓菡果园西北150米,3,3,21
北京,冬季,密雲區北莊鎮石門,3,3,13
北京,冬季,巩华城沙河,3,3,35
北京,冬季,平谷西峪水库,3,3,23
北京,冬季,怀九河局里村段,3,3,16
北京,冬季,怀柔区箭扣长城,3,3,10
北京,冬季,房山区七渡桥西(花果山景区东北),3,3,27
北京,冬季,房山区军红路(教军场),3,3,16
北京,冬季,房山区长阳镇大宁村,3,3,33
北京,冬季,昌平七孔桥花海,3,3,17
北京,冬季,昌平区十三陵镇昌赤路(明十三陵风景区),3,3,19
北京,冬季,昌平区延寿镇黑山寨村,3,3,13
北京,冬季,昌平区沙河巩华城地铁站东50米,3,3,54
北京,冬季,昌平区沙河水库南岸,3,3,21
北京,冬季,昌平新城滨河森林公园(北京市昌平区),3,3,21
北京,冬季,昌平新城滨河森林公园外周边,3,3,11
北京,冬季,昌平沙河水库巩华城半岛,3,3,27
北京,冬季,晓月郊野公园（卢沟桥晓月湖）,3,3,3
北京,冬季,月坛公园,3,3,14
北京,冬季,朝阳区奥运村奥林匹克森林公园(北五环北200米),3,3,24
北京,冬季,朝阳区奥运村奥林匹克森林公园(奥林西路东400米),3,3,22
北京,冬季,水库不老屯,3,3,35
北京,冬季,沙河昌平新城滨河森林公园东100米,3,3,17
北京,冬季,沙河水库巩华城东北角,3,3,12
北京,冬季,沿河城站,3,3,11
北京,冬季,海淀区畅观堂北200米(颐和园西门路北),3,3,11
北京,冬季,清华大学校河沿岸,3,3,12
北京,冬季,清河营郊野公园,3,3,16
北京,冬季,温榆大桥（孙河段）,3,3,33
北京,冬季,温榆河,3,3,43
北京,冬季,灵山自然风景区(北京市门头沟区灵山路),3,3,23
北京,冬季,献陵西桥,3,3,22
北京,冬季,珍珠泉,3,3,16
北京,冬季,甘棠大桥,3,3,24
北京,冬季,白河湾自然风景区,3,3,42
北京,冬季,西长安街,3,3,6
北京,冬季,辛庄桥潮河河道,3,3,23
北京,冬季,通州区大运河森林公园东园(北运河绿道南),3,3,26
北京,冬季,通州大运河森林公园,3,3,32
北京,冬季,郭家坞,3,3,7
北京,冬季,野鸭湖湿地公园,3,3,9
北京,冬季,雁栖湖景区,3,3,18
北京,冬季,青白居旅游度假村,3,3,12
北京,冬季,颐和园(团城湖区域),3,3,22
北京,冬季,颐和园-西门,3,3,19
北京,冬季,黑山寨村(北京市昌平区),3,3,18
北京,冬季,黑龙关村,3,3,22
北京,冬季,龙潭湖公园,3,3,10
北京,冬季,东埠头沟公园南侧区域,2,13,24
北京,冬季,丰台区莲花池公园(莲花池南路北200米),2,7,18
北京,冬季,旺景公园,2,7,20
北京,冬季,昌平沙河水库北岸,2,6,24
北京,冬季,元大都城垣遗址公园（健德门-北土城-安贞门段）,2,5,21
北京,冬季,对外经济贸易大学,2,5,10
北京,冬季,永顺镇刘庄公园(北京市通州区),2,5,17
北京,冬季,通州大运河森林公园露营地南,2,5,31
北京,冬季,南沙河,2,4,20
北京,冬季,大运河森林公园-南门,2,4,33
北京,冬季,奥林匹克森林公园,2,4,28
北京,冬季,小中河,2,4,25
北京,冬季,上庄镇西马坊村,2,3,8
北京,冬季,东城区 柳荫公园,2,3,20
北京,冬季,中国人民大学,2,3,10
北京,冬季,中国传媒大学,2,3,9
北京,冬季,全国农业展览馆9号馆,2,3,11
北京,冬季,凉水河（通明湖公园附近）,2,3,40
北京,冬季,北京一零一中,2,3,10
北京,冬季,北京中山公园,2,3,20
北京,冬季,北京大学附属中学,2,3,6
北京,冬季,北京市顺义区潮白河森林公园,2,3,20
北京,冬季,奥森,2,3,20
北京,冬季,奥森奥森南园,2,3,23
北京,冬季,定慧公园,2,3,3
北京,冬季,怀柔滨河森林公园,2,3,17
北京,冬季,朝阳区奥森南园,2,3,19
北京,冬季,沙河闸,2,3,10
北京,冬季,翠湖国家城市湿地公园,2,3,38
北京,冬季,花家地公园,2,3,12
北京,冬季,龙潭公园,2,3,11
北京,冬季,三渡,2,2,6
北京,冬季,上庄水库(北京市海淀区),2,2,23
北京,冬季,东升八家郊野公园,2,2,15
北京,冬季,东城区天坛公园双环万寿亭东北200米(天坛路南),2,2,11
北京,冬季,东城区天坛公园科普园(天坛路南),2,2,8
北京,冬季,东城区龙潭西湖公园(龙潭路南),2,2,14
北京,冬季,东灵山主峰,2,2,9
北京,冬季,中国农业大学东校区,2,2,7
北京,冬季,中国科学院大学雁栖湖校区,2,2,8
北京,冬季,中航国际广场,2,2,6
北京,冬季,丰台区绿堤公园西南100米(X002南),2,2,16
北京,冬季,丰台绿堤公园,2,2,32
北京,冬季,临波中路与运粮引河路交叉口,2,2,30
北京,冬季,乐府江南,2,2,9
北京,冬季,二渡,2,2,9
北京,冬季,五道口,2,2,2
北京,冬季,京郊大地庄园,2,2,20
北京,冬季,人定湖公园,2,2,7
北京,冬季,什刹海公园,2,2,4
北京,冬季,什刹海公园（后海）,2,2,17
北京,冬季,元大都城垣遗址公园海淀段,2,2,11
北京,冬季,全国农业展览馆,2,2,14
北京,冬季,八达岭长城-八达岭国际友谊林,2,2,4
北京,冬季,六渡,2,2,6
北京,冬季,六渡（含五渡）,2,2,18
北京,冬季,凉水河,2,2,12
北京,冬季,凉水河公园(北京市大兴区),2,2,18
北京,冬季,凉水河桑园村至张家湾,2,2,11
北京,冬季,凉水河经开区段,2,2,24
北京,冬季,减河公园,2,2,8
北京,冬季,北京古代建筑博物馆,2,2,8
北京,冬季,北京园博园-园博功能湿地,2,2,16
北京,冬季,北京大学镜春园,2,2,22
北京,冬季,北京大学陈守仁国际数学研究中心,2,2,26
北京,冬季,北京大观园,2,2,12
北京,冬季,北京大觉寺,2,2,11
北京,冬季,北京奥林匹克公园-叠水花台,2,2,19
北京,冬季,北京奥林匹克公园湿地(北京市朝阳区),2,2,13
北京,冬季,北京展览馆后湖,2,2,11
北京,冬季,北京市房山区十渡,2,2,21
北京,冬季,北京市通州区通州大运河森林公园,2,2,17
北京,冬季,北京市顺义区西湖园,2,2,6
北京,冬季,北京市香山公园,2,2,17
北京,冬季,北京师范大学,2,2,9
北京,冬季,北京师范大学附属实验中学,2,2,2
北京,冬季,北京植物园,2,2,15
北京,冬季,北京永定河废弃河道,2,2,22
北京,冬季,北京温榆河公园,2,2,26
北京,冬季,北京温榆河公园-东园,2,2,14
北京,冬季,北京科技大学,2,2,7
北京,冬季,北京莲花池公园,2,2,9
北京,冬季,北京邮电大学,2,2,9
北京,冬季,北京颐和园,2,2,13
北京,冬季,北宫国家森林公园,2,2,10
北京,冬季,北沙河及巩华城半岛,2,2,30
北京,冬季,北海公园-白塔,2,2,15
北京,冬季,十三陵二坝,2,2,20
北京,冬季,十三陵水库二坝,2,2,23
北京,冬季,十三陵花海景区,2,2,14
北京,冬季,十三陵镇东沙河沿岸,2,2,21
北京,冬季,十渡风景区,2,2,17
北京,冬季,南宫雅苑西区,2,2,10
北京,冬季,南海子公园1期-南门,2,2,17
北京,冬季,卢沟新桥,2,2,8
北京,冬季,台湖公园,2,2,8
北京,冬季,向阳闸桥,2,2,9
北京,冬季,四得公园(北京市朝阳区将台西路9号),2,2,14
北京,冬季,团城湖,2,2,20
北京,冬季,园博园功能湿地（晓月湖芦苇）,2,2,24
北京,冬季,国家大剧院,2,2,11
北京,冬季,国家植物园北园-绚秋园,2,2,9
北京,冬季,国家植物园银杏松柏区东北,2,2,14
北京,冬季,国际企业文化园(东园),2,2,10
北京,冬季,圆明园遗址公园绮春园景区,2,2,34
北京,冬季,大兴区凉水河同仁医院附近,2,2,20
北京,冬季,大运河森林公园(北京市通州区北运河两侧),2,2,13
北京,冬季,大运河森林公园明镜移舟景区休闲长廊北,2,2,31
北京,冬季,大运河森林公园柳廊,2,2,18
北京,冬季,天坛公园-祈年殿,2,2,13
北京,冬季,天安门广场,2,2,1
北京,冬季,太和殿,2,2,7
北京,冬季,奥林匹克森林公园(北京市朝阳区安立路),2,2,13
北京,冬季,奥林匹克森林公园南园-东门,2,2,16
北京,冬季,奥林匹克森林公园南园五环亭至潜流湿地,2,2,22
北京,冬季,奥林匹克森林公园奥海西北,2,2,22
北京,冬季,奥林匹克森林公园（北园）,2,2,18
北京,冬季,奥林匹克森林公园（奥森）南园-奥海西侧,2,2,23
北京,冬季,奥运村北京奥林匹克公园(天辰东路),2,2,31
北京,冬季,孙河文创中心,2,2,23
北京,冬季,宛平湖晓月湖,2,2,28
北京,冬季,宛平湖景区,2,2,4
北京,冬季,宽Camp营地,2,2,9
北京,冬季,密云区北庄镇楼根子,2,2,2
北京,冬季,密云新城滨河森林公园,2,2,13
北京,冬季,崔各庄黑桥公园,2,2,13
北京,冬季,常乐村(北京市海淀区),2,2,15
北京,冬季,广渠路公园,2,2,9
北京,冬季,延庆区香水苑公园(东外大街北100米),2,2,12
北京,冬季,怀九河（局里村段）,2,2,17
北京,冬季,怀柔北站,2,2,9
北京,冬季,怀柔区桥梓镇峪口村,2,2,6
北京,冬季,怀柔区龙山街道,2,2,19
北京,冬季,怀柔水库西岸观景台,2,2,55
北京,冬季,房山区佛子庄乡教军场,2,2,22
北京,冬季,房山区十渡(一渡桥到十一渡桥),2,2,25
北京,冬季,房山区十渡(二渡南300米),2,2,37
北京,冬季,房山区大石窝镇南白岱村,2,2,9
北京,冬季,房山区张坊镇一渡沈家庵村,2,2,16
北京,冬季,房山夕阳红公园,2,2,19
北京,冬季,放马峪桥,2,2,34
北京,冬季,昌平区北京海疆栗蘑产销专业合作社东(S308北),2,2,11
北京,冬季,昌平区沙河巩华城地铁站东100米,2,2,40
北京,冬季,昌平区沙河巩华城地铁站东北150米,2,2,19
北京,冬季,昌平区沙河水库西北200米,2,2,42
北京,冬季,昌平区沙河滨河观景平台南200米,2,2,20
北京,冬季,昌平区沙河翠明湖(42公里绿道南150米),2,2,22
北京,冬季,昌平新城滨河森林公园-滨水走廊,2,2,31
北京,冬季,昌平新城滨河森林公园（沙河巩华城）-公园大湖,2,2,28
北京,冬季,昌平滨河森林公园,2,2,16
北京,冬季,明十三陵-茂陵,2,2,25
北京,冬季,明十三陵风景区(献陵路),2,2,18
北京,冬季,望京伯爵城中央公园,2,2,9
北京,冬季,朝阳区奥运村北京奥林匹克森林公园南园,2,2,22
北京,冬季,朝阳区奥运村奥林匹克森林公园(奥林西路北50米),2,2,17
北京,冬季,朝阳区奥运村奥林匹克森林公园(沉水廊道南50米),2,2,10
北京,冬季,朝阳区奥运村奥林匹克森林公园湿地,2,2,11
北京,冬季,朝阳区奥运村奥森银杏林东南150米(奥林西路东),2,2,22
北京,冬季,杨家东庄(北京市怀柔区),2,2,14
北京,冬季,沙河,2,2,25
北京,冬季,沙河东侧,2,2,12
北京,冬季,沙河巩华城地铁站(昌平新城滨河森林公园西),2,2,21
北京,冬季,沙河昌平新城滨河森林公园主入口广场西200米,2,2,31
北京,冬季,沙河昌平新城滨河森林公园及巩华城半岛周边,2,2,22
北京,冬季,沙河昌平新城滨河森林公园游客服务中心西150米,2,2,32
北京,冬季,沙河昌平新城滨河森林公园滨水走廊东北500米,2,2,29
北京,冬季,沙河水库东侧温榆河段,2,2,20
北京,冬季,沙河水库南岸沿线,2,2,26
北京,冬季,沙河水库南沙河,2,2,22
北京,冬季,沙河水库周边地区,2,2,21
北京,冬季,沙河湿地公园望远镜观鸟点,2,2,29
北京,冬季,沙河镇,2,2,13
北京,冬季,沿河城村,2,2,11
北京,冬季,海棠花溪,2,2,9
北京,冬季,海淀区上庄镇东闸村北沙河,2,2,32
北京,冬季,海淀区河道管理所五七水库管理站(七王坟路北),2,2,12
北京,冬季,海淀区玉东园(颐和园西门路北150米),2,2,14
北京,冬季,海淀区颐和园团城湖,2,2,7
北京,冬季,清华大学情人坡,2,2,15
北京,冬季,清河中段,2,2,16
北京,冬季,滨湖万米健身公园(北京市怀柔区),2,2,7
北京,冬季,潭柘寺,2,2,6
北京,冬季,潮河（古北口段）,2,2,18
北京,冬季,潮白河（潮汇大桥至云蒙大桥段）,2,2,10
北京,冬季,玉东郊野公园,2,2,26
北京,冬季,玉河湿地公园,2,2,12
北京,冬季,玉渊潭,2,2,16
北京,冬季,田仙峪村,2,2,17
北京,冬季,白河峡谷,2,2,41
北京,冬季,百望山森林公园春季猛禽观测点,2,2,16
北京,冬季,第四次世界妇女大会纪念公园,2,2,5
北京,冬季,绿堤公园(北京市丰台区永定河畔),2,2,20
北京,冬季,苗圃,2,2,16
北京,冬季,莲花河城市休闲公园,2,2,11
北京,冬季,萧太后河（田家府段）,2,2,27
北京,冬季,西湖,2,2,11
北京,冬季,辛庄桥,2,2,19
北京,冬季,运河牡丹园,2,2,29
北京,冬季,通州区台湖镇水南村,2,2,23
北京,冬季,通惠河(新八里桥-八里桥市场),2,2,13
北京,冬季,门头沟沿河城站,2,2,22
北京,冬季,雁翅镇,2,2,5
北京,冬季,顺义公园,2,2,13
北京,冬季,颐和园后湖团城湖和运水渠,2,2,14
北京,冬季,首都经济贸易大学,2,2,2
北京,冬季,香山,2,2,17
北京,冬季,香山野山,2,2,24
北京,冬季,麋鹿苑,2,2,14
北京,冬季,龙潭公园（龙潭湖）,2,2,8
北京,冬季,龙神庙,2,2,12
北京,冬季,中海凯旋,1,17,4
北京,冬季,石景山区翠谷玉景苑(玉泉中路南100米),1,10,10
北京,冬季,北京友谊宾馆,1,9,15
北京,冬季,通州区永乐店中学(永乐店中学北内环路北),1,9,10
北京,冬季,松香湖,1,8,17
北京,冬季,合生·滨江帝景,1,7,8
北京,冬季,东洲家园(北京市朝阳区来广营北路88号),1,6,6
北京,冬季,勇士营2号地,1,6,11
北京,冬季,北京市园林绿化科学研究院,1,6,12
北京,冬季,北新桥雍和大厦(青龙胡同),1,6,4
北京,冬季,海淀区双榆树农影小区(中关村南大街东),1,6,1
北京,冬季,奥林匹克森林公园（南园）,1,5,21
北京,冬季,恒通商务园,1,5,9
北京,冬季,新科祥园,1,5,9
北京,冬季,朝阳区八里桥京贸国际公寓北(京通快速公路北),1,5,8
北京,冬季,丰台区康景城市休闲公园(小瓦窑西路西),1,4,9
北京,冬季,京铁公寓,1,4,29
北京,冬季,分钟寺,1,4,12
北京,冬季,北京温榆河公园-西园,1,4,23
北京,冬季,十三陵镇东沙河至花海沿线,1,4,41
北京,冬季,白浮泉公园南北园,1,4,22
北京,冬季,中国科学院大学（雁栖湖校区）,1,3,9
北京,冬季,书山勤径,1,3,15
北京,冬季,亦新公园,1,3,14
北京,冬季,元大都城垣遗址公园（海淀段）,1,3,7
北京,冬季,刘庄村小中河,1,3,12
北京,冬季,勇士营郊野公园,1,3,18
北京,冬季,北京卡斯谷度假酒店,1,3,6
北京,冬季,北京市通州区漷县镇西定安村,1,3,8
北京,冬季,北科建水岸雁栖,1,3,23
北京,冬季,天宁寺桥,1,3,18
北京,冬季,新凤河三区,1,3,13
北京,冬季,新凤河二区,1,3,11
北京,冬季,昌平区沙河北街家园西南100米(42公里绿道西),1,3,6
北京,冬季,朝阳区外环闸桥北(清河绿道西),1,3,17
北京,冬季,朝阳区西坝河冠城大通澜石(冠城大厦南)南,1,3,11
北京,冬季,树村郊野公园,1,3,17
北京,冬季,水衙沟万丰公园,1,3,15
北京,冬季,沙河(巩华城滨河公园外周边),1,3,2
北京,冬季,海淀区西北旺中国银行城市森林公园(马连洼西路东),1,3,17
北京,冬季,清河沿岸+奥森北园河西,1,3,23
北京,冬季,湖光小区(北京市怀柔区),1,3,15
北京,冬季,滨河运动公园（新凤河一区）,1,3,12
北京,冬季,罗马湖东,1,3,9
北京,冬季,雁栖河科学城段(北京市怀柔区),1,3,22
北京,冬季,青年之家公寓,1,3,16
北京,冬季,东城区大通滨河公园(砖厂南巷南100米),1,2,15
北京,冬季,东郊森林湿地公园,1,2,11
北京,冬季,中华女子学院,1,2,4
北京,冬季,中国银行城市森林公园,1,2,14
北京,冬季,云翔苑小区,1,2,9
北京,冬季,五塔寺公园,1,2,12
北京,冬季,人大附中早培小树林,1,2,1
北京,冬季,元土城遗址公园(北京市海淀区),1,2,12
北京,冬季,八达岭林场,1,2,10
北京,冬季,兴寿镇暴峪泉村,1,2,9
北京,冬季,凉水河（帆船广场附近）,1,2,8
北京,冬季,分享收获有机农场,1,2,3
北京,冬季,化工大院社区,1,2,5
北京,冬季,北京十三陵风景区-七孔桥花海,1,2,9
北京,冬季,北京外国语大学,1,2,13
北京,冬季,北京大学第一医院,1,2,12
北京,冬季,北京知识产权法院,1,2,8
北京,冬季,北大校园,1,2,9
北京,冬季,北辰中心花园小微湿地,1,2,3
北京,冬季,十一学校魔术林,1,2,10
北京,冬季,南沙河翠湖南路,1,2,19
北京,冬季,博大公园,1,2,3
北京,冬季,国家植物园北园-梁启超墓,1,2,6
北京,冬季,复兴门,1,2,6
北京,冬季,大石河口头村,1,2,11
北京,冬季,天元公园(北京市丰台区青塔西路),1,2,16
北京,冬季,太阳宫体育休闲公园,1,2,13
北京,冬季,崔家窑湿地公园,1,2,9
北京,冬季,康西草原,1,2,4
北京,冬季,延庆稻田,1,2,20
北京,冬季,怀北庄,1,2,8
北京,冬季,惠新苑,1,2,7
北京,冬季,房山区长阳北京莱恩堡国际酒庄西南300米,1,2,10
北京,冬季,故宫博物院(北京市东城区景山前街4号),1,2,13
北京,冬季,昆玉河慈寿寺至西钓鱼台段,1,2,5
北京,冬季,昌平公园,1,2,14
北京,冬季,昌平区回龙观龙锦苑4区(龙锦二街南150米),1,2,16
北京,冬季,昌赤路,1,2,9
北京,冬季,朝阳区劲松东方雅苑(西大望路西150米),1,2,8
北京,冬季,梨园主题公园,1,2,8
北京,冬季,梨园文化休闲公园,1,2,15
北京,冬季,水岸雁栖,1,2,9
北京,冬季,永定河右堤路,1,2,37
北京,冬季,沙河巩华城半岛及周边,1,2,24
北京,冬季,沙河水库（北沙河南岸）,1,2,50
北京,冬季,沙河湿地公园,1,2,18
北京,冬季,海淀区万泉河北京市第十九中学(东校区),1,2,2
北京,冬季,清华大学主楼北侧林地,1,2,11
北京,冬季,清河路,1,2,11
北京,冬季,潞通新路西荒地,1,2,8
北京,冬季,潭西胜境,1,2,11
北京,冬季,玫瑰里公园,1,2,8
北京,冬季,石龙创新大厦,1,2,1
北京,冬季,绿城·百合公寓南区,1,2,11
北京,冬季,诺德花园西区,1,2,5
北京,冬季,通州区北京小海字健身训练营东南100米(张凤路东),1,2,22
北京,冬季,通州区台湖镇外郎营村,1,2,2
北京,冬季,通州区马驹桥联东U谷·金亦谷科技园北(景盛北三街),1,2,12
北京,冬季,镇辽门东,1,2,1
北京,冬季,鹫峰国家森林公园,1,2,13
北京,冬季,3W咖啡(北京大学店),1,1,6
北京,冬季,SEE后花园,1,1,1
北京,冬季,一渡半,1,1,7
北京,冬季,一渡河,1,1,5
北京,冬季,七孔桥花海,1,1,10
北京,冬季,七孔桥花海(北京市昌平区),1,1,2
北京,冬季,万寿山,1,1,3
北京,冬季,万柳园,1,1,22
北京,冬季,三里河公园,1,1,11
北京,冬季,上地佳园,1,1,6
北京,冬季,上寺岭,1,1,25
北京,冬季,上庄水库,1,1,13
北京,冬季,下庄村,1,1,7
北京,冬季,下纸寨桥,1,1,11
北京,冬季,下西市街心公园(下西市路),1,1,14
北京,冬季,不老屯天文台,1,1,7
北京,冬季,不老屯镇,1,1,13
北京,冬季,世茂一渡青青小镇,1,1,9
北京,冬季,东四六条,1,1,4
北京,冬季,东坝公园,1,1,2
北京,冬季,东城区北京市东直门中学(民安街北),1,1,6
北京,冬季,东城区天坛公园(天坛路南150米),1,1,18
北京,冬季,东城区安定门北京孔庙(官书院胡同西100米),1,1,5
北京,冬季,东城区安贞金隅天坛智慧家居(小黄庄路店),1,1,4
北京,冬季,东城区崇文门崇西小区8号楼,1,1,8
北京,冬季,东城区建国门华润大厦(建国门北大街),1,1,5
北京,冬季,东城区柳荫公园(外馆斜街南),1,1,19
北京,冬季,东小口城市休闲公园(北京市昌平区),1,1,9
北京,冬季,东山村,1,1,4
北京,冬季,东庄禾村东漫水桥,1,1,9
北京,冬季,东灵山自然风景区,1,1,6
北京,冬季,东灵山观鸟点,1,1,12
北京,冬季,东石公园,1,1,1
北京,冬季,东郊森林公园（华北树木园）,1,1,14
北京,冬季,东郊湿地公园(北京市通州区),1,1,11
北京,冬季,中共中央党校,1,1,13
北京,冬季,中关村768创意产业园,1,1,6
北京,冬季,中关村森林公园,1,1,9
北京,冬季,中关村软件园,1,1,13
北京,冬季,中关村软件园联想总部东街心花园,1,1,10
北京,冬季,中国人民大学(通州校区),1,1,2
北京,冬季,中国人民大学附属中学（人大附中本部）,1,1,10
北京,冬季,中国人民抗日战争纪念雕塑园,1,1,5
北京,冬季,中国农业大学(西校区),1,1,11
北京,冬季,中国农业大学东区,1,1,1
北京,冬季,中国农业大学西校区,1,1,5
北京,冬季,中国农业大学（东校区）,1,1,8
北京,冬季,中国气象局,1,1,1
北京,冬季,中国环境科学研究院,1,1,1
北京,冬季,中国社会科学院大学(良乡校区),1,1,1
北京,冬季,中国科学院古脊椎动物与古人类研究所(西直门外大街辅路),1,1,1
北京,冬季,中国科学院大学(玉泉路校区),1,1,7
北京,冬季,中国科学院大学三公寓西侧松林（花栗鼠树林）,1,1,2
北京,冬季,中国科学院大学两弹一星路西南侧菜地（妖怪篱笆）,1,1,7
北京,冬季,中国科学院大学（雁栖湖）,1,1,11
北京,冬季,中国科学院植物研究所国家植物园,1,1,17
北京,冬季,中国空间技术研究院东北,1,1,1
北京,冬季,中坞公园,1,1,5
北京,冬季,中央民族大学(丰台校区),1,1,2
北京,冬季,中央民族大學(海淀校區),1,1,1
北京,冬季,中央财经大学(沙河校区西区),1,1,5
北京,冬季,中科院北京植物园,1,1,17
北京,冬季,中门寺生态园(门头沟区中门寺街71号),1,1,5
北京,冬季,丰台区云岗森林公园(云岗北环路北400米),1,1,16
北京,冬季,丰台区六里桥华源新第(太平桥路西),1,1,2
北京,冬季,丰台区卢沟桥大瓦窑桥东南(京港澳高速),1,1,1
北京,冬季,丰台区洋桥南三环中路71号院北(洋桥南滨河路北),1,1,15
北京,冬季,丰台区石榴庄城市休闲森林公园(金桥西街南150米),1,1,10
北京,冬季,丰台区靛厂路26号院,1,1,3
北京,冬季,丰台大兴永定河沿岸,1,1,7
北京,冬季,丰台花园,1,1,3
北京,冬季,临河里街道,1,1,1
北京,冬季,九局·艺术精品民宿,1,1,10
北京,冬季,九棵树通州云景公园(云景西路西),1,1,3
北京,冬季,九龙仓西城天铸,1,1,1
北京,冬季,于家务回族乡采林路北200米,1,1,4
北京,冬季,于辛庄橡胶坝北,1,1,2
北京,冬季,云居寺路,1,1,4
北京,冬季,云岗北里小院,1,1,5
北京,冬季,云河墅,1,1,1
北京,冬季,云顶星空营地,1,1,3
北京,冬季,五塔寺塔,1,1,7
北京,冬季,五河交汇处,1,1,5
北京,冬季,五渡村,1,1,38
北京,冬季,五渡饭店,1,1,24
北京,冬季,五里仓第一社区,1,1,5
北京,冬季,五里桥公园,1,1,11
北京,冬季,亦庄国际企业文化园(西园),1,1,6
北京,冬季,亦庄新城滨河森林公园（枫丹壹号）,1,1,4
北京,冬季,亦庄滨河森林公园(北京市大兴区西环北路),1,1,2
北京,冬季,亦庄通明湖公园,1,1,10
北京,冬季,京城体育休闲公园,1,1,4
北京,冬季,京城森林公园西区,1,1,3
北京,冬季,京张铁路遗址公园1期南段,1,1,2
北京,冬季,京良路北400米,1,1,2
北京,冬季,京西稻智慧农场（常乐村稻田）,1,1,5
北京,冬季,京铁和园社区(广安门车站西街2号院),1,1,5
北京,冬季,人民大学,1,1,6
北京,冬季,保利剧院,1,1,9
北京,冬季,健德门C口南处林子,1,1,8
北京,冬季,兆维工业园,1,1,6
北京,冬季,全国市长研修学院,1,1,3
北京,冬季,八大处,1,1,7
北京,冬季,八大处公园,1,1,1
北京,冬季,八大处公园(北京市石景山区八大处路3号),1,1,3
北京,冬季,八宝庄-2号楼,1,1,2
北京,冬季,八家口袋公园,1,1,4
北京,冬季,八达岭古长城自然风景区,1,1,2
北京,冬季,八达岭长城,1,1,8
北京,冬季,公社1958创意园,1,1,8
北京,冬季,六郎庄荒地,1,1,5
北京,冬季,兴漷桥,1,1,19
北京,冬季,兴隆观,1,1,3
北京,冬季,凉水河公园,1,1,14
北京,冬季,凉水河公园-三区,1,1,8
北京,冬季,凉水河公园三期附近,1,1,7
北京,冬季,凉水河桥,1,1,2
北京,冬季,凉水河通明湖段,1,1,14
北京,冬季,凉水河（张家湾段）,1,1,6
北京,冬季,减河公园-潮白河森林公园,1,1,19
北京,冬季,北二环城市公园,1,1,3
北京,冬季,北京世纪金源大饭店,1,1,2
北京,冬季,北京东升花园中心,1,1,10
北京,冬季,北京云水种植专业合作社,1,1,5
北京,冬季,北京亚奥国际酒店,1,1,2
北京,冬季,北京交通大学,1,1,7
北京,冬季,北京会议中心,1,1,14
北京,冬季,北京农学院,1,1,13
北京,冬季,北京凤凰岭景区,1,1,1
北京,冬季,北京动物园-水禽湖,1,1,8
北京,冬季,北京动物园东区,1,1,11
北京,冬季,北京动物园水禽湖观鸟点,1,1,15
北京,冬季,北京化工大学（昌平新校区）,1,1,16
北京,冬季,北京华文学院(北京市昌平区七北路69号),1,1,17
北京,冬季,北京协和医院(东院),1,1,6
北京,冬季,北京园博园鹰山森林公园玫瑰沟西北,1,1,26
北京,冬季,北京城市学院(航天城校区),1,1,6
北京,冬季,北京城市绿心森林公园,1,1,15
北京,冬季,北京大学医学部,1,1,11
北京,冬季,北京大学肖家河教工住宅(北京市海淀区),1,1,9
北京,冬季,北京大学荷花池（中水池）,1,1,13
北京,冬季,北京大学赛克勒考古与艺术博物馆,1,1,5
北京,冬季,北京大学静园-一院,1,1,2
北京,冬季,北京天安门广场,1,1,4
北京,冬季,北京奥林匹克公园,1,1,8
北京,冬季,北京奥林匹克公园(朝阳区北辰东路15号),1,1,29
北京,冬季,北京奥林匹克公园-湿地,1,1,23
北京,冬季,北京奥林匹克公园仰山河东岸玲珑塔至奥林匹克塔,1,1,2
北京,冬季,北京奥林匹克公园北园-花田野趣,1,1,16
北京,冬季,北京宽沟会议中心,1,1,8
北京,冬季,北京小汤山现代农业科技示范园(昌平区),1,1,10
北京,冬季,北京工业大学,1,1,1
北京,冬季,北京工体富国海底世界,1,1,12
北京,冬季,北京工商大学(阜成路校区),1,1,12
北京,冬季,北京市三帆中学北京师大二附中初中部,1,1,8
北京,冬季,北京市公安局公共交通安全保卫总队(俸伯站派出所),1,1,27
北京,冬季,北京市北京市东城区地坛公园,1,1,7
北京,冬季,北京市北京市朝阳区劲松(地铁站),1,1,1
北京,冬季,北京市北京市朝阳区湖心岛桥边,1,1,5
北京,冬季,北京市北京市海淀区玉渊潭公园,1,1,14
北京,冬季,北京市北运河管理处榆林庄管理所,1,1,19
北京,冬季,北京市十一学校,1,1,3
北京,冬季,北京市密云水库管理处调节池,1,1,20
北京,冬季,北京市怀柔区城市森林公园,1,1,10
北京,冬季,北京市昌平区沙河水库北岸,1,1,35
北京,冬季,北京市植物园北园,1,1,14
北京,冬季,北京市海淀区丰滢公园东区,1,1,1
北京,冬季,北京市海淀区科春社区87号楼,1,1,2
北京,冬季,北京市海淀区翠湖国家城市湿地公园,1,1,12
北京,冬季,北京市海淀区蓝靛厂公园,1,1,12
北京,冬季,北京市海淀区阜成路南5号,1,1,1
北京,冬季,北京市莲花池公园,1,1,12
北京,冬季,北京市西郊雨洪调蓄工程,1,1,22
北京,冬季,北京市通州区北运河榆林庄至杨洼闸段,1,1,11
北京,冬季,北京市门头沟区,1,1,1
北京,冬季,北京市顺义区潮白河,1,1,14
北京,冬季,北京市颐和园,1,1,1
北京,冬季,北京师范大学(海淀区新街口外大街19号),1,1,5
北京,冬季,北京师范大学教9楼,1,1,4
北京,冬季,北京怀柔山水人家(辛桃路店),1,1,6
北京,冬季,北京怀柔山水人家(辛桃路店)西189米,1,1,3
北京,冬季,北京怀柔山水人家(辛桃路店)西南126米,1,1,1
北京,冬季,北京日光山谷,1,1,7
北京,冬季,北京昌平区沙河闸公园,1,1,1
北京,冬季,北京明城墙遗址公园,1,1,8
北京,冬季,北京林业大学南门,1,1,1
北京,冬季,北京植物园北园,1,1,24
北京,冬季,北京植物园科普馆,1,1,6
北京,冬季,北京植物所,1,1,5
北京,冬季,北京温榆河公园(故城记忆),1,1,14
北京,冬季,北京湖苑山庄西北(环湖东路),1,1,13
北京,冬季,北京瑶亭有机板栗专业合作社,1,1,1
北京,冬季,北京百花山社,1,1,11
北京,冬季,北京石刻艺术博物馆,1,1,9
北京,冬季,北京经开·芯中心,1,1,1
北京,冬季,北京航空航天大学绿园(北京市海淀区),1,1,8
北京,冬季,北京营城建都滨水绿道(北京市西城区),1,1,5
北京,冬季,北京西郊机场,1,1,1
北京,冬季,北京野生动物园,1,1,6
北京,冬季,北京野鸭湖湿地公园,1,1,10
北京,冬季,北京金樱桃农林科技发展有限公司(瓦窑头路),1,1,7
北京,冬季,北京陶然亭公园,1,1,11
北京,冬季,北京雁栖工业开发区,1,1,4
北京,冬季,北京黑龙潭自然风景区,1,1,4
北京,冬季,北土城,1,1,2
北京,冬季,北师大二附国际部,1,1,2
北京,冬季,北庄镇营房村葡萄峪河岸,1,1,6
北京,冬季,北张岱,1,1,21
北京,冬季,北拒马河沿线,1,1,20
北京,冬季,北沙河南岸,1,1,1
北京,冬季,北沙河西侧-唐顿风情,1,1,7
北京,冬季,北运河通州段,1,1,16
北京,冬季,北运河（张家湾段）,1,1,5
北京,冬季,北运河（漷县段）,1,1,30
北京,冬季,区内其他区域,1,1,2
北京,冬季,十三陵永陵,1,1,12
北京,冬季,十渡乐谷银滩景区,1,1,8
北京,冬季,十渡樱桃民宿,1,1,8
北京,冬季,十渡樱桃民宿北,1,1,7
北京,冬季,十渡樱桃民宿北232米,1,1,5
北京,冬季,十渡镇,1,1,17
北京,冬季,十渡风景区-界碑,1,1,11
北京,冬季,半坡及附近街区,1,1,5
北京,冬季,华贸绿线城市森林公园,1,1,10
北京,冬季,南堤桥西南74米,1,1,1
北京,冬季,南庄水库,1,1,6
北京,冬季,南沙河-沙河镇集体林场,1,1,15
北京,冬季,南沙河南岸,1,1,14
北京,冬季,南海子公园(北京市大兴区),1,1,23
北京,冬季,南海子公园-麋鹿苑,1,1,24
北京,冬季,南海子公园一期(南门),1,1,10
北京,冬季,南海子公园凉亭(北京市大兴区幸福巷),1,1,18
北京,冬季,南礼士路公园,1,1,7
北京,冬季,南苑森林湿地公园-燕景台,1,1,11
北京,冬季,南长河公园,1,1,1
北京,冬季,南长河西直门段,1,1,18
北京,冬季,卢各庄村篮球场,1,1,7
北京,冬季,卢沟桥 晓月湖,1,1,3
北京,冬季,卢沟桥南-乐活中堤 永定河湿地,1,1,13
北京,冬季,卧龙岗村,1,1,7
北京,冬季,古崖居风景名胜区,1,1,2
北京,冬季,右堤路,1,1,14
北京,冬季,唐指山水库,1,1,17
北京,冬季,嘉林花园南侧河堤,1,1,9
北京,冬季,四渡桥,1,1,11
北京,冬季,四渡河村(渤三路),1,1,14
北京,冬季,国家植物园-樱桃沟,1,1,30
北京,冬季,国家植物园北园-绚秋苑,1,1,13
北京,冬季,国家植物园樱桃沟游览区,1,1,1
北京,冬季,国家植物园（北园）,1,1,9
北京,冬季,国家自然博物馆东南,1,1,20
北京,冬季,国家自然博物馆东南88米,1,1,11
北京,冬季,国家自然博物馆南,1,1,18
北京,冬季,国际关系学院,1,1,3
北京,冬季,圆明园-宝相寺,1,1,6
北京,冬季,圆明园-玉玲珑,1,1,9
北京,冬季,圆明园后湖,1,1,11
北京,冬季,圆明园遗址公园(海淀区清华西路28号),1,1,24
北京,冬季,圆明园遗址公园-福海,1,1,41
北京,冬季,圆明园遗址公园后湖,1,1,29
北京,冬季,圆明园遗址公园长春园,1,1,11
北京,冬季,土城沟水系,1,1,7
北京,冬季,塔院小区,1,1,8
北京,冬季,夏都公园,1,1,5
北京,冬季,大兴区亦庄人大附中经开学校(天宝北街南),1,1,26
北京,冬季,大兴区亦庄博大公园(科慧大道北),1,1,8
北京,冬季,大兴区亦庄旭东嘉园上海沙龙(荣京北小街西150米),1,1,6
北京,冬季,大兴区亦庄枫丹壹号东北150米(凉水河路北),1,1,11
北京,冬季,大兴区亦庄阶台花园(凉水河路北50米),1,1,11
北京,冬季,大兴区麋鹿苑北门东南50米(三海子二号路南),1,1,12
北京,冬季,大狼垈公园,1,1,13
北京,冬季,大石河三岔口,1,1,23
北京,冬季,大石河桥,1,1,4
北京,冬季,大菊胡同,1,1,2
北京,冬季,大运河森林公园-西6门,1,1,19
北京,冬季,大运河森林公园东园,1,1,15
北京,冬季,大运河森林公园北京市通州区河道事务中心西南,1,1,17
北京,冬季,大运河森林公园南门[公交站],1,1,11
北京,冬季,大运河森林公园柳舟,1,1,22
北京,冬季,大运河森林公园运河风韵,1,1,30
北京,冬季,大通滨河公园,1,1,14
北京,冬季,大黄岩河南99米,1,1,2
北京,冬季,大黄岩河西南(Y351),1,1,21
北京,冬季,大黄岩河西南85米,1,1,1
北京,冬季,天坛公园-东门,1,1,15
北京,冬季,天坛公园-南门,1,1,9
北京,冬季,天坛公园及西门外草地,1,1,23
北京,冬季,天坛公园天坛公园,1,1,1
北京,冬季,天坛公园西门至科普园附近,1,1,12
北京,冬季,天坛西门外,1,1,14
北京,冬季,天龙苑,1,1,4
北京,冬季,太师屯,1,1,15
北京,冬季,太师屯和园公园清水河,1,1,6
北京,冬季,太师屯镇,1,1,7
北京,冬季,太师庄村密云水库,1,1,8
北京,冬季,太庙,1,1,1
北京,冬季,奥园练习场,1,1,7
北京,冬季,奥林匹克公园鸟巢,1,1,4
北京,冬季,奥林匹克森林公园北园-北门,1,1,12
北京,冬季,奥林匹克森林公园北苑桃花沟,1,1,4
北京,冬季,奥林匹克森林公园北门桥,1,1,26
北京,冬季,奥林匹克森林公园南园奥海南岸,1,1,12
北京,冬季,奥林匹克森林公园南园林泉高致,1,1,20
北京,冬季,奥森北园2,1,1,9
北京,冬季,奥森北园北门,1,1,1
北京,冬季,奥森北园及清河,1,1,23
北京,冬季,奥森北园桥北中心岛,1,1,6
北京,冬季,奥森北园河西,1,1,24
北京,冬季,奥森北园清洋河北段两岸,1,1,2
北京,冬季,奥森南园-奥林西路东路周边,1,1,7
北京,冬季,奥森南园1,1,1,25
北京,冬季,奥森银杏林东南,1,1,28
北京,冬季,奥运村国奥村东区(科荟路),1,1,2
北京,冬季,妙峰山风景名胜区,1,1,12
北京,冬季,妙峰山风景名胜区（金顶娘娘庙，非观鸟常去的玫瑰园）,1,1,17
北京,冬季,孔庙和国子监博物馆,1,1,5
北京,冬季,孚王府,1,1,4
北京,冬季,孟庄,1,1,3
北京,冬季,学各庄村(北京市密云区),1,1,20
北京,冬季,宁河区七里海镇于家岭东村,1,1,11
北京,冬季,安贞门水闸涵洞,1,1,11
北京,冬季,官厅水库,1,1,11
北京,冬季,官园公园,1,1,5
北京,冬季,官地村,1,1,3
北京,冬季,定龙路,1,1,5
北京,冬季,宛平湖西岸,1,1,12
北京,冬季,宽沟(宽沟招待所,1,1,4
北京,冬季,密云区不老屯镇学各庄村,1,1,13
北京,冬季,密云区北庄镇朱家湾村清水河,1,1,3
北京,冬季,密云区北庄镇沙太路(东庵),1,1,12
北京,冬季,密云区北庄镇石门,1,1,8
北京,冬季,密云区大黄岩河(Y351东),1,1,6
北京,冬季,密云区太师屯镇王家窝铺,1,1,11
北京,冬季,密云区太师屯镇芦各庄,1,1,4
北京,冬季,密云区山里乐活东100米(Y351北),1,1,12
北京,冬季,密云区山里乐活南50米(点兵台环路),1,1,5
北京,冬季,密云区恒大上河院北300米(右堤路北),1,1,15
北京,冬季,密云区朱家湾村民委员会东南100米(朱大路东),1,1,11
北京,冬季,密云区清水河,1,1,5
北京,冬季,密云区白河城市森林公园(新西路东),1,1,20
北京,冬季,密云区调节池东南100米(滨河路南),1,1,4
北京,冬季,密云水库不老屯库滨带,1,1,35
北京,冬季,密云水库管理处西办公区,1,1,12
北京,冬季,密云清水河+潮河,1,1,8
北京,冬季,小槽村猫猫地点,1,1,5
北京,冬季,小漕村村民委员会,1,1,5
北京,冬季,山楂小苑民俗餐厅,1,1,8
北京,冬季,山顶教堂东南95米,1,1,18
北京,冬季,巩华城半岛-沙河水库,1,1,32
北京,冬季,巩华城新城滨河森林公园,1,1,31
北京,冬季,巩华城沙河岸边,1,1,16
北京,冬季,巩华城滨河森林公园及半岛周边,1,1,23
北京,冬季,市民亲水垂钓区,1,1,3
北京,冬季,常乐村,1,1,2
北京,冬季,常营公园-保利园,1,1,2
北京,冬季,平谷区泃河东门桥,1,1,18
北京,冬季,平谷区泃河洳河交汇地,1,1,13
北京,冬季,平谷区泃河清风园公园,1,1,12
北京,冬季,平谷区洳河中桥村桥,1,1,32
北京,冬季,平谷区洳河周村桥,1,1,14
北京,冬季,平谷区花峪水库,1,1,16
北京,冬季,平谷区金海湖风景区,1,1,9
北京,冬季,平谷区马坊镇张岱辛撞村,1,1,8
北京,冬季,平谷区黄松峪水库,1,1,11
北京,冬季,平谷新城滨河森林公园,1,1,23
北京,冬季,幽州大峡谷,1,1,12
北京,冬季,广场东侧路南安检04(含团队安检),1,1,1
北京,冬季,广泰小区西区,1,1,7
北京,冬季,广济桥,1,1,1
北京,冬季,广阳谷城市森林公园,1,1,8
北京,冬季,庄怡公园,1,1,3
北京,冬季,庆陵,1,1,6
北京,冬季,庆陵村,1,1,16
北京,冬季,延寿寺景区,1,1,3
北京,冬季,延庆区八达岭长城,1,1,6
北京,冬季,延庆区康庄镇大王庄村,1,1,4
北京,冬季,延庆区野鸭湖国家湿地公园(康野路西),1,1,3
北京,冬季,建国门绿化广场(北京市东城区),1,1,14
北京,冬季,张坊村西北895米,1,1,1
北京,冬季,念坛公园漪柳微香西南,1,1,20
北京,冬季,怀九河峪口村(北京市怀柔区)至四渡河,1,1,7
北京,冬季,怀柔区九渡河镇局里村,1,1,8
北京,冬季,怀柔区八渡河岭,1,1,1
北京,冬季,怀柔区北京九局精品民宿东北50米(局里路南),1,1,18
北京,冬季,怀柔区北京宽沟会议中心北50米(台关路北),1,1,16
北京,冬季,怀柔区北京怀柔山水人家(辛桃路店)东南200米,1,1,16
北京,冬季,怀柔区北京怀柔山水人家(辛桃路店)西300米,1,1,2
北京,冬季,怀柔区喇叭沟门满族乡中心小学西北(庄喇路北),1,1,9
北京,冬季,怀柔区四渡河村委会(渤三路),1,1,12
北京,冬季,怀柔区大艾天下园东600米,1,1,8
北京,冬季,怀柔区富福溪谷帐篷露营基地东北100米(渤三路东),1,1,8
北京,冬季,怀柔区庙城镇X005(北京宽沟),1,1,23
北京,冬季,怀柔区怀水大桥东南,1,1,20
北京,冬季,怀柔区慕田峪长城双源汇度假村南(怀黄路北),1,1,7
北京,冬季,怀柔区杨宋镇郭庄村,1,1,2
北京,冬季,怀柔区栗花沟起点露营地西100米(渤三路南),1,1,3
北京,冬季,怀柔区郭家坞98号楼,1,1,4
北京,冬季,怀柔区长哨营满族乡,1,1,14
北京,冬季,怀柔区领秀翡翠华庭怀安大街15号院南50米,1,1,13
北京,冬季,怀柔区领秀翡翠华庭怀安大街15号院西50米,1,1,8
北京,冬季,怀柔城市森林公园,1,1,11
北京,冬季,怀柔水库观景台,1,1,21
北京,冬季,怀柔珍珠泉,1,1,12
北京,冬季,怀沙河,1,1,1
北京,冬季,怀沙河-红军庄村-水德广场（怀柔水库附近）,1,1,14
北京,冬季,怀河及其沿岸,1,1,24
北京,冬季,恭王府博物馆,1,1,1
北京,冬季,成寿寺中海城,1,1,8
北京,冬季,成府路西段南侧,1,1,8
北京,冬季,戒台寺,1,1,5
北京,冬季,房山区乐活中堤东400米,1,1,2
北京,冬季,房山区十渡,1,1,21
北京,冬季,房山区十渡镇片南,1,1,5
北京,冬季,房山区张坊村,1,1,3
北京,冬季,房山区樱桃·餐厅民宿东北150米(涞宝路),1,1,7
北京,冬季,房山区牛口峪水库,1,1,11
北京,冬季,房山区琉璃河桥南50米(京深路),1,1,25
北京,冬季,房山区窦店镇京港澳高速(丁各庄村),1,1,1
北京,冬季,房山区蒲洼乡富合村,1,1,7
北京,冬季,房山区西湖港奇潭峡谷风景区(X029),1,1,3
北京,冬季,房山区长阳北京九子河,1,1,11
北京,冬季,房山区长阳小清河桥北(长阳路),1,1,16
北京,冬季,房山区鹰巢,1,1,1
北京,冬季,房山大石河,1,1,9
北京,冬季,房山新城滨水森林公园（小清河公园）,1,1,9
北京,冬季,房山红领巾公园(大件路大石河2号桥北侧),1,1,10
北京,冬季,故宫博物院-文华殿,1,1,8
北京,冬季,新东方南楼,1,1,2
北京,冬季,新凤河健康绿道,1,1,12
北京,冬季,新奥购物中心,1,1,4
北京,冬季,新首钢大桥,1,1,4
北京,冬季,早培教学楼,1,1,1
北京,冬季,昌平区北七家北京师范大学亚太实验学校(商校路东),1,1,6
北京,冬季,昌平区十三陵风景区七孔桥花海,1,1,21
北京,冬季,昌平区后沙峪北京温榆河公园·温榆画廊东北,1,1,22
北京,冬季,昌平区明十三陵泰陵村至花海沿线,1,1,45
北京,冬季,昌平区明十三陵风景区(泰燕路),1,1,21
北京,冬季,昌平区明十三陵风景区(献陵路东),1,1,6
北京,冬季,昌平区明十三陵风景区(环陵路),1,1,9
北京,冬季,昌平区明十三陵风景区(裕陵路东),1,1,1
北京,冬季,昌平区沙河丽春湖院子东(于辛庄路南),1,1,42
北京,冬季,昌平区沙河丽春湖院子南400米,1,1,18
北京,冬季,昌平区沙河巩华城地铁站(昌平新城滨河森林公园西),1,1,1
北京,冬季,昌平区沙河水岸庄园5号楼西南(42公里绿道),1,1,55
北京,冬季,昌平区沙河水库西南200米,1,1,17
北京,冬季,昌平区沙河翠明湖(42公里绿道南),1,1,17
北京,冬季,昌平区沙河翠明湖(环城北路东150米),1,1,3
北京,冬季,昌平区沙河航天工程大学(沙河校区)西北,1,1,15
北京,冬季,昌平区沙河镇巩华城半岛,1,1,14
北京,冬季,昌平区沙河领秀慧谷D2区南(辛庄桥东北),1,1,8
北京,冬季,昌平区白浮泉公园(白浮泉路北300米),1,1,14
北京,冬季,昌平區沙河翠明湖,1,1,24
北京,冬季,昌平巩华城半岛北沙河南岸沿线,1,1,1
北京,冬季,昌平巩华城半岛及周边,1,1,32
北京,冬季,昌平新城滨河北,1,1,10
北京,冬季,昌平新城滨河森林公园(沙河),1,1,1
北京,冬季,昌平新城滨河森林公园(沙河)停车场,1,1,38
北京,冬季,昌平新城滨河森林公园-主入口广场,1,1,6
北京,冬季,昌平新城滨河森林公园-休闲廊架,1,1,1
北京,冬季,昌平新城滨河森林公园及周边,1,1,32
北京,冬季,昌平滨河公园,1,1,28
北京,冬季,明十三陵风景区(庆陵桥),1,1,8
北京,冬季,明十三陵风景区(裕陵路),1,1,1
北京,冬季,明思宗殉国处,1,1,7
北京,冬季,明镜移舟景区-休闲长廊,1,1,11
北京,冬季,晓月湖至绿堤公园,1,1,14
北京,冬季,望京西园1区,1,1,5
北京,冬季,望湖公园,1,1,5
北京,冬季,朝阳区东坝郊野公园,1,1,1
北京,冬季,朝阳区中华民族博物院(北辰路西),1,1,6
北京,冬季,朝阳区元大都遗址公园,1,1,16
北京,冬季,朝阳区八里桥,1,1,11
北京,冬季,朝阳区兴会公园东会区(惠河北街),1,1,10
北京,冬季,朝阳区兴隆公园,1,1,10
北京,冬季,朝阳区北京温榆河公园蒹葭照水北100米(滨河路东),1,1,18
北京,冬季,朝阳区北投购物公园(南)停车场,1,1,4
北京,冬季,朝阳区十里堡阳光新城市广场,1,1,1
北京,冬季,朝阳区南磨房官庄公园(官庄路东150米),1,1,5
北京,冬季,朝阳区奥运村北京奥林匹克公园(天辰东路东),1,1,25
北京,冬季,朝阳区奥运村奥园体育俱乐部(清河路南),1,1,20
北京,冬季,朝阳区奥运村奥林匹克森林公园,1,1,10
北京,冬季,朝阳区奥运村奥林匹克森林公园(天辰路西),1,1,6
北京,冬季,朝阳区奥运村奥林匹克森林公园(奥林西路),1,1,11
北京,冬季,朝阳区奥运村奥林匹克森林公园(奥林西路南50米),1,1,10
北京,冬季,朝阳区奥运村奥林匹克森林公园(沉水廊道东150米),1,1,7
北京,冬季,朝阳区奥运村奥林匹克森林公园南园东门南(安立路西),1,1,17
北京,冬季,朝阳区望京保利中央大道南50米(望京东路南),1,1,3
北京,冬季,朝阳区望京绿地中心B座(启阳路)东50米,1,1,6
北京,冬季,朝阳区杜仲公园(双园路南),1,1,10
北京,冬季,朝阳区花家地北京市园林绿化科学研究院(花家地南街),1,1,12
北京,冬季,朝阳区蓝地时尚庄园(北京清河营地铁站店),1,1,8
北京,冬季,朝阳区马家湾湿地公园,1,1,23
北京,冬季,木樨地护城河,1,1,4
北京,冬季,未来科技城生态休闲公园沙河片区二期,1,1,11
北京,冬季,朱家湾村民委员会,1,1,13
北京,冬季,杨家东庄村,1,1,9
北京,冬季,枫丹壹号北121米,1,1,5
北京,冬季,柳各庄闸桥,1,1,4
北京,冬季,树村公园,1,1,12
北京,冬季,栖山小墅二号院精品民宿东84米,1,1,6
北京,冬季,楼根子,1,1,1
北京,冬季,榆林庄闸管理站,1,1,1
北京,冬季,樱桃沟,1,1,1
北京,冬季,樱桃沟植物园,1,1,26
北京,冬季,樱花湖,1,1,9
北京,冬季,橡树湾四区,1,1,5
北京,冬季,檀峪村,1,1,1
北京,冬季,欧陆经典,1,1,6
北京,冬季,水南村,1,1,8
北京,冬季,水岸庄园10号楼（沙河北岸）,1,1,34
北京,冬季,水库北观景台,1,1,13
北京,冬季,永丰嘉园新三区,1,1,1
北京,冬季,永兴河,1,1,3
北京,冬季,永兴河湿地公园,1,1,1
北京,冬季,永定公园南门太福路,1,1,13
北京,冬季,永定河休闲森林公园,1,1,24
北京,冬季,永定河公园,1,1,3
北京,冬季,永定河引水渠玉渊潭至木樨地段,1,1,18
北京,冬季,永顺城市公园,1,1,5
北京,冬季,汉石桥湿地公园,1,1,23
北京,冬季,汉石桥湿地自然保护区,1,1,24
北京,冬季,汤河口镇,1,1,2
北京,冬季,沙子营闸,1,1,24
北京,冬季,沙峪,1,1,5
北京,冬季,沙河-沙河南岸,1,1,29
北京,冬季,沙河大坝东侧温榆河段,1,1,23
北京,冬季,沙河昌平新城滨河森林公园东,1,1,1
北京,冬季,沙河昌平新城滨河森林公园东200米,1,1,10
北京,冬季,沙河昌平新城滨河森林公园东50米,1,1,7
北京,冬季,沙河昌平新城滨河森林公园东入口广场东北300米,1,1,1
北京,冬季,沙河昌平新城滨河森林公园东入口广场北150米,1,1,6
北京,冬季,沙河昌平新城滨河森林公园东北50米,1,1,4
北京,冬季,沙河昌平新城滨河森林公园及半岛周边,1,1,14
北京,冬季,沙河水库北岸,1,1,18
北京,冬季,沙河水库北岸水闸,1,1,14
北京,冬季,沙河水库南岸观测点,1,1,19
北京,冬季,沙河水库新城滨河森林公园,1,1,16
北京,冬季,沙河闸公园,1,1,2
北京,冬季,河边小院(北京市怀柔区郭卧路怀沙河旁),1,1,11
北京,冬季,法海寺森林公园,1,1,7
北京,冬季,泥河村,1,1,4
北京,冬季,海淀区三义庙北里(人民大学南路东),1,1,3
北京,冬季,海淀区五棵松北京国际摄影文化苑西南(西四环中路),1,1,6
北京,冬季,海淀区交通运输部站点西南50米(南沙河西路北),1,1,24
北京,冬季,海淀区会城门公园(东双贝子坟路西50米),1,1,8
北京,冬季,海淀区北坞公园(金河路南),1,1,14
北京,冬季,海淀区圆明园西北景区,1,1,27
北京,冬季,海淀区天作国际中心(中关村南大街东),1,1,1
北京,冬季,海淀区政府第二办公区,1,1,2
北京,冬季,海淀区昆明湖北200米(西堤北),1,1,13
北京,冬季,海淀区树村公园(树村路东),1,1,11
北京,冬季,海淀区永定路57号院(正大路北),1,1,1
北京,冬季,海淀区清缘里东50米(清河路南),1,1,8
北京,冬季,海淀区生命绿洲南100米(玉渊潭滨河路南),1,1,13
北京,冬季,海淀区西三旗育新花园(育新南路北),1,1,1
北京,冬季,海淀区西北旺镇武家庄（中关村森林公园南区）,1,1,1
北京,冬季,海淀区西小口公园(北京市),1,1,9
北京,冬季,海淀区西湖西200米(颐和园西门路东),1,1,20
北京,冬季,海淀区西郊砂石坑(阜石路东150米),1,1,24
北京,冬季,海淀区颐和园团城湖及附近,1,1,24
北京,冬季,海淀区颐和园西堤东南150米,1,1,10
北京,冬季,海淀驾校,1,1,7
北京,冬季,清华大学近春园荒岛,1,1,9
北京,冬季,清水河,1,1,4
北京,冬季,清河,1,1,13
北京,冬季,清河-两岸,1,1,18
北京,冬季,清河北滨河路,1,1,13
北京,冬季,清河南镇[公交站],1,1,2
北京,冬季,清河南镇公交站,1,1,8
北京,冬季,清河南镇至下清河水闸东边河道,1,1,13
北京,冬季,清河滨水慢行系统,1,1,23
北京,冬季,清河立水桥段（滨河路),1,1,31
北京,冬季,清河（温榆河公园北）,1,1,4
北京,冬季,清源公园,1,1,10
北京,冬季,温榆河公园,1,1,27
北京,冬季,温榆河未来科学城段及周边,1,1,26
北京,冬季,温榆河桥,1,1,14
北京,冬季,潞堤路与水南北路交叉口,1,1,9
北京,冬季,潮汇大桥（潮河白河汇合口）,1,1,21
北京,冬季,潮河河道,1,1,21
北京,冬季,潮河边绿化林间,1,1,16
北京,冬季,潮白河大桥,1,1,11
北京,冬季,潮白河大秦铁路桥下游,1,1,1
北京,冬季,潮白河潞城镇段,1,1,1
北京,冬季,潮白河（白马路向阳闸桥段）,1,1,12
北京,冬季,瀛景园(大兴区亦庄地区贵园中街3号),1,1,17
北京,冬季,火车乐园,1,1,5
北京,冬季,灵山洪水口村,1,1,9
北京,冬季,炭厂村,1,1,9
北京,冬季,点兵台,1,1,8
北京,冬季,燕化星城,1,1,1
北京,冬季,燕山公园,1,1,3
北京,冬季,牛郎峪(北京市密云区),1,1,5
北京,冬季,玉渊潭 公园,1,1,13
北京,冬季,玉渊潭公园(海淀区西三环中路10号),1,1,12
北京,冬季,玉渊潭公园-西湖,1,1,21
北京,冬季,玉渊潭公园万萍荷香,1,1,13
北京,冬季,玉渊潭公园中堤桥,1,1,30
北京,冬季,玉渊潭公园南门附近,1,1,21
北京,冬季,王家窝铺,1,1,8
北京,冬季,王家窝铺北199米,1,1,5
北京,冬季,王家窝铺西北81米,1,1,4
北京,冬季,王平湿地,1,1,18
北京,冬季,玫瑰园,1,1,8
北京,冬季,环球影城,1,1,1
北京,冬季,琉璃河桥,1,1,13
北京,冬季,甘棠桥南,1,1,13
北京,冬季,白河城市森林公园,1,1,25
北京,冬季,白河湾,1,1,18
北京,冬季,白浮泉公园全域(包括大运河源头遗址公园),1,1,37
北京,冬季,白瀑寺,1,1,2
北京,冬季,白虎头村,1,1,13
北京,冬季,百度科技园,1,1,10
北京,冬季,百旺绿地公园,1,1,5
北京,冬季,百望山南部观鸟点,1,1,9
北京,冬季,百望山森林公园-望乡亭,1,1,1
北京,冬季,百望山森林公园黑山头观景平台,1,1,13
北京,冬季,百洋医药科研成果转化基地,1,1,5
北京,冬季,皇城根遗址公园,1,1,9
北京,冬季,石景山区黑石头村,1,1,14
北京,冬季,石景山南麓停车场(秀池西街北),1,1,5
北京,冬季,石门,1,1,12
北京,冬季,石门东474米,1,1,3
北京,冬季,福泽樱暖,1,1,14
北京,冬季,科创十七街,1,1,6
北京,冬季,科育社区,1,1,3
北京,冬季,红军庄,1,1,6
北京,冬季,红领巾公园南门广场,1,1,4
北京,冬季,绿海运动公园,1,1,9
北京,冬季,罗马湖公园,1,1,6
北京,冬季,翠云山庄(云岗北环路),1,1,9
北京,冬季,老山城市休闲公园,1,1,12
北京,冬季,老舍纪念馆,1,1,6
北京,冬季,老龙窝,1,1,4
北京,冬季,胡家村(北京市通州区),1,1,14
北京,冬季,航天长峰大楼(永定路),1,1,1
北京,冬季,船营公园,1,1,7
北京,冬季,良乡大学城,1,1,2
北京,冬季,芦各庄,1,1,10
北京,冬季,花家地北京市园林绿化科学研究院(阜通东大街),1,1,18
北京,冬季,花果山景区(房山区涞宝路十渡风景区),1,1,7
北京,冬季,苇沟村（温榆河孙河段）,1,1,34
北京,冬季,荒地-门头沟(龙林路),1,1,5
北京,冬季,荷清园公园,1,1,9
北京,冬季,营房村,1,1,4
北京,冬季,营房村村民委员会,1,1,7
北京,冬季,萧太后河,1,1,18
北京,冬季,裕陵村,1,1,20
北京,冬季,西下营村(台东路),1,1,2
北京,冬季,西城区丰融园(什坊小街北),1,1,5
北京,冬季,西城区钟声社区(钟声胡同东),1,1,1
北京,冬季,西斯莱公馆,1,1,1
北京,冬季,西湖园,1,1,3
北京,冬季,西玉河雨水湿地公园,1,1,14
北京,冬季,西胡林服务区(京蔚高速蔚县方向),1,1,1
北京,冬季,西苑交通枢纽,1,1,2
北京,冬季,西郊砂石坑,1,1,18
北京,冬季,西门子大厦,1,1,11
北京,冬季,角楼,1,1,3
北京,冬季,豐台區中央民族大學(豐臺校區),1,1,1
北京,冬季,转河小憩园,1,1,4
北京,冬季,远洋山水北区,1,1,2
北京,冬季,通州区专家公寓(廊坊市卫生学校东方大学城医院东北),1,1,11
北京,冬季,通州区东郊森林湿地公园,1,1,12
北京,冬季,通州区凉水河大桥至后马营桥,1,1,20
北京,冬季,通州区台湖镇北小营,1,1,21
北京,冬季,通州区土桥华远·铭悦好天地(砖厂南二街南),1,1,1
北京,冬季,通州区城市绿心森林公园(通怀路西200米),1,1,13
北京,冬季,通州区宋庄镇摇不动村,1,1,2
北京,冬季,通州区张家湾镇齐善庄村,1,1,19
北京,冬季,通州区德邑·新时空西400米(日新路南),1,1,3
北京,冬季,通州区文景街道,1,1,3
北京,冬季,通州区月亮湾晓镇北50米(凉水河左堤路南),1,1,18
北京,冬季,通州区汇天云端产业园东50米(寨草路西),1,1,8
北京,冬季,通州区温榆河滨河森林公园北区西(温榆河左堤路西),1,1,13
北京,冬季,通州区漫春园东北门西南50米(果园环岛南),1,1,9
北京,冬季,通州区路县故城遗址公园(东古城街北),1,1,9
北京,冬季,通州大运河森林公园观景台东(北运河新堤路),1,1,16
北京,冬季,通明湖地区,1,1,33
北京,冬季,邓家窑桥,1,1,2
北京,冬季,金台西路二号院,1,1,5
北京,冬季,金海湖风景区,1,1,10
北京,冬季,金融街中心广场,1,1,4
北京,冬季,金顶妙峰山,1,1,22
北京,冬季,银枫秋实景区-风行芦苇荡,1,1,26
北京,冬季,锥石口村,1,1,8
北京,冬季,镜河,1,1,11
北京,冬季,长辛店街道玉皇庄小区,1,1,4
北京,冬季,门头沟区,1,1,6
北京,冬季,门头沟区塔岭沟新桥西400米(京拉线北),1,1,8
北京,冬季,门头沟区妙峰山镇X002(妙峰山玫瑰梯田观景平台),1,1,8
北京,冬季,门头沟区潭柘寺镇北村,1,1,6
北京,冬季,门头沟区灵山自然风景区(灵山路北300米),1,1,9
北京,冬季,门头沟区王平镇九龙山,1,1,5
北京,冬季,门头沟沿河城,1,1,21
北京,冬季,陶然亭公园北门窑台,1,1,11
北京,冬季,雁栖河桥,1,1,8
北京,冬季,雁栖湖,1,1,10
北京,冬季,青年湖公园,1,1,6
北京,冬季,青白口村口,1,1,2
北京,冬季,青龙湖,1,1,10
北京,冬季,静心亭,1,1,18
北京,冬季,顺义区东郊森林湿地公园,1,1,7
北京,冬季,顺义区东郊湿地公园(通顺路西),1,1,11
北京,冬季,顺义区仁和公园,1,1,7
北京,冬季,顺义区南彩镇彩丰社区,1,1,20
北京,冬季,顺义区后沙峪镇沙子营闸,1,1,22
北京,冬季,顺义区和园生态园休闲垂钓园北150米(滨河路),1,1,8
北京,冬季,顺义区市民亲水垂钓区西100米(左堤路南),1,1,18
北京,冬季,顺义区潮白河大桥东北300米(白马路北),1,1,17
北京,冬季,顺义区龙湾城市森林西南150米(高白路南),1,1,18
北京,冬季,顺义新城滨河公园二区,1,1,24
北京,冬季,顺义新城滨河森林公园,1,1,18
北京,冬季,顺义新城滨河森林公园（潮白河）,1,1,17
北京,冬季,领秀新硅谷D区,1,1,1
北京,冬季,颐和园(北京市海淀区新建宫门路19号),1,1,13
北京,冬季,颐和园-昆明湖,1,1,1
北京,冬季,颐和园新建宫门至西门团城湖一线,1,1,16
北京,冬季,颐和园西堤团城湖,1,1,20
北京,冬季,颐和园谐趣园,1,1,5
北京,冬季,颐园餐厅(农业大学西校区店),1,1,4
北京,冬季,飞达社区,1,1,2
北京,冬季,首都医科大学-南门,1,1,6
北京,冬季,首都医科大学附属北京天坛医院教学部,1,1,1
北京,冬季,首都师范大学附属回龙观育新学校,1,1,14
北京,冬季,首都机场,1,1,5
北京,冬季,首都经济贸易大学(花乡张家路口121号),1,1,2
北京,冬季,首钢园-群明湖,1,1,12
北京,冬季,首钢国际大厦,1,1,16
北京,冬季,马场,1,1,3
北京,冬季,马家湾湿地公园附近,1,1,9
北京,冬季,马草河,1,1,1
北京,冬季,马草河樊家村段,1,1,1
北京,冬季,马驹桥湿地公园-二期,1,1,24
北京,冬季,高碑店朝阳区兴隆公园,1,1,9
北京,冬季,鲁谷路七十四号院情报所宿舍,1,1,8
北京,冬季,鸽子市场,1,1,2
北京,冬季,鹰山公园,1,1,7
北京,冬季,麋鹿苑北京市大兴区,1,1,19
北京,冬季,黄草湾郊野公园,1,1,17
北京,冬季,黑陈路,1,1,1
北京,冬季,鼓楼大街[地铁站],1,1,1
北京,冬季,齐物潭,1,1,11
北京,冬季,龙山,1,1,9
北京,冬季,龙潭中湖公园,1,1,17
北京,冬季,龙王庙,1,1,1
北京,冬季,龙祥嘉园(北京市朝阳区清林东路1号),1,1,9
北京,1月,天坛公园,276,305,31
北京,1月,奥林匹克森林公园（奥森）南园,149,155,34
北京,1月,玉渊潭公园,147,161,38
北京,1月,北海公园,132,140,27
北京,1月,奥森南园,105,117,30
北京,1月,沙河水库,94,106,48
北京,1月,颐和园,81,83,31
北京,1月,密云区太师屯镇小漕村,73,78,49
北京,1月,国家植物园北园,72,81,35
北京,1月,小漕村,66,73,46
北京,1月,十渡,62,66,36
北京,1月,国家植物园北园（原北京植物园）,61,73,33
北京,1月,北京天坛公园,60,73,27
北京,1月,密云水库调节池,57,60,30
北京,1月,昌平新城滨河森林公园巩华城半岛,49,51,43
北京,1月,密云水库,43,44,44
北京,1月,奥林匹克森林公园（奥森）全域,41,43,31
北京,1月,密云区太师屯镇泉河,41,42,48
北京,1月,北京玉渊潭公园,38,53,36
北京,1月,明十三陵景区,37,38,41
北京,1月,天坛公园西门林地,36,39,24
北京,1月,小漕村外崖壁及潮河沿岸,33,41,24
北京,1月,北京奥林匹克森林公园南园,32,42,30
北京,1月,北庄镇,32,33,16
北京,1月,青白口桥,30,30,16
北京,1月,乐活中堤,29,35,29
北京,1月,北京密云水库,29,31,67
北京,1月,北京市丰台区绿堤公园宛平湖,29,31,27
北京,1月,东灵山,28,30,29
北京,1月,大小黄岩河,28,28,16
北京,1月,北京沙河水库,27,36,36
北京,1月,沙河水库-北岸,27,31,49
北京,1月,奥林匹克森林公园南园,26,30,30
北京,1月,十三陵水库,25,26,21
北京,1月,绿堤公园（宛平湖）,24,26,27
北京,1月,天坛公园-科普园（苗圃）,22,22,23
北京,1月,明十三陵景区-水库上游河道（锥石口沟）,22,22,30
北京,1月,奥林匹克森林公园（奥森）北园,20,22,22
北京,1月,山里乐活,19,20,14
北京,1月,密云清水河,18,20,20
北京,1月,北海公园小西天,18,19,18
北京,1月,奥森北园,18,19,22
北京,1月,温榆河孙河河段,17,24,43
北京,1月,清河大桥东侧河段,17,20,23
北京,1月,八渡桥,17,17,20
北京,1月,明十三陵风景区,17,17,32
北京,1月,王家窝铺(北京市密云区),16,17,13
北京,1月,圆明园遗址公园,15,15,36
北京,1月,密云水库周边,15,15,63
北京,1月,拒马河十渡,15,15,37
北京,1月,朝阳公园,15,15,27
北京,1月,白浮泉公园,14,15,33
北京,1月,西峪水库,14,14,19
北京,1月,大运河森林公园,13,14,31
北京,1月,巩华城半岛（北沙河南岸）,13,14,40
北京,1月,滨河森林公园-沙河水库,13,14,43
北京,1月,北京动物园,13,13,18
北京,1月,妙峰山森林公园玫瑰谷,13,13,21
北京,1月,密云区太师屯村,13,13,8
北京,1月,宛平湖,12,14,43
北京,1月,日坛公园,12,13,14
北京,1月,昌平十三陵水库,11,19,32
北京,1月,北京市北京市东城区天坛公园-西门,11,12,23
北京,1月,南海子公园,11,11,27
北京,1月,国家植物园,11,11,30
北京,1月,奥林匹克森林公园北园,11,11,22
北京,1月,大宁水库-乐活中堤（即滞洪水库）-废弃河道,10,15,38
北京,1月,紫竹院公园,10,14,21
北京,1月,清水河太师屯高速桥以下段,10,10,11
北京,1月,元大都遗址公园,9,20,21
北京,1月,沙河北岸,9,12,42
北京,1月,北京圆明园遗址公园,9,11,30
北京,1月,北京南海子公园,9,10,25
北京,1月,顺义新城滨河森林公园二区,9,9,37
北京,1月,北京大学,8,9,29
北京,1月,北京市奥林匹克森林公园,8,9,32
北京,1月,奥森公园南园,8,9,27
北京,1月,北京市密云区朱家湾村清水河,8,8,7
北京,1月,十三陵景区定陵,8,8,22
北京,1月,地坛公园,8,8,12
北京,1月,奥森北园+南园,8,8,26
北京,1月,山水天下影视城西(清水河北路),8,8,10
北京,1月,故宫博物院,8,8,15
北京,1月,温榆河（孙河段）,8,8,39
北京,1月,红领巾公园,8,8,23
北京,1月,绿堤公园,8,8,20
北京,1月,青白口村(北京市门头沟区),8,8,15
北京,1月,温榆河孙河乡,7,8,41
北京,1月,北京北海公园,7,7,21
北京,1月,北京市天坛公园,7,7,19
北京,1月,太师屯和园公园,7,7,18
北京,1月,昌平区明十三陵风景区(献陵路北),7,7,21
北京,1月,顺义新城滨河森林公园三区,7,7,37
北京,1月,清华大学,6,8,21
北京,1月,沙河水库沿岸,6,7,43
北京,1月,北京植物园(北京市海淀区香山路),6,6,24
北京,1月,十三陵北沙河沿岸,6,6,22
北京,1月,十渡（房山拒马河峡谷）,6,6,30
北京,1月,妙峰山玫瑰园,6,6,15
北京,1月,怀柔水库,6,6,23
北京,1月,昌平区明十三陵风景区(泰燕路南),6,6,17
北京,1月,景山公园,6,6,15
北京,1月,沿河城,6,6,23
北京,1月,灵山自然风景区,6,6,15
北京,1月,黑山寨村,6,6,20
北京,1月,龙潭西湖公园,6,6,20
北京,1月,宋庄蓄滞洪区-二期,5,8,25
北京,1月,日坛公园(北京市朝阳区日坛北路6号),5,7,17
北京,1月,北京市清河管理处下清河闸管理站,5,6,20
北京,1月,天坛公园科普园,5,5,15
北京,1月,天坛公园西门至苗圃区间,5,5,20
北京,1月,奥林匹克森林公园（奥森）南园-西北部水系（叠水花台、沉水廊道、潜流湿地）,5,5,26
北京,1月,巩华城半岛,5,5,42
北京,1月,柳荫公园,5,5,21
北京,1月,海淀公园,5,5,21
北京,1月,清华大学-工字厅,5,5,26
北京,1月,颐和园—团城湖,5,5,20
北京,1月,香山公园,5,5,19
北京,1月,太阳宫公园,4,9,18
北京,1月,马家湾湿地公园,4,7,21
北京,1月,云岗森林公园,4,6,15
北京,1月,北京十三陵风景区,4,6,24
北京,1月,城子,4,6,28
北京,1月,中山公园,4,4,20
北京,1月,北京奥森公园,4,4,24
北京,1月,北京市北海公园,4,4,20
北京,1月,北京市昌平区七孔桥花海,4,4,23
北京,1月,北京昌平区沙河水库,4,4,29
北京,1月,南海子麋鹿苑,4,4,5
北京,1月,古北水镇,4,4,15
北京,1月,天坛公园(北京市东城区天坛东路甲1号),4,4,16
北京,1月,天坛公园-科普园,4,4,16
北京,1月,奥林匹克森林公园北园-西门,4,4,28
北京,1月,奥林匹克森林公园北园大坑,4,4,20
北京,1月,奥林匹克森林公园南园(北京市朝阳区),4,4,24
北京,1月,奥林匹克森林公园（奥森）南园-洼里湖,4,4,20
北京,1月,官厅水库（野鸭湖-康西草原-马场沿线）,4,4,14
北京,1月,密云区山里乐活(Y351北),4,4,19
北京,1月,密云水库大小曹村库滨带,4,4,9
北京,1月,怀九河,4,4,41
北京,1月,故宫博物院(东华门),4,4,14
北京,1月,昌平区明十三陵风景区(献陵路南),4,4,16
北京,1月,朝阳区奥运村奥林匹克森林公园(清河路南300米),4,4,12
北京,1月,沙河昌平新城滨河森林公园,4,4,34
北京,1月,红军庄村(北京市怀柔区),4,4,25
北京,1月,西郊雨洪调蓄工程/西郊砂石坑,4,4,22
北京,1月,陶然亭公园,4,4,16
北京,1月,北京翠湖湿地公园,3,11,33
北京,1月,凉水河丰台段,3,4,28
北京,1月,凤港减河,3,4,32
北京,1月,北京林业大学,3,4,9
北京,1月,南苑森林湿地公园,3,4,21
北京,1月,将府公园,3,4,16
北京,1月,怀水大桥,3,4,11
北京,1月,清河之洲,3,4,14
北京,1月,七渡村,3,3,11
北京,1月,亦庄新城滨河森林公园（凉水河公园）,3,3,9
北京,1月,全国农业展览馆（农展馆）,3,3,16
北京,1月,北京园博园,3,3,35
北京,1月,北京市东城区天坛公园-生态科普园,3,3,12
北京,1月,北京市房山区十渡镇,3,3,13
北京,1月,北京新城滨河森林公园,3,3,11
北京,1月,北土城东路元大都遗址公园,3,3,15
北京,1月,北海公园小西天(文津街1号北海公园南门),3,3,12
北京,1月,千亩玫瑰园景区,3,3,17
北京,1月,国家植物园南园（中国科学院植物研究所）,3,3,22
北京,1月,大运河森林公园明镜移舟景区休闲长廊,3,3,33
北京,1月,天坛,3,3,16
北京,1月,天坛公园科普园附近,3,3,17
北京,1月,天坛苗圃,3,3,13
北京,1月,奥林匹克森林公园北园西门,3,3,23
北京,1月,奥森北园河东,3,3,20
北京,1月,妙峰山,3,3,22
北京,1月,密云北庄清水河(密云区芦北公路南50米),3,3,14
北京,1月,密云区北京云水种植专业合作社西北(太城路北),3,3,14
北京,1月,密云区北京清水河公寓西(清水河北路),3,3,29
北京,1月,密雲區北莊鎮石門,3,3,13
北京,1月,巩华城地铁站路西,3,3,10
北京,1月,平谷区西峪水库,3,3,4
北京,1月,念坛公园,3,3,23
北京,1月,房山区军红路(教军场),3,3,16
北京,1月,新城滨河森林公园,3,3,24
北京,1月,昌平七孔桥花海,3,3,17
北京,1月,昌平七孔桥花海（十三陵水库二坝）,3,3,19
北京,1月,昌平区十三陵镇昌赤路(明十三陵风景区),3,3,19
北京,1月,昌平区延寿镇黑山寨村,3,3,13
北京,1月,昌平区沙河翠明湖,3,3,14
北京,1月,昌平巩华城半岛周边,3,3,11
北京,1月,月坛公园,3,3,14
北京,1月,朝阳区奥运村奥林匹克森林公园(北五环北200米),3,3,24
北京,1月,朝阳区奥运村奥林匹克森林公园(奥林西路东400米),3,3,22
北京,1月,未来科学城滨水公园,3,3,12
北京,1月,海淀区畅观堂北200米(颐和园西门路北),3,3,11
北京,1月,清水河（密云北庄朱家湾段）,3,3,10
北京,1月,清河(北京市海淀区),3,3,23
北京,1月,献陵西桥,3,3,22
北京,1月,玉渊潭公园樱花湖,3,3,32
北京,1月,通州区大运河森林公园东园(北运河绿道南),3,3,26
北京,1月,门头沟小龙门林场,3,3,8
北京,1月,黑山寨村(北京市昌平区),3,3,18
北京,1月,龙潭中湖,3,3,19
北京,1月,东埠头沟公园南侧区域,2,10,24
北京,1月,北京环球度假区,2,6,21
北京,1月,昌平沙河水库北岸,2,4,24
北京,1月,中国人民大学,2,3,10
北京,1月,丰台区莲花池公园(莲花池南路北200米),2,3,18
北京,1月,凉水河通州段,2,3,20
北京,1月,北京大学附属中学,2,3,6
北京,1月,北京西山国家森林公园,2,3,14
北京,1月,南沙河,2,3,20
北京,1月,南海子一期,2,3,15
北京,1月,宋庄蓄滞洪公园,2,3,18
北京,1月,朝阳区奥森南园,2,3,19
北京,1月,顺义滨河森林公园,2,3,10
北京,1月,七孔桥花海主题公园,2,2,10
北京,1月,三渡,2,2,6
北京,1月,上庄镇西马坊村,2,2,8
北京,1月,东坝郊野公园,2,2,9
北京,1月,东城区天坛公园(天坛路南300米),2,2,19
北京,1月,东城区天坛公园双环万寿亭东北200米(天坛路南),2,2,11
北京,1月,中信新城(北京市大兴区三海子东路),2,2,13
北京,1月,中国农业大学东校区,2,2,7
北京,1月,中航国际广场,2,2,6
北京,1月,丰台区绿堤公园(X002南150米),2,2,12
北京,1月,丰台区绿堤公园西南100米(X002南),2,2,16
北京,1月,二渡,2,2,9
北京,1月,五道口,2,2,2
北京,1月,什刹海西海湿地公园,2,2,13
北京,1月,元大都城垣遗址公园东土城沟,2,2,12
北京,1月,八达岭长城-八达岭国际友谊林,2,2,4
北京,1月,六渡（含五渡）,2,2,18
北京,1月,农展馆,2,2,15
北京,1月,凉水河大兴段,2,2,9
北京,1月,北京大觉寺,2,2,11
北京,1月,北京市东城区天坛公园,2,2,14
北京,1月,北京市国家植物园,2,2,24
北京,1月,北京市房山区十渡,2,2,21
北京,1月,北京市通州区通州大运河森林公园,2,2,17
北京,1月,北京市顺义区西湖园,2,2,6
北京,1月,北京市香山公园,2,2,17
北京,1月,北京植物园(北京市海淀区),2,2,26
北京,1月,北京海淀玉渊潭公园,2,2,25
北京,1月,北京温榆河公园-东园,2,2,14
北京,1月,北京邮电大学,2,2,9
北京,1月,北沙河,2,2,31
北京,1月,十三陵水库二坝,2,2,23
北京,1月,十三陵花海景区,2,2,14
北京,1月,千灵山,2,2,18
北京,1月,南宫雅苑西区,2,2,10
北京,1月,台湖公园,2,2,8
北京,1月,向阳闸桥,2,2,9
北京,1月,国家植物园北园-东南门,2,2,11
北京,1月,国家植物园银杏松柏区东北,2,2,14
北京,1月,大兴区凉水河同仁医院附近,2,2,20
北京,1月,大宁水库-乐活中堤-永定河道,2,2,21
北京,1月,大石河,2,2,17
北京,1月,大运河森林公园-南门,2,2,33
北京,1月,大运河森林公园明镜移舟景区休闲长廊北,2,2,31
北京,1月,大黄岩河,2,2,14
北京,1月,天坛公园-北门魔术林,2,2,18
北京,1月,天坛公园北天门东北,2,2,6
北京,1月,天坛公园科普园至西门,2,2,21
北京,1月,太和殿,2,2,7
北京,1月,奥林匹克森林公园南园-东门,2,2,16
北京,1月,奥森,2,2,19
北京,1月,妙峰山玫瑰园（阳台山东大坨）,2,2,10
北京,1月,孙河文创中心,2,2,23
北京,1月,宛平湖晓月湖,2,2,28
北京,1月,宽Camp营地,2,2,9
北京,1月,密云区北庄镇楼根子,2,2,2
北京,1月,密云水库不老屯天文台,2,2,17
北京,1月,对外经济贸易大学,2,2,7
北京,1月,巩华城沙河,2,2,35
北京,1月,怀九河+怀沙河,2,2,8
北京,1月,怀九河局里村段,2,2,16
北京,1月,怀九河（局里村段）,2,2,17
北京,1月,怀柔北站,2,2,9
北京,1月,怀柔区箭扣长城,2,2,10
北京,1月,怀柔区龙山街道,2,2,19
北京,1月,怀柔滨河森林公园,2,2,10
北京,1月,房山区十渡(二渡南300米),2,2,37
北京,1月,房山区大石窝镇南白岱村,2,2,9
北京,1月,房山区张坊镇一渡沈家庵村,2,2,16
北京,1月,昌平区北京海疆栗蘑产销专业合作社东(S308北),2,2,11
北京,1月,昌平区沙河巩华城地铁站东50米,2,2,21
北京,1月,昌平区沙河水库南岸,2,2,20
北京,1月,明十三陵-茂陵,2,2,25
北京,1月,明十三陵风景区(献陵路),2,2,18
北京,1月,朝阳区奥运村奥林匹克森林公园(奥林西路北150米),2,2,15
北京,1月,朝阳区奥运村奥林匹克森林公园(沉水廊道西),2,2,3
北京,1月,杨家东庄(北京市怀柔区),2,2,14
北京,1月,水南-桑园-高古庄村,2,2,6
北京,1月,沙河南岸,2,2,8
北京,1月,沙河巩华城半岛周边,2,2,20
北京,1月,沙河水库-南岸,2,2,8
北京,1月,沙河水库东侧温榆河段,2,2,20
北京,1月,沙河水库南沙河,2,2,22
北京,1月,沙河水库及周边,2,2,51
北京,1月,沙河水库周边地区,2,2,21
北京,1月,沿河城村,2,2,11
北京,1月,沿河城长城西北(沿向路),2,2,16
北京,1月,海淀区清河南镇清河沿岸,2,2,17
北京,1月,海淀区玉渊潭公园,2,2,11
北京,1月,清河（清河南镇段）,2,2,6
北京,1月,温榆河,2,2,43
北京,1月,灵山自然风景区(北京市门头沟区灵山路),2,2,23
北京,1月,牛口峪湿地公园,2,2,32
北京,1月,玉河湿地公园,2,2,12
北京,1月,玉渊潭,2,2,16
北京,1月,玉渊潭公园-西门附近,2,2,19
北京,1月,玉渊潭公园东湖东岸,2,2,21
北京,1月,玲珑公园,2,2,8
北京,1月,田仙峪村,2,2,17
北京,1月,绿堤公园(北京市丰台区永定河畔),2,2,20
北京,1月,苗圃,2,2,16
北京,1月,西长安街,2,2,3
北京,1月,通州区台湖镇水南村,2,2,23
北京,1月,雁翅镇,2,2,5
北京,1月,雍和宫,2,2,7
北京,1月,青白居旅游度假村,2,2,12
北京,1月,颐和园-西门,2,2,19
北京,1月,首都经济贸易大学,2,2,2
北京,1月,百望山森林公园,1,10,26
北京,1月,通州区永乐店中学(永乐店中学北内环路北),1,9,10
北京,1月,中海凯旋,1,7,4
北京,1月,北新桥雍和大厦(青龙胡同),1,6,4
北京,1月,海淀区双榆树农影小区(中关村南大街东),1,6,1
北京,1月,三星庄后河,1,5,17
北京,1月,北京友谊宾馆,1,5,15
北京,1月,勇士营2号地,1,4,11
北京,1月,奥林匹克森林公园（南园）,1,4,21
北京,1月,东洲家园(北京市朝阳区来广营北路88号),1,3,5
北京,1月,中国农业科学院,1,3,12
北京,1月,京铁公寓,1,3,29
北京,1月,北京卡斯谷度假酒店,1,3,6
北京,1月,官庄公园,1,3,17
北京,1月,宣武艺园,1,3,13
北京,1月,新凤河三区,1,3,13
北京,1月,新凤河二区,1,3,11
北京,1月,新科祥园,1,3,9
北京,1月,滨河运动公园（新凤河一区）,1,3,12
北京,1月,石景山区翠谷玉景苑(玉泉中路南100米),1,3,10
北京,1月,罗马湖东,1,3,9
北京,1月,雁栖河科学城段(北京市怀柔区),1,3,22
北京,1月,丰台区康景城市休闲公园(小瓦窑西路西),1,2,8
北京,1月,亦新公园,1,2,14
北京,1月,元土城遗址公园(北京市海淀区),1,2,12
北京,1月,兴寿镇暴峪泉村,1,2,9
北京,1月,兴隆公园,1,2,9
北京,1月,分享收获有机农场,1,2,3
北京,1月,化工大院社区,1,2,5
北京,1月,北京十三陵风景区-七孔桥花海,1,2,9
北京,1月,北大校园,1,2,9
北京,1月,北植,1,2,23
北京,1月,十三陵镇东沙河至花海沿线,1,2,41
北京,1月,博大公园,1,2,3
北京,1月,奥林匹克森林公园,1,2,18
北京,1月,奥森奥森南园,1,2,23
北京,1月,小中河,1,2,25
北京,1月,崔家窑,1,2,17
北京,1月,惠新苑,1,2,7
北京,1月,房山区长阳北京莱恩堡国际酒庄西南300米,1,2,10
北京,1月,故宫博物院(北京市东城区景山前街4号),1,2,13
北京,1月,昆玉河慈寿寺至西钓鱼台段,1,2,5
北京,1月,朝阳区外环闸桥北(清河绿道西),1,2,7
北京,1月,朝阳区庆丰公园,1,2,12
北京,1月,梨园主题公园,1,2,8
北京,1月,梨园文化休闲公园,1,2,15
北京,1月,水衙沟万丰公园,1,2,15
北京,1月,永顺镇刘庄公园(北京市通州区),1,2,13
北京,1月,沙河巩华城半岛及周边,1,2,24
北京,1月,海淀区万泉河北京市第十九中学(东校区),1,2,2
北京,1月,花家地公园,1,2,12
北京,1月,3W咖啡(北京大学店),1,1,6
北京,1月,SEE后花园,1,1,1
北京,1月,一渡半,1,1,7
北京,1月,一渡河,1,1,5
北京,1月,七孔桥花海,1,1,10
北京,1月,七孔桥花海(北京市昌平区),1,1,2
北京,1月,万寿山,1,1,3
北京,1月,上庄水库,1,1,13
北京,1月,下庄村,1,1,7
北京,1月,下纸寨桥,1,1,11
北京,1月,下西市街心公园(下西市路),1,1,14
北京,1月,不老屯天文台,1,1,7
北京,1月,世茂一渡青青小镇,1,1,9
北京,1月,东升八家郊野公园,1,1,15
北京,1月,东单公园,1,1,9
北京,1月,东坝公园,1,1,2
北京,1月,东城区 柳荫公园,1,1,20
北京,1月,东城区北京市东直门中学(民安街北),1,1,6
北京,1月,东城区天坛公园科普园(天坛路南),1,1,3
北京,1月,东城区天坛公园科普园西北100米(天坛路南),1,1,8
北京,1月,东城区龙潭西湖公园(龙潭路南),1,1,14
北京,1月,东小口城市休闲公园(北京市昌平区),1,1,9
北京,1月,东山村,1,1,4
北京,1月,东庄禾村东漫水桥,1,1,9
北京,1月,东石公园,1,1,1
北京,1月,东郊森林湿地公园,1,1,5
北京,1月,中国人民大学附属中学（人大附中本部）,1,1,10
北京,1月,中国人民抗日战争纪念雕塑园,1,1,5
北京,1月,中国传媒大学,1,1,9
北京,1月,中国农业大学东区,1,1,1
北京,1月,中国气象局,1,1,1
北京,1月,中国环境科学研究院,1,1,1
北京,1月,中国科学院古脊椎动物与古人类研究所(西直门外大街辅路),1,1,1
北京,1月,中国科学院大学(雁栖湖校区),1,1,12
北京,1月,中国科学院大学三公寓西侧松林（花栗鼠树林）,1,1,2
北京,1月,中国科学院大学两弹一星路西南侧菜地（妖怪篱笆）,1,1,7
北京,1月,中国科学院大学雁栖湖校区,1,1,8
北京,1月,中国科学院大学雁栖湖校区西区,1,1,11
北京,1月,中国科学院大学（雁栖湖校区）,1,1,3
北京,1月,中国科学院植物研究所国家植物园,1,1,17
北京,1月,中央民族大學(海淀校區),1,1,1
北京,1月,中科院北京植物园,1,1,17
北京,1月,丰台区云岗森林公园(云岗北环路北400米),1,1,16
北京,1月,丰台区卢沟桥大瓦窑桥东南(京港澳高速),1,1,1
北京,1月,丰台区靛厂路26号院,1,1,3
北京,1月,丰台绿堤公园,1,1,6
北京,1月,丰台花园,1,1,3
北京,1月,九棵树通州云景公园(云景西路西),1,1,3
北京,1月,九龙仓西城天铸,1,1,1
北京,1月,书山勤径,1,1,12
北京,1月,于家务回族乡采林路北200米,1,1,4
北京,1月,于辛庄橡胶坝北,1,1,2
北京,1月,云居寺,1,1,8
北京,1月,云居寺路,1,1,4
北京,1月,云岗北里小院,1,1,5
北京,1月,云顶星空营地,1,1,3
北京,1月,五渡村,1,1,38
北京,1月,五渡桥,1,1,13
北京,1月,五里仓第一社区,1,1,5
北京,1月,京城体育休闲公园,1,1,4
北京,1月,京张铁路遗址公园1期南段,1,1,2
北京,1月,京良路北400米,1,1,2
北京,1月,京郊大地庄园,1,1,3
北京,1月,京铁和园社区(广安门车站西街2号院),1,1,5
北京,1月,亮马河(北京市朝阳区新源南路6号),1,1,8
北京,1月,人民大学,1,1,6
北京,1月,什刹海-前海,1,1,6
北京,1月,什刹海公园,1,1,4
北京,1月,什刹海西海湿地公园（积水潭）,1,1,3
北京,1月,保利剧院,1,1,9
北京,1月,元大都城垣遗址公园,1,1,4
北京,1月,元大都城垣遗址公园-健德门站东南区域,1,1,10
北京,1月,元大都城垣遗址公园（健德门-北土城-安贞门段）,1,1,2
北京,1月,全国农业展览馆,1,1,14
北京,1月,全国市长研修学院,1,1,3
北京,1月,八大处公园(北京市石景山区八大处路3号),1,1,3
北京,1月,八达岭长城,1,1,8
北京,1月,六渡,1,1,4
北京,1月,兴隆观,1,1,3
北京,1月,凉水河,1,1,12
北京,1月,凉水河公园,1,1,14
北京,1月,凉水河公园(北京市大兴区),1,1,18
北京,1月,凉水河经开区段,1,1,10
北京,1月,凉水河通明湖段,1,1,14
北京,1月,分钟寺,1,1,1
北京,1月,勇士营郊野公园,1,1,15
北京,1月,北二环城市公园,1,1,3
北京,1月,北京一零一中,1,1,6
北京,1月,北京世纪金源大饭店,1,1,2
北京,1月,北京东升花园中心,1,1,10
北京,1月,北京中山公园,1,1,20
北京,1月,北京亚奥国际酒店,1,1,2
北京,1月,北京动物园水禽湖观鸟点,1,1,15
北京,1月,北京古代建筑博物馆,1,1,2
北京,1月,北京园博园-园博功能湿地,1,1,16
北京,1月,北京园博园鹰山森林公园玫瑰沟西北,1,1,26
北京,1月,北京外国语大学,1,1,10
北京,1月,北京大学医学部,1,1,11
北京,1月,北京大学第一医院,1,1,2
北京,1月,北京大学镜春园,1,1,12
北京,1月,北京大学静园-一院,1,1,2
北京,1月,北京奥林匹克公园,1,1,8
北京,1月,北京奥林匹克公园(朝阳区北辰东路15号),1,1,29
北京,1月,北京奥林匹克公园-湿地,1,1,23
北京,1月,北京奥林匹克公园湿地(北京市朝阳区),1,1,13
北京,1月,北京展览馆后湖,1,1,1
北京,1月,北京工商大学(阜成路校区),1,1,12
北京,1月,北京市三帆中学北京师大二附中初中部,1,1,8
北京,1月,北京市公安局公共交通安全保卫总队(俸伯站派出所),1,1,27
北京,1月,北京市北京市东城区地坛公园,1,1,7
北京,1月,北京市北运河管理处榆林庄管理所,1,1,19
北京,1月,北京市十一学校,1,1,3
北京,1月,北京市怀柔区城市森林公园,1,1,10
北京,1月,北京市朝阳区望和公园-北园,1,1,11
北京,1月,北京市植物园北园,1,1,14
北京,1月,北京市玉渊潭公园,1,1,31
北京,1月,北京市莲花池公园,1,1,12
北京,1月,北京市西郊雨洪调蓄工程,1,1,22
北京,1月,北京市顺义区潮白河,1,1,14
北京,1月,北京市颐和园,1,1,1
北京,1月,北京师范大学,1,1,1
北京,1月,北京师范大学附属实验中学,1,1,2
北京,1月,北京日光山谷,1,1,7
北京,1月,北京昌平区沙河闸公园,1,1,1
北京,1月,北京林业大学南门,1,1,1
北京,1月,北京植物园,1,1,15
北京,1月,北京植物园北园,1,1,24
北京,1月,北京永定河废弃河道,1,1,22
北京,1月,北京温榆河公园-西园,1,1,23
北京,1月,北京湖苑山庄西北(环湖东路),1,1,13
北京,1月,北京瑶亭有机板栗专业合作社,1,1,1
北京,1月,北京知识产权法院,1,1,8
北京,1月,北京科技大学,1,1,7
北京,1月,北京莲花池公园,1,1,9
北京,1月,北京野生动物园,1,1,6
北京,1月,北京雁栖工业开发区,1,1,4
北京,1月,北京颐和园,1,1,13
北京,1月,北小河公园,1,1,11
北京,1月,北师大二附国际部,1,1,2
北京,1月,北庄镇营房村葡萄峪河岸,1,1,6
北京,1月,北拒马河沿线,1,1,20
北京,1月,北沙河南岸,1,1,1
北京,1月,北沙河西侧-唐顿风情,1,1,7
北京,1月,北海公园-白塔,1,1,15
北京,1月,北运河通州段,1,1,16
北京,1月,北运河（张家湾段）,1,1,5
北京,1月,十三陵永陵,1,1,12
北京,1月,十三陵镇东沙河沿岸,1,1,1
北京,1月,十渡樱桃民宿,1,1,8
北京,1月,十渡樱桃民宿北232米,1,1,5
北京,1月,十渡镇,1,1,17
北京,1月,十渡风景区,1,1,4
北京,1月,十渡风景区-界碑,1,1,11
北京,1月,华贸绿线城市森林公园,1,1,10
北京,1月,南庄水库,1,1,6
北京,1月,南海子公园一期(南门),1,1,10
北京,1月,南长河公园,1,1,1
北京,1月,卢沟新桥,1,1,8
北京,1月,卢沟桥 晓月湖,1,1,3
北京,1月,卢沟桥南-乐活中堤 永定河湿地,1,1,13
北京,1月,卧龙岗村,1,1,7
北京,1月,右堤路,1,1,14
北京,1月,合生·滨江帝景,1,1,6
北京,1月,嘉林花园南侧河堤,1,1,9
北京,1月,四得公园(北京市朝阳区将台西路9号),1,1,6
北京,1月,四渡桥,1,1,11
北京,1月,园博园功能湿地（晓月湖芦苇）,1,1,2
北京,1月,国家大剧院,1,1,1
北京,1月,国家植物园北园-梁启超墓,1,1,2
北京,1月,国家植物园北园-绚秋园,1,1,2
北京,1月,国家自然博物馆东南,1,1,20
北京,1月,国家自然博物馆东南88米,1,1,11
北京,1月,国际企业文化园(东园),1,1,10
北京,1月,国际关系学院,1,1,3
北京,1月,圆明园-宝相寺,1,1,6
北京,1月,圆明园-玉玲珑,1,1,9
北京,1月,圆明园遗址公园(海淀区清华西路28号),1,1,24
北京,1月,圆明园遗址公园长春园,1,1,11
北京,1月,土城沟水系,1,1,7
北京,1月,塔院小区,1,1,8
北京,1月,复兴门,1,1,6
北京,1月,大兴区亦庄枫丹壹号东北150米(凉水河路北),1,1,11
北京,1月,大兴区亦庄阶台花园(凉水河路北50米),1,1,11
北京,1月,大石河三岔口,1,1,23
北京,1月,大石河口头村,1,1,11
北京,1月,大菊胡同,1,1,2
北京,1月,大运河森林公园-西6门,1,1,19
北京,1月,大运河森林公园东园,1,1,15
北京,1月,大运河森林公园北京市通州区河道事务中心西南,1,1,17
北京,1月,大运河森林公园柳舟,1,1,22
北京,1月,大通滨河公园,1,1,14
北京,1月,大黄岩河南99米,1,1,2
北京,1月,大黄岩河西南85米,1,1,1
北京,1月,天坛公园-南门,1,1,9
北京,1月,天坛公园-祈年殿,1,1,13
北京,1月,天坛公园及西门外草地,1,1,23
北京,1月,天坛西门外,1,1,14
北京,1月,天宁寺桥,1,1,18
北京,1月,天龙苑,1,1,4
北京,1月,太师屯,1,1,15
北京,1月,太师屯世纪体育公园,1,1,5
北京,1月,奥园练习场,1,1,7
北京,1月,奥林匹克公园鸟巢,1,1,4
北京,1月,奥林匹克森林公园北苑桃花沟,1,1,4
北京,1月,奥林匹克森林公园北门桥,1,1,26
北京,1月,奥林匹克森林公园南园五环亭至潜流湿地,1,1,8
北京,1月,奥林匹克森林公园南园奥海南岸,1,1,12
北京,1月,奥林匹克森林公园奥海西北,1,1,4
北京,1月,奥林匹克森林公园（北园）,1,1,11
北京,1月,奥林匹克森林公园（奥森）南园-奥海西侧,1,1,20
北京,1月,奥森北园2,1,1,9
北京,1月,奥森北园及清河,1,1,23
北京,1月,奥森北园桥北中心岛,1,1,6
北京,1月,奥森南园1,1,1,25
北京,1月,奥森南园西线,1,1,20
北京,1月,奥运村北京奥林匹克公园(天辰东路),1,1,31
北京,1月,奥运村国奥村东区(科荟路),1,1,2
北京,1月,妙峰山玫瑰梯田观景平台,1,1,8
北京,1月,妙峰山风景名胜区,1,1,12
北京,1月,孔庙和国子监博物馆,1,1,5
北京,1月,孚王府,1,1,4
北京,1月,孟庄,1,1,3
北京,1月,宁河区七里海镇于家岭东村,1,1,11
北京,1月,宋庄蓄滞洪区二期,1,1,2
北京,1月,官厅水库,1,1,11
北京,1月,官地村,1,1,3
北京,1月,定慧公园,1,1,1
北京,1月,宛平湖大宁水库乐活中堤永定河废弃河道,1,1,29
北京,1月,宛平湖西岸,1,1,12
北京,1月,宽沟(宽沟招待所,1,1,4
北京,1月,密云区北庄镇沙太路(东庵),1,1,12
北京,1月,密云区北庄镇石门,1,1,8
北京,1月,密云区大黄岩河(Y351东),1,1,6
北京,1月,密云区太师屯镇王家窝铺,1,1,11
北京,1月,密云区山里乐活东100米(Y351北),1,1,12
北京,1月,密云区山里乐活南50米(点兵台环路),1,1,5
北京,1月,密云区晓菡果园西北150米,1,1,6
北京,1月,密云区清水河,1,1,5
北京,1月,密云新城滨河森林公园,1,1,6
北京,1月,密云水库管理处西办公区,1,1,12
北京,1月,密云清水河+潮河,1,1,8
北京,1月,小漕村村民委员会,1,1,5
北京,1月,山楂小苑民俗餐厅,1,1,8
北京,1月,巩华城新城滨河森林公园,1,1,31
北京,1月,巩华城沙河岸边,1,1,16
北京,1月,市民亲水垂钓区,1,1,3
北京,1月,常乐村(北京市海淀区),1,1,8
北京,1月,常营公园-保利园,1,1,2
北京,1月,平谷区泃河东门桥,1,1,18
北京,1月,平谷区洳河中桥村桥,1,1,32
北京,1月,平谷区洳河周村桥,1,1,14
北京,1月,平谷区金海湖风景区,1,1,9
北京,1月,平谷区黄松峪水库,1,1,11
北京,1月,平谷西峪水库,1,1,5
北京,1月,广泰小区西区,1,1,7
北京,1月,庆陵,1,1,6
北京,1月,庆陵村,1,1,16
北京,1月,延庆区八达岭长城,1,1,6
北京,1月,延庆区康庄镇大王庄村,1,1,4
北京,1月,延庆稻田,1,1,20
北京,1月,建国门绿化广场(北京市东城区),1,1,14
北京,1月,张坊村西北895米,1,1,1
北京,1月,怀九河峪口村(北京市怀柔区)至四渡河,1,1,7
北京,1月,怀北庄,1,1,2
北京,1月,怀柔区九渡河镇局里村,1,1,8
北京,1月,怀柔区北京九局精品民宿东北50米(局里路南),1,1,18
北京,1月,怀柔区桥梓镇峪口村,1,1,4
北京,1月,怀柔区郭家坞98号楼,1,1,4
北京,1月,怀柔区长哨营满族乡,1,1,14
北京,1月,怀柔区领秀翡翠华庭怀安大街15号院西50米,1,1,8
北京,1月,怀柔红军庄怀沙河南岸,1,1,27
北京,1月,戒台寺,1,1,5
北京,1月,房山区七渡桥西(花果山景区东北),1,1,4
北京,1月,房山区佛子庄乡教军场,1,1,6
北京,1月,房山区十渡,1,1,21
北京,1月,房山区十渡(一渡桥到十一渡桥),1,1,21
北京,1月,房山区十渡镇片南,1,1,5
北京,1月,房山区张坊村,1,1,3
北京,1月,房山区樱桃·餐厅民宿东北150米(涞宝路),1,1,7
北京,1月,房山区牛口峪水库,1,1,11
北京,1月,房山区琉璃河桥南50米(京深路),1,1,25
北京,1月,房山区西湖港奇潭峡谷风景区(X029),1,1,3
北京,1月,房山区长阳小清河桥北(长阳路),1,1,16
北京,1月,房山区长阳镇大宁村,1,1,6
北京,1月,房山大石河,1,1,9
北京,1月,放马峪桥,1,1,3
北京,1月,新奥购物中心,1,1,4
北京,1月,旺景公园,1,1,9
北京,1月,昌平公园,1,1,10
北京,1月,昌平区北七家北京师范大学亚太实验学校(商校路东),1,1,6
北京,1月,昌平区后沙峪北京温榆河公园·温榆画廊东北,1,1,22
北京,1月,昌平区回龙观龙锦苑4区(龙锦二街南150米),1,1,1
北京,1月,昌平区明十三陵泰陵村至花海沿线,1,1,45
北京,1月,昌平区明十三陵风景区(泰燕路),1,1,21
北京,1月,昌平区明十三陵风景区(献陵路东),1,1,6
北京,1月,昌平区明十三陵风景区(环陵路),1,1,9
北京,1月,昌平区明十三陵风景区(裕陵路东),1,1,1
北京,1月,昌平区沙河巩华城地铁站(昌平新城滨河森林公园西),1,1,1
北京,1月,昌平区沙河水库西南200米,1,1,17
北京,1月,昌平区沙河滨河观景平台南200米,1,1,20
北京,1月,昌平区沙河翠明湖(42公里绿道南),1,1,17
北京,1月,昌平区沙河翠明湖(42公里绿道南150米),1,1,22
北京,1月,昌平区沙河翠明湖(环城北路东150米),1,1,3
北京,1月,昌平区沙河航天工程大学(沙河校区)西北,1,1,15
北京,1月,昌平巩华城半岛及周边,1,1,32
北京,1月,昌平新城滨河森林公园(北京市昌平区),1,1,18
北京,1月,昌平新城滨河森林公园-休闲廊架,1,1,1
北京,1月,昌平新城滨河森林公园-滨水走廊,1,1,16
北京,1月,昌平新城滨河森林公园外周边,1,1,8
北京,1月,昌平沙河水库巩华城半岛,1,1,27
北京,1月,明十三陵风景区(庆陵桥),1,1,8
北京,1月,明十三陵风景区(裕陵路),1,1,1
北京,1月,明镜移舟景区-休闲长廊,1,1,11
北京,1月,晓月湖至绿堤公园,1,1,14
北京,1月,晓月郊野公园（卢沟桥晓月湖）,1,1,3
北京,1月,望京伯爵城中央公园,1,1,8
北京,1月,望湖公园,1,1,5
北京,1月,朝阳区八里桥京贸国际公寓北(京通快速公路北),1,1,4
北京,1月,朝阳区兴隆公园,1,1,10
北京,1月,朝阳区北投购物公园(南)停车场,1,1,4
北京,1月,朝阳区奥运村北京奥林匹克公园(天辰东路东),1,1,25
北京,1月,朝阳区奥运村奥林匹克森林公园,1,1,10
北京,1月,朝阳区奥运村奥林匹克森林公园(天辰路西),1,1,6
北京,1月,朝阳区奥运村奥林匹克森林公园(奥林西路北50米),1,1,17
北京,1月,朝阳区奥运村奥林匹克森林公园(奥林西路南50米),1,1,10
北京,1月,朝阳区奥运村奥林匹克森林公园(沉水廊道南50米),1,1,10
北京,1月,朝阳区奥运村奥林匹克森林公园南园东门南(安立路西),1,1,17
北京,1月,朝阳区奥运村奥林匹克森林公园湿地,1,1,11
北京,1月,朝阳区奥运村奥森银杏林东南150米(奥林西路东),1,1,22
北京,1月,朝阳区望京保利中央大道南50米(望京东路南),1,1,3
北京,1月,朝阳区花家地北京市园林绿化科学研究院(花家地南街),1,1,12
北京,1月,朝阳区西坝河冠城大通澜石(冠城大厦南)南,1,1,7
北京,1月,木樨地护城河,1,1,4
北京,1月,松香湖,1,1,12
北京,1月,枫丹壹号北121米,1,1,5
北京,1月,柳各庄闸桥,1,1,4
北京,1月,树村郊野公园,1,1,10
北京,1月,楼根子,1,1,1
北京,1月,樱桃沟,1,1,1
北京,1月,樱桃沟植物园,1,1,26
北京,1月,橡树湾四区,1,1,5
北京,1月,欧陆经典,1,1,6
北京,1月,水南村,1,1,8
北京,1月,水库不老屯,1,1,25
北京,1月,水库北观景台,1,1,13
北京,1月,永定河公园,1,1,3
北京,1月,沙子营闸,1,1,24
北京,1月,沙河,1,1,25
北京,1月,沙河大坝东侧温榆河段,1,1,23
北京,1月,沙河巩华城地铁站(昌平新城滨河森林公园西),1,1,1
北京,1月,沙河昌平新城滨河森林公园及巩华城半岛周边,1,1,22
北京,1月,沙河昌平新城滨河森林公园游客服务中心西150米,1,1,1
北京,1月,沙河昌平新城滨河森林公园滨水走廊东北500米,1,1,18
北京,1月,沙河水库北岸水闸,1,1,14
北京,1月,沙河水库南岸沿线,1,1,1
北京,1月,沙河水库巩华城半岛,1,1,30
北京,1月,沙河水库西岸,1,1,40
北京,1月,沙河水库（北沙河南岸）,1,1,50
北京,1月,沙河湿地公园,1,1,18
北京,1月,沙河闸,1,1,10
北京,1月,沙河闸公园,1,1,2
北京,1月,沿河城（永定河幽州大峡谷）,1,1,18
北京,1月,海淀区三义庙北里(人民大学南路东),1,1,3
北京,1月,海淀区五棵松北京国际摄影文化苑西南(西四环中路),1,1,6
北京,1月,海淀区会城门公园(东双贝子坟路西50米),1,1,8
北京,1月,海淀区北坞公园(金河路南),1,1,14
北京,1月,海淀区昆明湖北200米(西堤北),1,1,13
北京,1月,海淀区树村公园(树村路东),1,1,11
北京,1月,海淀区河道管理所五七水库管理站(七王坟路北),1,1,8
北京,1月,海淀区清缘里东50米(清河路南),1,1,8
北京,1月,海淀区生命绿洲南100米(玉渊潭滨河路南),1,1,13
北京,1月,海淀区西三旗育新花园(育新南路北),1,1,1
北京,1月,海淀区西小口公园(北京市),1,1,9
北京,1月,海淀区西郊砂石坑(阜石路东150米),1,1,24
北京,1月,清华大学校河沿岸,1,1,8
北京,1月,清水河,1,1,4
北京,1月,清河,1,1,13
北京,1月,清河滨水慢行系统,1,1,23
北京,1月,清河（温榆河公园北）,1,1,4
北京,1月,温榆河公园,1,1,27
北京,1月,温榆河桥,1,1,14
北京,1月,湖光小区(北京市怀柔区),1,1,12
北京,1月,潞堤路与水南北路交叉口,1,1,9
北京,1月,潭西胜境,1,1,11
北京,1月,潮汇大桥（潮河白河汇合口）,1,1,21
北京,1月,潮河河道,1,1,21
北京,1月,潮白河大桥,1,1,11
北京,1月,潮白河大秦铁路桥下游,1,1,1
北京,1月,潮白河潞城镇段,1,1,1
北京,1月,瀛景园(大兴区亦庄地区贵园中街3号),1,1,17
北京,1月,炭厂村,1,1,9
北京,1月,点兵台,1,1,8
北京,1月,燕山公园,1,1,3
北京,1月,牛郎峪(北京市密云区),1,1,5
北京,1月,玉渊潭 公园,1,1,13
北京,1月,玉渊潭公园(海淀区西三环中路10号),1,1,12
北京,1月,玉渊潭公园-西湖,1,1,21
北京,1月,玉渊潭公园西湖,1,1,24
北京,1月,王家窝铺西北81米,1,1,4
北京,1月,珍珠泉,1,1,16
北京,1月,琉璃河桥,1,1,13
北京,1月,琉璃河湿地公园,1,1,32
北京,1月,甘棠大桥,1,1,17
北京,1月,白浮泉公园全域(包括大运河源头遗址公园),1,1,37
北京,1月,白浮泉公园南北园,1,1,22
北京,1月,百旺绿地公园,1,1,5
北京,1月,百望山南部观鸟点,1,1,9
北京,1月,百望山森林公园春季猛禽观测点,1,1,7
北京,1月,百望山森林公园黑山头观景平台,1,1,13
北京,1月,百洋医药科研成果转化基地,1,1,5
北京,1月,皇城根遗址公园,1,1,9
北京,1月,石景山区黑石头村,1,1,14
北京,1月,石门,1,1,12
北京,1月,石门东474米,1,1,3
北京,1月,第四次世界妇女大会纪念公园,1,1,5
北京,1月,红领巾公园南门广场,1,1,4
北京,1月,翠云山庄(云岗北环路),1,1,9
北京,1月,翠湖国家城市湿地公园,1,1,12
北京,1月,老舍纪念馆,1,1,6
北京,1月,芦各庄,1,1,10
北京,1月,苇沟村（温榆河孙河段）,1,1,34
北京,1月,营房村,1,1,4
北京,1月,萧太后河（田家府段）,1,1,27
北京,1月,西下营村(台东路),1,1,2
北京,1月,西城区丰融园(什坊小街北),1,1,5
北京,1月,西城区钟声社区(钟声胡同东),1,1,1
北京,1月,西斯莱公馆,1,1,1
北京,1月,西胡林服务区(京蔚高速蔚县方向),1,1,1
北京,1月,西郊雨洪调蓄工程（西郊砂石坑）,1,1,15
北京,1月,西门子大厦,1,1,11
北京,1月,角楼,1,1,3
北京,1月,诺德花园西区,1,1,5
北京,1月,辛庄桥,1,1,19
北京,1月,通州区专家公寓(廊坊市卫生学校东方大学城医院东北),1,1,11
北京,1月,通州区凉水河大桥至后马营桥,1,1,20
北京,1月,通州区北京小海字健身训练营东南100米(张凤路东),1,1,19
北京,1月,通州区台湖镇北小营,1,1,21
北京,1月,通州区台湖镇外郎营村,1,1,2
北京,1月,通州区德邑·新时空西400米(日新路南),1,1,3
北京,1月,通州区文景街道,1,1,3
北京,1月,通州区月亮湾晓镇北50米(凉水河左堤路南),1,1,18
北京,1月,通州区漫春园东北门西南50米(果园环岛南),1,1,9
北京,1月,通州区路县故城遗址公园(东古城街北),1,1,9
北京,1月,通州大运河森林公园观景台东(北运河新堤路),1,1,16
北京,1月,通明湖公园,1,1,13
北京,1月,通明湖地区,1,1,33
北京,1月,邓家窑桥,1,1,2
北京,1月,金融街中心广场,1,1,4
北京,1月,金顶妙峰山,1,1,22
北京,1月,锥石口村,1,1,8
北京,1月,门头沟东灵山,1,1,5
北京,1月,门头沟区潭柘寺镇北村,1,1,6
北京,1月,门头沟区灵山自然风景区(灵山路北300米),1,1,9
北京,1月,门头沟区王平镇九龙山,1,1,5
北京,1月,门头沟沿河城站,1,1,12
北京,1月,陶然亭公园北门窑台,1,1,11
北京,1月,雁栖河桥,1,1,8
北京,1月,雁栖湖,1,1,10
北京,1月,青年之家公寓,1,1,16
北京,1月,青年湖公园,1,1,6
北京,1月,青白口村口,1,1,2
北京,1月,顺义区和园生态园休闲垂钓园北150米(滨河路),1,1,8
北京,1月,顺义区潮白河大桥东北300米(白马路北),1,1,17
北京,1月,顺义区龙湾城市森林西南150米(高白路南),1,1,18
北京,1月,顺义新城滨河森林公园,1,1,18
北京,1月,颐和园(北京市海淀区新建宫门路19号),1,1,13
北京,1月,颐和园-昆明湖团城湖,1,1,7
北京,1月,颐和园团城湖,1,1,20
北京,1月,颐和园谐趣园,1,1,5
北京,1月,首都经济贸易大学(花乡张家路口121号),1,1,2
北京,1月,首钢园-群明湖,1,1,12
北京,1月,首钢国际大厦,1,1,16
北京,1月,香山,1,1,4
北京,1月,香山野山,1,1,6
北京,1月,马家湾湿地公园附近,1,1,9
北京,1月,马草河樊家村段,1,1,1
北京,1月,鸽子市场,1,1,2
北京,1月,鹰山公园,1,1,7
北京,1月,麋鹿苑,1,1,4
北京,1月,黄草湾郊野公园,1,1,17
北京,1月,黑龙关村,1,1,5
北京,1月,鼓楼大街[地铁站],1,1,1
北京,1月,龙潭公园,1,1,9
北京,1月,龙潭湖公园,1,1,10
北京,1月,龙神庙,1,1,2
北京,2月,天坛公园,159,177,33
北京,2月,玉渊潭公园,157,178,37
北京,2月,沙河水库,118,142,55
北京,2月,沙河水库-北岸,111,130,46
北京,2月,奥林匹克森林公园（奥森）南园,104,118,28
北京,2月,宋庄蓄滞洪区二期,64,70,38
北京,2月,北海公园,60,64,28
北京,2月,小漕村,59,65,42
北京,2月,颐和园,55,58,33
北京,2月,乐活中堤,39,41,32
北京,2月,昌平新城滨河森林公园巩华城半岛,35,36,48
北京,2月,国家植物园北园（原北京植物园）,33,41,44
北京,2月,圆明园遗址公园,30,33,41
北京,2月,西峪水库,30,32,25
北京,2月,天坛公园-科普园（苗圃）,30,31,23
北京,2月,宋庄蓄滞洪区-二期,29,34,28
北京,2月,大宁水库-乐活中堤-永定河道,27,27,41
北京,2月,青白口桥,26,27,32
北京,2月,绿堤公园（宛平湖）,22,22,23
北京,2月,十渡,21,23,27
北京,2月,温榆河（孙河段）,21,23,37
北京,2月,奥林匹克森林公园（奥森）全域,20,20,46
北京,2月,沿河城（永定河幽州大峡谷）,20,20,44
北京,2月,密云区太师屯镇泉河,19,19,29
北京,2月,南海子公园,17,17,37
北京,2月,奥林匹克森林公园（奥森）北园,16,17,22
北京,2月,大运河森林公园,14,14,23
北京,2月,密云水库,13,13,41
北京,2月,清河（清河南镇段）,13,13,21
北京,2月,马家湾湿地公园,12,16,27
北京,2月,大黄岩河,12,12,17
北京,2月,密云水库调节池,12,12,32
北京,2月,清水河太师屯高速桥以下段,12,12,10
北京,2月,东灵山,11,11,13
北京,2月,天坛公园西门林地,10,11,17
北京,2月,妙峰山玫瑰园,10,10,21
北京,2月,巩华城地铁站,10,10,36
北京,2月,北京天坛公园,9,10,23
北京,2月,山里乐活,9,10,11
北京,2月,十渡（房山拒马河峡谷）,9,9,14
北京,2月,故宫博物院,8,9,14
北京,2月,北京大学,8,8,16
北京,2月,白浮泉公园,8,8,20
北京,2月,门头沟区宛平县人民八年抗战为国牺牲烈士纪念碑,8,8,10
北京,2月,大宁水库-乐活中堤（即滞洪水库）-废弃河道,7,16,45
北京,2月,念坛公园,7,8,23
北京,2月,国家植物园北园,7,7,34
北京,2月,妙峰山玫瑰园（阳台山东大坨）,7,7,23
北京,2月,朝阳公园,7,7,23
北京,2月,莲花池公园,7,7,20
北京,2月,颐和园—团城湖,7,7,23
北京,2月,百望山森林公园,6,15,24
北京,2月,柳荫公园,6,9,21
北京,2月,陶然亭公园,6,7,17
北京,2月,北京市朝阳区望和公园-北园,6,6,17
北京,2月,北海公园小西天,6,6,11
北京,2月,奥森南园,6,6,32
北京,2月,教军场,6,6,28
北京,2月,清华大学,6,6,20
北京,2月,清水河（密云北庄朱家湾段）,6,6,17
北京,2月,永定河（莲石湖首钢园段）,5,8,16
北京,2月,兴隆公园,5,5,13
北京,2月,北京园博园,5,5,26
北京,2月,南海子公园一期,5,5,48
北京,2月,奥林匹克森林公园（奥森）南园-西北部水系（叠水花台、沉水廊道、潜流湿地）,5,5,22
北京,2月,沙河水库沿岸,5,5,38
北京,2月,海淀公园,5,5,24
北京,2月,红领巾公园,5,5,21
北京,2月,西郊雨洪调蓄工程（西郊砂石坑）,5,5,29
北京,2月,野鸭湖国家湿地公园,5,5,4
北京,2月,云岗森林公园,4,4,24
北京,2月,什刹海西海湿地公园（积水潭）,4,4,16
北京,2月,元大都城垣遗址公园-健德门站东南区域,4,4,21
北京,2月,南苑森林湿地公园,4,4,13
北京,2月,大石河（大件路桥段）,4,4,21
北京,2月,密云区太师屯镇小漕村,4,4,14
北京,2月,怀柔水库,4,4,28
北京,2月,明十三陵景区-水库上游河道（锥石口沟）,4,4,16
北京,2月,沙河水库-南岸,4,4,29
北京,2月,沿河城,4,4,29
北京,2月,清河(北京市海淀区),4,4,22
北京,2月,通惠河（双桥-管庄-八里桥段）,4,4,25
北京,2月,通明湖公园,4,4,33
北京,2月,龙潭西湖公园,4,4,26
北京,2月,北京玉渊潭公园,3,20,29
北京,2月,北京环球度假区,3,6,25
北京,2月,北京翠湖湿地公园,3,6,35
北京,2月,宋庄蓄滞洪公园,3,6,27
北京,2月,奥林匹克森林公园北园,3,5,27
北京,2月,中国农业科学院,3,3,12
北京,2月,中山公园,3,3,16
北京,2月,亦庄新城滨河森林公园（凉水河公园）,3,3,32
北京,2月,北京动物园,3,3,16
北京,2月,北京奥林匹克森林公园南园,3,3,10
北京,2月,北京市清河管理处下清河闸管理站,3,3,19
北京,2月,北京西山国家森林公园,3,3,18
北京,2月,北坞公园,3,3,21
北京,2月,北小河公园,3,3,15
北京,2月,十三陵水库,3,3,26
北京,2月,南海子公园二期,3,3,27
北京,2月,口头村(北京市房山区),3,3,35
北京,2月,城市绿心森林公园,3,3,12
北京,2月,大运河森林公园明镜移舟景区休闲长廊,3,3,24
北京,2月,天坛公园-西门外小水坑,3,3,14
北京,2月,太师屯和园公园,3,3,7
北京,2月,崔家窑,3,3,16
北京,2月,昌平七孔桥花海（十三陵水库二坝）,3,3,16
北京,2月,朝阳区庆丰公园,3,3,14
北京,2月,清河之洲,3,3,19
北京,2月,温榆大桥（孙河段）,3,3,33
北京,2月,玉渊潭公园西湖,3,3,32
北京,2月,白河湾自然风景区,3,3,42
北京,2月,红军庄村,3,3,21
北京,2月,雁栖湖景区,3,3,18
北京,2月,顺义新城滨河森林公园二区,3,3,27
北京,2月,香山公园,3,3,18
北京,2月,三星庄后河,2,6,13
北京,2月,太阳宫公园,2,5,15
北京,2月,北京圆明园遗址公园,2,4,32
北京,2月,旺景公园,2,4,20
北京,2月,东单公园,2,3,12
北京,2月,元大都城垣遗址公园,2,3,18
北京,2月,元大都遗址公园,2,3,15
北京,2月,北京市奥林匹克森林公园,2,3,22
北京,2月,奥林匹克森林公园南园,2,3,13
北京,2月,官庄公园,2,3,19
北京,2月,玲珑公园,2,3,12
北京,2月,七孔桥花海主题公园,2,2,11
北京,2月,七渡村,2,2,10
北京,2月,什刹海-前海,2,2,4
北京,2月,什刹海公园（后海）,2,2,17
北京,2月,凉水河大兴段,2,2,20
北京,2月,北京国际雕塑公园-西区,2,2,11
北京,2月,北京大观园,2,2,12
北京,2月,北京温榆河公园,2,2,26
北京,2月,北庄镇,2,2,6
北京,2月,国家植物园南园（中国科学院植物研究所）,2,2,26
北京,2月,地坛公园,2,2,5
北京,2月,大小黄岩河,2,2,6
北京,2月,大运河森林公园-月岛闻莺景区,2,2,18
北京,2月,大运河森林公园柳廊,2,2,18
北京,2月,天安门广场,2,2,1
北京,2月,太师屯世纪体育公园,2,2,13
北京,2月,密云区北京云水种植专业合作社西北(太城路北),2,2,15
北京,2月,密云水库不老屯天文台,2,2,28
北京,2月,小漕村外崖壁及潮河沿岸,2,2,26
北京,2月,广渠路公园,2,2,9
北京,2月,延庆区香水苑公园(东外大街北100米),2,2,12
北京,2月,昌平区沙河巩华城地铁站东100米,2,2,40
北京,2月,昌平区沙河水库西北200米,2,2,42
北京,2月,昌平新城滨河森林公园（沙河巩华城）-公园大湖,2,2,28
北京,2月,明十三陵景区,2,2,14
北京,2月,晓月郊野公园（卢沟桥晓月湖）,2,2,2
北京,2月,水南-桑园-高古庄村,2,2,27
北京,2月,沙河湿地公园望远镜观鸟点,2,2,29
北京,2月,海淀区上庄镇东闸村北沙河,2,2,32
北京,2月,清河大桥东侧河段,2,2,15
北京,2月,温榆河孙河乡,2,2,16
北京,2月,温榆河孙河河段,2,2,25
北京,2月,滨湖万米健身公园(北京市怀柔区),2,2,7
北京,2月,潮河（古北口段）,2,2,18
北京,2月,潮白河（潮汇大桥至云蒙大桥段）,2,2,10
北京,2月,玉渊潭公园东湖东岸,2,2,26
北京,2月,玉渊潭公园樱花湖,2,2,20
北京,2月,白河峡谷,2,2,41
北京,2月,紫竹院公园,2,2,19
北京,2月,绿堤公园,2,2,6
北京,2月,翠明湖,2,2,41
北京,2月,西湖,2,2,11
北京,2月,雍和宫,2,2,11
北京,2月,黑龙关村,2,2,22
北京,2月,龙潭公园（龙潭湖）,2,2,8
北京,2月,中海凯旋,1,10,2
北京,2月,石景山区翠谷玉景苑(玉泉中路南100米),1,7,9
北京,2月,元大都城垣遗址公园（健德门-北土城-安贞门段）,1,4,21
北京,2月,元大都城垣遗址公园（海淀段）,1,3,7
北京,2月,凉水河通州段,1,3,30
北京,2月,北京市通州区漷县镇西定安村,1,3,8
北京,2月,合生·滨江帝景,1,3,7
北京,2月,昌平区沙河北街家园西南100米(42公里绿道西),1,3,6
北京,2月,朝阳区八里桥京贸国际公寓北(京通快速公路北),1,3,8
北京,2月,东洲家园(北京市朝阳区来广营北路88号),1,2,6
北京,2月,中国传媒大学,1,2,5
北京,2月,书山勤径,1,2,15
北京,2月,凉水河（帆船广场附近）,1,2,8
北京,2月,凤港减河,1,2,19
北京,2月,刘庄村小中河,1,2,12
北京,2月,北沙河,1,2,24
北京,2月,大石河,1,2,25
北京,2月,天坛公园-科普园,1,2,1
北京,2月,定慧公园,1,2,3
北京,2月,将府公园,1,2,18
北京,2月,崔家窑湿地公园,1,2,9
北京,2月,昌赤路,1,2,9
北京,2月,朝阳区劲松东方雅苑(西大望路西150米),1,2,8
北京,2月,永定河右堤路,1,2,37
北京,2月,清华大学主楼北侧林地,1,2,11
北京,2月,清河沿岸+奥森北园河西,1,2,23
北京,2月,石龙创新大厦,1,2,1
北京,2月,鹫峰国家森林公园,1,2,13
北京,2月,龙潭中湖,1,2,17
北京,2月,三里河公园,1,1,11
北京,2月,上寺岭,1,1,25
北京,2月,上庄水库(北京市海淀区),1,1,20
北京,2月,东升八家郊野公园,1,1,8
北京,2月,东四六条,1,1,4
北京,2月,东坝郊野公园,1,1,13
北京,2月,东城区 柳荫公园,1,1,3
北京,2月,东城区安定门北京孔庙(官书院胡同西100米),1,1,5
北京,2月,东城区柳荫公园(外馆斜街南),1,1,19
北京,2月,东郊森林公园（华北树木园）,1,1,14
北京,2月,中共中央党校,1,1,13
北京,2月,中国科学院大学雁栖湖校区西区,1,1,1
北京,2月,中国科学院大学（雁栖湖校区）,1,1,9
北京,2月,中坞公园,1,1,5
北京,2月,中门寺生态园(门头沟区中门寺街71号),1,1,5
北京,2月,丰台区洋桥南三环中路71号院北(洋桥南滨河路北),1,1,15
北京,2月,丰台区石榴庄城市休闲森林公园(金桥西街南150米),1,1,10
北京,2月,临河里街道,1,1,1
北京,2月,乐府江南,1,1,1
北京,2月,五河交汇处,1,1,5
北京,2月,五渡桥,1,1,11
北京,2月,五里桥公园,1,1,11
北京,2月,亦庄新城滨河森林公园（枫丹壹号）,1,1,4
北京,2月,亦新公园,1,1,10
北京,2月,京西稻智慧农场（常乐村稻田）,1,1,5
北京,2月,亮马河(北京市朝阳区新源南路6号),1,1,6
北京,2月,人定湖公园,1,1,7
北京,2月,八大处公园,1,1,1
北京,2月,八渡桥,1,1,7
北京,2月,八达岭古长城自然风景区,1,1,2
北京,2月,公社1958创意园,1,1,8
北京,2月,六渡,1,1,6
北京,2月,六郎庄荒地,1,1,5
北京,2月,凉水河丰台段,1,1,6
北京,2月,凉水河公园-三区,1,1,8
北京,2月,凉水河桥,1,1,2
北京,2月,凉水河经开区段,1,1,24
北京,2月,凉水河（张家湾段）,1,1,6
北京,2月,凉水河（通明湖公园附近）,1,1,17
北京,2月,减河公园,1,1,8
北京,2月,分钟寺,1,1,8
北京,2月,北京云水种植专业合作社,1,1,5
北京,2月,北京交通大学,1,1,7
北京,2月,北京农学院,1,1,13
北京,2月,北京凤凰岭景区,1,1,1
北京,2月,北京动物园-水禽湖,1,1,8
北京,2月,北京动物园东区,1,1,11
北京,2月,北京华文学院(北京市昌平区七北路69号),1,1,17
北京,2月,北京协和医院(东院),1,1,6
北京,2月,北京古代建筑博物馆,1,1,8
北京,2月,北京园博园-园博功能湿地,1,1,1
北京,2月,北京城市学院(航天城校区),1,1,6
北京,2月,北京城市绿心森林公园,1,1,15
北京,2月,北京外国语大学,1,1,13
北京,2月,北京大学肖家河教工住宅(北京市海淀区),1,1,9
北京,2月,北京大学荷花池（中水池）,1,1,13
北京,2月,北京奥林匹克公园仰山河东岸玲珑塔至奥林匹克塔,1,1,2
北京,2月,北京小汤山现代农业科技示范园(昌平区),1,1,10
北京,2月,北京展览馆后湖,1,1,11
北京,2月,北京市密云区朱家湾村清水河,1,1,25
北京,2月,北京市海淀区科春社区87号楼,1,1,2
北京,2月,北京市玉渊潭公园,1,1,18
北京,2月,北京市通州区北运河榆林庄至杨洼闸段,1,1,11
北京,2月,北京市门头沟区,1,1,1
北京,2月,北京市顺义区潮白河森林公园,1,1,5
北京,2月,北京师范大学附属实验中学,1,1,1
北京,2月,北京沙河水库,1,1,4
北京,2月,北京温榆河公园-西园,1,1,23
北京,2月,北京理工大学,1,1,2
北京,2月,北京知识产权法院,1,1,5
北京,2月,北京石刻艺术博物馆,1,1,9
北京,2月,北京科技大学,1,1,1
北京,2月,北京经开·芯中心,1,1,1
北京,2月,北京西郊机场,1,1,1
北京,2月,北土城东路元大都遗址公园,1,1,11
北京,2月,北宫国家森林公园,1,1,10
北京,2月,北张岱,1,1,21
北京,2月,北海公园-白塔,1,1,5
北京,2月,北科建水岸雁栖,1,1,12
北京,2月,北辰中心花园小微湿地,1,1,3
北京,2月,北运河（漷县段）,1,1,30
北京,2月,十一学校魔术林,1,1,1
北京,2月,十三陵镇东沙河沿岸,1,1,21
北京,2月,十渡樱桃民宿北,1,1,7
北京,2月,半坡及附近街区,1,1,5
北京,2月,南堤桥西南74米,1,1,1
北京,2月,南沙河,1,1,8
北京,2月,南沙河-沙河镇集体林场,1,1,15
北京,2月,南沙河翠湖南路,1,1,7
北京,2月,南海子公园-麋鹿苑,1,1,24
北京,2月,南礼士路公园,1,1,7
北京,2月,卢沟新桥,1,1,1
北京,2月,古崖居风景名胜区,1,1,2
北京,2月,唐指山水库,1,1,17
北京,2月,国家大剧院,1,1,11
北京,2月,国家植物园,1,1,14
北京,2月,国家植物园-樱桃沟,1,1,30
北京,2月,国家植物园北园-绚秋苑,1,1,13
北京,2月,国家自然博物馆南,1,1,18
北京,2月,圆明园遗址公园-福海,1,1,41
北京,2月,圆明园遗址公园后湖,1,1,29
北京,2月,圆明园遗址公园绮春园景区,1,1,34
北京,2月,夏都公园,1,1,5
北京,2月,大兴区亦庄博大公园(科慧大道北),1,1,8
北京,2月,大兴区亦庄旭东嘉园上海沙龙(荣京北小街西150米),1,1,6
北京,2月,大狼垈公园,1,1,13
北京,2月,大黄岩河西南(Y351),1,1,21
北京,2月,天坛公园-北门魔术林,1,1,1
北京,2月,天坛公园-祈年殿,1,1,2
北京,2月,天宁寺桥,1,1,16
北京,2月,太师屯和园公园清水河,1,1,6
北京,2月,奥林匹克森林公园北园-北门,1,1,12
北京,2月,奥林匹克森林公园南园林泉高致,1,1,20
北京,2月,奥林匹克森林公园（奥森）南园-奥海西侧,1,1,23
北京,2月,奥林匹克森林公园（奥森）南园-洼里湖,1,1,17
北京,2月,奥森北园河东,1,1,18
北京,2月,奥运村北京奥林匹克公园(天辰东路),1,1,4
北京,2月,妙峰山森林公园玫瑰谷,1,1,31
北京,2月,妙峰山风景名胜区（金顶娘娘庙，非观鸟常去的玫瑰园）,1,1,17
北京,2月,学各庄村(北京市密云区),1,1,20
北京,2月,安贞门水闸涵洞,1,1,11
北京,2月,官园公园,1,1,5
北京,2月,定龙路,1,1,5
北京,2月,宛平湖,1,1,11
北京,2月,宛平湖大宁水库乐活中堤永定河废弃河道,1,1,1
北京,2月,宣武艺园,1,1,4
北京,2月,密云区太师屯镇芦各庄,1,1,4
北京,2月,密云区山里乐活(Y351北),1,1,8
北京,2月,密云区恒大上河院北300米(右堤路北),1,1,15
北京,2月,密云区白河城市森林公园(新西路东),1,1,20
北京,2月,密云区调节池东南100米(滨河路南),1,1,4
北京,2月,密云新城滨河森林公园,1,1,13
北京,2月,小中河,1,1,20
北京,2月,小槽村猫猫地点,1,1,5
北京,2月,巩华城半岛（北沙河南岸）,1,1,25
北京,2月,平谷区马坊镇张岱辛撞村,1,1,8
北京,2月,幽州大峡谷,1,1,12
北京,2月,广场东侧路南安检04(含团队安检),1,1,1
北京,2月,延寿寺景区,1,1,3
北京,2月,延庆稻田,1,1,13
北京,2月,怀柔区北京宽沟会议中心北50米(台关路北),1,1,16
北京,2月,怀柔区北京怀柔山水人家(辛桃路店)东南200米,1,1,16
北京,2月,怀柔区喇叭沟门满族乡中心小学西北(庄喇路北),1,1,9
北京,2月,怀柔区四渡河村委会(渤三路),1,1,12
北京,2月,怀柔区栗花沟起点露营地西100米(渤三路南),1,1,3
北京,2月,怀柔区箭扣长城,1,1,1
北京,2月,怀柔城市森林公园,1,1,11
北京,2月,怀柔滨河森林公园,1,1,17
北京,2月,房山区乐活中堤东400米,1,1,2
北京,2月,房山区窦店镇京港澳高速(丁各庄村),1,1,1
北京,2月,房山区长阳北京九子河,1,1,11
北京,2月,房山新城滨水森林公园（小清河公园）,1,1,9
北京,2月,新东方南楼,1,1,2
北京,2月,新凤河健康绿道,1,1,12
北京,2月,新首钢大桥,1,1,4
北京,2月,日坛公园,1,1,7
北京,2月,昌平区沙河丽春湖院子东(于辛庄路南),1,1,42
北京,2月,昌平区沙河翠明湖(42公里绿道南150米),1,1,16
北京,2月,昌平区沙河领秀慧谷D2区南(辛庄桥东北),1,1,8
北京,2月,昌平區沙河翠明湖,1,1,24
北京,2月,昌平新城滨河森林公园-滨水走廊,1,1,31
北京,2月,明十三陵风景区,1,1,5
北京,2月,明思宗殉国处,1,1,7
北京,2月,望京西园1区,1,1,5
北京,2月,朝阳区八里桥,1,1,11
北京,2月,朝阳区兴会公园东会区(惠河北街),1,1,10
北京,2月,朝阳区十里堡阳光新城市广场,1,1,1
北京,2月,朝阳区外环闸桥北(清河绿道西),1,1,17
北京,2月,朝阳区奥运村奥园体育俱乐部(清河路南),1,1,20
北京,2月,朝阳区杜仲公园(双园路南),1,1,10
北京,2月,朝阳区西坝河冠城大通澜石(冠城大厦南)南,1,1,4
北京,2月,松香湖,1,1,10
北京,2月,栖山小墅二号院精品民宿东84米,1,1,6
北京,2月,榆林庄闸管理站,1,1,1
北京,2月,水岸庄园10号楼（沙河北岸）,1,1,34
北京,2月,水岸雁栖,1,1,9
北京,2月,永兴河,1,1,3
北京,2月,永兴河湿地公园,1,1,1
北京,2月,永定河休闲森林公园,1,1,24
北京,2月,永顺城市公园,1,1,5
北京,2月,汤河口镇,1,1,2
北京,2月,沙峪,1,1,5
北京,2月,沙河-沙河南岸,1,1,29
北京,2月,沙河北岸,1,1,16
北京,2月,沙河南岸,1,1,23
北京,2月,沙河昌平新城滨河森林公园滨水走廊东北500米,1,1,29
北京,2月,沙河水库巩华城半岛,1,1,17
北京,2月,沙河湿地公园,1,1,18
北京,2月,河边小院(北京市怀柔区郭卧路怀沙河旁),1,1,11
北京,2月,法海寺森林公园,1,1,7
北京,2月,泥河村,1,1,4
北京,2月,海淀区天作国际中心(中关村南大街东),1,1,1
北京,2月,海淀区河道管理所五七水库管理站(七王坟路北),1,1,12
北京,2月,海淀区西北旺中国银行城市森林公园(马连洼西路东),1,1,17
北京,2月,海淀区西北旺镇武家庄（中关村森林公园南区）,1,1,1
北京,2月,清华大学校河沿岸,1,1,12
北京,2月,清河-两岸,1,1,18
北京,2月,清河营郊野公园,1,1,16
北京,2月,清源公园,1,1,10
北京,2月,温榆河,1,1,27
北京,2月,温榆河未来科学城段及周边,1,1,26
北京,2月,滨河森林公园-沙河水库,1,1,7
北京,2月,潭柘寺,1,1,3
北京,2月,潮白河（白马路向阳闸桥段）,1,1,12
北京,2月,火车乐园,1,1,5
北京,2月,灵山洪水口村,1,1,9
北京,2月,燕化星城,1,1,1
北京,2月,玉东郊野公园,1,1,26
北京,2月,玉渊潭公园万萍荷香,1,1,13
北京,2月,玉渊潭公园中堤桥,1,1,30
北京,2月,王家窝铺,1,1,8
北京,2月,王家窝铺北199米,1,1,5
北京,2月,王平湿地,1,1,18
北京,2月,玫瑰园,1,1,8
北京,2月,玫瑰里公园,1,1,8
北京,2月,琉璃河湿地公园,1,1,11
北京,2月,甘棠大桥,1,1,24
北京,2月,白河湾,1,1,18
北京,2月,白瀑寺,1,1,2
北京,2月,白虎头村,1,1,13
北京,2月,百望山森林公园春季猛禽观测点,1,1,16
北京,2月,石景山南麓停车场(秀池西街北),1,1,5
北京,2月,第四次世界妇女大会纪念公园,1,1,4
北京,2月,红军庄村(北京市怀柔区),1,1,6
北京,2月,绿海运动公园,1,1,9
北京,2月,翠湖国家城市湿地公园,1,1,7
北京,2月,老山城市休闲公园,1,1,12
北京,2月,老龙窝,1,1,4
北京,2月,航天长峰大楼(永定路),1,1,1
北京,2月,船营公园,1,1,7
北京,2月,花家地公园,1,1,8
北京,2月,花果山景区(房山区涞宝路十渡风景区),1,1,7
北京,2月,荷清园公园,1,1,9
北京,2月,营房村村民委员会,1,1,7
北京,2月,萧太后河（田家府段）,1,1,15
北京,2月,裕陵村,1,1,20
北京,2月,西湖园,1,1,3
北京,2月,西玉河雨水湿地公园,1,1,14
北京,2月,西苑交通枢纽,1,1,2
北京,2月,西长安街,1,1,6
北京,2月,转河小憩园,1,1,4
北京,2月,辛庄桥潮河河道,1,1,15
北京,2月,远洋山水北区,1,1,2
北京,2月,通州区台湖镇外郎营村,1,1,1
北京,2月,通州区土桥华远·铭悦好天地(砖厂南二街南),1,1,1
北京,2月,通州区宋庄镇摇不动村,1,1,2
北京,2月,通州区汇天云端产业园东50米(寨草路西),1,1,8
北京,2月,通惠河(新八里桥-八里桥市场),1,1,6
北京,2月,金海湖风景区,1,1,10
北京,2月,银枫秋实景区-风行芦苇荡,1,1,26
北京,2月,镇辽门东,1,1,1
北京,2月,长辛店街道玉皇庄小区,1,1,4
北京,2月,门头沟区塔岭沟新桥西400米(京拉线北),1,1,8
北京,2月,门头沟区妙峰山镇X002(妙峰山玫瑰梯田观景平台),1,1,8
北京,2月,门头沟小龙门林场,1,1,9
北京,2月,青年之家公寓,1,1,7
北京,2月,青白口村(北京市门头沟区),1,1,10
北京,2月,青白居旅游度假村,1,1,12
北京,2月,青龙湖,1,1,10
北京,2月,顺义区东郊湿地公园(通顺路西),1,1,11
北京,2月,顺义新城滨河公园二区,1,1,24
北京,2月,顺义新城滨河森林公园（潮白河）,1,1,17
北京,2月,顺义滨河森林公园,1,1,4
北京,2月,领秀新硅谷D区,1,1,1
北京,2月,颐和园-昆明湖,1,1,1
北京,2月,飞达社区,1,1,2
北京,2月,首都医科大学-南门,1,1,6
北京,2月,首都机场,1,1,5
北京,2月,马场,1,1,3
北京,2月,鲁谷路七十四号院情报所宿舍,1,1,8
北京,2月,齐物潭,1,1,11
北京,2月,龙潭中湖公园,1,1,17
北京,2月,龙潭公园,1,1,11
北京,2月,龙王庙,1,1,1
北京,2月,龙神庙,1,1,12
北京,3月,北京玉渊潭公园,144,210,45
北京,3月,颐和园,136,176,53
北京,3月,国家植物园北园,76,84,39
北京,3月,北京沙河水库,66,82,55
北京,3月,琉璃河湿地公园,62,67,39
北京,3月,西郊雨洪调蓄工程/西郊砂石坑,59,65,19
北京,3月,北京南海子公园,57,62,36
北京,3月,百望山森林公园,56,78,41
北京,3月,北京圆明园遗址公园,50,63,49
北京,3月,乐活中堤,50,56,47
北京,3月,西郊砂石坑公园,49,53,23
北京,3月,宛平湖大宁水库乐活中堤永定河废弃河道,46,61,61
北京,3月,昌平新城滨河森林公园巩华城半岛,46,61,51
北京,3月,巩华城半岛（北沙河南岸）,40,44,55
北京,3月,北京天坛公园,39,49,29
北京,3月,野鸭湖湿地公园,39,40,63
北京,3月,玉渊潭公园,37,48,34
北京,3月,奥森南园,34,39,35
北京,3月,元大都遗址公园,32,42,20
北京,3月,沙河水库,27,29,43
北京,3月,大宁水库-乐活中堤（即滞洪水库）-废弃河道,25,30,58
北京,3月,北京密云水库,25,25,67
北京,3月,密云区太师屯镇小漕村,24,28,51
北京,3月,康西草原马场,23,24,38
北京,3月,官厅水库（野鸭湖-康西草原-马场沿线）,22,22,68
北京,3月,颐和园—团城湖,20,22,33
北京,3月,奥森北园,19,24,26
北京,3月,天坛公园,19,20,24
北京,3月,北京奥林匹克森林公园南园,18,22,34
北京,3月,右堤路,18,19,32
北京,3月,顺义新城滨河森林公园二区,18,18,27
北京,3月,北京市密云区朱家湾村清水河,17,17,48
北京,3月,妙峰山,17,17,24
北京,3月,北京大学,16,38,35
北京,3月,朝阳公园,16,17,25
北京,3月,北京市通州区北运河,16,16,29
北京,3月,沙河水库-北岸,15,15,44
北京,3月,奥林匹克森林公园南园,14,15,29
北京,3月,清华大学,14,15,29
北京,3月,西郊砂石坑公园(北京市海淀区),14,15,23
北京,3月,圆明园遗址公园,14,14,38
北京,3月,北京动物园,13,18,26
北京,3月,大运河森林公园,13,15,31
北京,3月,玉渊谭公园,13,14,29
北京,3月,奥林匹克森林公园北园,12,15,32
北京,3月,念坛公园,12,15,39
北京,3月,北庄镇,12,13,31
北京,3月,奥林匹克森林公园（奥森）南园,12,12,35
北京,3月,妙峰山森林公园玫瑰谷,12,12,26
北京,3月,小漕村,12,12,25
北京,3月,顺义区仁和镇光明街道,12,12,28
北京,3月,滨河森林公园-沙河水库,11,13,40
北京,3月,南海子一期,11,11,22
北京,3月,密云清水河,11,11,22
北京,3月,马家湾湿地公园,10,26,30
北京,3月,云岗森林公园,10,14,21
北京,3月,紫竹院公园,10,11,17
北京,3月,马场和野鸭湖国家湿地公园,10,11,61
北京,3月,北京海淀玉渊潭公园,10,10,26
北京,3月,北海公园,10,10,17
北京,3月,宛平湖,10,10,26
北京,3月,密云水库不老屯天文台,10,10,28
北京,3月,马场,10,10,64
北京,3月,延庆区野鸭湖国家湿地公园(康野路西),9,9,45
北京,3月,颐和园-团城湖,9,9,34
北京,3月,潮白河-云蒙大桥至学府西桥段,8,13,20
北京,3月,北京市丰台区绿堤公园宛平湖,8,9,44
北京,3月,宛平湖-大宁水库,8,8,48
北京,3月,百望山猛禽观测点,8,8,25
北京,3月,野鸭湖马场,8,8,67
北京,3月,北京翠湖湿地公园,7,30,42
北京,3月,官庄公园,7,17,24
北京,3月,玉渊潭公园东湖东岸,7,10,18
北京,3月,西郊沙石坑,7,8,16
北京,3月,顺义潮白河滨河森林公园,7,8,22
北京,3月,颐和园团城湖,7,8,28
北京,3月,中山公园,7,7,14
北京,3月,云蒙大桥,7,7,22
北京,3月,北京市清河管理处下清河闸管理站,7,7,13
北京,3月,十渡,7,7,21
北京,3月,宋庄蓄滞洪区二期,7,7,21
北京,3月,密云水库,7,7,57
北京,3月,房山新城滨水森林公园,6,14,31
北京,3月,沮沟桥,6,12,33
北京,3月,北京园博园,6,11,40
北京,3月,中国科学院大学雁栖湖校区西区,6,6,18
北京,3月,官厅水库,6,6,81
北京,3月,密云区太师屯镇泉河,6,6,16
北京,3月,巩华城半岛,6,6,33
北京,3月,白浮泉公园,6,6,24
北京,3月,辛庄桥,6,6,34
北京,3月,通州区西集镇苏庄村,6,6,25
北京,3月,青白口桥,6,6,9
北京,3月,顺义滨河森林公园,6,6,37
北京,3月,北京市玉渊潭公园,5,8,41
北京,3月,海淀区玉渊潭公园,5,7,33
北京,3月,西郊砂石坑,5,7,28
北京,3月,东小口森林公园,5,6,21
北京,3月,北土城东路元大都遗址公园,5,6,20
北京,3月,海淀公园,5,6,24
北京,3月,东大坨(玫瑰园环路),5,5,21
北京,3月,东灵山,5,5,26
北京,3月,元大都城垣遗址公园,5,5,13
北京,3月,北京市国家植物园,5,5,30
北京,3月,南海子二期东南,5,5,36
北京,3月,南海子公园,5,5,26
北京,3月,国家植物园,5,5,27
北京,3月,奥林匹克森林公园南园(北京市朝阳区),5,5,32
北京,3月,密云水库周边,5,5,46
北京,3月,昌平区沙河巩华城地铁站东北150米,5,5,33
北京,3月,昌平十三陵水库,5,5,58
北京,3月,沙河湿地公园,5,5,15
北京,3月,苏庄村,5,5,17
北京,3月,颐和园-西门,5,5,35
北京,3月,龙潭中湖,4,7,18
北京,3月,北京市通州区北运河榆林庄至杨洼闸段,4,6,29
北京,3月,北京西山国家森林公园,4,5,13
北京,3月,南苑森林湿地公园,4,5,20
北京,3月,故宫博物院,4,5,15
北京,3月,颐和园-昆明湖团城湖,4,5,43
北京,3月,北京奥森公园,4,4,20
北京,3月,北京市北京市海淀区玉渊潭公园,4,4,21
北京,3月,北京市大兴区南海子公园一期,4,4,35
北京,3月,北京市百望山森林公园,4,4,25
北京,3月,北京温榆河公园-东园,4,4,15
北京,3月,国家植物园南园,4,4,12
北京,3月,圆明园,4,4,24
北京,3月,圆明园遗址公园(海淀区清华西路28号),4,4,33
北京,3月,妙峰山玫瑰园（阳台山东大坨）,4,4,16
北京,3月,妙峰山玫瑰梯田观景平台,4,4,15
北京,3月,宋庄蓄滞洪公园,4,4,25
北京,3月,密云北庄清水河(密云区芦北公路南50米),4,4,4
北京,3月,密云水库大小曹村库滨带,4,4,34
北京,3月,小漕村外崖壁及潮河沿岸,4,4,7
北京,3月,幽州大峡谷(北京市门头沟区沿河城附近),4,4,24
北京,3月,房山大石河,4,4,26
北京,3月,朝阳区元大都遗址公园,4,4,19
北京,3月,柳荫公园,4,4,14
北京,3月,沙河水库南沙河,4,4,38
北京,3月,清河南镇至下清河水闸东边河道,4,4,17
北京,3月,潮白河,4,4,43
北京,3月,潮白河大桥,4,4,19
北京,3月,百望山森林公园春季猛禽观测点,4,4,11
北京,3月,百望山森林公园黑山头,4,4,20
北京,3月,绿堤公园（宛平湖）,4,4,18
北京,3月,通州区张家湾镇沙古堆村,4,4,21
北京,3月,颐和园公园,4,4,32
北京,3月,香山公园,4,4,20
北京,3月,北京大学医学部,3,10,18
北京,3月,红领巾公园,3,10,26
北京,3月,中国人民大学,3,7,11
北京,3月,将府公园,3,7,12
北京,3月,东郊湿地公园,3,6,28
北京,3月,北京建筑大学,3,6,14
北京,3月,凤港减河,3,5,42
北京,3月,旺景公园,3,5,13
北京,3月,农展馆,3,4,19
北京,3月,凉水河丰台段,3,4,19
北京,3月,北京市奥林匹克森林公园,3,4,23
北京,3月,北京昌平区沙河水库南岸,3,4,34
北京,3月,庄怡公园,3,4,13
北京,3月,房山新城滨水森林公园湿地展示区,3,4,34
北京,3月,日坛公园,3,4,12
北京,3月,昌平区沙河翠明湖,3,4,33
北京,3月,玉渊潭公园-l,3,4,13
北京,3月,雁栖湖,3,4,11
北京,3月,中国科学院大学（雁栖湖）,3,3,5
北京,3月,什刹海西海湿地公园,3,3,15
北京,3月,北京动物园园内,3,3,15
北京,3月,北京市东城区天坛公园,3,3,20
北京,3月,北京市海淀区北京植物园,3,3,21
北京,3月,北京市顺义区潮白河森林公园,3,3,7
北京,3月,北京朝阳公园,3,3,25
北京,3月,北京野鸭湖湿地公园,3,3,40
北京,3月,北运河通州段,3,3,18
北京,3月,南海子麋鹿苑,3,3,35
北京,3月,国家天文台密云站,3,3,18
北京,3月,地坛公园,3,3,14
北京,3月,大兴区南海子公园南海子牡丹园西(公园南环路北),3,3,18
北京,3月,大宁水库-乐活中堤-永定河道,3,3,33
北京,3月,大运河森林公园-西7门,3,3,32
北京,3月,天坛公园科普园,3,3,20
北京,3月,太阳宫公园,3,3,13
北京,3月,宋庄蓄滞洪区-二期,3,3,25
北京,3月,宛平湖西岸,3,3,36
北京,3月,宣武艺园,3,3,13
北京,3月,景山公园,3,3,13
北京,3月,朝阳区朝阳公园(野鸭岛),3,3,13
北京,3月,榆林庄东闸桥,3,3,19
北京,3月,榆林庄闸上游200米,3,3,16
北京,3月,沙河,3,3,30
北京,3月,沙河北岸,3,3,51
北京,3月,沙河昌平新城滨河森林公园,3,3,31
北京,3月,海淀区北京市城市河湖管理处清河闸管理站,3,3,11
北京,3月,海淀区颐和园团城湖及附近,3,3,35
北京,3月,清河大桥东侧河段,3,3,7
北京,3月,温榆河左堤路沿河绿道,3,3,24
北京,3月,潞城镇夏店,3,3,24
北京,3月,灵山自然风景区,3,3,9
北京,3月,牛口峪水库,3,3,30
北京,3月,牛口峪湿地公园,3,3,30
北京,3月,玉渊潭 公园,3,3,16
北京,3月,白马路潮白河,3,3,31
北京,3月,百望山森林公园猛禽监测春季点,3,3,26
北京,3月,砂石坑,3,3,18
北京,3月,绿堤公园,3,3,23
北京,3月,营房村,3,3,3
北京,3月,西郊蓄水工程-砂石坑,3,3,15
北京,3月,辛庄桥潮河河道,3,3,15
北京,3月,门头沟区龙门涧风景区南600米(双大路),3,3,11
北京,3月,陶然亭公园,3,3,18
北京,3月,顺义区京承潮白河桥南300米(左堤路北),3,3,4
北京,3月,顺义新城滨河森林公园,3,3,18
北京,3月,龙潭公园,3,3,9
北京,3月,北京环球度假区,2,11,19
北京,3月,马驹桥湿地公园-一期,2,8,32
北京,3月,中国农业大学(西校区),2,7,11
北京,3月,中国地质大学(北京),2,7,10
北京,3月,东郊森林公园华北树木园(北京市通州区),2,6,14
北京,3月,海淀区玉东园(颐和园西门路北150米),2,6,8
北京,3月,日坛公园(北京市朝阳区日坛北路6号),2,5,14
北京,3月,北京教学植物园,2,4,19
北京,3月,四得公园(北京市朝阳区将台西路9号),2,4,12
北京,3月,崔家窑,2,4,20
北京,3月,水衙沟万丰公园,2,4,20
北京,3月,通州区大宗高尔夫俱乐部东南300米,2,4,28
北京,3月,龙潭西湖公园,2,4,21
北京,3月,三星庄后河,2,3,18
北京,3月,中国科学院古脊椎动物与古人类研究所(西直门外大街辅路),2,3,6
北京,3月,北京大学附属中学,2,3,6
北京,3月,北京大观园,2,3,10
北京,3月,北京林业大学,2,3,8
北京,3月,北长河,2,3,27
北京,3月,大兴区南海子公园二期,2,3,30
北京,3月,天宁寺桥,2,3,15
北京,3月,怀柔城市森林公园,2,3,19
北京,3月,新首钢大桥,2,3,24
北京,3月,月坛公园,2,3,11
北京,3月,汉石桥湿地自然保护区,2,3,14
北京,3月,沙河昌平新城滨河森林公园(巩华城半岛外周边),2,3,27
北京,3月,沙河水库南岸沿线,2,3,24
北京,3月,罗马湖公园,2,3,10
北京,3月,长城脚下的公社(北京市延庆区),2,3,15
北京,3月,颐和园西堤,2,3,17
北京,3月,下东路,2,2,14
北京,3月,不老屯天文台,2,2,17
北京,3月,东城区龙潭公园,2,2,15
北京,3月,中关村森林公园,2,2,17
北京,3月,中国传媒大学,2,2,9
北京,3月,丰台区绿堤公园西南100米(X002南),2,2,24
北京,3月,丰台大兴永定河沿岸,2,2,22
北京,3月,京城森林公园(北京市朝阳区),2,2,17
北京,3月,元大都城垣遗址公园(安贞西里小区北)大都建典,2,2,16
北京,3月,元大都城垣遗址公园东土城沟,2,2,14
北京,3月,北京北海公园,2,2,7
北京,3月,北京工业大学,2,2,16
北京,3月,北京市密云区朱家湾密羽步道,2,2,17
北京,3月,北京市朝阳区兴隆公园,2,2,11
北京,3月,北京市海淀区阜成路南5号,2,2,15
北京,3月,北京植物园(北京市海淀区香山路),2,2,10
北京,3月,北京百望山森林公园,2,2,27
北京,3月,北京野生动物救护繁育中心,2,2,12
北京,3月,北坞公园,2,2,27
北京,3月,北宫国家森林公园,2,2,21
北京,3月,北小河公园,2,2,15
北京,3月,北沙河及巩华城半岛,2,2,30
北京,3月,北辰中心花园小微湿地,2,2,8
北京,3月,北运河,2,2,21
北京,3月,千灵山,2,2,6
北京,3月,南海子公园(北京市大兴区),2,2,39
北京,3月,南海子公园二期,2,2,26
北京,3月,南海子公园二期西湖,2,2,32
北京,3月,古北水镇,2,2,13
北京,3月,哥伦比亚大使馆,2,2,8
北京,3月,国家植物园北园-东南门,2,2,22
北京,3月,圆明园黑天鹅观赏区(北京市海淀区),2,2,13
北京,3月,土城沟水系,2,2,8
北京,3月,城市绿心森林公园,2,2,26
北京,3月,大兴区南海子公园(公园南环路北400米),2,2,32
北京,3月,大小黄岩河,2,2,4
北京,3月,大运河森林公园武窑桥西北,2,2,4
北京,3月,天坛公园(北京市东城区天坛东路甲1号),2,2,17
北京,3月,奥林匹克森林公园（奥森）全域,2,2,25
北京,3月,妙峰山玫瑰园,2,2,14
北京,3月,官地村,2,2,10
北京,3月,密云区北庄镇石门,2,2,7
北京,3月,密云区太师屯村,2,2,16
北京,3月,密云区实验林场东600米,2,2,38
北京,3月,小清河,2,2,9
北京,3月,小马头(北京市通州区),2,2,25
北京,3月,局里村,2,2,34
北京,3月,山憩水畔露营基地,2,2,38
北京,3月,幽州大峡谷,2,2,22
北京,3月,延庆区康庄镇S217(大岛),2,2,13
北京,3月,御康公园,2,2,5
北京,3月,念坛公园漪柳微香西南,2,2,26
北京,3月,怀柔水库,2,2,31
北京,3月,慕田峪长城国家级旅游景区,2,2,13
北京,3月,房山区佛子庄乡教军场,2,2,10
北京,3月,房山区牛口峪水库,2,2,19
北京,3月,昌平区沙河巩华城地铁站东50米,2,2,24
北京,3月,昌平新城滨河森林公园,2,2,24
北京,3月,昌平滨河森林公园,2,2,34
北京,3月,晓月湖,2,2,11
北京,3月,朝阳区奥运村奥林匹克森林公园(清河路南300米),2,2,9
北京,3月,朝阳区庆丰公园,2,2,9
北京,3月,朝阳区温榆河公园3号门西北100米(滨河路北),2,2,15
北京,3月,朱家湾村,2,2,8
北京,3月,朱家湾清水河,2,2,7
北京,3月,沙河巩华城半岛周边,2,2,20
北京,3月,沙河水库北岸,2,2,46
北京,3月,沙河水库南岸近沙河闸,2,2,16
北京,3月,沙河水库（北沙河南岸）,2,2,9
北京,3月,沙河沙河,2,2,38
北京,3月,河槽村(北京市密云区十里堡镇),2,2,35
北京,3月,海子(北京市大兴区),2,2,17
北京,3月,海淀区西湖西北200米(西堤南),2,2,3
北京,3月,清水河太师屯高速桥以下段,2,2,8
北京,3月,清河之源,2,2,12
北京,3月,清河南镇[公交站],2,2,1
北京,3月,潮汇大桥,2,2,11
北京,3月,点兵台[公交站],2,2,37
北京,3月,玫瑰园,2,2,7
北京,3月,白河大峡谷,2,2,13
北京,3月,百望山猛禽点,2,2,27
北京,3月,绿堤公园(北京市丰台区永定河畔),2,2,30
北京,3月,荷清园公园,2,2,7
北京,3月,虎峪自然风景区,2,2,15
北京,3月,西城区北京动物园畅观楼(五塔寺路南),2,2,18
北京,3月,通州区北京市北运河管理处榆林庄闸管理所北,2,2,13
北京,3月,通州区宋庄文化公园(疃里新村路南200米),2,2,16
北京,3月,通州区西集镇沙古堆村,2,2,5
北京,3月,通州大运河森林公园,2,2,27
北京,3月,通明湖公园,2,2,24
北京,3月,野鸭湖国家湿地公园,2,2,27
北京,3月,金融街中心广场,2,2,2
北京,3月,顺义区市民亲水垂钓区西100米(左堤路南),2,2,27
北京,3月,颐和园(团城湖区域),2,2,24
北京,3月,颐和园团城湖及周边,2,2,35
北京,3月,马家湾湿地公园附近,2,2,12
北京,3月,麋鹿苑北京市大兴区,2,2,31
北京,3月,黑山头,2,2,21
北京,3月,绮春园,1,21,32
北京,3月,百望山282,1,13,16
北京,3月,凉水河通州段,1,9,25
北京,3月,槐树岭四号院,1,8,17
北京,3月,马驹桥湿地公园-二期,1,8,29
北京,3月,北京师范大学附属实验中学,1,7,7
北京,3月,十一学校魔术林,1,7,48
北京,3月,海淀区万泉河北京市第十九中学(东校区),1,6,5
北京,3月,北京朝来森林公园,1,5,22
北京,3月,妫水（北关相思公园段）2,1,5,24
北京,3月,树村郊野公园,1,5,18
北京,3月,通州区宋庄镇榆东一街社区,1,5,5
北京,3月,颐和园南湖岛,1,5,17
北京,3月,万丰公园,1,4,11
北京,3月,北京市园林绿化科学研究院,1,4,12
北京,3月,四得公园,1,4,15
北京,3月,大宁水库-乐活中堤,1,4,33
北京,3月,平谷区泃河东门桥,1,4,34
北京,3月,首都师范大学,1,4,6
北京,3月,丰台区绿堤公园西南500米,1,3,20
北京,3月,丰台区莲花池公园(莲花池南路北200米),1,3,22
北京,3月,乐府江南,1,3,7
北京,3月,北京翠湖湿地公园(北京市海淀区),1,3,19
北京,3月,合生·滨江帝景,1,3,6
北京,3月,定慧公园,1,3,10
北京,3月,平谷区泃河西沥津桥,1,3,17
北京,3月,平谷区泃河音乐环岛西侧,1,3,27
北京,3月,房山区玉棠公园(良泽街东50米),1,3,7
北京,3月,月坛,1,3,10
北京,3月,水南-桑园-高古庄村,1,3,16
北京,3月,沙河水库西岸,1,3,33
北京,3月,海淀区苏家坨镇土桥柳林河,1,3,19
北京,3月,玉渊潭公园八一湖,1,3,27
北京,3月,百里画廊宾榔沟和黄木沟,1,3,6
北京,3月,金盏森林公园,1,3,13
北京,3月,首都经济贸易大学(花乡张家路口121号),1,3,8
北京,3月,上庄镇西马坊村,1,2,13
北京,3月,东洲家园(北京市朝阳区来广营北路88号),1,2,6
北京,3月,中国人民大学附属中学（人大附中本部）,1,2,10
北京,3月,中国环境科学研究院,1,2,17
北京,3月,中国石油大学(北京),1,2,11
北京,3月,京郊大地庄园,1,2,20
北京,3月,亮马河（护城河-三环路段）,1,2,11
北京,3月,凉水河经开区河段,1,2,11
北京,3月,北京动物园水禽湖,1,2,1
北京,3月,北京小学(翡翠城分校),1,2,7
北京,3月,北京市昌平区沙河水库,1,2,28
北京,3月,北京市海淀区人北实验学校,1,2,31
北京,3月,北京师范大学,1,2,16
北京,3月,北京师范大学家属区,1,2,1
北京,3月,北京景山学校,1,2,7
北京,3月,北京理工大学,1,2,12
北京,3月,北京麋鹿苑,1,2,35
北京,3月,北小河,1,2,21
北京,3月,十一学校小水坑鸟类监测点,1,2,8
北京,3月,南长河公园,1,2,16
北京,3月,大宁水库/绿堤公园,1,2,26
北京,3月,奥森北园河西,1,2,22
北京,3月,密云清水河+潮河,1,2,6
北京,3月,巴沟山水园,1,2,6
北京,3月,平谷区泃河马坊镇泃河一桥,1,2,15
北京,3月,怀柔滨河森林公园,1,2,13
北京,3月,怀河及其沿岸,1,2,20
北京,3月,护城河,1,2,14
北京,3月,文化园,1,2,16
北京,3月,新凤河,1,2,19
北京,3月,昌平区沙河水库大坝西侧,1,2,31
北京,3月,昌平沙河水库北岸,1,2,11
北京,3月,李兆基科技大楼,1,2,1
北京,3月,永定路街道,1,2,6
北京,3月,沙子营闸,1,2,2
北京,3月,海淀区上庄镇东马坊村,1,2,10
北京,3月,海淀区北坞公园(金河路南),1,2,26
北京,3月,玉渊潭公园东湖,1,2,16
北京,3月,玉渊潭公园观景步道,1,2,5
北京,3月,生态公园,1,2,12
北京,3月,转河小憩园,1,2,7
北京,3月,通州区厂通桥北500米,1,2,24
北京,3月,长阳镇,1,2,1
北京,3月,颐和园新建宫门至西门团城湖一线,1,2,12
北京,3月,首都师范大学(良乡校区),1,2,8
北京,3月,魏公村地铁站,1,2,1
北京,3月,齐物潭,1,2,19
北京,3月,(南沙河西路),1,1,14
北京,3月,万丰公园（水衙沟）,1,1,1
北京,3月,万柳阳春光华橡树园(知泉路),1,1,3
北京,3月,三星庄橡胶坝,1,1,16
北京,3月,上庄水库,1,1,12
北京,3月,上庄水库(北京市海淀区),1,1,15
北京,3月,上清桥滨河东路,1,1,10
北京,3月,世界之花公园,1,1,1
北京,3月,世纪体育公园,1,1,1
北京,3月,世纪金源购物中心,1,1,1
北京,3月,东升八家郊野公园,1,1,6
北京,3月,东坝郑村码头东西各一公里河滨,1,1,8
北京,3月,东城区天坛公园南门东北50米(永定门东街北),1,1,2
北京,3月,东埠头沟公园,1,1,18
北京,3月,东埠头沟公园南侧区域,1,1,15
北京,3月,东小口城市休闲公园(北京市昌平区),1,1,14
北京,3月,东湖公园,1,1,14
北京,3月,东郊森林湿地公园(北京市顺义区)-1,1,1,9
北京,3月,两山公园,1,1,1
北京,3月,中共北京市委党校,1,1,7
北京,3月,中关村公园-东区（后厂村）,1,1,14
北京,3月,中关村环保科技示范园(夏雪路)西颐小区,1,1,2
北京,3月,中关村软件园,1,1,3
北京,3月,中关村软件园联想总部东街心花园,1,1,11
北京,3月,中国人民大学(通州校区),1,1,3
北京,3月,中国人民大学主校区,1,1,8
北京,3月,中国农业大学西校区,1,1,1
北京,3月,中国农业展览馆,1,1,5
北京,3月,中国政法大学研究生院,1,1,5
北京,3月,中国林科院,1,1,13
北京,3月,中国现代文学馆,1,1,5
北京,3月,中国科学院化学研究所,1,1,6
北京,3月,中国科学院大学(雁栖湖校区),1,1,6
北京,3月,中国科学院大学两弹一星路/国科北路路口北侧（雀鹰路口）,1,1,15
北京,3月,中国科学院大学两弹一星路拐弯处（北红拐角）,1,1,1
北京,3月,中国科学院大学玉泉路校区,1,1,1
北京,3月,中国科学院大学雁栖湖校区,1,1,1
北京,3月,中国空间技术研究院东北,1,1,1
北京,3月,中国资源卫星应用中心,1,1,1
北京,3月,中央民族大学,1,1,11
北京,3月,中科院高能物理所对撞机实验区,1,1,4
北京,3月,丰台区卢沟桥大宁调蓄水库橡胶坝管理站东南,1,1,1
北京,3月,丰台区宛平湖西北150米(X002南),1,1,27
北京,3月,丰台区宛平湖西岸(右堤路东),1,1,26
北京,3月,丰台区庄怡公园(泥洼东路东150米),1,1,13
北京,3月,丰台区总部基地(中环西路南),1,1,1
北京,3月,丰台区绿堤公园(X002南150米),1,1,11
北京,3月,丰台区绿堤公园(南五环西200米),1,1,20
北京,3月,丰台绿堤公园,1,1,22
北京,3月,丰盛骨伤专科医院,1,1,6
北京,3月,临波西路与运粮引河路交叉口(通州区),1,1,23
北京,3月,乐享青少年足球俱乐部(永定路校区),1,1,1
北京,3月,乐活中堤-堤坝,1,1,24
北京,3月,二道沟河路,1,1,5
北京,3月,于家务乡紫峰九院城北侧,1,1,1
北京,3月,于辛庄村,1,1,36
北京,3月,于辛庄橡胶坝北,1,1,17
北京,3月,云居寺,1,1,6
北京,3月,云河墅,1,1,1
北京,3月,五里桥公园,1,1,16
北京,3月,亦庄国际企业文化园(西园),1,1,11
北京,3月,亦庄新城滨河森林公园(亦庄滨河森林公园),1,1,22
北京,3月,亦庄新城滨河森林公园（凉水河公园）,1,1,14
北京,3月,亦庄通明湖公园,1,1,8
北京,3月,京城体育休闲公园,1,1,14
北京,3月,人定湖公园,1,1,11
北京,3月,什刹海-前海,1,1,10
北京,3月,什刹海公园,1,1,1
北京,3月,仙乡溪流咖啡,1,1,5
北京,3月,元土城遗址公园小月河,1,1,19
北京,3月,元大都城垣遗址公园(元大都城垣遗址公园步道),1,1,17
北京,3月,元大都城墙遗址公园,1,1,4
北京,3月,全国农业展览馆9号馆,1,1,10
北京,3月,全国农业展览馆馆南路,1,1,20
北京,3月,八渡桥,1,1,10
北京,3月,八达岭长城,1,1,8
北京,3月,八达岭陵园,1,1,10
北京,3月,兴旺公园,1,1,21
北京,3月,兴漷桥,1,1,10
北京,3月,兴隆公园,1,1,10
北京,3月,军庄,1,1,6
北京,3月,凉水河榴乡桥段,1,1,17
北京,3月,凉水河经开区段,1,1,2
北京,3月,减河公园,1,1,2
北京,3月,减河公园-潮白河森林公园,1,1,8
北京,3月,减河公园南岸观景亭,1,1,4
北京,3月,分享收获·梨园公社,1,1,3
北京,3月,分享收获有机农场,1,1,2
北京,3月,北京乡村高尔夫俱乐部(马坡大营路11号),1,1,9
北京,3月,北京交通大学,1,1,1
北京,3月,北京信息科技大学(沙河校区),1,1,12
北京,3月,北京凤凰岭景区,1,1,16
北京,3月,北京动物园水禽湖观鸟点,1,1,1
北京,3月,北京化工大学（昌平新校区）,1,1,3
北京,3月,北京十三陵风景区-七孔桥花海,1,1,30
北京,3月,北京园博园-园博功能湿地,1,1,19
北京,3月,北京国际雕塑公园,1,1,12
北京,3月,北京国际雕塑公园-西区,1,1,11
北京,3月,北京城市学院(顺义校区),1,1,2
北京,3月,北京城建·国誉府,1,1,4
北京,3月,北京壹方园民宿,1,1,2
北京,3月,北京大学(昌平新校区),1,1,10
北京,3月,北京大学肖家河教工住宅(北京市海淀区),1,1,10
北京,3月,北京大学荷花池（中水池）,1,1,9
北京,3月,北京大学赛克勒考古与艺术博物馆(海淀区),1,1,16
北京,3月,北京大学赛克勒考古与艺术博物馆西北,1,1,18
北京,3月,北京大学镜春园,1,1,13
北京,3月,北京大学镜春园82号院南,1,1,14
北京,3月,北京大学鸣鹤园,1,1,21
北京,3月,北京奥林匹克公园-大树园,1,1,12
北京,3月,北京市人民政府宽沟招待所(宽沟路1号),1,1,6
北京,3月,北京市北海公园,1,1,4
北京,3月,北京市大兴区长子营湿地公园,1,1,25
北京,3月,北京市房山区大石河,1,1,26
北京,3月,北京市房山区河北镇,1,1,9
北京,3月,北京市昌平区七孔桥花海,1,1,18
北京,3月,北京市朝阳公园,1,1,9
北京,3月,北京市朝阳区望和公园-北园,1,1,13
北京,3月,北京市朝阳区邮电局北50米(朝阳北路南),1,1,5
北京,3月,北京市植物园北园,1,1,20
北京,3月,北京市海淀区南旱河,1,1,11
北京,3月,北京市海淀百望山森林公园溢水亭西,1,1,24
北京,3月,北京市第十三中学,1,1,11
北京,3月,北京市老干部活动中心(东城区),1,1,10
北京,3月,北京市西郊雨洪调蓄工程,1,1,1
北京,3月,北京师范大学附属实验中学教育集团大兴实验小学,1,1,1
北京,3月,北京归璞南山私汤民宿,1,1,2
北京,3月,北京房山区乐活中堤(右堤路南),1,1,16
北京,3月,北京植物园,1,1,26
北京,3月,北京植物园(北京市海淀区),1,1,33
北京,3月,北京永定河废弃河道,1,1,11
北京,3月,北京温榆河公园-西园,1,1,5
北京,3月,北京百花山社,1,1,6
北京,3月,北京知春公园,1,1,6
北京,3月,北京绿堤公园+永定河废弃河道,1,1,42
北京,3月,北京航空航天大学(海淀区学院路37号),1,1,2
北京,3月,北京航空航天大学绿园(北京市海淀区),1,1,3
北京,3月,北京西山林场,1,1,1
北京,3月,北京野生动物园,1,1,2
北京,3月,北京长沟泉水国家湿地公园,1,1,17
北京,3月,北京雁栖湖国际会展中心,1,1,7
北京,3月,北京颐和园,1,1,8
北京,3月,北京鹫峰国家森林公园,1,1,12
北京,3月,北土城,1,1,19
北京,3月,北大校园,1,1,12
北京,3月,北方工业大学,1,1,1
北京,3月,北极寺,1,1,9
北京,3月,北植,1,1,24
北京,3月,北沙河,1,1,15
北京,3月,北滨河公园,1,1,9
北京,3月,北辰绿色中央公园,1,1,4
北京,3月,北运河东公园,1,1,14
北京,3月,北运河南线,1,1,5
北京,3月,十三陵二坝,1,1,32
北京,3月,千斯坝遗址,1,1,9
北京,3月,千河口村(北京市房山区),1,1,5
北京,3月,华信医院,1,1,7
北京,3月,南旱河,1,1,14
北京,3月,南沙河,1,1,30
北京,3月,南泉水河,1,1,12
北京,3月,南海子,1,1,7
北京,3月,南海子三期,1,1,1
北京,3月,南海子二期,1,1,16
北京,3月,南海子公园-7号服务厅,1,1,1
北京,3月,南海子公园1期-南门,1,1,24
北京,3月,南海子公园一期(南门),1,1,30
北京,3月,南海子公园雁影海,1,1,6
北京,3月,南海子公园鹿鸣海,1,1,2
北京,3月,古崖居风景名胜区,1,1,35
北京,3月,后湖,1,1,20
北京,3月,周口店北京人遗址博物馆,1,1,2
北京,3月,和平门[地铁站],1,1,3
北京,3月,唐悯忠寺故址(北京市西城区牛街法源寺),1,1,7
北京,3月,四惠桥,1,1,1
北京,3月,回龙观龙腾苑(育知东路),1,1,1
北京,3月,团城湖,1,1,9
北京,3月,团结湖公园(朝阳区团结湖南里16号),1,1,2
北京,3月,国家大剧院,1,1,13
北京,3月,国家植物园中国科学院植物研究所北门,1,1,5
北京,3月,国家植物园梅园水景观光区,1,1,10
北京,3月,国家知识产权局,1,1,9
北京,3月,国誉府,1,1,1
北京,3月,国际企业文化园(东园),1,1,5
北京,3月,圆明园福海至藻园门,1,1,5
北京,3月,圆明园绮春园景区,1,1,32
北京,3月,圆明园遗址公园-东门,1,1,12
北京,3月,圆明园遗址公园-东门售票处,1,1,1
北京,3月,圆明园遗址公园-南门,1,1,11
北京,3月,大兴区南海子公园一期),1,1,32
北京,3月,大兴区南海子公园一期南门北100米(公园南环路北),1,1,12
北京,3月,大兴区南海子公园二期南门西北(公园南环路北),1,1,34
北京,3月,大兴区南海子公园册妃台西南200米(公园北环路南),1,1,27
北京,3月,大兴区国家林业和草原局管理干部学院(林校北路南),1,1,8
北京,3月,大兴区翡翠城香留园A区(兴业大街西100米),1,1,1
北京,3月,大兴区陂塘雁影东南200米(公园南环路北),1,1,12
北京,3月,大宁水库-稻田水库-马厂水库-永定河下游,1,1,8
北京,3月,大石河大坝,1,1,22
北京,3月,大运河森林公园-月岛闻莺景区,1,1,31
北京,3月,大运河森林公园明镜移舟景区休闲长廊北,1,1,12
北京,3月,大运河森林公园柳舟,1,1,20
北京,3月,大运河高尔夫球俱乐部,1,1,19
北京,3月,大黄岩河,1,1,1
北京,3月,天坛,1,1,5
北京,3月,天坛公园-祈年殿,1,1,12
北京,3月,天坛公园-科普园（苗圃）,1,1,6
北京,3月,天坛公园科普园附近,1,1,11
北京,3月,天坛公园西门林地,1,1,15
北京,3月,天坛苗圃,1,1,18
北京,3月,太师屯世纪体育公园,1,1,10
北京,3月,太师庄村密云水库,1,1,23
北京,3月,奥北森林公园,1,1,10
北京,3月,奥林匹克森林公园北园(北京市朝阳区),1,1,10
北京,3月,奥林匹克森林公园北园-自驾游乐车,1,1,17
北京,3月,奥林匹克森林公园北园-西门,1,1,11
北京,3月,奥林匹克森林公园北园大坑,1,1,17
北京,3月,奥林匹克森林公园（北园）,1,1,14
北京,3月,奥森公园南园,1,1,1
北京,3月,奥森北+南,1,1,23
北京,3月,奥森北园河东,1,1,1
北京,3月,奥森南园西线,1,1,21
北京,3月,奥森奥森南园,1,1,17
北京,3月,奥运村奥林匹克森林公园北园(清河东路),1,1,19
北京,3月,妙峰山森林公园-玫瑰谷,1,1,14
北京,3月,妙峰山风景名胜区,1,1,15
北京,3月,妫水河森林公园,1,1,4
北京,3月,学各庄村,1,1,36
北京,3月,学各庄村(学各庄路),1,1,2
北京,3月,宏丰渠,1,1,9
北京,3月,宛平湖晓月湖,1,1,22
北京,3月,密云3期,1,1,21
北京,3月,密云云蒙大桥,1,1,6
北京,3月,密云区不老屯镇学各庄村,1,1,18
北京,3月,密云区东庄桥东南100米(琉辛路),1,1,1
北京,3月,密云区北京木火通明消防科技有限公司东南(右堤路北),1,1,4
北京,3月,密云区北庄镇三磨,1,1,11
北京,3月,密云区北庄镇朱家湾村,1,1,5
北京,3月,密云区北庄镇牛郎峪,1,1,6
北京,3月,密云区十里堡镇河槽村,1,1,13
北京,3月,密云区大星发超市(太城路店)北100米,1,1,3
北京,3月,密云区山里山花乐园北50米(北河路北),1,1,8
北京,3月,密云区清水河,1,1,20
北京,3月,密云区潮白河云蒙大桥右堤路,1,1,17
北京,3月,密云区高岭镇宝家洼,1,1,27
北京,3月,密云水库不老屯库滨带,1,1,7
北京,3月,密云水库溢洪道及周边(北京市密云区),1,1,16
北京,3月,密云潮白河左堤路-云蒙大桥至羊山1号桥,1,1,26
北京,3月,对外经济贸易大学,1,1,14
北京,3月,寻野露营地(山在树在自由在),1,1,6
北京,3月,将台滨河公园,1,1,9
北京,3月,小中河,1,1,9
北京,3月,小龙河,1,1,16
北京,3月,小龙门村,1,1,5
北京,3月,山京沟墓地公园,1,1,1
北京,3月,巩华城,1,1,8
北京,3月,巩华城地铁站,1,1,2
北京,3月,巩华城地铁站路西,1,1,7
北京,3月,巩华城沙河,1,1,30
北京,3月,常青园路89号,1,1,6
北京,3月,平谷区新城滨河森林公园,1,1,19
北京,3月,平谷区泃河下纸寨桥,1,1,22
北京,3月,平谷区泃河东鹿角村段,1,1,23
北京,3月,平谷区泃河北张岱村段,1,1,11
北京,3月,平谷区泃河小龙河汇合处,1,1,22
北京,3月,平谷区泃河故道西高村段,1,1,17
北京,3月,平谷区泃河杨各庄村段,1,1,7
北京,3月,平谷区泃河洳河交汇地,1,1,8
北京,3月,平谷区泃河清风园公园,1,1,27
北京,3月,平谷区泃河青杨屯桥,1,1,23
北京,3月,平谷区泃河马坊镇泃河大桥,1,1,11
北京,3月,平谷区西峪水库,1,1,38
北京,3月,平谷区马坊滨水公园,1,1,16
北京,3月,平谷区黄松峪水库,1,1,11
北京,3月,延庆区康西草原景区,1,1,4
北京,3月,延庆区松山大桥东南150米(X012),1,1,5
北京,3月,延庆区野鸭湖国家湿地公园,1,1,55
北京,3月,延庆妫河永宁段,1,1,12
北京,3月,延庆火车北站,1,1,11
北京,3月,张家湾镇海子洼,1,1,1
北京,3月,怀柔北站,1,1,12
北京,3月,怀柔区北京喇叭沟原始森林公园,1,1,5
北京,3月,怀柔区喇叭沟门满族乡东沟门,1,1,19
北京,3月,怀柔区庙城镇肖两河村,1,1,3
北京,3月,怀柔区怀山柔水公园(府前西街南),1,1,7
北京,3月,怀柔区汤河口镇大蒲池沟村,1,1,13
北京,3月,怀柔区泉河滨湖万米健身公园(迎宾路东),1,1,5
北京,3月,怀柔区素行雅集创意民宿(神山路分店),1,1,13
北京,3月,怀柔区绿谷丰汇采摘园南100米(怀黄路南),1,1,5
北京,3月,怀柔区雁栖湖北二路(范崎路-G111国道)道路工程土建第1标段项目经理部,1,1,24
北京,3月,怀柔林场,1,1,12
北京,3月,怀沙河,1,1,24
北京,3月,怀沙河-红军庄村-水德广场（怀柔水库附近）,1,1,26
北京,3月,怡海花园,1,1,2
北京,3月,慕田峪长城,1,1,13
北京,3月,戒台寺,1,1,9
北京,3月,房山区乐活中堤北500米,1,1,27
北京,3月,房山区乐活中堤南100米,1,1,3
北京,3月,房山区依澜阳光家园西南400米,1,1,18
北京,3月,房山区北京银泰鸿业高尔夫俱乐部,1,1,5
北京,3月,房山区城关街道羊头岗村大石河两岸,1,1,22
北京,3月,房山区小清河公园(水四路南),1,1,18
北京,3月,房山区琉璃河桥西400米,1,1,9
北京,3月,房山区长阳小清河桥北(长阳路),1,1,9
北京,3月,房山区长阳镇大宁水库东岸南段（右堤路西）,1,1,33
北京,3月,房山夕阳红公园,1,1,15
北京,3月,房山永定河西岸大宁水库及乐活中堤段,1,1,25
北京,3月,担涧沟,1,1,11
北京,3月,拒马河十渡,1,1,18
北京,3月,教军场,1,1,1
北京,3月,文华殿,1,1,20
北京,3月,新口路（大石河）,1,1,4
北京,3月,新街口外大街甲8号院,1,1,1
北京,3月,新龙大厦,1,1,1
北京,3月,昌平区北京东方天星华普休闲健身俱乐部北(滨河路南)歇甲庄村坑塘,1,1,6
北京,3月,昌平区沙河巩华城地铁站北300米(环城北路南),1,1,12
北京,3月,昌平区沙河巩华城地铁站西南300米,1,1,29
北京,3月,昌平区沙河湿地公园东南50米(42公里绿道南),1,1,7
北京,3月,昌平区沙河滨河观景平台南200米,1,1,17
北京,3月,昌平区沙河领秀慧谷(朱辛庄西二路北),1,1,13
北京,3月,昌平区滨河公园,1,1,7
北京,3月,昌平区白浮泉公园(白浮泉路北300米),1,1,14
北京,3月,昌平区航天工程大学(沙河校区)东北150米,1,1,3
北京,3月,昌平巩华城半岛北沙河南岸沿线,1,1,18
北京,3月,昌平巩华城半岛周边,1,1,16
北京,3月,昌平巩华城新城滨河森林公园及周边,1,1,40
北京,3月,昌平新城滨河森林公园(沙河),1,1,4
北京,3月,昌平新城滨河森林公园/沙河水库,1,1,23
北京,3月,昌赤路,1,1,8
北京,3月,晓月湖公园,1,1,17
北京,3月,景明楼,1,1,2
北京,3月,晾鹰台,1,1,3
北京,3月,望京伯爵城中央公园,1,1,7
北京,3月,朝阳公园(北京市朝阳区朝阳公园南路1号),1,1,16
北京,3月,朝阳区三里屯意大利大使馆(三里屯东一街北),1,1,10
北京,3月,朝阳区光华路好客·智咖啡(郎家园西路东),1,1,1
北京,3月,朝阳区八里桥京贸国际公寓北(京通快速公路北),1,1,2
北京,3月,朝阳区北京温榆河公园蒹葭照水北100米(滨河路东),1,1,6
北京,3月,朝阳区奥运村奥林匹克森林公园(天辰路西100米),1,1,13
北京,3月,朝阳区奥运村奥林匹克森林公园(沉水廊道西),1,1,13
北京,3月,朝阳区石韵浩庭(九龙山路),1,1,3
北京,3月,来广营未开发杨树林,1,1,1
北京,3月,松香湖,1,1,13
北京,3月,柏林·在线,1,1,1
北京,3月,柳荫公园-文化广场,1,1,3
北京,3月,桃下路+望百路,1,1,15
北京,3月,梨园文化休闲公园,1,1,9
北京,3月,榆林庄村,1,1,3
北京,3月,榆林庄闸管理站,1,1,14
北京,3月,武各庄村南侧林地,1,1,5
北京,3月,武窑桥,1,1,6
北京,3月,水南(北京市通州区),1,1,1
北京,3月,水库不老屯,1,1,6
北京,3月,永定公园,1,1,8
北京,3月,永定河公园,1,1,2
北京,3月,汉包山,1,1,6
北京,3月,汉石桥湿地公园,1,1,20
北京,3月,沃丹园,1,1,1
北京,3月,沙古堆村,1,1,1
北京,3月,沙河尚湖世家东区小区南(环城北路),1,1,29
北京,3月,沙河昌平新城滨河森林公园东入口广场东北300米,1,1,27
北京,3月,沙河昌平新城滨河森林公园健身区西北150米,1,1,21
北京,3月,沙河昌平新城滨河森林公园内外,1,1,3
北京,3月,沙河昌平新城滨河森林公园北150米,1,1,14
北京,3月,沙河昌平新城滨河森林公园及半岛外周边,1,1,16
北京,3月,沙河昌平新城滨河森林公园西,1,1,3
北京,3月,沙河水库南岸,1,1,1
北京,3月,沙河水库巩华城半岛,1,1,18
北京,3月,沙河水库新城滨河森林公园,1,1,28
北京,3月,沙河水库闸南侧,1,1,22
北京,3月,沙河水库（昌平新城滨河森林公园）,1,1,20
北京,3月,河滨公园,1,1,20
北京,3月,沿河城,1,1,11
北京,3月,泰德商务花园,1,1,5
北京,3月,海淀·嘉郡,1,1,1
北京,3月,海淀区万寿路永引渠示范点,1,1,1
北京,3月,海淀区上庄镇东闸村北沙河,1,1,9
北京,3月,海淀区北京一零一中温泉校区东北(白家疃东路东),1,1,2
北京,3月,海淀区北京市城市河湖管理处清河闸,1,1,8
北京,3月,海淀区南湖岛(十七孔桥西北),1,1,10
北京,3月,海淀区玉东园(金河路北300米),1,1,20
北京,3月,海淀区百望山森林公园春季猛禽监测点,1,1,8
北京,3月,海淀区西三旗育新花园(育新南路北),1,1,3
北京,3月,海淀区西小口公园北园,1,1,7
北京,3月,海淀区西山古园公墓(台头村路北300米),1,1,7
北京,3月,海淀区西郊砂石坑(五环东200米),1,1,9
北京,3月,海淀区西郊砂石坑(田村山南路北100米),1,1,8
北京,3月,海淀区西郊砂石坑(阜石路东150米),1,1,14
北京,3月,海淀区颐和园(西堤西200米),1,1,20
北京,3月,海淀区黑山头,1,1,22
北京,3月,海青台(北京市大兴区公园北环路),1,1,15
北京,3月,清华大学(北京市海淀区双清路30号),1,1,1
北京,3月,清华大学主楼北侧林地,1,1,8
北京,3月,清华大学水木清华,1,1,1
北京,3月,清水河（密云北庄朱家湾段）,1,1,1
北京,3月,清河(北京市海淀区),1,1,8
北京,3月,清河WrenCreek,1,1,14
北京,3月,清河之洲,1,1,5
北京,3月,清河北滨河路,1,1,11
北京,3月,清河南镇沿河向东,1,1,14
北京,3月,清河营郊野公园,1,1,18
北京,3月,清河路,1,1,4
北京,3月,清河（清河南镇段）,1,1,9
北京,3月,温榆河,1,1,5
北京,3月,温榆河孙河乡,1,1,11
北京,3月,温榆河孙河河段,1,1,22
北京,3月,温榆河朝阳区河段,1,1,17
北京,3月,温榆河滨河森林公园北区,1,1,12
北京,3月,温榆河（孙河段）,1,1,5
北京,3月,湖光小区南区西南(环湖东路),1,1,3
北京,3月,滨河公园,1,1,3
北京,3月,滨湖万米健身公园(北京市怀柔区),1,1,9
北京,3月,漕运码头,1,1,1
北京,3月,潞通新路西荒地,1,1,7
北京,3月,潭柘寺,1,1,12
北京,3月,潮河,1,1,2
北京,3月,潮白河大桥西500米,1,1,16
北京,3月,灵山,1,1,9
北京,3月,灵山地区,1,1,16
北京,3月,灵鹫禅寺,1,1,7
北京,3月,玉东郊野公园,1,1,22
北京,3月,玉渊潭,1,1,11
北京,3月,玉渊潭公园-西门附近,1,1,23
北京,3月,玉渊潭公园南门,1,1,29
北京,3月,玲珑公园,1,1,10
北京,3月,白堆子甲23号院,1,1,1
北京,3月,白河峡谷,1,1,36
北京,3月,百度科技园,1,1,3
北京,3月,百望山佘太君庙,1,1,8
北京,3月,百望山森林公园-观景平台,1,1,11
北京,3月,百望山森林公园282,1,1,10
北京,3月,百望山森林公园儿时山林,1,1,5
北京,3月,百望山森林公园春季猛禽监测点,1,1,31
北京,3月,百望山森林公园猛禽监测点,1,1,9
北京,3月,百望山森林公园秋季猛禽监测点,1,1,12
北京,3月,百望山森林公园黑山头观景平台,1,1,18
北京,3月,百望山猛禽监测点,1,1,14
北京,3月,百花山保护区,1,1,4
北京,3月,百花山自然风景区,1,1,4
北京,3月,百草杏林,1,1,19
北京,3月,神堂峪栈道,1,1,15
北京,3月,福泽樱暖,1,1,12
北京,3月,科育社区,1,1,1
北京,3月,稻香湖景酒店,1,1,11
北京,3月,童趣亭西北(潮白河绿道),1,1,13
北京,3月,紫竹院公园(海淀区中关村南大街35号),1,1,17
北京,3月,红螺寺旅游区,1,1,1
北京,3月,绿城·百合公寓南区,1,1,10
北京,3月,绿堤公园(北京市丰台区宛平城),1,1,14
北京,3月,绿堤郊野公园,1,1,29
北京,3月,绿心公园上码头,1,1,7
北京,3月,翠明湖南岸,1,1,11
北京,3月,翠湖国家城市湿地公园,1,1,24
北京,3月,翠湖湿地公园,1,1,10
北京,3月,翰林庭院,1,1,3
北京,3月,老山城市休闲公园,1,1,12
北京,3月,舞彩浅山风景区,1,1,8
北京,3月,花果山景区(房山区涞宝路十渡风景区),1,1,9
北京,3月,苏州街,1,1,1
北京,3月,营房村村民委员会,1,1,1
北京,3月,蒲洼乡,1,1,5
北京,3月,蟹岛度假村,1,1,7
北京,3月,西城区中烟商厦西(手帕口北街东),1,1,1
北京,3月,西城区永定门天桥百货商场南(永定门内大街北),1,1,1
北京,3月,西城区白云观街北里小区(白云观滨河路南),1,1,4
北京,3月,西城区积水潭什刹海西海湿地公园(西海北沿南),1,1,5
北京,3月,西城区马甸玫瑰园(马甸桥西北300米),1,1,8
北京,3月,西郊雨洪调蓄工程,1,1,1
北京,3月,西郊雨洪调蓄工程（西郊砂石坑）,1,1,27
北京,3月,西集于辛庄,1,1,31
北京,3月,角楼映秀公园,1,1,9
北京,3月,贺新公园,1,1,2
北京,3月,运通桥周边,1,1,8
北京,3月,通州区东郊森林湿地公园,1,1,17
北京,3月,通州区北京兴叶马会俱乐部东北300米,1,1,16
北京,3月,通州区北京小海字健身训练营东南100米(张凤路东),1,1,28
北京,3月,通州区北运河桥东北400米(唐通线北),1,1,9
北京,3月,通州区城市绿心森林公园(通怀路西200米),1,1,4
北京,3月,通州区宋庄镇吴各庄村,1,1,6
北京,3月,通州区张家湾太玉园(张台路北),1,1,7
北京,3月,通州区永乐凤河公园(工业区环路),1,1,25
北京,3月,通州区温榆河滨河森林公园北区西(温榆河左堤路西),1,1,4
北京,3月,通州区漷县镇小马头,1,1,22
北京,3月,通州区潞城镇武窑村,1,1,16
北京,3月,通州区西集镇于辛庄村,1,1,7
北京,3月,通州区马驹桥湿地公园二期,1,1,4
北京,3月,通州大运河沿线,1,1,6
北京,3月,邓家窑桥,1,1,4
北京,3月,都市经典家园,1,1,3
北京,3月,醉翁亭,1,1,1
北京,3月,重兴寺公园,1,1,11
北京,3月,野鸭湖国家湿地公园(北京市延庆区康野路),1,1,32
北京,3月,野鸭湖国家湿地公园观鸟平台沿线,1,1,37
北京,3月,银山塔林风景区,1,1,2
北京,3月,长城铁花景区,1,1,16
北京,3月,长峪城,1,1,14
北京,3月,长椿苑公园,1,1,8
北京,3月,门头沟 妙峰山,1,1,26
北京,3月,门头沟东灵山,1,1,7
北京,3月,门头沟区京西古道景区,1,1,2
北京,3月,门头沟区永定镇下狼窝,1,1,9
北京,3月,门头沟区王平镇南港村,1,1,9
北京,3月,门头沟山区,1,1,16
北京,3月,阪泉体育公园,1,1,17
北京,3月,阳光星期八公园(北京市海淀区永定路),1,1,7
北京,3月,阶台花园,1,1,18
北京,3月,雁栖河(北京市怀柔区葛各庄路),1,1,11
北京,3月,雁栖河至怀河(北京市怀柔区葛各庄路),1,1,18
北京,3月,雁栖湖水上基地皮划艇基地,1,1,6
北京,3月,青年之家公寓,1,1,8
北京,3月,青龙湖水岸湿地公园,1,1,13
北京,3月,顺义区北京舒驰美德建筑工程有限公司(左堤路西),1,1,7
北京,3月,顺义区后沙峪罗马湖公园东200米(天北路东),1,1,13
北京,3月,顺义区后沙峪镇沙子营闸,1,1,12
北京,3月,顺义区滨河公园(右堤路北),1,1,3
北京,3月,顺义区花博会主题公园(机场北线南路北50米),1,1,8
北京,3月,顺义新城滨河森林公园管理处东400米,1,1,7
北京,3月,顺义新城滨河森林公园（潮白河）,1,1,6
北京,3月,颐和园(东堤),1,1,23
北京,3月,颐和园-北宫门,1,1,31
北京,3月,颐和园-柳桥,1,1,1
北京,3月,颐和园-西堤,1,1,15
北京,3月,颐和园––团城湖及周边,1,1,14
北京,3月,颐和园团城湖水闸,1,1,21
北京,3月,颐和园文昌阁至南如意门,1,1,1
北京,3月,颐和园昆明湖,1,1,6
北京,3月,颐和园西堤团城湖,1,1,1
北京,3月,颐和园西湖码头附近,1,1,18
北京,3月,颐和园西线团城湖及周边,1,1,15
北京,3月,颐和园西门附近运水渠,1,1,13
北京,3月,香山,1,1,3
北京,3月,马场及野鸭湖湿地公园,1,1,47
北京,3月,马驹桥湿地公园,1,1,9
北京,3月,高古庄村,1,1,4
北京,3月,鹿鸣海,1,1,4
北京,3月,麋鹿苑,1,1,30
北京,3月,黄村公园,1,1,10
北京,3月,黄草洼村,1,1,2
北京,3月,黑山寨村(北京市昌平区),1,1,15
北京,3月,龙潭湖公园,1,1,14
北京,4月,百望山森林公园,165,230,48
北京,4月,乐活中堤,131,197,52
北京,4月,颐和园,94,101,46
北京,4月,北京南海子公园,72,86,49
北京,4月,巩华城半岛（北沙河南岸）,65,94,53
北京,4月,北京沙河水库,57,76,60
北京,4月,国家植物园北园,56,58,43
北京,4月,昌平新城滨河森林公园巩华城半岛,47,75,55
北京,4月,北京天坛公园,46,54,35
北京,4月,玉渊潭公园,40,43,47
北京,4月,奥森南园,38,41,43
北京,4月,天坛公园,33,41,27
北京,4月,奥森北园,31,39,41
北京,4月,北京玉渊潭公园,30,65,50
北京,4月,北京圆明园遗址公园,28,41,57
北京,4月,百望山森林公园春季猛禽观测点,27,30,39
北京,4月,北京翠湖湿地公园,26,54,65
北京,4月,北沙河南岸,24,29,44
北京,4月,北京大学,23,46,46
北京,4月,沙河北岸,23,29,28
北京,4月,宛平湖大宁水库乐活中堤永定河废弃河道,21,35,58
北京,4月,圆明园遗址公园,21,21,55
北京,4月,紫竹院公园,19,27,31
北京,4月,白浮泉公园,19,20,33
北京,4月,野鸭湖湿地公园,19,20,69
北京,4月,汉石桥湿地自然保护区,18,21,109
北京,4月,柳荫公园,17,24,30
北京,4月,沙河水库（北沙河南岸）,15,21,52
北京,4月,北京奥林匹克森林公园南园,15,18,38
北京,4月,南海子一期,15,17,50
北京,4月,宣武艺园,15,17,26
北京,4月,朝阳区望京伯爵城中央公园(阜安西路南),15,15,11
北京,4月,奥林匹克森林公园北园,13,20,45
北京,4月,清华大学,13,19,43
北京,4月,望京伯爵城中央公园,13,13,15
北京,4月,颐和园-西门,13,13,22
北京,4月,南海子公园,11,12,37
北京,4月,朝阳公园,11,12,30
北京,4月,南海子二期,11,11,27
北京,4月,颐和园—团城湖,11,11,35
北京,4月,马场,11,11,53
北京,4月,官庄公园,10,19,22
北京,4月,大宁水库-乐活中堤（即滞洪水库）-废弃河道,10,10,45
北京,4月,康西草原马场,10,10,71
北京,4月,房山区乐活中堤南100米,10,10,21
北京,4月,沙河水库,10,10,60
北京,4月,元大都遗址公园,9,24,21
北京,4月,红领巾公园,9,23,27
北京,4月,北京动物园,9,21,26
北京,4月,圆明园遗址公园(海淀区清华西路28号),9,10,50
北京,4月,昌平新城滨河森林公园,9,10,26
北京,4月,北京密云水库,9,9,62
北京,4月,奥森公园南园,9,9,31
北京,4月,马家湾湿地公园,8,19,27
北京,4月,东小口森林公园,8,10,32
北京,4月,沙河水库北岸,8,10,55
北京,4月,北京市大兴区南海子公园,8,9,26
北京,4月,奥林匹克森林公园北园大坑,8,8,45
北京,4月,妙峰山森林公园玫瑰谷,8,8,30
北京,4月,密云北庄清水河(密云区芦北公路南50米),8,8,27
北京,4月,密云区不老屯镇学各庄村,8,8,27
北京,4月,百望山森林公园黑山头,8,8,32
北京,4月,翠湖国家城市湿地公园,8,8,52
北京,4月,雁栖湖,8,8,23
北京,4月,南海子二期东南,7,8,25
北京,4月,琉璃河湿地公园,7,8,24
北京,4月,国家植物园,7,7,40
北京,4月,城市绿心森林公园,7,7,31
北京,4月,天坛公园科普园,7,7,24
北京,4月,奥林匹克森林公园南园,7,7,30
北京,4月,巩华城半岛,7,7,49
北京,4月,海淀公园,7,7,28
北京,4月,海淀区百望山森林公园猛禽监测春季点,7,7,18
北京,4月,野鸭湖国家湿地公园,7,7,50
北京,4月,北海公园,6,10,28
北京,4月,滨河森林公园-沙河水库,6,8,58
北京,4月,崇青水库,6,7,48
北京,4月,念坛公园,6,7,29
北京,4月,十渡,6,6,31
北京,4月,百望山猛禽观测点,6,6,32
北京,4月,虎峪自然风景区,6,6,20
北京,4月,颐和园(团城湖区域),6,6,20
北京,4月,凤港减河,5,11,51
北京,4月,沮沟桥,5,11,37
北京,4月,未来科学城滨水公园,5,7,37
北京,4月,官厅水库（野鸭湖-康西草原-马场沿线）,5,6,64
北京,4月,北京市天坛公园,5,5,16
北京,4月,北沙河,5,5,29
北京,4月,大运河森林公园,5,5,25
北京,4月,房山区北京银泰鸿业高尔夫俱乐部,5,5,16
北京,4月,桃峪口水库,5,5,20
北京,4月,沙河,5,5,39
北京,4月,百望山森林公园(海淀区黑山扈北口19号),5,5,33
北京,4月,颐和园-昆明湖团城湖,5,5,30
北京,4月,日坛公园(北京市朝阳区日坛北路6号),4,9,16
北京,4月,太阳宫公园,4,6,12
北京,4月,北京市密云区朱家湾村清水河,4,5,30
北京,4月,月坛公园,4,5,3
北京,4月,沙河湿地公园,4,5,18
北京,4月,东升八家郊野公园,4,4,30
北京,4月,中国农业大学西校区,4,4,6
北京,4月,什刹海西海湿地公园,4,4,18
北京,4月,北京西山国家森林公园,4,4,17
北京,4月,南海子公园雁影海,4,4,26
北京,4月,天坛,4,4,30
北京,4月,房山区长阳镇大宁村,4,4,22
北京,4月,日坛公园,4,4,15
北京,4月,昌平区沙河园林圣懋M号楼南300米,4,4,19
北京,4月,昌平区白浮泉公园(白浮泉路北300米),4,4,44
北京,4月,望京中央公园,4,4,6
北京,4月,永定河崖沙燕巢,4,4,13
北京,4月,汉石桥湿地公园,4,4,35
北京,4月,沙河昌平新城滨河森林公园(巩华城半岛外周边),4,4,45
北京,4月,沙河水库及周边,4,4,25
北京,4月,温榆河朝阳段,4,4,42
北京,4月,百望山森林公园春季猛禽监测点,4,4,38
北京,4月,野鸭湖马场,4,4,51
北京,4月,顺义新城滨河森林公园二区,4,4,19
北京,4月,顺义新城滨河森林公园森林游憩园(顺义区),4,4,41
北京,4月,香山公园,4,4,26
北京,4月,北京环球度假区,3,18,30
北京,4月,中国科学院大学雁栖湖校区西区,3,12,24
北京,4月,将府公园,3,6,15
北京,4月,清河之源,3,5,15
北京,4月,百望山森林公园猛禽监测春季点,3,5,22
北京,4月,全国农业展览馆,3,4,21
北京,4月,北沙河北岸,3,4,14
北京,4月,大兴区南海子公园二期,3,4,42
北京,4月,宛平湖,3,4,32
北京,4月,沙河水库西岸,3,4,46
北京,4月,云岗森林公园,3,3,34
北京,4月,北京市东城区天坛公园,3,3,28
北京,4月,北京市丰台区绿堤公园宛平湖,3,3,16
北京,4月,北京市奥林匹克森林公园,3,3,26
北京,4月,北京市莲花池公园,3,3,17
北京,4月,北京植物园科普馆,3,3,21
北京,4月,北京翠湖湿地公园(北京市海淀区),3,3,66
北京,4月,北京航空航天大学(沙河校区),3,3,8
北京,4月,北京莲花池公园,3,3,10
北京,4月,南海子公园(北京市大兴区),3,3,26
北京,4月,国家植物园北园和南园,3,3,22
北京,4月,奥林匹克森林公园南园(北京市朝阳区),3,3,32
北京,4月,官厅水库,3,3,81
北京,4月,密云水库,3,3,23
北京,4月,小漕村外崖壁及潮河沿岸,3,3,8
北京,4月,房山区稻田水库,3,3,20
北京,4月,房山区长阳镇大宁水库,3,3,32
北京,4月,昌平区沙河尚湖世家东区小区南300米(环城北路),3,3,15
北京,4月,昌平新城滨河北,3,3,19
北京,4月,朝阳区奥运村奥林匹克森林公园(天辰路西),3,3,38
北京,4月,沙子营闸,3,3,30
北京,4月,沙河昌平新城滨河森林公园,3,3,15
北京,4月,沙河昌平新城滨河森林公园游客服务中心西150米,3,3,37
北京,4月,沙河昌平新城滨河森林公园西,3,3,37
北京,4月,沙河水库及北沙河岸边,3,3,28
北京,4月,海淀区西湖西200米(颐和园西门路东),3,3,23
北京,4月,玉东郊野公园,3,3,37
北京,4月,玉渊潭 公园,3,3,19
北京,4月,百望山森林公园秋季点和黑山头观景平台,3,3,33
北京,4月,紫竹院公园(海淀区中关村南大街35号),3,3,21
北京,4月,蟒山国家森林公园,3,3,25
北京,4月,顺义区潮白河大桥以北(白马路北),3,3,27
北京,4月,麋鹿苑,3,3,18
北京,4月,百望山佘太君庙,2,10,16
北京,4月,北京大学医学部,2,9,20
北京,4月,房山新城滨水森林公园,2,9,26
北京,4月,北京师范大学附属实验中学,2,8,11
北京,4月,三星庄后河,2,7,33
北京,4月,老山城市休闲公园,2,7,10
北京,4月,恒通商务园,2,6,11
北京,4月,马驹桥湿地公园-一期,2,6,34
北京,4月,龙潭西湖公园,2,6,24
北京,4月,南长河公园,2,5,17
北京,4月,西城区北京动物园畅观楼(五塔寺路南),2,5,18
北京,4月,万丰公园,2,4,14
北京,4月,上庄镇西马坊村,2,4,26
北京,4月,全国农业展览馆（农展馆）,2,4,20
北京,4月,北长河,2,4,32
北京,4月,国家图书馆,2,4,15
北京,4月,天宁寺桥,2,4,16
北京,4月,树村郊野公园,2,4,20
北京,4月,中国空间技术研究院东北,2,3,1
北京,4月,北京奥林匹克公园,2,3,45
北京,4月,北京明城墙遗址公园,2,3,12
北京,4月,南海子公园二期,2,3,19
北京,4月,国家植物园南园,2,3,18
北京,4月,宋庄蓄滞洪区-二期,2,3,18
北京,4月,庄怡公园,2,3,10
北京,4月,沙河水库周边地区,2,3,20
北京,4月,三里河湿地公园,2,2,20
北京,4月,东小口城市休闲公园(北京市昌平区),2,2,20
北京,4月,东直门桥,2,2,5
北京,4月,东郊湿地公园,2,2,39
北京,4月,两山公园,2,2,38
北京,4月,中关村森林公园,2,2,19
北京,4月,中关村软件园,2,2,14
北京,4月,中国科学院植物研究所北京植物园,2,2,31
北京,4月,京城森林公园(北京市朝阳区),2,2,20
北京,4月,元大都城垣遗址公园,2,2,13
北京,4月,凉水河丰台段,2,2,17
北京,4月,北京人定湖公园,2,2,16
北京,4月,北京动物园-水禽湖,2,2,20
北京,4月,北京动物园园内,2,2,11
北京,4月,北京奥森公园,2,2,38
北京,4月,北京市三帆中学北京师大二附中初中部,2,2,1
北京,4月,北京市北京市海淀区玉渊潭公园,2,2,21
北京,4月,北京市国家植物园,2,2,44
北京,4月,北京市昌平区沙河水库,2,2,78
北京,4月,北京市海淀区北京植物园,2,2,31
北京,4月,北京市海淀区翠湖国家城市湿地公园,2,2,28
北京,4月,北京市海淀百望山森林公园-溢水亭,2,2,13
北京,4月,北京市通州区北运河榆林庄至杨洼闸段,2,2,25
北京,4月,北京林业大学林之心,2,2,13
北京,4月,北京植物园(北京市海淀区香山路),2,2,23
北京,4月,北京植物园-树木区,2,2,21
北京,4月,北京温榆河公园-东园,2,2,19
北京,4月,北京理工大学,2,2,12
北京,4月,北京颐和园,2,2,20
北京,4月,北京首都国际机场T3航站楼,2,2,1
北京,4月,北辰绿色中央公园,2,2,8
北京,4月,南庄水库,2,2,10
北京,4月,南沙河,2,2,49
北京,4月,南海子公园一期,2,2,35
北京,4月,南海子麋鹿苑,2,2,36
北京,4月,南苑森林湿地公园,2,2,26
北京,4月,圆明园绮春园景区,2,2,28
北京,4月,天坛公园(北京市东城区天坛东路甲1号),2,2,23
北京,4月,奥林匹克森林公园,2,2,41
北京,4月,奥森,2,2,28
北京,4月,学各庄村,2,2,13
北京,4月,宋庄蓄滞洪公园,2,2,20
北京,4月,定慧公园,2,2,11
北京,4月,宛平湖晓月湖,2,2,31
北京,4月,密云区太师屯镇小漕村,2,2,36
北京,4月,密云区太师屯镇泉河,2,2,5
北京,4月,小漕村,2,2,8
北京,4月,巩华城,2,2,5
北京,4月,巩华城滨河森林公园及半岛周边,2,2,48
北京,4月,广阳谷城市森林公园,2,2,10
北京,4月,怀柔水库,2,2,9
北京,4月,房山区长阳镇,2,2,23
北京,4月,昌平区延寿镇燕山,2,2,16
北京,4月,昌平区延寿镇黑山寨村,2,2,11
北京,4月,昌平区沙河园林圣懋小区南300米(42公里绿道南),2,2,21
北京,4月,昌平区沙河园林圣懋小区西南(42公里绿道南),2,2,20
北京,4月,昌平区沙河水岸庄园南400米,2,2,21
北京,4月,昌平十三陵水库,2,2,56
北京,4月,昌平巩华城半岛北沙河南岸沿线,2,2,34
北京,4月,景山公园,2,2,10
北京,4月,朝阳区南磨房官庄公园(官庄路东150米),2,2,17
北京,4月,朝阳区奥运村奥林匹克森林公园(沉水廊道东150米),2,2,14
北京,4月,未来科学城滨水公园(北京市昌平区),2,2,28
北京,4月,朱家湾村(北朱路),2,2,25
北京,4月,榆林庄闸管理站,2,2,11
北京,4月,水衙沟万丰公园,2,2,15
北京,4月,永顺镇刘庄公园(北京市通州区),2,2,10
北京,4月,沙河展思门路1号院东北(环城北路),2,2,26
北京,4月,沙河昌平新城滨河森林公园东北100米,2,2,35
北京,4月,沙河水库湿地中线,2,2,35
北京,4月,沙河水库闸南侧,2,2,5
北京,4月,海淀区圆明园遗址公园,2,2,38
北京,4月,海淀区玉东园(颐和园西门路北150米),2,2,28
北京,4月,海淀区百望山森林公园春季猛禽监测点,2,2,31
北京,4月,潮白河,2,2,25
北京,4月,瀛景园(大兴区亦庄地区贵园中街3号),2,2,22
北京,4月,百望山森林公园望乡亭,2,2,26
北京,4月,百望山森林公园猛禽监测点,2,2,12
北京,4月,百望山森林公园秋季猛禽监测点,2,2,28
北京,4月,百望山森林公园黑山头观景台,2,2,27
北京,4月,百望山黑山头,2,2,11
北京,4月,神堂峪风景区,2,2,15
北京,4月,稻香湖公园,2,2,33
北京,4月,绿堤公园 宛平湖,2,2,34
北京,4月,莲花池公园,2,2,6
北京,4月,蟒山国家森林公园(昌平区蟒山路2号),2,2,20
北京,4月,西关村(北京市通州区),2,2,24
北京,4月,转河小憩园,2,2,11
北京,4月,辛庄桥,2,2,14
北京,4月,通州区城市绿心森林公园(通怀路西200米),2,2,18
北京,4月,金海湖景区,2,2,22
北京,4月,银山塔林风景区,2,2,16
北京,4月,陶然亭公园,2,2,8
北京,4月,青龙湖公园,2,2,37
北京,4月,顺义区李桥镇沮沟村,2,2,18
北京,4月,顺义新城滨河森林公园,2,2,26
北京,4月,颐和园-十七孔桥,2,2,17
北京,4月,首都经济贸易大学(花乡张家路口121号),2,2,9
北京,4月,鹫峰国家森林公园,2,2,19
北京,4月,黑山寨村(北京市昌平区),2,2,6
北京,4月,中国农业大学(西校区),1,17,18
北京,4月,合生·滨江帝景,1,17,10
北京,4月,四得公园(北京市朝阳区将台西路9号),1,12,18
北京,4月,旺景公园,1,10,13
北京,4月,中国科学院大学（雁栖湖）,1,8,28
北京,4月,槐树岭四号院,1,8,14
北京,4月,北京市海淀百望山森林公园溢水亭西,1,7,32
北京,4月,北土城东路元大都遗址公园,1,7,24
北京,4月,绮春园,1,7,41
北京,4月,减河公园,1,6,5
北京,4月,中国科学院大学两弹一星路中部北侧（白头鹎果园）,1,5,12
北京,4月,十一学校魔术林,1,5,18
北京,4月,对外经济贸易大学,1,5,16
北京,4月,松香湖,1,5,17
北京,4月,中国人民大学附属中学（人大附中本部）,1,4,11
北京,4月,凉水河经开区河段,1,4,15
北京,4月,大宁水库-乐活中堤,1,4,43
北京,4月,奥森北园河西,1,4,33
北京,4月,御康公园,1,4,22
北京,4月,昌平沙河水库北岸,1,4,37
北京,4月,海淀区万泉河北京市第十九中学(东校区),1,4,10
北京,4月,青龙湖公园（西岸）,1,4,32
北京,4月,首都师范大学,1,4,1
北京,4月,上庄水库(北京市海淀区),1,3,27
北京,4月,中关村软件园联想总部东街心花园,1,3,12
北京,4月,京郊大地庄园,1,3,18
北京,4月,北京交通大学,1,3,8
北京,4月,北京大学(昌平新校区),1,3,28
北京,4月,北京大学西山口校区,1,3,22
北京,4月,北京师范大学,1,3,3
北京,4月,北京朝来森林公园,1,3,27
北京,4月,北小河,1,3,28
北京,4月,北科建水岸雁栖,1,3,40
北京,4月,南旱河,1,3,25
北京,4月,妫水（北关相思公园段）2,1,3,22
北京,4月,崔家窑,1,3,18
北京,4月,月坛,1,3,7
北京,4月,海淀区北坞公园(金河路南),1,3,36
北京,4月,海淀区苏家坨镇土桥柳林河,1,3,23
北京,4月,绿城·百合公寓南区,1,3,18
北京,4月,西城区宣武艺园(槐柏树街南),1,3,5
北京,4月,金盏森林公园,1,3,18
北京,4月,雁栖河至怀河(北京市怀柔区葛各庄路),1,3,21
北京,4月,香山国家植物园(健康大道),1,3,42
北京,4月,龙城花园(北京市昌平区昌平路317号),1,3,22
北京,4月,龙潭公园,1,3,14
北京,4月,东城区 柳荫公园,1,2,21
北京,4月,东洲家园(北京市朝阳区来广营北路88号),1,2,6
北京,4月,东郊森林公园华北树木园(北京市通州区),1,2,14
北京,4月,中国传媒大学,1,2,12
北京,4月,中国地质大学(北京),1,2,5
北京,4月,中国房山岩地质公园,1,2,9
北京,4月,中国环境科学研究院,1,2,18
北京,4月,丰台区庄怡公园(泥洼东路东150米),1,2,14
北京,4月,丰台区莲花池公园(莲花池南路北200米),1,2,16
北京,4月,乐府江南,1,2,6
北京,4月,亦庄通明湖公园,1,2,16
北京,4月,分钟寺,1,2,12
北京,4月,北京华文学院(北京市昌平区七北路69号),1,2,14
北京,4月,北京大学考古文博学院(海淀区镜春路),1,2,33
北京,4月,北京大学镜春园,1,2,22
北京,4月,北京大学附属中学,1,2,4
北京,4月,北京市昌平区七孔桥花海,1,2,11
北京,4月,北京市第一零一中学,1,2,16
北京,4月,北京物资学院,1,2,5
北京,4月,北京营城建都滨水绿道(北京市西城区),1,2,2
北京,4月,北京麋鹿苑,1,2,29
北京,4月,十一学校小水坑鸟类监测点,1,2,7
北京,4月,双榆树北里南区,1,2,8
北京,4月,四得公园,1,2,14
北京,4月,国家蔬菜工程技术研究中心(金威大厦西),1,2,11
北京,4月,国际关系学院,1,2,5
北京,4月,天秀花园古月园,1,2,8
北京,4月,奥森北园河东,1,2,23
北京,4月,巩华城沙河,1,2,29
北京,4月,怀柔滨河森林公园,1,2,15
北京,4月,文华殿,1,2,24
北京,4月,朝阳区庆丰公园,1,2,4
北京,4月,水南-桑园-高古庄村,1,2,16
北京,4月,永定路街道,1,2,1
北京,4月,沃丹园,1,2,2
北京,4月,沙河北京市昌平区汇贤学校东北(环城北路),1,2,25
北京,4月,沙河水库南岸沿线,1,2,23
北京,4月,海淀区中国纪检监察学院北100米(翠湖北路北),1,2,20
北京,4月,海淀区香山街道猴石崖,1,2,14
北京,4月,温榆河,1,2,42
北京,4月,潞河桃柳景区-亭,1,2,5
北京,4月,电通创意广场,1,2,9
北京,4月,百望山望京楼,1,2,29
北京,4月,罗马湖东,1,2,8
北京,4月,翠微烟雨公园,1,2,4
北京,4月,花博会主题公园,1,2,14
北京,4月,西郊砂石坑公园(北京市海淀区),1,2,20
北京,4月,车公庄西路20号院,1,2,10
北京,4月,青年之家公寓,1,2,26
北京,4月,顺义区汉石桥湿地公园(S224西200米),1,2,14
北京,4月,马驹桥湿地公园-二期,1,2,28
北京,4月,龙潭中湖,1,2,15
北京,4月,OuterGardenofDitanGarden,1,1,6
北京,4月,三座门,1,1,19
北京,4月,下苇甸桥[公交站],1,1,11
北京,4月,东升八家山地车公园,1,1,1
北京,4月,东升八家郊野公园(东升乡双清路5号),1,1,17
北京,4月,东单公园,1,1,8
北京,4月,东坝公园,1,1,8
北京,4月,东坝郊野公园,1,1,13
北京,4月,东城亮马河公园,1,1,9
北京,4月,东城区天坛公园(天坛路南300米),1,1,15
北京,4月,东城区柳荫公园(青年湖北街西200米),1,1,38
北京,4月,东城区龙潭公园,1,1,13
北京,4月,东埠头沟公园南侧区域,1,1,13
北京,4月,东小口森林公园(北京市昌平区黑泉路),1,1,23
北京,4月,东山村,1,1,14
北京,4月,东岭郊野公园,1,1,8
北京,4月,东灵山,1,1,17
北京,4月,东石公园,1,1,14
北京,4月,严方院,1,1,11
北京,4月,中关村公园,1,1,18
北京,4月,中关村公园西南门,1,1,14
北京,4月,中关村温泉科技园2期东区,1,1,15
北京,4月,中关村生命科学园北京生命科学研究所,1,1,1
北京,4月,中国人寿保险股份有限公司(北京市通州支公司),1,1,1
北京,4月,中国人民大学,1,1,10
北京,4月,中国人民革命军事博物馆,1,1,2
北京,4月,中国农业大学东校区,1,1,1
北京,4月,中国农业科学院,1,1,7
北京,4月,中国科学院(天地科学园区),1,1,2
北京,4月,中国科学院化学研究所,1,1,6
北京,4月,中国科学院北京森林生态系统定位研究站,1,1,8
北京,4月,中国科学院大学(玉泉路校区),1,1,5
北京,4月,中国科学院大学(雁栖湖校区)西,1,1,19
北京,4月,中国科学院大学一公寓西侧池塘（蝗莺荷塘）,1,1,12
北京,4月,中国科学院大学两弹一星路/国科北路路口北侧（雀鹰路口）,1,1,14
北京,4月,中国科学院大学两弹一星路拐弯处（北红拐角）,1,1,12
北京,4月,中国科学院大学雁栖湖校区,1,1,3
北京,4月,中国科学院生物物理研究所,1,1,7
北京,4月,中央民族干部学院,1,1,1
北京,4月,中山公园,1,1,15
北京,4月,中海寰宇天下景山府,1,1,1
北京,4月,丰台区东四道口,1,1,1
北京,4月,丰台区北京青龙湖公园,1,1,22
北京,4月,临波中路与运粮引河路交叉口,1,1,15
北京,4月,乐活中堤及大宁水库,1,1,29
北京,4月,于辛庄村,1,1,10
北京,4月,云岗北里小院,1,1,12
北京,4月,五一渠生态公园,1,1,3
北京,4月,便利蜂24小时便利店,1,1,6
北京,4月,俸伯地铁站,1,1,2
北京,4月,元土城遗址公园(北京市海淀区),1,1,5
北京,4月,元大都城垣遗址公园东土城沟,1,1,20
北京,4月,元大都城墙遗址公园,1,1,13
北京,4月,光明桥二环东护城河水闸,1,1,12
北京,4月,全国农业展览馆(朝阳区东三环北路16号),1,1,19
北京,4月,八宝山革命公墓,1,1,12
北京,4月,六渡,1,1,8
北京,4月,农业展览馆,1,1,6
北京,4月,农展馆,1,1,16
北京,4月,凉水河大兴段,1,1,10
北京,4月,减河公园-潮白河森林公园,1,1,13
北京,4月,凤港减河桥,1,1,24
北京,4月,分享收获·梨园公社,1,1,5
北京,4月,前门,1,1,1
北京,4月,北京一零一中,1,1,4
北京,4月,北京动物园水禽湖观鸟点,1,1,2
北京,4月,北京北海公园,1,1,21
北京,4月,北京十三陵风景区,1,1,19
北京,4月,北京园博园,1,1,27
北京,4月,北京园博园鹰山森林公园玫瑰沟西北,1,1,15
北京,4月,北京大学城市与环境学院,1,1,8
北京,4月,北京大学肖家河教工住宅(北京市海淀区),1,1,14
北京,4月,北京大学郝坪,1,1,13
北京,4月,北京大学鸣鹤园,1,1,16
北京,4月,北京大滩山里红民宿,1,1,9
北京,4月,北京奥林匹克公园(朝阳区北辰东路15号),1,1,4
北京,4月,北京奥林匹克公园-听泉轩,1,1,1
北京,4月,北京奥林匹克公园北园-花田野趣,1,1,2
北京,4月,北京奥林匹克公园湿地(北京市朝阳区),1,1,21
北京,4月,北京孔庙,1,1,4
北京,4月,北京工业大学,1,1,3
北京,4月,北京市东城区天坛公园-生态科普园,1,1,11
北京,4月,北京市共青林场兴林苗圃,1,1,12
北京,4月,北京市北京市东城区天坛公园-西门,1,1,25
北京,4月,北京市北运河管理处榆林庄管理所,1,1,8
北京,4月,北京市大兴区,1,1,1
北京,4月,北京市大兴区南海子公园一期,1,1,37
北京,4月,北京市奥林匹克森林公园-南园,1,1,8
北京,4月,北京市密云区朱家湾密羽步道,1,1,4
北京,4月,北京市房山区大石河,1,1,4
北京,4月,北京市政府对外联络办公室怀柔接待处,1,1,16
北京,4月,北京市昌平区沙河水库北岸,1,1,6
北京,4月,北京市植物园北园,1,1,1
北京,4月,北京市海淀区人北实验学校东南(三星庄后河),1,1,31
北京,4月,北京市海淀区南大街34号,1,1,20
北京,4月,北京市海淀区翠湖国家城市湿地公园游客服务中心东南,1,1,10
北京,4月,北京市玉渊潭公园,1,1,18
北京,4月,北京市百望山森林公园,1,1,30
北京,4月,北京市百望山森林公园北区,1,1,2
北京,4月,北京市第八中学京西附属小学,1,1,15
北京,4月,北京市通州区北运河,1,1,2
北京,4月,北京市门头沟区,1,1,14
北京,4月,北京市顺义区潮白河,1,1,29
北京,4月,北京市顺义区潮白河森林公园,1,1,9
北京,4月,北京师范大学(海淀区新街口外大街19号),1,1,1
北京,4月,北京师范大学(海淀校园),1,1,32
北京,4月,北京师范大学亚太实验学校,1,1,17
北京,4月,北京建筑大学,1,1,1
北京,4月,北京建筑大学(大兴校区),1,1,7
北京,4月,北京昌平区沙河水库,1,1,12
北京,4月,北京昌平区沙河水库南岸,1,1,27
北京,4月,北京景山学校,1,1,4
北京,4月,北京朝曦公园,1,1,6
北京,4月,北京朝阳公园,1,1,4
北京,4月,北京林业大学(海淀区清华东路35号),1,1,1
北京,4月,北京植物园,1,1,37
北京,4月,北京植物园北园,1,1,6
北京,4月,北京海淀玉渊潭公园,1,1,8
北京,4月,北京温榆河公园-西园,1,1,6
北京,4月,北京百望山森林公园,1,1,17
北京,4月,北京知春公园,1,1,9
北京,4月,北京红螺寺风景区,1,1,19
北京,4月,北京航空航天大学,1,1,7
北京,4月,北京航空航天大学绿园(北京市海淀区),1,1,4
北京,4月,北京语言大学,1,1,15
北京,4月,北坞公园,1,1,1
北京,4月,北庄镇,1,1,9
北京,4月,北张岱,1,1,41
北京,4月,北极寺,1,1,9
北京,4月,北极寺公园,1,1,16
北京,4月,北海,1,1,3
北京,4月,北禾路桥（京礼高速）,1,1,1
北京,4月,北运河东公园,1,1,9
北京,4月,北顶娘娘庙,1,1,9
北京,4月,十三陵碓臼峪自然风景区,1,1,7
北京,4月,十三陵镇水库东路北,1,1,4
北京,4月,千斯坝遗址,1,1,8
北京,4月,千河口村(北京市房山区),1,1,1
北京,4月,南沙河翠湖南路,1,1,21
北京,4月,南海公园一期,1,1,31
北京,4月,南海子三期二期旧忠路一号桥西南,1,1,14
北京,4月,南海子公园(北京市大兴区黄亦路16号),1,1,41
北京,4月,南海子公园凉亭(北京市大兴区幸福巷),1,1,18
北京,4月,南海子公园观景台西南,1,1,24
北京,4月,南海子公园雁影海西,1,1,12
北京,4月,南海子公园鹿鸣海,1,1,19
北京,4月,友谊大桥,1,1,8
北京,4月,双秀公园,1,1,3
北京,4月,右堤路,1,1,22
北京,4月,右堤路大宁水库（北京银泰鸿业高尔夫）,1,1,24
北京,4月,和平月季园,1,1,6
北京,4月,商务部国际商务官员研修学院,1,1,13
北京,4月,四渡桥,1,1,6
北京,4月,四渡河,1,1,14
北京,4月,四渡河村(渤三路),1,1,16
北京,4月,团城湖,1,1,5
北京,4月,团结湖公园,1,1,6
北京,4月,国家大剧院,1,1,8
北京,4月,国家植物园中国科学院植物研究所北门,1,1,5
北京,4月,国家植物园北园王曦彤墓园西侧,1,1,1
北京,4月,国家植物园樱桃沟游览区,1,1,18
北京,4月,国科大雁栖湖校区,1,1,1
北京,4月,圆明园,1,1,6
北京,4月,圆明园-小南园,1,1,1
北京,4月,圆明园圆明园,1,1,30
北京,4月,圆明园西线-万芳安和+武陵春色,1,1,22
北京,4月,圆明园西线-后湖周边,1,1,20
北京,4月,圆明园西线-方壶胜境,1,1,8
北京,4月,圆明园西线-湛清轩+春泽斋,1,1,26
北京,4月,圆明园西线-澹泊宁静+舍卫城,1,1,17
北京,4月,圆明园西线-福海周边,1,1,19
北京,4月,圆明园遗址公园-长春园景区,1,1,22
北京,4月,圆明园遗址公园西北景区,1,1,18
北京,4月,地坛公园,1,1,7
北京,4月,地铁大兴线生物医药基地站,1,1,2
北京,4月,坝河（太阳宫地区）,1,1,11
北京,4月,大兴区南海子公园(公园南环路北200米),1,1,4
北京,4月,大兴区南海子公园(公园南环路北400米),1,1,19
北京,4月,大兴区南海子公园一期),1,1,21
北京,4月,大兴区圣石桥西南100米(公园南环路北),1,1,3
北京,4月,大宁水库/绿堤公园,1,1,28
北京,4月,大望京公园,1,1,3
北京,4月,大观园,1,1,10
北京,4月,大运河森林公园京杭运河鸭岛,1,1,19
北京,4月,大运河源头遗址公园,1,1,4
北京,4月,大钟寺古钟博物馆,1,1,1
北京,4月,天坛公园-南门,1,1,13
北京,4月,天坛公园-科普园,1,1,4
北京,4月,天坛公园北天门东北,1,1,20
北京,4月,天坛公园西门林地,1,1,5
北京,4月,天开自然农社,1,1,5
北京,4月,奥林匹克公园鸟巢,1,1,2
北京,4月,奥林匹克森林公园(北京市朝阳区安立路),1,1,1
北京,4月,奥林匹克森林公园-南园,1,1,14
北京,4月,奥林匹克森林公园北园-大坑,1,1,8
北京,4月,奥林匹克森林公园北园北门大坑,1,1,29
北京,4月,奥林匹克森林公园北园西门水闸,1,1,12
北京,4月,奥林匹克森林公园（北园）,1,1,1
北京,4月,奥林匹克森林公园（奥森）北园,1,1,13
北京,4月,奥森北园+南园,1,1,30
北京,4月,妫水河及沿岸,1,1,1
北京,4月,妫水河森林公园,1,1,9
北京,4月,宋庆龄艺术中心停车场,1,1,3
北京,4月,官厅水库沿岸,1,1,3
北京,4月,官地村,1,1,5
北京,4月,宛平湖-大宁水库,1,1,32
北京,4月,密云区不老屯镇燕落,1,1,9
北京,4月,密云区北庄镇朱家湾村,1,1,24
北京,4月,密云区太师屯镇密古路(城子村),1,1,1
北京,4月,密云区实验林场东600米,1,1,3
北京,4月,密云区金叵罗种鸡场东北400米,1,1,6
北京,4月,密云水库大小曹村库滨带,1,1,4
北京,4月,密云水库大漕村,1,1,23
北京,4月,密云清水河,1,1,28
北京,4月,小川村,1,1,26
北京,4月,小满沁芳,1,1,11
北京,4月,尚湖世家东区小区,1,1,22
北京,4月,居庸关长城,1,1,3
北京,4月,崔各庄黑桥公园,1,1,3
北京,4月,巩华城北沙河南岸,1,1,14
北京,4月,巩华城北沙河及沙河水库,1,1,21
北京,4月,巩华城新城滨河森林公园,1,1,42
北京,4月,平谷区夏各庄镇滨水森林公园,1,1,23
北京,4月,平谷区大华山镇老官顶,1,1,15
北京,4月,平谷区黄松峪乡黑豆峪村,1,1,1
北京,4月,康西草原-马术庄园,1,1,9
北京,4月,延庆区井庄镇白龙坑,1,1,5
北京,4月,延庆区大庄科乡旺泉沟村,1,1,2
北京,4月,延庆区大庄科乡香屯村,1,1,2
北京,4月,延庆区松山国家级自然保护区管理处办公区北,1,1,6
北京,4月,延庆区野鸭湖国家湿地公园(康野路),1,1,5
北京,4月,延庆妫河森林公园,1,1,28
北京,4月,延庆妫河永宁段,1,1,6
北京,4月,建国门外外交公寓,1,1,1
北京,4月,张凤路某干涸鱼塘,1,1,23
北京,4月,怀九河+怀沙河,1,1,25
北京,4月,怀北镇骆驼山,1,1,10
北京,4月,怀柔区圣泉果园西北100米,1,1,1
北京,4月,怀柔区怀九河(四渡河村路南),1,1,2
北京,4月,怀柔区怀北镇河防口,1,1,4
北京,4月,怀柔区栢泉山庄大桥西(雁栖湖北路),1,1,13
北京,4月,怀河及其沿岸,1,1,16
北京,4月,慕田峪,1,1,16
北京,4月,戒台寺,1,1,14
北京,4月,房山区中联正兴电商园区生鲜冷链库西(X026东),1,1,19
北京,4月,房山区乐活中堤(右堤路南),1,1,21
北京,4月,房山区佛子庄乡教军场,1,1,5
北京,4月,房山区十渡(涞宝路南200米),1,1,4
北京,4月,房山区小清河公园(清苑北街东150米),1,1,6
北京,4月,房山区稻田水库东南400米,1,1,11
北京,4月,房山区长阳中粮·京西祥云东300米(独义三路北),1,1,6
北京,4月,房山区长阳兰花文化休闲公园东(京雄高速),1,1,11
北京,4月,房山区长阳梦泽飞鹭东南50米(音乐节南路北),1,1,17
北京,4月,房山区长阳镇大宁水库东岸南段（右堤路西）,1,1,7
北京,4月,房山区长阳镇葫芦垡村,1,1,24
北京,4月,房山区长阳镇高佃二村,1,1,9
北京,4月,房山区长阳长景新园东300米(独义三路东),1,1,15
北京,4月,拉拉湖水库,1,1,1
北京,4月,拒马河十渡,1,1,30
北京,4月,故宫博物院,1,1,11
北京,4月,故宫博物院(东华门),1,1,2
北京,4月,文林大厦(大钟寺四道口路2号甲5号),1,1,2
北京,4月,新凤河,1,1,13
北京,4月,新科祥园,1,1,11
北京,4月,新首钢大桥,1,1,10
北京,4月,旧宫城市森林公园,1,1,17
北京,4月,昌平交通支队沙河大队执法站南(于辛庄路),1,1,9
北京,4月,昌平区九华山庄16区南,1,1,6
北京,4月,昌平区北沙河东200米,1,1,5
北京,4月,昌平区北沙河昌平地铁线往西南岸,1,1,18
北京,4月,昌平区十三陵镇北茅台,1,1,7
北京,4月,昌平区南口镇凤凰山,1,1,8
北京,4月,昌平区回龙观新龙城4期(自行车专用路南),1,1,1
北京,4月,昌平区回龙观生态休闲公园(育知东路东),1,1,7
北京,4月,昌平区小汤山文化广场(顺沙路北200米),1,1,8
北京,4月,昌平区沙河东环北里5号院北50米(环城北路北),1,1,8
北京,4月,昌平区沙河中海尚湖世家(西区)南300米,1,1,18
北京,4月,昌平区沙河北京市路鹏达南丰路项目部西北(环城北路),1,1,7
北京,4月,昌平区沙河园林圣懋南300米,1,1,5
北京,4月,昌平区沙河巩华城地铁站北400米北沙河南岸,1,1,29
北京,4月,昌平区沙河水岸庄园12号楼南400米,1,1,3
北京,4月,昌平区沙河水库大坝西侧南岸,1,1,12
北京,4月,昌平区沙河翠明湖,1,1,8
北京,4月,昌平区沙河镇巩华城半岛,1,1,8
北京,4月,昌平区滨河公园,1,1,8
北京,4月,昌平区碧水庄园76号楼(昌平新城滨河森林公园南),1,1,8
北京,4月,昌平区航天工程大学(沙河校区)北100米,1,1,7
北京,4月,昌平区马池口镇西北地,1,1,12
北京,4月,昌平巩华城新城滨河森林公园及周边,1,1,41
北京,4月,昌平新城滨河森林公园(北京市昌平区),1,1,23
北京,4月,昌平新城滨河森林公园-主入口广场,1,1,20
北京,4月,昌平新城滨河森林公园-休息区,1,1,19
北京,4月,昌平桃峪口水库,1,1,3
北京,4月,昌平滨河森林公园,1,1,24
北京,4月,昌赤路,1,1,20
北京,4月,月岛观景平台,1,1,3
北京,4月,月岛闻莺景区-凉亭,1,1,11
北京,4月,有巢国际公寓社区总部基地店,1,1,5
北京,4月,望京桥西南,1,1,1
北京,4月,望花路西里,1,1,11
北京,4月,朝阳公园08广场,1,1,26
北京,4月,朝阳公园南大门(枣营路南),1,1,14
北京,4月,朝阳公园湖北岸,1,1,16
北京,4月,朝阳区东风公园(青年北路东),1,1,12
北京,4月,朝阳区元大都遗址公园,1,1,5
北京,4月,朝阳区北京温榆河公园蒹葭照水北100米(滨河路东),1,1,1
北京,4月,朝阳区北京质信恒通混凝土有限公司东(来广营北路西),1,1,14
北京,4月,朝阳区南磨房官庄公园(广渠东路南300米),1,1,7
北京,4月,朝阳区奥运村北京奥林匹克公园洼里湖(北五环南),1,1,11
北京,4月,朝阳区奥运村奥林匹克森林公园(北五环北200米),1,1,21
北京,4月,朝阳区奥运村奥林匹克森林公园(奥林西路东400米),1,1,1
北京,4月,朝阳区奥运村奥林匹克森林公园(沉水廊道西),1,1,25
北京,4月,朝阳区奥运村奥林匹克森林公园(清河路南300米),1,1,2
北京,4月,朝阳区奥运村奥林匹克森林公园湿地,1,1,24
北京,4月,朝阳区孙河乡西白辛庄村,1,1,21
北京,4月,朝阳区望京保利中央大道南50米(望京东路南),1,1,5
北京,4月,朝阳区朝阳公园(野鸭岛),1,1,1
北京,4月,朝阳区朝阳公园24商品部东南50米(农展馆北路西),1,1,21
北京,4月,朝阳区花家地北京市园林绿化科学研究院(花家地南街),1,1,13
北京,4月,朱家湾村,1,1,21
北京,4月,朱家湾村附近清水河,1,1,27
北京,4月,朱辛庄桥,1,1,1
北京,4月,杨庄公园,1,1,17
北京,4月,枣林庄村,1,1,14
北京,4月,柳林村,1,1,23
北京,4月,柳林河,1,1,2
北京,4月,栢泉山庄大桥,1,1,9
北京,4月,桥头广场,1,1,17
北京,4月,榆林庄闸上游200米,1,1,18
北京,4月,榴景秀苑,1,1,1
北京,4月,槐香园,1,1,7
北京,4月,永兴河湿地公园,1,1,9
北京,4月,永定公园,1,1,12
北京,4月,汉石桥湿地,1,1,3
北京,4月,沙河北京市昌平区汇贤学校东北50米(环城北路北),1,1,9
北京,4月,沙河北岸（水岸庄园）,1,1,21
北京,4月,沙河南岸,1,1,4
北京,4月,沙河巩华城半岛周边,1,1,8
北京,4月,沙河昌平新城滨河森林公园东入口广场北200米,1,1,25
北京,4月,沙河昌平新城滨河森林公园东入口广场北300米,1,1,16
北京,4月,沙河昌平新城滨河森林公园健身区,1,1,20
北京,4月,沙河昌平新城滨河森林公园健身区西南100米,1,1,26
北京,4月,沙河昌平新城滨河森林公园北100米,1,1,21
北京,4月,沙河昌平新城滨河森林公园北150米,1,1,14
北京,4月,沙河水库+大坝两岸,1,1,53
北京,4月,沙河水库-北岸,1,1,10
北京,4月,沙河水库北岸排水渠附近,1,1,22
北京,4月,沙河水库南岸,1,1,21
北京,4月,沙河水库南沙河,1,1,36
北京,4月,沙河水库巩华城半岛,1,1,13
北京,4月,沙河水库新城滨河森林公园,1,1,21
北京,4月,沙河镇,1,1,19
北京,4月,泉河湖光小区南区(环湖东路),1,1,1
北京,4月,洄城村,1,1,10
北京,4月,海墙坡,1,1,18
北京,4月,海子(北京市大兴区),1,1,12
北京,4月,海棠花溪,1,1,1
北京,4月,海淀公园(四环北150米),1,1,16
北京,4月,海淀公园-西南门,1,1,2
北京,4月,海淀区上庄镇东马坊村,1,1,20
北京,4月,海淀区中关村公园,1,1,12
北京,4月,海淀区中关村公园西南门(友谊路),1,1,10
北京,4月,海淀区北京化工大学(西校区),1,1,1
北京,4月,海淀区圆明园天然图画(如意桥北),1,1,13
北京,4月,海淀区河道管理所五七水库管理站(七王坟路北),1,1,24
北京,4月,海淀区清缘里东50米(清河路南),1,1,18
北京,4月,海淀区玉东园(金河路北300米),1,1,22
北京,4月,海淀区玉渊潭公园,1,1,22
北京,4月,海淀区百望山中央民族干部学院东北50米(黑山扈路),1,1,17
北京,4月,海淀区百望山遗光寺8号院东区21号楼东南50米,1,1,6
北京,4月,海淀区苏家坨镇柳林村,1,1,19
北京,4月,海淀区西小口公园北园,1,1,10
北京,4月,海淀区颐和园团城湖及附近,1,1,12
北京,4月,海淀区香山樱桃沟,1,1,13
北京,4月,清华大学(熙春路),1,1,12
北京,4月,清华大学图书馆,1,1,1
北京,4月,清华大学李文正馆,1,1,1
北京,4月,清华大学校内,1,1,12
北京,4月,清华大学绿园,1,1,7
北京,4月,清水河-朱家湾村段,1,1,24
北京,4月,清水河朱家湾桥向西,1,1,20
北京,4月,清河中段,1,1,12
北京,4月,清河之洲,1,1,19
北京,4月,清河大桥东侧河段,1,1,5
北京,4月,渔阳公园,1,1,5
北京,4月,温榆河孙河乡,1,1,10
北京,4月,温榆河清河汇合段,1,1,29
北京,4月,温榆河畔,1,1,12
北京,4月,湖光小区南区西南(环湖东路),1,1,1
北京,4月,滨河路,1,1,10
北京,4月,潞阳桥,1,1,22
北京,4月,潮汇大桥,1,1,20
北京,4月,潮白河公园,1,1,6
北京,4月,潮白河大桥,1,1,15
北京,4月,潮白河沿线,1,1,32
北京,4月,燕山学堂,1,1,19
北京,4月,牛口峪湿地公园,1,1,15
北京,4月,玉桥东里幸福艺居,1,1,6
北京,4月,玉渊潭,1,1,21
北京,4月,玉渊潭公园万萍荷香,1,1,8
北京,4月,环湖东路,1,1,2
北京,4月,玲珑公园,1,1,6
北京,4月,玲珑公园慈寿寺塔(海淀区玲珑公园内),1,1,7
北京,4月,田园牧歌,1,1,7
北京,4月,白云桥,1,1,5
北京,4月,白堆子甲23号院,1,1,2
北京,4月,白家疃景观休闲园,1,1,16
北京,4月,白河城市森林公园,1,1,10
北京,4月,白河湾(北京市怀柔区琉璃庙镇白河北村),1,1,3
北京,4月,白洋沟(北京市昌平区),1,1,5
北京,4月,白羊沟自然风景区,1,1,5
北京,4月,白马路潮白河,1,1,49
北京,4月,百子湾园,1,1,12
北京,4月,百旺家苑(东区),1,1,7
北京,4月,百望山282,1,1,1
北京,4月,百望山森林公园-圣母院,1,1,1
北京,4月,百望山森林公园-红叶观赏区,1,1,5
北京,4月,百望山森林公园-观景平台,1,1,16
北京,4月,百望山森林公园双井盖平台,1,1,8
北京,4月,百望山森林公园望乡亭西,1,1,36
北京,4月,百望山森林公园黑山头木平台,1,1,33
北京,4月,百里画廊宾榔沟和黄木沟,1,1,5
北京,4月,石渠公园,1,1,2
北京,4月,石门山景区,1,1,34
北京,4月,福海码头,1,1,9
北京,4月,红螺寺旅游区,1,1,12
北京,4月,红领巾公园南门广场,1,1,3
北京,4月,绿堤公园,1,1,32
北京,4月,绿堤公园(北京市丰台区永定河畔),1,1,20
北京,4月,绿堤郊野公园,1,1,19
北京,4月,罗马湖公园,1,1,17
北京,4月,翠湖湿地公园,1,1,45
北京,4月,老山城市休闲公园(北京市石景山区),1,1,33
北京,4月,芳菲园,1,1,5
北京,4月,范各庄村,1,1,20
北京,4月,草原观光路,1,1,6
北京,4月,营房村,1,1,9
北京,4月,营房村村民委员会,1,1,23
北京,4月,萧太后河（田家府段）,1,1,8
北京,4月,蒲洼乡,1,1,11
北京,4月,蟒山国家森林公园蟒山天池景区(昌平区),1,1,13
北京,4月,西三环电视塔雨水排排洪口,1,1,17
北京,4月,西城区永定门天桥百货商场南(永定门内大街北),1,1,1
北京,4月,西城区牛街礼拜寺西北,1,1,6
北京,4月,西城区西直门金运大厦B座西(文慧桥西),1,1,1
北京,4月,西山四棵树,1,1,1
北京,4月,西郊砂石坑,1,1,10
北京,4月,西郊砂石坑公园,1,1,6
北京,4月,西郊雨洪调蓄工程/西郊砂石坑,1,1,13
北京,4月,观景台-杭州,1,1,9
北京,4月,观鸟台,1,1,9
北京,4月,贺新公园,1,1,4
北京,4月,辛庄村,1,1,1
北京,4月,辛庄桥潮河河道,1,1,8
北京,4月,近春园遗址,1,1,5
北京,4月,通州三教庙-燃灯佛舍利塔,1,1,1
北京,4月,通州公园东园(通燕高速南200米),1,1,16
北京,4月,通州区东郊森林湿地公园,1,1,24
北京,4月,通州区北京乐奇马术俱乐部,1,1,26
北京,4月,通州区城市绿心森林公园足球活动中心西,1,1,4
北京,4月,通州区大宗高尔夫俱乐部东南300米,1,1,21
北京,4月,通州区文景街道,1,1,12
北京,4月,通州区老马苹果采摘北800米(运河大堤路西),1,1,19
北京,4月,通州区运通桥西北沿线,1,1,1
北京,4月,通州区马驹桥湿地公园一期(七支路东200米),1,1,15
北京,4月,通惠河灌渠与凉水河交汇处,1,1,21
北京,4月,通明湖公园,1,1,20
北京,4月,通明湖地区,1,1,20
北京,4月,通蕖桥,1,1,10
北京,4月,金茂广场,1,1,26
北京,4月,金融街广场-顺城公园,1,1,1
北京,4月,银山塔林法华寺,1,1,5
北京,4月,银枫秋实景区,1,1,11
北京,4月,长阳公园-万亩滨河公园,1,1,11
北京,4月,门头沟区京西特产韭园酱菜东北100米(韭石路东),1,1,5
北京,4月,门头沟山区,1,1,1
北京,4月,陆谟克堂,1,1,11
北京,4月,陶然亭公园(北京市西城区太平街19号),1,1,11
北京,4月,雁栖河杨宋桥至怀河京承高架桥下,1,1,9
北京,4月,霞云岭金水湖景区(北京市房山区),1,1,11
北京,4月,顺义人才公园,1,1,10
北京,4月,顺义区京平潮白河桥南600米(S32南),1,1,5
北京,4月,顺义区仁和镇光明街道,1,1,1
北京,4月,顺义区减河公园左堤路西侧,1,1,1
北京,4月,顺义区汉石桥湿地公园(S224西),1,1,39
北京,4月,顺义区滨河公园北400米(左堤辅线南),1,1,8
北京,4月,颐和园(西堤),1,1,2
北京,4月,颐和园文昌阁至南如意门,1,1,3
北京,4月,飞鸟与鸣虫农场,1,1,10
北京,4月,首都师范大学(良乡校区),1,1,11
北京,4月,马家湾湿地公园附近,1,1,19
北京,4月,马驹桥湿地公园一期（后堰上村））,1,1,12
北京,4月,高井,1,1,1
北京,4月,鸿仪四方,1,1,25
北京,4月,鹿圈桥,1,1,8
北京,4月,麋鹿苑北京市大兴区,1,1,26
北京,4月,黄花城水长城公园,1,1,3
北京,4月,黎各庄,1,1,5
北京,4月,黑山头,1,1,7
北京,4月,黑山寨村,1,1,3
北京,4月,黑山寨村西,1,1,16
北京,4月,齐物潭,1,1,16
北京,4月,龙山,1,1,14
北京,4月,龙泉驾校(冷泉东路校区),1,1,4
北京,4月,龙潭中湖公园,1,1,8
北京,5月,乐活中堤,170,228,64
北京,5月,天坛公园,135,192,40
北京,5月,奥森北园,124,173,47
北京,5月,百望山森林公园,112,180,60
北京,5月,北京天坛公园,108,164,37
北京,5月,国家植物园北园,88,104,48
北京,5月,奥森南园,60,74,48
北京,5月,昌平新城滨河森林公园巩华城半岛,53,77,48
北京,5月,颐和园,51,56,46
北京,5月,柳荫公园,47,61,35
北京,5月,巩华城半岛（北沙河南岸）,43,47,58
北京,5月,北京玉渊潭公园,42,80,44
北京,5月,北京圆明园遗址公园,41,69,57
北京,5月,奥林匹克森林公园北园,39,71,51
北京,5月,野鸭湖湿地公园,39,42,83
北京,5月,北京沙河水库,38,56,100
北京,5月,玉渊潭公园,32,46,56
北京,5月,北京大学,29,67,54
北京,5月,圆明园遗址公园,26,33,50
北京,5月,北京南海子公园,26,32,55
北京,5月,北京奥林匹克森林公园南园,26,28,42
北京,5月,门头沟小龙门林场,24,25,54
北京,5月,北京翠湖湿地公园,21,50,58
北京,5月,滨河森林公园-沙河水库,21,27,54
北京,5月,太阳宫公园,20,27,21
北京,5月,永定河崖沙燕巢,20,20,15
北京,5月,官厅水库（野鸭湖-康西草原-马场沿线）,19,22,70
北京,5月,百望山森林公园春季猛禽观测点,17,26,38
北京,5月,密云水库,17,17,91
北京,5月,官庄公园,15,22,32
北京,5月,北京市天坛公园,15,17,33
北京,5月,朝阳公园,15,16,44
北京,5月,奥林匹克森林公园北园大坑,14,18,35
北京,5月,紫竹院公园,14,15,32
北京,5月,沙河水库,13,16,55
北京,5月,元大都遗址公园,12,20,17
北京,5月,北京市奥林匹克森林公园,12,15,66
北京,5月,北沙河南岸,12,14,27
北京,5月,宛平湖大宁水库乐活中堤永定河废弃河道,11,23,68
北京,5月,巩华城半岛,11,14,51
北京,5月,北京市密云区朱家湾村清水河,11,13,40
北京,5月,清华大学,10,16,40
北京,5月,奥林匹克森林公园南园,10,11,43
北京,5月,北京密云水库,10,10,79
北京,5月,东小口森林公园,9,21,38
北京,5月,北京动物园,9,20,37
北京,5月,红领巾公园,9,16,24
北京,5月,将府公园,9,12,42
北京,5月,北海公园,9,10,32
北京,5月,野鸭湖国家湿地公园,9,10,72
北京,5月,妙峰山森林公园玫瑰谷,9,9,34
北京,5月,朝阳区奥运村奥林匹克森林公园(清河路南300米),9,9,53
北京,5月,沿河城,9,9,20
北京,5月,龙潭西湖公园,8,15,35
北京,5月,奥森北园+南园,8,10,51
北京,5月,沙河北岸,8,10,27
北京,5月,海淀区百望山森林公园春季猛禽监测点,8,10,30
北京,5月,北京园博园,8,9,53
北京,5月,北京市东城区天坛公园,8,9,31
北京,5月,海淀区百望山森林公园猛禽监测春季点,8,9,19
北京,5月,龙潭中湖,8,9,26
北京,5月,奥林匹克森林公园（北园）,8,8,36
北京,5月,密云水库不老屯天文台,8,8,27
北京,5月,康西草原马场,8,8,59
北京,5月,百望山森林公园春季猛禽监测点,8,8,27
北京,5月,日坛公园(北京市朝阳区日坛北路6号),7,16,21
北京,5月,萧太后河（田家府段）,7,11,40
北京,5月,国家植物园,7,10,41
北京,5月,云岗森林公园,7,9,34
北京,5月,东城区 柳荫公园,7,8,22
北京,5月,密云区太师屯镇小漕村,7,8,37
北京,5月,百望山森林公园黑山头,7,8,24
北京,5月,大运河森林公园,7,7,38
北京,5月,水峪嘴村,7,7,13
北京,5月,沙河昌平新城滨河森林公园,7,7,41
北京,5月,灵山自然风景区,7,7,50
北京,5月,凤港减河,6,12,53
北京,5月,陶然亭公园,6,10,28
北京,5月,野鸭湖马场,6,7,81
北京,5月,东灵山,6,6,41
北京,5月,东郊湿地公园,6,6,34
北京,5月,全国农业展览馆（农展馆）,6,6,30
北京,5月,北京大学鸣鹤园,6,6,33
北京,5月,大兴区瀛海镇四义庄,6,6,14
北京,5月,天坛公园(北京市东城区天坛东路甲1号),6,6,25
北京,5月,天坛公园-祈年殿,6,6,14
北京,5月,天坛公园-科普园,6,6,21
北京,5月,天坛苗圃,6,6,23
北京,5月,沙河水库南岸沿线,6,6,47
北京,5月,萧太后河,6,6,42
北京,5月,门头沟沿河城,6,6,39
北京,5月,颐和园-西门,6,6,27
北京,5月,上庄镇西马坊村,5,16,41
北京,5月,马家湾湿地公园,5,14,23
北京,5月,三星庄后河,5,10,35
北京,5月,白浮泉公园,5,9,27
北京,5月,大运河森林公园-月岛闻莺景区,5,8,54
北京,5月,百望山猛禽观测点,5,8,38
北京,5月,东城区柳荫公园(黄寺大街东),5,6,15
北京,5月,临波中路与运粮引河路交叉口,5,6,40
北京,5月,北京快乐假日大酒店后山,5,6,10
北京,5月,宣武艺园,5,6,21
北京,5月,延庆区野鸭湖国家湿地公园(康野路西),5,6,66
北京,5月,沙河水库（北沙河南岸）,5,6,22
北京,5月,东城区天坛公园(天坛路南150米),5,5,13
北京,5月,农展馆,5,5,33
北京,5月,北京市国家植物园,5,5,42
北京,5月,北京西山国家森林公园,5,5,16
北京,5月,南海子一期,5,5,42
北京,5月,南苑森林湿地公园,5,5,35
北京,5月,奥林匹克森林公园北园西门,5,5,30
北京,5月,妙峰山,5,5,9
北京,5月,牛口峪湿地公园,5,5,30
北京,5月,玉渊潭 公园,5,5,13
北京,5月,龙潭中湖公园,5,5,13
北京,5月,中国科学院大学雁栖湖校区西区,4,18,31
北京,5月,中国科学院大学(雁栖湖校区),4,7,22
北京,5月,海墙坡,4,6,31
北京,5月,北京市东城区天坛公园-生态科普园,4,5,7
北京,5月,常乐村(北京市海淀区),4,5,26
北京,5月,念坛公园,4,5,25
北京,5月,房山区乐活中堤南100米,4,5,51
北京,5月,沙河昌平新城滨河森林公园(巩华城半岛外周边),4,5,44
北京,5月,海淀公园,4,5,38
北京,5月,东城区柳荫公园(青年湖北街西200米),4,4,27
北京,5月,中国科学院大学雁栖湖校区,4,4,22
北京,5月,北京奥林匹克公园叠水花台,4,4,22
北京,5月,北京市丰台区绿堤公园宛平湖,4,4,26
北京,5月,北京永定河废弃河道,4,4,54
北京,5月,北天堂公园,4,4,9
北京,5月,南海子公园,4,4,12
北京,5月,国家植物园北园（原北京植物园）,4,4,31
北京,5月,城市绿心森林公园,4,4,26
北京,5月,天坛公园科普园附近,4,4,17
北京,5月,奥林匹克森林公园,4,4,52
北京,5月,奥林匹克森林公园北园-西门,4,4,43
北京,5月,小漕村外崖壁及潮河沿岸,4,4,38
北京,5月,小龙门牛郎峪,4,4,21
北京,5月,绿堤公园,4,4,41
北京,5月,香山公园,4,4,21
北京,5月,北京环球度假区,3,24,36
北京,5月,海淀区上庄镇东马坊村,3,16,41
北京,5月,北科建水岸雁栖,3,15,47
北京,5月,北京大学医学部,3,14,21
北京,5月,旺景公园,3,10,14
北京,5月,大宗高尔夫,3,8,58
北京,5月,北沙河及巩华城半岛,3,7,18
北京,5月,北京朝来森林公园,3,6,26
北京,5月,北长河,3,6,41
北京,5月,中国人民大学附属中学（人大附中本部）,3,5,15
北京,5月,中国传媒大学,3,5,12
北京,5月,北京海淀玉渊潭公园,3,5,20
北京,5月,天坛公园科普园,3,5,17
北京,5月,沙河,3,5,33
北京,5月,首钢园-群明湖,3,5,15
北京,5月,何里栖地公园,3,4,13
北京,5月,北京奥林匹克公园,3,4,37
北京,5月,北京师范大学(海淀校园),3,4,3
北京,5月,北京快乐假日大酒店,3,4,20
北京,5月,天坛公园北天门东北,3,4,11
北京,5月,日坛公园,3,4,13
北京,5月,老山城市休闲公园,3,4,19
北京,5月,东城区天坛公园科普园(天坛路南),3,3,25
北京,5月,中关村森林公园,3,3,27
北京,5月,北京奥森公园,3,3,11
北京,5月,北京市朝阳区望和公园-北园,3,3,23
北京,5月,北京莲花池公园,3,3,14
北京,5月,北坞公园,3,3,40
北京,5月,四义庄,3,3,9
北京,5月,圆明园遗址公园(海淀区清华西路28号),3,3,32
北京,5月,大兴区西北永定河畔,3,3,12
北京,5月,奥林匹克森林公园南园(北京市朝阳区),3,3,53
北京,5月,密云区北庄镇朱家湾村,3,3,22
北京,5月,密云区太师屯镇泉河,3,3,18
北京,5月,密云区高岭镇人民政府(高岭村政府路8号),3,3,13
北京,5月,小龙门,3,3,23
北京,5月,小龙门森林公园,3,3,35
北京,5月,巩华城沙河,3,3,34
北京,5月,故宫博物院,3,3,8
北京,5月,昌平新城滨河森林公园,3,3,33
北京,5月,暖泉会村,3,3,22
北京,5月,未来科学城滨水公园,3,3,39
北京,5月,朱家湾,3,3,34
北京,5月,永定公园,3,3,23
北京,5月,汉石桥湿地自然保护区,3,3,29
北京,5月,沙河昌平新城滨河森林公园北100米,3,3,39
北京,5月,清河之洲,3,3,18
北京,5月,玉东郊野公园,3,3,30
北京,5月,百花山保护区,3,3,31
北京,5月,神堂峪风景区,3,3,23
北京,5月,通州区凤港减河,3,3,25
北京,5月,通州区文景街道,3,3,29
北京,5月,野鸭湖，马场,3,3,77
北京,5月,马场,3,3,61
北京,5月,鸿博公园,3,3,34
北京,5月,黑山头,3,3,8
北京,5月,松香湖,2,13,19
北京,5月,中国农业大学(西校区),2,12,18
北京,5月,四得公园(北京市朝阳区将台西路9号),2,12,23
北京,5月,分钟寺,2,10,20
北京,5月,齐物潭,2,10,7
北京,5月,房山新城滨水森林公园,2,9,27
北京,5月,东郊森林公园华北树木园(北京市通州区),2,6,28
北京,5月,望京公园,2,6,11
北京,5月,中国科学院大学雁栖湖校区(东校区),2,5,16
北京,5月,北京大学镜春园,2,5,29
北京,5月,海淀区北坞公园(金河路南),2,5,44
北京,5月,上庄水库(北京市海淀区),2,4,40
北京,5月,奥林匹克森林公园北园(北京市朝阳区),2,4,15
北京,5月,怀柔城市森林公园,2,4,26
北京,5月,昌平区沙河水库北岸,2,4,42
北京,5月,东小口城市休闲公园(北京市昌平区),2,3,26
北京,5月,五里桥公园,2,3,21
北京,5月,北京教学植物园,2,3,25
北京,5月,北京颐和园,2,3,13
北京,5月,怀柔区北京喇叭沟原始森林公园,2,3,22
北京,5月,朝阳区望京伯爵城中央公园(阜安西路南),2,3,4
北京,5月,沙河尚湖世家东区小区南(环城北路),2,3,8
北京,5月,沙河湿地公园,2,3,16
北京,5月,清河之源,2,3,20
北京,5月,通州区东郊森林湿地公园,2,3,32
北京,5月,3W咖啡(北京大学店),2,2,2
北京,5月,东城区北新桥雍和宫地铁站(雍和宫大街),2,2,5
北京,5月,东城区天坛公园(天坛路南300米),2,2,15
北京,5月,东城区天坛公园双环万寿亭西北200米(天坛路南),2,2,7
北京,5月,中国农业大学东校区,2,2,5
北京,5月,中国科学院大学(玉泉路校区),2,2,1
北京,5月,亦庄通明湖公园,2,2,18
北京,5月,什刹海西海湿地公园,2,2,12
北京,5月,元大都城垣遗址公园(安贞西里小区北)大都建典,2,2,11
北京,5月,全国农业展览馆,2,2,27
北京,5月,全国青少年户外体育活动营地,2,2,39
北京,5月,兴隆公园,2,2,23
北京,5月,农展馆二号馆东,2,2,11
北京,5月,农展馆后湖,2,2,14
北京,5月,北京农学院,2,2,2
北京,5月,北京大觉寺,2,2,3
北京,5月,北京奥林匹克公园-叠水花台,2,2,1
北京,5月,北京市朝阳公园,2,2,24
北京,5月,北京市海淀区翠湖国家城市湿地公园,2,2,28
北京,5月,北京市百望山森林公园,2,2,24
北京,5月,北京市通州区X022(老通胡南路),2,2,38
北京,5月,北京昌平沙河大坝,2,2,23
北京,5月,北京朝阳公园,2,2,33
北京,5月,北京林业大学,2,2,7
北京,5月,北京林业大学林之心,2,2,20
北京,5月,北京植物园(北京市海淀区香山路),2,2,33
北京,5月,北京植物园-树木区,2,2,17
北京,5月,北京温榆河公园-西园,2,2,5
北京,5月,北京美如画客栈,2,2,1
北京,5月,北京航空航天大学(沙河校区),2,2,10
北京,5月,北京野鸭湖湿地公园,2,2,75
北京,5月,北京陶然亭公园,2,2,12
北京,5月,北极寺公园,2,2,11
北京,5月,北植,2,2,13
北京,5月,北沙河,2,2,37
北京,5月,南海子公园雁影海,2,2,23
北京,5月,卢沟桥南-乐活中堤 永定河湿地,2,2,28
北京,5月,大兴区京雄高速出口(五环路方向)西南400米,2,2,6
北京,5月,大兴区南海子公园南海子牡丹园西(公园南环路北),2,2,27
北京,5月,大兴区永定河大桥西南200米(京良路南),2,2,5
北京,5月,大宁水库-乐活中堤（即滞洪水库）-废弃河道,2,2,12
北京,5月,大岭沟猕猴桃谷景区,2,2,17
北京,5月,大望京公园,2,2,14
北京,5月,天坛公园科普园至西门,2,2,15
北京,5月,天坛公园西门林地,2,2,11
北京,5月,天宁寺桥,2,2,18
北京,5月,奥林匹克森林公园-北园,2,2,37
北京,5月,奥森公园南园,2,2,29
北京,5月,奥森北园河西,2,2,42
北京,5月,奥森奥森南园,2,2,30
北京,5月,宛平湖,2,2,14
北京,5月,密云区不老屯镇学各庄村,2,2,26
北京,5月,密云区太师屯村,2,2,4
北京,5月,密云水库清水河口,2,2,14
北京,5月,密云清水河,2,2,14
北京,5月,密云清水河+潮河,2,2,16
北京,5月,小清河岸,2,2,17
北京,5月,小漕村,2,2,13
北京,5月,小龙门南沟,2,2,17
北京,5月,小龙门国家级森林公园,2,2,20
北京,5月,幽州大峡谷,2,2,24
北京,5月,幽州大峡谷(北京市门头沟区沿河城附近),2,2,7
北京,5月,延庆区永宁镇金牛山,2,2,21
北京,5月,延庆区野鸭湖国家湿地公园(康野路),2,2,68
北京,5月,延庆野鸭湖,2,2,31
北京,5月,房山大石河,2,2,21
北京,5月,昌平区回龙观龙锦苑4区(龙锦二街南150米),2,2,1
北京,5月,昌平区沙河北京快乐犬业繁殖基地南(42公里绿道南),2,2,20
北京,5月,昌平区沙河巩华城地铁站东200米,2,2,36
北京,5月,昌平巩华城新城滨河森林公园及周边,2,2,21
北京,5月,月坛公园,2,2,18
北京,5月,朝阳区元大都遗址公园,2,2,16
北京,5月,朝阳区南磨房官庄公园(广渠东路南300米),2,2,16
北京,5月,朝阳区太阳宫公园(太阳宫北街北),2,2,15
北京,5月,朝阳区奥运村北京奥林匹克公园(天辰东路东),2,2,27
北京,5月,朝阳区奥运村奥林匹克森林公园(北五环北200米),2,2,33
北京,5月,朝阳区奥运村奥林匹克森林公园(奥林西路东400米),2,2,5
北京,5月,未来科学城滨水公园(北京市昌平区),2,2,28
北京,5月,朱家湾村,2,2,21
北京,5月,森林奇趣餐厅,2,2,21
北京,5月,樱花庭院,2,2,12
北京,5月,江水河,2,2,26
北京,5月,沙河南岸,2,2,17
北京,5月,沙河水库北岸,2,2,26
北京,5月,海淀区圆明园万春湖西北100米(九曲仿木桥西南),2,2,18
北京,5月,海淀区玉东园(颐和园西门路北150米),2,2,21
北京,5月,海淀区西北旺镇武家庄（中关村森林公园南区）,2,2,8
北京,5月,清华大学主楼北侧林地,2,2,14
北京,5月,清水河太师屯高速桥以下段,2,2,34
北京,5月,温榆河孙河乡,2,2,20
北京,5月,温榆河孙河河段,2,2,14
北京,5月,潮白河-云蒙大桥至学府西桥段,2,2,31
北京,5月,潮白河通州段,2,2,30
北京,5月,潮白河（俸伯桥至苏庄闸桥）,2,2,22
北京,5月,灵山洪水口村,2,2,2
北京,5月,灵山观鸟点,2,2,4
北京,5月,狼垡城市森林公园,2,2,15
北京,5月,玉渊潭公园-l,2,2,35
北京,5月,百望山望京楼,2,2,24
北京,5月,百望山森林公园黑山头木平台,2,2,17
北京,5月,百望山黑山头,2,2,21
北京,5月,石匣村,2,2,21
北京,5月,禾子涧村(北京市昌平区),2,2,11
北京,5月,立禅庵村,2,2,40
北京,5月,翠湖国家城市湿地公园,2,2,35
北京,5月,虎峪自然风景区,2,2,25
北京,5月,西郊砂石坑,2,2,18
北京,5月,西郊砂石坑公园,2,2,21
北京,5月,西郊雨洪调蓄工程/西郊砂石坑,2,2,20
北京,5月,转河小憩园,2,2,17
北京,5月,通州三教庙-燃灯佛舍利塔,2,2,10
北京,5月,通州区北京小海字健身训练营东南100米(张凤路东),2,2,31
北京,5月,门头沟区小龙门国家级森林公园(G109东),2,2,23
北京,5月,雁栖河科学城段(北京市怀柔区),2,2,31
北京,5月,青白口桥,2,2,10
北京,5月,颐和园-十七孔桥,2,2,1
北京,5月,首都经济贸易大学(花乡张家路口121号),2,2,1
北京,5月,马场和野鸭湖国家湿地公园,2,2,51
北京,5月,龙潭公园,2,2,28
北京,5月,龙潭湖公园,2,2,14
北京,5月,合生·滨江帝景,1,25,15
北京,5月,十一学校魔术林,1,17,15
北京,5月,中国科学院大学（雁栖湖）,1,14,33
北京,5月,东石公园,1,11,34
北京,5月,中国环境科学研究院,1,9,21
北京,5月,小中河,1,9,20
北京,5月,漕运码头,1,9,25
北京,5月,圆明园遗址公园西北景区大沙坑,1,8,27
北京,5月,百望山282,1,8,6
北京,5月,树村郊野公园,1,7,22
北京,5月,水南-桑园-高古庄村,1,7,29
北京,5月,大兴区南海子公园二期,1,6,46
北京,5月,恒通商务园,1,6,11
北京,5月,万丰公园,1,5,22
北京,5月,丰台区莲花池公园(莲花池南路北200米),1,5,20
北京,5月,北京师范大学附属实验中学,1,5,13
北京,5月,妫水（北关相思公园段）2,1,5,23
北京,5月,武各庄村南侧林地,1,5,10
北京,5月,北京大学附属中学,1,4,8
北京,5月,北京市海淀百望山森林公园溢水亭西,1,4,29
北京,5月,奥森北园河东,1,4,35
北京,5月,崔家窑,1,4,25
北京,5月,张凤路某干涸鱼塘,1,4,20
北京,5月,昌平区回龙观流星花园3区北300米(文华路西),1,4,5
北京,5月,槐树岭四号院,1,4,20
北京,5月,沮沟桥,1,4,27
北京,5月,海淀区苏家坨镇土桥柳林河,1,4,31
北京,5月,绿城·百合公寓南区,1,4,23
北京,5月,雁栖河至怀河(北京市怀柔区葛各庄路),1,4,23
北京,5月,东洲家园(北京市朝阳区来广营北路88号),1,3,5
北京,5月,元大都城垣遗址公园,1,3,15
北京,5月,凉水河经开区河段,1,3,19
北京,5月,北京华文学院(北京市昌平区七北路69号),1,3,16
北京,5月,北京市第十三中学,1,3,13
北京,5月,北土城东路元大都遗址公园,1,3,22
北京,5月,北小河,1,3,29
北京,5月,南长河公园,1,3,20
北京,5月,商务部国际商务官员研修学院,1,3,14
北京,5月,奥林匹克森林公园北园北门大坑,1,3,28
北京,5月,安慧桥,1,3,4
北京,5月,对外经济贸易大学,1,3,16
北京,5月,平谷区黄松峪乡黑豆峪村,1,3,25
北京,5月,昌平沙河水库北岸,1,3,35
北京,5月,枣林庄村,1,3,43
北京,5月,水衙沟万丰公园,1,3,13
北京,5月,沙河水库西岸,1,3,47
北京,5月,百里画廊宾榔沟和黄木沟,1,3,6
北京,5月,金盏森林公园,1,3,21
北京,5月,首都师范大学,1,3,3
北京,5月,马驹桥湿地公园-二期,1,3,33
北京,5月,中国政法大学(昌平校区),1,2,11
北京,5月,中国现代文学馆,1,2,6
北京,5月,中国科学院植物研究所(北京市海淀区),1,2,22
北京,5月,中国空间技术研究院东北,1,2,1
北京,5月,中国资源卫星应用中心,1,2,1
北京,5月,乐府江南,1,2,1
北京,5月,云岗森林公园-西门,1,2,20
北京,5月,亦新公园,1,2,6
北京,5月,兆维工业园,1,2,6
北京,5月,全国农业展览馆9号馆,1,2,4
北京,5月,北京大学小水坑,1,2,15
北京,5月,北京大学恬园草坪,1,2,2
北京,5月,北京大学肖家河教工住宅(北京市海淀区),1,2,18
北京,5月,北京宏志中学,1,2,1
北京,5月,北京展览馆后湖,1,2,14
北京,5月,北京师范大学,1,2,2
北京,5月,北京明诚外国语学校,1,2,9
北京,5月,北方工业大学,1,2,1
北京,5月,十一学校小水坑鸟类监测点,1,2,1
北京,5月,千斯坝遗址,1,2,13
北京,5月,南旱河,1,2,28
北京,5月,双星桥旁小河沟,1,2,14
北京,5月,大兴区绿地中央广场兴贸中心(兴华大街东),1,2,5
北京,5月,大兴区西红门镇生态公园,1,2,9
北京,5月,大兴区长子营湿地公园,1,2,20
北京,5月,大兴生态文明教育公园,1,2,12
北京,5月,天秀花园古月园,1,2,1
北京,5月,宋庄文化公园,1,2,11
北京,5月,平谷区泃河洳河交汇地,1,2,57
北京,5月,延庆区世界葡萄博览园(X806北),1,2,15
北京,5月,房山区长阳长景新园东300米(独义三路东),1,2,15
北京,5月,文华殿,1,2,31
北京,5月,昌平十三陵水库,1,2,56
北京,5月,星河湾四季会公园,1,2,3
北京,5月,望京伯爵城中央公园,1,2,4
北京,5月,朝阳区八里桥京贸国际公寓北(京通快速公路北),1,2,7
北京,5月,朝阳区太阳宫公园(四环南),1,2,5
北京,5月,桃下路+望百路,1,2,13
北京,5月,沙河水库巩华城半岛,1,2,31
北京,5月,沙河镇,1,2,1
北京,5月,花家怡园(清华西路店),1,2,33
北京,5月,车公庄西路20号院,1,2,10
北京,5月,通州区台湖公园,1,2,32
北京,5月,通州区大宗高尔夫俱乐部东150米,1,2,27
北京,5月,陆谟克堂,1,2,1
北京,5月,雁栖河桥,1,2,35
北京,5月,顺义区南法信镇,1,2,1
北京,5月,马驹桥湿地公园-一期,1,2,35
北京,5月,高梁桥斜街南长河,1,2,8
北京,5月,龙城花园(北京市昌平区昌平路317号),1,2,18
北京,5月,龙祥嘉园(北京市朝阳区清林东路1号),1,2,4
北京,5月,一渡河,1,1,15
北京,5月,七孔桥花海主题公园,1,1,42
北京,5月,七王坟(不对外开放),1,1,1
北京,5月,三里河国家发展和改革委员会(三里河南五巷),1,1,1
北京,5月,不老屯天文台,1,1,9
北京,5月,不老屯镇,1,1,33
北京,5月,不老生态园,1,1,20
北京,5月,东一处公园,1,1,4
北京,5月,东坝郊野公园,1,1,16
北京,5月,东城区天坛公园科普园西北100米(天坛路南),1,1,6
北京,5月,东城区天安门广场(前门东大街北100米),1,1,5
北京,5月,东城区柳荫公园(黄寺大街北),1,1,16
北京,5月,东城区龙潭西湖公园(龙潭路南),1,1,15
北京,5月,东埠头沟公园,1,1,11
北京,5月,东岭郊野公园,1,1,2
北京,5月,东湖湾,1,1,7
北京,5月,中关村东升科技园,1,1,2
北京,5月,中关村环保科技示范园(夏雪路),1,1,1
北京,5月,中关村生命科学园,1,1,18
北京,5月,中关村软件园联想总部东街心花园,1,1,13
北京,5月,中国人民大学(友谊路),1,1,7
北京,5月,中国人民大学附属中学,1,1,6
北京,5月,中国农业大学西区,1,1,1
北京,5月,中国农业大学西校区,1,1,1
北京,5月,中国地质大学(北京),1,1,2
北京,5月,中国矿业大学（北京）,1,1,6
北京,5月,中国科学院古脊椎动物与古人类研究所(西直门外大街辅路),1,1,3
北京,5月,中国科学院大学两弹一星路/国科北路路口北侧（雀鹰路口）,1,1,5
北京,5月,中国科学院大学两弹一星路拐弯处（北红拐角）,1,1,18
北京,5月,中国科学院大学西区停车场西南小路北侧台地（小鹀平台）,1,1,27
北京,5月,中海凯旋,1,1,1
北京,5月,中胡家务,1,1,8
北京,5月,丰台区世纪森林公园,1,1,26
北京,5月,丰台区北京园博园(河堤路西150米),1,1,14
北京,5月,丰台区大红门凉水河(安榴南街西),1,1,8
北京,5月,丰台区新发地海子公园(新宫商业二街北),1,1,11
北京,5月,丰台区西山甲1号得秀北街4号院(得秀南街北),1,1,5
北京,5月,丰台区靛厂路26号院,1,1,8
北京,5月,丰台科技园生态主题公园,1,1,5
北京,5月,丰汇园,1,1,1
北京,5月,临波中路,1,1,19
北京,5月,九棵树通州云景公园(云景西路西),1,1,5
北京,5月,于家务乡紫峰九院城北侧,1,1,5
北京,5月,五里桥郊野公园,1,1,3
北京,5月,亦庄国际企业文化园(西园),1,1,5
北京,5月,亦庄新城滨河森林公园(亦庄滨河森林公园),1,1,19
北京,5月,京东大峡谷,1,1,5
北京,5月,京溪小区,1,1,1
北京,5月,京西林场,1,1,14
北京,5月,京西稻保护性种植区,1,1,24
北京,5月,京郊大地庄园,1,1,1
北京,5月,什刹海公园,1,1,7
北京,5月,元大都城垣遗址,1,1,5
北京,5月,全国农业展览馆馆南路,1,1,4
北京,5月,八达岭长城-八达岭国际友谊林,1,1,17
北京,5月,兴会公园重兴寺区,1,1,7
北京,5月,凉水河丰台段,1,1,1
北京,5月,凉水河公园三期附近,1,1,18
北京,5月,凉水河通州段,1,1,13
北京,5月,凉水河通明湖段,1,1,26
北京,5月,凉水河（通明湖公园附近）,1,1,22
北京,5月,凤港减河沿岸,1,1,11
北京,5月,分享收获·梨园公社,1,1,6
北京,5月,分享收获有机农场,1,1,2
北京,5月,前门,1,1,4
北京,5月,勇士营2号地,1,1,3
北京,5月,勇士营郊野公园,1,1,12
北京,5月,化唐沟,1,1,12
北京,5月,北二环城市公园,1,1,1
北京,5月,北京(通州)大运河文化旅游景区,1,1,34
北京,5月,北京世园公园,1,1,12
北京,5月,北京交通大学,1,1,8
北京,5月,北京人定湖公园,1,1,1
北京,5月,北京会议中心,1,1,2
北京,5月,北京凤凰岭自然风景区,1,1,7
北京,5月,北京动物园内,1,1,8
北京,5月,北京协和药厂,1,1,3
北京,5月,北京古代建筑博物馆,1,1,9
北京,5月,北京大学(昌平新校区),1,1,22
北京,5月,北京大学中国社会工作研究中心,1,1,6
北京,5月,北京大学荷花池（中水池）,1,1,4
北京,5月,北京大学葛利普教授之墓,1,1,4
北京,5月,北京大学蔡元培像,1,1,13
北京,5月,北京天池峡谷风景区,1,1,3
北京,5月,北京奥林匹克公园-大树园,1,1,11
北京,5月,北京奥林匹克公园-湿地,1,1,14
北京,5月,北京奥林匹克公园静心池西北,1,1,18
北京,5月,北京奥林匹克森林公园北园-大树园,1,1,28
北京,5月,北京小学(翡翠城分校),1,1,22
北京,5月,北京工业大学,1,1,10
北京,5月,北京市三帆中学北京师大二附中初中部,1,1,1
北京,5月,北京市东城区故宫东门外,1,1,8
北京,5月,北京市北京市东城区天坛公园-西门,1,1,3
北京,5月,北京市北京市海淀区玉渊潭公园,1,1,23
北京,5月,北京市北京市门头沟区北京永定河莲石湖公园,1,1,11
北京,5月,北京市园林绿化科学研究院,1,1,12
北京,5月,北京市圆明园遗址公园,1,1,34
北京,5月,北京市大兴区南海子公园,1,1,26
北京,5月,北京市密云区S310(琉辛路),1,1,22
北京,5月,北京市房山区周口店旧矿场,1,1,31
北京,5月,北京市昌平区沙河水库,1,1,30
北京,5月,北京市朝阳区兴隆公园,1,1,9
北京,5月,北京市朝阳区红领巾公园,1,1,20
北京,5月,北京市海淀区上庄乡常乐村村民委员会南(马坊中路西),1,1,6
北京,5月,北京市第三十五中学,1,1,1
北京,5月,北京市通州区北运河,1,1,11
北京,5月,北京市野生动物救护繁育中心,1,1,8
北京,5月,北京市鹫峰,1,1,7
北京,5月,北京师范大学亚太实验学校,1,1,1
北京,5月,北京师范大学基建处,1,1,7
北京,5月,北京师范大学学16楼(北京市海淀区),1,1,1
北京,5月,北京师范大学快递站,1,1,1
北京,5月,北京建筑大学,1,1,8
北京,5月,北京明城墙遗址公园,1,1,1
北京,5月,北京植物园北园,1,1,8
北京,5月,北京植物园南区,1,1,1
北京,5月,北京植物所,1,1,38
北京,5月,北京汇文中学,1,1,1
北京,5月,北京海湾半山温泉酒店,1,1,4
北京,5月,北京温榆河公园-东园,1,1,2
北京,5月,北京温榆河公园·故城记忆(观光火车|观光车候车点|虹亭),1,1,17
北京,5月,北京百旺公园,1,1,11
北京,5月,北京百花山社,1,1,3
北京,5月,北京看丹公园,1,1,14
北京,5月,北京航空航天大学,1,1,1
北京,5月,北京首都机场,1,1,1
北京,5月,北京香山饭店,1,1,6
北京,5月,北京鹫峰国家森林公园,1,1,5
北京,5月,北坞公园金山寺(北坞村路29号),1,1,23
北京,5月,北大校园,1,1,28
北京,5月,北小河公园,1,1,6
北京,5月,北展剧场,1,1,1
北京,5月,北庄镇,1,1,10
北京,5月,北极寺,1,1,11
北京,5月,北沙河北岸,1,1,1
北京,5月,北海公园小西天,1,1,7
北京,5月,北湖林地,1,1,24
北京,5月,北长河金河,1,1,42
北京,5月,十渡,1,1,7
北京,5月,千灵山,1,1,26
北京,5月,千灵山（或加戒台寺）,1,1,43
北京,5月,华贸绿线城市森林公园,1,1,2
北京,5月,南海子公园-南海子牡丹园,1,1,35
北京,5月,南海子公园二期西湖,1,1,32
北京,5月,南海子公园观景台西南,1,1,7
北京,5月,南海子麋鹿苑,1,1,38
北京,5月,南湾村,1,1,2
北京,5月,南石洋大峡谷,1,1,4
北京,5月,南苑大泡子,1,1,15
北京,5月,卢沟桥晓月湖-宛平湖,1,1,1
北京,5月,后八家庄村,1,1,4
北京,5月,向阳闸桥,1,1,25
北京,5月,和平里北街-D西南口,1,1,1
北京,5月,嘉河公园,1,1,11
北京,5月,四元桥,1,1,8
北京,5月,四渡河村(渤三路),1,1,8
北京,5月,回龙观北京农学院(海棠路),1,1,3
北京,5月,园博园功能湿地（晓月湖芦苇）,1,1,4
北京,5月,国家图书馆,1,1,13
北京,5月,国家植物园北京植物园树木区东北,1,1,8
北京,5月,国家植物园北园-东南门,1,1,1
北京,5月,国家植物园北园东南门-售票处,1,1,32
北京,5月,国家植物园北园和南园,1,1,14
北京,5月,国家植物园南园,1,1,4
北京,5月,国家植物园樱桃沟,1,1,35
北京,5月,国家植物园银杏松柏区东北,1,1,3
北京,5月,国家植物园（北园）,1,1,15
北京,5月,国科大怀柔,1,1,10
北京,5月,国科大雁栖湖校区,1,1,2
北京,5月,圆明园,1,1,23
北京,5月,圆明园-含经堂,1,1,10
北京,5月,圆明园-玉玲珑,1,1,12
北京,5月,圆明园福海以西沿线,1,1,12
北京,5月,圆明园福海至藻园门,1,1,27
北京,5月,圆明园绮春园景区,1,1,5
北京,5月,圆明园藻园门向北,1,1,7
北京,5月,圆明园遗址公园藻园门(西苑北桥北侧),1,1,13
北京,5月,圆明园遗址公园西北景区,1,1,19
北京,5月,圆明园遗址公园西线,1,1,28
北京,5月,土城沟水系,1,1,10
北京,5月,坡峰岭,1,1,2
北京,5月,城子,1,1,3
北京,5月,城市绿心森林公园-北门,1,1,11
北京,5月,大兴区丽家宝贝集团总部基地北400米(团四路南),1,1,6
北京,5月,大兴区京雄高速出口西南300米(左堤路西),1,1,6
北京,5月,大兴区京雄高速出口西南400米(左堤路西),1,1,13
北京,5月,大兴区南海子公园(公园南环路北200米),1,1,3
北京,5月,大兴区南海子公园(公园南环路北400米),1,1,45
北京,5月,大兴区瀛海镇亦庄镇,1,1,21
北京,5月,大兴区西红门兴海公园,1,1,9
北京,5月,大兴区西红门镇怀畅园,1,1,7
北京,5月,大兴区长子营镇牛坊村,1,1,27
北京,5月,大兴区高家堡村幼儿园西600米(左堤路西),1,1,2
北京,5月,大兴区黄村镇高家堡,1,1,1
北京,5月,大兴发展亦生悦B区(瀛信路南),1,1,6
北京,5月,大宁水库-乐活中堤,1,1,12
北京,5月,大王庙(北京市丰台区左堤路),1,1,20
北京,5月,大运河森林公园月岛至柳舟,1,1,16
北京,5月,大运河高尔夫俱乐部(北京市通州区),1,1,16
北京,5月,天兆家园,1,1,8
北京,5月,天坛,1,1,8
北京,5月,天坛公园-北门,1,1,15
北京,5月,天坛公园北门东,1,1,7
北京,5月,天坛公园天坛公园,1,1,14
北京,5月,天坛公园西门至苗圃区间,1,1,27
北京,5月,奥体中心,1,1,18
北京,5月,奥林匹克森林公园(北京市朝阳区安立路),1,1,35
北京,5月,奥林匹克森林公园FE,1,1,25
北京,5月,奥林匹克森林公园北门桥,1,1,23
北京,5月,奥林匹克森林公园南园-东门,1,1,4
北京,5月,奥林匹克森林公园南园奥海北,1,1,3
北京,5月,奥林匹克森林公园叠水花台附近,1,1,26
北京,5月,奥林匹克森林公园（奥森）北园,1,1,16
北京,5月,奥森南园西线,1,1,13
北京,5月,奥运村奥林匹克森林公园北园(奥森公园绿道),1,1,34
北京,5月,妙峰山玫瑰梯田观景平台,1,1,6
北京,5月,妫水河森林公园,1,1,1
北京,5月,姜场村,1,1,24
北京,5月,孙河文创中心,1,1,24
北京,5月,学各庄村(北京市密云区),1,1,21
北京,5月,宁兰山居,1,1,10
北京,5月,宋庄蓄滞洪公园,1,1,10
北京,5月,官厅水库,1,1,15
北京,5月,宛平湖西岸,1,1,1
北京,5月,宝山寺(北京市怀柔区宝山大街北50米),1,1,3
北京,5月,实创医谷产业园,1,1,1
北京,5月,密云区清水河,1,1,13
北京,5月,密云区潮汇大桥西(X036),1,1,29
北京,5月,密云区高岭镇放马峪村,1,1,47
北京,5月,密云水库不老屯库滨带,1,1,13
北京,5月,密云水库大小曹村库滨带,1,1,5
北京,5月,密虹公园,1,1,3
北京,5月,寻野露营地(Y351),1,1,11
北京,5月,小皮营(福东街),1,1,2
北京,5月,小龙门国家森林公园,1,1,18
北京,5月,小龙门国家级森林公园(清水镇小龙门林场),1,1,20
北京,5月,小龙门狗食槽,1,1,2
北京,5月,山羊洼(南羊路),1,1,8
北京,5月,巩华城新城滨河森林公园,1,1,22
北京,5月,巩华城滨河森林公园及半岛周边,1,1,1
北京,5月,常营公园,1,1,7
北京,5月,平谷区夏各庄镇滨水森林公园,1,1,20
北京,5月,平谷区泃河杨各庄村段,1,1,19
北京,5月,平谷区泃河海子桥,1,1,11
北京,5月,平谷区泃河音乐环岛西侧,1,1,43
北京,5月,平谷区泃河马坊镇泃河一桥,1,1,21
北京,5月,平谷区西峪水库,1,1,14
北京,5月,幽州峡谷,1,1,10
北京,5月,广阳谷城市森林公园,1,1,13
北京,5月,延庆区北京快乐假日大酒店东北50米(旧小路北),1,1,9
北京,5月,延庆区野鸭湖风景区西南200米,1,1,70
北京,5月,延庆妫河森林公园,1,1,15
北京,5月,延庆百里画廊,1,1,1
北京,5月,延庆镇大岛,1,1,7
北京,5月,御康公园,1,1,17
北京,5月,怀九河,1,1,29
北京,5月,怀柔区九渡河小学南700米,1,1,16
北京,5月,怀柔区北京怀柔山水人家西300米,1,1,7
北京,5月,怀柔区北房镇苇里路观景平台,1,1,12
北京,5月,怀柔区喇叭沟原始森林风景区-南猴岭观赏区,1,1,2
北京,5月,怀柔区怀水大桥东南,1,1,11
北京,5月,怀柔区怀水大桥西北,1,1,12
北京,5月,怀柔区杨宋庄桥西南150米(怀杨路南),1,1,17
北京,5月,怀柔区箭扣长城,1,1,6
北京,5月,怀柔区红螺慧缘谷生态景区甘涧峪村社会管理服务中心,1,1,2
北京,5月,怀柔区领秀翡翠华庭怀安大街15号院南50米,1,1,4
北京,5月,怀柔区龙山街道丽湖社区,1,1,1
北京,5月,怀柔城市森林公园(京密路西150米),1,1,9
北京,5月,怀柔水库,1,1,12
北京,5月,怀柔水库东岸,1,1,22
北京,5月,怀柔滨河森林公园,1,1,10
北京,5月,怀柔镇红军村1铁道口,1,1,2
北京,5月,怀水大桥,1,1,9
北京,5月,怀沙河-红军庄村-水德广场（怀柔水库附近）,1,1,5
北京,5月,怀长路ndsl,1,1,10
北京,5月,惠福桥,1,1,4
北京,5月,戒台寺,1,1,25
北京,5月,房山区世纪森林公园西500米,1,1,17
北京,5月,房山区东石羊小强垂钓园东南200米,1,1,5
北京,5月,房山区北京中医药大学(良乡校区),1,1,11
北京,5月,房山区大石河吉洄路北,1,1,15
北京,5月,房山区小清河公园(清苑北街东150米),1,1,8
北京,5月,房山区长阳小清河桥北(长阳路),1,1,12
北京,5月,房山区长阳禾香雅园北200米(稻田路西),1,1,14
北京,5月,房山区长阳镇大宁水库,1,1,5
北京,5月,房山区长阳镇高佃二村,1,1,11
北京,5月,房山小清河公园,1,1,16
北京,5月,房山新城滨水森林公园(长保路),1,1,17
北京,5月,新华联家园北区,1,1,4
北京,5月,新科祥园,1,1,12
北京,5月,旧宫城市森林公园,1,1,14
北京,5月,昌平区北京邮电大学(沙河校区),1,1,5
北京,5月,昌平区北沙河东200米,1,1,51
北京,5月,昌平区南口镇山羊洼,1,1,14
北京,5月,昌平区延寿镇六道河-大杨山休闲步道,1,1,12
北京,5月,昌平区沙河东环北里5号院北(环城北路南),1,1,13
北京,5月,昌平区沙河书韵,1,1,1
北京,5月,昌平区沙河巩华城地铁站(昌平新城滨河森林公园西),1,1,1
北京,5月,昌平区沙河巩华城地铁站西南150米,1,1,33
北京,5月,昌平区沙河水库南岸,1,1,15
北京,5月,昌平区沙河水库西南300米,1,1,6
北京,5月,昌平区沙河滨河观景平台东南150米,1,1,25
北京,5月,昌平区沙河翠明湖,1,1,12
北京,5月,昌平区沙河航天工程大学(沙河校区)西北,1,1,2
北京,5月,昌平巩华城半岛北沙河南岸沿线,1,1,18
北京,5月,昌平巩华城半岛周边,1,1,5
北京,5月,昌平巩华城半岛周边及森林公园中线,1,1,11
北京,5月,昌平新城滨河森林公园(北京市昌平区),1,1,18
北京,5月,昌平新城滨河森林公园-休息区,1,1,18
北京,5月,昌平沙河水库大坝西侧,1,1,6
北京,5月,昌平滨河森林公园,1,1,32
北京,5月,月坛,1,1,1
北京,5月,有巢国际公寓社区总部基地店,1,1,8
北京,5月,望京楼,1,1,19
北京,5月,朝阳区南磨房官庄公园(官庄路东200米),1,1,13
北京,5月,朝阳区奥运村北京奥林匹克公园(奥林西路东200米),1,1,18
北京,5月,朝阳区奥运村奥林匹克森林公园,1,1,1
北京,5月,朝阳区奥运村奥林匹克森林公园(天辰路西),1,1,10
北京,5月,朝阳区奥运村奥林匹克森林公园(奥林西路北50米),1,1,29
北京,5月,朝阳区奥运村奥林匹克森林公园(清河路南100米),1,1,8
北京,5月,朝阳区朝阳公园(野鸭岛),1,1,10
北京,5月,朱家湾村(北朱路),1,1,40
北京,5月,朱家湾村民委员会,1,1,19
北京,5月,朱家湾清水河,1,1,13
北京,5月,柳荫公园(北京市东城区黄寺大街8号),1,1,22
北京,5月,梁各庄村大运河沿线,1,1,8
北京,5月,梨园文化休闲公园,1,1,8
北京,5月,梨树沟休闲谷,1,1,4
北京,5月,椿楸嘉园北区,1,1,8
北京,5月,樱桃沟植物园,1,1,3
北京,5月,樱花湖,1,1,4
北京,5月,正阳门,1,1,3
北京,5月,水峪嘴村委会,1,1,1
北京,5月,水峪村,1,1,4
北京,5月,永丰嘉园,1,1,13
北京,5月,永丰嘉园新三区,1,1,1
北京,5月,永定河休闲森林公园(北京市石景山区),1,1,18
北京,5月,永定河滨水森林公园,1,1,13
北京,5月,汉石桥湿地公园,1,1,28
北京,5月,沙河昌平新城滨河森林公园东北100米,1,1,7
北京,5月,沙河昌平新城滨河森林公园及半岛周边,1,1,26
北京,5月,沙河昌平新城滨河森林公园及半岛外周边,1,1,29
北京,5月,沙河昌平新城滨河森林公园及巩华城半岛周边,1,1,38
北京,5月,沙河昌平新城滨河森林公园巩华城地铁站,1,1,1
北京,5月,沙河昌平新城滨河森林公园游客服务中心西150米,1,1,7
北京,5月,沙河昌平新城滨河森林公园西,1,1,12
北京,5月,沙河水库南岸,1,1,3
北京,5月,沙河水库南沙河,1,1,16
北京,5月,沙河水库固定观鸟点,1,1,1
北京,5月,沙河水库大坝西侧,1,1,14
北京,5月,沙河镇城铁桥西北沙河南岸,1,1,18
北京,5月,沙河鸽子市场(安济桥路),1,1,20
北京,5月,河边小院(北京市怀柔区郭卧路怀沙河旁),1,1,12
北京,5月,海子(北京市大兴区),1,1,18
北京,5月,海子桥,1,1,31
北京,5月,海棠春居民宿,1,1,1
北京,5月,海淀公园(四环北),1,1,29
北京,5月,海淀区万泉河北京市第十九中学(东校区),1,1,1
北京,5月,海淀区东小口东升国际科学园(永泰庄北路北100米),1,1,9
北京,5月,海淀区中关村公园(友谊路北),1,1,12
北京,5月,海淀区中国石油首汽二号站加油站(紫竹院南路西),1,1,1
北京,5月,海淀区农业职业学院(北校区)北50米,1,1,18
北京,5月,海淀区四环(玉泉山出口),1,1,1
北京,5月,海淀区圆明园鸿慈永祜东200米(万泉河路东),1,1,6
北京,5月,海淀区尚院北100米(支六路北),1,1,5
北京,5月,海淀区山屿·西山著东区东北300米(画眉山路北),1,1,2
北京,5月,海淀区清华大学附属中学(中关村北大街东),1,1,1
北京,5月,海淀区清缘东里东100米(清河路南),1,1,5
北京,5月,海淀区玉东园(金河路北200米),1,1,1
北京,5月,海淀区玉东园(金河路北300米),1,1,31
北京,5月,海淀区玉东郊野公园(玉泉山路南100米),1,1,6
北京,5月,海淀区畅观堂北200米(颐和园西门路北),1,1,1
北京,5月,海淀区知春路56号院,1,1,1
北京,5月,海淀区苏家坨镇北庄子村,1,1,9
北京,5月,海淀区荷颐苑(支四路),1,1,16
北京,5月,海淀区蔬菜种植基地西南50米(前章村西路南),1,1,1
北京,5月,海淀区西北旺中关村公园(规划一路北100米),1,1,4
北京,5月,海淀区西北旺联想全球总部东南100米(旺科中路南),1,1,1
北京,5月,海淀区颐和园绚霞琦月南200米(金河路北),1,1,16
北京,5月,海淀镇功德寺,1,1,1
北京,5月,清华大学(北京市海淀区双清路30号),1,1,12
北京,5月,清华大学情人坡,1,1,14
北京,5月,清华大学校内,1,1,25
北京,5月,清华大学近春园荒岛,1,1,1
北京,5月,清水湾社区服务站,1,1,9
北京,5月,清水镇,1,1,1
北京,5月,清河陈营西桥,1,1,23
北京,5月,温榆河公园,1,1,14
北京,5月,温榆河朝阳区河段,1,1,19
北京,5月,温榆河朝阳段,1,1,37
北京,5月,温榆河桥,1,1,23
北京,5月,温榆河畔,1,1,2
北京,5月,温榆河（金榆桥）,1,1,19
北京,5月,湖门村,1,1,2
北京,5月,潮白河,1,1,20
北京,5月,潮白河大桥,1,1,31
北京,5月,火器营桥,1,1,1
北京,5月,猴石崖(北京市海淀区),1,1,7
北京,5月,玉林东里3区西区,1,1,1
北京,5月,玉泉公园影湖楼公园(万安东路),1,1,22
北京,5月,玉渊潭公园(海淀区西三环中路10号),1,1,3
北京,5月,玉渊潭公园-西门附近,1,1,26
北京,5月,玉渊潭公园东湖东岸,1,1,2
北京,5月,玉渊潭公园西三环电视塔雨水排洪口,1,1,12
北京,5月,玉渊谭公园,1,1,20
北京,5月,玉渡山,1,1,9
北京,5月,玉渡山风景区,1,1,13
北京,5月,玲珑公园,1,1,9
北京,5月,甘涧峪村,1,1,26
北京,5月,电通创意广场,1,1,6
北京,5月,白家疃景观休闲园,1,1,7
北京,5月,白瀑寺,1,1,1
北京,5月,白草畔,1,1,9
北京,5月,百望以东,1,1,9
北京,5月,百望山森林公园-观景平台,1,1,11
北京,5月,百望山森林公园猛禽监测春季点,1,1,31
北京,5月,百望山森林公园猛禽秋季监测点,1,1,24
北京,5月,百望山森林公园秋季点和黑山头观景平台,1,1,18
北京,5月,百望山森林公园观景平台,1,1,34
北京,5月,百望山森林公园黑山头观景平台,1,1,25
北京,5月,百望山猛禽点,1,1,8
北京,5月,百花山自然保护区（百花山管理站）,1,1,14
北京,5月,百里山水画廊景区,1,1,3
北京,5月,石匣(东石路),1,1,10
北京,5月,石峡村,1,1,2
北京,5月,石景山区金顶山涵远台,1,1,8
北京,5月,石景山区黑石头村,1,1,2
北京,5月,石门,1,1,19
北京,5月,神堂峪栈道,1,1,3
北京,5月,神牛路南口公交站,1,1,1
北京,5月,稻田水库-废弃河道地铁沿线,1,1,5
北京,5月,稻香湖公园,1,1,27
北京,5月,稻香湖景酒店,1,1,20
北京,5月,第四次世界妇女大会纪念公园,1,1,29
北京,5月,紫竹院,1,1,1
北京,5月,紫竹院公园(海淀区中关村南大街35号),1,1,2
北京,5月,紫竹院公园南小湖湖心岛,1,1,2
北京,5月,红领巾公园南门外河沟,1,1,3
北京,5月,红领巾公园环湖栈道入口,1,1,12
北京,5月,绿堤郊野公园,1,1,18
北京,5月,罗马湖公园,1,1,26
北京,5月,翠明湖南岸,1,1,5
北京,5月,翠湖湿地公园,1,1,3
北京,5月,老君堂公园,1,1,2
北京,5月,老龙窝,1,1,6
北京,5月,舒心垂钓园,1,1,15
北京,5月,舞彩浅山,1,1,1
北京,5月,芳菲园,1,1,2
北京,5月,苗圃,1,1,8
北京,5月,范各庄,1,1,13
北京,5月,药用植物园,1,1,2
北京,5月,莲花池公园(丰台区西三环中路38号),1,1,20
北京,5月,莲花池村,1,1,4
北京,5月,菊源里小区,1,1,9
北京,5月,营盘沟路,1,1,11
北京,5月,落坡岭站,1,1,3
北京,5月,蟒山国家森林公园蟒山天池景区(昌平区),1,1,1
北京,5月,西北旺马连洼(马连洼北路),1,1,1
北京,5月,西城区北京动物园畅观楼(五塔寺路南),1,1,21
北京,5月,西城区北京动物园金丝猴馆东南50米(月桥西),1,1,13
北京,5月,西城区宣武艺园(槐柏树街南),1,1,12
北京,5月,西峪水库,1,1,9
北京,5月,西沟外,1,1,20
北京,5月,西沟里凤凰坨,1,1,11
北京,5月,西海子公园,1,1,7
北京,5月,西红门南桥,1,1,4
北京,5月,西罗园第二社区19号楼,1,1,2
北京,5月,贺新公园,1,1,26
北京,5月,辉煌假期度假酒店,1,1,18
北京,5月,辛庄,1,1,27
北京,5月,远洋沁山水上品小区,1,1,1
北京,5月,通州区台湖镇外郎营村,1,1,3
北京,5月,通州区张家湾镇北仪阁村,1,1,15
北京,5月,通州区永乐凤河公园(工业区环路),1,1,30
北京,5月,通州区永乐店镇,1,1,28
北京,5月,通州区永乐店镇应寺村,1,1,28
北京,5月,通州大运河森林公园,1,1,27
北京,5月,通州张家湾月亮湾小镇凉水河河段,1,1,13
北京,5月,郭家坞,1,1,32
北京,5月,采石北路,1,1,1
北京,5月,重兴寺公园,1,1,18
北京,5月,野鸭湖,1,1,17
北京,5月,野鸭湖国家湿地公园(北京市延庆区康野路),1,1,44
北京,5月,野鸭湖国家湿地公园(康野路),1,1,40
北京,5月,金福湿地公园,1,1,16
北京,5月,金隅国际D座,1,1,7
北京,5月,长阳镇,1,1,19
北京,5月,门头沟区北京山水依缘度假村南400米,1,1,2
北京,5月,门头沟区妙峰山镇水峪嘴村,1,1,6
北京,5月,门头沟区永定北京双吉制药有限公司东北(石龙西路东),1,1,4
北京,5月,门头沟区清水镇洪水口村,1,1,4
北京,5月,门头沟区潭柘寺镇石粱,1,1,24
北京,5月,门头沟山区,1,1,2
北京,5月,门头沟永定天主堂北50米(石龙西路北),1,1,6
北京,5月,阜石路第一社区,1,1,1
北京,5月,青少年户外体育活动营地,1,1,17
北京,5月,青年湖公园,1,1,11
北京,5月,青龙湖公园,1,1,20
北京,5月,顺义区仁和镇光明街道,1,1,17
北京,5月,顺义区汉石桥湿地公园(S224西150米),1,1,65
北京,5月,顺义区汉石桥湿地公园(S224西200米),1,1,10
北京,5月,顺义区潮白河大桥以北(白马路北),1,1,63
北京,5月,顺义区马坡镇千亩健身步道森林公园(公园北路南),1,1,19
北京,5月,顺义新城滨河森林公园三区,1,1,9
北京,5月,顺义新城滨河森林公园二区,1,1,5
北京,5月,顺义新城滨河森林公园森林游憩园(顺义区),1,1,11
北京,5月,顺义潮白河滨河森林公园,1,1,17
北京,5月,颐和园(团城湖区域),1,1,2
北京,5月,颐和园—团城湖,1,1,1
北京,5月,首都师范大学(良乡校区),1,1,11
北京,5月,首钢园,1,1,2
北京,5月,香山,1,1,4
北京,5月,香山绿色果品观光采摘园,1,1,2
北京,5月,马庄跨线桥,1,1,1
北京,5月,马驹桥湿地公园,1,1,33
北京,5月,高家堡村(北京市大兴区),1,1,2
北京,5月,高岭公交站,1,1,4
北京,5月,黄松峪水库,1,1,21
北京,5月,龙云山风景区,1,1,3
北京,5月,龙庆峡风景区,1,1,4
北京,5月,龙神庙,1,1,14
北京,5月,龙门涧风景区,1,1,3
北京,6月,国家植物园北园,95,123,41
北京,6月,奥森南园,76,87,37
北京,6月,北京市密云区朱家湾村清水河,74,94,56
北京,6月,颐和园,60,65,41
北京,6月,龙潭西湖公园,48,70,29
北京,6月,太阳宫公园,41,41,27
北京,6月,北京奥林匹克森林公园南园,37,49,29
北京,6月,奥森北园,33,35,32
北京,6月,奥林匹克森林公园北园,32,43,33
北京,6月,乐活中堤,31,35,41
北京,6月,门头沟小龙门林场,30,36,39
北京,6月,天坛公园,29,31,20
北京,6月,北京圆明园遗址公园,27,42,43
北京,6月,官庄公园,25,35,26
北京,6月,北京沙河水库,25,28,47
北京,6月,密云水库周边,25,26,64
北京,6月,密云区太师屯镇小漕村,25,25,22
北京,6月,密云水库不老屯天文台,24,25,34
北京,6月,玉渊潭公园,23,28,29
北京,6月,沿河城,23,23,36
北京,6月,朱家湾村,20,20,40
北京,6月,古北口镇,18,19,59
北京,6月,永定河崖沙燕巢,18,18,17
北京,6月,小龙门狗食槽,17,20,25
北京,6月,北京天坛公园,17,19,24
北京,6月,奥林匹克森林公园南园,17,17,34
北京,6月,昌平新城滨河森林公园巩华城半岛,16,18,45
北京,6月,青白口桥,16,18,47
北京,6月,国家植物园,15,16,36
北京,6月,圆明园遗址公园,15,15,38
北京,6月,密云水库,15,15,67
北京,6月,妙峰山森林公园玫瑰谷,13,14,30
北京,6月,石匣村,13,14,22
北京,6月,密云区太师屯镇泉河,12,13,9
北京,6月,潮河关桥,12,12,19
北京,6月,北京南海子公园,11,14,36
北京,6月,门头沟沿河城,11,13,45
北京,6月,东灵山,11,12,50
北京,6月,颐和园-西门,11,12,16
北京,6月,巩华城半岛（北沙河南岸）,11,11,48
北京,6月,幽州大峡谷,10,11,20
北京,6月,幽州峡谷,10,10,44
北京,6月,朝阳区太阳宫公园(四环南),10,10,21
北京,6月,河西村西南树林,10,10,21
北京,6月,绿海运动公园,10,10,15
北京,6月,北京玉渊潭公园,9,30,38
北京,6月,将府公园,9,11,17
北京,6月,滨河森林公园-沙河水库,9,10,49
北京,6月,密云区北庄镇朱家湾村清水河,9,9,30
北京,6月,紫竹院公园,9,9,18
北京,6月,百望山森林公园,8,10,24
北京,6月,小漕村外崖壁及潮河沿岸,8,8,12
北京,6月,南苑森林湿地公园,7,14,28
北京,6月,白浮泉公园,7,11,32
北京,6月,宋庄蓄滞洪公园,7,10,40
北京,6月,陶然亭公园,7,9,25
北京,6月,北京市国家植物园,7,8,28
北京,6月,沙河水库,7,8,48
北京,6月,不老屯天文台,7,7,38
北京,6月,北京大学,7,7,32
北京,6月,密云北庄清水河(密云区芦北公路南50米),7,7,44
北京,6月,小龙门国家级森林公园,6,9,27
北京,6月,奥林匹克森林公园南园(北京市朝阳区),6,8,40
北京,6月,北京园博园,6,6,42
北京,6月,北京奥林匹克公园-静心池,6,6,15
北京,6月,北海公园,6,6,8
北京,6月,密云区北京石匣碧水甘薯种植专业合作社西(东石路南),6,6,14
北京,6月,密云区太师屯镇密古路(城子村),6,6,13
北京,6月,幽州大峡谷(北京市门头沟区沿河城附近),6,6,25
北京,6月,朝阳区奥运村奥林匹克森林公园(沉水廊道西),6,6,27
北京,6月,大运河森林公园,5,7,38
北京,6月,马家湾湿地公园,5,7,23
北京,6月,国家植物园梅园水景观光区,5,6,31
北京,6月,念坛公园,5,6,27
北京,6月,红领巾公园,5,6,23
北京,6月,东城区龙潭西湖公园(龙潭路南),5,5,17
北京,6月,北京密云水库,5,5,46
北京,6月,小龙门南沟,5,5,20
北京,6月,小龙门牛郎峪,5,5,17
北京,6月,海淀区北坞公园(金河路南),5,5,33
北京,6月,清华大学,5,5,8
北京,6月,潭王路,5,5,18
北京,6月,点兵台,5,5,16
北京,6月,老山城市休闲公园,5,5,7
北京,6月,房山新城滨水森林公园,4,10,28
北京,6月,凤港减河,4,8,43
北京,6月,大宁水库-乐活中堤（即滞洪水库）-废弃河道,4,5,25
北京,6月,故宫博物院,4,5,7
北京,6月,门头沟区王平镇潭王路(白道子),4,5,26
北京,6月,颐和园(团城湖区域),4,5,24
北京,6月,北京市植物园北园,4,4,32
北京,6月,北京植物园(北京市海淀区香山路),4,4,30
北京,6月,北京野生动物园,4,4,15
北京,6月,国家植物园北园-东南门,4,4,29
北京,6月,国家植物园北园和南园,4,4,28
北京,6月,国家植物园北园（原北京植物园）,4,4,38
北京,6月,大兴区西北永定河畔,4,4,7
北京,6月,暖泉会村,4,4,25
北京,6月,朝阳公园,4,4,21
北京,6月,朱家湾,4,4,25
北京,6月,柳荫公园,4,4,28
北京,6月,沿河城村,4,4,35
北京,6月,灵山地区,4,4,23
北京,6月,灵山自然风景区,4,4,32
北京,6月,牛口峪水库,4,4,22
北京,6月,萧太后河（田家府段）,4,4,24
北京,6月,门头沟沿河城站,4,4,20
北京,6月,北京翠湖湿地公园,3,7,41
北京,6月,怀柔城市森林公园,3,6,23
北京,6月,上庄镇西马坊村,3,5,24
北京,6月,大兴区南海子公园二期,3,4,28
北京,6月,河西村,3,4,21
北京,6月,上庄水库(北京市海淀区),3,3,35
北京,6月,北京园博园-园博功能湿地,3,3,17
北京,6月,北京奥林匹克公园,3,3,7
北京,6月,北京奥森公园,3,3,21
北京,6月,北京市大兴区永定河大桥北侧,3,3,2
北京,6月,北京市密云区朱家湾密羽步道,3,3,27
北京,6月,北天堂公园,3,3,2
北京,6月,古北口镇-河西村,3,3,39
北京,6月,国家天文台密云站,3,3,14
北京,6月,国家植物园中国科学院植物研究所北门,3,3,33
北京,6月,地坛公园,3,3,9
北京,6月,天坛,3,3,16
北京,6月,奥林匹克森林公园（奥森）南园,3,3,5
北京,6月,妙峰山玫瑰园,3,3,21
北京,6月,宛平湖,3,3,30
北京,6月,密云区不老屯镇学各庄村,3,3,19
北京,6月,密云区北庄镇朱家湾村,3,3,44
北京,6月,密云区高岭镇宝家洼,3,3,3
北京,6月,景山公园,3,3,10
北京,6月,朝阳区南磨房官庄公园(广渠东路南300米),3,3,19
北京,6月,朝阳区奥运村奥林匹克森林公园(奥林西路北150米),3,3,31
北京,6月,朱家湾村附近清水河,3,3,47
北京,6月,水峪嘴村,3,3,10
北京,6月,汉石桥湿地自然保护区,3,3,17
北京,6月,灵山自然风景区(北京市门头沟区灵山路),3,3,18
北京,6月,百花山主峰,3,3,15
北京,6月,通州区绿心公园湿地保育区,3,3,33
北京,6月,道边,3,3,19
北京,6月,门头沟区百花山自然风景区,3,3,9
北京,6月,龙潭公园,3,3,15
北京,6月,元大都遗址公园,2,8,8
北京,6月,玲珑公园,2,6,12
北京,6月,重兴寺公园,2,5,13
北京,6月,齐物潭,2,5,8
北京,6月,东郊森林公园华北树木园(北京市通州区),2,4,33
北京,6月,云岗森林公园,2,4,30
北京,6月,北京市奥林匹克森林公园,2,4,23
北京,6月,北京植物园北园,2,4,15
北京,6月,宛平湖大宁水库乐活中堤永定河废弃河道,2,4,42
北京,6月,崔各庄黑桥公园,2,4,21
北京,6月,中国科学院大学雁栖湖校区西区,2,3,34
北京,6月,北京园博园-湿地展园,2,3,23
北京,6月,北京奥林匹克公园湿地(北京市朝阳区),2,3,11
北京,6月,宣武艺园,2,3,12
北京,6月,密云区高岭镇人民政府(高岭村政府路8号),2,3,17
北京,6月,崔家窑,2,3,24
北京,6月,巩华城半岛,2,3,1
北京,6月,沙河北岸,2,3,42
北京,6月,温榆河孙河河段,2,3,31
北京,6月,罗马湖东,2,3,17
北京,6月,通州区东郊森林湿地公园,2,3,31
北京,6月,三星庄后河,2,2,25
北京,6月,东小口森林公园,2,2,29
北京,6月,东庄(东石路),2,2,12
北京,6月,中山公园,2,2,9
北京,6月,丰台区莲花池公园(莲花池南路北200米),2,2,16
北京,6月,云梦仙境,2,2,5
北京,6月,北京会议中心,2,2,17
北京,6月,北京动物园,2,2,12
北京,6月,北京动物园-水禽湖,2,2,7
北京,6月,北京小龙门森林公园,2,2,22
北京,6月,北京市北京市东城区天坛公园-西门,2,2,17
北京,6月,北京市大兴区兴海公园,2,2,10
北京,6月,北京市海淀区北京植物园,2,2,28
北京,6月,北京市莲花池公园,2,2,13
北京,6月,北京市通州区北运河,2,2,10
北京,6月,北京师范大学,2,2,7
北京,6月,北京海淀玉渊潭公园,2,2,29
北京,6月,北京绿洲丰盈高尔夫球会,2,2,32
北京,6月,北京莲花池公园,2,2,4
北京,6月,北京西山国家森林公园,2,2,12
北京,6月,北京鹫峰国家森林公园,2,2,17
北京,6月,北植,2,2,34
北京,6月,北沙河南岸,2,2,22
北京,6月,北沙河及巩华城半岛,2,2,41
北京,6月,北科建水岸雁栖,2,2,38
北京,6月,南旱河,2,2,21
北京,6月,南海子公园,2,2,28
北京,6月,南海子公园二期,2,2,30
北京,6月,周庄子家园东(泥洼东路),2,2,6
北京,6月,园博园功能湿地（晓月湖芦苇）,2,2,20
北京,6月,国家植物园北园梅园水景区,2,2,17
北京,6月,圆明园遗址公园(海淀区清华西路28号),2,2,33
北京,6月,大石河红领巾公园北侧,2,2,16
北京,6月,大运河高尔夫球俱乐部,2,2,20
北京,6月,奥林匹克森林公园北园大坑,2,2,5
北京,6月,奥林匹克森林公园南园五环亭至潜流湿地,2,2,16
北京,6月,奥森公园南园,2,2,32
北京,6月,奥森南园西线,2,2,19
北京,6月,奥海,2,2,29
北京,6月,妙峰山,2,2,30
北京,6月,妙峰山玫瑰梯田观景平台,2,2,20
北京,6月,学各庄(不老屯东路),2,2,15
北京,6月,安慧桥,2,2,2
北京,6月,寂静岭,2,2,17
北京,6月,密云区北庄镇牛郎峪,2,2,12
北京,6月,密云区高岭镇东庄,2,2,7
北京,6月,密云水库大小曹村库滨带,2,2,3
北京,6月,小漕村,2,2,7
北京,6月,小龙门森林公园,2,2,27
北京,6月,巩华城[地铁站],2,2,22
北京,6月,巩华城沙河,2,2,31
北京,6月,常乐村(北京市海淀区),2,2,37
北京,6月,延庆区八达岭长城,2,2,31
北京,6月,御稻1692-京西稻国家级农产品地理标志示范样板创建基地,2,2,12
北京,6月,房山大石河,2,2,9
北京,6月,日坛公园,2,2,3
北京,6月,昌平巩华城半岛周边,2,2,44
北京,6月,暖泉会(北京市密云区),2,2,16
北京,6月,朝阳区南磨房官庄公园(官庄路东),2,2,18
北京,6月,朝阳区奥运村北京奥林匹克公园(沉水廊道南100米),2,2,32
北京,6月,朝阳区奥运村奥林匹克森林公园(清河路南300米),2,2,29
北京,6月,朝阳区奥运村奥林匹克森林公园湿地,2,2,8
北京,6月,朱家湾清水河,2,2,31
北京,6月,树村公园,2,2,9
北京,6月,沙河昌平新城滨河森林公园(巩华城半岛外周边),2,2,24
北京,6月,沙河水库及周边,2,2,47
北京,6月,沿河城站,2,2,20
北京,6月,海淀公园,2,2,21
北京,6月,海淀区上庄镇东马坊村,2,2,21
北京,6月,海淀区荷颐苑东北(支四路东),2,2,8
北京,6月,清河之源,2,2,15
北京,6月,灵山平台,2,2,6
北京,6月,牛口峪湿地公园,2,2,22
北京,6月,百花山保护区,2,2,22
北京,6月,稻香云林,2,2,13
北京,6月,转河小憩园,2,2,10
北京,6月,通州区张家湾公园(上店北路南100米),2,2,24
北京,6月,金盏森林公园,2,2,12
北京,6月,门头沟区灵山自然风景区,2,2,26
北京,6月,顺义区市民亲水垂钓区西100米(左堤路南),2,2,22
北京,6月,顺义潮白河滨河森林公园,2,2,30
北京,6月,香山公园,2,2,3
北京,6月,龙潭中湖,2,2,24
北京,6月,龙潭中湖公园,2,2,11
北京,6月,龙潭湖公园,2,2,2
北京,6月,旺景公园,1,9,13
北京,6月,分钟寺,1,5,20
北京,6月,雁栖河至怀河(北京市怀柔区葛各庄路),1,5,26
北京,6月,何里栖地公园,1,4,14
北京,6月,北京朝来森林公园,1,4,25
北京,6月,园外园·中坞公园(北京市海淀区),1,4,3
北京,6月,妫水（北关相思公园段）2,1,4,24
北京,6月,元大都城垣遗址公园,1,3,2
北京,6月,北京市园林绿化科学研究院,1,3,10
北京,6月,南海子公园(北京市大兴区),1,3,15
北京,6月,奥运村北京奥林匹克公园(天辰东路),1,3,1
北京,6月,沙河水库西岸,1,3,36
北京,6月,灵山,1,3,26
北京,6月,胡家村(北京市通州区),1,3,32
北京,6月,通州区北京小海字健身训练营东南100米(张凤路东),1,3,30
北京,6月,东洲家园(北京市朝阳区来广营北路88号),1,2,5
北京,6月,中国人民大学附属中学（人大附中本部）,1,2,11
北京,6月,北京大学肖家河教工住宅(北京市海淀区),1,2,6
北京,6月,北京师范大学亚太实验学校,1,2,1
北京,6月,北京环球度假区,1,2,11
北京,6月,北海公园小西天,1,2,2
北京,6月,合生·滨江帝景,1,2,9
北京,6月,定慧公园,1,2,10
北京,6月,小中河,1,2,13
北京,6月,小龙门国家森林公园,1,2,12
北京,6月,御康公园,1,2,21
北京,6月,怀柔水库东岸,1,2,17
北京,6月,房山区长阳小清河桥北(长阳路),1,2,17
北京,6月,水岸雁栖,1,2,38
北京,6月,永定湖公园,1,2,11
北京,6月,海淀区圆明园遗址公园(南大桥北200米),1,2,39
北京,6月,海淀区苏家坨镇土桥柳林河,1,2,19
北京,6月,潭柘寺镇绝石梁-石梁,1,2,10
北京,6月,玉东郊野公园,1,2,25
北京,6月,百里画廊宾榔沟和黄木沟,1,2,3
北京,6月,药用植物园,1,2,1
北京,6月,陆谟克堂,1,2,1
北京,6月,798艺术区,1,1,8
北京,6月,丁香园(北京市海淀区颐阳山水居西区),1,1,1
北京,6月,万丰公园,1,1,1
北京,6月,万宁桥,1,1,8
北京,6月,三家店蒲草湿地公园,1,1,7
北京,6月,三里屯东五街,1,1,1
北京,6月,三里河南横街4号院,1,1,1
北京,6月,上地佳园,1,1,10
北京,6月,上庄水库,1,1,16
北京,6月,不老屯(不老屯东路),1,1,1
北京,6月,不老屯东路南段附近,1,1,1
北京,6月,东城区 柳荫公园,1,1,20
北京,6月,东城区天坛公园科普园,1,1,2
北京,6月,东夏园地铁站,1,1,1
北京,6月,东小口城市休闲公园(北京市昌平区),1,1,11
北京,6月,东湖港风景区,1,1,16
北京,6月,东石公园,1,1,16
北京,6月,东石路,1,1,2
北京,6月,东郊森林公园华北树木园,1,1,5
北京,6月,东郊森林湿地公园(北京市顺义区),1,1,31
北京,6月,东郊湿地公园,1,1,35
北京,6月,两山公园,1,1,2
北京,6月,中共中央党校,1,1,3
北京,6月,中国人民大学,1,1,1
北京,6月,中国人民大学主校区,1,1,1
北京,6月,中国农业大学东校区,1,1,1
北京,6月,中国科学院大学(雁栖湖校区)-观隼台,1,1,1
北京,6月,中国科学院大学一公寓西侧池塘（蝗莺荷塘）,1,1,9
北京,6月,中国科学院大学两弹一星路/国科北路路口北侧（雀鹰路口）,1,1,20
北京,6月,中国科学院大学雁栖湖校区,1,1,31
北京,6月,中国科学院大学（雁栖湖）,1,1,1
北京,6月,中央音乐学院,1,1,4
北京,6月,中科院高能物理所对撞机实验区,1,1,1
北京,6月,丰台区北京园博园湿地展园西南100米(河堤路西),1,1,21
北京,6月,丰台区南苑森林湿地公园1期(槐房南路东),1,1,11
北京,6月,丰台区康景城市休闲公园(小瓦窑西路西),1,1,4
北京,6月,丰台区花乡世界名园(丰葆路南300米),1,1,12
北京,6月,丰台区莲花池公园莲花仙子与藕郎东南(莲花池南路北),1,1,7
北京,6月,丰台区马家堡南华小区(角门南路南),1,1,3
北京,6月,乐府江南,1,1,1
北京,6月,九棵树通州云景公园(云景西路西),1,1,3
北京,6月,云岗森林公园-西门,1,1,18
北京,6月,五里桥公园,1,1,13
北京,6月,亦庄新城滨河森林公园(亦庄滨河森林公园),1,1,5
北京,6月,亦庄通明湖公园,1,1,21
北京,6月,京东大峡谷,1,1,2
北京,6月,什刹海西海湿地公园,1,1,7
北京,6月,佛子庄乡陈家台村,1,1,1
北京,6月,健德门,1,1,1
北京,6月,元土城遗址公园(北京市海淀区),1,1,14
北京,6月,元大都城垣遗址公园(安贞西里小区北)大都建典,1,1,5
北京,6月,兆维工业园,1,1,2
北京,6月,先农坛,1,1,2
北京,6月,全国农业展览馆（农展馆）,1,1,14
北京,6月,八达岭国家森林公园周边,1,1,18
北京,6月,兴会公园重兴寺区,1,1,5
北京,6月,兴漷桥,1,1,14
北京,6月,兴隆公园,1,1,7
北京,6月,军响村,1,1,2
北京,6月,凉水河丰台段,1,1,21
北京,6月,凉水河经开区河段,1,1,15
北京,6月,凉水河通州段,1,1,7
北京,6月,减河公园,1,1,7
北京,6月,凤河和柏凤沟交叉口(通州区),1,1,24
北京,6月,前安岭村,1,1,3
北京,6月,北京(通州)大运河文化旅游景区,1,1,3
北京,6月,北京世园公园,1,1,5
北京,6月,北京中山公园,1,1,2
北京,6月,北京人定湖公园,1,1,20
北京,6月,北京农学院,1,1,9
北京,6月,北京凤凰岭自然风景区,1,1,5
北京,6月,北京华文学院(北京市昌平区七北路69号),1,1,7
北京,6月,北京园博园-锦绣谷,1,1,33
北京,6月,北京大学医学部,1,1,11
北京,6月,北京大学镜春园,1,1,17
北京,6月,北京大觉寺,1,1,15
北京,6月,北京天安门广场,1,1,2
北京,6月,北京天池峡谷风景区,1,1,7
北京,6月,北京奥林匹克公园-湿地,1,1,5
北京,6月,北京奥林匹克公园湿地站专线3东,1,1,24
北京,6月,北京工业大学,1,1,12
北京,6月,北京市东城区天坛公园-生态科普园,1,1,1
北京,6月,北京市中山公园,1,1,12
北京,6月,北京市丰台区云岗森林公园,1,1,15
北京,6月,北京市丰台区绿堤公园宛平湖,1,1,14
北京,6月,北京市北京市东城区地坛公园,1,1,6
北京,6月,北京市城市河湖管理处玉渊潭进水闸管理站,1,1,3
北京,6月,北京市天坛公园,1,1,19
北京,6月,北京市奥林匹克森林公园-南园,1,1,1
北京,6月,北京市怀柔区冷水峪,1,1,1
北京,6月,北京市昌平区七孔桥花海,1,1,26
北京,6月,北京市昌平区东小口城市休闲公园,1,1,23
北京,6月,北京市朝阳区红领巾公园,1,1,18
北京,6月,北京市门头沟担礼隧道,1,1,2
北京,6月,北京市香山公园,1,1,11
北京,6月,北京师范大学(南院),1,1,2
北京,6月,北京师范大学附属实验中学,1,1,3
北京,6月,北京师范大学附属实验中学教育集团大兴实验小学,1,1,2
北京,6月,北京昌平沙河大坝,1,1,25
北京,6月,北京朝来森林公园(朝阳区来广营新北路),1,1,10
北京,6月,北京朝阳公园,1,1,17
北京,6月,北京植物园-树木区,1,1,13
北京,6月,北京植物园曹雪芹纪念馆(北京市海淀区),1,1,15
北京,6月,北京石景山游乐园,1,1,1
北京,6月,北京科技大学,1,1,1
北京,6月,北京第五季龙水凤港生态露营农场,1,1,2
北京,6月,北京航空航天大学,1,1,1
北京,6月,北京蜡扦山世纪度假村-东南门,1,1,9
北京,6月,北京语言大学,1,1,10
北京,6月,北京长沟泉水国家湿地公园,1,1,31
北京,6月,北京陶然亭公园,1,1,20
北京,6月,北京颐和园,1,1,2
北京,6月,北京首都国际机场T3航站楼,1,1,4
北京,6月,北农林场,1,1,8
北京,6月,北土城东路元大都遗址公园,1,1,1
北京,6月,北坞公园,1,1,15
北京,6月,北坞公园(北京市海淀区金河路),1,1,19
北京,6月,北小河,1,1,21
北京,6月,北投购物公园,1,1,1
北京,6月,北极寺公园,1,1,10
北京,6月,北运河漷县杨堤村段,1,1,31
北京,6月,北运河通州段,1,1,14
北京,6月,北长河,1,1,37
北京,6月,十三陵水库,1,1,6
北京,6月,十三陵水库东南方树林,1,1,2
北京,6月,十渡,1,1,9
北京,6月,南关(南羊路),1,1,13
北京,6月,南沙河,1,1,28
北京,6月,南海子一期,1,1,20
北京,6月,南长河公园,1,1,1
北京,6月,右堤路大宁水库（北京银泰鸿业高尔夫）,1,1,24
北京,6月,后海,1,1,3
北京,6月,后湖,1,1,35
北京,6月,周庄子家园,1,1,1
北京,6月,响水湖长城风景区,1,1,7
北京,6月,四得公园(北京市朝阳区将台西路9号),1,1,12
北京,6月,团城湖,1,1,10
北京,6月,团结湖公园,1,1,13
北京,6月,团结湖公园(朝阳区团结湖南里16号),1,1,6
北京,6月,园博园,1,1,20
北京,6月,国家大剧院,1,1,10
北京,6月,国家植物园北园-绚秋园,1,1,11
北京,6月,国家植物园北园樱桃沟,1,1,30
北京,6月,国家植物园北园水景观赏区,1,1,27
北京,6月,国家植物园樱桃沟,1,1,25
北京,6月,圆明园-鉴碧亭,1,1,12
北京,6月,圆明园遗址公园长春园,1,1,3
北京,6月,土城沟水系,1,1,10
北京,6月,城市绿心森林公园,1,1,7
北京,6月,复兴路83号院,1,1,10
北京,6月,夏都公园,1,1,4
北京,6月,大兴区中国云计算产业园1期(兴海路北),1,1,5
北京,6月,大兴区京雄高速出口西南300米(左堤路西),1,1,11
北京,6月,大兴区北京汉旗紫谷马术俱乐部西北(左堤路北),1,1,7
北京,6月,大兴区南海子公园(公园南环路北400米),1,1,16
北京,6月,大兴区卢沟公园东南500米(左堤路西),1,1,4
北京,6月,大兴区灭绝动物纪念地(三海子二号路南),1,1,15
北京,6月,大兴区陂塘雁影东南200米(公园南环路北),1,1,6
北京,6月,大兴区高家堡村幼儿园西600米(左堤路西),1,1,1
北京,6月,大南沟,1,1,1
北京,6月,大宁水库-乐活中堤,1,1,25
北京,6月,大宗高尔夫,1,1,43
北京,6月,大岭沟猕猴桃谷景区,1,1,13
北京,6月,大望京公园-东园,1,1,7
北京,6月,大葆台,1,1,2
北京,6月,大觉寺后山防火道,1,1,18
北京,6月,大运河,1,1,28
北京,6月,大运河森林公园黎辛庄立交西,1,1,15
北京,6月,天坛公园北天门东北,1,1,10
北京,6月,天坛公园科普园,1,1,6
北京,6月,天坛苗圃,1,1,5
北京,6月,天宁寺桥,1,1,16
北京,6月,太平桥,1,1,1
北京,6月,奥林匹克森林公园-北园,1,1,25
北京,6月,奥林匹克森林公园北园(北京市朝阳区),1,1,5
北京,6月,奥林匹克森林公园北园西门,1,1,10
北京,6月,奥林匹克森林公园北苑桃花沟,1,1,5
北京,6月,奥林匹克森林公园（奥森）全域,1,1,7
北京,6月,奥森,1,1,16
北京,6月,奥森银杏林东南,1,1,16
北京,6月,妫河森林公园(北京市延庆区环湖南路),1,1,32
北京,6月,姜场村,1,1,20
北京,6月,学各庄,1,1,43
北京,6月,安达木河雾灵山段,1,1,22
北京,6月,宋庄文化公园,1,1,2
北京,6月,宋庆龄故居,1,1,3
北京,6月,宛平湖及荒废高尔夫球场,1,1,19
北京,6月,密云区不老屯天文台东南400米(天文台路东),1,1,3
北京,6月,密云区不老屯天文台东南600米(天文台路东),1,1,8
北京,6月,密云区东山沟桥西南100米(京密路),1,1,6
北京,6月,密云区东庄桥东南100米(琉辛路),1,1,4
北京,6月,密云区天莓休闲农庄·蓝莓采摘西北(西统路西),1,1,1
北京,6月,密云区太师屯村,1,1,2
北京,6月,密云区太师屯镇东沟,1,1,16
北京,6月,密云区实验林场东600米,1,1,19
北京,6月,密云区溪翁庄镇坟庄后山,1,1,2
北京,6月,密云区高岭镇大屯,1,1,6
北京,6月,密云区高岭镇石匣,1,1,4
北京,6月,小清河,1,1,24
北京,6月,小漕村后街,1,1,4
北京,6月,小龙门国家级森林公园(清水镇小龙门林场),1,1,13
北京,6月,小龙门村,1,1,2
北京,6月,崔家窑湿地公园,1,1,1
北京,6月,巩华城滨河森林公园及半岛周边,1,1,44
北京,6月,平谷区泃河东门桥,1,1,36
北京,6月,平谷区金海湖风景区,1,1,8
北京,6月,平谷西峪水库,1,1,19
北京,6月,广阳谷城市森林公园,1,1,11
北京,6月,庄怡公园,1,1,9
北京,6月,应急总医院南,1,1,1
北京,6月,康西草原马场,1,1,30
北京,6月,康陵园村东,1,1,1
北京,6月,延庆区井庄镇艾官营村,1,1,1
北京,6月,延庆区柳沟民俗旅游度假区(北西路西),1,1,12
北京,6月,延芳淀湿地,1,1,24
北京,6月,怀来县官厅水库国家湿地公园(斋幽路),1,1,6
北京,6月,怀柔区古槐溪语公园西北200米(范崎路东),1,1,8
北京,6月,怀柔区庙城镇高两河村,1,1,2
北京,6月,怀柔区琉璃庙镇偏道子,1,1,5
北京,6月,怀柔区箭扣长城,1,1,1
北京,6月,怀柔城市森林公园(兴怀大街南200米),1,1,2
北京,6月,怀柔滨河森林公园,1,1,16
北京,6月,恒通商务园,1,1,10
北京,6月,情人坡,1,1,2
北京,6月,慕田峪长城,1,1,3
北京,6月,慕田峪长城国家级旅游景区,1,1,7
北京,6月,戒台寺,1,1,19
北京,6月,房山区乐活中堤南100米,1,1,45
北京,6月,房山区佛子庄乡教军场,1,1,9
北京,6月,房山区牛口峪水库,1,1,13
北京,6月,房山区长阳镇,1,1,17
北京,6月,故宫博物院(东华门),1,1,9
北京,6月,断虹桥,1,1,6
北京,6月,新城滨河森林公园,1,1,15
北京,6月,新街口外大街,1,1,3
北京,6月,昌平区东小口森林公园(42公里绿道西),1,1,24
北京,6月,昌平区北京温榆河公园朝阳示范区(西园)北150米,1,1,2
北京,6月,昌平区十三陵镇悼陵监村,1,1,14
北京,6月,昌平区南口镇凤凰山,1,1,10
北京,6月,昌平区回龙园公园(龙禧二街南100米),1,1,7
北京,6月,昌平区明十三陵风景区,1,1,9
北京,6月,昌平区沙河东环北里5号院北(环城北路南),1,1,27
北京,6月,昌平区沙河北京市路鹏达南丰路项目部东南(环城北路),1,1,32
北京,6月,昌平区沙河尚湖世家东区小区东南(环城北路东),1,1,17
北京,6月,昌平区沙河巩华城地铁站东50米,1,1,1
北京,6月,昌平区沙河水库,1,1,13
北京,6月,昌平区沙河水库北岸,1,1,31
北京,6月,昌平区马池口镇西北地,1,1,16
北京,6月,昌平新城滨河森林公园,1,1,3
北京,6月,昌平新城滨河森林公园-主入口广场,1,1,40
北京,6月,昌平滨河森林公园,1,1,10
北京,6月,景明楼,1,1,1
北京,6月,望京公园,1,1,13
北京,6月,望和公园北园,1,1,17
北京,6月,朝阳区北京市朝阳外国语学校(亚运村校区)西南,1,1,1
北京,6月,朝阳区北京温榆河公园蒹葭照水北100米(滨河路东),1,1,11
北京,6月,朝阳区南磨房官庄公园(官庄路东150米),1,1,20
北京,6月,朝阳区南磨房官庄公园(官庄路东200米),1,1,11
北京,6月,朝阳区太阳宫公园,1,1,17
北京,6月,朝阳区太阳宫公园大湖西侧,1,1,22
北京,6月,朝阳区奥运村北京奥林匹克公园(奥林西路东200米),1,1,22
北京,6月,朝阳区奥运村北京奥林匹克森林公园南园,1,1,22
北京,6月,朝阳区奥运村奥林匹克森林公园(北五环北200米),1,1,3
北京,6月,朝阳区安慧桥东100米(安定路南),1,1,1
北京,6月,朝阳区庆丰公园(通惠河北路南50米),1,1,8
北京,6月,朝阳区温榆河公园3号门西北100米(滨河路北),1,1,18
北京,6月,朝阳区花家地北京市园林绿化科学研究院(花家地南街),1,1,13
北京,6月,朝阳区阳光100国际公寓(郎家园路东),1,1,1
北京,6月,朱家湾村民委员会,1,1,36
北京,6月,林泉高致,1,1,18
北京,6月,栢泉山庄大桥,1,1,10
北京,6月,榆林庄村,1,1,13
北京,6月,正义路绿道,1,1,7
北京,6月,正阳门(箭楼),1,1,2
北京,6月,民航博物馆,1,1,1
北京,6月,水库不老屯,1,1,8
北京,6月,永丰嘉园,1,1,10
北京,6月,永安小区-清水河,1,1,5
北京,6月,永定公园,1,1,25
北京,6月,永定河峡谷,1,1,12
北京,6月,永定路街道,1,1,5
北京,6月,沉水廊道,1,1,4
北京,6月,沙河巩华城地铁站,1,1,13
北京,6月,沙河昌平新城滨河森林公园停车场东150米,1,1,10
北京,6月,沙河水库北岸,1,1,25
北京,6月,沙河水库及北沙河岸边,1,1,42
北京,6月,沙河水库巩华城半岛,1,1,27
北京,6月,沙河水库新城滨河森林公园,1,1,9
北京,6月,沙河水库西岸南岸南沙河北岸,1,1,12
北京,6月,沙河水库（北沙河南岸）,1,1,35
北京,6月,沙河湿地公园,1,1,33
北京,6月,沮沟桥,1,1,28
北京,6月,沿河城幽州大峡谷,1,1,24
北京,6月,洞庄路,1,1,7
北京,6月,海子桥,1,1,21
北京,6月,海棠花溪,1,1,10
北京,6月,海淀公园(四环北),1,1,25
北京,6月,海淀区上庄中心小学(东马坊校区)西300米,1,1,6
北京,6月,海淀区上庄镇常乐村,1,1,20
北京,6月,海淀区上庄镇西马坊村,1,1,8
北京,6月,海淀区东小口东升国际科学园,1,1,6
北京,6月,海淀区中关村东路,1,1,1
北京,6月,海淀区六郎庄桥西100米(四环北),1,1,17
北京,6月,海淀区北京上庄燃气热电有限公司东北(翠湖南一街北),1,1,1
北京,6月,海淀区四季青镇船营,1,1,1
北京,6月,海淀区玉渊潭公园,1,1,1
北京,6月,海淀区畅观堂北200米(颐和园西门路北),1,1,7
北京,6月,海淀区百望山森林公园春季猛禽监测点,1,1,8
北京,6月,海淀区西北旺中关村公园(规划一路北100米),1,1,12
北京,6月,海淀区西北旺镇憋死猫,1,1,12
北京,6月,海淀区西苑达园宾馆·达园宴南(北京大学北),1,1,3
北京,6月,海淀区颐和园团城湖及附近,1,1,11
北京,6月,海淀区颐和园绚霞琦月南200米(金河路北),1,1,1
北京,6月,海青台(北京市大兴区公园北环路),1,1,18
北京,6月,清华大学主楼北侧林地,1,1,1
北京,6月,清水河-朱家湾村段,1,1,3
北京,6月,清水河畔,1,1,14
北京,6月,清水河（密云北庄朱家湾段）,1,1,6
北京,6月,清河之洲(滨河路),1,1,9
北京,6月,清河大桥东侧河段,1,1,1
北京,6月,清河羊坊闸桥,1,1,12
北京,6月,清源公园,1,1,20
北京,6月,温榆河公园,1,1,28
北京,6月,潭柘寺,1,1,1
北京,6月,潮关村,1,1,13
北京,6月,潮河-河西村段,1,1,33
北京,6月,澜西园3区,1,1,10
北京,6月,燕山学堂,1,1,22
北京,6月,狼垡城市森林公园,1,1,16
北京,6月,玉渊潭 公园,1,1,22
北京,6月,玉渊潭公园-西门附近,1,1,22
北京,6月,玉渊潭公园观景步道,1,1,7
北京,6月,玉渡山小溪(北京市延庆区X019),1,1,2
北京,6月,玉渡山风景区,1,1,11
北京,6月,班各庄,1,1,1
北京,6月,琉璃河桥,1,1,1
北京,6月,瑞旗家园,1,1,1
北京,6月,甘家口街道,1,1,2
北京,6月,田园牧歌,1,1,1
北京,6月,田府北路,1,1,11
北京,6月,白河湾,1,1,10
北京,6月,百望山猛禽观测点,1,1,23
北京,6月,百花山自然保护区（百花山管理站）,1,1,8
北京,6月,百花山自然风景区,1,1,11
北京,6月,皮条沟,1,1,5
北京,6月,石峡关长城(不对外开放),1,1,29
北京,6月,石景山区电厂模式口小区东北50米(永引渠南路西),1,1,23
北京,6月,神堂峪风景区,1,1,5
北京,6月,立方·庭,1,1,1
北京,6月,红桥市场,1,1,1
北京,6月,绣菊园北区(北京市朝阳区秋实东街),1,1,1
北京,6月,绿地·自由港,1,1,14
北京,6月,翠湖国家城市湿地公园,1,1,21
北京,6月,翠鸟谷,1,1,6
北京,6月,肖家河公园,1,1,14
北京,6月,莲香园,1,1,5
北京,6月,虎峪自然风景区,1,1,8
北京,6月,蜡扦山世纪度假村,1,1,2
北京,6月,蟹岛度假村,1,1,21
北京,6月,西土城遗址公园,1,1,11
北京,6月,西坨桥,1,1,16
北京,6月,西城区北京动物园畅观楼(五塔寺路南),1,1,13
北京,6月,西局玉璞园,1,1,7
北京,6月,西海,1,1,18
北京,6月,西菜园,1,1,23
北京,6月,西郊砂石坑,1,1,16
北京,6月,西门子大厦,1,1,1
北京,6月,西马坊油菜花,1,1,8
北京,6月,诺德花园西区,1,1,2
北京,6月,车道沟公园,1,1,5
北京,6月,辛庄,1,1,18
北京,6月,通州区梨园群芳园小区(云景东路东),1,1,2
北京,6月,通州区永乐店镇,1,1,22
北京,6月,野鸭湖湿地公园,1,1,22
北京,6月,金融街中心广场,1,1,1
北京,6月,长城脚下的公社(北京市延庆区),1,1,35
北京,6月,长峪城,1,1,16
北京,6月,长阳公园-万亩滨河公园,1,1,18
北京,6月,门头沟东灵山,1,1,7
北京,6月,门头沟区小龙门国家森林公园(G109东),1,1,1
北京,6月,门头沟区小龙门国家级森林公园(G109东),1,1,10
北京,6月,门头沟区永定电建·金地华宸东南(龙兴南一路西),1,1,18
北京,6月,门头沟区永定知秋园西300米(莲石湖西路),1,1,9
北京,6月,门头沟区永定绿海运动公园(石龙路北50米),1,1,3
北京,6月,门头沟区清水镇下清水,1,1,5
北京,6月,门头沟区清水镇小龙门林场,1,1,3
北京,6月,门头沟区潭柘寺镇G108(松树岭)天门山,1,1,2
北京,6月,门头沟区龙泉镇丑儿岭,1,1,10
北京,6月,阳台山,1,1,4
北京,6月,青年湖公园,1,1,8
北京,6月,青白居旅游度假村,1,1,41
北京,6月,顺义区京平潮白河桥西南500米(京平高速公路南),1,1,21
北京,6月,顺义区后沙峪北京温榆河公园(故城记忆),1,1,10
北京,6月,顺义区李桥镇沮沟村,1,1,9
北京,6月,顺义区潮白河大桥以北(白马路北),1,1,35
北京,6月,颐和园(北京市海淀区新建宫门路19号),1,1,2
北京,6月,颐和园-昆明湖团城湖,1,1,1
北京,6月,颐和园团城湖,1,1,29
北京,6月,颐和园苏州街,1,1,25
北京,6月,首都师范大学(海淀区西三环北路105号),1,1,3
北京,6月,首都机场,1,1,1
北京,6月,首都经济贸易大学(花乡张家路口121号),1,1,1
北京,6月,香山,1,1,5
北京,6月,香山公园北京香山饭店,1,1,7
北京,6月,香河园公园,1,1,6
北京,6月,高家园,1,1,2
北京,6月,高米店公园,1,1,8
北京,6月,鹫峰国家森林公园,1,1,21
北京,7月,乐活中堤,91,112,36
北京,7月,奥森南园,47,48,35
北京,7月,北京奥林匹克森林公园南园,31,38,32
北京,7月,国家植物园北园,31,31,35
北京,7月,官庄公园,28,33,30
北京,7月,北京市密云区朱家湾村清水河,25,27,32
北京,7月,颐和园,20,20,36
北京,7月,园外园·中坞公园(北京市海淀区),15,15,23
北京,7月,玉渊潭公园,14,18,32
北京,7月,北京玉渊潭公园,13,25,35
北京,7月,北京圆明园遗址公园,12,16,40
北京,7月,幽州大峡谷(北京市门头沟区沿河城附近),11,11,37
北京,7月,中坞公园,10,11,24
北京,7月,奥森北园,10,11,23
北京,7月,天坛公园,10,10,25
北京,7月,奥林匹克森林公园南园,8,12,27
北京,7月,昌平新城滨河森林公园巩华城半岛,8,9,37
北京,7月,北京密云水库,8,8,56
北京,7月,北京沙河水库,8,8,50
北京,7月,幽州大峡谷,8,8,18
北京,7月,门头沟小龙门林场,7,13,11
北京,7月,龙潭西湖公园,7,9,24
北京,7月,北京大学,7,8,17
北京,7月,圆明园遗址公园,7,7,20
北京,7月,奥林匹克森林公园南园(北京市朝阳区),7,7,34
北京,7月,密云区太师屯镇小漕村,7,7,6
北京,7月,大运河森林公园,6,9,30
北京,7月,北京天坛公园,6,7,21
北京,7月,大宁水库-乐活中堤（即滞洪水库）-废弃河道,6,6,30
北京,7月,石匣村,6,6,8
北京,7月,东灵山,5,5,16
北京,7月,北京翠湖湿地公园,5,5,29
北京,7月,大小黄岩河,5,5,6
北京,7月,妙峰山森林公园玫瑰谷,5,5,31
北京,7月,密云区不老屯镇学各庄村,5,5,42
北京,7月,密云水库周边,5,5,51
北京,7月,朝阳区南磨房官庄公园(广渠东路南300米),5,5,11
北京,7月,沿河城,5,5,28
北京,7月,云岗森林公园,4,8,24
北京,7月,宋庄蓄滞洪公园,4,7,31
北京,7月,北京市奥林匹克森林公园,4,5,40
北京,7月,巩华城半岛（北沙河南岸）,4,5,27
北京,7月,北京园博园-园博功能湿地,4,4,22
北京,7月,宛平湖大宁水库乐活中堤永定河废弃河道,4,4,30
北京,7月,小漕村,4,4,6
北京,7月,朝阳区奥运村奥林匹克森林公园(天辰路西),4,4,26
北京,7月,紫竹院公园,4,4,14
北京,7月,颐和园-西门,4,4,23
北京,7月,青白口桥,3,5,26
北京,7月,凤港减河,3,4,39
北京,7月,北京动物园,3,3,5
北京,7月,北京南海子公园,3,3,31
北京,7月,北京永定河废弃河道,3,3,37
北京,7月,圆明园遗址公园(海淀区清华西路28号),3,3,36
北京,7月,大运河森林公园柳舟,3,3,36
北京,7月,太阳宫公园,3,3,6
北京,7月,奥林匹克森林公园北园,3,3,24
北京,7月,宋庄蓄滞洪区-二期,3,3,26
北京,7月,密云水库不老屯天文台,3,3,13
北京,7月,幽州峡谷,3,3,35
北京,7月,念坛公园,3,3,30
北京,7月,柳荫公园,3,3,14
北京,7月,永定绿海运动公园,3,3,15
北京,7月,百望山森林公园,3,3,8
北京,7月,通州区东郊森林湿地公园,3,3,27
北京,7月,陶然亭公园,3,3,15
北京,7月,北海公园,2,7,21
北京,7月,红领巾公园,2,7,16
北京,7月,北京环球度假区,2,6,19
北京,7月,崔各庄黑桥公园,2,4,18
北京,7月,东小口城市休闲公园(北京市昌平区),2,3,12
北京,7月,东小口森林公园,2,3,20
北京,7月,国家植物园,2,3,19
北京,7月,沙河北岸,2,3,20
北京,7月,灵山自然风景区,2,3,14
北京,7月,稻香云林,2,3,12
北京,7月,什刹海公园,2,2,2
北京,7月,八达岭长城-八达岭国际友谊林,2,2,17
北京,7月,北京园博园,2,2,36
北京,7月,北京奥林匹克公园,2,2,26
北京,7月,北京奥森公园,2,2,5
北京,7月,北京市天坛公园,2,2,23
北京,7月,北京市通州区北运河,2,2,35
北京,7月,北京植物园(北京市海淀区香山路),2,2,26
北京,7月,北京海淀玉渊潭公园,2,2,29
北京,7月,北京莲花池公园,2,2,7
北京,7月,北京雁栖湖国际会展中心,2,2,18
北京,7月,南旱河,2,2,19
北京,7月,南海子麋鹿苑,2,2,31
北京,7月,和平月季园,2,2,23
北京,7月,唐指山水库,2,2,8
北京,7月,国家植物园北园（原北京植物园）,2,2,7
北京,7月,国家植物园梅园水景观光区,2,2,25
北京,7月,大鹏宝地,2,2,9
北京,7月,奥林匹克森林公园,2,2,24
北京,7月,奥森奥森南园,2,2,27
北京,7月,妙峰山,2,2,31
北京,7月,宛平湖,2,2,8
北京,7月,密云水库,2,2,20
北京,7月,小漕村外崖壁及潮河沿岸,2,2,2
北京,7月,康西草原马场,2,2,34
北京,7月,延庆百里画廊,2,2,5
北京,7月,房山区乐活中堤南100米,2,2,16
北京,7月,房山区北京银泰鸿业高尔夫俱乐部,2,2,21
北京,7月,房山区长阳镇大宁村,2,2,12
北京,7月,景山公园,2,2,4
北京,7月,朝阳公园,2,2,14
北京,7月,朝阳区南磨房官庄公园(官庄路东150米),2,2,14
北京,7月,樱桃沟植物园,2,2,25
北京,7月,永定公园,2,2,17
北京,7月,海淀区上庄镇东马坊村,2,2,20
北京,7月,海淀区北坞公园(金河路南),2,2,36
北京,7月,清华大学,2,2,12
北京,7月,清河之洲,2,2,9
北京,7月,滨河森林公园-沙河水库,2,2,27
北京,7月,玉渡山风景区,2,2,14
北京,7月,白浮泉公园,2,2,17
北京,7月,罗马湖东,2,2,14
北京,7月,野鸭湖湿地公园,2,2,12
北京,7月,颐和园团城湖,2,2,18
北京,7月,黄花梁,2,2,11
北京,7月,房山新城滨水森林公园,1,5,29
北京,7月,东龙湾,1,4,9
北京,7月,北京市通州区漷县镇西定安村,1,3,8
北京,7月,小皮营(福东街),1,3,6
北京,7月,逸翠园南区,1,3,3
北京,7月,北京农业职业学院(长阳校区),1,2,1
北京,7月,北京朝来森林公园,1,2,21
北京,7月,北农林场,1,2,7
北京,7月,南海子公园鹿鸣海,1,2,12
北京,7月,右堤路大宁水库（北京银泰鸿业高尔夫）,1,2,18
北京,7月,合生·滨江帝景,1,2,9
北京,7月,大宗高尔夫,1,2,45
北京,7月,官庄公园湖边,1,2,10
北京,7月,崔家窑,1,2,17
北京,7月,常乐村(北京市海淀区),1,2,17
北京,7月,平谷区黄松峪乡黑豆峪村,1,2,16
北京,7月,怀柔城市森林公园,1,2,18
北京,7月,李县坟公交站,1,2,12
北京,7月,水南-桑园-高古庄村,1,2,16
北京,7月,沙河水库,1,2,37
北京,7月,沙河水库西岸,1,2,30
北京,7月,潮白河通州段,1,2,12
北京,7月,西山林场卧佛寺分场,1,2,17
北京,7月,西山绿道(石景山段),1,2,7
北京,7月,雁栖河科学城段(北京市怀柔区),1,2,11
北京,7月,青年之家公寓,1,2,19
北京,7月,颐和园-十七孔桥,1,2,3
北京,7月,马驹桥湿地公园-二期,1,2,17
北京,7月,丁香园(北京市海淀区颐阳山水居西区),1,1,11
北京,7月,万丰公园,1,1,7
北京,7月,三星庄后河,1,1,17
北京,7月,上庄水库(北京市海淀区),1,1,24
北京,7月,不老屯镇,1,1,20
北京,7月,东城区 柳荫公园,1,1,5
北京,7月,东城区龙潭西湖公园(龙潭路南),1,1,20
北京,7月,东方时尚驾校,1,1,2
北京,7月,东洲家园(北京市朝阳区来广营北路88号),1,1,4
北京,7月,东郊森林公园华北树木园(北京市通州区),1,1,8
北京,7月,东郊湿地公园,1,1,37
北京,7月,中国科学院北京森林生态系统定位研究站,1,1,7
北京,7月,中国科学院国家空间科学中心,1,1,6
北京,7月,中国科学院大学雁栖湖校区,1,1,1
北京,7月,中国资源卫星应用中心,1,1,1
北京,7月,中山公园,1,1,3
北京,7月,丰台区北京园博园(银杏大道东150米),1,1,15
北京,7月,丰台区卢沟桥晓月公园(环湖路南),1,1,19
北京,7月,丰台区宛平湖,1,1,4
北京,7月,于家务村,1,1,1
北京,7月,云岗森林公园-西门,1,1,19
北京,7月,亦庄通明湖公园,1,1,11
北京,7月,京良路南永定河,1,1,46
北京,7月,全聚德烤鸭店(奥运村店),1,1,1
北京,7月,八达岭古长城自然风景区,1,1,7
北京,7月,八达岭森林公园,1,1,6
北京,7月,八达岭长城,1,1,7
北京,7月,凉水河丰台段,1,1,15
北京,7月,凉水河通州段,1,1,13
北京,7月,凉水河（通明湖公园附近）,1,1,6
北京,7月,北京中山公园,1,1,6
北京,7月,北京五道营胡同,1,1,2
北京,7月,北京交通大学,1,1,2
北京,7月,北京北海公园,1,1,3
北京,7月,北京协和药厂,1,1,12
北京,7月,北京南海子麋鹿苑博物馆(北京市大兴区),1,1,16
北京,7月,北京奥林匹克公园(朝阳区北辰东路15号),1,1,27
北京,7月,北京奥林匹克公园-中心区,1,1,11
北京,7月,北京奥林匹克公园-静心池,1,1,20
北京,7月,北京奥林匹克公园叠水花台,1,1,28
北京,7月,北京市东城区天坛公园-生态科普园,1,1,9
北京,7月,北京市丰台区云岗森林公园,1,1,12
北京,7月,北京市北京市门头沟区北京永定河莲石湖公园,1,1,15
北京,7月,北京市北海公园,1,1,10
北京,7月,北京市国家植物园,1,1,26
北京,7月,北京市奥林匹克森林公园-南园,1,1,26
北京,7月,北京市昌平区,1,1,2
北京,7月,北京市西郊雨洪调蓄工程,1,1,6
北京,7月,北京市通州区通州大运河森林公园,1,1,28
北京,7月,北京市顺义区潮白河森林公园,1,1,25
北京,7月,北京师范大学,1,1,2
北京,7月,北京师范大学附属实验中学分校,1,1,1
北京,7月,北京归璞南山私汤民宿,1,1,5
北京,7月,北京朝阳公园,1,1,2
北京,7月,北京语言大学,1,1,4
北京,7月,北京雁栖工业开发区,1,1,12
北京,7月,北京首都国际机场T3航站楼,1,1,3
北京,7月,北京鹫峰国家森林公园,1,1,7
北京,7月,北京龙云山自然风景区,1,1,26
北京,7月,北京龙泉宾馆,1,1,3
北京,7月,北小河,1,1,15
北京,7月,北植,1,1,25
北京,7月,北科建水岸雁栖,1,1,15
北京,7月,北辰绿色中央公园,1,1,2
北京,7月,北运河漷县杨堤村段,1,1,10
北京,7月,北长河,1,1,28
北京,7月,千灵山,1,1,9
北京,7月,南山观樱景区,1,1,2
北京,7月,南沙河翠湖南路,1,1,12
北京,7月,南海子,1,1,29
北京,7月,南海子三期,1,1,24
北京,7月,南海子二期东南,1,1,9
北京,7月,南海子公园二期西湖,1,1,7
北京,7月,南海子公园观景台西南,1,1,8
北京,7月,南石洋大峡谷,1,1,10
北京,7月,卢沟桥,1,1,4
北京,7月,卢沟桥南-乐活中堤 永定河湿地,1,1,25
北京,7月,卢沟桥晓月湖公园,1,1,2
北京,7月,古塔公园,1,1,9
北京,7月,四义庄,1,1,2
北京,7月,园博园,1,1,18
北京,7月,园外园·中坞公园,1,1,25
北京,7月,国家大剧院,1,1,1
北京,7月,国家植物园北园-绚秋园,1,1,9
北京,7月,国家植物园北园和南园,1,1,14
北京,7月,圆明园遗址公园西线,1,1,24
北京,7月,城关街道顾八路东500米,1,1,1
北京,7月,城市绿心森林公园,1,1,19
北京,7月,塔院城市森林公园,1,1,8
北京,7月,大兴体育中心,1,1,5
北京,7月,大兴区京雄高速出口西南300米(左堤路西),1,1,9
北京,7月,大兴区南海子公园一期),1,1,7
北京,7月,大兴区旧宫朗润园2期(旧桥路东50米),1,1,5
北京,7月,大兴区长子营镇牛坊村,1,1,1
北京,7月,大宁水库-乐活中堤,1,1,23
北京,7月,大杨山国家森林公园(北京市昌平区木厂村),1,1,1
北京,7月,天坛公园(北京市东城区天坛东路甲1号),1,1,18
北京,7月,天坛苗圃,1,1,15
北京,7月,天宁寺桥,1,1,16
北京,7月,奥林匹克公园,1,1,20
北京,7月,奥林匹克森林公园北园大坑,1,1,4
北京,7月,奥森南园西线,1,1,13
北京,7月,奥海南、西；林泉高致,1,1,28
北京,7月,妫水河森林公园,1,1,12
北京,7月,孔庙和国子监博物馆,1,1,5
北京,7月,定慧公园,1,1,3
北京,7月,宛平湖-大宁水库,1,1,15
北京,7月,密云区北京石匣碧水甘薯种植专业合作社西(东石路南),1,1,10
北京,7月,密云区北庄镇牛郎峪,1,1,2
北京,7月,密云区大石山森林公园,1,1,14
北京,7月,密云区太师屯镇大漕村,1,1,6
北京,7月,密云区承兴密联合县政府旧址西50米,1,1,13
北京,7月,密云天门山风景区,1,1,12
北京,7月,密云水库大小曹村库滨带,1,1,1
北京,7月,将府公园,1,1,7
北京,7月,小怪岩场,1,1,6
北京,7月,小龙门国家森林公园,1,1,14
北京,7月,山后,1,1,21
北京,7月,巩华城半岛,1,1,15
北京,7月,巩华城滨河森林公园及半岛周边,1,1,12
北京,7月,平谷区洳河辛庄子桥,1,1,25
北京,7月,平谷区马昌营镇前芮营,1,1,5
北京,7月,幽州,1,1,18
北京,7月,广渠门外大街6号院,1,1,3
北京,7月,庆丰包子铺(华业玫瑰店),1,1,5
北京,7月,延庆区康庄镇火烧营村,1,1,5
北京,7月,张裕爱斐堡酒庄,1,1,25
北京,7月,御康公园,1,1,7
北京,7月,怀来县青栖台·在别处东150米(斋幽路),1,1,12
北京,7月,怀柔区九渡河镇二荒台,1,1,7
北京,7月,怀柔红军庄怀沙河南岸,1,1,17
北京,7月,慕田峪,1,1,7
北京,7月,房山区佛子庄乡教军场,1,1,1
北京,7月,房山区城关农民用水协会羊头岗村分会东南(顾八路),1,1,1
北京,7月,房山区小令湖西南300米,1,1,13
北京,7月,房山区青龙湖镇南观,1,1,4
北京,7月,房山长阳永定河,1,1,17
北京,7月,摄影观鸟台,1,1,12
北京,7月,日坛公园(北京市朝阳区日坛北路6号),1,1,1
北京,7月,旺景公园,1,1,11
北京,7月,昌平区南口镇凤凰山,1,1,12
北京,7月,昌平区回龙观龙锦苑4区(龙锦二街南150米),1,1,1
北京,7月,昌平区沙河巩华城地铁站东北150米,1,1,41
北京,7月,昌平区沙河镇,1,1,1
北京,7月,昌平巩华城半岛周边,1,1,37
北京,7月,昌平巩华城新城滨河森林公园及周边,1,1,40
北京,7月,昌平新城滨河森林公园(沙河),1,1,5
北京,7月,暖泉会(北京市密云区),1,1,9
北京,7月,月岛观景平台,1,1,15
北京,7月,望京西园1区,1,1,4
北京,7月,朝阳区八里桥京贸国际公寓北(京通快速公路北),1,1,2
北京,7月,朝阳区北京质信恒通混凝土有限公司东(来广营北路西),1,1,19
北京,7月,朝阳区北沙滩双泉堡甲一号院(北沙滩桥北50米),1,1,2
北京,7月,朝阳区南磨房官庄公园(观音堂路南300米),1,1,15
北京,7月,朝阳区奥运村奥林匹克森林公园(奥林西路),1,1,20
北京,7月,朝阳区奥运村奥林匹克森林公园(奥林西路东400米),1,1,23
北京,7月,朝阳区奥运村奥林匹克森林公园(奥林西路北50米),1,1,16
北京,7月,朝阳区奥运村奥林匹克森林公园(沉水廊道东150米),1,1,12
北京,7月,朝阳区奥运村奥林匹克森林公园(沉水廊道西),1,1,7
北京,7月,未来科学城滨水公园西区,1,1,24
北京,7月,朱家湾村,1,1,2
北京,7月,朱家湾村附近清水河,1,1,8
北京,7月,朱家湾清水河,1,1,10
北京,7月,桃峪口水库,1,1,10
北京,7月,樱桃沟,1,1,4
北京,7月,永定河滨水森林公园,1,1,10
北京,7月,汉石桥湿地公园,1,1,4
北京,7月,沙河昌平新城滨河森林公园休息区东南50米,1,1,9
北京,7月,沙河昌平新城滨河森林公园及半岛周边,1,1,3
北京,7月,沙河昌平新城滨河森林公园西,1,1,34
北京,7月,沙河水库北岸水闸,1,1,12
北京,7月,沙河水库北岸沿线,1,1,40
北京,7月,沮沟桥,1,1,11
北京,7月,海淀公园,1,1,26
北京,7月,海淀公园(四环北100米),1,1,6
北京,7月,海淀区北京京西稻南100米(太舟坞路南),1,1,1
北京,7月,海淀区北坞公园(颐和园西门路北200米),1,1,3
北京,7月,海淀区园外园·中坞公园(中坞村北路北100米),1,1,1
北京,7月,海淀区玉东园(颐和园西门路),1,1,28
北京,7月,海淀区苏家坨镇土桥柳林河,1,1,23
北京,7月,海淀区西马坊油菜花,1,1,18
北京,7月,海淀区颐和园南湖岛西侧,1,1,7
北京,7月,清河之源,1,1,11
北京,7月,滨河公园,1,1,7
北京,7月,漕运码头,1,1,18
北京,7月,潮白河,1,1,31
北京,7月,燕山学堂,1,1,10
北京,7月,玉渊潭,1,1,11
北京,7月,玉渊潭 公园,1,1,20
北京,7月,玉渊潭公园(海淀区西三环中路10号),1,1,36
北京,7月,王府井商业街(北京市东城区),1,1,1
北京,7月,玲珑公园,1,1,12
北京,7月,珍珠泉村,1,1,2
北京,7月,田园牧歌,1,1,1
北京,7月,百望山北门草地广场,1,1,8
北京,7月,百花山主峰,1,1,5
北京,7月,真武家园,1,1,2
北京,7月,石城镇,1,1,1
北京,7月,碓臼峪,1,1,11
北京,7月,稻田水库,1,1,18
北京,7月,绿城·百合公寓南区,1,1,4
北京,7月,绿海运动公园,1,1,1
北京,7月,翠微小区,1,1,2
北京,7月,翠微烟雨公园,1,1,1
北京,7月,胡家村(北京市通州区),1,1,27
北京,7月,苏家坨镇,1,1,12
北京,7月,范崎路,1,1,21
北京,7月,莲花池公园,1,1,2
北京,7月,西三岔村,1,1,8
北京,7月,西城区积水潭什刹海西海湿地公园(西海北沿南),1,1,10
北京,7月,西沟外,1,1,12
北京,7月,西玉河,1,1,18
北京,7月,西苑饭店,1,1,1
北京,7月,西门子大厦,1,1,1
北京,7月,谭王路,1,1,2
北京,7月,通州区北京小海字健身训练营东南100米(张凤路东),1,1,28
北京,7月,通州区宋庄镇沙窝,1,1,7
北京,7月,通州区西海子公园东南150米(滨河北路北),1,1,13
北京,7月,通州大运河森林公园露营地南,1,1,21
北京,7月,野鸭湖国家湿地公园观鸟平台沿线,1,1,16
北京,7月,金牛湖,1,1,6
北京,7月,金盏森林公园,1,1,13
北京,7月,锐健体育运动中心西(兴业大街),1,1,1
北京,7月,长城脚下的公社(北京市延庆区),1,1,3
北京,7月,长峪城,1,1,14
北京,7月,门头沟东灵山,1,1,32
北京,7月,门头沟区京西特产韭园酱菜东北100米(韭石路东),1,1,2
北京,7月,门头沟区北京市门头沟付家台中心小学(付珠路南),1,1,30
北京,7月,门头沟区斋堂镇爨底下村,1,1,1
北京,7月,门头沟区永定绿海运动公园(石龙路北),1,1,2
北京,7月,门头沟区清水河南50米(京拉线),1,1,1
北京,7月,门头沟区潭柘寺镇石粱,1,1,12
北京,7月,雁栖河至怀河(北京市怀柔区葛各庄路),1,1,20
北京,7月,雁栖湖,1,1,24
北京,7月,雁翅镇,1,1,5
北京,7月,霖润桥,1,1,15
北京,7月,青白口村(北京市门头沟区),1,1,17
北京,7月,青龙峡,1,1,17
北京,7月,顺义人才公园,1,1,17
北京,7月,颐和园(团城湖区域),1,1,9
北京,7月,颐和园—团城湖,1,1,4
北京,7月,颐和园西堤,1,1,15
北京,7月,马家湾湿地公园,1,1,34
北京,7月,马家湾湿地公园(北京市朝阳区马家湾村),1,1,20
北京,7月,马驹桥湿地公园-一期,1,1,15
北京,7月,高碑店乡,1,1,3
北京,7月,高碑店水库,1,1,5
北京,7月,鹅和鸭农庄风景区,1,1,16
北京,7月,鹭飞台,1,1,4
北京,7月,黄草湾郊野公园,1,1,13
北京,7月,龙云山风景区-鹿皮关长城,1,1,1
北京,7月,龙博苑3区,1,1,6
北京,7月,龙城花园(北京市昌平区昌平路317号),1,1,1
北京,7月,龙门涧风景区,1,1,2
北京,8月,乐活中堤,135,187,45
北京,8月,昌平新城滨河森林公园巩华城半岛,116,152,46
北京,8月,奥森北园,49,67,41
北京,8月,天坛公园,34,45,29
北京,8月,巩华城半岛（北沙河南岸）,33,37,39
北京,8月,奥林匹克森林公园北园,29,47,38
北京,8月,北京天坛公园,25,33,28
北京,8月,奥森南园,24,32,34
北京,8月,玉渊潭公园,23,32,28
北京,8月,滨河森林公园-沙河水库,23,25,42
北京,8月,常乐村(北京市海淀区),21,22,22
北京,8月,龙潭西湖公园,20,22,25
北京,8月,昌平新城滨河森林公园,18,22,38
北京,8月,上庄镇西马坊村,18,21,30
北京,8月,北京沙河水库,16,22,47
北京,8月,颐和园,16,16,37
北京,8月,镇辽门东,15,15,24
北京,8月,国家植物园北园,14,18,30
北京,8月,沙河昌平新城滨河森林公园,14,18,36
北京,8月,百望山森林公园,14,16,35
北京,8月,北京南海子公园,14,14,53
北京,8月,北京圆明园遗址公园,13,21,37
北京,8月,海淀区上庄镇东马坊村,13,21,30
北京,8月,北京市昌平区沙河水库,12,16,48
北京,8月,昌平巩华城新城滨河森林公园及周边,12,13,23
北京,8月,沙河昌平新城滨河森林公园(巩华城半岛外周边),12,12,38
北京,8月,北京玉渊潭公园,11,23,33
北京,8月,南苑森林湿地公园,10,17,37
北京,8月,巩华城半岛,10,11,32
北京,8月,大宁水库-乐活中堤（即滞洪水库）-废弃河道,9,10,32
北京,8月,奥林匹克森林公园南园,8,9,28
北京,8月,北京奥林匹克森林公园南园,8,8,22
北京,8月,宋庄蓄滞洪公园,7,18,55
北京,8月,巩华城,7,9,24
北京,8月,圆明园遗址公园,7,8,28
北京,8月,奥林匹克森林公园北园大坑,7,8,28
北京,8月,柳荫公园,7,8,13
北京,8月,房山区乐活中堤南100米,7,7,28
北京,8月,北京翠湖湿地公园,6,11,30
北京,8月,国家植物园,6,7,21
北京,8月,国家植物园北园（原北京植物园）,6,6,27
北京,8月,沙河水库,5,9,39
北京,8月,凤港减河,5,8,35
北京,8月,云岗森林公园,5,5,22
北京,8月,大运河森林公园,5,5,29
北京,8月,朝阳公园,5,5,31
北京,8月,北京动物园,4,6,19
北京,8月,萧太后河（田家府段）,4,5,12
北京,8月,北京市北京市东城区天坛公园-西门,4,4,25
北京,8月,北京市海淀区上庄乡常乐村村民委员会南(马坊中路西),4,4,8
北京,8月,南海子麋鹿苑,4,4,38
北京,8月,妙峰山森林公园玫瑰谷,4,4,23
北京,8月,故宫博物院,4,4,4
北京,8月,昌平滨河森林公园,4,4,10
北京,8月,沙河巩华城地铁站(昌平新城滨河森林公园西),4,4,13
北京,8月,沙河昌平新城滨河森林公园东50米,4,4,12
北京,8月,翠湖国家城市湿地公园,4,4,20
北京,8月,老山城市休闲公园,4,4,7
北京,8月,将府公园,3,7,25
北京,8月,北京植物园(北京市海淀区),3,6,20
北京,8月,元大都遗址公园,3,5,11
北京,8月,北京园博园,3,5,31
北京,8月,北京市通州区北运河,3,5,35
北京,8月,宋庄蓄滞洪区-二期,3,5,38
北京,8月,国家植物园南园,3,4,11
北京,8月,宛平湖大宁水库乐活中堤永定河废弃河道,3,4,51
北京,8月,上庄水库(北京市海淀区),3,3,37
北京,8月,北京市大兴区南海子公园,3,3,22
北京,8月,北海公园,3,3,7
北京,8月,北运河漷县杨堤村段,3,3,22
北京,8月,北长河,3,3,24
北京,8月,巩华城沙河,3,3,30
北京,8月,康西草原马场,3,3,46
北京,8月,念坛公园,3,3,23
北京,8月,房山区军红路(教军场),3,3,10
北京,8月,昌平区沙河巩华城地铁站东50米,3,3,22
北京,8月,昌平巩华城半岛周边,3,3,46
北京,8月,沙河昌平新城滨河森林公园东100米,3,3,4
北京,8月,沙河水库南沙河,3,3,17
北京,8月,北京环球度假区,2,11,37
北京,8月,崔各庄黑桥公园,2,8,16
北京,8月,百望山282,2,8,17
北京,8月,官庄公园,2,6,18
北京,8月,宣武艺园,2,6,11
北京,8月,马驹桥湿地公园-一期,2,4,23
北京,8月,东小口城市休闲公园(北京市昌平区),2,3,16
北京,8月,东小口森林公园,2,3,21
北京,8月,东石公园,2,3,27
北京,8月,丰台区莲花池公园(莲花池南路北200米),2,3,15
北京,8月,凉水河通州段,2,3,23
北京,8月,崔家窑,2,3,22
北京,8月,巩华城地铁站路西,2,3,4
北京,8月,金盏森林公园,2,3,19
北京,8月,东城区龙潭西湖公园(龙潭路南),2,2,22
北京,8月,东灵山,2,2,13
北京,8月,北京北海公园,2,2,12
北京,8月,北京奥森公园,2,2,11
北京,8月,北京市天坛公园,2,2,23
北京,8月,北京林业大学,2,2,21
北京,8月,北京植物园(北京市海淀区香山路),2,2,19
北京,8月,北植,2,2,19
北京,8月,南旱河,2,2,15
北京,8月,南沙河翠湖南路,2,2,20
北京,8月,南海子公园,2,2,8
北京,8月,南礼士路公园,2,2,7
北京,8月,后海,2,2,10
北京,8月,园外园·中坞公园(北京市海淀区),2,2,10
北京,8月,大兴区南海子公园(三海子二号路南300米),2,2,19
北京,8月,奥林匹克森林公园南园(北京市朝阳区),2,2,28
北京,8月,奥森南园西线,2,2,25
北京,8月,奥运村奥林匹克森林公园南园(沉水廊道),2,2,3
北京,8月,妙峰山,2,2,8
北京,8月,妙峰山玫瑰梯田观景平台,2,2,13
北京,8月,官厅水库（野鸭湖-康西草原-马场沿线）,2,2,20
北京,8月,宛平湖-大宁水库,2,2,19
北京,8月,巩华城新城滨河森林公园,2,2,18
北京,8月,怀柔水库,2,2,29
北京,8月,房山区佛子庄乡教军场,2,2,3
北京,8月,房山区稻田水库,2,2,22
北京,8月,昌平新城滨河森林公园及周边,2,2,17
北京,8月,未来科学城滨水公园,2,2,21
北京,8月,桑园村(Y612),2,2,24
北京,8月,沙河昌平新城滨河森林公园及半岛外周边,2,2,6
北京,8月,沙河昌平新城滨河森林公园西南,2,2,7
北京,8月,海淀公园,2,2,16
北京,8月,海淀区上庄镇常乐村,2,2,7
北京,8月,清华大学,2,2,8
北京,8月,百望山森林公园282步道猛禽迁徙监测点,2,2,16
北京,8月,百望山森林公园秋季猛禽监测点,2,2,16
北京,8月,紫竹院公园,2,2,13
北京,8月,罗马湖东,2,2,17
北京,8月,通州堰宋庄蓄滞洪区,2,2,30
北京,8月,颐和园—团城湖,2,2,30
北京,8月,马家湾湿地公园,2,2,13
北京,8月,高桑路,2,2,19
北京,8月,龙潭中湖,2,2,15
北京,8月,合生·滨江帝景,1,12,12
北京,8月,红领巾公园,1,11,23
北京,8月,三星庄后河,1,9,26
北京,8月,温榆河桥,1,6,23
北京,8月,北京温榆河公园-东园,1,4,16
北京,8月,小中河,1,4,21
北京,8月,东单公园,1,3,13
北京,8月,北京市通州区漷县镇西定安村,1,3,8
北京,8月,北京朝来森林公园,1,3,26
北京,8月,北科建水岸雁栖,1,3,23
北京,8月,平谷区黄松峪乡黑豆峪村,1,3,13
北京,8月,水南-桑园-高古庄村,1,3,25
北京,8月,沙河水库西岸,1,3,32
北京,8月,沙河镇,1,3,24
北京,8月,潮白河通州段,1,3,18
北京,8月,百花山保护区,1,3,11
北京,8月,通州区北京小海字健身训练营东南100米(张凤路东),1,3,26
北京,8月,中国资源卫星应用中心,1,2,1
北京,8月,云岗森林公园-西门,1,2,16
北京,8月,分钟寺,1,2,11
北京,8月,北土城东路元大都遗址公园,1,2,20
北京,8月,圆明园遗址公园绮春园景区,1,2,17
北京,8月,大兴区青云店镇老观里村,1,2,29
北京,8月,奥林匹克森林公园北苑桃花沟,1,2,24
北京,8月,宋庄文化公园,1,2,6
北京,8月,房山区小令湖西400米,1,2,11
北京,8月,房山区小令湖西南300米,1,2,15
北京,8月,新凤河,1,2,18
北京,8月,昌平区摩崖石刻,1,2,13
北京,8月,昌平滨河公园,1,2,1
北京,8月,沙河水库南岸,1,2,28
北京,8月,海淀区苏家坨镇土桥柳林河,1,2,21
北京,8月,田园牧歌,1,2,1
北京,8月,百花山自然保护区（百花山管理站）,1,2,6
北京,8月,碓臼峪,1,2,5
北京,8月,通州区马驹桥镇柴务村,1,2,20
北京,8月,郑各庄温榆河公园,1,2,7
北京,8月,门头沟区永定电建·金地华宸东南(龙兴南一路西),1,2,5
北京,8月,青年之家公寓,1,2,17
北京,8月,首都经济贸易大学(花乡张家路口121号),1,2,5
北京,8月,TempleofHeavenPark,1,1,1
北京,8月,上庄水库,1,1,22
北京,8月,不老屯镇,1,1,32
北京,8月,东坝郊野公园,1,1,10
北京,8月,东城区亮马河公园,1,1,6
北京,8月,东城区北新桥雍和宫地铁站(雍和宫大街),1,1,6
北京,8月,东城区天坛公园科普园西北100米(天坛路南),1,1,7
北京,8月,东城国际人才公园,1,1,6
北京,8月,东小口森林公园二期北区,1,1,7
北京,8月,东郊森林公园华北树木园(北京市通州区),1,1,9
北京,8月,东郊湿地公园,1,1,38
北京,8月,东马坊村(马坊中路),1,1,11
北京,8月,两山公园,1,1,18
北京,8月,中关村森林公园,1,1,12
北京,8月,中国农业大学西校区,1,1,5
北京,8月,中国农业科学院,1,1,2
北京,8月,中坞公园,1,1,17
北京,8月,中海凯旋,1,1,1
北京,8月,丰台区南苑森林湿地公园1期(槐房南路东),1,1,15
北京,8月,丰台区宛平湖,1,1,2
北京,8月,临波中路与运粮引河路交叉口,1,1,5
北京,8月,亦庄新城滨河森林公园(亦庄滨河森林公园),1,1,12
北京,8月,什刹海公园(西城区地安门西大街49号),1,1,6
北京,8月,什刹海西海湿地公园,1,1,11
北京,8月,元大都城垣遗址公园,1,1,10
北京,8月,全国农业展览馆,1,1,6
北京,8月,全国农业展览馆9号馆,1,1,20
北京,8月,八达岭古长城自然风景区,1,1,6
北京,8月,冯村[公交站],1,1,5
北京,8月,凉水河石榴庄城市休闲森林公园南(光彩路东),1,1,13
北京,8月,凤河和柏凤沟交叉口(通州区),1,1,27
北京,8月,前门西大街,1,1,1
北京,8月,北二环城市公园,1,1,7
北京,8月,北京华文学院(北京市昌平区七北路69号),1,1,11
北京,8月,北京南苑森林湿地公园,1,1,12
北京,8月,北京城市图书馆,1,1,1
北京,8月,北京大学,1,1,2
北京,8月,北京大学小水坑,1,1,13
北京,8月,北京大学附属中学,1,1,1
北京,8月,北京天安门广场,1,1,4
北京,8月,北京奥林匹克公园,1,1,10
北京,8月,北京奥林匹克公园-大树园,1,1,19
北京,8月,北京市东城区天坛公园,1,1,2
北京,8月,北京市丰台区绿堤公园宛平湖,1,1,11
北京,8月,北京市回民学校,1,1,6
北京,8月,北京市奥林匹克森林公园-南园,1,1,16
北京,8月,北京市昌平区桃峪口水库管理处,1,1,17
北京,8月,北京市朝阳公园,1,1,1
北京,8月,北京市朝阳区望和公园-北园,1,1,15
北京,8月,北京市海淀区北京植物园,1,1,29
北京,8月,北京市玉渊潭公园,1,1,21
北京,8月,北京市通州区通州大运河森林公园,1,1,22
北京,8月,北京师范大学附属实验中学,1,1,1
北京,8月,北京新城滨河森林公园,1,1,37
北京,8月,北京朝来森林公园-南门,1,1,27
北京,8月,北京朝阳公园,1,1,9
北京,8月,北京海淀玉渊潭公园,1,1,23
北京,8月,北京温榆河公园(故城记忆),1,1,15
北京,8月,北京石刻艺术博物馆南(五塔寺路),1,1,1
北京,8月,北京石景山游乐园,1,1,1
北京,8月,北京绿洲丰盈高尔夫球会,1,1,17
北京,8月,北京航空航天大学,1,1,7
北京,8月,北京莲花池公园,1,1,5
北京,8月,北京野鸭湖湿地公园,1,1,32
北京,8月,北京阻尼运动中心,1,1,5
北京,8月,北天堂公园,1,1,17
北京,8月,北小河,1,1,14
北京,8月,北崔家窑村,1,1,12
北京,8月,北沙河南岸,1,1,1
北京,8月,北沙河及巩华城半岛,1,1,22
北京,8月,北运河,1,1,21
北京,8月,北运河通州段,1,1,5
北京,8月,十一学校(北校区),1,1,29
北京,8月,十三陵水库,1,1,8
北京,8月,千灵山,1,1,10
北京,8月,千灵山（或加戒台寺）,1,1,4
北京,8月,华为北京环保园无线终端研发中心3期,1,1,8
北京,8月,南海子二期,1,1,20
北京,8月,南海子公园二期,1,1,17
北京,8月,南石洋大峡谷,1,1,3
北京,8月,南礼士路-B东北口,1,1,1
北京,8月,南长河公园,1,1,11
北京,8月,双榆树北里南区,1,1,1
北京,8月,双榆树西里,1,1,1
北京,8月,古道西丰庄园西侧林地,1,1,1
北京,8月,台湖公园,1,1,19
北京,8月,台湖镇水南村,1,1,18
北京,8月,四道河(桃下路),1,1,2
北京,8月,团城湖,1,1,11
北京,8月,园博园功能湿地（晓月湖芦苇）,1,1,19
北京,8月,国家植物园北园-东南门,1,1,12
北京,8月,国家植物园北园-绚秋园,1,1,8
北京,8月,圆明园-福海景区,1,1,13
北京,8月,圆明园-鉴碧亭,1,1,37
北京,8月,圆明园圆明园,1,1,1
北京,8月,圆明园遗址公园(海淀区清华西路28号),1,1,19
北京,8月,圆明园遗址公园-东门,1,1,17
北京,8月,圆明园遗址公园西线,1,1,9
北京,8月,城市绿心森林公园,1,1,36
北京,8月,大兴区凉水河同仁医院附近,1,1,5
北京,8月,大兴区南海子公园二期,1,1,19
北京,8月,大兴区南海子公园南海子牡丹园西(公园南环路北),1,1,24
北京,8月,大兴区旧宫朗润园2期(旧桥路东50米),1,1,3
北京,8月,大兴区稻之道主题乐园(韩凤路南),1,1,1
北京,8月,大兴区观鸟台(三海子二号路南),1,1,3
北京,8月,大兴区采育第二中心小学东南(福东街北),1,1,4
北京,8月,大兴区长子营湿地公园(凤港河滨河路北150米),1,1,16
北京,8月,大宗高尔夫,1,1,3
北京,8月,大望京公园-东园,1,1,4
北京,8月,大泡子(北京市丰台区),1,1,17
北京,8月,天坛公园(北京市东城区天坛东路甲1号),1,1,16
北京,8月,天坛公园北天门东北,1,1,4
北京,8月,天坛公园科普园,1,1,6
北京,8月,天坛公园科普园至西门,1,1,23
北京,8月,天坛公园西门林地,1,1,1
北京,8月,天宁寺桥,1,1,14
北京,8月,奥林匹克森林公园,1,1,14
北京,8月,奥林匹克森林公园北门桥,1,1,15
北京,8月,奥林匹克森林公园（奥森）全域,1,1,1
北京,8月,奥森北+南,1,1,24
北京,8月,奥森北园北门,1,1,8
北京,8月,孙村公园(北京市大兴区南中轴路),1,1,1
北京,8月,定慧公园,1,1,2
北京,8月,宛平湖晓月湖,1,1,26
北京,8月,密云区东邵渠镇长峪沟,1,1,10
北京,8月,密云区高岭镇人民政府(高岭村政府路8号),1,1,2
北京,8月,密云水库大小曹村库滨带,1,1,4
北京,8月,小清河岸,1,1,15
北京,8月,小漕村,1,1,10
北京,8月,小龙门狗食槽,1,1,3
北京,8月,山水自然保护中心,1,1,1
北京,8月,巩华城地铁站去往镇辽门,1,1,2
北京,8月,巩华城滨河森林公园及半岛周边,1,1,28
北京,8月,巩华城镇辽门,1,1,1
北京,8月,平谷区泃河洳河交汇地,1,1,15
北京,8月,平谷区洳河鸟首公园,1,1,1
北京,8月,延芳淀湿地,1,1,23
北京,8月,张家湾镇,1,1,31
北京,8月,御丰观光采摘园,1,1,3
北京,8月,怀柔区北京鹿世界主题园(鹤鸣西路东),1,1,1
北京,8月,怀柔区怀水大桥东南300米(桥平路西),1,1,4
北京,8月,怀柔区杨宋镇通怀路(北京市怀柔区潮白河管理所),1,1,12
北京,8月,怀柔城市森林公园(南华大街东延北100米),1,1,11
北京,8月,怀柔水库管理所进水闸管理站西北(环湖东路),1,1,5
北京,8月,怀柔滨河森林公园,1,1,4
北京,8月,恒通商务园,1,1,1
北京,8月,慕田峪长城,1,1,3
北京,8月,房山区十渡(涞宝路南200米),1,1,8
北京,8月,房山区小令湖南500米,1,1,7
北京,8月,房山区长阳镇高佃二村,1,1,14
北京,8月,房山大石河,1,1,1
北京,8月,房山小清河公园,1,1,29
北京,8月,新中街城市森林公园,1,1,11
北京,8月,日坛公园,1,1,1
北京,8月,旧宫城市森林公园,1,1,4
北京,8月,旺景公园,1,1,8
北京,8月,昌平区二拨子龙城花园(二拨子工业园区东路东),1,1,9
北京,8月,昌平区史各庄街道阎家洼,1,1,7
北京,8月,昌平区沙河东环北里5号院北50米(环城北路),1,1,2
北京,8月,昌平区沙河东环北里5号院北50米(环城北路北),1,1,1
北京,8月,昌平区沙河丽春湖院子南500米,1,1,2
北京,8月,昌平区沙河巩华城地铁站(昌平新城滨河森林公园西),1,1,2
北京,8月,昌平区沙河巩华城地铁站东北150米,1,1,32
北京,8月,昌平区沙河巩华城地铁站西南500米,1,1,4
北京,8月,昌平区沙河滨河观景平台东南150米,1,1,7
北京,8月,昌平区沙河滨河观景平台南200米,1,1,11
北京,8月,昌平区沙河翠明湖,1,1,27
北京,8月,昌平十三陵水库,1,1,44
北京,8月,昌平巩华城半岛北沙河南岸沿线,1,1,15
北京,8月,昌平新城滨河森林公园-东入口广场,1,1,1
北京,8月,昌平新城滨河森林公园-休闲廊架,1,1,6
北京,8月,昌平沙河水库北岸,1,1,21
北京,8月,景山公园,1,1,6
北京,8月,望京伯爵城中央公园,1,1,4
北京,8月,望京公园,1,1,3
北京,8月,望京国际研发园,1,1,1
北京,8月,朝阳区北京质信恒通混凝土有限公司东(来广营北路西),1,1,14
北京,8月,朝阳区南磨房官庄公园(官庄路东150米),1,1,7
北京,8月,朝阳区南磨房官庄公园(广渠东路南300米),1,1,1
北京,8月,朝阳区奥运村北京奥林匹克公园(天辰东路东),1,1,7
北京,8月,朝阳区奥运村奥林匹克森林公园,1,1,15
北京,8月,朝阳区松榆南路(北京劲松中西医结合医院),1,1,1
北京,8月,李兆基科技大楼,1,1,1
北京,8月,松香湖,1,1,20
北京,8月,树村公园,1,1,7
北京,8月,树村郊野公园,1,1,15
北京,8月,永丰屯村,1,1,8
北京,8月,汉包山,1,1,1
北京,8月,沉水廊道,1,1,1
北京,8月,沙河,1,1,27
北京,8月,沙河巩华城半岛周边,1,1,12
北京,8月,沙河昌平新城滨河森林公园东入口广场,1,1,3
北京,8月,沙河昌平新城滨河森林公园东入口广场南100米,1,1,1
北京,8月,沙河昌平新城滨河森林公园东入口广场西南50米,1,1,1
北京,8月,沙河昌平新城滨河森林公园东北100米,1,1,6
北京,8月,沙河昌平新城滨河森林公园休闲廊架,1,1,1
北京,8月,沙河昌平新城滨河森林公园北100米,1,1,23
北京,8月,沙河昌平新城滨河森林公园北50米,1,1,3
北京,8月,沙河昌平新城滨河森林公园及巩华城半岛周边,1,1,20
北京,8月,沙河昌平新城滨河森林公园游客服务中心西150米,1,1,16
北京,8月,沙河昌平新城滨河森林公园滨水走廊东150米,1,1,55
北京,8月,沙河昌平新城滨河森林公园滨水走廊东北400米,1,1,24
北京,8月,沙河昌平新城滨河森林公园滨水走廊东南150米,1,1,18
北京,8月,沙河昌平新城滨河森林公园西,1,1,23
北京,8月,沙河水库新城滨河森林公园,1,1,11
北京,8月,沙河水库西岸南岸南沙河北岸,1,1,2
北京,8月,河堤路入口(河堤路方向),1,1,6
北京,8月,法城口桥,1,1,7
北京,8月,海淀区万寿路永引渠示范点,1,1,4
北京,8月,海淀区上庄镇西马坊村,1,1,23
北京,8月,海淀区北坞公园(金河路),1,1,27
北京,8月,海淀区北坞公园(金河路南),1,1,21
北京,8月,海淀区四季青镇后窑,1,1,2
北京,8月,海淀区玉渊潭公园,1,1,5
北京,8月,海淀区苏家坨镇稻香湖路,1,1,4
北京,8月,海淀区荷颐苑(支四路),1,1,11
北京,8月,海淀区颐和园(西南门石桥东150米),1,1,13
北京,8月,海淀区颐和园(西堤西200米),1,1,3
北京,8月,海淀区马连洼清河之源滨水公园(滨河路西),1,1,14
北京,8月,海陀山,1,1,20
北京,8月,清华大学(熙春路),1,1,11
北京,8月,清华大学天文台,1,1,8
北京,8月,清河之源,1,1,10
北京,8月,清河大桥东侧河段,1,1,3
北京,8月,清源公园,1,1,15
北京,8月,温榆河畔,1,1,5
北京,8月,温泉村,1,1,12
北京,8月,湖映苍鹭,1,1,2
北京,8月,滨河公园,1,1,5
北京,8月,漕运码头,1,1,6
北京,8月,潞河中学(北京市通州区新华南路135号),1,1,10
北京,8月,潞河桃柳景区-亭,1,1,16
北京,8月,燕东园北区,1,1,1
北京,8月,狼垡城市森林公园,1,1,10
北京,8月,玉渊潭,1,1,12
北京,8月,玉渊潭 公园,1,1,7
北京,8月,玉渊潭公园(海淀区西三环中路10号),1,1,15
北京,8月,玉渊潭公园-西门附近,1,1,11
北京,8月,环湖东路,1,1,23
北京,8月,玲珑公园,1,1,2
北京,8月,畅悦公园,1,1,6
北京,8月,白云叠翠公园,1,1,5
北京,8月,白河森林公园,1,1,6
北京,8月,白浮泉公园,1,1,8
北京,8月,百合谷,1,1,3
北京,8月,百望山,1,1,10
北京,8月,百望山282猛禽监测点,1,1,7
北京,8月,百望山森林公园(海淀区黑山扈北口19号),1,1,2
北京,8月,百花山自然风景区,1,1,4
北京,8月,石景山雕塑公园,1,1,7
北京,8月,石龙创新大厦,1,1,1
北京,8月,稻香云林,1,1,23
北京,8月,紫竹院公园(海淀区中关村南大街35号),1,1,1
北京,8月,红桥市场,1,1,1
北京,8月,绿堤公园,1,1,12
北京,8月,绿堤公园(北京市丰台区永定河畔),1,1,30
北京,8月,绿海运动公园,1,1,1
北京,8月,肖家河公园,1,1,8
北京,8月,胡家村(北京市通州区),1,1,27
北京,8月,萧太后河,1,1,40
北京,8月,蒲洼乡,1,1,7
北京,8月,西城区官园官苑8号(东弓匠胡同),1,1,4
北京,8月,西城区宣武艺园(槐柏树街南),1,1,1
北京,8月,西山庭院,1,1,2
北京,8月,西山林场卧佛寺分场,1,1,5
北京,8月,西海,1,1,16
北京,8月,西玉河雨水湿地公园,1,1,11
北京,8月,西直门桥,1,1,1
北京,8月,西郊沙石坑,1,1,3
北京,8月,西郊砂石坑公园(北京市海淀区),1,1,24
北京,8月,西郊雨洪调蓄工程/西郊砂石坑,1,1,19
北京,8月,辛庄,1,1,13
北京,8月,通州区北京康牧生物科技有限公司(漷大路),1,1,1
北京,8月,通州区台湖镇桑园村,1,1,17
北京,8月,通州区宋庄北京通州运河苑渡假村北门东200米,1,1,1
北京,8月,通州区永乐店镇应寺村,1,1,18
北京,8月,通州区漷县镇长陵营村,1,1,1
北京,8月,通州区锐驰生活区西北400米(马大路北),1,1,19
北京,8月,通州区马驹桥湿地公园一期(七支路东200米),1,1,12
北京,8月,通州区马驹桥镇郭村,1,1,9
北京,8月,郭家坞,1,1,13
北京,8月,野鸭湖国家湿地公园,1,1,3
北京,8月,门头沟东灵山,1,1,19
北京,8月,门头沟区潭柘寺镇石粱,1,1,7
北京,8月,门头沟区韭园酱菜,1,1,3
北京,8月,门头沟小龙门林场,1,1,9
北京,8月,阳台山路,1,1,12
北京,8月,陶庄村,1,1,1
北京,8月,陶然亭公园,1,1,17
北京,8月,雁栖河至怀河(北京市怀柔区葛各庄路),1,1,12
北京,8月,雁栖湖,1,1,12
北京,8月,雁栖湖西山步道,1,1,1
北京,8月,顺义区李遂镇崇国庄村,1,1,15
北京,8月,顺义区汉石桥湿地公园(Y275西),1,1,11
北京,8月,顺义区金茂怡生园酒店(左堤路西300米),1,1,12
北京,8月,颐和园(西堤),1,1,12
北京,8月,颐和园-昆明湖团城湖,1,1,10
北京,8月,颐和园公园,1,1,18
北京,8月,首开知语城(北京市朝阳区南湖中园318),1,1,4
北京,8月,马家湾湿地公园附近,1,1,8
北京,8月,马驹桥湿地公园-一期（支德路南侧）,1,1,17
北京,8月,高米店公园,1,1,1
北京,8月,龙潭中湖公园,1,1,2
北京,8月,龙门生态园(天开寺店),1,1,1
北京,9月,奥森北园,145,220,49
北京,9月,百望山森林公园,112,187,36
北京,9月,天坛公园,110,135,41
北京,9月,乐活中堤,86,115,51
北京,9月,奥林匹克森林公园北园,76,129,51
北京,9月,玉渊潭公园,53,70,29
北京,9月,北京天坛公园,46,67,36
北京,9月,昌平新城滨河森林公园巩华城半岛,41,48,54
北京,9月,常乐村(北京市海淀区),33,38,27
北京,9月,北京玉渊潭公园,29,57,41
北京,9月,国家植物园北园,25,32,40
北京,9月,北京圆明园遗址公园,24,38,48
北京,9月,上庄镇西马坊村,22,31,38
北京,9月,百望山282,18,24,22
北京,9月,奥森南园,15,16,34
北京,9月,颐和园,15,15,38
北京,9月,海淀区上庄镇东马坊村,14,35,46
北京,9月,北京沙河水库,14,14,35
北京,9月,北京大学,13,23,37
北京,9月,圆明园遗址公园,13,14,35
北京,9月,奥林匹克森林公园北园大坑,12,19,37
北京,9月,沙河昌平新城滨河森林公园,12,13,36
北京,9月,百望山森林公园秋季猛禽监测点,12,13,21
北京,9月,北京奥林匹克森林公园南园,10,13,31
北京,9月,宋庄蓄滞洪区-二期,9,21,51
北京,9月,北京南海子公园,9,11,59
北京,9月,紫竹院公园,9,11,19
北京,9月,昌平新城滨河森林公园,8,13,34
北京,9月,百望山282猛禽监测点,8,12,20
北京,9月,北京市天坛公园,8,10,30
北京,9月,巩华城半岛（北沙河南岸）,8,10,46
北京,9月,朝阳区奥运村奥林匹克森林公园(清河路南300米),8,9,27
北京,9月,清华大学,8,8,8
北京,9月,滨河森林公园-沙河水库,8,8,52
北京,9月,宋庄蓄滞洪公园,7,12,45
北京,9月,汉石桥湿地自然保护区,7,9,70
北京,9月,龙潭西湖公园,7,9,41
北京,9月,天坛苗圃,7,7,14
北京,9月,奥林匹克森林公园北园西门,7,7,22
北京,9月,北京翠湖湿地公园,6,24,51
北京,9月,奥林匹克森林公园（北园）,6,9,30
北京,9月,国家植物园,6,7,41
北京,9月,昌平巩华城新城滨河森林公园及周边,6,6,35
北京,9月,沙河昌平新城滨河森林公园(巩华城半岛外周边),6,6,62
北京,9月,白浮泉公园,6,6,35
北京,9月,宛平湖大宁水库乐活中堤永定河废弃河道,5,11,40
北京,9月,北京林业大学,5,8,21
北京,9月,南苑森林湿地公园,5,7,33
北京,9月,东马坊村(马坊中路),5,6,23
北京,9月,农展馆,5,6,23
北京,9月,天坛公园科普园,5,6,12
北京,9月,北京市东城区天坛公园-生态科普园,5,5,11
北京,9月,大运河森林公园,5,5,24
北京,9月,柳荫公园,5,5,18
北京,9月,百望山望京楼,4,22,14
北京,9月,元大都遗址公园,4,11,10
北京,9月,北京动物园,4,8,17
北京,9月,将府公园,4,7,20
北京,9月,中国科学院大学雁栖湖校区西区,4,5,27
北京,9月,云岗森林公园,4,5,27
北京,9月,全国农业展览馆,4,5,20
北京,9月,大宁水库-乐活中堤（即滞洪水库）-废弃河道,4,5,35
北京,9月,百望山森林公园-观景平台,4,5,17
北京,9月,北京(通州)大运河文化旅游景区,4,4,24
北京,9月,北京奥森公园,4,4,30
北京,9月,天坛公园-科普园,4,4,20
北京,9月,天坛公园科普园附近,4,4,25
北京,9月,念坛公园,4,4,20
北京,9月,房山区佛子庄乡教军场,4,4,7
北京,9月,北京环球度假区,3,20,31
北京,9月,宣武艺园,3,16,12
北京,9月,红领巾公园,3,14,32
北京,9月,北京师范大学附属实验中学,3,13,10
北京,9月,陶然亭公园,3,9,28
北京,9月,首都经济贸易大学(花乡张家路口121号),3,7,6
北京,9月,北京大学附属中学,3,5,14
北京,9月,天坛公园(北京市东城区天坛东路甲1号),3,4,28
北京,9月,奥林匹克森林公园,3,4,23
北京,9月,崔各庄黑桥公园,3,4,16
北京,9月,沙河北岸,3,4,53
北京,9月,漕运码头,3,4,21
北京,9月,东城区 柳荫公园,3,3,17
北京,9月,东城区天坛公园(天坛路南300米),3,3,21
北京,9月,全国农业展览馆（农展馆）,3,3,21
北京,9月,北京南海子麋鹿苑博物馆(北京市大兴区),3,3,53
北京,9月,北京园博园,3,3,30
北京,9月,北京奥林匹克公园北园-花田野趣,3,3,26
北京,9月,北京百望山森林公园,3,3,15
北京,9月,唐指山水库,3,3,31
北京,9月,大兴区新城滨河森林公园(科创十七街南),3,3,9
北京,9月,奥林匹克森林公园北园-西门,3,3,35
北京,9月,奥林匹克森林公园南园(北京市朝阳区),3,3,36
北京,9月,密云水库,3,3,64
北京,9月,密云水库不老屯天文台,3,3,62
北京,9月,巩华城地铁站路西,3,3,16
北京,9月,新望京楼,3,3,29
北京,9月,朝阳公园,3,3,30
北京,9月,朝阳区奥运村奥林匹克森林公园(北五环北200米),3,3,26
北京,9月,萧太后河（田家府段）,3,3,43
北京,9月,颐和园团城湖,3,3,25
北京,9月,合生·滨江帝景,2,24,27
北京,9月,松香湖,2,16,20
北京,9月,官庄公园,2,13,23
北京,9月,沙河水库新城滨河森林公园,2,10,19
北京,9月,巩华城,2,6,7
北京,9月,金盏森林公园,2,6,23
北京,9月,上庄水库(北京市海淀区),2,5,44
北京,9月,奥林匹克森林公园北园北门大坑,2,5,13
北京,9月,日坛公园(北京市朝阳区日坛北路6号),2,5,14
北京,9月,马家湾湿地公园,2,5,24
北京,9月,北长河,2,4,28
北京,9月,圆明园遗址公园(海淀区清华西路28号),2,4,36
北京,9月,太阳宫公园,2,4,16
北京,9月,崔家窑,2,4,39
北京,9月,三星庄后河,2,3,9
北京,9月,东小口城市休闲公园(北京市昌平区),2,3,28
北京,9月,北京市通州区北运河,2,3,37
北京,9月,北辰绿色中央公园,2,3,10
北京,9月,巩华城半岛,2,3,43
北京,9月,房山区乐活中堤南100米,2,3,35
北京,9月,清河之源,2,3,21
北京,9月,百望山森林公园观景平台,2,3,17
北京,9月,东城区天坛公园双环万寿亭东北200米(天坛路南),2,2,27
北京,9月,东城区天坛公园科普园,2,2,13
北京,9月,东小口森林公园,2,2,32
北京,9月,中国人民大学,2,2,7
北京,9月,中国农业展览馆,2,2,13
北京,9月,临波西路与运粮引河路交叉口(通州区),2,2,28
北京,9月,丽泽桥,2,2,4
北京,9月,元大都城垣遗址,2,2,9
北京,9月,先农坛,2,2,24
北京,9月,全国农业展览馆(朝阳区东三环北路16号),2,2,22
北京,9月,凉水河通州段,2,2,18
北京,9月,凤港减河,2,2,30
北京,9月,北京大学医学部,2,2,15
北京,9月,北京市奥林匹克森林公园,2,2,38
北京,9月,北京市朝阳公园,2,2,25
北京,9月,北京市海淀区上庄乡常乐村村民委员会南(马坊中路西),2,2,14
北京,9月,北京林业大学操场,2,2,3
北京,9月,北京植物园(北京市海淀区香山路),2,2,27
北京,9月,北京西山国家森林公园,2,2,19
北京,9月,北京鹫峰国家森林公园,2,2,13
北京,9月,北沙河及巩华城半岛,2,2,30
北京,9月,十渡,2,2,17
北京,9月,南沙河翠湖南路,2,2,15
北京,9月,南海子麋鹿苑,2,2,14
北京,9月,园外园·中坞公园(北京市海淀区),2,2,5
北京,9月,国家植物园-人工湖中湖,2,2,16
北京,9月,国家植物园梅园水景观光区,2,2,16
北京,9月,国科大雁栖湖校区,2,2,6
北京,9月,城市绿心森林公园,2,2,22
北京,9月,大望京公园,2,2,4
北京,9月,大杨山国家森林公园(北京市昌平区木厂村),2,2,8
北京,9月,天安门广场,2,2,5
北京,9月,奥森北园+南园,2,2,31
北京,9月,奥森北园河西,2,2,20
北京,9月,妙峰山森林公园玫瑰谷,2,2,24
北京,9月,密云水库大小曹村库滨带,2,2,10
北京,9月,巩华城[地铁站],2,2,21
北京,9月,巩华城沙河,2,2,19
北京,9月,常乐村,2,2,26
北京,9月,广阳谷城市森林公园,2,2,9
北京,9月,御康公园,2,2,22
北京,9月,房山新城滨水森林公园,2,2,14
北京,9月,日坛公园,2,2,8
北京,9月,望京公园,2,2,15
北京,9月,朝阳区东坝乡半截塔,2,2,1
北京,9月,朝阳区南磨房官庄公园(广渠东路南300米),2,2,16
北京,9月,朝阳区大屯卧龙小区(卧龙东路西),2,2,8
北京,9月,朝阳区奥运村奥林匹克森林公园(奥林西路北150米),2,2,1
北京,9月,桑园村,2,2,24
北京,9月,沙河昌平新城滨河森林公园游客服务中心西150米,2,2,12
北京,9月,海淀区上庄中心小学(东马坊校区)西300米,2,2,6
北京,9月,清河之洲,2,2,1
北京,9月,玉渊潭公园樱珞花谷区域,2,2,13
北京,9月,环湖东路,2,2,21
北京,9月,百望山森林公园282,2,2,13
北京,9月,百望山猛禽观测点,2,2,13
北京,9月,绿海运动公园,2,2,7
北京,9月,翠湖国家城市湿地公园,2,2,38
北京,9月,西郊雨洪调蓄工程/西郊砂石坑,2,2,20
北京,9月,野鸭湖,2,2,51
北京,9月,雁栖湖,2,2,9
北京,9月,顺义潮白河滨河森林公园,2,2,33
北京,9月,颐和园—团城湖,2,2,9
北京,9月,十一学校魔术林,1,10,57
北京,9月,分钟寺,1,7,19
北京,9月,恒通商务园,1,7,13
北京,9月,京铁公寓,1,6,25
北京,9月,北京市园林绿化科学研究院,1,6,18
北京,9月,中国环境科学研究院,1,5,18
北京,9月,小中河,1,5,23
北京,9月,潞河中学(北京市通州区新华南路135号),1,5,12
北京,9月,百望山森林公园猛禽迁徙282监测点,1,5,20
北京,9月,奥森北园河东,1,4,24
北京,9月,海淀区苏家坨镇土桥柳林河,1,4,28
北京,9月,首都师范大学,1,4,2
北京,9月,中关村ARTPARK大融城,1,3,7
北京,9月,中国农业大学东校区,1,3,5
北京,9月,中国科学院大学(雁栖湖校区)西,1,3,13
北京,9月,云岗北里小院,1,3,12
北京,9月,北小河,1,3,24
北京,9月,南旱河,1,3,27
北京,9月,望京西园1区,1,3,4
北京,9月,沙河水库,1,3,55
北京,9月,海淀区北坞公园(金河路南),1,3,30
北京,9月,门头沟区永定电建·金地华宸东南(龙兴南一路西),1,3,10
北京,9月,齐物潭,1,3,9
北京,9月,中信新城(北京市大兴区三海子东路),1,2,15
北京,9月,中国人民大学附属中学（人大附中本部）,1,2,5
北京,9月,中国农业大学西校区,1,2,5
北京,9月,中国社会科学院大学(良乡校区),1,2,5
北京,9月,中国科学院大学雁栖湖校区,1,2,14
北京,9月,五里店铁路公园,1,2,20
北京,9月,北京大学鸣鹤园,1,2,14
北京,9月,北京工业大学,1,2,18
北京,9月,北京市通州区漷县镇西定安村,1,2,11
北京,9月,北京师范大学,1,2,7
北京,9月,北京林业大学林之心,1,2,3
北京,9月,北太平庄北京师范大学(京师路),1,2,3
北京,9月,北科建水岸雁栖,1,2,19
北京,9月,奥林匹克森林公园北苑桃花沟,1,2,32
北京,9月,昌平区北七家北京太阳城(温榆河左堤南),1,2,15
北京,9月,沙河水库西岸,1,2,31
北京,9月,滨河公园,1,2,5
北京,9月,潮汇大桥（潮河白河汇合口）,1,2,21
北京,9月,胡家村(北京市通州区),1,2,29
北京,9月,茉藜园(北京市朝阳区秋实东街),1,2,2
北京,9月,诺德花园西区,1,2,2
北京,9月,通州区台湖镇外郎营村,1,2,4
北京,9月,镇辽门东,1,2,21
北京,9月,门头沟区永定镇白庄子村,1,2,17
北京,9月,雁栖河至怀河(北京市怀柔区葛各庄路),1,2,20
北京,9月,青年之家公寓,1,2,26
北京,9月,NationalZhiwuPark,1,1,14
北京,9月,世界园艺博览会园区,1,1,12
北京,9月,东升八家郊野公园,1,1,16
北京,9月,东城亮马河公园,1,1,11
北京,9月,东城区柳荫公园(黄寺大街东),1,1,4
北京,9月,东庄村,1,1,13
北京,9月,东灵山,1,1,11
北京,9月,中关村公园,1,1,8
北京,9月,中关村环保科技示范园齐物潭公园,1,1,9
北京,9月,中关村软件园,1,1,8
北京,9月,中国农业大学(西校区),1,1,2
北京,9月,中国农业科学院,1,1,3
北京,9月,中国石油大学(北京),1,1,1
北京,9月,中国矿业大学（北京）,1,1,2
北京,9月,中国科学院动物研究所(北辰西路1号院5),1,1,3
北京,9月,中国科学院大学(中关村校区),1,1,1
北京,9月,中国科学院大学两弹一星路西南侧菜地（妖怪篱笆）,1,1,17
北京,9月,中国科学院大学（雁栖湖）,1,1,14
北京,9月,中国空间技术研究院东北,1,1,1
北京,9月,中坞公园-荷风桥,1,1,1
北京,9月,中山公园,1,1,1
北京,9月,中海凯旋,1,1,1
北京,9月,丰宜公园,1,1,6
北京,9月,临波中路与运粮引河路交叉口,1,1,8
北京,9月,书韵,1,1,12
北京,9月,云岗森林公园-西门,1,1,12
北京,9月,云河墅,1,1,1
北京,9月,京城梨园,1,1,14
北京,9月,京张铁路遗址公园1期南段,1,1,11
北京,9月,亿滋食品(北京)有限公司,1,1,7
北京,9月,什刹海西海湿地公园,1,1,5
北京,9月,元大都城垣遗址公园,1,1,10
北京,9月,全国农业展览馆9号馆,1,1,10
北京,9月,凉水河丰台段,1,1,14
北京,9月,凉水河经开区段,1,1,18
北京,9月,前门,1,1,1
北京,9月,北京交通大学,1,1,1
北京,9月,北京动物园-东区,1,1,4
北京,9月,北京动物园-水禽湖,1,1,1
北京,9月,北京华文学院(北京市昌平区七北路69号),1,1,16
北京,9月,北京园博园-园博功能湿地,1,1,2
北京,9月,北京城市绿心森林公园,1,1,1
北京,9月,北京大学镜春园,1,1,12
北京,9月,北京大觉寺,1,1,6
北京,9月,北京奥林匹克公园-大树园,1,1,32
北京,9月,北京奥林匹克公园叠水花台,1,1,1
北京,9月,北京密云水库,1,1,3
北京,9月,北京市东城区天坛公园-西部空场,1,1,14
北京,9月,北京市丰台区绿堤公园宛平湖,1,1,17
北京,9月,北京市国家植物园,1,1,24
北京,9月,北京市昌平区七孔桥花海,1,1,8
北京,9月,北京市昌平区沙河水库,1,1,5
北京,9月,北京市海淀区北京植物园,1,1,1
北京,9月,北京市第二中学,1,1,8
北京,9月,北京市第十三中学,1,1,14
北京,9月,北京市颐和园,1,1,2
北京,9月,北京师范大学(海淀校园),1,1,1
北京,9月,北京师范大学附属实验中学分校,1,1,2
北京,9月,北京昌平沙河大坝,1,1,26
北京,9月,北京朝来森林公园,1,1,24
北京,9月,北京植物园(北京市海淀区),1,1,11
北京,9月,北京海淀玉渊潭公园,1,1,11
北京,9月,北京温榆河公园(故城记忆),1,1,5
北京,9月,北京科技大学,1,1,7
北京,9月,北京第二外国语学院,1,1,2
北京,9月,北京绿洲丰盈高尔夫球会,1,1,17
北京,9月,北京阻尼运动中心,1,1,5
北京,9月,北京麋鹿苑,1,1,48
北京,9月,北土城东路元大都遗址公园,1,1,1
北京,9月,北坞公园,1,1,17
北京,9月,北植,1,1,21
北京,9月,北海公园,1,1,5
北京,9月,北运河通州段,1,1,26
北京,9月,十一学校小水坑鸟类监测点,1,1,6
北京,9月,十三陵水库,1,1,13
北京,9月,十三陵镇东沙河沿岸,1,1,14
北京,9月,十渡风景区七渡旭日东升,1,1,1
北京,9月,千军台,1,1,45
北京,9月,千灵山,1,1,14
北京,9月,半坡及附近街区,1,1,7
北京,9月,南海子一期,1,1,5
北京,9月,南海子二期,1,1,24
北京,9月,南海子公园雁影海1号码头,1,1,3
北京,9月,南海子公园雁影海南,1,1,13
北京,9月,博大公园,1,1,11
北京,9月,卢沟桥南-乐活中堤 永定河湿地,1,1,10
北京,9月,卧佛寺,1,1,10
北京,9月,古塔公园,1,1,26
北京,9月,台湖公园,1,1,10
北京,9月,台湖镇水南村,1,1,30
北京,9月,右堤路大宁水库（北京银泰鸿业高尔夫）,1,1,13
北京,9月,合生滨江帝景一期,1,1,5
北京,9月,四得公园(北京市朝阳区将台西路9号),1,1,10
北京,9月,四方景园二区,1,1,1
北京,9月,园博园功能湿地（晓月湖芦苇）,1,1,18
北京,9月,国家植物园中国科学院植物研究所北门,1,1,32
北京,9月,国家网球中心-布拉德球场,1,1,1
北京,9月,国科大怀柔,1,1,17
北京,9月,圆明园遗址公园后海周边,1,1,12
北京,9月,圆明园遗址公园藻园门(西苑北桥北侧),1,1,11
北京,9月,圆明园鸿慈永祜东北200米,1,1,12
北京,9月,圆明园鸿慈永祜往东北200米,1,1,11
北京,9月,垛子公园,1,1,4
北京,9月,大兴之星大厦对面步道,1,1,10
北京,9月,大兴区南海子公园二期,1,1,13
北京,9月,大兴区圣石桥西南100米(公园南环路北),1,1,6
北京,9月,大兴区滨河公园西侧,1,1,1
北京,9月,大兴区长子营湿地公园,1,1,9
北京,9月,大兴区青云店镇老观里村,1,1,16
北京,9月,大兴区麋鹿苑北门东南50米(三海子二号路南),1,1,13
北京,9月,大兴生态文明教育公园,1,1,13
北京,9月,大运河森林公园-月岛闻莺景区,1,1,24
北京,9月,大运河森林公园京杭大运河书院西南,1,1,11
北京,9月,天元公园(北京市丰台区青塔西路),1,1,1
北京,9月,天坛,1,1,23
北京,9月,天坛公园-科普园（苗圃）,1,1,3
北京,9月,天坛公园北天门东北,1,1,7
北京,9月,天坛公园西门林地,1,1,16
北京,9月,天坛公园西门至苗圃区间,1,1,1
北京,9月,天澄湖,1,1,13
北京,9月,太陽宮安馨花園,1,1,2
北京,9月,奥体中心,1,1,18
北京,9月,奥北森林公园,1,1,11
北京,9月,奥北森林公园二期,1,1,9
北京,9月,奥林匹克森林公园(北京市朝阳区安立路),1,1,8
北京,9月,奥林匹克森林公园北园树木园,1,1,6
北京,9月,奥林匹克森林公园南园,1,1,13
北京,9月,奥林匹克森林公园（奥森）北园,1,1,1
北京,9月,奥森北+南,1,1,18
北京,9月,奥森北园北门,1,1,23
北京,9月,奥森银杏林东南,1,1,1
北京,9月,奥海南、西；林泉高致,1,1,8
北京,9月,妙峰山玫瑰梯田观景平台,1,1,19
北京,9月,妫水河森林公园,1,1,13
北京,9月,定慧公园,1,1,7
北京,9月,宣武门西大街57号(北京市西城区),1,1,1
北京,9月,密云区不老屯镇学各庄村,1,1,33
北京,9月,密云区北庄镇朱家湾村,1,1,2
北京,9月,密云区太师屯镇小漕村,1,1,13
北京,9月,密云水库周边,1,1,63
北京,9月,对外经济贸易大学,1,1,14
北京,9月,崔家窑湿地公园,1,1,11
北京,9月,巩华城地铁站西侧,1,1,1
北京,9月,巩华城沙河岸边,1,1,2
北京,9月,巩华城滨河森林公园及半岛周边,1,1,36
北京,9月,平西府公园,1,1,10
北京,9月,平谷区东高村镇北张岱,1,1,14
北京,9月,平谷区园田队滨河公园,1,1,11
北京,9月,平顶山(北京市海淀区),1,1,9
北京,9月,康西草原马场,1,1,21
北京,9月,延庆区香村营桥南(X999),1,1,10
北京,9月,怀柔北火车站一区北100米,1,1,5
北京,9月,怀柔区杨宋镇郭庄村,1,1,2
北京,9月,怀柔区龙湖花园西园10号院西150米(环湖东路),1,1,1
北京,9月,怀柔城市森林公园,1,1,13
北京,9月,怀柔镇卧龙岗村,1,1,2
北京,9月,怡美家园,1,1,3
北京,9月,房山区小令湖南500米,1,1,12
北京,9月,房山区穆记滩桃(X017南),1,1,7
北京,9月,房山区胡良河南100米(X016东),1,1,12
北京,9月,房山区长阳小清河桥北(长阳路),1,1,13
北京,9月,故宫博物院,1,1,4
北京,9月,教军场,1,1,1
北京,9月,新凤河,1,1,26
北京,9月,新科祥园,1,1,4
北京,9月,旧宫城市森林公园,1,1,3
北京,9月,昌平一中教育集团(西关校区),1,1,5
北京,9月,昌平区摩崖石刻,1,1,14
北京,9月,昌平区沙河停车场西北150米,1,1,20
北京,9月,昌平区沙河巩华城地铁站东50米,1,1,32
北京,9月,昌平区沙河巩华城地铁站东北150米,1,1,39
北京,9月,昌平巩华城半岛周边,1,1,21
北京,9月,昌平新城滨河森林公园(北京市昌平区),1,1,9
北京,9月,昌平新城滨河森林公园(沙河),1,1,23
北京,9月,昌平新城滨河森林公园-游客服务中心,1,1,8
北京,9月,昌平新城滨河森林公园-滨水走廊,1,1,25
北京,9月,昌平新城滨河森林公园外周边,1,1,14
北京,9月,朝外SOHO,1,1,1
北京,9月,朝阳公园湖北岸,1,1,9
北京,9月,朝阳区八里桥京贸国际公寓北(京通快速公路北),1,1,7
北京,9月,朝阳区奥运村奥森银杏林东南150米(奥林西路东),1,1,1
北京,9月,朝阳区望京伯爵城中央公园(阜安西路南),1,1,1
北京,9月,未来科学城滨水公园,1,1,29
北京,9月,朱家湾村,1,1,3
北京,9月,杨庄公园,1,1,20
北京,9月,柳荫公园柳荫亭,1,1,9
北京,9月,树村公园,1,1,1
北京,9月,树村郊野公园(北京市海淀区),1,1,2
北京,9月,栢泉山庄大桥,1,1,12
北京,9月,梁各庄村大运河沿线,1,1,60
北京,9月,樱桃沟,1,1,13
北京,9月,水南-桑园-高古庄村,1,1,30
北京,9月,水榭凉亭,1,1,9
北京,9月,永定公园,1,1,8
北京,9月,永定河(园博湖),1,1,2
北京,9月,汉石桥湿地公园,1,1,25
北京,9月,江水泉公园,1,1,1
北京,9月,沙河巩华城半岛周边,1,1,6
北京,9月,沙河新城滨河森林公园,1,1,19
北京,9月,沙河昌平新城滨河森林公园东50米,1,1,13
北京,9月,沙河昌平新城滨河森林公园东北100米,1,1,7
北京,9月,沙河昌平新城滨河森林公园西,1,1,9
北京,9月,沙河水库南岸,1,1,27
北京,9月,沙河水库南岸近沙河闸,1,1,3
北京,9月,沙河水库巩华城半岛,1,1,33
北京,9月,沙河水库（北沙河南岸）,1,1,8
北京,9月,河堤路入口(河堤路方向),1,1,6
北京,9月,泰德商务花园,1,1,2
北京,9月,海子(北京市大兴区),1,1,36
北京,9月,海淀公园,1,1,10
北京,9月,海淀区万寿路永引渠示范点,1,1,5
北京,9月,海淀区万泉河北京市第十九中学(东校区),1,1,1
北京,9月,海淀区上庄镇常乐村,1,1,5
北京,9月,海淀区上庄镇翠湖北路(翠湖农场),1,1,10
北京,9月,海淀区元土城遗址公园(知春路东),1,1,6
北京,9月,海淀区北京东升花园中心,1,1,1
北京,9月,海淀区玉渊潭公园,1,1,18
北京,9月,海淀区翠湖别墅西北150米(翠湖北路北),1,1,14
北京,9月,海淀区翠湖国家城市湿地公园(南沙河西路北300米),1,1,18
北京,9月,海淀区荷颐苑东北(支四路东),1,1,5
北京,9月,海淀区西小口公园(北京市),1,1,7
北京,9月,海淀区金钻KTV(花园路店)南100米,1,1,5
北京,9月,海淀区颐和园团城湖,1,1,16
北京,9月,清华大学(北京市海淀区双清路30号),1,1,1
北京,9月,清华大学主楼北,1,1,1
北京,9月,清华大学主楼北侧林地,1,1,12
北京,9月,清华大学校内,1,1,23
北京,9月,清华大学苏世民书院,1,1,2
北京,9月,清华大学近春园荒岛,1,1,1
北京,9月,清河中段,1,1,14
北京,9月,滨河森林公园,1,1,22
北京,9月,潮河,1,1,15
北京,9月,潮白河（河南村）,1,1,1
北京,9月,燕山学堂,1,1,3
北京,9月,玉东郊野公园,1,1,34
北京,9月,玉渊潭 公园,1,1,16
北京,9月,玉渊潭公园樱花湖,1,1,6
北京,9月,玉渊潭公园西湖,1,1,3
北京,9月,琉璃厂文化街(琉璃厂西街),1,1,5
北京,9月,百望山森林公园(海淀区黑山扈北口19号),1,1,23
北京,9月,百望山森林公园-曲径烟深栈道,1,1,19
北京,9月,百望山森林公园284步道西北,1,1,10
北京,9月,百望山森林公园望乡亭西,1,1,5
北京,9月,百望山森林公园猛禽监测点,1,1,12
北京,9月,百望山森林公园猛禽秋季监测点,1,1,14
北京,9月,百望山森林公园秋季和春季两个猛禽监测点,1,1,11
北京,9月,百望山森林公园黑山头观景平台,1,1,8
北京,9月,百望山猛禽点,1,1,7
北京,9月,百望山猛禽监测点,1,1,5
北京,9月,石景山区衙门口融景城(景阳东街东),1,1,1
北京,9月,石渠公园(北京市海淀区),1,1,24
北京,9月,石龙创新大厦,1,1,3
北京,9月,神堂峪风景区,1,1,9
北京,9月,神山村,1,1,5
北京,9月,科创十七街,1,1,2
北京,9月,科育社区,1,1,6
北京,9月,稻香云林,1,1,3
北京,9月,稻香湖景酒店,1,1,25
北京,9月,老山城市休闲公园,1,1,1
北京,9月,联想全球总部,1,1,1
北京,9月,良乡大学城公园,1,1,5
北京,9月,花家地公园,1,1,7
北京,9月,花梨坎地铁站,1,1,1
北京,9月,苗圃,1,1,3
北京,9月,莲石湖公园,1,1,3
北京,9月,莲花池公园(丰台区西三环中路38号),1,1,15
北京,9月,融科橄榄家园,1,1,10
北京,9月,蟠龙山长城景区-古北口古长城,1,1,6
北京,9月,西单,1,1,1
北京,9月,西山绿道(石景山段),1,1,9
北京,9月,西玉河雨水湿地公园,1,1,17
北京,9月,西红门生态公园风荷园,1,1,1
北京,9月,西郊砂石坑公园(北京市海淀区),1,1,31
北京,9月,贺新公园,1,1,7
北京,9月,路县故城遗址公园,1,1,6
北京,9月,路县故城遗址博物馆,1,1,13
北京,9月,远东科技文化园,1,1,1
北京,9月,通州区东郊森林湿地公园,1,1,17
北京,9月,通州区北京兴叶马会俱乐部东北300米,1,1,2
北京,9月,通州区嘤鸣亭东300米(通怀路东),1,1,25
北京,9月,通州区宋庄镇,1,1,45
北京,9月,通州区文景街道田府村,1,1,25
北京,9月,通州区永乐店镇,1,1,20
北京,9月,通州区西海子公园(永顺南街南100米),1,1,11
北京,9月,通州区锐驰生活区西北400米(马大路北),1,1,12
北京,9月,通明湖公园(北京市通州区科创十七街),1,1,5
北京,9月,重兴寺公园,1,1,15
北京,9月,野鸭湖湿地公园,1,1,6
北京,9月,金融街中心广场,1,1,4
北京,9月,银山塔林法华寺,1,1,4
北京,9月,门头沟区北京天门山国家森林公园,1,1,6
北京,9月,门头沟区永定湖公园东北200米(莲石湖西路北),1,1,5
北京,9月,门头沟区永定镇东园子,1,1,13
北京,9月,门头沟区百花山自然风景区,1,1,6
北京,9月,雁栖河科学城段(北京市怀柔区),1,1,14
北京,9月,雁栖镇,1,1,14
北京,9月,雁翅镇,1,1,10
北京,9月,青年湖公园,1,1,2
北京,9月,顺义人才公园,1,1,9
北京,9月,顺义公园,1,1,3
北京,9月,顺义区仁和镇光明街道,1,1,14
北京,9月,顺义区后沙峪北京温榆河公园(故城记忆),1,1,1
北京,9月,顺义区李桥镇沮沟村,1,1,19
北京,9月,颐和园-北宫门,1,1,42
北京,9月,首都医科大学-南门,1,1,5
北京,9月,首都师范大学(良乡校区),1,1,7
北京,9月,首都师范大学北一区,1,1,1
北京,9月,首都师范大学附属回龙观育新学校,1,1,1
北京,9月,香山,1,1,9
北京,9月,香山公园,1,1,3
北京,9月,高碑店朝阳区兴隆公园,1,1,8
北京,9月,鲁谷街道,1,1,1
北京,9月,麦当劳(方庄南路店),1,1,1
北京,9月,龙山,1,1,18
北京,9月,龙潭中湖,1,1,21
北京,9月,龙潭西湖公园-北门,1,1,17
北京,10月,乐活中堤,185,236,62
北京,10月,百望山森林公园,128,172,46
北京,10月,天坛公园,105,133,38
北京,10月,奥森北园,86,109,54
北京,10月,元大都遗址公园,75,83,17
北京,10月,北京南海子公园,72,82,61
北京,10月,玉渊潭公园,69,83,33
北京,10月,北京天坛公园,53,74,34
北京,10月,奥林匹克森林公园北园,52,80,33
北京,10月,北土城东路元大都遗址公园,47,49,21
北京,10月,北京玉渊潭公园,42,69,45
北京,10月,昌平新城滨河森林公园巩华城半岛,33,35,58
北京,10月,宋庄蓄滞洪公园,30,39,65
北京,10月,宋庄蓄滞洪区-二期,28,38,56
北京,10月,北京圆明园遗址公园,26,40,49
北京,10月,国家植物园北园,24,31,47
北京,10月,奥森南园,23,26,37
北京,10月,龙潭中湖,22,25,24
北京,10月,常乐村(北京市海淀区),20,22,34
北京,10月,野鸭湖湿地公园,19,19,59
北京,10月,滨河森林公园-沙河水库,18,20,50
北京,10月,房山区乐活中堤南100米,16,21,52
北京,10月,北京沙河水库,15,16,57
北京,10月,颐和园,15,15,35
北京,10月,柳荫公园,14,15,29
北京,10月,上庄镇西马坊村,13,17,42
北京,10月,巩华城半岛（北沙河南岸）,13,14,37
北京,10月,清华大学,12,14,22
北京,10月,元大都城垣遗址公园,12,13,24
北京,10月,北京奥林匹克森林公园南园,12,13,29
北京,10月,天坛公园科普园,12,13,18
北京,10月,朝阳区奥运村奥林匹克森林公园(清河路南300米),12,12,35
北京,10月,北京市天坛公园,11,11,32
北京,10月,巩华城,10,16,23
北京,10月,百望山282,10,15,39
北京,10月,妙峰山森林公园玫瑰谷,10,13,43
北京,10月,圆明园遗址公园,10,11,32
北京,10月,东灵山,10,10,29
北京,10月,沙河昌平新城滨河森林公园,10,10,45
北京,10月,龙潭中湖公园,10,10,17
北京,10月,百望山望京楼,9,25,26
北京,10月,北京市东城区天坛公园-生态科普园,9,11,22
北京,10月,北京大学,8,13,33
北京,10月,百望山森林公园-观景平台,8,12,30
北京,10月,官厅水库（野鸭湖-康西草原-马场沿线）,8,9,59
北京,10月,白浮泉公园,8,8,34
北京,10月,北京翠湖湿地公园,7,17,51
北京,10月,巩华城地铁站路西,7,10,23
北京,10月,南海子公园,7,8,43
北京,10月,奥林匹克森林公园北园大坑,7,8,27
北京,10月,唐指山水库,7,7,20
北京,10月,大运河森林公园,7,7,30
北京,10月,天坛公园-科普园,7,7,15
北京,10月,巩华城半岛,7,7,59
北京,10月,朝阳区元大都遗址公园,7,7,20
北京,10月,官庄公园,6,16,28
北京,10月,汉石桥湿地自然保护区,6,10,35
北京,10月,云岗森林公园,6,8,33
北京,10月,昌平巩华城半岛周边,6,8,56
北京,10月,天坛苗圃,6,7,24
北京,10月,海淀公园,6,7,28
北京,10月,玉渊潭公园樱花湖,6,7,17
北京,10月,巩华城沙河,6,6,50
北京,10月,海棠花溪,6,6,7
北京,10月,玉渊潭,6,6,19
北京,10月,百望山森林公园282,6,6,19
北京,10月,宛平湖大宁水库乐活中堤永定河废弃河道,5,7,85
北京,10月,宣武艺园,5,7,13
北京,10月,紫竹院公园,5,7,25
北京,10月,颐和园—团城湖,5,6,27
北京,10月,龙潭西湖公园,5,6,39
北京,10月,北京市奥林匹克森林公园,5,5,24
北京,10月,北京海淀玉渊潭公园,5,5,19
北京,10月,北海公园,5,5,12
北京,10月,南海子麋鹿苑,5,5,43
北京,10月,沙河水库,5,5,47
北京,10月,太阳宫公园,4,7,17
北京,10月,海淀区上庄镇东马坊村,4,5,36
北京,10月,百望山猛禽观测点,4,5,31
北京,10月,北京动物园,4,4,15
北京,10月,北京园博园,4,4,36
北京,10月,北京市东城区天坛公园,4,4,19
北京,10月,北土城,4,4,9
北京,10月,奥林匹克森林公园（北园）,4,4,38
北京,10月,怀柔水库,4,4,50
北京,10月,新望京楼,4,4,27
北京,10月,昌平区白浮泉公园(白浮泉路北300米),4,4,51
北京,10月,柳荫公园(北京市东城区黄寺大街8号),4,4,29
北京,10月,温榆河公园,4,4,21
北京,10月,百望山282猛禽监测点,4,4,28
北京,10月,百望山森林公园春季猛禽观测点,4,4,43
北京,10月,野鸭湖国家湿地公园,4,4,57
北京,10月,北京环球度假区,3,23,35
北京,10月,百望山森林公园观景平台,3,10,21
北京,10月,马家湾湿地公园,3,9,43
北京,10月,陶然亭公园,3,7,23
北京,10月,北京大学医学部,3,6,15
北京,10月,房山区长阳镇大宁村,3,5,16
北京,10月,三星庄后河,3,4,31
北京,10月,南海子一期,3,4,43
北京,10月,右堤路大宁水库（北京银泰鸿业高尔夫）,3,4,25
北京,10月,天坛公园(北京市东城区天坛东路甲1号),3,4,24
北京,10月,奥林匹克森林公园-北园,3,4,14
北京,10月,奥林匹克森林公园北园西门,3,4,23
北京,10月,密云区太师屯镇小漕村,3,4,29
北京,10月,清河之源,3,4,16
北京,10月,东城区天坛公园科普园,3,3,17
北京,10月,东城区柳荫公园(黄寺大街东),3,3,13
北京,10月,东城区龙潭中湖公园(长青园路东150米),3,3,10
北京,10月,凉水河经开区段,3,3,25
北京,10月,北京密云水库,3,3,40
北京,10月,北京师范大学,3,3,12
北京,10月,北京温榆河公园-西园,3,3,7
北京,10月,北京麋鹿苑,3,3,41
北京,10月,大兴区南海子公园二期,3,3,45
北京,10月,奥林匹克森林公园（奥森）北园,3,3,9
北京,10月,妙峰山玫瑰梯田观景平台,3,3,21
北京,10月,宛平湖,3,3,4
北京,10月,密云水库,3,3,34
北京,10月,小漕村,3,3,38
北京,10月,康西草原马场,3,3,46
北京,10月,昌平新城滨河森林公园,3,3,24
北京,10月,沙河昌平新城滨河森林公园(巩华城半岛外周边),3,3,26
北京,10月,海淀区上庄中心小学(东马坊校区)西300米,3,3,17
北京,10月,玉渊潭 公园,3,3,33
北京,10月,百望山森林公园282步道猛禽迁徙监测点,3,3,28
北京,10月,百望山森林公园秋季猛禽监测点,3,3,32
北京,10月,红领巾公园,3,3,17
北京,10月,麋鹿苑北京市大兴区,3,3,29
北京,10月,潞河中学(北京市通州区新华南路135号),2,10,13
北京,10月,北京师范大学附属实验中学,2,8,20
北京,10月,沙河水库新城滨河森林公园,2,7,29
北京,10月,北长河,2,5,34
北京,10月,金盏森林公园,2,5,14
北京,10月,北科建水岸雁栖,2,4,27
北京,10月,南海子公园雁影海,2,4,42
北京,10月,大宁水库-乐活中堤（即滞洪水库）-废弃河道,2,4,32
北京,10月,对外经济贸易大学,2,4,14
北京,10月,百望山森林公园黑山头木平台,2,4,15
北京,10月,上庄水库(北京市海淀区),2,3,30
北京,10月,东城区 柳荫公园,2,3,26
北京,10月,东小口城市休闲公园(北京市昌平区),2,3,22
北京,10月,北京化工大学（昌平新校区）,2,3,16
北京,10月,南苑森林湿地公园,2,3,23
北京,10月,将府公园,2,3,15
北京,10月,朝阳区太阳宫公园(四环南),2,3,17
北京,10月,未来科学城滨水公园(北京市昌平区),2,3,19
北京,10月,树村郊野公园,2,3,15
北京,10月,沙河水库南沙河,2,3,42
北京,10月,沙河水库西岸,2,3,35
北京,10月,海淀区玉渊潭公园,2,3,26
北京,10月,白河城市森林公园,2,3,22
北京,10月,百望山森林公园黑山头观景平台,2,3,9
北京,10月,门头沟区北京市门头沟付家台中心小学(付珠路南),2,3,16
北京,10月,1105瞭望塔(北京市海淀区),2,2,24
北京,10月,万丰公园,2,2,8
北京,10月,上庄水库,2,2,28
北京,10月,东城区龙潭中湖公园(长青园路东200米),2,2,9
北京,10月,中国人民大学附属中学（人大附中本部）,2,2,5
北京,10月,于辛庄村,2,2,32
北京,10月,元大都城垣遗址公园(安贞西里小区北)大都建典,2,2,14
北京,10月,兴隆公园,2,2,17
北京,10月,北京南海子麋鹿苑博物馆,2,2,48
北京,10月,北京友谊宾馆,2,2,3
北京,10月,北京市丰台区绿堤公园宛平湖,2,2,5
北京,10月,北京市北京市东城区天坛公园-西门,2,2,19
北京,10月,北京师范大学(海淀校园),2,2,11
北京,10月,北京航空航天大学(沙河校区),2,2,3
北京,10月,北京莲花池公园,2,2,8
北京,10月,北京西山国家森林公园,2,2,13
北京,10月,北京鹫峰国家森林公园,2,2,6
北京,10月,北坞公园,2,2,18
北京,10月,北大校园,2,2,17
北京,10月,北植,2,2,15
北京,10月,北沙河南岸,2,2,26
北京,10月,北沙河及巩华城半岛,2,2,35
北京,10月,北湖林地,2,2,13
北京,10月,千亩玫瑰园景区,2,2,8
北京,10月,千灵山,2,2,30
北京,10月,南沙河,2,2,21
北京,10月,南海子二期,2,2,8
北京,10月,南长河公园,2,2,11
北京,10月,卢沟桥南-乐活中堤 永定河湿地,2,2,12
北京,10月,四得公园(北京市朝阳区将台西路9号),2,2,10
北京,10月,国家植物园北园-东南门,2,2,26
北京,10月,圆明园遗址公园(海淀区清华西路28号),2,2,18
北京,10月,城市绿心森林公园,2,2,15
北京,10月,大兴区新城滨河森林公园(科创十七街南),2,2,9
北京,10月,大兴区观鸟台(三海子二号路南),2,2,11
北京,10月,天坛公园科普园至西门,2,2,14
北京,10月,天宁寺桥,2,2,13
北京,10月,太阳宫体育休闲公园,2,2,12
北京,10月,奥林匹克森林公园南园,2,2,27
北京,10月,奥林匹克森林公园（奥森）南园,2,2,11
北京,10月,奥森北园北门,2,2,17
北京,10月,官厅水库,2,2,4
北京,10月,密云区潮汇大桥西(X036),2,2,5
北京,10月,小清河,2,2,27
北京,10月,巩华城沙河岸边,2,2,18
北京,10月,怀柔区潮河苑假日农庄北100米(右堤路北),2,2,46
北京,10月,慕田峪长城,2,2,2
北京,10月,房山区琉璃河桥南50米(京深路),2,2,23
北京,10月,房山区稻田水库,2,2,38
北京,10月,故宫博物院,2,2,1
北京,10月,昌平新城滨河森林公园(北京市昌平区),2,2,28
北京,10月,朝阳公园,2,2,28
北京,10月,朝阳区北京温榆河公园6号门南(来广营北路西),2,2,26
北京,10月,沙河,2,2,31
北京,10月,海子(北京市大兴区),2,2,15
北京,10月,玉东郊野公园,2,2,22
北京,10月,玉渊潭公园东湖东岸,2,2,1
北京,10月,玉渊潭公园樱珞花谷区域,2,2,6
北京,10月,玉渊谭公园,2,2,16
北京,10月,玉渡山风景区,2,2,8
北京,10月,百望山森林公园猛禽监测点,2,2,19
北京,10月,神堂峪风景区,2,2,8
北京,10月,绿海运动公园,2,2,21
北京,10月,通州区宋庄镇,2,2,41
北京,10月,通州大运河森林公园,2,2,20
北京,10月,银山塔林风景区,2,2,22
北京,10月,镇辽门东,2,2,37
北京,10月,长峪城,2,2,12
北京,10月,香山公园,2,2,10
北京,10月,马家湾湿地公园附近,2,2,18
北京,10月,龙山,2,2,25
北京,10月,北京市园林绿化科学研究院,1,11,15
北京,10月,龙门生态园(天开寺店),1,9,16
北京,10月,十一学校魔术林,1,6,21
北京,10月,首都师范大学,1,5,6
北京,10月,京铁公寓,1,4,41
北京,10月,昌平区十三陵镇龙山,1,4,18
北京,10月,海淀区苏家坨镇土桥柳林河,1,4,23
北京,10月,中日友好医院,1,3,14
北京,10月,中海凯旋,1,3,1
北京,10月,云岗森林公园-西门,1,3,15
北京,10月,北京市通州区漷县镇西定安村,1,3,6
北京,10月,北小河,1,3,19
北京,10月,北辰中心花园小微湿地,1,3,2
北京,10月,崔家窑,1,3,33
北京,10月,松香湖,1,3,24
北京,10月,海淀区北坞公园(金河路南),1,3,34
北京,10月,百望山森林公园猛禽迁徙282监测点,1,3,18
北京,10月,七孔桥花海主题公园,1,2,29
北京,10月,中关村ARTPARK大融城,1,2,6
北京,10月,中国科学院大学（雁栖湖）,1,2,6
北京,10月,丰台区莲花池公园(莲花池南路北200米),1,2,17
北京,10月,乐府江南,1,2,5
北京,10月,乐活中堤+大宁水库东岸+宛平湖西岸,1,2,18
北京,10月,凉水河丰台段,1,2,10
北京,10月,北京城市图书馆,1,2,3
北京,10月,北京物资学院,1,2,17
北京,10月,北京航空航天大学(海淀区学院路37号),1,2,8
北京,10月,国家植物园北园-绚秋园,1,2,8
北京,10月,圆明园遗址公园鸿慈永祜东北200米,1,2,15
北京,10月,塔院城市森林公园,1,2,5
北京,10月,大兴区西红门镇怀畅园,1,2,8
北京,10月,大宁水库-乐活中堤,1,2,21
北京,10月,天坛公园科普园附近,1,2,20
北京,10月,密云区京密引水渠首(君山北路),1,2,4
北京,10月,恒通商务园,1,2,6
北京,10月,新凤河,1,2,23
北京,10月,昌平新城滨河森林公园-滨水走廊,1,2,12
北京,10月,景山公园,1,2,11
北京,10月,朝阳区来广营纬景园(创远路西50米),1,2,5
北京,10月,水岸雁栖,1,2,8
北京,10月,海淀区万泉河北京市第十九中学(东校区),1,2,6
北京,10月,海淀区清缘里东50米(清河路南),1,2,8
北京,10月,海淀区西北旺镇双石岭（智能卡口028）,1,2,10
北京,10月,潮汇大桥,1,2,13
北京,10月,潮汇大桥（潮河白河汇合口）,1,2,16
北京,10月,潮河边绿化林间,1,2,19
北京,10月,潮白·丽水庄园,1,2,21
北京,10月,萧太后河（田家府段）,1,2,29
北京,10月,西玉河村(北京市海淀区),1,2,12
北京,10月,通州区北京小海字健身训练营东南100米(张凤路东),1,2,34
北京,10月,027县道(北京市延庆区),1,1,13
北京,10月,2019中国北京世界园艺博览会园区,1,1,6
北京,10月,282步道,1,1,8
北京,10月,七王坟(不对外开放),1,1,2
北京,10月,三家店桥,1,1,8
北京,10月,上庄镇常乐村,1,1,10
北京,10月,东单公园,1,1,9
北京,10月,东城亮马河公园,1,1,7
北京,10月,东城区天坛公园(天坛路南100米),1,1,17
北京,10月,东城区天坛公园(天坛路南150米),1,1,17
北京,10月,东城区天坛公园双环万寿亭东北200米(天坛路南),1,1,5
北京,10月,东城区天坛公园科普园(天坛路南),1,1,5
北京,10月,东大坨(玫瑰园环路),1,1,14
北京,10月,东小口森林公园,1,1,4
北京,10月,东山村,1,1,15
北京,10月,东沙河滨水公园,1,1,9
北京,10月,东郊森林湿地公园(北京市顺义区),1,1,14
北京,10月,东郊湿地公园,1,1,37
北京,10月,东马坊村(马坊中路),1,1,18
北京,10月,中关村广场步行街,1,1,1
北京,10月,中关村森林公园,1,1,31
北京,10月,中关村软件园联想全球总部东南,1,1,7
北京,10月,中华民族园,1,1,3
北京,10月,中国人民公安大学(团河校区),1,1,8
北京,10月,中国人民大学主校区,1,1,7
北京,10月,中国传媒大学,1,1,10
北京,10月,中国农业大学西校区,1,1,2
北京,10月,中国环境科学研究院,1,1,14
北京,10月,中国石油大学(北京),1,1,1
北京,10月,中国科学院大学(玉泉路校区),1,1,1
北京,10月,中国科学院大学(雁栖湖校区),1,1,4
北京,10月,中国科学院大学两弹一星路中部北侧（白头鹎果园）,1,1,1
北京,10月,中国科学院大学雁栖湖校区,1,1,2
北京,10月,中国空间技术研究院东北,1,1,1
北京,10月,中国联通大厦(金融街街道金融大街21号),1,1,4
北京,10月,中坞公园,1,1,22
北京,10月,丰台区南苑森林湿地公园1期(槐房南路东),1,1,6
北京,10月,丰台区玉泉营草桥欣园2区北区西南(草桥站前路东),1,1,4
北京,10月,丰台区绿堤公园西南500米,1,1,10
北京,10月,九渡山庄,1,1,5
北京,10月,二张营村,1,1,12
北京,10月,于辛庄橡胶坝北,1,1,1
北京,10月,云龙涧自然风景区,1,1,7
北京,10月,五里店铁路公园,1,1,19
北京,10月,京西稻保护性种植区,1,1,18
北京,10月,人大附中早培小树林,1,1,1
北京,10月,亿滋食品(北京)有限公司西南,1,1,11
北京,10月,什刹海-前海,1,1,6
北京,10月,什刹海公园,1,1,4
北京,10月,什刹海西海湿地公园,1,1,5
北京,10月,什刹海西海（积水潭）,1,1,15
北京,10月,元大都城垣遗址,1,1,8
北京,10月,元大都城垣遗址公园东土城沟,1,1,8
北京,10月,元大都城垣遗址公园（健德门-北土城-安贞门段）,1,1,3
北京,10月,元大都城垣遺址公園,1,1,1
北京,10月,兆维工业园,1,1,2
北京,10月,全国农业展览馆,1,1,17
北京,10月,全国农业展览馆（农展馆）,1,1,9
北京,10月,八达岭国家森林公园-红叶岭,1,1,3
北京,10月,冠寓(北京沃德中心店)西,1,1,2
北京,10月,凉水河经开区河段,1,1,15
北京,10月,凉水河（通明湖公园附近）,1,1,13
北京,10月,减河公园-潮白河森林公园,1,1,16
北京,10月,凤港减河,1,1,34
北京,10月,分钟寺,1,1,12
北京,10月,北京CBD城市森林公园,1,1,12
北京,10月,北京农业职业学院(长阳校区),1,1,1
北京,10月,北京凤凰岭景区,1,1,7
北京,10月,北京动物园-水禽湖,1,1,5
北京,10月,北京动物园-西区,1,1,16
北京,10月,北京十一学校,1,1,2
北京,10月,北京十二中,1,1,5
北京,10月,北京华文学院(北京市昌平区七北路69号),1,1,14
北京,10月,北京外国语大学,1,1,16
北京,10月,北京外国语大学(西校区),1,1,1
北京,10月,北京大觉寺,1,1,8
北京,10月,北京天安门广场,1,1,1
北京,10月,北京奥林匹克公园北园-花田野趣,1,1,22
北京,10月,北京奥林匹克公园湿地站专线3东,1,1,10
北京,10月,北京奥林匹克森林公园,1,1,4
北京,10月,北京奥森公园,1,1,7
北京,10月,北京展览馆,1,1,3
北京,10月,北京市中山公园,1,1,7
北京,10月,北京市北京市东城区地坛公园,1,1,11
北京,10月,北京市北京市海淀区玉渊潭公园,1,1,13
北京,10月,北京市国家植物园,1,1,15
北京,10月,北京市大兴区南海子公园,1,1,8
北京,10月,北京市奥林匹克森林公园-南园,1,1,11
北京,10月,北京市怀柔区城市森林公园,1,1,17
北京,10月,北京市昌平区七孔桥花海,1,1,21
北京,10月,北京市朝阳公园,1,1,18
北京,10月,北京市朝阳区望和公园-北园,1,1,19
北京,10月,北京市海淀区上庄乡常乐村村民委员会南(马坊中路西),1,1,6
北京,10月,北京市海淀区稻香湖学校(三星庄路北),1,1,11
北京,10月,北京市百望山森林公园,1,1,22
北京,10月,北京市第十三中学,1,1,12
北京,10月,北京市陈经纶中学分校望京实验学校,1,1,1
北京,10月,北京市顺义区西湖园,1,1,1
北京,10月,北京市香山公园,1,1,1
北京,10月,北京师范大学-生态学研究所,1,1,1
北京,10月,北京怀柔雁栖湖景区,1,1,4
北京,10月,北京朝来森林公园,1,1,14
北京,10月,北京植物园科普馆,1,1,2
北京,10月,北京理工大学(良乡校区）中心花园,1,1,4
北京,10月,北京科技大学,1,1,7
北京,10月,北京红螺寺风景区,1,1,2
北京,10月,北京翠湖湿地公园(北京市海淀区),1,1,20
北京,10月,北京航空航天大学(学院路校区),1,1,1
北京,10月,北京野生动物园,1,1,5
北京,10月,北京野鸭湖,1,1,42
北京,10月,北京首都国际机场T3航站楼P8内部员工停车场,1,1,4
北京,10月,北宫国家森林公园,1,1,5
北京,10月,北小河公园,1,1,7
北京,10月,北运河通州段,1,1,17
北京,10月,北马庄村,1,1,1
北京,10月,十一学校小水坑鸟类监测点,1,1,7
北京,10月,十字道村,1,1,10
北京,10月,南彩银杏园,1,1,2
北京,10月,南旱河,1,1,28
北京,10月,南沙河东路,1,1,3
北京,10月,南海子,1,1,39
北京,10月,南海子三期,1,1,6
北京,10月,南海子公园(一期二期通道),1,1,2
北京,10月,南海子公园一期(南门),1,1,11
北京,10月,南海子公园二期,1,1,1
北京,10月,南海子晾鹰台,1,1,23
北京,10月,古北水镇-P1小型车停车场,1,1,2
北京,10月,台湖镇水南村,1,1,11
北京,10月,合生·滨江帝景,1,1,7
北京,10月,后海公园(北京市西城区德胜门内大街),1,1,11
北京,10月,喇叭沟门森林公园,1,1,15
北京,10月,四季青镇,1,1,8
北京,10月,园博园功能湿地（晓月湖芦苇）,1,1,15
北京,10月,国家植物园,1,1,5
北京,10月,国家植物园中国科学院植物研究所北门,1,1,17
北京,10月,国家植物园北园梅园水景区,1,1,11
北京,10月,国家植物园梅园水景观光区,1,1,7
北京,10月,国科大雁栖湖校区,1,1,5
北京,10月,圆明园牡丹观赏区(北京市海淀区),1,1,13
北京,10月,圆明园遗址公园-福海,1,1,5
北京,10月,圆明园遗址公园-西门,1,1,7
北京,10月,圆明园遗址公园后海等景区,1,1,17
北京,10月,圆明园遗址公园天然图画,1,1,15
北京,10月,圆明园遗址公园西线,1,1,8
北京,10月,圆明园遗址公园长春园,1,1,5
北京,10月,地坛公园,1,1,14
北京,10月,坡峰岭,1,1,7
北京,10月,大兴区亦庄新城滨河公园(通惠河灌渠南段),1,1,1
北京,10月,大兴区南海子公园(三海子二号路南300米),1,1,24
北京,10月,大兴区南海子公园(三海子二号路西50米),1,1,12
北京,10月,大兴区南海子公园(公园南环路北400米),1,1,22
北京,10月,大城子镇,1,1,1
北京,10月,大宁水库-乐活中堤-永定河道,1,1,8
北京,10月,大小黄岩河,1,1,10
北京,10月,大望京公园-东园,1,1,3
北京,10月,大禅路,1,1,1
北京,10月,大运河森林公园-月岛闻莺景区,1,1,13
北京,10月,天坛,1,1,4
北京,10月,天坛公园-祈年殿,1,1,11
北京,10月,天坛公园-科普园（苗圃）,1,1,3
北京,10月,天坛公园西门林地,1,1,16
北京,10月,头道沟,1,1,10
北京,10月,奥北森林公园,1,1,14
北京,10月,奥林匹克森林公园,1,1,34
北京,10月,奥林匹克森林公园北园(北京市朝阳区),1,1,18
北京,10月,奥林匹克森林公园北苑桃花沟,1,1,11
北京,10月,奥林匹克森林公园南园(北京市朝阳区),1,1,26
北京,10月,奥林匹克森林公园（奥森）全域,1,1,16
北京,10月,奥森银杏林东南,1,1,25
北京,10月,妙峰山,1,1,11
北京,10月,妙峰山玫瑰园,1,1,1
北京,10月,妫水河森林公园,1,1,10
北京,10月,安达木河,1,1,9
北京,10月,定慧公园,1,1,11
北京,10月,宛平湖-大宁水库,1,1,9
北京,10月,密云区新城子镇遥桥峪村,1,1,11
北京,10月,密云水库不老屯天文台,1,1,10
北京,10月,小场沟,1,1,5
北京,10月,小月河公园,1,1,7
北京,10月,小武基南萧太后河,1,1,30
北京,10月,小漕村外崖壁及潮河沿岸,1,1,12
北京,10月,小皮营(福东街),1,1,1
北京,10月,常乐村,1,1,4
北京,10月,平谷区南独乐河镇张辛庄,1,1,12
北京,10月,平谷区夏各庄镇王都庄村,1,1,15
北京,10月,平谷区大华山镇老官顶,1,1,1
北京,10月,平谷区金海湖北京育新苑宾馆(金海北路南100米),1,1,10
北京,10月,幽州大峡谷,1,1,1
北京,10月,广阳谷城市森林公园,1,1,4
北京,10月,庄怡公园,1,1,4
北京,10月,延庆区野鸭湖国家湿地公园,1,1,36
北京,10月,念坛公园,1,1,23
北京,10月,怀九河+怀沙河,1,1,19
北京,10月,怀北庄（北神路以北）,1,1,16
北京,10月,怀山柔水公园西北(环湖东路),1,1,2
北京,10月,怀柔区箭扣长城,1,1,3
北京,10月,怀柔滨河森林公园,1,1,11
北京,10月,怀柔第一党支部纪念馆东南50米,1,1,4
北京,10月,怀长路ndsl,1,1,6
北京,10月,房山区佛子庄乡教军场,1,1,9
北京,10月,房山区小令湖南500米,1,1,9
北京,10月,房山区小令湖西400米,1,1,16
北京,10月,房山区稻田回迁楼北区东400米(右堤路东),1,1,21
北京,10月,房山红领巾公园(大件路北),1,1,4
北京,10月,拒马河十渡,1,1,16
北京,10月,新科祥园,1,1,2
北京,10月,日坛公园(北京市朝阳区日坛北路6号),1,1,19
北京,10月,旺景公园,1,1,8
北京,10月,昌平区东小口森林公园(中东路南),1,1,1
北京,10月,昌平区北七家北京太阳城(温榆河左堤南),1,1,15
北京,10月,昌平区沙河水库北岸,1,1,5
北京,10月,昌平区沙河翠明湖,1,1,25
北京,10月,昌平区老牛湾村,1,1,1
北京,10月,昌平区马池口镇东闸村,1,1,30
北京,10月,昌平沙河水库北岸,1,1,7
北京,10月,星河湾四季会公园,1,1,3
北京,10月,晓月湖至绿堤公园,1,1,1
北京,10月,月坛公园,1,1,1
北京,10月,有巢国际公寓社区总部基地店,1,1,1
北京,10月,望京公园,1,1,6
北京,10月,望和公园北园,1,1,14
北京,10月,望湖公园,1,1,9
北京,10月,朝阳区东坝郊野公园,1,1,10
北京,10月,朝阳区八里桥京贸国际公寓北(京通快速公路北),1,1,10
北京,10月,朝阳区北京质信恒通混凝土有限公司东(来广营北路西),1,1,12
北京,10月,朝阳区华彩国际公寓,1,1,8
北京,10月,朝阳区南磨房官庄公园(官庄路东150米),1,1,12
北京,10月,朝阳区南磨房官庄公园(广渠东路南300米),1,1,16
北京,10月,朝阳区大屯卧龙小区(卧龙东路西),1,1,10
北京,10月,朝阳区奥运村奥林匹克森林公园(北五环北200米),1,1,11
北京,10月,朝阳区奥运村奥林匹克森林公园(奥林西路北50米),1,1,16
北京,10月,朝阳区奥运村奥林匹克森林公园(安立路西150米),1,1,11
北京,10月,朝阳区温榆河公园示范区,1,1,26
北京,10月,朝阳区温榆河西南300米(滨河路北),1,1,13
北京,10月,朝阳区甜水园金台路地铁站(朝阳北路北),1,1,1
北京,10月,未来科学城滨水公园,1,1,21
北京,10月,朱家湾村,1,1,8
北京,10月,李兆基科技大楼,1,1,1
北京,10月,樱桃沟植物园,1,1,12
北京,10月,樱花湖,1,1,21
北京,10月,水衙沟万丰公园,1,1,7
北京,10月,永兴河湿地公园,1,1,3
北京,10月,汉包山,1,1,18
北京,10月,汉石桥湿地公园,1,1,46
北京,10月,沙河(北京市昌平区),1,1,32
北京,10月,沙河(巩华城滨河公园外周边),1,1,32
北京,10月,沙河北岸,1,1,5
北京,10月,沙河新城滨河森林公园,1,1,35
北京,10月,沙河昌平新城滨河森林公园东,1,1,6
北京,10月,沙河昌平新城滨河森林公园东50米,1,1,23
北京,10月,沙河昌平新城滨河森林公园游客服务中心西150米,1,1,4
北京,10月,沙河水库南岸沿线,1,1,3
北京,10月,海淀公园(四环北),1,1,21
北京,10月,海淀区中关村公园(友谊路北),1,1,4
北京,10月,海淀区五道口东王庄(北京林业大学南),1,1,1
北京,10月,海淀区人大附中北大附小联合实验学校东南(三星庄路),1,1,7
北京,10月,海淀区北京万寿宾馆(玉渊潭南路南),1,1,4
北京,10月,海淀区玉东园(颐和园西门路北150米),1,1,3
北京,10月,海淀区苏家坨镇稻香湖路,1,1,22
北京,10月,海淀区西玉河雨水湿地公园(玉河路北150米),1,1,3
北京,10月,海青台(北京市大兴区公园北环路),1,1,4
北京,10月,清华大学-工字厅,1,1,12
北京,10月,清华大学主楼北侧林地,1,1,1
北京,10月,清华大学情人坡,1,1,6
北京,10月,清华大学附属中学昌平学校,1,1,1
北京,10月,清水镇灵山路东100米,1,1,1
北京,10月,温榆河孙河河段,1,1,8
北京,10月,温泉村后山附近拆迁区,1,1,5
北京,10月,潞通新路西荒地,1,1,10
北京,10月,灵鹫禅寺,1,1,15
北京,10月,牛口峪水库,1,1,33
北京,10月,牛口峪湿地公园,1,1,30
北京,10月,狼垡城市森林公园,1,1,7
北京,10月,猴石崖(北京市海淀区),1,1,22
北京,10月,玉渊潭公园下沉花园,1,1,3
北京,10月,玉渊潭公园南门附近,1,1,5
北京,10月,玉渊潭公园西湖,1,1,11
北京,10月,王锡彤墓园,1,1,10
北京,10月,玲珑公园,1,1,14
北京,10月,田园牧歌,1,1,1
北京,10月,白马路潮白河,1,1,28
北京,10月,百望山森林公园(海淀区黑山扈北口19号),1,1,5
北京,10月,百望山森林公园-曲径烟深栈道,1,1,1
北京,10月,百望山森林公园282监测点和木平台,1,1,21
北京,10月,百望山森林公园天澄湖西,1,1,2
北京,10月,百望山森林公园秋季和春季两个猛禽监测点,1,1,4
北京,10月,百望山森林公园秋季点和黑山头观景平台,1,1,28
北京,10月,百望山森林公园观景平台和282监测点,1,1,23
北京,10月,百瑞谷景区,1,1,3
北京,10月,石景山区五里坨街道克勤峪,1,1,15
北京,10月,石景山区翠谷玉景苑(玉泉中路南100米),1,1,12
北京,10月,神堂峪栈道,1,1,1
北京,10月,科创十七街,1,1,1
北京,10月,稻香云林,1,1,9
北京,10月,稻香湖公园,1,1,5
北京,10月,红军庄村,1,1,15
北京,10月,红军庄村(北京市怀柔区),1,1,17
北京,10月,绮春园,1,1,12
北京,10月,绿堤公园,1,1,17
北京,10月,绿心路,1,1,1
北京,10月,老山城市休闲公园,1,1,26
北京,10月,胡家村(北京市通州区),1,1,32
北京,10月,舞彩浅山,1,1,5
北京,10月,舞彩浅山滨水国家登山步道(木林镇),1,1,2
北京,10月,苗圃,1,1,4
北京,10月,茉藜园(北京市朝阳区秋实东街),1,1,1
北京,10月,营盘沟路,1,1,4
北京,10月,萧太后河,1,1,15
北京,10月,虎峪自然风景区,1,1,1
北京,10月,融科橄榄家园,1,1,1
北京,10月,蟒山国家森林公园(昌平区蟒山路2号),1,1,11
北京,10月,蟹岛度假村,1,1,12
北京,10月,西三旗公园,1,1,6
北京,10月,西山林场打鹰洼瞭望塔,1,1,24
北京,10月,西玉河雨水湿地公园,1,1,11
北京,10月,诺德花园西区,1,1,1
北京,10月,路县故城遗址博物馆,1,1,12
北京,10月,车公庄西路20号院,1,1,9
北京,10月,通州区东定安小学北50米(东西定安路东),1,1,12
北京,10月,通州区台湖镇水南村,1,1,1
北京,10月,通州区国家大剧院台湖舞美艺术中心南(台湖西路东),1,1,3
北京,10月,通州区文景街道环球大道路口,1,1,25
北京,10月,通州区永乐店中学(永乐店中学北内环路北),1,1,3
北京,10月,通州区绿心森林公园鸟语回廊,1,1,11
北京,10月,通州区西海子公园(东关大道西),1,1,11
北京,10月,通州堰宋庄蓄滞洪区,1,1,44
北京,10月,通明湖公园(北京市通州区科创十七街),1,1,1
北京,10月,郭家坞,1,1,17
北京,10月,野鸭湖湿地,1,1,45
北京,10月,金顶妙峰山-玫瑰观光园,1,1,10
北京,10月,银谷·美泉(平房镇姚家园路林泉街8号),1,1,6
北京,10月,门头沟 妙峰山,1,1,1
北京,10月,门头沟东灵山,1,1,17
北京,10月,门头沟区军庄镇克勤峪,1,1,8
北京,10月,门头沟区永定电建·金地华宸东南(龙兴南一路西),1,1,2
北京,10月,门头沟区永定镇下狼窝,1,1,8
北京,10月,门头沟区永定镇东园子,1,1,11
北京,10月,门头沟区灵山名胜风景区停车场(灵山路西100米),1,1,29
北京,10月,雁栖河至怀河(北京市怀柔区葛各庄路),1,1,9
北京,10月,雁河水岸雁栖附近河段,1,1,8
北京,10月,青年之家公寓,1,1,12
北京,10月,顺义公园,1,1,10
北京,10月,顺义区后沙峪北京温榆河公园(故城记忆),1,1,1
北京,10月,顺义区李桥小中河(李天路北),1,1,7
北京,10月,顺义区汉石桥湿地公园(S224西),1,1,17
北京,10月,顺城公园,1,1,5
北京,10月,颐和园-东宫门,1,1,3
北京,10月,颐和园-昆明湖团城湖,1,1,21
北京,10月,颐和园公园,1,1,34
北京,10月,颐和园西堤（镜桥-石桥）,1,1,26
北京,10月,首都医科大学附属北京天坛医院,1,1,1
北京,10月,首都经济贸易大学(花乡张家路口121号),1,1,2
北京,10月,马甸公园,1,1,5
北京,10月,马驹桥湿地公园-一期,1,1,8
北京,10月,高米店公园,1,1,4
北京,10月,龙山口,1,1,20
北京,10月,龙湾屯镇,1,1,2
北京,10月,龙潭湖公园,1,1,11
北京,11月,玉渊潭公园,243,325,39
北京,11月,北京玉渊潭公园,126,171,39
北京,11月,国家植物园北园,107,121,41
北京,11月,乐活中堤,88,95,44
北京,11月,颐和园,82,93,45
北京,11月,妙峰山森林公园玫瑰谷,76,87,28
北京,11月,陶然亭公园,62,83,27
北京,11月,昌平新城滨河森林公园巩华城半岛,53,64,56
北京,11月,东灵山,50,52,31
北京,11月,天坛公园,48,51,24
北京,11月,奥森南园,47,50,35
北京,11月,北京南海子公园,45,54,46
北京,11月,奥森北园,37,49,32
北京,11月,野鸭湖湿地公园,37,40,53
北京,11月,奥林匹克森林公园北园,36,49,31
北京,11月,北京沙河水库,33,34,57
北京,11月,密云水库调节池,33,34,31
北京,11月,宋庄蓄滞洪区-二期,25,37,42
北京,11月,北京圆明园遗址公园,24,35,42
北京,11月,妙峰山玫瑰梯田观景平台,23,24,24
北京,11月,北京奥林匹克森林公园南园,21,22,30
北京,11月,官厅水库（野鸭湖-康西草原-马场沿线）,21,21,51
北京,11月,北京天坛公园,19,20,21
北京,11月,北京大学,18,28,32
北京,11月,宋庄蓄滞洪公园,18,27,51
北京,11月,朝阳公园,18,20,29
北京,11月,颐和园—团城湖,16,16,28
北京,11月,密云区太师屯镇小漕村,15,16,21
北京,11月,沿河城,15,15,22
北京,11月,常乐村(北京市海淀区),14,18,13
北京,11月,巩华城半岛（北沙河南岸）,14,16,32
北京,11月,太阳宫公园,13,20,18
北京,11月,奥林匹克森林公园南园,13,16,34
北京,11月,圆明园遗址公园,13,14,36
北京,11月,妙峰山玫瑰园,12,13,20
北京,11月,玉渊潭,12,12,17
北京,11月,北京海淀玉渊潭公园,11,12,36
北京,11月,国家植物园北园（原北京植物园）,10,12,20
北京,11月,全国农业展览馆,10,10,16
北京,11月,南海子一期,10,10,37
北京,11月,大宁水库-乐活中堤（即滞洪水库）-废弃河道,10,10,40
北京,11月,妙峰山,10,10,25
北京,11月,国家植物园北园-绚秋园,9,9,25
北京,11月,清华大学,9,9,29
北京,11月,野鸭湖国家湿地公园,9,9,58
北京,11月,金顶妙峰山-玫瑰观光园,9,9,26
北京,11月,门头沟东灵山,9,9,31
北京,11月,宛平湖,8,9,30
北京,11月,沙河水库,8,8,50
北京,11月,百望山森林公园,8,8,21
北京,11月,门头沟沿河城,8,8,15
北京,11月,陶然亭公园-醉翁亭,8,8,15
北京,11月,元大都遗址公园,7,18,19
北京,11月,龙潭西湖公园,7,9,31
北京,11月,滨河森林公园-沙河水库,7,8,46
北京,11月,玉渊潭 公园,7,7,34
北京,11月,马家湾湿地公园,6,12,14
北京,11月,官庄公园,6,11,22
北京,11月,巩华城半岛,6,10,47
北京,11月,南苑森林湿地公园,6,9,27
北京,11月,上庄镇西马坊村,6,8,21
北京,11月,大运河森林公园,6,7,37
北京,11月,奥林匹克森林公园北园大坑,6,7,18
北京,11月,景山公园,6,7,10
北京,11月,紫竹院公园,6,7,21
北京,11月,北京市奥林匹克森林公园,6,6,36
北京,11月,北京植物园(北京市海淀区香山路),6,6,32
北京,11月,北海公园,6,6,16
北京,11月,圆明园遗址公园(海淀区清华西路28号),6,6,31
北京,11月,延庆区野鸭湖国家湿地公园(康野路西),6,6,40
北京,11月,房山区乐活中堤南100米,6,6,30
北京,11月,白河城市森林公园,5,11,29
北京,11月,清华大学-工字厅,5,8,25
北京,11月,朝阳区奥运村奥林匹克森林公园(清河路南300米),5,7,18
北京,11月,全国农业展览馆（农展馆）,5,5,19
北京,11月,农展馆,5,5,14
北京,11月,北京市海淀区北京植物园,5,5,27
北京,11月,南海子公园(北京市大兴区),5,5,37
北京,11月,国家植物园,5,5,21
北京,11月,宛平湖西岸,5,5,17
北京,11月,朝阳公园-生态水溪,5,5,17
北京,11月,樱花庭院,5,5,31
北京,11月,灵山自然风景区,5,5,21
北京,11月,辛庄桥潮河河道,5,5,61
北京,11月,宣武艺园,4,9,19
北京,11月,宛平湖大宁水库乐活中堤永定河废弃河道,4,6,55
北京,11月,北京市丰台区绿堤公园宛平湖,4,5,26
北京,11月,念坛公园,4,5,26
北京,11月,柳荫公园,4,5,18
北京,11月,中国农业大学东校区,4,4,20
北京,11月,北京中山公园,4,4,10
北京,11月,北京奥森公园,4,4,15
北京,11月,北京市玉渊潭公园,4,4,33
北京,11月,巩华城,4,4,26
北京,11月,怀柔水库,4,4,30
北京,11月,昌平新城滨河森林公园,4,4,28
北京,11月,海淀公园,4,4,16
北京,11月,玉渊潭公园-西门附近,4,4,16
北京,11月,玉渊潭公园东湖东岸,4,4,22
北京,11月,雁栖湖西山步道,4,4,20
北京,11月,颐和园-昆明湖团城湖,4,4,21
北京,11月,北京动物园,3,9,18
北京,11月,北京云湖度假村,3,8,28
北京,11月,潞河中学(北京市通州区新华南路135号),3,8,15
北京,11月,海淀区上庄镇东马坊村,3,6,20
北京,11月,红领巾公园,3,6,15
北京,11月,北京植物园(北京市海淀区),3,5,32
北京,11月,北京环球度假区,3,5,23
北京,11月,十三陵二坝,3,4,45
北京,11月,千亩玫瑰园景区,3,4,22
北京,11月,国家植物园南园,3,4,23
北京,11月,天坛公园西门林地,3,4,14
北京,11月,奥林匹克森林公园（奥森）全域,3,4,20
北京,11月,奥林匹克森林公园（奥森）北园,3,4,9
北京,11月,宛平湖-大宁水库,3,4,11
北京,11月,房山区稻田水库,3,4,25
北京,11月,潮汇大桥（潮河白河汇合口）,3,4,26
北京,11月,玉渊谭公园,3,4,24
北京,11月,顺义公园,3,4,15
北京,11月,中国人民大学,3,3,9
北京,11月,中国农业大学西校区,3,3,13
北京,11月,云岗森林公园,3,3,22
北京,11月,北京市北京市海淀区玉渊潭公园,3,3,18
北京,11月,北京市朝阳公园,3,3,13
北京,11月,北京西山国家森林公园,3,3,11
北京,11月,南海子公园,3,3,16
北京,11月,唐指山水库,3,3,17
北京,11月,密云水库不老屯天文台,3,3,14
北京,11月,小漕村,3,3,19
北京,11月,幽州大峡谷(北京市门头沟区沿河城附近),3,3,6
北京,11月,房山小清河公园,3,3,28
北京,11月,故宫博物院,3,3,8
北京,11月,昌平区沙河滨河观景平台南200米,3,3,28
北京,11月,月坛公园,3,3,6
北京,11月,沙河,3,3,28
北京,11月,沙河昌平新城滨河森林公园,3,3,26
北京,11月,白浮泉公园,3,3,17
北京,11月,通州区马驹桥湿地公园一期(七支路东200米),3,3,16
北京,11月,门头沟 妙峰山,3,3,7
北京,11月,陶然亭公园(北京市西城区太平街19号),3,3,21
北京,11月,陶然亭公园-南门,3,3,22
北京,11月,颐和园团城湖,3,3,29
北京,11月,龙潭中湖,3,3,22
北京,11月,北京翠湖湿地公园,2,9,38
北京,11月,海淀区玉渊潭公园,2,5,27
北京,11月,四得公园(北京市朝阳区将台西路9号),2,4,15
北京,11月,昌平十三陵水库,2,4,46
北京,11月,东小口城市休闲公园(北京市昌平区),2,3,13
北京,11月,中关村软件园,2,3,18
北京,11月,中国人民大学中关村校区一勺池,2,3,12
北京,11月,中国科学院大学(雁栖湖校区),2,3,24
北京,11月,丰台区莲花池公园(莲花池南路北200米),2,3,16
北京,11月,元大都城垣遗址公园,2,3,13
北京,11月,北京奥林匹克公园-大树园,2,3,12
北京,11月,北京莲花池公园,2,3,12
北京,11月,北庄镇,2,3,17
北京,11月,大望京公园-东园,2,3,8
北京,11月,大运河森林公园-月岛闻莺景区,2,3,11
北京,11月,清河之洲,2,3,19
北京,11月,琉璃河湿地公园,2,3,27
北京,11月,金盏森林公园,2,3,14
北京,11月,三星庄后河,2,2,10
北京,11月,东灵山主峰,2,2,21
北京,11月,中国农业展览馆,2,2,8
北京,11月,中国科学院大学雁栖湖校区西区,2,2,11
北京,11月,中国科学院植物研究所北京植物园(海淀区),2,2,26
北京,11月,丰台区南苑森林湿地公园1期(槐房南路东),2,2,19
北京,11月,京城森林公园(北京市朝阳区),2,2,14
北京,11月,元土城遗址公园(北京市海淀区),2,2,7
北京,11月,凤港减河,2,2,37
北京,11月,北京园博园,2,2,28
北京,11月,北京市东城区天坛公园,2,2,11
北京,11月,北京市国家植物园,2,2,27
北京,11月,北京市天坛公园,2,2,11
北京,11月,北京市密云区朱家湾村清水河,2,2,37
北京,11月,北京师范大学,2,2,10
北京,11月,北京植物园北园,2,2,24
北京,11月,北京红螺寺风景区,2,2,10
北京,11月,北小河公园,2,2,8
北京,11月,北植,2,2,18
北京,11月,北长河,2,2,25
北京,11月,南海子二期,2,2,13
北京,11月,南海子晾鹰台,2,2,20
北京,11月,南海子麋鹿苑,2,2,1
北京,11月,合生·滨江帝景,2,2,6
北京,11月,团结湖公园,2,2,3
北京,11月,团结湖公园(朝阳区团结湖南里16号),2,2,7
北京,11月,地坛公园,2,2,7
北京,11月,大宁水库-乐活中堤-永定河道,2,2,13
北京,11月,天坛公园北天门东北,2,2,5
北京,11月,天坛苗圃,2,2,18
北京,11月,奥林匹克森林公园-北园,2,2,24
北京,11月,奥海南、西；林泉高致,2,2,15
北京,11月,宛平湖及荒废高尔夫球场,2,2,26
北京,11月,密云区太师屯村,2,2,14
北京,11月,密云区太师屯镇密古路(城子村),2,2,41
北京,11月,密云区太师屯镇泉河,2,2,23
北京,11月,密云区清水河,2,2,19
北京,11月,密云水库,2,2,43
北京,11月,对外经济贸易大学,2,2,22
北京,11月,山里乐活,2,2,3
北京,11月,巩华城沙河,2,2,26
北京,11月,怀沙河-红军庄村-水德广场（怀柔水库附近）,2,2,30
北京,11月,房山大石河,2,2,22
北京,11月,昌平新城滨河森林公园-滨水走廊,2,2,26
北京,11月,昌平滨河森林公园,2,2,27
北京,11月,朝阳区东坝郊野公园,2,2,12
北京,11月,朝阳区庆丰公园,2,2,10
北京,11月,汉石桥湿地自然保护区,2,2,18
北京,11月,沙河昌平新城滨河森林公园(巩华城半岛外周边),2,2,34
北京,11月,沙河昌平新城滨河森林公园东北100米,2,2,9
北京,11月,沙河水库（昌平新城滨河森林公园）,2,2,6
北京,11月,沿河城站,2,2,16
北京,11月,海淀区北坞公园(金河路南),2,2,27
北京,11月,海淀区颐和园(西南门石桥东150米),2,2,20
北京,11月,清河之源,2,2,11
北京,11月,清河营郊野公园,2,2,4
北京,11月,滨河公园,2,2,18
北京,11月,玉渊潭公园(海淀区西三环中路10号),2,2,22
北京,11月,玉渊潭公园樱珞花谷区域,2,2,19
北京,11月,玉渊潭公园樱花湖,2,2,16
北京,11月,福泽樱暖,2,2,20
北京,11月,红军庄村(北京市怀柔区),2,2,12
北京,11月,通明湖公园(北京市通州区科创十七街),2,2,15
北京,11月,野鸭湖,2,2,30
北京,11月,野鸭湖马场,2,2,46
北京,11月,门头沟区清水镇洪水口村,2,2,6
北京,11月,雁栖河科学城段(北京市怀柔区),2,2,17
北京,11月,青白口桥,2,2,19
北京,11月,颐和园-团城湖,2,2,23
北京,11月,颐和园-昆明湖,2,2,5
北京,11月,颐和园-西门,2,2,20
北京,11月,颐和园公园,2,2,6
北京,11月,颐和园昆明湖,2,2,5
北京,11月,香山公园,2,2,16
北京,11月,马驹桥湿地公园-一期,2,2,10
北京,11月,麋鹿苑,2,2,21
北京,11月,高碑店朝阳区兴隆公园,1,9,7
北京,11月,沙河水库巩华城半岛,1,5,23
北京,11月,白河森林公园,1,5,23
北京,11月,分钟寺,1,4,12
北京,11月,北京友谊宾馆,1,4,9
北京,11月,北京市园林绿化科学研究院,1,4,14
北京,11月,旺景公园,1,4,11
北京,11月,龙门生态园(天开寺店),1,4,9
北京,11月,东埠头沟公园南侧区域,1,3,22
北京,11月,元大都城垣遗址,1,3,12
北京,11月,北京市通州区漷县镇西定安村,1,3,8
北京,11月,北辰绿色中央公园,1,3,10
北京,11月,崔家窑,1,3,21
北京,11月,恒通商务园,1,3,5
北京,11月,沙河水库西岸,1,3,42
北京,11月,门头沟区永定电建·金地华宸东南(龙兴南一路西),1,3,9
北京,11月,七孔桥花海主题公园,1,2,27
北京,11月,中国农业大学(西校区),1,2,13
北京,11月,中海凯旋,1,2,1
北京,11月,临波西路与运粮引河路交叉口(通州区),1,2,18
北京,11月,乐活中堤+大宁水库东岸+宛平湖西岸,1,2,31
北京,11月,凉水河经开区河段,1,2,13
北京,11月,北京人定湖公园,1,2,12
北京,11月,北京城市图书馆,1,2,13
北京,11月,十一学校魔术林,1,2,7
北京,11月,国家植物园-樱桃沟,1,2,21
北京,11月,国家登山训练基地,1,2,13
北京,11月,奥森北园河东,1,2,15
北京,11月,密云水库管理处调节池管理站,1,2,30
北京,11月,将府公园,1,2,15
北京,11月,昌平巩华城半岛周边,1,2,42
北京,11月,朝阳区望京绿地中心B座(启阳路)东50米,1,2,7
北京,11月,木樨地护城河,1,2,4
北京,11月,树村郊野公园,1,2,19
北京,11月,永定公园,1,2,13
北京,11月,沙河昌平新城滨河森林公园滨水走廊北400米,1,2,1
北京,11月,西玉河村(北京市海淀区),1,2,12
北京,11月,西郊沙石坑,1,2,11
北京,11月,银谷·美泉,1,2,11
北京,11月,长城脚下的公社(北京市延庆区),1,2,12
北京,11月,青年之家公寓,1,2,15
北京,11月,顺义滨河森林公园,1,2,6
北京,11月,首都师范大学(良乡校区),1,2,3
北京,11月,黄土梁村,1,2,17
北京,11月,YuanDaduCityWallRuinsPark,1,1,12
北京,11月,上庄水库(北京市海淀区),1,1,25
北京,11月,东城区天坛公园双环万寿亭西北200米(天坛路南),1,1,1
北京,11月,东城区天坛公园科普园,1,1,10
北京,11月,东城区柳荫公园(黄寺大街东),1,1,20
北京,11月,东城区龙潭中湖公园(长青园路东300米),1,1,13
北京,11月,东洲家园(北京市朝阳区来广营北路88号),1,1,5
北京,11月,东灵山自然风景区,1,1,17
北京,11月,东龙湾,1,1,15
北京,11月,中关村环保科技示范园齐物潭公园,1,1,3
北京,11月,中华女子学院,1,1,7
北京,11月,中国人民大学一勺池及双趣园,1,1,18
北京,11月,中国石油大学(北京),1,1,10
北京,11月,中国社会科学院大学(良乡校区),1,1,1
北京,11月,中国科学院半导体研究所,1,1,2
北京,11月,丰台创新中心南50米(福慧路东),1,1,18
北京,11月,丰台区中海御景春天C4座北50米(六圈路南),1,1,18
北京,11月,丰台区北京园博园(河堤路西),1,1,13
北京,11月,丰台区宛平湖西南400米,1,1,4
北京,11月,丰台区方庄群乐园(芳群路西50米),1,1,5
北京,11月,丰台大兴永定河沿岸,1,1,8
北京,11月,五里店铁路公园,1,1,4
北京,11月,京东大峡谷第三停车场,1,1,7
北京,11月,京城体育休闲公园,1,1,6
北京,11月,京港城市大厦,1,1,1
北京,11月,京西古道景区,1,1,6
北京,11月,京郊大地庄园,1,1,22
北京,11月,京铁公寓,1,1,15
北京,11月,人定湖公园,1,1,5
北京,11月,什刹海西海湿地公园,1,1,16
北京,11月,仁和公园,1,1,9
北京,11月,兆维工业园,1,1,6
北京,11月,八大处公园,1,1,5
北京,11月,八达岭森林公园,1,1,14
北京,11月,兴隆公园,1,1,1
北京,11月,农展馆后湖,1,1,9
北京,11月,凉水河丰台段,1,1,12
北京,11月,凉水河大桥,1,1,20
北京,11月,减河公园,1,1,3
北京,11月,凤河和柏凤沟交叉口(通州区),1,1,17
北京,11月,北京南海子麋鹿苑博物馆(北京市大兴区),1,1,23
北京,11月,北京外国语大学,1,1,20
北京,11月,北京大学燕园,1,1,30
北京,11月,北京大学荷花池（中水池）,1,1,10
北京,11月,北京大学镜春园,1,1,24
北京,11月,北京大学镜春园82号院南,1,1,12
北京,11月,北京大学陈守仁国际数学研究中心,1,1,22
北京,11月,北京大学鸣鹤园,1,1,13
北京,11月,北京奥林匹克公园,1,1,2
北京,11月,北京密云水库,1,1,11
北京,11月,北京市北京市东城区天坛公园-西门,1,1,1
北京,11月,北京市大兴区南海子公园,1,1,9
北京,11月,北京市奥林匹克森林公园-南园,1,1,31
北京,11月,北京市密云水库管理处调节池管理站,1,1,16
北京,11月,北京市延庆区野鸭湖湿地自然保护区露营地北(康野路),1,1,12
北京,11月,北京市昌平区七孔桥花海,1,1,14
北京,11月,北京市朝阳区兴隆公园,1,1,14
北京,11月,北京市朝阳区奥运村街道北中轴景观大道,1,1,18
北京,11月,北京市朝阳区望和公园-北园,1,1,7
北京,11月,北京市植物园北园,1,1,3
北京,11月,北京市海淀区上庄乡常乐村村民委员会南(马坊中路西),1,1,3
北京,11月,北京市海淀区阜成路南5号,1,1,19
北京,11月,北京市清河管理处下清河闸管理站,1,1,1
北京,11月,北京市百望山森林公园,1,1,22
北京,11月,北京市第三十五中学,1,1,6
北京,11月,北京市通州区通州大运河森林公园,1,1,21
北京,11月,北京市顺义区潮白河森林公园,1,1,12
北京,11月,北京市颐和园,1,1,9
北京,11月,北京市鹫峰,1,1,14
北京,11月,北京师范大学附属实验中学,1,1,7
北京,11月,北京教学植物园,1,1,13
北京,11月,北京朝来森林公园,1,1,12
北京,11月,北京朝阳公园,1,1,1
北京,11月,北京林业大学,1,1,11
北京,11月,北京林业大学林之心,1,1,2
北京,11月,北京植物园,1,1,6
北京,11月,北京植物园科普馆,1,1,9
北京,11月,北京永定河莲石湖公园,1,1,17
北京,11月,北京温榆河公园-西园,1,1,6
北京,11月,北京环丰世纪绿色能源科技有限公司,1,1,5
北京,11月,北京绿洲丰盈高尔夫球会,1,1,23
北京,11月,北京翠湖湿地公园(北京市海淀区),1,1,29
北京,11月,北京育新苑宾馆,1,1,12
北京,11月,北京航空航天大学,1,1,11
北京,11月,北京航空航天大学(学院路校区),1,1,7
北京,11月,北京航空航天大学(沙河校区),1,1,5
北京,11月,北京航空航天大学(海淀区学院路37号),1,1,1
北京,11月,北京航空航天大学绿园(北京市海淀区),1,1,8
北京,11月,北京邮电大学,1,1,9
北京,11月,北京野鸭湖,1,1,12
北京,11月,北京陶然亭公园,1,1,20
北京,11月,北京颐和园,1,1,7
北京,11月,北土城东路元大都遗址公园,1,1,9
北京,11月,北大最美时光咖啡厅(中关村街道北大),1,1,13
北京,11月,北宫国家森林公园,1,1,7
北京,11月,北宫森林公园,1,1,5
北京,11月,北小河,1,1,17
北京,11月,北沙河北岸,1,1,9
北京,11月,北沙河南岸,1,1,2
北京,11月,北科建水岸雁栖,1,1,10
北京,11月,北辰中心花园小微湿地,1,1,8
北京,11月,十三陵二坝观鸟点,1,1,25
北京,11月,十三陵水库,1,1,21
北京,11月,十三陵水库二坝,1,1,15
北京,11月,十三陵永陵,1,1,8
北京,11月,十渡,1,1,14
北京,11月,十里堡乙2号院,1,1,3
北京,11月,南堤(北京市大兴区),1,1,16
北京,11月,南旱河,1,1,20
北京,11月,南樱路（南庄村）,1,1,17
北京,11月,南海子,1,1,10
北京,11月,南海子公园-麋鹿苑,1,1,25
北京,11月,南海子公园1期-南门,1,1,26
北京,11月,南馆公园,1,1,6
北京,11月,卧龙岗村,1,1,7
北京,11月,古崖居风景名胜区,1,1,3
北京,11月,四渡河村,1,1,5
北京,11月,园博园功能湿地（晓月湖芦苇）,1,1,13
北京,11月,国家天文台密云站,1,1,8
北京,11月,国家植物园-人工湖中湖,1,1,13
北京,11月,国家植物园中国科学院植物研究所北门,1,1,30
北京,11月,国家植物园北园-4号观景平台,1,1,6
北京,11月,国家植物园北园-东南门,1,1,21
北京,11月,国家植物园北园和南园,1,1,20
北京,11月,国家植物园（北园）,1,1,6
北京,11月,圆明园南门[公交站],1,1,24
北京,11月,圆明园遗址公园西线,1,1,29
北京,11月,大兴区南海子公园(三海子二号路西50米),1,1,15
北京,11月,大兴区南海子公园(公园南环路北200米),1,1,20
北京,11月,大兴区南海子公园二期,1,1,18
北京,11月,大兴区绿地中央广场(兴华大街东),1,1,2
北京,11月,大宁水库-稻田水库-马厂水库-永定河下游,1,1,20
北京,11月,天元公园(北京市丰台区青塔西路),1,1,26
北京,11月,天坛公园-祈年殿,1,1,14
北京,11月,天坛公园科普园,1,1,6
北京,11月,天坛公园科普园附近,1,1,10
北京,11月,天坛公园西门至科普园附近,1,1,1
北京,11月,太师屯,1,1,31
北京,11月,太平庄村（潮河苑农庄）左堤路北,1,1,22
北京,11月,太阳宫体育休闲公园,1,1,18
北京,11月,太阳宫足球俱乐部,1,1,11
北京,11月,奥林匹克森林公园,1,1,15
北京,11月,奥林匹克森林公园北园西门,1,1,1
北京,11月,奥林匹克森林公园北苑桃花沟,1,1,9
北京,11月,奥林匹克森林公园南园(北京市朝阳区),1,1,2
北京,11月,奥林匹克森林公园（北园）,1,1,19
北京,11月,奥林匹克森林公园（奥森）南园,1,1,11
北京,11月,奥森,1,1,18
北京,11月,奥森别墅西北,1,1,26
北京,11月,奥森匹克森林公园南园东门河道,1,1,22
北京,11月,奥森南园西线,1,1,14
北京,11月,奥森奥森南园,1,1,29
北京,11月,妙峰山森林公园-玫瑰谷,1,1,11
北京,11月,妙峰山风景名胜区,1,1,10
北京,11月,妫水河森林公园,1,1,27
北京,11月,宋庄文化公园,1,1,2
北京,11月,官厅水库,1,1,34
北京,11月,宛平湖晓月湖,1,1,12
北京,11月,密云区京密引水渠首东北150米(君山北路北),1,1,1
北京,11月,密云区太师屯镇王家窝铺,1,1,3
北京,11月,密云区实验林场东600米,1,1,45
北京,11月,密云区阳光城·溪山悦西200米,1,1,8
北京,11月,密云水库上金山,1,1,15
北京,11月,密云水库周边,1,1,44
北京,11月,密云水库大小曹村库滨带,1,1,3
北京,11月,密云清水河,1,1,2
北京,11月,密云潮白河左堤路-云蒙大桥至羊山1号桥,1,1,27
北京,11月,小清河,1,1,38
北京,11月,小漕村外崖壁及潮河沿岸,1,1,18
北京,11月,崔各庄黑桥公园,1,1,13
北京,11月,巩华城滨河森林公园及半岛周边,1,1,23
北京,11月,平谷区泃河东门桥,1,1,15
北京,11月,平谷区泃河张辛庄南桥(西侧),1,1,3
北京,11月,平谷区金海湖风景区,1,1,7
北京,11月,平谷西峪水库,1,1,4
北京,11月,幽州,1,1,1
北京,11月,广阳谷城市森林公园,1,1,7
北京,11月,延庆区旧县镇东龙湾村,1,1,11
北京,11月,延庆区松山国家级自然保护区管理处办公区北,1,1,4
北京,11月,怀九河+怀沙河,1,1,31
北京,11月,怀北庄（北神路以北）,1,1,13
北京,11月,怀柔区北京市人民政府宽沟招待所东北,1,1,8
北京,11月,怀柔区泉河街道社区卫生服务中心,1,1,1
北京,11月,怀柔区白河湾(白河北路北500米),1,1,3
北京,11月,怀水大桥,1,1,4
北京,11月,戒台寺,1,1,1
北京,11月,房山区军红路(教军场),1,1,5
北京,11月,房山区北京银泰鸿业高尔夫俱乐部,1,1,6
北京,11月,房山区十渡(涞宝路南200米),1,1,6
北京,11月,房山区小清河公园(清苑北街东150米),1,1,17
北京,11月,房山区长阳中粮·京西祥云东300米(独义三路北),1,1,3
北京,11月,房山区长阳镇大宁村,1,1,25
北京,11月,房山区长阳镇大宁水库,1,1,47
北京,11月,房山十渡风景名胜区,1,1,20
北京,11月,新凤河,1,1,17
北京,11月,新科祥园,1,1,7
北京,11月,日坛公园(北京市朝阳区日坛北路6号),1,1,1
北京,11月,昌平区十三陵风景区七孔桥花海,1,1,24
北京,11月,昌平区南口镇凤凰山,1,1,8
北京,11月,昌平区回龙观龙博苑3区(文华路西50米),1,1,6
北京,11月,昌平区回龙观龙锦苑4区(文华路东100米),1,1,14
北京,11月,昌平区沙河巩华城地铁站北400米(环城北路南),1,1,35
北京,11月,昌平区沙河巩华城地铁站南200米,1,1,8
北京,11月,昌平区沙河水库大坝西侧,1,1,22
北京,11月,昌平区老牛湾村,1,1,1
北京,11月,昌平新城滨河森林公园(北京市昌平区),1,1,13
北京,11月,昌平新城滨河森林公园-主入口广场,1,1,8
北京,11月,昌平新城滨河森林公园-休息区,1,1,39
北京,11月,昌平新城滨河森林公园外周边,1,1,1
北京,11月,景风门,1,1,5
北京,11月,望京西园1区,1,1,3
北京,11月,朝阳区南磨房官庄公园(官庄路东),1,1,10
北京,11月,朝阳区南磨房官庄公园(广渠东路南300米),1,1,14
北京,11月,朝阳区太阳宫公园(四环南),1,1,12
北京,11月,朝阳区太阳宫公园(太阳宫北街北),1,1,7
北京,11月,朝阳区太阳宫南街(太阳宫地铁站),1,1,1
北京,11月,朝阳区奥运村奥林匹克森林公园(天辰路西100米),1,1,26
北京,11月,朝阳区奥运村奥林匹克森林公园(奥林西路北150米),1,1,23
北京,11月,朝阳区奥运村奥林匹克森林公园(安立路西150米),1,1,20
北京,11月,朝阳区奥运村奥林匹克森林公园湿地,1,1,7
北京,11月,朝阳区平房公园,1,1,1
北京,11月,未来科学城滨水公园(北京市昌平区),1,1,22
北京,11月,朱家湾村民委员会,1,1,6
北京,11月,松香湖,1,1,13
北京,11月,枣林庄村(北京市通州区),1,1,12
北京,11月,柳荫公园(北京市东城区黄寺大街8号),1,1,19
北京,11月,柳荫公园柳荫亭,1,1,7
北京,11月,柳莺林,1,1,1
北京,11月,树村公园,1,1,8
北京,11月,桃花溪旅游度假山庄,1,1,15
北京,11月,槐新公园,1,1,3
北京,11月,槐树岭四号院,1,1,8
北京,11月,樱花小湖,1,1,1
北京,11月,橋西街70號,1,1,28
北京,11月,永定河公园,1,1,3
北京,11月,永定河滨水森林公园,1,1,31
北京,11月,江水河,1,1,11
北京,11月,沙河新城滨河森林公园,1,1,24
北京,11月,沙河昌平新城滨河森林公园东50米,1,1,3
北京,11月,沙河昌平新城滨河森林公园主入口广场西北200米,1,1,17
北京,11月,沙河昌平新城滨河森林公园游客服务中心西150米,1,1,36
北京,11月,沙河昌平新城滨河森林公园西南,1,1,16
北京,11月,沙河水库南沙河,1,1,10
北京,11月,沙河水库新城滨河森林公园,1,1,6
北京,11月,河北村,1,1,5
北京,11月,沿河城村,1,1,17
北京,11月,海淀公园万泉漱玉(四环北),1,1,15
北京,11月,海淀区上庄中心小学(东马坊校区)西300米,1,1,3
北京,11月,海淀区东升八家郊野公园(后八家西路北200米),1,1,9
北京,11月,海淀区中国纪检监察学院北100米(翠湖北路北),1,1,20
北京,11月,海淀区北京石刻艺术博物馆(五塔寺路北),1,1,2
北京,11月,海淀区南湖岛(十七孔桥西北),1,1,3
北京,11月,海淀区树村公园(树村北街南),1,1,1
北京,11月,海淀区河道管理所五七水库管理站(七王坟路北),1,1,5
北京,11月,海淀区苏家坨镇土桥柳林河,1,1,20
北京,11月,海淀区西湖西200米(颐和园西门路东),1,1,16
北京,11月,海淀区西湖西北200米(西堤南),1,1,1
北京,11月,海淀区西苑桥东北扇面湖,1,1,3
北京,11月,海淀区颐和园(西堤西200米),1,1,21
北京,11月,海淀区颐和园团城湖及附近,1,1,34
北京,11月,清华大学(北京市海淀区双清路30号),1,1,2
北京,11月,清华大学(近春路),1,1,14
北京,11月,清水河（密云北庄朱家湾段）,1,1,8
北京,11月,清河北滨河路,1,1,13
北京,11月,温榆河,1,1,3
北京,11月,温榆河公园,1,1,8
北京,11月,温榆河孙河段,1,1,1
北京,11月,温榆河朝阳段,1,1,21
北京,11月,温榆河滨河森林公园北区,1,1,3
北京,11月,温榆河边,1,1,1
北京,11月,滨角园码头,1,1,5
北京,11月,漕运码头,1,1,20
北京,11月,潮白河,1,1,11
北京,11月,潮白河大堤路与右堤路交叉口,1,1,5
北京,11月,潮白河大桥东向西辅路,1,1,1
北京,11月,潮白河沿线（密云）,1,1,14
北京,11月,潮白河（大宗高尔夫）,1,1,18
北京,11月,潮白河（河南村）,1,1,11
北京,11月,灵山,1,1,23
北京,11月,灵山地区,1,1,25
北京,11月,牛口峪湿地公园,1,1,18
北京,11月,狼垡城市森林公园,1,1,7
北京,11月,玉东郊野公园,1,1,21
北京,11月,玉渊潭公园-樱花园,1,1,1
北京,11月,玉渊潭公园西湖,1,1,4
北京,11月,玉渡山风景区,1,1,5
北京,11月,王家窝铺(北京市密云区),1,1,3
北京,11月,玲珑公园,1,1,2
北京,11月,甘棠桥南,1,1,9
北京,11月,白河湿地公园(白河湿地公园111国道东),1,1,17
北京,11月,百望山森林公园春季猛禽观测点,1,1,35
北京,11月,百望山森林公园黑山头观景平台,1,1,7
北京,11月,石景山区金顶山知秋台,1,1,9
北京,11月,石龙创新大厦,1,1,1
北京,11月,神堂峪栈道,1,1,2
北京,11月,禾子涧村(北京市昌平区),1,1,1
北京,11月,稻田水库,1,1,6
北京,11月,稻香花海,1,1,8
北京,11月,紫竹院公园(海淀区中关村南大街35号),1,1,7
北京,11月,红军庄村,1,1,27
北京,11月,红领巾公园南门外河沟,1,1,1
北京,11月,绿城·百合公寓南区,1,1,13
北京,11月,罗马湖东,1,1,6
北京,11月,肖家河公园,1,1,2
北京,11月,胡家村(北京市通州区),1,1,24
北京,11月,舞彩浅山,1,1,1
北京,11月,芦各庄,1,1,3
北京,11月,苏家坨镇七王坟森林防火检查站,1,1,16
北京,11月,范各庄西桥,1,1,14
北京,11月,茉藜园(北京市朝阳区秋实东街),1,1,1
北京,11月,萧太后河,1,1,14
北京,11月,蒲洼乡,1,1,8
北京,11月,蒲洼乡花台景区,1,1,16
北京,11月,蓝靛厂清真寺,1,1,14
北京,11月,西城区丰融园(什坊小街北),1,1,4
北京,11月,西峪水库,1,1,9
北京,11月,西帽山村(北京市怀柔区),1,1,11
北京,11月,西郊雨洪调蓄工程/西郊砂石坑,1,1,4
北京,11月,西集镇,1,1,24
北京,11月,辛庄桥,1,1,25
北京,11月,通州区东郊森林湿地公园,1,1,17
北京,11月,通州区健龙森体育健身俱乐部北(滨河中路北),1,1,2
北京,11月,通州区北京小海字健身训练营东南100米(张凤路东),1,1,19
北京,11月,通州区北运河西500米(通清路东),1,1,22
北京,11月,通州区城市绿心森林公园(滨河南路北200米),1,1,14
北京,11月,通州区城市绿心森林公园东南区游客服务中心南,1,1,23
北京,11月,通州区宋庄镇摇不动村,1,1,11
北京,11月,通州区燕郊大宗高尔夫俱乐部西南500米(堡东路南),1,1,31
北京,11月,通州区马驹桥2号桥南(黄马路北),1,1,9
北京,11月,通州大运河森林公园露营地南,1,1,30
北京,11月,通惠河(新八里桥-八里桥市场),1,1,8
北京,11月,通惠河灌渠,1,1,1
北京,11月,通明湖地区,1,1,33
北京,11月,郭家坞,1,1,13
北京,11月,都会华庭,1,1,3
北京,11月,都城隍庙后殿,1,1,1
北京,11月,重兴寺公园,1,1,8
北京,11月,野鸭湖国家湿地公园观鸟平台沿线,1,1,3
北京,11月,野鸭湖湿地,1,1,31
北京,11月,金牛山公园,1,1,4
北京,11月,长阳公园-万亩滨河公园,1,1,9
北京,11月,门头沟区妙峰山玫瑰梯田观景平台(玫瑰园环路北),1,1,6
北京,11月,门头沟区妙峰山镇东大坨,1,1,13
北京,11月,门头沟区斋堂镇爨底下村,1,1,10
北京,11月,门头沟区永定镇下狼窝,1,1,8
北京,11月,门头沟区灵山自然风景区,1,1,14
北京,11月,门头沟沿河城站,1,1,7
北京,11月,霖润桥,1,1,32
北京,11月,静心亭,1,1,14
北京,11月,韩台村,1,1,10
北京,11月,顺义区潮白河大桥东北300米(白马路北),1,1,44
北京,11月,顺义区龙湾屯镇树行村,1,1,7
北京,11月,顺义新城滨河森林公园二区停车场西南(左堤路南),1,1,4
北京,11月,颐和园(团城湖区域),1,1,22
北京,11月,颐和园-藻鉴堂湖,1,1,15
北京,11月,颐和园––团城湖及周边,1,1,32
北京,11月,颐和园西堤（镜桥-石桥）,1,1,27
北京,11月,首都经济贸易大学,1,1,3
北京,11月,马场和野鸭湖国家湿地公园,1,1,60
北京,11月,马庄跨线桥,1,1,20
北京,11月,鸣雁台,1,1,14
北京,11月,黄草湾郊野公园太清观,1,1,8
北京,11月,黑山寨村,1,1,10
北京,11月,黑山寨村(北京市昌平区),1,1,23
北京,11月,齐物潭,1,1,5
北京,11月,龙潭公园,1,1,1
北京,11月,龙神庙,1,1,21
北京,12月,天坛公园,231,248,28
北京,12月,北京天坛公园,119,136,26
北京,12月,玉渊潭公园,117,134,33
北京,12月,昌平新城滨河森林公园巩华城半岛,108,121,49
北京,12月,国家植物园北园,107,136,32
北京,12月,奥森南园,94,115,35
北京,12月,北海公园,80,81,22
北京,12月,颐和园,78,85,37
北京,12月,北京沙河水库,68,77,40
北京,12月,沙河水库,62,67,68
北京,12月,北京玉渊潭公园,57,73,33
北京,12月,密云水库调节池,39,41,45
北京,12月,密云区太师屯镇小漕村,38,40,51
北京,12月,颐和园—团城湖,37,39,31
北京,12月,滨河森林公园-沙河水库,36,37,41
北京,12月,东灵山,35,37,21
北京,12月,北京奥林匹克森林公园南园,32,35,32
北京,12月,奥森北园,23,26,26
北京,12月,国家植物园北园（原北京植物园）,21,22,34
北京,12月,奥林匹克森林公园北园,19,24,25
北京,12月,怀柔水库,18,21,64
北京,12月,巩华城半岛（北沙河南岸）,18,18,36
北京,12月,陶然亭公园,17,24,22
北京,12月,门头沟东灵山,17,17,33
北京,12月,北京植物园(北京市海淀区香山路),16,18,34
北京,12月,北京圆明园遗址公园,14,22,38
北京,12月,元大都遗址公园,14,21,17
北京,12月,十渡,14,14,35
北京,12月,北京市天坛公园,13,15,20
北京,12月,昌平区沙河翠明湖,13,15,21
北京,12月,小漕村,13,13,28
北京,12月,官庄公园,12,14,18
北京,12月,北土城东路元大都遗址公园,12,12,19
北京,12月,密云区高岭镇人民政府(高岭村政府路8号),12,12,28
北京,12月,故宫博物院,12,12,15
北京,12月,奥林匹克森林公园南园,11,14,24
北京,12月,清河大桥东侧河段,11,14,23
北京,12月,北京大学,10,19,31
北京,12月,大运河森林公园,10,12,31
北京,12月,朝阳公园,10,11,15
北京,12月,北京密云水库,10,10,52
北京,12月,国家植物园,10,10,28
北京,12月,昌平巩华城新城滨河森林公园及周边,10,10,40
北京,12月,巩华城半岛,9,14,54
北京,12月,妙峰山森林公园玫瑰谷,9,12,24
北京,12月,沙河昌平新城滨河森林公园(巩华城半岛外周边),9,11,38
北京,12月,白浮泉公园,9,11,12
北京,12月,天坛公园科普园,9,10,14
北京,12月,小漕村外崖壁及潮河沿岸,9,9,25
北京,12月,青白口桥,9,9,11
北京,12月,日坛公园(北京市朝阳区日坛北路6号),8,9,17
北京,12月,北京南海子公园,8,8,29
北京,12月,北京市东城区天坛公园-生态科普园,8,8,17
北京,12月,北京市密云区朱家湾村清水河,8,8,12
北京,12月,北海公园小西天,8,8,17
北京,12月,沙河巩华城半岛周边,8,8,29
北京,12月,灵山自然风景区,8,8,21
北京,12月,中国科学院大学(雁栖湖校区),7,13,19
北京,12月,中国科学院大学雁栖湖校区西区,7,10,22
北京,12月,宋庄蓄滞洪区-二期,7,9,32
北京,12月,琉璃河湿地公园,7,9,32
北京,12月,圆明园遗址公园,7,8,30
北京,12月,妙峰山镇,7,7,10
北京,12月,沙河昌平新城滨河森林公园,6,8,37
北京,12月,沙河水库西岸,6,8,46
北京,12月,颐和园-昆明湖团城湖,6,7,25
北京,12月,天坛公园(北京市东城区天坛东路甲1号),6,6,18
北京,12月,密云区北京清水河公寓西(清水河北路),6,6,6
北京,12月,密云水库,6,6,41
北京,12月,密云清水河,6,6,5
北京,12月,沙河昌平新城滨河森林公园及半岛外周边,6,6,25
北京,12月,北京北海公园,5,6,16
北京,12月,北京市国家植物园,5,6,25
北京,12月,玉渊谭公园,5,6,23
北京,12月,北京海淀玉渊潭公园,5,5,29
北京,12月,天坛公园西门林地,5,5,9
北京,12月,太师屯和园公园,5,5,15
北京,12月,宛平湖,5,5,20
北京,12月,山水天下影视城西(清水河北路),5,5,7
北京,12月,巩华城,5,5,17
北京,12月,念坛公园,5,5,22
北京,12月,昌平新城滨河森林公园,5,5,8
北京,12月,柳荫公园,5,5,24
北京,12月,西峪水库,5,5,22
北京,12月,宋庄蓄滞洪公园,4,7,21
北京,12月,北京航空航天大学,4,6,10
北京,12月,大宁水库-乐活中堤（即滞洪水库）-废弃河道,4,5,50
北京,12月,沿河城,4,5,12
北京,12月,颐和园-团城湖,4,5,9
北京,12月,云岗森林公园,4,4,23
北京,12月,农展馆,4,4,18
北京,12月,北京园博园,4,4,36
北京,12月,北京奥森公园,4,4,29
北京,12月,北京宽沟,4,4,33
北京,12月,北京市东城区天坛公园,4,4,14
北京,12月,北植,4,4,16
北京,12月,十三陵二坝观鸟点,4,4,25
北京,12月,天坛公园-科普园,4,4,17
北京,12月,天坛苗圃,4,4,13
北京,12月,奥林匹克森林公园（奥森）南园,4,4,12
北京,12月,奥森北园+南园,4,4,34
北京,12月,怀柔红军庄怀沙河南岸,4,4,25
北京,12月,景山公园,4,4,8
北京,12月,海淀区颐和园绚霞琦月南200米(金河路北),4,4,24
北京,12月,清华大学,4,4,22
北京,12月,清华大学-工字厅,4,4,13
北京,12月,清水河太师屯高速桥以下段,4,4,7
北京,12月,翠明湖,4,4,20
北京,12月,龙潭西湖公园,4,4,23
北京,12月,潞河中学(北京市通州区新华南路135号),3,26,18
北京,12月,北京环球度假区,3,9,22
北京,12月,三星庄后河,3,8,19
北京,12月,国家植物园南园,3,8,2
北京,12月,北京市丰台区绿堤公园宛平湖,3,5,20
北京,12月,北京理工大学,3,5,17
北京,12月,天坛公园西门至苗圃区间,3,4,21
北京,12月,宛平湖大宁水库乐活中堤永定河废弃河道,3,4,40
北京,12月,红军庄村(北京市怀柔区),3,4,21
北京,12月,东城区天坛公园双环万寿亭西北200米(天坛路南),3,3,9
北京,12月,五渡桥,3,3,19
北京,12月,什刹海西海湿地公园,3,3,13
北京,12月,元大都城垣遗址公园,3,3,10
北京,12月,北京市东城区天坛公园-西部空场,3,3,9
北京,12月,北京市海淀区北京植物园,3,3,9
北京,12月,北京市玉渊潭公园,3,3,24
北京,12月,北京昌平区沙河水库南岸,3,3,34
北京,12月,古北水镇,3,3,18
北京,12月,国家植物园北园-东南门,3,3,23
北京,12月,天坛,3,3,14
北京,12月,天坛公园科普园附近,3,3,17
北京,12月,妙峰山玫瑰梯田观景平台,3,3,26
北京,12月,宛平湖-大宁水库,3,3,21
北京,12月,崔家窑,3,3,18
北京,12月,怀九河+怀沙河,3,3,33
北京,12月,日坛公园,3,3,14
北京,12月,昌平巩华城半岛周边,3,3,23
北京,12月,朝阳区奥运村奥林匹克森林公园(沉水廊道西),3,3,27
北京,12月,沙河昌平新城滨河森林公园东100米,3,3,17
北京,12月,沙河水库巩华城东北角,3,3,12
北京,12月,沿河城站,3,3,11
北京,12月,温榆河孙河乡,3,3,28
北京,12月,通州大运河森林公园,3,3,32
北京,12月,郭家坞,3,3,7
北京,12月,野鸭湖湿地公园,3,3,9
北京,12月,颐和园(团城湖区域),3,3,22
北京,12月,颐和园团城湖,3,3,25
北京,12月,宣武艺园,2,5,11
北京,12月,朝阳区庆丰公园,2,5,12
北京,12月,通州大运河森林公园露营地南,2,5,31
北京,12月,丰台区莲花池公园(莲花池南路北200米),2,4,18
北京,12月,凤港减河,2,4,35
北京,12月,北京翠湖湿地公园,2,4,36
北京,12月,沙河水库巩华城半岛,2,4,9
北京,12月,清河之洲,2,4,16
北京,12月,全国农业展览馆9号馆,2,3,11
北京,12月,永顺镇刘庄公园(北京市通州区),2,3,17
北京,12月,牛口峪湿地公园,2,3,25
北京,12月,顺义滨河森林公园,2,3,9
北京,12月,东城区天坛公园科普园西北100米(天坛路南),2,2,17
北京,12月,东灵山主峰,2,2,9
北京,12月,中山公园,2,2,17
北京,12月,临波中路与运粮引河路交叉口,2,2,30
北京,12月,云居寺,2,2,28
北京,12月,元大都城垣遗址公园海淀段,2,2,11
北京,12月,八渡桥,2,2,15
北京,12月,兴隆公园,2,2,16
北京,12月,凉水河大兴段,2,2,2
北京,12月,凉水河桑园村至张家湾,2,2,11
北京,12月,凉水河（通明湖公园附近）,2,2,40
北京,12月,北京一零一中,2,2,10
北京,12月,北京中山公园,2,2,16
北京,12月,北京动物园,2,2,4
北京,12月,北京大学陈守仁国际数学研究中心,2,2,26
北京,12月,北京奥林匹克公园-叠水花台,2,2,19
北京,12月,北京市昌平区七孔桥花海,2,2,13
北京,12月,北京市朝阳区望和公园-北园,2,2,16
北京,12月,北京植物园(北京市海淀区),2,2,2
北京,12月,北沙河及巩华城半岛,2,2,30
北京,12月,十三陵二坝,2,2,20
北京,12月,千灵山,2,2,18
北京,12月,南海子一期,2,2,24
北京,12月,南海子公园,2,2,15
北京,12月,南海子公园1期-南门,2,2,17
北京,12月,南苑森林湿地公园,2,2,15
北京,12月,团城湖,2,2,20
北京,12月,地坛公园,2,2,1
北京,12月,大运河森林公园(北京市通州区北运河两侧),2,2,13
北京,12月,天坛公园科普园至西门,2,2,11
北京,12月,奥林匹克森林公园(北京市朝阳区安立路),2,2,13
北京,12月,奥林匹克森林公园（奥森）北园,2,2,17
北京,12月,奥森北园河东,2,2,16
北京,12月,奥森南园西线,2,2,12
北京,12月,官厅水库（野鸭湖-康西草原-马场沿线）,2,2,12
北京,12月,宛平湖景区,2,2,4
北京,12月,密云区太师屯镇泉河,2,2,21
北京,12月,密云区晓菡果园西北150米,2,2,21
北京,12月,密云水库周边,2,2,35
北京,12月,崔各庄黑桥公园,2,2,13
北京,12月,平谷区西峪水库,2,2,18
北京,12月,平谷西峪水库,2,2,23
北京,12月,怀柔水库西岸观景台,2,2,55
北京,12月,房山区七渡桥西(花果山景区东北),2,2,27
北京,12月,房山区长阳镇大宁村,2,2,33
北京,12月,房山夕阳红公园,2,2,19
北京,12月,拒马河十渡,2,2,24
北京,12月,新城滨河森林公园,2,2,9
北京,12月,昌平区沙河巩华城地铁站东北150米,2,2,19
北京,12月,昌平新城滨河森林公园(北京市昌平区),2,2,21
北京,12月,昌平新城滨河森林公园外周边,2,2,11
北京,12月,昌平沙河水库巩华城半岛,2,2,17
北京,12月,昌平滨河森林公园,2,2,16
北京,12月,朝阳区奥运村北京奥林匹克森林公园南园,2,2,22
北京,12月,朝阳区奥运村奥林匹克森林公园(奥林西路北150米),2,2,19
北京,12月,水库不老屯,2,2,35
北京,12月,沙河东侧,2,2,12
北京,12月,沙河北岸,2,2,1
北京,12月,沙河昌平新城滨河森林公园主入口广场西200米,2,2,31
北京,12月,沙河水库及周边,2,2,29
北京,12月,沙河水库沿岸,2,2,12
北京,12月,沙河镇,2,2,13
北京,12月,沿河城长城西北(沿向路),2,2,13
北京,12月,海棠花溪,2,2,9
北京,12月,海淀区清河南镇清河沿岸,2,2,15
北京,12月,海淀区玉东园(颐和园西门路北150米),2,2,14
北京,12月,海淀区颐和园团城湖,2,2,7
北京,12月,清华大学情人坡,2,2,15
北京,12月,清河(北京市海淀区),2,2,14
北京,12月,清河中段,2,2,16
北京,12月,清河营郊野公园,2,2,13
北京,12月,玉渊潭公园-西门附近,2,2,20
北京,12月,珍珠泉,2,2,8
北京,12月,百望山森林公园,2,2,13
北京,12月,紫竹院公园,2,2,15
北京,12月,莲花池公园,2,2,24
北京,12月,莲花河城市休闲公园,2,2,11
北京,12月,辛庄桥潮河河道,2,2,23
北京,12月,运河牡丹园,2,2,29
北京,12月,通明湖公园,2,2,7
北京,12月,青白口村(北京市门头沟区),2,2,11
北京,12月,顺义公园,2,2,13
北京,12月,颐和园后湖团城湖和运水渠,2,2,14
北京,12月,龙潭湖公园,2,2,7
北京,12月,太阳宫公园,1,8,15
北京,12月,北京市园林绿化科学研究院,1,6,12
北京,12月,松香湖,1,6,17
北京,12月,恒通商务园,1,5,9
北京,12月,北京友谊宾馆,1,4,11
北京,12月,东埠头沟公园南侧区域,1,3,20
北京,12月,合生·滨江帝景,1,3,8
北京,12月,对外经济贸易大学,1,3,10
北京,12月,沙河(巩华城滨河公园外周边),1,3,2
北京,12月,白浮泉公园南北园,1,3,21
北京,12月,东城区大通滨河公园(砖厂南巷南100米),1,2,15
北京,12月,中华女子学院,1,2,4
北京,12月,中国银行城市森林公园,1,2,14
北京,12月,丰台区康景城市休闲公园(小瓦窑西路西),1,2,9
北京,12月,云翔苑小区,1,2,9
北京,12月,五塔寺公园,1,2,12
北京,12月,人大附中早培小树林,1,2,1
北京,12月,八达岭林场,1,2,10
北京,12月,分钟寺,1,2,12
北京,12月,勇士营2号地,1,2,8
北京,12月,勇士营郊野公园,1,2,18
北京,12月,北京市顺义区潮白河森林公园,1,2,20
北京,12月,北京温榆河公园-西园,1,2,23
北京,12月,北科建水岸雁栖,1,2,23
北京,12月,十三陵镇东沙河至花海沿线,1,2,23
北京,12月,大运河森林公园-南门,1,2,31
北京,12月,大运河森林公园-月岛闻莺景区,1,2,28
北京,12月,天元公园(北京市丰台区青塔西路),1,2,16
北京,12月,太阳宫体育休闲公园,1,2,13
北京,12月,奥林匹克森林公园,1,2,28
北京,12月,康西草原,1,2,4
北京,12月,新科祥园,1,2,9
北京,12月,旺景公园,1,2,11
北京,12月,昌平沙河水库北岸,1,2,17
北京,12月,树村郊野公园,1,2,17
北京,12月,水南-桑园-高古庄村,1,2,12
北京,12月,沙河闸,1,2,4
北京,12月,海淀区玉渊潭公园,1,2,21
北京,12月,海淀区西北旺中国银行城市森林公园(马连洼西路东),1,2,15
北京,12月,清河路,1,2,11
北京,12月,湖光小区(北京市怀柔区),1,2,15
北京,12月,潞通新路西荒地,1,2,8
北京,12月,玲珑公园,1,2,8
北京,12月,绿城·百合公寓南区,1,2,11
北京,12月,通州区马驹桥联东U谷·金亦谷科技园北(景盛北三街),1,2,12
北京,12月,七孔桥花海主题公园,1,1,14
北京,12月,万柳园,1,1,22
北京,12月,上地佳园,1,1,6
北京,12月,上庄水库(北京市海淀区),1,1,23
北京,12月,上庄镇西马坊村,1,1,4
北京,12月,不老屯镇,1,1,13
北京,12月,东城区 柳荫公园,1,1,2
北京,12月,东城区天坛公园(天坛路南150米),1,1,18
北京,12月,东城区天坛公园(天坛路南300米),1,1,14
北京,12月,东城区天坛公园科普园(天坛路南),1,1,8
北京,12月,东城区安贞金隅天坛智慧家居(小黄庄路店),1,1,4
北京,12月,东城区崇文门崇西小区8号楼,1,1,8
北京,12月,东城区建国门华润大厦(建国门北大街),1,1,5
北京,12月,东城区龙潭西湖公园(龙潭路南),1,1,4
北京,12月,东洲家园(北京市朝阳区来广营北路88号),1,1,5
北京,12月,东灵山自然风景区,1,1,6
北京,12月,东灵山观鸟点,1,1,12
北京,12月,东郊森林湿地公园,1,1,11
北京,12月,东郊湿地公园(北京市通州区),1,1,11
北京,12月,中信新城(北京市大兴区三海子东路),1,1,11
北京,12月,中关村768创意产业园,1,1,6
北京,12月,中关村森林公园,1,1,9
北京,12月,中关村软件园,1,1,13
北京,12月,中关村软件园联想总部东街心花园,1,1,10
北京,12月,中国人民大学(通州校区),1,1,2
北京,12月,中国农业大学(西校区),1,1,11
北京,12月,中国农业大学西校区,1,1,5
北京,12月,中国农业大学（东校区）,1,1,8
北京,12月,中国社会科学院大学(良乡校区),1,1,1
北京,12月,中国科学院大学(玉泉路校区),1,1,7
北京,12月,中国科学院大学雁栖湖校区,1,1,4
北京,12月,中国科学院大学（雁栖湖校区）,1,1,2
北京,12月,中国科学院大学（雁栖湖）,1,1,11
北京,12月,中国空间技术研究院东北,1,1,1
北京,12月,中央民族大学(丰台校区),1,1,2
北京,12月,中央财经大学(沙河校区西区),1,1,5
北京,12月,丰台区六里桥华源新第(太平桥路西),1,1,2
北京,12月,丰台区绿堤公园(X002南150米),1,1,21
北京,12月,丰台大兴永定河沿岸,1,1,7
北京,12月,丰台绿堤公园,1,1,32
北京,12月,乐府江南,1,1,9
北京,12月,乐活中堤,1,1,21
北京,12月,九局·艺术精品民宿,1,1,10
北京,12月,云河墅,1,1,1
北京,12月,五塔寺塔,1,1,7
北京,12月,五渡饭店,1,1,24
北京,12月,亦庄国际企业文化园(西园),1,1,6
北京,12月,亦庄滨河森林公园(北京市大兴区西环北路),1,1,2
北京,12月,亦庄通明湖公园,1,1,10
北京,12月,京城森林公园西区,1,1,3
北京,12月,京郊大地庄园,1,1,20
北京,12月,京铁公寓,1,1,9
北京,12月,亮马河(北京市朝阳区新源南路6号),1,1,12
北京,12月,人定湖公园,1,1,7
北京,12月,什刹海公园,1,1,4
北京,12月,健德门C口南处林子,1,1,8
北京,12月,元大都城垣遗址公园东土城沟,1,1,15
北京,12月,兆维工业园,1,1,6
北京,12月,全国农业展览馆,1,1,7
北京,12月,全国农业展览馆（农展馆）,1,1,3
北京,12月,八大处,1,1,7
北京,12月,八宝庄-2号楼,1,1,2
北京,12月,八家口袋公园,1,1,4
北京,12月,兴漷桥,1,1,19
北京,12月,凉水河,1,1,10
北京,12月,凉水河公园(北京市大兴区),1,1,7
北京,12月,凉水河公园三期附近,1,1,7
北京,12月,凉水河通州段,1,1,9
北京,12月,减河公园,1,1,1
北京,12月,减河公园-潮白河森林公园,1,1,19
北京,12月,刘庄村小中河,1,1,7
北京,12月,北京会议中心,1,1,14
北京,12月,北京化工大学（昌平新校区）,1,1,16
北京,12月,北京国际雕塑公园-西区,1,1,7
北京,12月,北京大学第一医院,1,1,12
北京,12月,北京大学赛克勒考古与艺术博物馆,1,1,5
北京,12月,北京大学镜春园,1,1,22
北京,12月,北京天安门广场,1,1,4
北京,12月,北京奥林匹克公园北园-花田野趣,1,1,16
北京,12月,北京奥林匹克公园湿地(北京市朝阳区),1,1,13
北京,12月,北京宽沟会议中心,1,1,8
北京,12月,北京工业大学,1,1,1
北京,12月,北京工体富国海底世界,1,1,12
北京,12月,北京市北京市东城区天坛公园-西门,1,1,8
北京,12月,北京市北京市朝阳区劲松(地铁站),1,1,1
北京,12月,北京市北京市朝阳区湖心岛桥边,1,1,5
北京,12月,北京市北京市海淀区玉渊潭公园,1,1,14
北京,12月,北京市奥林匹克森林公园,1,1,39
北京,12月,北京市密云水库管理处调节池,1,1,20
北京,12月,北京市房山区十渡镇,1,1,1
北京,12月,北京市昌平区沙河水库北岸,1,1,35
北京,12月,北京市海淀区丰滢公园东区,1,1,1
北京,12月,北京市海淀区翠湖国家城市湿地公园,1,1,12
北京,12月,北京市海淀区蓝靛厂公园,1,1,12
北京,12月,北京市海淀区阜成路南5号,1,1,1
北京,12月,北京师范大学,1,1,9
北京,12月,北京师范大学(海淀区新街口外大街19号),1,1,5
北京,12月,北京师范大学教9楼,1,1,4
北京,12月,北京怀柔山水人家(辛桃路店),1,1,6
北京,12月,北京怀柔山水人家(辛桃路店)西189米,1,1,3
北京,12月,北京怀柔山水人家(辛桃路店)西南126米,1,1,1
北京,12月,北京昌平区沙河水库,1,1,18
北京,12月,北京明城墙遗址公园,1,1,8
北京,12月,北京植物园,1,1,9
北京,12月,北京植物园科普馆,1,1,6
北京,12月,北京植物所,1,1,5
北京,12月,北京永定河废弃河道,1,1,20
北京,12月,北京温榆河公园(故城记忆),1,1,14
北京,12月,北京百花山社,1,1,11
北京,12月,北京航空航天大学绿园(北京市海淀区),1,1,8
北京,12月,北京莲花池公园,1,1,8
北京,12月,北京营城建都滨水绿道(北京市西城区),1,1,5
北京,12月,北京西山国家森林公园,1,1,5
北京,12月,北京野鸭湖湿地公园,1,1,10
北京,12月,北京金樱桃农林科技发展有限公司(瓦窑头路),1,1,7
北京,12月,北京陶然亭公园,1,1,11
北京,12月,北京颐和园,1,1,9
北京,12月,北京黑龙潭自然风景区,1,1,4
北京,12月,北土城,1,1,2
北京,12月,北宫国家森林公园,1,1,8
北京,12月,北小河公园,1,1,8
北京,12月,北辰中心花园小微湿地,1,1,2
北京,12月,区内其他区域,1,1,2
北京,12月,十一学校魔术林,1,1,10
北京,12月,十渡乐谷银滩景区,1,1,8
北京,12月,十渡风景区,1,1,17
北京,12月,南沙河南岸,1,1,14
北京,12月,南沙河翠湖南路,1,1,19
北京,12月,南海子公园(北京市大兴区),1,1,23
北京,12月,南海子公园凉亭(北京市大兴区幸福巷),1,1,18
北京,12月,南海子麋鹿苑,1,1,13
北京,12月,南苑森林湿地公园-燕景台,1,1,11
北京,12月,南长河西直门段,1,1,18
北京,12月,卢各庄村篮球场,1,1,7
北京,12月,口头村(北京市房山区),1,1,5
北京,12月,四得公园(北京市朝阳区将台西路9号),1,1,14
北京,12月,四渡河村(渤三路),1,1,14
北京,12月,园博园功能湿地（晓月湖芦苇）,1,1,24
北京,12月,国家植物园北园-梁启超墓,1,1,6
北京,12月,国家植物园北园-绚秋园,1,1,9
北京,12月,国家植物园樱桃沟游览区,1,1,1
北京,12月,国家植物园（北园）,1,1,9
北京,12月,国际企业文化园(东园),1,1,8
北京,12月,圆明园后湖,1,1,11
北京,12月,圆明园遗址公园绮春园景区,1,1,20
北京,12月,城市绿心森林公园,1,1,14
北京,12月,复兴门,1,1,6
北京,12月,大兴区亦庄人大附中经开学校(天宝北街南),1,1,26
北京,12月,大兴区麋鹿苑北门东南50米(三海子二号路南),1,1,12
北京,12月,大小黄岩河,1,1,4
北京,12月,大石河口头村,1,1,11
北京,12月,大石河桥,1,1,4
北京,12月,大运河森林公园南门[公交站],1,1,11
北京,12月,大运河森林公园运河风韵,1,1,30
北京,12月,天坛公园-东门,1,1,15
北京,12月,天坛公园-科普园（苗圃）,1,1,1
北京,12月,天坛公园北天门东北,1,1,20
北京,12月,天坛公园天坛公园,1,1,1
北京,12月,天坛公园西门至科普园附近,1,1,12
北京,12月,天宁寺桥,1,1,13
北京,12月,太师屯镇,1,1,7
北京,12月,太师庄村密云水库,1,1,8
北京,12月,太庙,1,1,1
北京,12月,奥林匹克森林公园南园(北京市朝阳区),1,1,23
北京,12月,奥林匹克森林公园南园五环亭至潜流湿地,1,1,22
北京,12月,奥林匹克森林公园奥海西北,1,1,22
北京,12月,奥林匹克森林公园（北园）,1,1,18
北京,12月,奥林匹克森林公园（南园）,1,1,17
北京,12月,奥森,1,1,20
北京,12月,奥森公园南园,1,1,13
北京,12月,奥森北园北门,1,1,1
北京,12月,奥森北园河西,1,1,24
北京,12月,奥森北园清洋河北段两岸,1,1,2
北京,12月,奥森南园-奥林西路东路周边,1,1,7
北京,12月,奥森奥森南园,1,1,3
北京,12月,奥森银杏林东南,1,1,28
北京,12月,妙峰山,1,1,6
北京,12月,妙峰山玫瑰园,1,1,8
北京,12月,密云区不老屯镇学各庄村,1,1,13
北京,12月,密云区北庄镇朱家湾村清水河,1,1,3
北京,12月,密云区太师屯村,1,1,3
北京,12月,密云区朱家湾村民委员会东南100米(朱大路东),1,1,11
北京,12月,密云水库不老屯天文台,1,1,10
北京,12月,密云水库不老屯库滨带,1,1,35
北京,12月,密云水库大小曹村库滨带,1,1,18
北京,12月,将府公园,1,1,15
北京,12月,小中河,1,1,17
北京,12月,山里乐活,1,1,8
北京,12月,山顶教堂东南95米,1,1,18
北京,12月,巩华城半岛-沙河水库,1,1,32
北京,12月,巩华城地铁站路西,1,1,1
北京,12月,巩华城沙河,1,1,17
北京,12月,巩华城滨河森林公园及半岛周边,1,1,23
北京,12月,常乐村,1,1,2
北京,12月,常乐村(北京市海淀区),1,1,15
北京,12月,平谷区泃河洳河交汇地,1,1,13
北京,12月,平谷区泃河清风园公园,1,1,12
北京,12月,平谷区花峪水库,1,1,16
北京,12月,平谷新城滨河森林公园,1,1,23
北京,12月,广济桥,1,1,1
北京,12月,广阳谷城市森林公园,1,1,8
北京,12月,庄怡公园,1,1,3
北京,12月,延庆区野鸭湖国家湿地公园(康野路西),1,1,3
北京,12月,念坛公园漪柳微香西南,1,1,20
北京,12月,怀九河局里村段,1,1,7
北京,12月,怀北庄,1,1,8
北京,12月,怀柔区八渡河岭,1,1,1
北京,12月,怀柔区北京怀柔山水人家(辛桃路店)西300米,1,1,2
北京,12月,怀柔区大艾天下园东600米,1,1,8
北京,12月,怀柔区富福溪谷帐篷露营基地东北100米(渤三路东),1,1,8
北京,12月,怀柔区庙城镇X005(北京宽沟),1,1,23
北京,12月,怀柔区怀水大桥东南,1,1,20
北京,12月,怀柔区慕田峪长城双源汇度假村南(怀黄路北),1,1,7
北京,12月,怀柔区杨宋镇郭庄村,1,1,2
北京,12月,怀柔区桥梓镇峪口村,1,1,6
北京,12月,怀柔区领秀翡翠华庭怀安大街15号院南50米,1,1,13
北京,12月,怀柔水库观景台,1,1,21
北京,12月,怀柔珍珠泉,1,1,12
北京,12月,怀水大桥,1,1,2
北京,12月,怀沙河,1,1,1
北京,12月,怀沙河-红军庄村-水德广场（怀柔水库附近）,1,1,14
北京,12月,怀河及其沿岸,1,1,24
北京,12月,恭王府博物馆,1,1,1
北京,12月,成寿寺中海城,1,1,8
北京,12月,成府路西段南侧,1,1,8
北京,12月,房山区佛子庄乡教军场,1,1,22
北京,12月,房山区十渡(一渡桥到十一渡桥),1,1,25
北京,12月,房山区蒲洼乡富合村,1,1,7
北京,12月,房山区鹰巢,1,1,1
北京,12月,房山红领巾公园(大件路大石河2号桥北侧),1,1,10
北京,12月,放马峪桥,1,1,34
北京,12月,故宫博物院-文华殿,1,1,8
北京,12月,早培教学楼,1,1,1
北京,12月,昌平公园,1,1,14
北京,12月,昌平区十三陵风景区七孔桥花海,1,1,21
北京,12月,昌平区回龙观龙锦苑4区(龙锦二街南150米),1,1,16
北京,12月,昌平区沙河丽春湖院子南400米,1,1,18
北京,12月,昌平区沙河巩华城地铁站东50米,1,1,54
北京,12月,昌平区沙河水岸庄园5号楼西南(42公里绿道),1,1,55
北京,12月,昌平区沙河水库南岸,1,1,21
北京,12月,昌平区沙河滨河观景平台南200米,1,1,3
北京,12月,昌平区沙河镇巩华城半岛,1,1,14
北京,12月,昌平区白浮泉公园(白浮泉路北300米),1,1,14
北京,12月,昌平十三陵水库,1,1,43
北京,12月,昌平巩华城半岛北沙河南岸沿线,1,1,1
北京,12月,昌平新城滨河北,1,1,10
北京,12月,昌平新城滨河森林公园(沙河),1,1,1
北京,12月,昌平新城滨河森林公园(沙河)停车场,1,1,38
北京,12月,昌平新城滨河森林公园-主入口广场,1,1,6
北京,12月,昌平新城滨河森林公园及周边,1,1,32
北京,12月,昌平滨河公园,1,1,28
北京,12月,望京伯爵城中央公园,1,1,9
北京,12月,朝阳区东坝郊野公园,1,1,1
北京,12月,朝阳区中华民族博物院(北辰路西),1,1,6
北京,12月,朝阳区元大都遗址公园,1,1,16
北京,12月,朝阳区八里桥京贸国际公寓北(京通快速公路北),1,1,4
北京,12月,朝阳区北京温榆河公园蒹葭照水北100米(滨河路东),1,1,18
北京,12月,朝阳区南磨房官庄公园(官庄路东150米),1,1,5
北京,12月,朝阳区奥运村奥林匹克森林公园(奥林西路),1,1,11
北京,12月,朝阳区奥运村奥林匹克森林公园(奥林西路北50米),1,1,1
北京,12月,朝阳区奥运村奥林匹克森林公园(沉水廊道东150米),1,1,7
北京,12月,朝阳区奥运村奥林匹克森林公园(沉水廊道南50米),1,1,5
北京,12月,朝阳区奥运村奥林匹克森林公园湿地,1,1,4
北京,12月,朝阳区奥运村奥森银杏林东南150米(奥林西路东),1,1,15
北京,12月,朝阳区望京绿地中心B座(启阳路)东50米,1,1,6
北京,12月,朝阳区蓝地时尚庄园(北京清河营地铁站店),1,1,8
北京,12月,朝阳区西坝河冠城大通澜石(冠城大厦南)南,1,1,11
北京,12月,朝阳区马家湾湿地公园,1,1,23
北京,12月,未来科学城滨水公园,1,1,4
北京,12月,未来科技城生态休闲公园沙河片区二期,1,1,11
北京,12月,朱家湾村民委员会,1,1,13
北京,12月,杨家东庄村,1,1,9
北京,12月,树村公园,1,1,12
北京,12月,樱花湖,1,1,9
北京,12月,檀峪村,1,1,1
北京,12月,水岸雁栖,1,1,2
北京,12月,水衙沟万丰公园,1,1,15
北京,12月,永丰嘉园新三区,1,1,1
北京,12月,永定公园南门太福路,1,1,13
北京,12月,永定河引水渠玉渊潭至木樨地段,1,1,18
北京,12月,汉石桥湿地公园,1,1,23
北京,12月,汉石桥湿地自然保护区,1,1,24
北京,12月,沙河,1,1,25
北京,12月,沙河南岸,1,1,5
北京,12月,沙河巩华城地铁站(昌平新城滨河森林公园西),1,1,21
北京,12月,沙河昌平新城滨河森林公园东,1,1,1
北京,12月,沙河昌平新城滨河森林公园东200米,1,1,10
北京,12月,沙河昌平新城滨河森林公园东50米,1,1,7
北京,12月,沙河昌平新城滨河森林公园东入口广场东北300米,1,1,1
北京,12月,沙河昌平新城滨河森林公园东入口广场北150米,1,1,6
北京,12月,沙河昌平新城滨河森林公园东北50米,1,1,4
北京,12月,沙河昌平新城滨河森林公园及半岛周边,1,1,14
北京,12月,沙河昌平新城滨河森林公园及巩华城半岛周边,1,1,20
北京,12月,沙河昌平新城滨河森林公园游客服务中心西150米,1,1,32
北京,12月,沙河水库北岸,1,1,18
北京,12月,沙河水库南岸沿线,1,1,26
北京,12月,沙河水库南岸观测点,1,1,19
北京,12月,沙河水库新城滨河森林公园,1,1,16
北京,12月,沙河水库（北沙河南岸）,1,1,46
北京,12月,海淀区交通运输部站点西南50米(南沙河西路北),1,1,24
北京,12月,海淀区圆明园西北景区,1,1,27
北京,12月,海淀区政府第二办公区,1,1,2
北京,12月,海淀区永定路57号院(正大路北),1,1,1
北京,12月,海淀区西湖西200米(颐和园西门路东),1,1,20
北京,12月,海淀区颐和园团城湖及附近,1,1,24
北京,12月,海淀区颐和园西堤东南150米,1,1,10
北京,12月,海淀驾校,1,1,7
北京,12月,清华大学校河沿岸,1,1,5
北京,12月,清华大学近春园荒岛,1,1,9
北京,12月,清河北滨河路,1,1,13
北京,12月,清河南镇[公交站],1,1,2
北京,12月,清河南镇公交站,1,1,8
北京,12月,清河南镇至下清河水闸东边河道,1,1,13
北京,12月,清河沿岸+奥森北园河西,1,1,22
北京,12月,清河立水桥段（滨河路),1,1,31
北京,12月,潭柘寺,1,1,6
北京,12月,潭西胜境,1,1,11
北京,12月,潮河边绿化林间,1,1,16
北京,12月,灵山自然风景区(北京市门头沟区灵山路),1,1,5
北京,12月,玉东郊野公园,1,1,19
北京,12月,玉渊潭公园南门附近,1,1,21
北京,12月,玉渊潭公园樱花湖,1,1,1
北京,12月,王家窝铺(北京市密云区),1,1,2
北京,12月,玫瑰里公园,1,1,8
北京,12月,环球影城,1,1,1
北京,12月,甘棠大桥,1,1,11
北京,12月,甘棠桥南,1,1,13
北京,12月,白河城市森林公园,1,1,25
北京,12月,百度科技园,1,1,10
北京,12月,百望山森林公园-望乡亭,1,1,1
北京,12月,福泽樱暖,1,1,14
北京,12月,科创十七街,1,1,6
北京,12月,科育社区,1,1,3
北京,12月,红军庄,1,1,6
北京,12月,红军庄村,1,1,47
北京,12月,红领巾公园,1,1,8
北京,12月,绿堤公园,1,1,7
北京,12月,罗马湖公园,1,1,6
北京,12月,翠湖国家城市湿地公园,1,1,38
北京,12月,胡家村(北京市通州区),1,1,14
北京,12月,良乡大学城,1,1,2
北京,12月,花家地北京市园林绿化科学研究院(阜通东大街),1,1,18
北京,12月,荒地-门头沟(龙林路),1,1,5
北京,12月,萧太后河,1,1,18
北京,12月,西郊砂石坑,1,1,18
北京,12月,诺德花园西区,1,1,5
北京,12月,豐台區中央民族大學(豐臺校區),1,1,1
北京,12月,辛庄桥,1,1,19
北京,12月,通州区东郊森林湿地公园,1,1,12
北京,12月,通州区北京小海字健身训练营东南100米(张凤路东),1,1,22
北京,12月,通州区城市绿心森林公园(通怀路西200米),1,1,13
北京,12月,通州区张家湾镇齐善庄村,1,1,19
北京,12月,通州区温榆河滨河森林公园北区西(温榆河左堤路西),1,1,13
北京,12月,通惠河(新八里桥-八里桥市场),1,1,13
北京,12月,金台西路二号院,1,1,5
北京,12月,镇辽门东,1,1,1
北京,12月,镜河,1,1,11
北京,12月,门头沟区,1,1,6
北京,12月,门头沟沿河城,1,1,21
北京,12月,门头沟沿河城站,1,1,22
北京,12月,青年之家公寓,1,1,12
北京,12月,静心亭,1,1,18
北京,12月,顺义区东郊森林湿地公园,1,1,7
北京,12月,顺义区仁和公园,1,1,7
北京,12月,顺义区南彩镇彩丰社区,1,1,20
北京,12月,顺义区后沙峪镇沙子营闸,1,1,22
北京,12月,顺义区市民亲水垂钓区西100米(左堤路南),1,1,18
北京,12月,颐和园-西门,1,1,8
北京,12月,颐和园新建宫门至西门团城湖一线,1,1,16
北京,12月,颐和园西堤团城湖,1,1,20
北京,12月,颐园餐厅(农业大学西校区店),1,1,4
北京,12月,首都医科大学附属北京天坛医院教学部,1,1,1
北京,12月,首都师范大学附属回龙观育新学校,1,1,14
北京,12月,香山,1,1,17
北京,12月,香山公园,1,1,23
北京,12月,香山野山,1,1,24
北京,12月,马家湾湿地公园,1,1,5
北京,12月,马草河,1,1,1
北京,12月,马驹桥湿地公园-二期,1,1,24
北京,12月,高碑店朝阳区兴隆公园,1,1,9
北京,12月,麋鹿苑,1,1,14
北京,12月,麋鹿苑北京市大兴区,1,1,19
北京,12月,黑山寨村,1,1,10
北京,12月,黑陈路,1,1,1
北京,12月,龙山,1,1,9
北京,12月,龙潭中湖,1,1,11
北京,12月,龙潭公园,1,1,8
北京,12月,龙祥嘉园(北京市朝阳区清林东路1号),1,1,9
