reportId,serial_id,state,outside_count,taxoncount,start_time,end_time,userid,username,province_name,city_name,district_name,point_name,request_id,query_province,query_city,query_district,query_pointname,query_start,query_end,query_state,query_sort_by,query_order_by,fetched_page,fetched_at
4e633b72-27f1-4f88-b509-18cf680b67c8,2025030100178,2,0,10,2025-03-01 07:11,2025-03-01 08:51,57607,西石大绿源白鱀豚,陕西省,西安市,鄠邑区,西安石油大学(鄠邑校区),4e633b72-27f1-4f88-b509-18cf680b67c8,陕西,西安,,,2025-03-01,2026-03-01,2,serial_id,asc,1,2026-03-10T10:46:07+00:00
f4b7284b-5930-4b31-89b3-09a79b998abf,2025030100708,2,0,23,2025-03-01 12:00,2025-03-01 13:00,37139,千翼过山,陕西省,西安市,长安区,长安区樊川公园(潏河长堤南100米),f4b7284b-5930-4b31-89b3-09a79b998abf,陕西,西安,,,2025-03-01,2026-03-01,2,serial_id,asc,1,2026-03-10T10:46:07+00:00
604a4137-32f3-44fe-9f74-84ea400574d7,2025030100748,2,0,12,2025-03-01 12:00,2025-03-01 13:00,45951,回声,陕西省,西安市,长安区,长安区宏锋渔业东100米(终南大道北),604a4137-32f3-44fe-9f74-84ea400574d7,陕西,西安,,,2025-03-01,2026-03-01,2,serial_id,asc,1,2026-03-10T10:46:07+00:00
0036f3c7-015e-4a55-9224-b4b7681e3058,2025030100760,2,0,9,2025-03-01 12:00,2025-03-01 13:00,64996,gfds,陕西省,西安市,雁塔区,西安新植物园,0036f3c7-015e-4a55-9224-b4b7681e3058,陕西,西安,,,2025-03-01,2026-03-01,2,serial_id,asc,1,2026-03-10T10:46:07+00:00
700c2455-6c7e-4097-87c2-c5652e8257f1,2025030100915,2,0,1,2025-03-01 13:00,2025-03-01 14:00,65697,羽丶石,陕西省,西安市,灞桥区,西安泾渭湿地,700c2455-6c7e-4097-87c2-c5652e8257f1,陕西,西安,,,2025-03-01,2026-03-01,2,serial_id,asc,1,2026-03-10T10:46:07+00:00
7fe7b05c-cf06-4679-9045-5e500629d777,2025030101000,2,0,1,2025-03-01 14:00,2025-03-01 15:00,73337,thebird,陕西省,西安市,长安区,航天中湖公园,7fe7b05c-cf06-4679-9045-5e500629d777,陕西,西安,,,2025-03-01,2026-03-01,2,serial_id,asc,1,2026-03-10T10:46:07+00:00
8f60a5b0-0c46-47ac-9bfd-640b9531b403,2025030101049,2,0,10,2025-03-01 09:00,2025-03-01 11:26,66393,Dallcask,陕西省,西安市,鄠邑区,渼陂湖,8f60a5b0-0c46-47ac-9bfd-640b9531b403,陕西,西安,,,2025-03-01,2026-03-01,2,serial_id,asc,1,2026-03-10T10:46:07+00:00
a9db3809-13ad-4751-ab32-f73e262bc8ef,2025030101254,2,0,5,2025-03-01 16:00,2025-03-01 17:00,48839,在观鸟方面一直是新手的灰喜鹊,陕西省,西安市,长安区,香积古刹牌坊,a9db3809-13ad-4751-ab32-f73e262bc8ef,陕西,西安,,,2025-03-01,2026-03-01,2,serial_id,asc,1,2026-03-10T10:46:07+00:00
9f1e1265-b9fa-4a5a-b419-9bb5b5638365,2025030101352,2,0,21,2025-03-01 14:00,2025-03-01 16:30,54084,灌木雨叶,陕西省,西安市,长安区,圭峰寺,9f1e1265-b9fa-4a5a-b419-9bb5b5638365,陕西,西安,,,2025-03-01,2026-03-01,2,serial_id,asc,1,2026-03-10T10:46:07+00:00
59ea163c-66e7-4d38-81bd-25c5e328dc80,2025030101416,2,0,25,2025-03-01 14:00,2025-03-01 17:00,54797,yuyu114514,陕西省,西安市,长安区,圭峰寺,59ea163c-66e7-4d38-81bd-25c5e328dc80,陕西,西安,,,2025-03-01,2026-03-01,2,serial_id,asc,1,2026-03-10T10:46:07+00:00
e6dc0d84-540c-4b38-be85-72f35358ccd3,2025030101679,2,0,24,2025-03-01 14:00,2025-03-01 17:00,59451,小趴菜,陕西省,西安市,长安区,圭峰寺,e6dc0d84-540c-4b38-be85-72f35358ccd3,陕西,西安,,,2025-03-01,2026-03-01,2,serial_id,asc,1,2026-03-10T10:46:07+00:00
9088a0a3-17ef-4471-b3f3-e53d855bb947,2025030101899,2,0,13,2025-03-01 16:45,2025-03-01 18:30,9103,白马,陕西省,西安市,灞桥区,三河一山绿道-漕渠驿,9088a0a3-17ef-4471-b3f3-e53d855bb947,陕西,西安,,,2025-03-01,2026-03-01,2,serial_id,asc,1,2026-03-10T10:46:07+00:00
4d663c02-848a-4c89-93f0-1dc6bdb3b80d,2025030102106,2,0,40,2025-03-01 08:00,2025-03-01 12:30,30320,户外农夫,陕西省,西安市,蓝田县,蓝田县滨河东路(陈家坡),4d663c02-848a-4c89-93f0-1dc6bdb3b80d,陕西,西安,,,2025-03-01,2026-03-01,2,serial_id,asc,1,2026-03-10T10:46:07+00:00
d6544c85-a710-4cb0-927c-e3afc627dd3f,2025030102194,2,0,32,2025-03-01 13:30,2025-03-01 17:00,30320,户外农夫,陕西省,西安市,长安区,樊川公园,d6544c85-a710-4cb0-927c-e3afc627dd3f,陕西,西安,,,2025-03-01,2026-03-01,2,serial_id,asc,1,2026-03-10T10:46:07+00:00
068f9f07-9c52-4592-bed3-d5237ed7d5f8,2025030200237,2,0,13,2025-03-02 08:00,2025-03-02 09:00,40098,QQWZYTJH,陕西省,西安市,鄠邑区,栗峪口村,068f9f07-9c52-4592-bed3-d5237ed7d5f8,陕西,西安,,,2025-03-01,2026-03-01,2,serial_id,asc,1,2026-03-10T10:46:07+00:00
e53eccd2-2aa0-4f7a-a1c7-abb96e44c7dc,2025030200407,2,0,28,2025-03-02 08:00,2025-03-02 11:00,54797,yuyu114514,陕西省,西安市,长安区,圭峰寺,e53eccd2-2aa0-4f7a-a1c7-abb96e44c7dc,陕西,西安,,,2025-03-01,2026-03-01,2,serial_id,asc,1,2026-03-10T10:46:07+00:00
0d5bcd4e-37e8-47ab-b299-d9e4cd0c8867,2025030200425,2,0,7,2025-03-02 09:24,2025-03-02 10:52,57607,西石大绿源白鱀豚,陕西省,西安市,鄠邑区,西安石油大学(鄠邑校区),0d5bcd4e-37e8-47ab-b299-d9e4cd0c8867,陕西,西安,,,2025-03-01,2026-03-01,2,serial_id,asc,1,2026-03-10T10:46:07+00:00
1bf2168a-0c6f-46da-bcda-8101a149a9fd,2025030201626,2,0,18,2025-03-02 16:00,2025-03-02 17:00,74505,ppop,陕西省,西安市,长安区,樊川公园,1bf2168a-0c6f-46da-bcda-8101a149a9fd,陕西,西安,,,2025-03-01,2026-03-01,2,serial_id,asc,1,2026-03-10T10:46:07+00:00
121097ab-f3f0-461f-9fe0-cedda37a79ae,2025030202246,2,0,23,2025-03-02 14:00,2025-03-02 16:30,54797,yuyu114514,陕西省,西安市,长安区,樊川公园,121097ab-f3f0-461f-9fe0-cedda37a79ae,陕西,西安,,,2025-03-01,2026-03-01,2,serial_id,asc,1,2026-03-10T10:46:07+00:00
df2b6041-d0ff-474d-95df-e9356d6fcef2,2025030300142,2,0,28,2025-03-02 08:00,2025-03-02 11:00,59451,小趴菜,陕西省,西安市,长安区,圭峰寺,df2b6041-d0ff-474d-95df-e9356d6fcef2,陕西,西安,,,2025-03-01,2026-03-01,2,serial_id,asc,1,2026-03-10T10:46:07+00:00
f256e731-cee7-4713-b88b-0bf165c917f8,2025030300144,2,0,23,2025-03-02 14:00,2025-03-02 16:30,59451,小趴菜,陕西省,西安市,长安区,樊川公园,f256e731-cee7-4713-b88b-0bf165c917f8,陕西,西安,,,2025-03-01,2026-03-01,2,serial_id,asc,1,2026-03-10T10:46:07+00:00
7dd5405e-8e09-430a-a685-49684a831c63,2025030300325,2,0,4,2025-03-03 09:33,2025-03-03 11:33,73554,白鹡鸰早起去观鸟,陕西省,西安市,碑林区,西安理工大学(金花校区),7dd5405e-8e09-430a-a685-49684a831c63,陕西,西安,,,2025-03-01,2026-03-01,2,serial_id,asc,1,2026-03-10T10:46:07+00:00
fbc727a2-783c-4504-bf8c-eb1ceb8e1a4c,2025030300635,2,0,1,2025-03-03 15:00,2025-03-03 16:00,72757,Fantasime,陕西省,西安市,长安区,西北大学(长安校区),fbc727a2-783c-4504-bf8c-eb1ceb8e1a4c,陕西,西安,,,2025-03-01,2026-03-01,2,serial_id,asc,1,2026-03-10T10:46:07+00:00
b3612923-e4b2-4e03-ae7e-018b5d1a44ff,2025030300956,2,0,14,2025-03-03 16:40,2025-03-03 18:05,29239,Androsace,陕西省,西安市,雁塔区,大唐不夜城唐大慈恩寺遗址公园,b3612923-e4b2-4e03-ae7e-018b5d1a44ff,陕西,西安,,,2025-03-01,2026-03-01,2,serial_id,asc,1,2026-03-10T10:46:07+00:00
ff0581b3-9184-4f80-95be-732a9807f8e2,2025030400299,2,0,33,2025-03-04 11:00,2025-03-04 12:00,22366,688chxiuq,陕西省,西安市,未央区,未央区天玑湖西北200米(河堤路北),ff0581b3-9184-4f80-95be-732a9807f8e2,陕西,西安,,,2025-03-01,2026-03-01,2,serial_id,asc,1,2026-03-10T10:46:07+00:00
7e68ecae-e051-48ed-93c9-33b434e7ab12,2025030400650,2,0,3,2025-03-04 16:00,2025-03-04 17:00,73554,白鹡鸰早起去观鸟,陕西省,西安市,碑林区,西安理工大学(金花校区),7e68ecae-e051-48ed-93c9-33b434e7ab12,陕西,西安,,,2025-03-01,2026-03-01,2,serial_id,asc,1,2026-03-10T10:46:07+00:00
9c9662b5-d1b5-40c8-bea3-29d3db2d1b8e,2025030400762,2,0,13,2025-03-04 14:30,2025-03-04 18:00,77913,栀子花露水,陕西省,西安市,碑林区,兴庆宫公园,9c9662b5-d1b5-40c8-bea3-29d3db2d1b8e,陕西,西安,,,2025-03-01,2026-03-01,2,serial_id,asc,1,2026-03-10T10:46:07+00:00
6d036823-db73-42b5-85cc-09bf30d6d342,2025030400788,2,0,22,2025-03-04 11:30,2025-03-04 13:30,29239,Androsace,陕西省,西安市,雁塔区,曲江池遗址公园,6d036823-db73-42b5-85cc-09bf30d6d342,陕西,西安,,,2025-03-01,2026-03-01,2,serial_id,asc,1,2026-03-10T10:46:07+00:00
5365a481-9619-4023-84e4-10fe35591818,2025030400899,2,0,15,2025-03-04 19:00,2025-03-04 20:00,74505,ppop,陕西省,西安市,碑林区,兴庆宫公园,5365a481-9619-4023-84e4-10fe35591818,陕西,西安,,,2025-03-01,2026-03-01,2,serial_id,asc,1,2026-03-10T10:46:07+00:00
d52e09b6-2a96-4e9e-9867-a009dbe6fae0,2025030401050,2,0,14,2025-03-04 22:00,2025-03-04 23:00,78369,无功受鹭,陕西省,西安市,碑林区,兴庆公园,d52e09b6-2a96-4e9e-9867-a009dbe6fae0,陕西,西安,,,2025-03-01,2026-03-01,2,serial_id,asc,1,2026-03-10T10:46:07+00:00
b0c769fa-9be9-441b-ba46-4698ab886fa2,2025030401059,2,0,12,2025-03-02 16:20,2025-03-02 17:05,54636,鹊影,陕西省,西安市,莲湖区,丰庆公园,b0c769fa-9be9-441b-ba46-4698ab886fa2,陕西,西安,,,2025-03-01,2026-03-01,2,serial_id,asc,1,2026-03-10T10:46:07+00:00
e3eeec12-ee9e-4d34-93fa-167501060afd,2025030500073,2,0,13,2025-03-02 08:00,2025-03-02 11:00,66398,香香鸡贴贴,陕西省,西安市,长安区,圭峰寺,e3eeec12-ee9e-4d34-93fa-167501060afd,陕西,西安,,,2025-03-01,2026-03-01,2,serial_id,asc,1,2026-03-10T10:46:07+00:00
fe9c7cda-1e79-4c9d-8784-936c9a340cb3,2025030500075,2,0,11,2025-03-05 08:00,2025-03-05 09:00,66398,香香鸡贴贴,陕西省,西安市,长安区,祥峪森林公园,fe9c7cda-1e79-4c9d-8784-936c9a340cb3,陕西,西安,,,2025-03-01,2026-03-01,2,serial_id,asc,1,2026-03-10T10:46:07+00:00
ef5e331d-878e-474f-8231-1df4493c126a,2025030500808,2,0,6,2025-03-05 18:00,2025-03-05 18:30,53920,Ouzel,陕西省,西安市,碑林区,西安交通大学兴庆校区,ef5e331d-878e-474f-8231-1df4493c126a,陕西,西安,,,2025-03-01,2026-03-01,2,serial_id,asc,1,2026-03-10T10:46:07+00:00
80ce539f-48f1-4c88-a84f-f3817a2baf16,2025030600113,2,0,4,2025-03-06 09:00,2025-03-06 10:00,57847,乐仙蜻蜓,陕西省,西安市,鄠邑区,西安石油大学(鄠邑校区),80ce539f-48f1-4c88-a84f-f3817a2baf16,陕西,西安,,,2025-03-01,2026-03-01,2,serial_id,asc,1,2026-03-10T10:46:07+00:00
35518bf3-d82d-46fa-8df2-8325c4d84d82,2025030600316,2,0,14,2025-03-06 12:00,2025-03-06 13:00,3975,稷朝,陕西省,西安市,未央区,天玑湖,35518bf3-d82d-46fa-8df2-8325c4d84d82,陕西,西安,,,2025-03-01,2026-03-01,2,serial_id,asc,1,2026-03-10T10:46:07+00:00
c1310c8b-40a3-44f2-9785-4efdb4c58b91,2025030600625,2,0,1,2025-03-05 18:30,2025-03-05 18:35,76693,yjyyjy,陕西省,西安市,雁塔区,华为西安研究所,c1310c8b-40a3-44f2-9785-4efdb4c58b91,陕西,西安,,,2025-03-01,2026-03-01,2,serial_id,asc,1,2026-03-10T10:46:07+00:00
06f1538b-7bc9-4be7-89c0-98f22330c162,2025030700186,2,0,9,2025-03-02 08:00,2025-03-02 10:00,57607,西石大绿源白鱀豚,陕西省,西安市,鄠邑区,西安石油大学(鄠邑校区),06f1538b-7bc9-4be7-89c0-98f22330c162,陕西,西安,,,2025-03-01,2026-03-01,2,serial_id,asc,1,2026-03-10T10:46:07+00:00
2ea57a07-30c8-4aa4-9024-eeaf6ee81e8c,2025030700631,2,0,8,2025-03-07 14:00,2025-03-07 15:00,69405,唯有画墨不似朝露,陕西省,西安市,临潼区,西安工程大学(临潼校区),2ea57a07-30c8-4aa4-9024-eeaf6ee81e8c,陕西,西安,,,2025-03-01,2026-03-01,2,serial_id,asc,1,2026-03-10T10:46:07+00:00
698f0df7-efae-461c-8e16-f7babba2e899,2025030700856,2,0,28,2025-03-07 13:00,2025-03-07 16:00,74505,ppop,陕西省,西安市,未央区,浐灞国家湿地公园,698f0df7-efae-461c-8e16-f7babba2e899,陕西,西安,,,2025-03-01,2026-03-01,2,serial_id,asc,1,2026-03-10T10:46:07+00:00
e3edeaad-a472-40a4-9096-abfaedc4e76b,2025030700869,2,0,15,2025-03-07 16:00,2025-03-07 18:00,53920,Ouzel,陕西省,西安市,碑林区,西安交通大学兴庆校区,e3edeaad-a472-40a4-9096-abfaedc4e76b,陕西,西安,,,2025-03-01,2026-03-01,2,serial_id,asc,1,2026-03-10T10:46:07+00:00
dee686b9-12a9-4bb9-bb56-1ac7eb9c284a,2025030700913,2,0,8,2025-03-07 10:38,2025-03-07 11:30,78662,绿翅旋壁雀,陕西省,西安市,灞桥区,灞柳西路B坝广场,dee686b9-12a9-4bb9-bb56-1ac7eb9c284a,陕西,西安,,,2025-03-01,2026-03-01,2,serial_id,asc,1,2026-03-10T10:46:07+00:00
673dd66d-8677-41b5-86cb-079085f65a25,2025030700992,2,0,6,2025-03-07 18:00,2025-03-07 19:00,59862,银杏1,陕西省,西安市,长安区,高冠峪,673dd66d-8677-41b5-86cb-079085f65a25,陕西,西安,,,2025-03-01,2026-03-01,2,serial_id,asc,1,2026-03-10T10:46:07+00:00
d1bf37ee-c5e3-4048-9eab-b89d2063125a,2025030701373,2,0,4,2025-03-02 09:27,2025-03-02 13:26,76693,yjyyjy,陕西省,西安市,长安区,樊川公园,d1bf37ee-c5e3-4048-9eab-b89d2063125a,陕西,西安,,,2025-03-01,2026-03-01,2,serial_id,asc,1,2026-03-10T10:46:07+00:00
b1815622-ea06-4575-91ad-10f17b9a6cf2,2025030800160,2,0,16,2025-03-08 08:00,2025-03-08 09:00,45951,回声,陕西省,西安市,长安区,长安区东大街道圭峰山,b1815622-ea06-4575-91ad-10f17b9a6cf2,陕西,西安,,,2025-03-01,2026-03-01,2,serial_id,asc,1,2026-03-10T10:46:07+00:00
554b6826-0e73-43a9-8c00-29f70d332efc,2025030800391,2,0,6,2025-03-08 07:00,2025-03-08 08:00,53920,Ouzel,陕西省,西安市,碑林区,西安交通大学兴庆校区,554b6826-0e73-43a9-8c00-29f70d332efc,陕西,西安,,,2025-03-01,2026-03-01,2,serial_id,asc,1,2026-03-10T10:46:07+00:00
95732701-8366-45f0-90fb-c23b36e619c9,2025030800464,2,0,7,2025-03-08 10:00,2025-03-08 11:00,72375,夏晓曦,陕西省,西安市,雁塔区,唐城墙遗址公园,95732701-8366-45f0-90fb-c23b36e619c9,陕西,西安,,,2025-03-01,2026-03-01,2,serial_id,asc,1,2026-03-10T10:46:07+00:00
dcf3a284-c414-42c6-b35e-8f516663331f,2025030800923,2,0,27,2025-03-08 08:14,2025-03-08 12:14,24763,周隹号鸟,陕西省,西安市,长安区,圭峰寺-高冠峪,dcf3a284-c414-42c6-b35e-8f516663331f,陕西,西安,,,2025-03-01,2026-03-01,2,serial_id,asc,1,2026-03-10T10:46:07+00:00
71f597d0-4d79-4559-a25c-a00337cc75ec,2025030801137,2,0,8,2025-03-08 13:00,2025-03-08 14:00,73337,thebird,陕西省,西安市,长安区,樊川公园,71f597d0-4d79-4559-a25c-a00337cc75ec,陕西,西安,,,2025-03-01,2026-03-01,2,serial_id,asc,1,2026-03-10T10:46:07+00:00
6108ba44-2177-481f-b6da-101dec0c4be3,2025030801282,2,0,11,2025-03-08 14:00,2025-03-08 15:00,22345,山丘,陕西省,西安市,长安区,长安区杨庄街道汪庄村,6108ba44-2177-481f-b6da-101dec0c4be3,陕西,西安,,,2025-03-01,2026-03-01,2,serial_id,asc,1,2026-03-10T10:46:07+00:00
de924257-2a2c-40ba-bdd8-a162192fd35a,2025030801349,2,0,11,2025-03-08 14:00,2025-03-08 15:00,22366,688chxiuq,陕西省,西安市,长安区,长安区杨庄街道汪庄村,de924257-2a2c-40ba-bdd8-a162192fd35a,陕西,西安,,,2025-03-01,2026-03-01,2,serial_id,asc,2,2026-03-10T10:46:10+00:00
26e2bc7c-9e87-47ab-a538-d5028c584770,2025030802390,2,0,22,2025-03-01 12:15,2025-03-01 14:30,48901,dawngloam,陕西省,西安市,未央区,正阳大桥交渭河东南侧沿岸,26e2bc7c-9e87-47ab-a538-d5028c584770,陕西,西安,,,2025-03-01,2026-03-01,2,serial_id,asc,2,2026-03-10T10:46:10+00:00
07673c2e-0998-418c-bd8b-265c8a71c83c,2025030802399,2,0,22,2025-03-01 12:30,2025-03-01 14:30,48901,dawngloam,陕西省,西安市,未央区,正阳大桥交渭河东南侧沿岸,07673c2e-0998-418c-bd8b-265c8a71c83c,陕西,西安,,,2025-03-01,2026-03-01,2,serial_id,asc,2,2026-03-10T10:46:10+00:00
c70dcddb-785b-41a0-bc53-6876e9f6955c,2025030802707,2,0,22,2025-03-02 11:00,2025-03-02 16:00,12692,maixiangliulian,陕西省,西安市,鄠邑区,涝河,c70dcddb-785b-41a0-bc53-6876e9f6955c,陕西,西安,,,2025-03-01,2026-03-01,2,serial_id,asc,2,2026-03-10T10:46:10+00:00
bdabf707-54b2-41ba-bef4-3d0917769b71,2025030802727,2,0,54,2025-03-08 08:00,2025-03-08 18:30,30320,户外农夫,陕西省,西安市,阎良区,西安市阎良石川河,bdabf707-54b2-41ba-bef4-3d0917769b71,陕西,西安,,,2025-03-01,2026-03-01,2,serial_id,asc,2,2026-03-10T10:46:10+00:00
5687fc5d-965a-4031-ada9-953e5cc713b8,2025030900022,2,0,3,2025-03-09 00:00,2025-03-09 01:00,72671,虫子904570607,陕西省,西安市,碑林区,陕西青年职业学院(含光校区),5687fc5d-965a-4031-ada9-953e5cc713b8,陕西,西安,,,2025-03-01,2026-03-01,2,serial_id,asc,2,2026-03-10T10:46:10+00:00
23dff0b3-a70e-4f45-ad14-c5c61f8dafef,2025030900033,2,0,25,2025-03-08 02:00,2025-03-08 05:30,54636,鹊影,陕西省,西安市,灞桥区,灞渭桥车游湿地公园,23dff0b3-a70e-4f45-ad14-c5c61f8dafef,陕西,西安,,,2025-03-01,2026-03-01,2,serial_id,asc,2,2026-03-10T10:46:10+00:00
31571bb1-85a3-4c5e-9c1c-59ffb880eccd,2025030901119,2,0,44,2025-03-09 08:30,2025-03-09 12:00,64143,带好人,陕西省,西安市,周至县,杨凌渭河湿地生态公园,31571bb1-85a3-4c5e-9c1c-59ffb880eccd,陕西,西安,,,2025-03-01,2026-03-01,2,serial_id,asc,2,2026-03-10T10:46:10+00:00
98b5160a-d466-4453-8eb6-cc489e7caa8c,2025030901188,2,0,44,2025-03-09 08:30,2025-03-09 12:00,68490,夜游水母,陕西省,西安市,周至县,杨凌渭河湿地生态公园,98b5160a-d466-4453-8eb6-cc489e7caa8c,陕西,西安,,,2025-03-01,2026-03-01,2,serial_id,asc,2,2026-03-10T10:46:10+00:00
60c0d2bc-e965-4543-bbd5-fa65cd81ef49,2025030901345,2,0,26,2025-03-09 08:30,2025-03-09 13:00,53920,Ouzel,陕西省,西安市,长安区,圭峰寺-高冠峪,60c0d2bc-e965-4543-bbd5-fa65cd81ef49,陕西,西安,,,2025-03-01,2026-03-01,2,serial_id,asc,2,2026-03-10T10:46:10+00:00
2f17e5f9-3d4e-427a-86a2-a0c6bce3c451,2025030901391,2,0,6,2025-03-08 10:00,2025-03-08 12:00,74505,ppop,陕西省,西安市,新城区,大明宫国家遗址公园,2f17e5f9-3d4e-427a-86a2-a0c6bce3c451,陕西,西安,,,2025-03-01,2026-03-01,2,serial_id,asc,2,2026-03-10T10:46:10+00:00
9e87c2fa-c85e-4f32-bede-a0cf38ff3a34,2025030902558,2,0,29,2025-03-09 11:00,2025-03-09 16:00,30320,户外农夫,陕西省,西安市,长安区,长安区圭峰寺,9e87c2fa-c85e-4f32-bede-a0cf38ff3a34,陕西,西安,,,2025-03-01,2026-03-01,2,serial_id,asc,2,2026-03-10T10:46:10+00:00
fc50837f-8c0a-43b8-9bbe-8f005276fa82,2025030902873,2,0,45,2025-03-09 08:30,2025-03-09 12:00,65697,羽丶石,陕西省,西安市,周至县,杨凌渭河湿地生态公园,fc50837f-8c0a-43b8-9bbe-8f005276fa82,陕西,西安,,,2025-03-01,2026-03-01,2,serial_id,asc,2,2026-03-10T10:46:10+00:00
a349f8e5-2de7-4555-a70c-1fb3ad516080,2025030902992,2,0,15,2025-03-09 23:00,2025-03-10 00:00,79088,冷静的小鸟,陕西省,西安市,长安区,樊川公园,a349f8e5-2de7-4555-a70c-1fb3ad516080,陕西,西安,,,2025-03-01,2026-03-01,2,serial_id,asc,2,2026-03-10T10:46:10+00:00
f028769c-40ca-4f53-853d-da125d461aee,2025031000030,2,0,9,2025-03-09 23:00,2025-03-10 00:00,72671,虫子904570607,陕西省,西安市,雁塔区,西安大慈恩寺景区,f028769c-40ca-4f53-853d-da125d461aee,陕西,西安,,,2025-03-01,2026-03-01,2,serial_id,asc,2,2026-03-10T10:46:10+00:00
76e62d25-eacc-4247-88c5-10e5660e3a09,2025031000043,2,0,5,2025-03-10 00:00,2025-03-10 01:00,76693,yjyyjy,陕西省,西安市,长安区,樊川公园,76e62d25-eacc-4247-88c5-10e5660e3a09,陕西,西安,,,2025-03-01,2026-03-01,2,serial_id,asc,2,2026-03-10T10:46:10+00:00
fc26b5cb-63ef-46a3-8c45-556b85d5c67b,2025031000995,2,0,12,2025-03-10 16:00,2025-03-10 17:00,74505,ppop,陕西省,西安市,未央区,汉城湖旅游景区,fc26b5cb-63ef-46a3-8c45-556b85d5c67b,陕西,西安,,,2025-03-01,2026-03-01,2,serial_id,asc,2,2026-03-10T10:46:10+00:00
7b759302-bbab-49bf-9ec2-56a06f557405,2025031001016,2,0,5,2025-03-10 16:00,2025-03-10 17:00,74505,ppop,陕西省,西安市,灞桥区,灞柳西路B坝广场,7b759302-bbab-49bf-9ec2-56a06f557405,陕西,西安,,,2025-03-01,2026-03-01,2,serial_id,asc,2,2026-03-10T10:46:10+00:00
09d2481d-7313-4986-8961-b81ae91a0cbf,2025031001080,2,0,9,2025-03-10 16:00,2025-03-10 17:00,74505,ppop,陕西省,西安市,高陵区,灞渭桥车游湿地,09d2481d-7313-4986-8961-b81ae91a0cbf,陕西,西安,,,2025-03-01,2026-03-01,2,serial_id,asc,2,2026-03-10T10:46:10+00:00
5d159aa7-3fb3-4e4e-817a-38f75b52129f,2025031001269,2,0,34,2025-03-10 16:06,2025-03-10 17:30,49931,丝光崔崔,陕西省,西安市,鄠邑区,鄠邑区涝峪河东南100米(京昆高速北),5d159aa7-3fb3-4e4e-817a-38f75b52129f,陕西,西安,,,2025-03-01,2026-03-01,2,serial_id,asc,2,2026-03-10T10:46:10+00:00
aa8761d4-44bb-4a06-9063-904928db5a52,2025031100160,2,0,12,2025-03-11 07:30,2025-03-11 08:30,53920,Ouzel,陕西省,西安市,碑林区,西安交通大学兴庆校区,aa8761d4-44bb-4a06-9063-904928db5a52,陕西,西安,,,2025-03-01,2026-03-01,2,serial_id,asc,2,2026-03-10T10:46:10+00:00
8193b70e-249a-4160-bc9e-13ccbf2a6b76,2025031100247,2,0,2,2025-03-11 10:00,2025-03-11 11:00,78369,无功受鹭,陕西省,西安市,莲湖区,丰庆公园,8193b70e-249a-4160-bc9e-13ccbf2a6b76,陕西,西安,,,2025-03-01,2026-03-01,2,serial_id,asc,2,2026-03-10T10:46:10+00:00
9f80e6de-beea-455e-9319-0223df37704f,2025031100493,2,0,13,2025-03-09 10:05,2025-03-09 15:06,72513,逸风,陕西省,西安市,长安区,长安区翠华山国家地质公园,9f80e6de-beea-455e-9319-0223df37704f,陕西,西安,,,2025-03-01,2026-03-01,2,serial_id,asc,2,2026-03-10T10:46:10+00:00
9f526b09-005e-40d5-9195-520aa4c10c47,2025031100499,2,0,16,2025-03-09 11:00,2025-03-09 16:00,12692,maixiangliulian,陕西省,西安市,鄠邑区,化羊峪东山,9f526b09-005e-40d5-9195-520aa4c10c47,陕西,西安,,,2025-03-01,2026-03-01,2,serial_id,asc,2,2026-03-10T10:46:10+00:00
c9862ace-e107-46df-bd50-7973557fb6e6,2025031200030,2,0,6,2025-03-09 10:05,2025-03-09 13:29,79323,izilzty,陕西省,西安市,长安区,长安公园,c9862ace-e107-46df-bd50-7973557fb6e6,陕西,西安,,,2025-03-01,2026-03-01,2,serial_id,asc,2,2026-03-10T10:46:10+00:00
6aac8a8a-9ad3-4a5e-ab6b-b8f8dc10607f,2025031200356,2,0,17,2025-03-12 12:00,2025-03-12 14:30,30287,Julian,陕西省,西安市,长安区,长安区樊川公园,6aac8a8a-9ad3-4a5e-ab6b-b8f8dc10607f,陕西,西安,,,2025-03-01,2026-03-01,2,serial_id,asc,2,2026-03-10T10:46:10+00:00
5b18bde4-eeb6-42e9-8a84-1fbae01ada96,2025031200768,2,0,4,2025-03-12 17:00,2025-03-12 18:00,79367,PeterLi,陕西省,西安市,碑林区,西安理工大学(金花校区),5b18bde4-eeb6-42e9-8a84-1fbae01ada96,陕西,西安,,,2025-03-01,2026-03-01,2,serial_id,asc,2,2026-03-10T10:46:10+00:00
aa7ef25a-4ea0-435b-949a-b61d76659d25,2025031200844,2,0,10,2025-03-12 17:00,2025-03-12 18:00,53920,Ouzel,陕西省,西安市,碑林区,西安交通大学兴庆校区,aa7ef25a-4ea0-435b-949a-b61d76659d25,陕西,西安,,,2025-03-01,2026-03-01,2,serial_id,asc,2,2026-03-10T10:46:10+00:00
7c20df11-3e35-464d-bdc7-a151a57e766d,2025031300004,2,0,53,2025-03-12 08:00,2025-03-12 09:00,49931,丝光崔崔,陕西省,西安市,鄠邑区,西安渼陂湖水系生态文化区,7c20df11-3e35-464d-bdc7-a151a57e766d,陕西,西安,,,2025-03-01,2026-03-01,2,serial_id,asc,2,2026-03-10T10:46:10+00:00
d2088034-f103-4d38-a56c-bd78efe850f5,2025031300331,2,0,12,2025-03-13 10:00,2025-03-13 12:30,30287,Julian,陕西省,西安市,长安区,圭峰寺-高冠峪,d2088034-f103-4d38-a56c-bd78efe850f5,陕西,西安,,,2025-03-01,2026-03-01,2,serial_id,asc,2,2026-03-10T10:46:10+00:00
33492553-053f-4ce0-a74e-3141f4778b76,2025031300394,2,0,9,2025-03-13 12:00,2025-03-13 13:00,74505,ppop,陕西省,西安市,长安区,樊川公园,33492553-053f-4ce0-a74e-3141f4778b76,陕西,西安,,,2025-03-01,2026-03-01,2,serial_id,asc,2,2026-03-10T10:46:10+00:00
c4fd252f-7aaa-4c8b-8be9-4b6f29501869,2025031300457,2,0,10,2025-03-13 13:00,2025-03-13 14:00,73554,白鹡鸰早起去观鸟,陕西省,西安市,碑林区,西安理工大学(金花校区),c4fd252f-7aaa-4c8b-8be9-4b6f29501869,陕西,西安,,,2025-03-01,2026-03-01,2,serial_id,asc,2,2026-03-10T10:46:10+00:00
aca7a0c2-98d9-43a5-95fc-56bc1fec3dc7,2025031300643,2,0,8,2025-03-13 16:00,2025-03-13 17:00,69634,伊羊肉卷,陕西省,西安市,鄠邑区,涝渭湿地公园,aca7a0c2-98d9-43a5-95fc-56bc1fec3dc7,陕西,西安,,,2025-03-01,2026-03-01,2,serial_id,asc,2,2026-03-10T10:46:10+00:00
7ab69618-c311-45c0-8724-b555f436ca74,2025031300779,2,0,13,2025-03-13 17:00,2025-03-13 18:00,45951,回声,陕西省,西安市,长安区,樊川公园,7ab69618-c311-45c0-8724-b555f436ca74,陕西,西安,,,2025-03-01,2026-03-01,2,serial_id,asc,2,2026-03-10T10:46:10+00:00
7dfdf95a-450a-4769-9684-8f1906e66706,2025031300847,2,0,1,2025-03-13 18:00,2025-03-13 19:00,53920,Ouzel,陕西省,西安市,碑林区,西安交通大学兴庆校区,7dfdf95a-450a-4769-9684-8f1906e66706,陕西,西安,,,2025-03-01,2026-03-01,2,serial_id,asc,2,2026-03-10T10:46:10+00:00
f048699b-d5e6-4983-9e0c-9a829e1a2fff,2025031301007,2,0,6,2025-03-13 13:00,2025-03-13 17:30,78159,sxirius,陕西省,西安市,长安区,长安区樊川公园,f048699b-d5e6-4983-9e0c-9a829e1a2fff,陕西,西安,,,2025-03-01,2026-03-01,2,serial_id,asc,2,2026-03-10T10:46:10+00:00
3aaf47bb-ac61-4c15-98ea-f353a17cb0fd,2025031301023,2,0,30,2025-03-13 18:00,2025-03-13 19:00,30320,户外农夫,陕西省,西安市,阎良区,西安市阎良石川河,3aaf47bb-ac61-4c15-98ea-f353a17cb0fd,陕西,西安,,,2025-03-01,2026-03-01,2,serial_id,asc,2,2026-03-10T10:46:10+00:00
f78e91bb-5a34-4b42-8530-7fff59f64061,2025031400889,2,0,13,2025-03-14 14:08,2025-03-14 16:53,22366,688chxiuq,陕西省,西安市,碑林区,兴庆宫公园,f78e91bb-5a34-4b42-8530-7fff59f64061,陕西,西安,,,2025-03-01,2026-03-01,2,serial_id,asc,2,2026-03-10T10:46:10+00:00
c38ef443-eeb1-4984-8559-40e9674fd38f,2025031500010,2,0,9,2025-03-15 00:00,2025-03-15 01:00,75204,雪子哥,陕西省,西安市,长安区,樊川公园,c38ef443-eeb1-4984-8559-40e9674fd38f,陕西,西安,,,2025-03-01,2026-03-01,2,serial_id,asc,2,2026-03-10T10:46:10+00:00
3aa8bd4c-586c-4ce4-91fc-f7b7d4e50763,2025031500726,2,0,2,2025-03-15 13:00,2025-03-15 14:00,22345,山丘,陕西省,西安市,长安区,长安区杜曲街道瓜洲村,3aa8bd4c-586c-4ce4-91fc-f7b7d4e50763,陕西,西安,,,2025-03-01,2026-03-01,2,serial_id,asc,2,2026-03-10T10:46:10+00:00
a4bc3946-cd40-4a35-87e5-fb0a724cb294,2025031500729,2,0,11,2025-03-15 14:00,2025-03-15 15:00,22366,688chxiuq,陕西省,西安市,长安区,长安区杜曲街道瓜洲村,a4bc3946-cd40-4a35-87e5-fb0a724cb294,陕西,西安,,,2025-03-01,2026-03-01,2,serial_id,asc,2,2026-03-10T10:46:10+00:00
23ff7438-5da4-4557-bbc4-cba3539ce135,2025031500943,2,0,7,2025-03-15 16:00,2025-03-15 17:00,45951,回声,陕西省,西安市,新城区,新城区革命公园(尚德路西),23ff7438-5da4-4557-bbc4-cba3539ce135,陕西,西安,,,2025-03-01,2026-03-01,2,serial_id,asc,2,2026-03-10T10:46:10+00:00
c3ed9d8a-cac4-4495-929b-f9374ad387fd,2025031501065,2,0,35,2025-03-15 11:00,2025-03-15 12:00,49931,丝光崔崔,陕西省,西安市,周至县,杨凌渭河湿地生态公园,c3ed9d8a-cac4-4495-929b-f9374ad387fd,陕西,西安,,,2025-03-01,2026-03-01,2,serial_id,asc,2,2026-03-10T10:46:10+00:00
1ccdd4fb-6066-44f3-8d95-49ec415f3b9f,2025031501227,2,0,6,2025-03-15 18:00,2025-03-15 19:00,73337,thebird,陕西省,西安市,长安区,樊川公园,1ccdd4fb-6066-44f3-8d95-49ec415f3b9f,陕西,西安,,,2025-03-01,2026-03-01,2,serial_id,asc,2,2026-03-10T10:46:10+00:00
b21b1855-ff3c-4eac-86e0-41b190ebc370,2025031501246,2,0,1,2025-03-15 18:00,2025-03-15 19:00,73337,thebird,陕西省,西安市,长安区,樊川公园,b21b1855-ff3c-4eac-86e0-41b190ebc370,陕西,西安,,,2025-03-01,2026-03-01,2,serial_id,asc,2,2026-03-10T10:46:10+00:00
e8f02ce1-c198-468c-8472-3c2253778f65,2025031501247,2,0,1,2025-03-15 18:00,2025-03-15 19:00,73337,thebird,陕西省,西安市,长安区,樊川公园,e8f02ce1-c198-468c-8472-3c2253778f65,陕西,西安,,,2025-03-01,2026-03-01,2,serial_id,asc,2,2026-03-10T10:46:10+00:00
fd5fd2e0-fa63-4f60-82ad-15e259b26909,2025031501420,2,0,1,2025-03-15 14:30,2025-03-15 17:40,61980,bb张嘴就是要舌吻,陕西省,西安市,周至县,杨凌渭河湿地生态公园,fd5fd2e0-fa63-4f60-82ad-15e259b26909,陕西,西安,,,2025-03-01,2026-03-01,2,serial_id,asc,2,2026-03-10T10:46:10+00:00
38d3607a-c2de-4777-90e7-fc4e524a6cfb,2025031501565,2,0,14,2025-03-14 12:07,2025-03-14 16:07,33320,bluescv,陕西省,西安市,临潼区,秦始皇帝陵,38d3607a-c2de-4777-90e7-fc4e524a6cfb,陕西,西安,,,2025-03-01,2026-03-01,2,serial_id,asc,2,2026-03-10T10:46:10+00:00
ed58d44d-4a59-4ba8-82cb-ddfb6daacc0d,2025031600153,2,0,6,2025-03-16 07:00,2025-03-16 08:00,22384,牧马人,陕西省,西安市,新城区,大明宫国家遗址公园,ed58d44d-4a59-4ba8-82cb-ddfb6daacc0d,陕西,西安,,,2025-03-01,2026-03-01,2,serial_id,asc,2,2026-03-10T10:46:10+00:00
3c842a26-3b0b-4828-9d4b-a94469fcfdf4,2025031600918,2,0,11,2025-03-16 11:00,2025-03-16 12:00,57847,乐仙蜻蜓,陕西省,西安市,鄠邑区,西安石油大学(鄠邑校区),3c842a26-3b0b-4828-9d4b-a94469fcfdf4,陕西,西安,,,2025-03-01,2026-03-01,2,serial_id,asc,2,2026-03-10T10:46:10+00:00
409bc768-88d7-43e1-a792-82c0b76adb65,2025031601092,2,0,6,2025-03-16 14:00,2025-03-16 15:00,57847,乐仙蜻蜓,陕西省,西安市,鄠邑区,潭滨公园,409bc768-88d7-43e1-a792-82c0b76adb65,陕西,西安,,,2025-03-01,2026-03-01,2,serial_id,asc,3,2026-03-10T10:46:57+00:00
f2710a5a-09d9-425c-9ae0-25505ee013d7,2025031601566,2,0,4,2025-03-16 16:00,2025-03-16 17:00,63026,gallups,陕西省,西安市,长安区,樊川公园,f2710a5a-09d9-425c-9ae0-25505ee013d7,陕西,西安,,,2025-03-01,2026-03-01,2,serial_id,asc,3,2026-03-10T10:46:57+00:00
d4322baf-0e17-4df9-ad47-607669e77626,2025031601743,2,0,15,2025-03-16 12:46,2025-03-16 14:46,59244,选择困难症,陕西省,西安市,长安区,祥峪森林公园,d4322baf-0e17-4df9-ad47-607669e77626,陕西,西安,,,2025-03-01,2026-03-01,2,serial_id,asc,3,2026-03-10T10:46:57+00:00
b221f733-7392-41cc-8439-dfb9cab33235,2025031601897,2,0,13,2025-03-16 14:28,2025-03-16 16:28,71262,Wenjun,陕西省,西安市,长安区,樊川公园,b221f733-7392-41cc-8439-dfb9cab33235,陕西,西安,,,2025-03-01,2026-03-01,2,serial_id,asc,3,2026-03-10T10:46:57+00:00
b8ddb32d-97b5-4df7-a6e2-551b54e1f1b3,2025031602214,2,0,43,2025-03-15 09:00,2025-03-15 11:40,30320,户外农夫,陕西省,西安市,阎良区,西安市阎良石川河,b8ddb32d-97b5-4df7-a6e2-551b54e1f1b3,陕西,西安,,,2025-03-01,2026-03-01,2,serial_id,asc,3,2026-03-10T10:46:57+00:00
bb86cab8-cd22-42bd-a996-246d106c8b63,2025031700845,2,0,5,2025-03-17 16:00,2025-03-17 17:00,53039,一只青爷,陕西省,西安市,长安区,樊川公园,bb86cab8-cd22-42bd-a996-246d106c8b63,陕西,西安,,,2025-03-01,2026-03-01,2,serial_id,asc,3,2026-03-10T10:46:57+00:00
b21a4250-04f3-4f02-98c1-4aa5c52a485c,2025031700981,2,0,21,2025-03-17 14:30,2025-03-17 18:00,71440,meowto,陕西省,西安市,灞桥区,浐河,b21a4250-04f3-4f02-98c1-4aa5c52a485c,陕西,西安,,,2025-03-01,2026-03-01,2,serial_id,asc,3,2026-03-10T10:46:57+00:00
2e23a2fb-05c4-424b-a18d-94076ba6e9ba,2025031700992,2,0,12,2025-03-17 18:00,2025-03-17 19:00,73322,自非亭午夜分,陕西省,西安市,长安区,西北工业大学长安校区,2e23a2fb-05c4-424b-a18d-94076ba6e9ba,陕西,西安,,,2025-03-01,2026-03-01,2,serial_id,asc,3,2026-03-10T10:46:57+00:00
2dc787d1-4d5a-4c1e-a311-9f8a5e2df891,2025031700998,2,0,10,2025-03-17 18:00,2025-03-17 19:00,73322,自非亭午夜分,陕西省,西安市,长安区,樊川公园,2dc787d1-4d5a-4c1e-a311-9f8a5e2df891,陕西,西安,,,2025-03-01,2026-03-01,2,serial_id,asc,3,2026-03-10T10:46:57+00:00
2c5735df-5a6f-4857-aa0f-09f35ddc64e4,2025031701111,2,0,35,2025-03-15 13:00,2025-03-15 18:00,30320,户外农夫,陕西省,西安市,灞桥区,浐灞湿地,2c5735df-5a6f-4857-aa0f-09f35ddc64e4,陕西,西安,,,2025-03-01,2026-03-01,2,serial_id,asc,3,2026-03-10T10:46:57+00:00
5ebc76b2-6806-41b9-b2ba-6d821fb8650f,2025031701117,2,0,22,2025-03-17 17:19,2025-03-17 19:17,64308,米兔兔,陕西省,西安市,雁塔区,陕西省西安植物园,5ebc76b2-6806-41b9-b2ba-6d821fb8650f,陕西,西安,,,2025-03-01,2026-03-01,2,serial_id,asc,3,2026-03-10T10:46:57+00:00
6d021dd6-788c-4d09-b117-9a189b65d1b4,2025031701127,2,0,8,2025-03-17 14:00,2025-03-17 15:30,48901,dawngloam,陕西省,西安市,未央区,长安大学渭水校区,6d021dd6-788c-4d09-b117-9a189b65d1b4,陕西,西安,,,2025-03-01,2026-03-01,2,serial_id,asc,3,2026-03-10T10:46:57+00:00
b60669db-e547-4092-87a4-93e59794fd1d,2025031800252,2,0,10,2025-03-15 03:00,2025-03-15 18:00,64371,李大顺,陕西省,西安市,长安区,樊川公园,b60669db-e547-4092-87a4-93e59794fd1d,陕西,西安,,,2025-03-01,2026-03-01,2,serial_id,asc,3,2026-03-10T10:46:57+00:00
dbd8392d-5f08-4c60-8a6f-b92856dedc0b,2025031800429,2,0,21,2025-03-18 11:00,2025-03-18 12:00,59414,朱雀ao,陕西省,西安市,雁塔区,西安新植物园,dbd8392d-5f08-4c60-8a6f-b92856dedc0b,陕西,西安,,,2025-03-01,2026-03-01,2,serial_id,asc,3,2026-03-10T10:46:57+00:00
913955cf-13c2-4d83-889e-9c4a8e66a24c,2025031800435,2,0,24,2025-03-18 10:00,2025-03-18 11:00,69634,伊羊肉卷,陕西省,西安市,长安区,樊川公园,913955cf-13c2-4d83-889e-9c4a8e66a24c,陕西,西安,,,2025-03-01,2026-03-01,2,serial_id,asc,3,2026-03-10T10:46:57+00:00
2aad1bfb-6dee-44c6-a2de-48d22bc42833,2025031801229,2,0,2,2025-03-18 20:00,2025-03-18 21:00,73554,白鹡鸰早起去观鸟,陕西省,西安市,碑林区,兴庆宫公园,2aad1bfb-6dee-44c6-a2de-48d22bc42833,陕西,西安,,,2025-03-01,2026-03-01,2,serial_id,asc,3,2026-03-10T10:46:57+00:00
edadb2c4-885b-4fc5-b393-21a98857a1a3,2025031900128,2,0,6,2025-03-19 08:00,2025-03-19 08:30,64308,米兔兔,陕西省,西安市,灞桥区,浐灞湿地,edadb2c4-885b-4fc5-b393-21a98857a1a3,陕西,西安,,,2025-03-01,2026-03-01,2,serial_id,asc,3,2026-03-10T10:46:57+00:00
577bf876-ef65-4abb-9835-2db7cf51abf7,2025031900353,2,0,7,2025-03-19 11:00,2025-03-19 12:00,43311,微风,陕西省,西安市,新城区,革命公园,577bf876-ef65-4abb-9835-2db7cf51abf7,陕西,西安,,,2025-03-01,2026-03-01,2,serial_id,asc,3,2026-03-10T10:46:57+00:00
cd3200d9-9c63-4c85-939b-ce4d6ad994b1,2025031900864,2,0,3,2025-03-19 16:00,2025-03-19 17:00,57847,乐仙蜻蜓,陕西省,西安市,鄠邑区,西安石油大学(鄠邑校区),cd3200d9-9c63-4c85-939b-ce4d6ad994b1,陕西,西安,,,2025-03-01,2026-03-01,2,serial_id,asc,3,2026-03-10T10:46:57+00:00
b5ec5821-5a59-4afb-9272-3c50553a6e55,2025031901046,2,0,4,2025-03-19 16:00,2025-03-19 17:00,77815,荼蘼花,陕西省,西安市,鄠邑区,西安石油大学(鄠邑校区),b5ec5821-5a59-4afb-9272-3c50553a6e55,陕西,西安,,,2025-03-01,2026-03-01,2,serial_id,asc,3,2026-03-10T10:46:57+00:00
ea56a54d-1f3e-469f-89e3-551a99f398a4,2025031901050,2,0,6,2025-03-19 16:00,2025-03-19 17:00,76093,风与鸟,陕西省,西安市,鄠邑区,西安石油大学(鄠邑校区),ea56a54d-1f3e-469f-89e3-551a99f398a4,陕西,西安,,,2025-03-01,2026-03-01,2,serial_id,asc,3,2026-03-10T10:46:57+00:00
5db35135-ec00-4695-b119-883931f4fc8b,2025031901055,2,0,6,2025-03-19 16:00,2025-03-19 17:00,69205,伊犁鼠兔,陕西省,西安市,鄠邑区,西安石油大学(鄠邑校区),5db35135-ec00-4695-b119-883931f4fc8b,陕西,西安,,,2025-03-01,2026-03-01,2,serial_id,asc,3,2026-03-10T10:46:57+00:00
5c2223fb-3ebd-4b4d-ae5d-421d7a66f844,2025031901125,2,0,12,2025-03-19 16:20,2025-03-19 19:00,57607,西石大绿源白鱀豚,陕西省,西安市,鄠邑区,西安石油大学(鄠邑校区),5c2223fb-3ebd-4b4d-ae5d-421d7a66f844,陕西,西安,,,2025-03-01,2026-03-01,2,serial_id,asc,3,2026-03-10T10:46:57+00:00
259c4b59-cfb5-4263-b192-8bc4bac44401,2025032000402,2,0,26,2025-03-20 11:00,2025-03-20 12:00,75204,雪子哥,陕西省,西安市,蓝田县,蓝田县三里镇席家河立交(席家河村),259c4b59-cfb5-4263-b192-8bc4bac44401,陕西,西安,,,2025-03-01,2026-03-01,2,serial_id,asc,3,2026-03-10T10:46:57+00:00
81e2fc6f-8b2f-425a-b8c3-52b9480d3f41,2025032000806,2,0,4,2025-03-20 16:00,2025-03-20 17:00,73554,白鹡鸰早起去观鸟,陕西省,西安市,碑林区,西安理工大学(金花校区),81e2fc6f-8b2f-425a-b8c3-52b9480d3f41,陕西,西安,,,2025-03-01,2026-03-01,2,serial_id,asc,3,2026-03-10T10:46:57+00:00
99ac87f7-b8aa-4407-a538-bdb39aca5cea,2025032001075,2,0,37,2025-03-20 12:00,2025-03-20 17:00,53586,blueskyfish ,陕西省,西安市,灞桥区,灞渭桥车游湿地公园,99ac87f7-b8aa-4407-a538-bdb39aca5cea,陕西,西安,,,2025-03-01,2026-03-01,2,serial_id,asc,3,2026-03-10T10:46:57+00:00
9ea0add9-85f7-4de1-ae47-ede9f9c7cbd9,2025032001113,2,0,15,2025-03-20 16:16,2025-03-20 18:19,54093,风的自然,陕西省,西安市,长安区,樊川公园,9ea0add9-85f7-4de1-ae47-ede9f9c7cbd9,陕西,西安,,,2025-03-01,2026-03-01,2,serial_id,asc,3,2026-03-10T10:46:57+00:00
756c7108-4826-4035-aa78-86285714a5ca,2025032001120,2,0,1,2025-03-20 19:00,2025-03-20 20:00,73337,thebird,陕西省,西安市,长安区,樊川公园,756c7108-4826-4035-aa78-86285714a5ca,陕西,西安,,,2025-03-01,2026-03-01,2,serial_id,asc,3,2026-03-10T10:46:57+00:00
3ecbdaa8-1191-4450-acdf-95872650b7be,2025032001134,2,0,10,2025-03-09 10:43,2025-03-09 11:43,54093,风的自然,陕西省,西安市,长安区,长安区翠华山国家地质公园,3ecbdaa8-1191-4450-acdf-95872650b7be,陕西,西安,,,2025-03-01,2026-03-01,2,serial_id,asc,3,2026-03-10T10:46:57+00:00
fc567221-3e2e-412c-93fd-a7f6146656ad,2025032001258,2,0,39,2025-03-20 18:00,2025-03-20 19:00,30320,户外农夫,陕西省,西安市,阎良区,西安市阎良石川河,fc567221-3e2e-412c-93fd-a7f6146656ad,陕西,西安,,,2025-03-01,2026-03-01,2,serial_id,asc,3,2026-03-10T10:46:57+00:00
2b62c7b5-65ba-48f3-85a0-46f952d4c705,2025032100116,2,0,18,2025-03-21 07:00,2025-03-21 08:00,22384,牧马人,陕西省,西安市,灞桥区,灞桥湖东(河堤路),2b62c7b5-65ba-48f3-85a0-46f952d4c705,陕西,西安,,,2025-03-01,2026-03-01,2,serial_id,asc,3,2026-03-10T10:46:57+00:00
4f8a4b63-59fe-4f8e-81ae-231cd42ca14c,2025032100146,2,0,5,2025-03-21 08:00,2025-03-21 09:00,22384,牧马人,陕西省,西安市,高陵区,泾渭分明,4f8a4b63-59fe-4f8e-81ae-231cd42ca14c,陕西,西安,,,2025-03-01,2026-03-01,2,serial_id,asc,3,2026-03-10T10:46:57+00:00
5b54c1d2-6bc9-409e-ba99-264f0ba228c1,2025032100159,2,0,5,2025-03-21 08:00,2025-03-21 09:00,45951,回声,陕西省,西安市,长安区,陕西师范大学(长安校区),5b54c1d2-6bc9-409e-ba99-264f0ba228c1,陕西,西安,,,2025-03-01,2026-03-01,2,serial_id,asc,3,2026-03-10T10:46:57+00:00
e1d3c8a7-194b-4a10-ac54-f05bd072a577,2025032100295,2,0,10,2025-03-21 10:00,2025-03-21 11:00,48709,一皿小白,陕西省,西安市,长安区,樊川公园,e1d3c8a7-194b-4a10-ac54-f05bd072a577,陕西,西安,,,2025-03-01,2026-03-01,2,serial_id,asc,3,2026-03-10T10:46:57+00:00
24b426cd-7f8c-49ba-aa2a-9c3a5e5f4468,2025032100324,2,0,1,2025-03-21 10:00,2025-03-21 11:00,22384,牧马人,陕西省,西安市,高陵区,高陵区泾渭堡村,24b426cd-7f8c-49ba-aa2a-9c3a5e5f4468,陕西,西安,,,2025-03-01,2026-03-01,2,serial_id,asc,3,2026-03-10T10:46:57+00:00
82918985-d7ca-4490-9564-7bd81b9a84e1,2025032100357,2,0,13,2025-03-21 06:45,2025-03-21 07:45,53586,blueskyfish ,陕西省,西安市,莲湖区,丰庆公园,82918985-d7ca-4490-9564-7bd81b9a84e1,陕西,西安,,,2025-03-01,2026-03-01,2,serial_id,asc,3,2026-03-10T10:46:57+00:00
ed6c8094-1930-407b-9657-061acfc15aaa,2025032100363,2,0,8,2025-03-15 12:00,2025-03-15 13:00,36322,MaureenWen,陕西省,西安市,雁塔区,曲江池遗址公园,ed6c8094-1930-407b-9657-061acfc15aaa,陕西,西安,,,2025-03-01,2026-03-01,2,serial_id,asc,3,2026-03-10T10:46:57+00:00
9f7634fc-4296-44c4-8e26-1a322b4fe8a9,2025032100415,2,0,1,2025-03-21 11:00,2025-03-21 12:00,61980,bb张嘴就是要舌吻,陕西省,西安市,周至县,杨凌渭河湿地生态公园,9f7634fc-4296-44c4-8e26-1a322b4fe8a9,陕西,西安,,,2025-03-01,2026-03-01,2,serial_id,asc,3,2026-03-10T10:46:57+00:00
1520ec63-8540-4ca5-8fc9-f998ac16d9aa,2025032100541,2,0,27,2025-03-21 12:00,2025-03-21 13:00,37139,千翼过山,陕西省,西安市,长安区,樊川公园,1520ec63-8540-4ca5-8fc9-f998ac16d9aa,陕西,西安,,,2025-03-01,2026-03-01,2,serial_id,asc,3,2026-03-10T10:46:57+00:00
cf7b7e9d-1586-45c9-9b7f-20e30c70072c,2025032100772,2,0,4,2025-03-21 15:00,2025-03-21 16:00,57847,乐仙蜻蜓,陕西省,西安市,鄠邑区,西安石油大学(鄠邑校区),cf7b7e9d-1586-45c9-9b7f-20e30c70072c,陕西,西安,,,2025-03-01,2026-03-01,2,serial_id,asc,3,2026-03-10T10:46:57+00:00
8db77a83-06a8-48fc-9ab2-fce11054533d,2025032100965,2,0,2,2025-03-21 13:30,2025-03-21 14:00,74050,程zh,陕西省,西安市,碑林区,省电研院家属院,8db77a83-06a8-48fc-9ab2-fce11054533d,陕西,西安,,,2025-03-01,2026-03-01,2,serial_id,asc,3,2026-03-10T10:46:57+00:00
10d6d96e-079b-4f2a-9fc6-0d56bf073eba,2025032101037,2,0,31,2025-03-21 18:00,2025-03-21 19:00,75204,雪子哥,陕西省,西安市,长安区,圭峰寺-高冠峪,10d6d96e-079b-4f2a-9fc6-0d56bf073eba,陕西,西安,,,2025-03-01,2026-03-01,2,serial_id,asc,3,2026-03-10T10:46:57+00:00
fdcf49c1-55db-4187-a68b-1949fe026d0b,2025032101514,2,0,11,2025-03-21 17:00,2025-03-21 18:00,53920,Ouzel,陕西省,西安市,碑林区,西安交通大学兴庆校区,fdcf49c1-55db-4187-a68b-1949fe026d0b,陕西,西安,,,2025-03-01,2026-03-01,2,serial_id,asc,3,2026-03-10T10:46:57+00:00
6eb6dbf4-403f-4587-a806-61271a715aae,2025032200244,2,0,17,2025-03-22 09:00,2025-03-22 10:30,54797,yuyu114514,陕西省,西安市,长安区,长安区樊川公园,6eb6dbf4-403f-4587-a806-61271a715aae,陕西,西安,,,2025-03-01,2026-03-01,2,serial_id,asc,3,2026-03-10T10:46:57+00:00
ebdd0d3a-aa66-491b-ad04-eb8d00b90410,2025032200371,2,0,39,2025-03-22 10:00,2025-03-22 11:00,69634,伊羊肉卷,陕西省,西安市,灞桥区,桥车游湿地,ebdd0d3a-aa66-491b-ad04-eb8d00b90410,陕西,西安,,,2025-03-01,2026-03-01,2,serial_id,asc,3,2026-03-10T10:46:57+00:00
a4175074-a2c6-4caa-8e86-a6c8f334ea83,2025032200443,2,0,32,2025-03-22 08:30,2025-03-22 10:40,53586,blueskyfish ,陕西省,西安市,长安区,樊川公园,a4175074-a2c6-4caa-8e86-a6c8f334ea83,陕西,西安,,,2025-03-01,2026-03-01,2,serial_id,asc,3,2026-03-10T10:46:57+00:00
ffbac5e8-23ce-43d3-8309-3ab12622c8a2,2025032200451,2,0,3,2025-03-22 10:00,2025-03-22 11:00,65767,半枫荷,陕西省,西安市,长安区,长安唐村中国农业公园,ffbac5e8-23ce-43d3-8309-3ab12622c8a2,陕西,西安,,,2025-03-01,2026-03-01,2,serial_id,asc,3,2026-03-10T10:46:57+00:00
db134039-98e6-4be1-a82d-16dd560473d9,2025032200725,2,0,25,2025-03-22 12:00,2025-03-22 13:00,22366,688chxiuq,陕西省,西安市,灞桥区,灞桥区蓝田湖西南400米(河堤路北),db134039-98e6-4be1-a82d-16dd560473d9,陕西,西安,,,2025-03-01,2026-03-01,2,serial_id,asc,3,2026-03-10T10:46:57+00:00
ee3871ee-284b-40ce-8223-0d8003c5210b,2025032200887,2,0,13,2025-03-22 12:00,2025-03-22 13:00,22345,山丘,陕西省,西安市,灞桥区,灞桥区蓝田湖西南400米(河堤路北),ee3871ee-284b-40ce-8223-0d8003c5210b,陕西,西安,,,2025-03-01,2026-03-01,2,serial_id,asc,3,2026-03-10T10:46:57+00:00
4ddbf370-77da-4839-aeb9-10739d787173,2025032200924,2,0,13,2025-03-22 13:00,2025-03-22 14:00,65984,热带鸟鱼,陕西省,西安市,长安区,长安区樊川公园(潏河长堤南100米),4ddbf370-77da-4839-aeb9-10739d787173,陕西,西安,,,2025-03-01,2026-03-01,2,serial_id,asc,3,2026-03-10T10:46:57+00:00
fb10a24a-136a-42e7-9912-f680d833cdb1,2025032201060,2,0,2,2025-03-22 14:00,2025-03-22 15:00,80367,QZY,陕西省,西安市,雁塔区,西安石油大学雁塔校区,fb10a24a-136a-42e7-9912-f680d833cdb1,陕西,西安,,,2025-03-01,2026-03-01,2,serial_id,asc,4,2026-03-10T10:46:59+00:00
7e678696-4887-44cc-904d-1f2d815a8649,2025032201081,2,0,15,2025-03-22 10:10,2025-03-22 12:10,68296,艾尼路,陕西省,西安市,长安区,樊川公园,7e678696-4887-44cc-904d-1f2d815a8649,陕西,西安,,,2025-03-01,2026-03-01,2,serial_id,asc,4,2026-03-10T10:46:59+00:00
55977fff-4d3f-4328-b8ad-7193ff6ba865,2025032201230,2,0,14,2025-03-22 09:00,2025-03-22 12:22,57607,西石大绿源白鱀豚,陕西省,西安市,长安区,西北工业大学长安校区,55977fff-4d3f-4328-b8ad-7193ff6ba865,陕西,西安,,,2025-03-01,2026-03-01,2,serial_id,asc,4,2026-03-10T10:46:59+00:00
9957fdb7-e7d8-4f27-882b-b97d8d9ae1b6,2025032201247,2,0,4,2025-03-22 15:00,2025-03-22 16:00,65767,半枫荷,陕西省,西安市,未央区,未央区西安湖(草滩四路北400米),9957fdb7-e7d8-4f27-882b-b97d8d9ae1b6,陕西,西安,,,2025-03-01,2026-03-01,2,serial_id,asc,4,2026-03-10T10:46:59+00:00
b578a6b0-0b2c-47c8-ae59-8deabf09b67f,2025032201553,2,0,40,2025-03-22 10:00,2025-03-22 11:00,74505,ppop,陕西省,西安市,灞桥区,灞渭桥车游湿地公园,b578a6b0-0b2c-47c8-ae59-8deabf09b67f,陕西,西安,,,2025-03-01,2026-03-01,2,serial_id,asc,4,2026-03-10T10:46:59+00:00
6749be41-7092-4e4b-9f2c-324eaf17b802,2025032201601,2,0,26,2025-03-22 16:20,2025-03-22 18:00,45081,阿七同学,陕西省,西安市,阎良区,阎良区关山街道樊家村,6749be41-7092-4e4b-9f2c-324eaf17b802,陕西,西安,,,2025-03-01,2026-03-01,2,serial_id,asc,4,2026-03-10T10:46:59+00:00
2553aa9a-a860-4fb9-99e1-c2443206d580,2025032202035,2,0,11,2025-03-22 09:00,2025-03-22 10:00,77815,荼蘼花,陕西省,西安市,长安区,西北工业大学长安校区,2553aa9a-a860-4fb9-99e1-c2443206d580,陕西,西安,,,2025-03-01,2026-03-01,2,serial_id,asc,4,2026-03-10T10:46:59+00:00
d9367f33-7009-4c92-8f59-f8b65f34ab30,2025032202234,2,0,40,2025-03-22 15:00,2025-03-22 17:30,30320,户外农夫,陕西省,西安市,阎良区,西安市阎良石川河,d9367f33-7009-4c92-8f59-f8b65f34ab30,陕西,西安,,,2025-03-01,2026-03-01,2,serial_id,asc,4,2026-03-10T10:46:59+00:00
a28e5d60-70cf-497d-a737-9c664bae64de,2025032202466,2,0,13,2025-03-22 09:00,2025-03-22 10:00,77666,西石大迎春花,陕西省,西安市,长安区,西北工业大学长安校区,a28e5d60-70cf-497d-a737-9c664bae64de,陕西,西安,,,2025-03-01,2026-03-01,2,serial_id,asc,4,2026-03-10T10:46:59+00:00
cf8dd950-bca0-4b8b-b9c3-b01872f8dddd,2025032300172,2,0,17,2025-03-23 07:00,2025-03-23 08:00,3975,稷朝,陕西省,西安市,雁塔区,雁塔区3号湖北50米(浐河西路西),cf8dd950-bca0-4b8b-b9c3-b01872f8dddd,陕西,西安,,,2025-03-01,2026-03-01,2,serial_id,asc,4,2026-03-10T10:46:59+00:00
8f52ff8e-81b3-41fa-ac07-beb2292e7313,2025032300493,2,0,26,2025-03-23 08:00,2025-03-23 09:00,59862,银杏1,陕西省,西安市,长安区,祥峪森林公园楼牌,8f52ff8e-81b3-41fa-ac07-beb2292e7313,陕西,西安,,,2025-03-01,2026-03-01,2,serial_id,asc,4,2026-03-10T10:46:59+00:00
9344928f-5a41-48a5-b06a-2d9cb2bebc2a,2025032300520,2,0,29,2025-03-23 07:30,2025-03-23 11:00,54084,灌木雨叶,陕西省,西安市,长安区,祥峪沟村,9344928f-5a41-48a5-b06a-2d9cb2bebc2a,陕西,西安,,,2025-03-01,2026-03-01,2,serial_id,asc,4,2026-03-10T10:46:59+00:00
e9521d7c-a7cc-4a03-9aa4-9b1e58a4c969,2025032300870,2,0,11,2025-03-23 12:00,2025-03-23 13:00,57308,阿尔,陕西省,西安市,长安区,樊川公园,e9521d7c-a7cc-4a03-9aa4-9b1e58a4c969,陕西,西安,,,2025-03-01,2026-03-01,2,serial_id,asc,4,2026-03-10T10:46:59+00:00
b133d472-e3fa-4a7b-bb16-368ac52cbb3e,2025032301016,2,0,27,2025-03-23 07:30,2025-03-23 11:00,66393,Dallcask,陕西省,西安市,长安区,西安祥峪森林公园,b133d472-e3fa-4a7b-bb16-368ac52cbb3e,陕西,西安,,,2025-03-01,2026-03-01,2,serial_id,asc,4,2026-03-10T10:46:59+00:00
cc0f66bf-3eb2-4ead-9ea8-de4dbb5bab01,2025032301269,2,0,5,2025-03-23 09:32,2025-03-23 11:32,62907,芋泥奶冻卷,陕西省,西安市,长安区,樊川公园,cc0f66bf-3eb2-4ead-9ea8-de4dbb5bab01,陕西,西安,,,2025-03-01,2026-03-01,2,serial_id,asc,4,2026-03-10T10:46:59+00:00
e250e0ed-8090-4a59-bb76-0bf2a2e449a5,2025032301579,2,0,7,2025-03-23 16:00,2025-03-23 17:00,57847,乐仙蜻蜓,陕西省,西安市,鄠邑区,西安石油大学(鄠邑校区),e250e0ed-8090-4a59-bb76-0bf2a2e449a5,陕西,西安,,,2025-03-01,2026-03-01,2,serial_id,asc,4,2026-03-10T10:46:59+00:00
bba7944d-a5b7-4521-8ee4-f0b4108507eb,2025032301606,2,0,23,2025-03-23 16:00,2025-03-23 17:00,63633,吃些乌桕子,陕西省,西安市,长安区,长安区滦镇街道白石峪,bba7944d-a5b7-4521-8ee4-f0b4108507eb,陕西,西安,,,2025-03-01,2026-03-01,2,serial_id,asc,4,2026-03-10T10:46:59+00:00
5305395c-ff68-4752-a735-b59d8e518537,2025032301960,2,0,9,2025-03-21 11:00,2025-03-21 12:00,73973,fly,陕西省,西安市,雁塔区,西安交通大学(雁塔校区),5305395c-ff68-4752-a735-b59d8e518537,陕西,西安,,,2025-03-01,2026-03-01,2,serial_id,asc,4,2026-03-10T10:46:59+00:00
7176bcb2-a0b1-4fc5-998e-fff56d1adf85,2025032301976,2,0,10,2025-03-20 16:45,2025-03-20 17:45,73973,fly,陕西省,西安市,雁塔区,西安交通大学(雁塔校区),7176bcb2-a0b1-4fc5-998e-fff56d1adf85,陕西,西安,,,2025-03-01,2026-03-01,2,serial_id,asc,4,2026-03-10T10:46:59+00:00
f6295710-0343-40a6-8d84-f66a7da6c9d6,2025032301987,2,0,6,2025-03-23 18:00,2025-03-23 19:00,66398,香香鸡贴贴,陕西省,西安市,长安区,观音禅院,f6295710-0343-40a6-8d84-f66a7da6c9d6,陕西,西安,,,2025-03-01,2026-03-01,2,serial_id,asc,4,2026-03-10T10:46:59+00:00
9cb4e31c-9dff-4273-aaa6-adce85c0fdca,2025032301988,2,0,7,2025-03-17 15:15,2025-03-23 16:15,73973,fly,陕西省,西安市,雁塔区,西安交通大学(雁塔校区),9cb4e31c-9dff-4273-aaa6-adce85c0fdca,陕西,西安,,,2025-03-01,2026-03-01,2,serial_id,asc,4,2026-03-10T10:46:59+00:00
0bde239d-a18d-43c2-83a7-2c8a3947e9a7,2025032301993,2,0,10,2025-03-07 16:30,2025-03-23 18:00,73973,fly,陕西省,西安市,雁塔区,西安交通大学(雁塔校区),0bde239d-a18d-43c2-83a7-2c8a3947e9a7,陕西,西安,,,2025-03-01,2026-03-01,2,serial_id,asc,4,2026-03-10T10:46:59+00:00
b728457b-36e4-4467-906b-0066e98226e6,2025032302259,2,0,52,2025-03-23 08:30,2025-03-23 17:30,30320,户外农夫,陕西省,西安市,蓝田县,蓝田县滨河东路(陈家坡),b728457b-36e4-4467-906b-0066e98226e6,陕西,西安,,,2025-03-01,2026-03-01,2,serial_id,asc,4,2026-03-10T10:46:59+00:00
d2d35286-6fba-43ab-aee8-df04b55cadca,2025032302319,2,0,12,2025-03-23 12:00,2025-03-23 16:20,54636,鹊影,陕西省,西安市,灞桥区,西安鲸鱼沟竹海风景区,d2d35286-6fba-43ab-aee8-df04b55cadca,陕西,西安,,,2025-03-01,2026-03-01,2,serial_id,asc,4,2026-03-10T10:46:59+00:00
65c8b663-49e8-48ec-9982-02d9e4cdca67,2025032302364,2,0,23,2025-03-23 21:00,2025-03-23 22:00,40098,QQWZYTJH,陕西省,西安市,鄠邑区,涝渭湿地公园,65c8b663-49e8-48ec-9982-02d9e4cdca67,陕西,西安,,,2025-03-01,2026-03-01,2,serial_id,asc,4,2026-03-10T10:46:59+00:00
690ed14e-485c-4f19-b550-b5af6a44ed11,2025032302615,2,0,8,2025-03-23 22:00,2025-03-23 23:00,76693,yjyyjy,陕西省,西安市,未央区,草滩街道河堤路北400米,690ed14e-485c-4f19-b550-b5af6a44ed11,陕西,西安,,,2025-03-01,2026-03-01,2,serial_id,asc,4,2026-03-10T10:46:59+00:00
ab957842-301b-4d51-bdbd-ac04eed7cffe,2025032302682,2,0,26,2025-03-23 09:30,2025-03-23 12:00,54797,yuyu114514,陕西省,西安市,灞桥区,灞河西岸滨河公园(灞柳西路4号附近),ab957842-301b-4d51-bdbd-ac04eed7cffe,陕西,西安,,,2025-03-01,2026-03-01,2,serial_id,asc,4,2026-03-10T10:46:59+00:00
3238b4c4-e5ba-4b27-a842-c89130e39eac,2025032302691,2,0,25,2025-03-23 15:00,2025-03-23 17:00,54797,yuyu114514,陕西省,西安市,未央区,浐灞湿地公园,3238b4c4-e5ba-4b27-a842-c89130e39eac,陕西,西安,,,2025-03-01,2026-03-01,2,serial_id,asc,4,2026-03-10T10:46:59+00:00
692aec4a-dfbd-4501-8555-5120ee6f3213,2025032400059,2,0,27,2025-03-23 09:30,2025-03-23 12:00,67225,落林,陕西省,西安市,灞桥区,灞河西岸滨河公园(灞柳西路4号附近),692aec4a-dfbd-4501-8555-5120ee6f3213,陕西,西安,,,2025-03-01,2026-03-01,2,serial_id,asc,4,2026-03-10T10:46:59+00:00
cbe63f2d-af12-4633-a4f9-819292703793,2025032400060,2,0,26,2025-03-23 15:00,2025-03-23 17:00,67225,落林,陕西省,西安市,未央区,浐灞湿地公园,cbe63f2d-af12-4633-a4f9-819292703793,陕西,西安,,,2025-03-01,2026-03-01,2,serial_id,asc,4,2026-03-10T10:46:59+00:00
946072a5-5aae-4809-b8eb-f3b88251d8ba,2025032400088,2,0,26,2025-03-23 09:30,2025-03-23 12:00,57326,TWILIGHT的小鸡,陕西省,西安市,灞桥区,灞河西岸滨河公园(灞柳西路4号附近),946072a5-5aae-4809-b8eb-f3b88251d8ba,陕西,西安,,,2025-03-01,2026-03-01,2,serial_id,asc,4,2026-03-10T10:46:59+00:00
6c19175e-6b7a-41fd-be39-14264cd1197b,2025032400089,2,0,24,2025-03-23 15:00,2025-03-23 17:00,57326,TWILIGHT的小鸡,陕西省,西安市,未央区,浐灞湿地公园,6c19175e-6b7a-41fd-be39-14264cd1197b,陕西,西安,,,2025-03-01,2026-03-01,2,serial_id,asc,4,2026-03-10T10:46:59+00:00
05f3ee58-f64b-49a1-a21d-f01d0af7c0d7,2025032400108,2,0,26,2025-03-23 09:30,2025-03-23 12:00,64143,带好人,陕西省,西安市,灞桥区,灞河西岸滨河公园(灞柳西路4号附近),05f3ee58-f64b-49a1-a21d-f01d0af7c0d7,陕西,西安,,,2025-03-01,2026-03-01,2,serial_id,asc,4,2026-03-10T10:46:59+00:00
8a49688e-4a3e-4d29-a18a-1dce83943505,2025032400109,2,0,25,2025-03-23 15:00,2025-03-23 17:00,64143,带好人,陕西省,西安市,未央区,浐灞湿地公园,8a49688e-4a3e-4d29-a18a-1dce83943505,陕西,西安,,,2025-03-01,2026-03-01,2,serial_id,asc,4,2026-03-10T10:46:59+00:00
7ef193d9-6ff4-46c7-ba70-26776e3bf975,2025032400392,2,0,9,2025-03-24 08:50,2025-03-24 12:05,73973,fly,陕西省,西安市,雁塔区,西安交通大学(雁塔校区),7ef193d9-6ff4-46c7-ba70-26776e3bf975,陕西,西安,,,2025-03-01,2026-03-01,2,serial_id,asc,4,2026-03-10T10:46:59+00:00
93a3e3aa-4eb3-44c8-8783-b94d76a84441,2025032400991,2,0,1,2025-03-24 13:30,2025-03-24 14:15,74050,程zh,陕西省,西安市,碑林区,省电研院家属院,93a3e3aa-4eb3-44c8-8783-b94d76a84441,陕西,西安,,,2025-03-01,2026-03-01,2,serial_id,asc,4,2026-03-10T10:46:59+00:00
c09936c5-93e5-4fb1-8820-27dbb1be8a11,2025032401177,2,0,11,2025-03-24 17:00,2025-03-24 19:30,73973,fly,陕西省,西安市,雁塔区,西安交通大学(雁塔校区),c09936c5-93e5-4fb1-8820-27dbb1be8a11,陕西,西安,,,2025-03-01,2026-03-01,2,serial_id,asc,4,2026-03-10T10:46:59+00:00
518d4456-a5f6-452f-b7b3-4517ecd319bf,2025032401231,2,0,7,2025-03-24 17:00,2025-03-24 19:00,65984,热带鸟鱼,陕西省,西安市,鄠邑区,涝渭湿地公园,518d4456-a5f6-452f-b7b3-4517ecd319bf,陕西,西安,,,2025-03-01,2026-03-01,2,serial_id,asc,4,2026-03-10T10:46:59+00:00
f36562af-dec8-41dc-b5f6-174ebbf8cc4a,2025032501128,2,0,2,2025-03-25 17:30,2025-03-25 19:04,62907,芋泥奶冻卷,陕西省,西安市,鄠邑区,涝渭湿地公园,f36562af-dec8-41dc-b5f6-174ebbf8cc4a,陕西,西安,,,2025-03-01,2026-03-01,2,serial_id,asc,4,2026-03-10T10:46:59+00:00
6adf2eb9-aa0f-4b8c-af9b-f4b5f216c8e1,2025032501581,2,0,14,2025-03-25 17:40,2025-03-25 19:00,73973,fly,陕西省,西安市,雁塔区,西安交通大学(雁塔校区),6adf2eb9-aa0f-4b8c-af9b-f4b5f216c8e1,陕西,西安,,,2025-03-01,2026-03-01,2,serial_id,asc,4,2026-03-10T10:46:59+00:00
b5ca58d2-d19e-45cc-9044-02a8096bfd6a,2025032501618,2,0,21,2025-03-23 09:00,2025-03-23 11:30,59451,小趴菜,陕西省,西安市,周至县,杨凌渭河湿地生态公园,b5ca58d2-d19e-45cc-9044-02a8096bfd6a,陕西,西安,,,2025-03-01,2026-03-01,2,serial_id,asc,4,2026-03-10T10:46:59+00:00
19f4868c-69f0-45d7-ac0e-0b77daa4263d,2025032600171,2,0,2,2025-03-26 07:44,2025-03-26 08:41,62907,芋泥奶冻卷,陕西省,西安市,鄠邑区,涝渭湿地公园,19f4868c-69f0-45d7-ac0e-0b77daa4263d,陕西,西安,,,2025-03-01,2026-03-01,2,serial_id,asc,4,2026-03-10T10:46:59+00:00
da9bb3ce-367d-4c6f-8a87-3b4ed67409ef,2025032600542,2,0,2,2025-03-26 11:00,2025-03-26 12:00,29543,木蔭,陕西省,西安市,新城区,碑林区国家林业和草原局西北调查规划院西北(笃行路),da9bb3ce-367d-4c6f-8a87-3b4ed67409ef,陕西,西安,,,2025-03-01,2026-03-01,2,serial_id,asc,4,2026-03-10T10:46:59+00:00
385224c0-e382-45fa-b2a6-67322d707f2e,2025032600705,2,0,4,2025-03-26 13:00,2025-03-26 14:00,68296,艾尼路,陕西省,西安市,未央区,浐灞国家湿地公园,385224c0-e382-45fa-b2a6-67322d707f2e,陕西,西安,,,2025-03-01,2026-03-01,2,serial_id,asc,4,2026-03-10T10:46:59+00:00
2a81091e-800b-49d6-9c1e-41260501cc96,2025032601287,2,0,13,2025-03-26 18:00,2025-03-26 19:00,73554,白鹡鸰早起去观鸟,陕西省,西安市,碑林区,兴庆宫公园,2a81091e-800b-49d6-9c1e-41260501cc96,陕西,西安,,,2025-03-01,2026-03-01,2,serial_id,asc,4,2026-03-10T10:46:59+00:00
fc37ce88-3371-4e0a-b4a8-c56e66098eda,2025032700102,2,0,19,2025-03-26 16:00,2025-03-26 17:40,53920,Ouzel,陕西省,西安市,碑林区,西安交通大学兴庆校区,fc37ce88-3371-4e0a-b4a8-c56e66098eda,陕西,西安,,,2025-03-01,2026-03-01,2,serial_id,asc,4,2026-03-10T10:46:59+00:00
c7ce35d0-7b6f-4ede-8a1f-62d752e56bb7,2025032700376,2,0,10,2025-03-27 09:00,2025-03-27 11:30,78662,绿翅旋壁雀,陕西省,西安市,灞桥区,幸福渠桥,c7ce35d0-7b6f-4ede-8a1f-62d752e56bb7,陕西,西安,,,2025-03-01,2026-03-01,2,serial_id,asc,4,2026-03-10T10:46:59+00:00
73dad13d-6c37-42d2-b7a4-771d66ff186d,2025032700585,2,0,1,2025-03-27 15:00,2025-03-27 16:00,40098,QQWZYTJH,陕西省,西安市,鄠邑区,鄠邑区玉蝉街道仝家庄村,73dad13d-6c37-42d2-b7a4-771d66ff186d,陕西,西安,,,2025-03-01,2026-03-01,2,serial_id,asc,4,2026-03-10T10:46:59+00:00
67d1ab87-c9e3-4df9-b64c-9125c94b6efe,2025032700632,2,0,7,2025-03-26 18:00,2025-03-26 19:00,73973,fly,陕西省,西安市,雁塔区,西安交通大学(雁塔校区),67d1ab87-c9e3-4df9-b64c-9125c94b6efe,陕西,西安,,,2025-03-01,2026-03-01,2,serial_id,asc,4,2026-03-10T10:46:59+00:00
f8419f57-2849-46a4-b823-47480dda4460,2025032700805,2,0,1,2025-03-27 17:00,2025-03-27 18:00,78008,双曲几何,陕西省,西安市,碑林区,西安交大兴庆校区,f8419f57-2849-46a4-b823-47480dda4460,陕西,西安,,,2025-03-01,2026-03-01,2,serial_id,asc,4,2026-03-10T10:46:59+00:00
8275bd2b-3675-42e0-a455-a454cbba2706,2025032700822,2,0,10,2025-03-27 16:00,2025-03-27 18:00,73973,fly,陕西省,西安市,雁塔区,西安交通大学(雁塔校区),8275bd2b-3675-42e0-a455-a454cbba2706,陕西,西安,,,2025-03-01,2026-03-01,2,serial_id,asc,5,2026-03-10T10:47:02+00:00
ba84f913-6cf6-436f-88a2-16974bac6de7,2025032700918,2,0,21,2025-03-27 08:28,2025-03-27 15:28,40098,QQWZYTJH,陕西省,西安市,周至县,楼观台炼丹峰,ba84f913-6cf6-436f-88a2-16974bac6de7,陕西,西安,,,2025-03-01,2026-03-01,2,serial_id,asc,5,2026-03-10T10:47:02+00:00
046220e7-c74d-4e30-ae49-08cb40d0184f,2025032800568,2,0,27,2025-03-28 15:00,2025-03-28 16:00,75204,雪子哥,陕西省,西安市,长安区,高冠河,046220e7-c74d-4e30-ae49-08cb40d0184f,陕西,西安,,,2025-03-01,2026-03-01,2,serial_id,asc,5,2026-03-10T10:47:02+00:00
d626f076-9c44-4012-9b7e-d435b5876195,2025032800717,2,0,14,2025-03-28 15:00,2025-03-28 16:00,29962,崔兵,陕西省,西安市,临潼区,秦始皇兵马俑博物馆,d626f076-9c44-4012-9b7e-d435b5876195,陕西,西安,,,2025-03-01,2026-03-01,2,serial_id,asc,5,2026-03-10T10:47:02+00:00
8c2b5c74-1b7b-426f-8fe5-f53d4394d9fb,2025032900345,2,0,11,2025-03-28 17:00,2025-03-28 18:00,33447,血糕粉浆饭,陕西省,西安市,雁塔区,西安新纪元公园,8c2b5c74-1b7b-426f-8fe5-f53d4394d9fb,陕西,西安,,,2025-03-01,2026-03-01,2,serial_id,asc,5,2026-03-10T10:47:02+00:00
7caf330b-e50c-4e84-9621-0ca9ecec9776,2025032900353,2,0,51,2025-03-29 11:00,2025-03-29 12:00,45365,亮亮的观鸟日常,陕西省,西安市,灞桥区,灞桥区灞渭生态滩区(河堤路北200米),7caf330b-e50c-4e84-9621-0ca9ecec9776,陕西,西安,,,2025-03-01,2026-03-01,2,serial_id,asc,5,2026-03-10T10:47:02+00:00
a9851dfc-03f4-4fee-a22b-26e8f16286af,2025032900358,2,0,15,2025-03-28 11:45,2025-03-28 13:30,33447,血糕粉浆饭,陕西省,西安市,莲湖区,丰庆公园,a9851dfc-03f4-4fee-a22b-26e8f16286af,陕西,西安,,,2025-03-01,2026-03-01,2,serial_id,asc,5,2026-03-10T10:47:02+00:00
8dee3499-74c4-43f2-aa39-9f75f9dccc95,2025032900618,2,0,5,2025-03-29 12:00,2025-03-29 13:00,68296,艾尼路,陕西省,西安市,雁塔区,雁鸣湖3号湖,8dee3499-74c4-43f2-aa39-9f75f9dccc95,陕西,西安,,,2025-03-01,2026-03-01,2,serial_id,asc,5,2026-03-10T10:47:02+00:00
bd9a4f48-a592-4651-9c18-a50e08bab4be,2025032900770,2,0,1,2025-03-29 14:00,2025-03-29 15:00,80367,QZY,陕西省,西安市,雁塔区,西安石油大学雁塔校区,bd9a4f48-a592-4651-9c18-a50e08bab4be,陕西,西安,,,2025-03-01,2026-03-01,2,serial_id,asc,5,2026-03-10T10:47:02+00:00
c7e7634c-e2fe-4be4-8d33-63338e2ab418,2025032900960,2,0,15,2025-03-29 15:00,2025-03-29 16:00,66398,香香鸡贴贴,陕西省,西安市,长安区,西北工业大学(长安校区),c7e7634c-e2fe-4be4-8d33-63338e2ab418,陕西,西安,,,2025-03-01,2026-03-01,2,serial_id,asc,5,2026-03-10T10:47:02+00:00
683d9039-1498-44ca-9236-8116459407cf,2025032901210,2,0,21,2025-03-29 11:10,2025-03-29 14:50,57607,西石大绿源白鱀豚,陕西省,西安市,未央区,未央区西安浐灞国家湿地公园(灞河西路北),683d9039-1498-44ca-9236-8116459407cf,陕西,西安,,,2025-03-01,2026-03-01,2,serial_id,asc,5,2026-03-10T10:47:02+00:00
e017a239-9b5c-4574-affd-1edba7673246,2025032901337,2,0,10,2025-03-29 16:00,2025-03-29 17:00,73973,fly,陕西省,西安市,长安区,樊川公园,e017a239-9b5c-4574-affd-1edba7673246,陕西,西安,,,2025-03-01,2026-03-01,2,serial_id,asc,5,2026-03-10T10:47:02+00:00
ba2b9b0f-8045-415d-9110-231cf5ade45d,2025032901452,2,0,19,2025-03-29 17:00,2025-03-29 18:00,54636,鹊影,陕西省,西安市,新城区,大明宫国家遗址公园,ba2b9b0f-8045-415d-9110-231cf5ade45d,陕西,西安,,,2025-03-01,2026-03-01,2,serial_id,asc,5,2026-03-10T10:47:02+00:00
309a67be-98ac-4cf5-a071-45330b587ba0,2025032901623,2,0,26,2025-03-29 10:00,2025-03-29 14:00,59244,选择困难症,陕西省,西安市,长安区,土门峪,309a67be-98ac-4cf5-a071-45330b587ba0,陕西,西安,,,2025-03-01,2026-03-01,2,serial_id,asc,5,2026-03-10T10:47:02+00:00
ad8bd6bf-9e46-4b2d-9313-4c1d311636e5,2025033000204,2,0,35,2025-03-30 08:10,2025-03-30 11:10,54084,灌木雨叶,陕西省,西安市,长安区,长安区洨河湿地公园(洨河北路南200米),ad8bd6bf-9e46-4b2d-9313-4c1d311636e5,陕西,西安,,,2025-03-01,2026-03-01,2,serial_id,asc,5,2026-03-10T10:47:02+00:00
6d086fd7-2798-456f-af8f-dcbaacee4ddf,2025033000308,2,0,3,2025-03-30 10:00,2025-03-30 11:00,37924,延河,陕西省,西安市,周至县,周至县厚畛子镇G108(马鞍桥),6d086fd7-2798-456f-af8f-dcbaacee4ddf,陕西,西安,,,2025-03-01,2026-03-01,2,serial_id,asc,5,2026-03-10T10:47:02+00:00
8112a408-4ae2-48c5-9c13-1c3470647f50,2025033000353,2,0,23,2025-03-30 08:00,2025-03-30 09:00,69634,伊羊肉卷,陕西省,西安市,碑林区,碑林区兴庆宫公园(兴庆宫公园通阳门东北150米),8112a408-4ae2-48c5-9c13-1c3470647f50,陕西,西安,,,2025-03-01,2026-03-01,2,serial_id,asc,5,2026-03-10T10:47:02+00:00
5a59f91e-c6e9-4b4e-bc1f-f7cce605b336,2025033000479,2,0,1,2025-03-30 11:00,2025-03-30 12:00,33940,白胜荣,陕西省,西安市,周至县,周至县板房子镇陈家咀,5a59f91e-c6e9-4b4e-bc1f-f7cce605b336,陕西,西安,,,2025-03-01,2026-03-01,2,serial_id,asc,5,2026-03-10T10:47:02+00:00
691f3472-63f9-47e2-9289-9d6e7db92c3d,2025033000825,2,0,24,2025-03-30 08:05,2025-03-30 11:00,70590,Elim看鸟,陕西省,西安市,碑林区,兴庆宫公园,691f3472-63f9-47e2-9289-9d6e7db92c3d,陕西,西安,,,2025-03-01,2026-03-01,2,serial_id,asc,5,2026-03-10T10:47:02+00:00
020e9de0-d42a-47eb-a4f5-e4d2dd788df6,2025033000830,2,0,4,2025-03-12 12:02,2025-03-12 13:30,70590,Elim看鸟,陕西省,西安市,莲湖区,丰庆公园,020e9de0-d42a-47eb-a4f5-e4d2dd788df6,陕西,西安,,,2025-03-01,2026-03-01,2,serial_id,asc,5,2026-03-10T10:47:02+00:00
bfa0fad0-9285-4c7d-9e02-b26b7a863723,2025033000833,2,0,23,2025-03-30 08:00,2025-03-30 09:00,81154,海树,陕西省,西安市,碑林区,碑林区兴庆宫公园(兴庆宫公园通阳门东北150米),bfa0fad0-9285-4c7d-9e02-b26b7a863723,陕西,西安,,,2025-03-01,2026-03-01,2,serial_id,asc,5,2026-03-10T10:47:02+00:00
c1803778-3347-4f27-9be5-4a5e5a59f4ea,2025033001003,2,0,5,2025-03-30 14:00,2025-03-30 15:00,57847,乐仙蜻蜓,陕西省,西安市,鄠邑区,西安石油大学(鄠邑校区),c1803778-3347-4f27-9be5-4a5e5a59f4ea,陕西,西安,,,2025-03-01,2026-03-01,2,serial_id,asc,5,2026-03-10T10:47:02+00:00
f5005ab6-d82e-4c19-8314-332be996a8f8,2025033001135,2,0,7,2025-03-30 14:15,2025-03-30 15:15,57607,西石大绿源白鱀豚,陕西省,西安市,鄠邑区,西安石油大学(鄠邑校区),f5005ab6-d82e-4c19-8314-332be996a8f8,陕西,西安,,,2025-03-01,2026-03-01,2,serial_id,asc,5,2026-03-10T10:47:02+00:00
b6a79aba-2f60-495f-9149-310d7bf04141,2025033001201,2,0,1,2025-03-30 15:00,2025-03-30 16:00,75204,雪子哥,陕西省,西安市,长安区,渭河湿地,b6a79aba-2f60-495f-9149-310d7bf04141,陕西,西安,,,2025-03-01,2026-03-01,2,serial_id,asc,5,2026-03-10T10:47:02+00:00
176b6d8a-1731-4660-bb71-5b76b442aa93,2025033001223,2,0,18,2025-03-30 15:00,2025-03-30 16:00,45951,回声,陕西省,西安市,未央区,未央区漕运明渠桥北300米(河堤路北),176b6d8a-1731-4660-bb71-5b76b442aa93,陕西,西安,,,2025-03-01,2026-03-01,2,serial_id,asc,5,2026-03-10T10:47:02+00:00
7d492559-5dc8-46d9-9459-ee6527b017dc,2025033001315,2,0,30,2025-03-30 15:00,2025-03-30 16:00,63633,吃些乌桕子,陕西省,西安市,长安区,土门峪村,7d492559-5dc8-46d9-9459-ee6527b017dc,陕西,西安,,,2025-03-01,2026-03-01,2,serial_id,asc,5,2026-03-10T10:47:02+00:00
692dd6c2-46d4-4ef6-bd8b-d633dc83cd16,2025033001837,2,0,24,2025-03-30 16:00,2025-03-30 18:00,54636,鹊影,陕西省,西安市,长安区,樊川公园,692dd6c2-46d4-4ef6-bd8b-d633dc83cd16,陕西,西安,,,2025-03-01,2026-03-01,2,serial_id,asc,5,2026-03-10T10:47:02+00:00
7bcad0df-1033-4874-918f-4623f9706f0a,2025033002168,2,0,43,2025-03-30 09:00,2025-03-30 11:30,30320,户外农夫,陕西省,西安市,阎良区,西安市阎良石川河,7bcad0df-1033-4874-918f-4623f9706f0a,陕西,西安,,,2025-03-01,2026-03-01,2,serial_id,asc,5,2026-03-10T10:47:02+00:00
54e95c28-5ecf-488a-815f-e30097be6c87,2025033002200,2,0,7,2025-03-30 14:00,2025-03-30 15:00,80875,straysheep,陕西省,西安市,新城区,大明宫国家遗址公园,54e95c28-5ecf-488a-815f-e30097be6c87,陕西,西安,,,2025-03-01,2026-03-01,2,serial_id,asc,5,2026-03-10T10:47:02+00:00
b78be828-291d-47c1-bb74-3ad9046109d0,2025033002244,2,0,3,2025-03-17 11:30,2025-03-17 13:58,68612,嘿嘿仙女,陕西省,西安市,长安区,樊川公园,b78be828-291d-47c1-bb74-3ad9046109d0,陕西,西安,,,2025-03-01,2026-03-01,2,serial_id,asc,5,2026-03-10T10:47:02+00:00
7ba39b6d-5914-421b-8e88-e6b5e9cc18c6,2025033002247,2,0,24,2025-03-30 08:00,2025-03-30 09:00,81203,贺绒楠,陕西省,西安市,碑林区,碑林区兴庆宫公园(兴庆宫公园通阳门东北150米),7ba39b6d-5914-421b-8e88-e6b5e9cc18c6,陕西,西安,,,2025-03-01,2026-03-01,2,serial_id,asc,5,2026-03-10T10:47:02+00:00
9eda7b60-1e50-4faf-82a6-15c3843ad101,2025033002257,2,0,10,2025-03-30 07:00,2025-03-30 23:00,9103,白马,陕西省,西安市,未央区,长安书院,9eda7b60-1e50-4faf-82a6-15c3843ad101,陕西,西安,,,2025-03-01,2026-03-01,2,serial_id,asc,5,2026-03-10T10:47:02+00:00
b66b0ad7-22eb-4552-ab26-879dd61e70bd,2025033002339,2,0,16,2025-03-30 14:30,2025-03-30 17:30,45466,五法郎银币王,陕西省,西安市,新城区,大明宫国家遗址公园,b66b0ad7-22eb-4552-ab26-879dd61e70bd,陕西,西安,,,2025-03-01,2026-03-01,2,serial_id,asc,5,2026-03-10T10:47:02+00:00
6b09d12f-d760-4901-9c79-808f101ad020,2025033002625,2,0,7,2025-03-30 23:00,2025-03-31 00:00,73554,白鹡鸰早起去观鸟,陕西省,西安市,雁塔区,鹤鸣湖公园,6b09d12f-d760-4901-9c79-808f101ad020,陕西,西安,,,2025-03-01,2026-03-01,2,serial_id,asc,5,2026-03-10T10:47:02+00:00
be42b6da-c43e-45a7-8445-83b29104dfb2,2025033100496,2,0,29,2025-03-31 10:00,2025-03-31 11:00,65767,半枫荷,陕西省,西安市,未央区,浐灞国家湿地公园,be42b6da-c43e-45a7-8445-83b29104dfb2,陕西,西安,,,2025-03-01,2026-03-01,2,serial_id,asc,5,2026-03-10T10:47:02+00:00
1c349a72-2147-4747-a852-7a4c9a1a673e,2025033100950,2,0,6,2025-03-31 11:04,2025-03-31 12:07,80875,straysheep,陕西省,西安市,雁塔区,曲江池遗址公园,1c349a72-2147-4747-a852-7a4c9a1a673e,陕西,西安,,,2025-03-01,2026-03-01,2,serial_id,asc,5,2026-03-10T10:47:02+00:00
4ff48972-d433-44ca-a47f-feeea9830448,2025033101006,2,0,47,2025-03-30 11:00,2025-03-30 19:01,41958,阿迪攒钱钱,陕西省,西安市,周至县,杨凌渭河湿地生态公园,4ff48972-d433-44ca-a47f-feeea9830448,陕西,西安,,,2025-03-01,2026-03-01,2,serial_id,asc,5,2026-03-10T10:47:02+00:00
80b53c21-76db-41b0-be3b-8846c0528859,2025033101088,2,0,1,2025-03-30 11:54,2025-03-30 13:18,76693,yjyyjy,陕西省,西安市,长安区,长安区昆明池·七夕公园,80b53c21-76db-41b0-be3b-8846c0528859,陕西,西安,,,2025-03-01,2026-03-01,2,serial_id,asc,5,2026-03-10T10:47:02+00:00
9d68983d-5e14-4d1c-8e67-462a8d3a7c55,2025033101288,2,0,9,2025-03-28 12:00,2025-03-28 17:58,73973,fly,陕西省,西安市,雁塔区,西安交通大学(雁塔校区),9d68983d-5e14-4d1c-8e67-462a8d3a7c55,陕西,西安,,,2025-03-01,2026-03-01,2,serial_id,asc,5,2026-03-10T10:47:02+00:00
8d8bfab2-0fb0-49e9-8f12-75d65db66e6c,2025033101467,2,0,14,2025-03-31 09:20,2025-03-31 19:30,73973,fly,陕西省,西安市,雁塔区,西安交通大学(雁塔校区),8d8bfab2-0fb0-49e9-8f12-75d65db66e6c,陕西,西安,,,2025-03-01,2026-03-01,2,serial_id,asc,5,2026-03-10T10:47:02+00:00
34fc3794-6c99-4d32-8738-ea88830cbfd6,2025040100664,2,0,10,2025-04-01 13:00,2025-04-01 14:00,22366,688chxiuq,陕西省,西安市,长安区,长安区王莽街道刘秀村,34fc3794-6c99-4d32-8738-ea88830cbfd6,陕西,西安,,,2025-03-01,2026-03-01,2,serial_id,asc,5,2026-03-10T10:47:02+00:00
a2361799-766a-4837-87a1-9713f2a360b5,2025040100755,2,0,5,2025-04-01 13:00,2025-04-01 14:00,22345,山丘,陕西省,西安市,长安区,长安区古秦渡酒业王莽生态水稻种植基地西100米,a2361799-766a-4837-87a1-9713f2a360b5,陕西,西安,,,2025-03-01,2026-03-01,2,serial_id,asc,5,2026-03-10T10:47:02+00:00
159f5cd6-91d0-464b-b4c2-b211cef39ad5,2025040101216,2,0,10,2025-04-01 18:00,2025-04-01 19:00,69634,伊羊肉卷,陕西省,西安市,长安区,西安交通大学科技创新港科创基地,159f5cd6-91d0-464b-b4c2-b211cef39ad5,陕西,西安,,,2025-03-01,2026-03-01,2,serial_id,asc,5,2026-03-10T10:47:02+00:00
ed0cf10d-9414-4743-aee1-40ccc42fa77a,2025040200195,2,0,7,2025-04-01 15:07,2025-04-01 16:07,73705,泥巴00Z,陕西省,西安市,雁塔区,曲江池遗址公园,ed0cf10d-9414-4743-aee1-40ccc42fa77a,陕西,西安,,,2025-03-01,2026-03-01,2,serial_id,asc,5,2026-03-10T10:47:02+00:00
f1ca44d7-5808-4f36-9c34-0fd05a9bd352,2025040200534,2,0,6,2025-04-02 09:51,2025-04-02 11:51,68296,艾尼路,陕西省,西安市,灞桥区,灞河西岸滨河公园(灞柳西路4号附近),f1ca44d7-5808-4f36-9c34-0fd05a9bd352,陕西,西安,,,2025-03-01,2026-03-01,2,serial_id,asc,5,2026-03-10T10:47:02+00:00
43d752f7-0538-493a-ac1c-c2ea5bb16518,2025040200543,2,0,4,2025-04-02 12:00,2025-04-02 13:00,80829,BobbY,陕西省,西安市,灞桥区,灞河西岸滨河公园(灞柳西路4号附近),43d752f7-0538-493a-ac1c-c2ea5bb16518,陕西,西安,,,2025-03-01,2026-03-01,2,serial_id,asc,5,2026-03-10T10:47:02+00:00
5a45cd1f-0459-452e-83ba-d46e7239e306,2025040200569,2,0,6,2025-04-02 12:00,2025-04-02 13:00,66900,modi,陕西省,西安市,雁塔区,雁塔区新纪元公园东南门西100米(高新二路西),5a45cd1f-0459-452e-83ba-d46e7239e306,陕西,西安,,,2025-03-01,2026-03-01,2,serial_id,asc,5,2026-03-10T10:47:02+00:00
71174a81-c315-4e1c-8577-c4d2d6325f4e,2025040200811,2,0,7,2025-04-02 15:00,2025-04-02 16:00,73554,白鹡鸰早起去观鸟,陕西省,西安市,新城区,长乐公园,71174a81-c315-4e1c-8577-c4d2d6325f4e,陕西,西安,,,2025-03-01,2026-03-01,2,serial_id,asc,5,2026-03-10T10:47:02+00:00
0c69c8a2-f0c8-4341-9401-de56ed15b448,2025040200815,2,0,1,2025-04-02 15:00,2025-04-02 16:00,73554,白鹡鸰早起去观鸟,陕西省,西安市,碑林区,西安理工大学(金花校区),0c69c8a2-f0c8-4341-9401-de56ed15b448,陕西,西安,,,2025-03-01,2026-03-01,2,serial_id,asc,5,2026-03-10T10:47:02+00:00
7383a3cc-77c3-417d-84ef-bbb7a72ae49f,2025040200910,2,0,1,2025-04-02 16:00,2025-04-02 16:30,53920,Ouzel,陕西省,西安市,碑林区,西安交通大学兴庆校区,7383a3cc-77c3-417d-84ef-bbb7a72ae49f,陕西,西安,,,2025-03-01,2026-03-01,2,serial_id,asc,5,2026-03-10T10:47:02+00:00
8f55ed04-fa53-444c-aa3e-64b4a4358f92,2025040200935,2,0,10,2025-04-02 16:00,2025-04-02 17:00,57847,乐仙蜻蜓,陕西省,西安市,鄠邑区,西安石油大学(鄠邑校区),8f55ed04-fa53-444c-aa3e-64b4a4358f92,陕西,西安,,,2025-03-01,2026-03-01,2,serial_id,asc,6,2026-03-10T10:47:04+00:00
3f5db334-f325-420b-bc19-6ae1a5b3e29f,2025040200961,2,0,13,2025-04-02 16:00,2025-04-02 17:00,3975,稷朝,陕西省,西安市,灞桥区,灞桥生态湿地公园(灞柳一路南150米),3f5db334-f325-420b-bc19-6ae1a5b3e29f,陕西,西安,,,2025-03-01,2026-03-01,2,serial_id,asc,6,2026-03-10T10:47:04+00:00
54ce5bc0-c656-4baf-9676-60248a56b3c0,2025040201145,2,0,10,2025-04-02 16:00,2025-04-02 18:00,57607,西石大绿源白鱀豚,陕西省,西安市,鄠邑区,西安石油大学(鄠邑校区),54ce5bc0-c656-4baf-9676-60248a56b3c0,陕西,西安,,,2025-03-01,2026-03-01,2,serial_id,asc,6,2026-03-10T10:47:04+00:00
9b616ddd-35cb-4c65-8154-3a9fbc4d513a,2025040201249,2,0,10,2025-04-02 10:00,2025-04-02 19:00,73973,fly,陕西省,西安市,雁塔区,西安交通大学(雁塔校区),9b616ddd-35cb-4c65-8154-3a9fbc4d513a,陕西,西安,,,2025-03-01,2026-03-01,2,serial_id,asc,6,2026-03-10T10:47:04+00:00
370dd64f-3126-4ac2-8100-83e0c986d1d2,2025040201359,2,0,22,2025-04-02 19:00,2025-04-02 20:00,74505,ppop,陕西省,西安市,长安区,樊川公园,370dd64f-3126-4ac2-8100-83e0c986d1d2,陕西,西安,,,2025-03-01,2026-03-01,2,serial_id,asc,6,2026-03-10T10:47:04+00:00
02229559-a471-4812-9f32-9f03b52583e9,2025040201548,2,0,11,2025-04-02 17:00,2025-04-02 18:00,77815,荼蘼花,陕西省,西安市,鄠邑区,西安石油大学(鄠邑校区),02229559-a471-4812-9f32-9f03b52583e9,陕西,西安,,,2025-03-01,2026-03-01,2,serial_id,asc,6,2026-03-10T10:47:04+00:00
bf01ce9d-334b-4adf-b444-5221e6902ad2,2025040201615,2,0,7,2025-04-02 15:38,2025-04-02 16:38,23276,ai37up,陕西省,西安市,临潼区,秦始皇帝陵博物院丽山园,bf01ce9d-334b-4adf-b444-5221e6902ad2,陕西,西安,,,2025-03-01,2026-03-01,2,serial_id,asc,6,2026-03-10T10:47:04+00:00
317de872-59f1-471d-8709-b9bc0067e7ba,2025040201643,2,0,4,2025-04-02 17:07,2025-04-02 17:10,80875,straysheep,陕西省,西安市,高陵区,昭慧广场,317de872-59f1-471d-8709-b9bc0067e7ba,陕西,西安,,,2025-03-01,2026-03-01,2,serial_id,asc,6,2026-03-10T10:47:04+00:00
4f00d96a-17a9-4509-b41f-1b51aca5e9a1,2025040300302,2,0,13,2025-04-03 08:00,2025-04-03 09:00,57847,乐仙蜻蜓,陕西省,西安市,鄠邑区,西安石油大学(鄠邑校区),4f00d96a-17a9-4509-b41f-1b51aca5e9a1,陕西,西安,,,2025-03-01,2026-03-01,2,serial_id,asc,6,2026-03-10T10:47:04+00:00
8cb2ac3d-edd5-4667-835f-2a90ecb38ace,2025040300702,2,0,1,2025-04-01 14:30,2025-04-01 14:30,48901,dawngloam,陕西省,西安市,雁塔区,青龙寺遗址公园,8cb2ac3d-edd5-4667-835f-2a90ecb38ace,陕西,西安,,,2025-03-01,2026-03-01,2,serial_id,asc,6,2026-03-10T10:47:04+00:00
0ac09582-6f42-4260-b388-1af798b4a4ce,2025040300704,2,0,20,2025-04-01 15:00,2025-04-01 16:45,48901,dawngloam,陕西省,西安市,灞桥区,灞河西岸滨河公园(灞柳西路4号附近),0ac09582-6f42-4260-b388-1af798b4a4ce,陕西,西安,,,2025-03-01,2026-03-01,2,serial_id,asc,6,2026-03-10T10:47:04+00:00
eb37277f-1d35-4378-9673-74a31da0ee5d,2025040301113,2,0,1,2025-04-03 07:00,2025-04-03 20:00,71816,dagang,陕西省,西安市,长安区,沣河生态湿地公园,eb37277f-1d35-4378-9673-74a31da0ee5d,陕西,西安,,,2025-03-01,2026-03-01,2,serial_id,asc,6,2026-03-10T10:47:04+00:00
8e962340-83ee-4c3f-a38e-cfe355860d65,2025040301392,2,0,1,2025-04-03 08:00,2025-04-03 09:00,73973,fly,陕西省,西安市,雁塔区,西安交通大学(雁塔校区),8e962340-83ee-4c3f-a38e-cfe355860d65,陕西,西安,,,2025-03-01,2026-03-01,2,serial_id,asc,6,2026-03-10T10:47:04+00:00
e619c262-c89a-467c-b5f4-255f2e78804f,2025040400250,2,0,40,2025-04-04 07:00,2025-04-04 08:00,69634,伊羊肉卷,陕西省,西安市,鄠邑区,涝渭湿地公园,e619c262-c89a-467c-b5f4-255f2e78804f,陕西,西安,,,2025-03-01,2026-03-01,2,serial_id,asc,6,2026-03-10T10:47:04+00:00
8b7504f1-36aa-45dd-b060-5bd0e864ac5e,2025040400283,2,0,37,2025-04-04 08:30,2025-04-04 11:30,54689,WhentheLEVEEbreaks,陕西省,西安市,长安区,长安区洨河湿地公园(洨河北路南100米),8b7504f1-36aa-45dd-b060-5bd0e864ac5e,陕西,西安,,,2025-03-01,2026-03-01,2,serial_id,asc,6,2026-03-10T10:47:04+00:00
de528f62-4d57-43db-bde6-41f3b5d36b5d,2025040400573,2,0,1,2025-04-04 10:00,2025-04-04 11:00,72548,未定种,陕西省,西安市,周至县,中湾,de528f62-4d57-43db-bde6-41f3b5d36b5d,陕西,西安,,,2025-03-01,2026-03-01,2,serial_id,asc,6,2026-03-10T10:47:04+00:00
f8acc888-3312-4201-b455-4e0e1650f3cd,2025040400578,2,0,5,2025-04-04 10:00,2025-04-04 11:00,57847,乐仙蜻蜓,陕西省,西安市,鄠邑区,西安石油大学(鄠邑校区),f8acc888-3312-4201-b455-4e0e1650f3cd,陕西,西安,,,2025-03-01,2026-03-01,2,serial_id,asc,6,2026-03-10T10:47:04+00:00
5c72e768-1df7-423c-8103-9f85b696dd24,2025040400784,2,0,29,2025-04-04 10:00,2025-04-04 11:00,67225,落林,陕西省,西安市,长安区,樊川公园,5c72e768-1df7-423c-8103-9f85b696dd24,陕西,西安,,,2025-03-01,2026-03-01,2,serial_id,asc,6,2026-03-10T10:47:04+00:00
c4e93bff-ee20-4b5f-bb4d-4a0bdcb8ce4f,2025040400952,2,0,6,2025-04-04 13:00,2025-04-04 14:00,81546,果制酒饮品,陕西省,西安市,长安区,西北大学(长安校区),c4e93bff-ee20-4b5f-bb4d-4a0bdcb8ce4f,陕西,西安,,,2025-03-01,2026-03-01,2,serial_id,asc,6,2026-03-10T10:47:04+00:00
b08fb67b-a442-4e6d-82f9-74f9df5a7f13,2025040400953,2,0,26,2025-04-04 10:08,2025-04-04 12:08,60201,小鹨666,陕西省,西安市,长安区,创新港及渭河湿地,b08fb67b-a442-4e6d-82f9-74f9df5a7f13,陕西,西安,,,2025-03-01,2026-03-01,2,serial_id,asc,6,2026-03-10T10:47:04+00:00
111a24d2-e25f-47c7-9aa9-2c68af30855f,2025040401115,2,0,50,2025-04-04 13:00,2025-04-04 14:00,45365,亮亮的观鸟日常,陕西省,西安市,鄠邑区,涝渭湿地公园,111a24d2-e25f-47c7-9aa9-2c68af30855f,陕西,西安,,,2025-03-01,2026-03-01,2,serial_id,asc,6,2026-03-10T10:47:04+00:00
1ce51609-dd40-43e4-8160-f3bc5becf3d4,2025040401488,2,0,34,2025-04-04 09:00,2025-04-04 17:00,68854,甜心大马猴,陕西省,西安市,未央区,浐灞国家湿地公园,1ce51609-dd40-43e4-8160-f3bc5becf3d4,陕西,西安,,,2025-03-01,2026-03-01,2,serial_id,asc,6,2026-03-10T10:47:04+00:00
cd628376-d42d-4d29-8fce-48367b8607e6,2025040401669,2,0,1,2025-04-04 07:30,2025-04-04 08:00,81608,Watson,陕西省,西安市,碑林区,西安市卫生学校,cd628376-d42d-4d29-8fce-48367b8607e6,陕西,西安,,,2025-03-01,2026-03-01,2,serial_id,asc,6,2026-03-10T10:47:04+00:00
38ec8054-76a4-47b0-a873-2bcbf3200c8f,2025040401961,2,0,18,2025-04-04 14:00,2025-04-04 15:18,67225,落林,陕西省,西安市,灞桥区,陕西西安泾渭湿地,38ec8054-76a4-47b0-a873-2bcbf3200c8f,陕西,西安,,,2025-03-01,2026-03-01,2,serial_id,asc,6,2026-03-10T10:47:04+00:00
0dbc7278-5783-41af-850c-f987737ef96e,2025040402074,2,0,18,2025-04-04 14:00,2025-04-04 15:18,71698,正在阴暗观鸟的毒蕈,陕西省,西安市,灞桥区,陕西西安泾渭湿地,0dbc7278-5783-41af-850c-f987737ef96e,陕西,西安,,,2025-03-01,2026-03-01,2,serial_id,asc,6,2026-03-10T10:47:04+00:00
a06089f2-0fbc-4769-ad82-460164ed477e,2025040402078,2,0,29,2025-04-04 10:00,2025-04-04 11:00,71698,正在阴暗观鸟的毒蕈,陕西省,西安市,长安区,樊川公园,a06089f2-0fbc-4769-ad82-460164ed477e,陕西,西安,,,2025-03-01,2026-03-01,2,serial_id,asc,6,2026-03-10T10:47:04+00:00
de019328-6920-4209-939d-db285ecf8a4d,2025040402149,2,0,35,2025-04-04 09:00,2025-04-04 16:40,66650,黄花酢浆草,陕西省,西安市,未央区,未央区西安浐灞国家湿地公园(灞河西路北),de019328-6920-4209-939d-db285ecf8a4d,陕西,西安,,,2025-03-01,2026-03-01,2,serial_id,asc,6,2026-03-10T10:47:04+00:00
04984dc9-f1d3-489e-9446-05b033d8fc29,2025040402262,2,0,6,2025-04-04 09:00,2025-04-04 11:00,81608,Watson,陕西省,西安市,雁塔区,陕西省西安市西安植物园新区,04984dc9-f1d3-489e-9446-05b033d8fc29,陕西,西安,,,2025-03-01,2026-03-01,2,serial_id,asc,6,2026-03-10T10:47:04+00:00
b64879d5-ef61-47b0-87de-d488600deda7,2025040402498,2,0,23,2025-04-04 16:30,2025-04-04 19:00,71440,meowto,陕西省,西安市,灞桥区,西安浐灞桃花潭公园,b64879d5-ef61-47b0-87de-d488600deda7,陕西,西安,,,2025-03-01,2026-03-01,2,serial_id,asc,6,2026-03-10T10:47:04+00:00
f7756282-4bd8-404f-b9ba-b49a2768424c,2025040402816,2,0,33,2025-03-30 08:10,2025-03-30 11:10,66398,香香鸡贴贴,陕西省,西安市,长安区,洨河生态公园,f7756282-4bd8-404f-b9ba-b49a2768424c,陕西,西安,,,2025-03-01,2026-03-01,2,serial_id,asc,6,2026-03-10T10:47:04+00:00
0881fcf8-ec66-4740-b5c3-42a714d980eb,2025040500035,2,0,1,2025-04-05 00:00,2025-04-05 01:00,81484,2173516261,陕西省,西安市,长安区,西安电子科技大学(南校区),0881fcf8-ec66-4740-b5c3-42a714d980eb,陕西,西安,,,2025-03-01,2026-03-01,2,serial_id,asc,6,2026-03-10T10:47:04+00:00
0d2416f4-de78-4320-a3d1-4b5f1d946e64,2025040500060,2,0,5,2025-04-04 11:00,2025-04-04 12:10,54636,鹊影,陕西省,西安市,周至县,黑河森林公园,0d2416f4-de78-4320-a3d1-4b5f1d946e64,陕西,西安,,,2025-03-01,2026-03-01,2,serial_id,asc,6,2026-03-10T10:47:04+00:00
56fc621e-4d5c-4501-9cfc-d06d558b5234,2025040500349,2,0,11,2025-04-05 08:00,2025-04-05 09:00,67447,05274的观鸟生活,陕西省,西安市,灞桥区,灞河东路,56fc621e-4d5c-4501-9cfc-d06d558b5234,陕西,西安,,,2025-03-01,2026-03-01,2,serial_id,asc,6,2026-03-10T10:47:04+00:00
426a5417-6483-40d8-b1d9-0660726f7eb2,2025040500398,2,0,8,2025-04-05 09:00,2025-04-05 10:00,49594,松树菌子,陕西省,西安市,未央区,未央区西安浐灞国家湿地公园,426a5417-6483-40d8-b1d9-0660726f7eb2,陕西,西安,,,2025-03-01,2026-03-01,2,serial_id,asc,6,2026-03-10T10:47:04+00:00
03cc7e3b-ec59-4483-80fc-1e7aa5a92bd4,2025040501270,2,0,1,2025-04-05 13:00,2025-04-05 14:00,80829,BobbY,陕西省,西安市,长安区,樊川公园,03cc7e3b-ec59-4483-80fc-1e7aa5a92bd4,陕西,西安,,,2025-03-01,2026-03-01,2,serial_id,asc,6,2026-03-10T10:47:04+00:00
26077fc0-5e80-4ce1-9f07-4946cb9fe1b2,2025040501414,2,0,6,2025-04-04 15:18,2025-04-04 16:11,26689,FrankChen,陕西省,西安市,莲湖区,丰庆公园,26077fc0-5e80-4ce1-9f07-4946cb9fe1b2,陕西,西安,,,2025-03-01,2026-03-01,2,serial_id,asc,6,2026-03-10T10:47:04+00:00
ce4cc15c-8a03-47a4-97d2-7ec07b0143a5,2025040501651,2,0,15,2025-04-05 14:00,2025-04-05 15:00,67447,05274的观鸟生活,陕西省,西安市,未央区,未央区西安浐灞国家湿地公园(启源三路北),ce4cc15c-8a03-47a4-97d2-7ec07b0143a5,陕西,西安,,,2025-03-01,2026-03-01,2,serial_id,asc,6,2026-03-10T10:47:04+00:00
6d5f6087-f9f8-4517-84d4-337c40b5ba40,2025040501727,2,0,14,2025-04-05 15:00,2025-04-05 16:00,80370,sury,陕西省,西安市,长安区,长安区王庄社区(Z021南150米),6d5f6087-f9f8-4517-84d4-337c40b5ba40,陕西,西安,,,2025-03-01,2026-03-01,2,serial_id,asc,6,2026-03-10T10:47:04+00:00
f38a2349-1bf2-4c7f-a6ce-ded954912985,2025040501836,2,0,8,2025-04-05 09:45,2025-04-05 11:45,81608,Watson,陕西省,西安市,未央区,浐灞国家湿地公园,f38a2349-1bf2-4c7f-a6ce-ded954912985,陕西,西安,,,2025-03-01,2026-03-01,2,serial_id,asc,6,2026-03-10T10:47:04+00:00
9af99925-e18b-4291-b009-1c851fd042d5,2025040502144,2,0,29,2025-04-04 10:00,2025-04-04 11:00,58868,snakefish,陕西省,西安市,长安区,樊川公园,9af99925-e18b-4291-b009-1c851fd042d5,陕西,西安,,,2025-03-01,2026-03-01,2,serial_id,asc,6,2026-03-10T10:47:04+00:00
90224ca3-299f-41d2-ae34-4068c3fc768f,2025040502146,2,0,18,2025-04-04 14:00,2025-04-04 15:18,58868,snakefish,陕西省,西安市,灞桥区,陕西西安泾渭湿地,90224ca3-299f-41d2-ae34-4068c3fc768f,陕西,西安,,,2025-03-01,2026-03-01,2,serial_id,asc,6,2026-03-10T10:47:04+00:00
14e8ae0b-f456-49be-986d-39b5071b8bd9,2025040502163,2,0,29,2025-04-04 10:00,2025-04-04 11:00,50567,万年久,陕西省,西安市,长安区,樊川公园,14e8ae0b-f456-49be-986d-39b5071b8bd9,陕西,西安,,,2025-03-01,2026-03-01,2,serial_id,asc,6,2026-03-10T10:47:04+00:00
d1c90a11-622f-4798-b029-c166bbd10db7,2025040502165,2,0,18,2025-04-04 14:00,2025-04-04 15:18,50567,万年久,陕西省,西安市,灞桥区,陕西西安泾渭湿地,d1c90a11-622f-4798-b029-c166bbd10db7,陕西,西安,,,2025-03-01,2026-03-01,2,serial_id,asc,6,2026-03-10T10:47:04+00:00
022de347-ca24-4b2e-8c95-2905255fd2b2,2025040502453,2,0,7,2025-04-05 18:00,2025-04-05 19:00,54636,鹊影,陕西省,西安市,长安区,长安区国泰庄园(关中环线北100米),022de347-ca24-4b2e-8c95-2905255fd2b2,陕西,西安,,,2025-03-01,2026-03-01,2,serial_id,asc,6,2026-03-10T10:47:04+00:00
335a55fe-aa5e-4a29-a138-2bb3944abad1,2025040502666,2,0,6,2025-04-05 18:00,2025-04-05 19:00,57607,西石大绿源白鱀豚,陕西省,西安市,鄠邑区,西安石油大学(鄠邑校区),335a55fe-aa5e-4a29-a138-2bb3944abad1,陕西,西安,,,2025-03-01,2026-03-01,2,serial_id,asc,6,2026-03-10T10:47:04+00:00
9c2cc044-6b10-4f21-a238-2a2047bdb65e,2025040502841,2,0,23,2025-04-05 17:00,2025-04-05 19:30,71440,meowto,陕西省,西安市,鄠邑区,涝渭湿地公园,9c2cc044-6b10-4f21-a238-2a2047bdb65e,陕西,西安,,,2025-03-01,2026-03-01,2,serial_id,asc,6,2026-03-10T10:47:04+00:00
15ea090e-493d-4c23-adab-841f7d544e67,2025040502903,2,0,7,2025-04-05 20:00,2025-04-05 21:00,81203,贺绒楠,陕西省,西安市,雁塔区,浐灞生态区雁鸣湖湿地,15ea090e-493d-4c23-adab-841f7d544e67,陕西,西安,,,2025-03-01,2026-03-01,2,serial_id,asc,6,2026-03-10T10:47:04+00:00
aaaf021a-6c07-4d99-be5b-b8a106f3930d,2025040600321,2,0,10,2025-04-06 09:00,2025-04-06 10:00,73666,春水云上,陕西省,西安市,长安区,长安区翠华山国家地质公园,aaaf021a-6c07-4d99-be5b-b8a106f3930d,陕西,西安,,,2025-03-01,2026-03-01,2,serial_id,asc,6,2026-03-10T10:47:04+00:00
de5576b3-ef36-4c16-bf75-9c2c295adabb,2025040600373,2,0,6,2025-04-06 09:00,2025-04-06 11:29,46288,张军ZJ,陕西省,西安市,周至县,秦岭国家植物园,de5576b3-ef36-4c16-bf75-9c2c295adabb,陕西,西安,,,2025-03-01,2026-03-01,2,serial_id,asc,6,2026-03-10T10:47:04+00:00
4fcb4097-d7b5-4309-ae86-e1de95dbc658,2025040601020,2,0,1,2025-04-06 12:20,2025-04-06 17:35,81546,果制酒饮品,陕西省,西安市,长安区,西北大学(长安校区),4fcb4097-d7b5-4309-ae86-e1de95dbc658,陕西,西安,,,2025-03-01,2026-03-01,2,serial_id,asc,6,2026-03-10T10:47:04+00:00
0d16aa74-662a-44be-8b40-9a3842a78ea0,2025040602118,2,0,6,2025-04-06 18:00,2025-04-06 19:00,80370,sury,陕西省,西安市,长安区,油库文化艺术中心,0d16aa74-662a-44be-8b40-9a3842a78ea0,陕西,西安,,,2025-03-01,2026-03-01,2,serial_id,asc,7,2026-03-10T10:47:06+00:00
40a9eb9c-8fa6-4db3-a3dd-cf8bc0cc1124,2025040602566,2,0,3,2025-04-06 17:00,2025-04-06 19:00,78460,minamoto,陕西省,西安市,鄠邑区,涝渭湿地公园,40a9eb9c-8fa6-4db3-a3dd-cf8bc0cc1124,陕西,西安,,,2025-03-01,2026-03-01,2,serial_id,asc,7,2026-03-10T10:47:06+00:00
d1a31b3b-6c36-41d4-8648-94ed4ec883c9,2025040700314,2,0,3,2025-04-07 09:00,2025-04-07 10:00,76693,yjyyjy,陕西省,西安市,长安区,樊川公园,d1a31b3b-6c36-41d4-8648-94ed4ec883c9,陕西,西安,,,2025-03-01,2026-03-01,2,serial_id,asc,7,2026-03-10T10:47:06+00:00
6231c3ad-738b-4b52-a384-e46caba98466,2025040700350,2,0,6,2025-04-07 10:00,2025-04-07 11:00,22384,牧马人,陕西省,西安市,未央区,建强路,6231c3ad-738b-4b52-a384-e46caba98466,陕西,西安,,,2025-03-01,2026-03-01,2,serial_id,asc,7,2026-03-10T10:47:06+00:00
65a9fa99-3cfd-4240-aad6-fe1f6a18bcec,2025040700721,2,0,6,2025-04-07 13:00,2025-04-07 14:00,80829,BobbY,陕西省,西安市,未央区,草滩街道河堤路北400米,65a9fa99-3cfd-4240-aad6-fe1f6a18bcec,陕西,西安,,,2025-03-01,2026-03-01,2,serial_id,asc,7,2026-03-10T10:47:06+00:00
e30a2621-3506-481d-83ae-60f9d8d2c584,2025040700727,2,0,7,2025-04-07 13:00,2025-04-07 14:00,68296,艾尼路,陕西省,西安市,未央区,未央区天玑湖西700米,e30a2621-3506-481d-83ae-60f9d8d2c584,陕西,西安,,,2025-03-01,2026-03-01,2,serial_id,asc,7,2026-03-10T10:47:06+00:00
d5dc2c54-999a-4a09-8861-c29cb018bde8,2025040700818,2,0,2,2025-04-07 14:00,2025-04-07 15:00,53897,阿伟,陕西省,西安市,蓝田县,蓝田县安村镇鲸鱼沟,d5dc2c54-999a-4a09-8861-c29cb018bde8,陕西,西安,,,2025-03-01,2026-03-01,2,serial_id,asc,7,2026-03-10T10:47:06+00:00
00e84eb2-83f1-48ab-8f74-781f08e2e334,2025040700821,2,0,3,2025-04-07 14:00,2025-04-07 15:00,53897,阿伟,陕西省,西安市,蓝田县,蓝田县蓝关街道榆林村,00e84eb2-83f1-48ab-8f74-781f08e2e334,陕西,西安,,,2025-03-01,2026-03-01,2,serial_id,asc,7,2026-03-10T10:47:06+00:00
77ae0bab-ea28-4658-a136-79329cdfd25e,2025040700824,2,0,1,2025-04-07 14:00,2025-04-07 15:00,53897,阿伟,陕西省,西安市,鄠邑区,涝渭湿地公园,77ae0bab-ea28-4658-a136-79329cdfd25e,陕西,西安,,,2025-03-01,2026-03-01,2,serial_id,asc,7,2026-03-10T10:47:06+00:00
e1cfb9b5-9f3d-4d75-adac-927523a3d335,2025040701557,2,0,15,2025-04-06 09:45,2025-04-06 15:00,81608,Watson,陕西省,西安市,新城区,大明宫国家遗址公园,e1cfb9b5-9f3d-4d75-adac-927523a3d335,陕西,西安,,,2025-03-01,2026-03-01,2,serial_id,asc,7,2026-03-10T10:47:06+00:00
12758ffb-6965-4454-a0e8-73a5a944ab9a,2025040800567,2,0,1,2025-04-08 13:00,2025-04-08 14:00,63026,gallups,陕西省,西安市,碑林区,西安环城公园,12758ffb-6965-4454-a0e8-73a5a944ab9a,陕西,西安,,,2025-03-01,2026-03-01,2,serial_id,asc,7,2026-03-10T10:47:06+00:00
66f9e987-e6eb-480d-85bf-0408e353aa3d,2025040800911,2,0,1,2025-04-08 16:00,2025-04-08 16:00,53920,Ouzel,陕西省,西安市,碑林区,西安交通大学兴庆校区,66f9e987-e6eb-480d-85bf-0408e353aa3d,陕西,西安,,,2025-03-01,2026-03-01,2,serial_id,asc,7,2026-03-10T10:47:06+00:00
3d7ddb5d-d740-4398-8c0c-9e16ca11dcc4,2025040801270,2,0,1,2025-03-22 17:41,2025-03-22 18:41,58868,snakefish,陕西省,西安市,灞桥区,灞桥生态湿地公园,3d7ddb5d-d740-4398-8c0c-9e16ca11dcc4,陕西,西安,,,2025-03-01,2026-03-01,2,serial_id,asc,7,2026-03-10T10:47:06+00:00
90cac5be-4bab-4031-8ae0-fbecfe8ebb16,2025040801386,2,0,32,2025-04-08 16:15,2025-04-08 18:15,48901,dawngloam,陕西省,西安市,长安区,长安区樊川公园,90cac5be-4bab-4031-8ae0-fbecfe8ebb16,陕西,西安,,,2025-03-01,2026-03-01,2,serial_id,asc,7,2026-03-10T10:47:06+00:00
7e8ef064-083b-482c-8219-1dc9ce7d9ec6,2025040801391,2,0,10,2025-04-08 18:00,2025-04-08 19:00,73973,fly,陕西省,西安市,雁塔区,西安交通大学(雁塔校区),7e8ef064-083b-482c-8219-1dc9ce7d9ec6,陕西,西安,,,2025-03-01,2026-03-01,2,serial_id,asc,7,2026-03-10T10:47:06+00:00
af6f5bea-ec54-49e9-9beb-b0cdb72b20c9,2025040900241,2,0,2,2025-04-09 09:00,2025-04-09 10:00,73664,Valley,陕西省,西安市,未央区,浐灞国家湿地公园,af6f5bea-ec54-49e9-9beb-b0cdb72b20c9,陕西,西安,,,2025-03-01,2026-03-01,2,serial_id,asc,7,2026-03-10T10:47:06+00:00
56e41c0c-7f1a-4891-82f2-358b06ad1dbd,2025040900419,2,0,18,2025-04-09 08:30,2025-04-09 11:00,78662,绿翅旋壁雀,陕西省,西安市,灞桥区,西安浐灞桃花潭公园,56e41c0c-7f1a-4891-82f2-358b06ad1dbd,陕西,西安,,,2025-03-01,2026-03-01,2,serial_id,asc,7,2026-03-10T10:47:06+00:00
50e902e7-845c-449e-aaea-d682275fd1e8,2025040900487,2,0,12,2025-04-09 09:00,2025-04-09 14:00,73973,fly,陕西省,西安市,雁塔区,西安交通大学(雁塔校区),50e902e7-845c-449e-aaea-d682275fd1e8,陕西,西安,,,2025-03-01,2026-03-01,2,serial_id,asc,7,2026-03-10T10:47:06+00:00
7a149175-905e-4a45-b77d-b65339da5bd0,2025040900544,2,0,4,2025-04-09 13:00,2025-04-09 14:00,73554,白鹡鸰早起去观鸟,陕西省,西安市,碑林区,西安理工大学(金花校区),7a149175-905e-4a45-b77d-b65339da5bd0,陕西,西安,,,2025-03-01,2026-03-01,2,serial_id,asc,7,2026-03-10T10:47:06+00:00
b6788492-94d6-4095-b2fc-f363f8d12f00,2025040900923,2,0,1,2025-04-09 17:00,2025-04-09 17:06,53920,Ouzel,陕西省,西安市,碑林区,西安交通大学兴庆校区,b6788492-94d6-4095-b2fc-f363f8d12f00,陕西,西安,,,2025-03-01,2026-03-01,2,serial_id,asc,7,2026-03-10T10:47:06+00:00
7440a094-8a16-44c0-895c-455497835d1f,2025040901183,2,0,4,2025-04-09 19:00,2025-04-09 20:00,80875,straysheep,陕西省,西安市,未央区,汉城湖旅游景区,7440a094-8a16-44c0-895c-455497835d1f,陕西,西安,,,2025-03-01,2026-03-01,2,serial_id,asc,7,2026-03-10T10:47:06+00:00
90210d97-d184-4e07-a069-9b3776375dbe,2025041000204,2,0,40,2025-04-10 06:30,2025-04-10 07:40,30320,户外农夫,陕西省,西安市,阎良区,西安市阎良石川河,90210d97-d184-4e07-a069-9b3776375dbe,陕西,西安,,,2025-03-01,2026-03-01,2,serial_id,asc,7,2026-03-10T10:47:06+00:00
5958dccb-0a88-4d1a-a64d-1ca336398ca1,2025041000741,2,0,3,2025-04-10 15:00,2025-04-10 16:00,25795,田野上最大的南瓜,陕西省,西安市,碑林区,小雁塔,5958dccb-0a88-4d1a-a64d-1ca336398ca1,陕西,西安,,,2025-03-01,2026-03-01,2,serial_id,asc,7,2026-03-10T10:47:06+00:00
14b74807-b68f-421f-bcdc-6adf1c9b7cff,2025041000990,2,0,13,2025-04-10 16:30,2025-04-10 18:00,73973,fly,陕西省,西安市,雁塔区,西安交通大学(雁塔校区),14b74807-b68f-421f-bcdc-6adf1c9b7cff,陕西,西安,,,2025-03-01,2026-03-01,2,serial_id,asc,7,2026-03-10T10:47:06+00:00
1ca2ca95-1a1d-402a-8b8f-a3ca5b267862,2025041001154,2,0,3,2025-03-15 16:00,2025-03-15 18:14,74305,oo1201,陕西省,西安市,新城区,大明宫国家遗址公园,1ca2ca95-1a1d-402a-8b8f-a3ca5b267862,陕西,西安,,,2025-03-01,2026-03-01,2,serial_id,asc,7,2026-03-10T10:47:06+00:00
0d0a46c0-304b-4d68-ad50-48d96368c386,2025041001163,2,0,5,2025-03-09 17:00,2025-03-09 18:30,74305,oo1201,陕西省,西安市,灞桥区,灞柳西路B坝广场,0d0a46c0-304b-4d68-ad50-48d96368c386,陕西,西安,,,2025-03-01,2026-03-01,2,serial_id,asc,7,2026-03-10T10:47:06+00:00
16c9f99d-e3f5-42d2-82f6-28182253f4b9,2025041001224,2,0,1,2025-04-07 08:39,2025-04-07 08:46,54093,风的自然,陕西省,西安市,雁塔区,陕西师范大学(雁塔校区),16c9f99d-e3f5-42d2-82f6-28182253f4b9,陕西,西安,,,2025-03-01,2026-03-01,2,serial_id,asc,7,2026-03-10T10:47:06+00:00
8ae9c16c-0318-435e-a59e-b7aa03028d23,2025041100029,2,0,9,2025-04-02 18:00,2025-04-02 18:50,54636,鹊影,陕西省,西安市,未央区,陕西省西安中学,8ae9c16c-0318-435e-a59e-b7aa03028d23,陕西,西安,,,2025-03-01,2026-03-01,2,serial_id,asc,7,2026-03-10T10:47:06+00:00
28505734-5ec7-4d02-9ce4-898122aa465a,2025041100030,2,0,16,2025-04-07 13:05,2025-04-10 19:57,54636,鹊影,陕西省,西安市,未央区,陕西省西安中学,28505734-5ec7-4d02-9ce4-898122aa465a,陕西,西安,,,2025-03-01,2026-03-01,2,serial_id,asc,7,2026-03-10T10:47:06+00:00
5b60350f-708b-4992-8cda-ddf120cc996f,2025041100994,2,0,9,2025-04-11 13:15,2025-04-11 15:44,73554,白鹡鸰早起去观鸟,陕西省,西安市,碑林区,兴庆宫公园,5b60350f-708b-4992-8cda-ddf120cc996f,陕西,西安,,,2025-03-01,2026-03-01,2,serial_id,asc,7,2026-03-10T10:47:06+00:00
c622ec2a-b6d0-4c5c-8489-8be83129724f,2025041101268,2,0,1,2025-04-11 09:00,2025-04-11 09:30,81608,Watson,陕西省,西安市,莲湖区,丰庆公园,c622ec2a-b6d0-4c5c-8489-8be83129724f,陕西,西安,,,2025-03-01,2026-03-01,2,serial_id,asc,7,2026-03-10T10:47:06+00:00
420a8b80-7813-4550-a19d-3a1d1eb82ac8,2025041101271,2,0,8,2025-04-11 20:00,2025-04-11 21:00,80911,小睡,陕西省,西安市,雁塔区,青龙寺,420a8b80-7813-4550-a19d-3a1d1eb82ac8,陕西,西安,,,2025-03-01,2026-03-01,2,serial_id,asc,7,2026-03-10T10:47:06+00:00
0232837e-eb6c-4618-babb-3d58314f42ab,2025041101274,2,0,3,2025-04-11 20:00,2025-04-11 21:00,80911,小睡,陕西省,西安市,碑林区,兴庆宫公园,0232837e-eb6c-4618-babb-3d58314f42ab,陕西,西安,,,2025-03-01,2026-03-01,2,serial_id,asc,7,2026-03-10T10:47:06+00:00
9e8467fc-974f-42fd-9a91-58b2ec25f3b3,2025041200351,2,0,12,2025-04-12 10:00,2025-04-12 11:00,37241,漱石,陕西省,西安市,长安区,西北工业大学长安校区海天苑,9e8467fc-974f-42fd-9a91-58b2ec25f3b3,陕西,西安,,,2025-03-01,2026-03-01,2,serial_id,asc,7,2026-03-10T10:47:06+00:00
e7c27072-23f0-4a7d-84a2-8fa791569e7c,2025041200875,2,0,6,2025-04-12 17:00,2025-04-12 18:00,80911,小睡,陕西省,西安市,雁塔区,曲江池遗址公园,e7c27072-23f0-4a7d-84a2-8fa791569e7c,陕西,西安,,,2025-03-01,2026-03-01,2,serial_id,asc,7,2026-03-10T10:47:06+00:00
5cae134c-6c05-4d30-a59f-ebf29b08ff82,2025041201179,2,0,6,2025-04-12 21:00,2025-04-12 22:00,63026,gallups,陕西省,西安市,长安区,清凉山森林公园,5cae134c-6c05-4d30-a59f-ebf29b08ff82,陕西,西安,,,2025-03-01,2026-03-01,2,serial_id,asc,7,2026-03-10T10:47:06+00:00
28cc7a51-e323-4868-a7b0-3cb49b9d1c5a,2025041300213,2,0,8,2025-04-13 08:00,2025-04-13 09:00,32202,2N3501,陕西省,西安市,长安区,航天中湖公园,28cc7a51-e323-4868-a7b0-3cb49b9d1c5a,陕西,西安,,,2025-03-01,2026-03-01,2,serial_id,asc,7,2026-03-10T10:47:06+00:00
2098a29e-7293-4600-940d-50092f344138,2025041300247,2,0,5,2025-04-13 09:00,2025-04-13 09:15,38539,Tmics,陕西省,西安市,莲湖区,西安环城公园,2098a29e-7293-4600-940d-50092f344138,陕西,西安,,,2025-03-01,2026-03-01,2,serial_id,asc,7,2026-03-10T10:47:06+00:00
20463d28-1884-4fbe-be0c-8b4dcdeaa9fb,2025041300617,2,0,44,2025-04-13 07:00,2025-04-13 10:30,30320,户外农夫,陕西省,西安市,阎良区,西安市阎良石川河,20463d28-1884-4fbe-be0c-8b4dcdeaa9fb,陕西,西安,,,2025-03-01,2026-03-01,2,serial_id,asc,7,2026-03-10T10:47:06+00:00
5a53a9cd-4f6b-4311-ba0b-19daf091e1c9,2025041300790,2,0,5,2025-04-13 00:00,2025-04-13 23:59,82516,香石楠,陕西省,西安市,雁塔区,陕西师范大学(雁塔校区),5a53a9cd-4f6b-4311-ba0b-19daf091e1c9,陕西,西安,,,2025-03-01,2026-03-01,2,serial_id,asc,7,2026-03-10T10:47:06+00:00
026dcf94-4a83-4191-a788-771db5a37cb4,2025041300794,2,0,2,2025-04-13 12:00,2025-04-13 13:00,82687,15091014022,陕西省,西安市,雁塔区,陕西师范大学(雁塔校区),026dcf94-4a83-4191-a788-771db5a37cb4,陕西,西安,,,2025-03-01,2026-03-01,2,serial_id,asc,7,2026-03-10T10:47:06+00:00
a1202894-a6cd-4d18-b49b-4014c9778ea4,2025041300917,2,0,1,2025-04-13 13:00,2025-04-13 14:00,80829,BobbY,陕西省,西安市,长安区,樊川公园,a1202894-a6cd-4d18-b49b-4014c9778ea4,陕西,西安,,,2025-03-01,2026-03-01,2,serial_id,asc,7,2026-03-10T10:47:06+00:00
6a4656cf-f0f4-47f4-a099-a6fe7a9e403b,2025041301166,2,0,9,2025-04-13 12:30,2025-04-13 15:30,82624,赤星,陕西省,西安市,雁塔区,陕西师范大学(雁塔校区)西平院学生宿舍,6a4656cf-f0f4-47f4-a099-a6fe7a9e403b,陕西,西安,,,2025-03-01,2026-03-01,2,serial_id,asc,7,2026-03-10T10:47:06+00:00
40e849a2-3364-415e-affd-25050519e4ea,2025041301241,2,0,9,2025-04-13 07:45,2025-04-13 09:00,81608,Watson,陕西省,西安市,灞桥区,西安浐灞桃花潭公园(西安市灞桥区),40e849a2-3364-415e-affd-25050519e4ea,陕西,西安,,,2025-03-01,2026-03-01,2,serial_id,asc,7,2026-03-10T10:47:06+00:00
45f32a72-8de3-4b49-8000-6f86c67c1c83,2025041301587,2,0,11,2025-04-13 17:00,2025-04-13 18:00,42327,lznsama,陕西省,西安市,周至县,黑河入渭口,45f32a72-8de3-4b49-8000-6f86c67c1c83,陕西,西安,,,2025-03-01,2026-03-01,2,serial_id,asc,7,2026-03-10T10:47:06+00:00
1848afe9-c0de-47b4-98cd-321488c52b51,2025041301616,2,0,8,2025-04-13 10:00,2025-04-13 22:00,82691,LLYRA,陕西省,西安市,雁塔区,陕西师范大学(雁塔校区),1848afe9-c0de-47b4-98cd-321488c52b51,陕西,西安,,,2025-03-01,2026-03-01,2,serial_id,asc,7,2026-03-10T10:47:06+00:00
46a27f0b-a725-4746-9053-8c41ea832131,2025041301733,2,0,8,2025-04-13 18:00,2025-04-13 19:00,81203,贺绒楠,陕西省,西安市,莲湖区,丰庆公园,46a27f0b-a725-4746-9053-8c41ea832131,陕西,西安,,,2025-03-01,2026-03-01,2,serial_id,asc,7,2026-03-10T10:47:06+00:00
94a3fa78-a3e3-47f5-8acc-82afab7857eb,2025041301795,2,0,8,2025-04-12 12:00,2025-04-12 13:00,82577,ravengugugu,陕西省,西安市,雁塔区,陕西师范大学(雁塔校区),94a3fa78-a3e3-47f5-8acc-82afab7857eb,陕西,西安,,,2025-03-01,2026-03-01,2,serial_id,asc,7,2026-03-10T10:47:06+00:00
43df14e1-5461-4d0b-9b1c-83449bb6a9c7,2025041301893,2,0,12,2025-04-13 15:00,2025-04-13 19:00,82495,白兰兰,陕西省,西安市,长安区,陕西师范大学(长安校区),43df14e1-5461-4d0b-9b1c-83449bb6a9c7,陕西,西安,,,2025-03-01,2026-03-01,2,serial_id,asc,7,2026-03-10T10:47:06+00:00
8e89542d-afb5-4327-8581-29f777b85a87,2025041301896,2,0,9,2025-04-13 17:17,2025-04-13 23:50,82675,五更,陕西省,西安市,长安区,陕师大长安校区,8e89542d-afb5-4327-8581-29f777b85a87,陕西,西安,,,2025-03-01,2026-03-01,2,serial_id,asc,7,2026-03-10T10:47:06+00:00
076d76f5-8428-4b14-972c-4de744208e6d,2025041301928,2,0,8,2025-04-13 14:06,2025-04-13 16:20,81546,果制酒饮品,陕西省,西安市,雁塔区,西安植物园,076d76f5-8428-4b14-972c-4de744208e6d,陕西,西安,,,2025-03-01,2026-03-01,2,serial_id,asc,8,2026-03-10T10:47:09+00:00
74ccb0c3-9c57-480b-9876-56a1893f718c,2025041302334,2,0,11,2025-04-13 00:01,2025-04-13 23:59,82634,叶海云,陕西省,西安市,长安区,陕西师范大学(长安校区),74ccb0c3-9c57-480b-9876-56a1893f718c,陕西,西安,,,2025-03-01,2026-03-01,2,serial_id,asc,8,2026-03-10T10:47:09+00:00
fe9e910c-9dff-4a03-8c71-261871bbeb2a,2025041302353,2,0,8,2025-04-13 00:00,2025-04-13 22:20,82626,胡婷婷,陕西省,西安市,雁塔区,陕西师范大学(雁塔校区),fe9e910c-9dff-4a03-8c71-261871bbeb2a,陕西,西安,,,2025-03-01,2026-03-01,2,serial_id,asc,8,2026-03-10T10:47:09+00:00
e085b837-d7af-4ed6-9138-f5e3ceaac71b,2025041302433,2,0,10,2025-04-13 17:00,2025-04-13 18:00,82738,姚玥溪,陕西省,西安市,长安区,陝西師範大學(長安校區),e085b837-d7af-4ed6-9138-f5e3ceaac71b,陕西,西安,,,2025-03-01,2026-03-01,2,serial_id,asc,8,2026-03-10T10:47:09+00:00
db543d22-0e28-40fd-a62a-bff25d7589f0,2025041400244,2,0,20,2025-04-13 08:00,2025-04-13 09:00,81780,向往飞往远方的鸟,陕西省,西安市,长安区,陕西师范大学(长安校区),db543d22-0e28-40fd-a62a-bff25d7589f0,陕西,西安,,,2025-03-01,2026-03-01,2,serial_id,asc,8,2026-03-10T10:47:09+00:00
adfc8576-0681-4611-81a7-f6ba98149084,2025041400459,2,0,12,2025-04-13 12:00,2025-04-13 18:00,72513,逸风,陕西省,西安市,雁塔区,陕西师范大学(雁塔校区),adfc8576-0681-4611-81a7-f6ba98149084,陕西,西安,,,2025-03-01,2026-03-01,2,serial_id,asc,8,2026-03-10T10:47:09+00:00
30bae590-2df8-410e-ba1e-c6740ec790c5,2025041401069,2,0,1,2025-04-14 16:00,2025-04-14 17:00,64547,王雨杉,陕西省,西安市,鄠邑区,西安石油大学(鄠邑校区),30bae590-2df8-410e-ba1e-c6740ec790c5,陕西,西安,,,2025-03-01,2026-03-01,2,serial_id,asc,8,2026-03-10T10:47:09+00:00
d032a347-4a05-4340-8e95-d1c910d53e0c,2025041401200,2,0,19,2025-04-14 15:30,2025-04-14 17:00,71440,meowto,陕西省,西安市,鄠邑区,涝渭湿地公园,d032a347-4a05-4340-8e95-d1c910d53e0c,陕西,西安,,,2025-03-01,2026-03-01,2,serial_id,asc,8,2026-03-10T10:47:09+00:00
ab4028b4-c234-49bf-be90-beaefe8395ac,2025041401278,2,0,5,2025-04-14 18:20,2025-04-14 18:50,57607,西石大绿源白鱀豚,陕西省,西安市,鄠邑区,西安石油大学(鄠邑校区),ab4028b4-c234-49bf-be90-beaefe8395ac,陕西,西安,,,2025-03-01,2026-03-01,2,serial_id,asc,8,2026-03-10T10:47:09+00:00
168bf6b2-3581-42e0-af85-86c75c191bda,2025041500261,2,0,12,2025-04-13 13:05,2025-04-13 15:24,54093,风的自然,陕西省,西安市,雁塔区,陕西师范大学(雁塔校区),168bf6b2-3581-42e0-af85-86c75c191bda,陕西,西安,,,2025-03-01,2026-03-01,2,serial_id,asc,8,2026-03-10T10:47:09+00:00
9de1ab10-f8e1-4f6a-a184-2c7597f1c515,2025041500967,2,0,6,2025-04-14 15:00,2025-04-14 19:40,82983,usagiluo,陕西省,西安市,灞桥区,灞柳西路B坝广场,9de1ab10-f8e1-4f6a-a184-2c7597f1c515,陕西,西安,,,2025-03-01,2026-03-01,2,serial_id,asc,8,2026-03-10T10:47:09+00:00
982c4688-1146-49de-bda4-b37a3b2187b3,2025041501060,2,0,1,2025-04-15 18:00,2025-04-15 19:00,82624,赤星,陕西省,西安市,长安区,陝西師範大學(長安校區),982c4688-1146-49de-bda4-b37a3b2187b3,陕西,西安,,,2025-03-01,2026-03-01,2,serial_id,asc,8,2026-03-10T10:47:09+00:00
b5d04d4c-ae43-4253-8462-9dbfb2b066d3,2025041600653,2,0,27,2025-04-16 10:27,2025-04-16 12:30,71440,meowto,陕西省,西安市,鄠邑区,涝渭湿地公园,b5d04d4c-ae43-4253-8462-9dbfb2b066d3,陕西,西安,,,2025-03-01,2026-03-01,2,serial_id,asc,8,2026-03-10T10:47:09+00:00
135c30f2-7c76-4266-beac-66a1e0058180,2025041601321,2,0,3,2025-04-16 09:10,2025-04-16 13:10,68296,艾尼路,陕西省,西安市,长安区,樊川公园,135c30f2-7c76-4266-beac-66a1e0058180,陕西,西安,,,2025-03-01,2026-03-01,2,serial_id,asc,8,2026-03-10T10:47:09+00:00
6eb76226-f5dc-4651-b252-7e84b70aacad,2025041601386,2,0,40,2025-04-16 17:50,2025-04-16 19:10,30320,户外农夫,陕西省,西安市,阎良区,西安市阎良石川河,6eb76226-f5dc-4651-b252-7e84b70aacad,陕西,西安,,,2025-03-01,2026-03-01,2,serial_id,asc,8,2026-03-10T10:47:09+00:00
53cf2c51-7e0c-4d32-8ef8-3f9835e436ba,2025041601444,2,0,15,2025-04-16 21:00,2025-04-16 22:00,82983,usagiluo,陕西省,西安市,碑林区,西安交通大学,53cf2c51-7e0c-4d32-8ef8-3f9835e436ba,陕西,西安,,,2025-03-01,2026-03-01,2,serial_id,asc,8,2026-03-10T10:47:09+00:00
30393643-41a7-4eeb-994c-2456d52b7226,2025041700208,2,0,10,2025-04-17 09:00,2025-04-17 09:30,53920,Ouzel,陕西省,西安市,碑林区,西安交通大学兴庆校区,30393643-41a7-4eeb-994c-2456d52b7226,陕西,西安,,,2025-03-01,2026-03-01,2,serial_id,asc,8,2026-03-10T10:47:09+00:00
e595f334-4123-4165-9560-0f1634bac581,2025041700265,2,0,20,2025-04-16 07:00,2025-04-16 08:45,33447,血糕粉浆饭,陕西省,西安市,碑林区,兴庆公园,e595f334-4123-4165-9560-0f1634bac581,陕西,西安,,,2025-03-01,2026-03-01,2,serial_id,asc,8,2026-03-10T10:47:09+00:00
05aee415-961b-49d1-b3a4-cf9f9c7a89b9,2025041700350,2,0,22,2025-04-17 06:30,2025-04-17 08:30,33447,血糕粉浆饭,陕西省,西安市,灞桥区,雁鸣湖休闲公园,05aee415-961b-49d1-b3a4-cf9f9c7a89b9,陕西,西安,,,2025-03-01,2026-03-01,2,serial_id,asc,8,2026-03-10T10:47:09+00:00
bdc7aeb0-d681-462a-9061-80973a950534,2025041701492,2,0,5,2025-04-17 22:00,2025-04-17 23:00,74505,ppop,陕西省,西安市,莲湖区,西安莲湖公园,bdc7aeb0-d681-462a-9061-80973a950534,陕西,西安,,,2025-03-01,2026-03-01,2,serial_id,asc,8,2026-03-10T10:47:09+00:00
77c8bb3c-e627-460c-afcd-8615969ea9a2,2025041800140,2,0,2,2025-04-18 08:00,2025-04-18 09:00,54689,WhentheLEVEEbreaks,陕西省,西安市,莲湖区,钟鼓楼广场,77c8bb3c-e627-460c-afcd-8615969ea9a2,陕西,西安,,,2025-03-01,2026-03-01,2,serial_id,asc,8,2026-03-10T10:47:09+00:00
700c4a59-0a7c-4272-baf5-707fe13ec510,2025041800457,2,0,12,2025-04-18 08:20,2025-04-18 11:00,15090,刑小天在西交创新港,陕西省,西安市,长安区,西安市长安县二郎山,700c4a59-0a7c-4272-baf5-707fe13ec510,陕西,西安,,,2025-03-01,2026-03-01,2,serial_id,asc,8,2026-03-10T10:47:09+00:00
b765ecab-7b54-48e7-b1d9-98fc15f8ed25,2025041800460,2,0,5,2025-04-18 11:40,2025-04-18 12:20,15090,刑小天在西交创新港,陕西省,西安市,长安区,东大村,b765ecab-7b54-48e7-b1d9-98fc15f8ed25,陕西,西安,,,2025-03-01,2026-03-01,2,serial_id,asc,8,2026-03-10T10:47:09+00:00
46b63ca1-60fa-4d8b-81dd-9dc2b06b9636,2025041801050,2,0,21,2025-04-18 16:30,2025-04-18 18:00,53920,Ouzel,陕西省,西安市,碑林区,西安交通大学兴庆校区,46b63ca1-60fa-4d8b-81dd-9dc2b06b9636,陕西,西安,,,2025-03-01,2026-03-01,2,serial_id,asc,8,2026-03-10T10:47:09+00:00
5cb75072-b686-49f7-8553-58920fc83312,2025041801155,2,0,25,2025-04-18 16:11,2025-04-18 18:30,71440,meowto,陕西省,西安市,鄠邑区,涝渭湿地公园,5cb75072-b686-49f7-8553-58920fc83312,陕西,西安,,,2025-03-01,2026-03-01,2,serial_id,asc,8,2026-03-10T10:47:09+00:00
2f71c432-c287-4a73-af9c-724a5ce4f510,2025041900026,2,0,14,2025-04-13 15:00,2025-04-13 18:15,54636,鹊影,陕西省,西安市,新城区,大明宫国家遗址公园,2f71c432-c287-4a73-af9c-724a5ce4f510,陕西,西安,,,2025-03-01,2026-03-01,2,serial_id,asc,8,2026-03-10T10:47:09+00:00
8860ec47-9c8b-4996-adcf-f3f8da57d24d,2025041900916,2,0,1,2025-04-18 16:35,2025-04-18 17:35,68296,艾尼路,陕西省,西安市,雁塔区,曲江池遗址公园,8860ec47-9c8b-4996-adcf-f3f8da57d24d,陕西,西安,,,2025-03-01,2026-03-01,2,serial_id,asc,8,2026-03-10T10:47:09+00:00
6dbf08cd-9683-4375-9307-4f0938b6244d,2025041901565,2,0,9,2025-04-19 12:05,2025-04-19 14:24,83426,江晚,陕西省,西安市,长安区,樊川公园,6dbf08cd-9683-4375-9307-4f0938b6244d,陕西,西安,,,2025-03-01,2026-03-01,2,serial_id,asc,8,2026-03-10T10:47:09+00:00
3e877390-4ee9-423f-a3ae-6221c44d2152,2025041901570,2,0,67,2025-04-19 07:20,2025-04-19 19:30,30320,户外农夫,陕西省,西安市,阎良区,西安市阎良石川河,3e877390-4ee9-423f-a3ae-6221c44d2152,陕西,西安,,,2025-03-01,2026-03-01,2,serial_id,asc,8,2026-03-10T10:47:09+00:00
ddcf67b8-43f1-41f0-b8e6-bb06defddf91,2025041901603,2,0,4,2025-03-22 11:07,2025-03-22 13:10,83426,江晚,陕西省,西安市,莲湖区,丰庆公园,ddcf67b8-43f1-41f0-b8e6-bb06defddf91,陕西,西安,,,2025-03-01,2026-03-01,2,serial_id,asc,8,2026-03-10T10:47:09+00:00
61246603-6c43-4367-9e5e-dd0ffea2c22d,2025041901667,2,0,2,2025-03-15 11:27,2025-03-15 12:42,83426,江晚,陕西省,西安市,碑林区,兴庆宫公园,61246603-6c43-4367-9e5e-dd0ffea2c22d,陕西,西安,,,2025-03-01,2026-03-01,2,serial_id,asc,8,2026-03-10T10:47:09+00:00
33fbb644-b754-40f2-b3b1-fa943cc1e0eb,2025041902462,2,0,14,2025-04-19 07:00,2025-04-19 18:00,53920,Ouzel,陕西省,西安市,碑林区,西安交通大学兴庆校区,33fbb644-b754-40f2-b3b1-fa943cc1e0eb,陕西,西安,,,2025-03-01,2026-03-01,2,serial_id,asc,8,2026-03-10T10:47:09+00:00
4425c60b-ec05-406c-8000-e8e5be95ac3b,2025041902606,2,0,13,2025-04-19 18:00,2025-04-19 20:00,54636,鹊影,陕西省,西安市,未央区,未央区渭河生态景观区(明光路东),4425c60b-ec05-406c-8000-e8e5be95ac3b,陕西,西安,,,2025-03-01,2026-03-01,2,serial_id,asc,8,2026-03-10T10:47:09+00:00
a01d5543-3d56-4807-b0a5-7b9602f17e54,2025042000388,2,0,8,2025-04-20 09:00,2025-04-20 10:00,64240,观鸟的修路路2024,陕西省,西安市,长安区,长安区燕翔飞瀑,a01d5543-3d56-4807-b0a5-7b9602f17e54,陕西,西安,,,2025-03-01,2026-03-01,2,serial_id,asc,8,2026-03-10T10:47:09+00:00
6089c2b2-8716-46ec-b033-23e42ac4cd5c,2025042000518,2,0,15,2025-04-20 08:00,2025-04-20 09:00,59862,银杏1,陕西省,西安市,长安区,西工大长安校区,6089c2b2-8716-46ec-b033-23e42ac4cd5c,陕西,西安,,,2025-03-01,2026-03-01,2,serial_id,asc,8,2026-03-10T10:47:09+00:00
c0b5a77d-a417-4c32-aa09-88aec7e31c72,2025042001059,2,0,38,2025-04-20 08:00,2025-04-20 12:00,62650,oldt,陕西省,西安市,长安区,樊川公园,c0b5a77d-a417-4c32-aa09-88aec7e31c72,陕西,西安,,,2025-03-01,2026-03-01,2,serial_id,asc,8,2026-03-10T10:47:09+00:00
0f9102a5-0cf3-4bd4-b24a-94ce20066b9b,2025042001595,2,0,47,2025-04-20 15:00,2025-04-20 16:00,76693,yjyyjy,陕西省,西安市,未央区,浐灞国家湿地公园,0f9102a5-0cf3-4bd4-b24a-94ce20066b9b,陕西,西安,,,2025-03-01,2026-03-01,2,serial_id,asc,8,2026-03-10T10:47:09+00:00
2384b440-deeb-4207-8174-3cddac95db28,2025042001813,2,0,7,2025-04-20 16:00,2025-04-20 17:00,68296,艾尼路,陕西省,西安市,未央区,浐灞湿地公园,2384b440-deeb-4207-8174-3cddac95db28,陕西,西安,,,2025-03-01,2026-03-01,2,serial_id,asc,8,2026-03-10T10:47:09+00:00
fc82855d-90e0-44d9-b8ef-3854e4e58f4a,2025042002093,2,0,1,2025-04-20 18:00,2025-04-20 18:10,62650,oldt,陕西省,西安市,碑林区,西安城墙文昌门,fc82855d-90e0-44d9-b8ef-3854e4e58f4a,陕西,西安,,,2025-03-01,2026-03-01,2,serial_id,asc,8,2026-03-10T10:47:09+00:00
3a958551-0487-448d-a08d-8518103f8055,2025042002270,2,0,2,2025-04-20 19:00,2025-04-20 20:00,81546,果制酒饮品,陕西省,西安市,长安区,西北大学(长安校区),3a958551-0487-448d-a08d-8518103f8055,陕西,西安,,,2025-03-01,2026-03-01,2,serial_id,asc,8,2026-03-10T10:47:09+00:00
a724c7c7-6d78-4726-ad94-b4d3cb1f112a,2025042002329,2,0,46,2025-04-20 19:00,2025-04-20 20:00,74505,ppop,陕西省,西安市,未央区,浐灞国家湿地公园,a724c7c7-6d78-4726-ad94-b4d3cb1f112a,陕西,西安,,,2025-03-01,2026-03-01,2,serial_id,asc,8,2026-03-10T10:47:09+00:00
1be28745-b96f-422d-bda0-6aef062d7155,2025042002335,2,0,1,2025-04-20 19:00,2025-04-20 20:00,74505,ppop,陕西省,西安市,莲湖区,丰庆公园,1be28745-b96f-422d-bda0-6aef062d7155,陕西,西安,,,2025-03-01,2026-03-01,2,serial_id,asc,8,2026-03-10T10:47:09+00:00
cc0848c7-683c-4ba0-b565-4b0966294f7d,2025042002497,2,0,4,2025-04-20 10:00,2025-04-20 12:00,53920,Ouzel,陕西省,西安市,碑林区,西安交通大学兴庆校区,cc0848c7-683c-4ba0-b565-4b0966294f7d,陕西,西安,,,2025-03-01,2026-03-01,2,serial_id,asc,8,2026-03-10T10:47:09+00:00
ef5af1cf-a27d-4146-88bf-cbf8d162c521,2025042002598,2,0,10,2025-04-20 20:00,2025-04-20 21:00,69634,伊羊肉卷,陕西省,西安市,鄠邑区,涝渭湿地公园,ef5af1cf-a27d-4146-88bf-cbf8d162c521,陕西,西安,,,2025-03-01,2026-03-01,2,serial_id,asc,8,2026-03-10T10:47:09+00:00
69abd8d5-ac39-450f-b805-63e3593fa713,2025042002764,2,0,46,2025-04-20 06:30,2025-04-20 18:00,30320,户外农夫,陕西省,西安市,长安区,西安市长安县二郎山,69abd8d5-ac39-450f-b805-63e3593fa713,陕西,西安,,,2025-03-01,2026-03-01,2,serial_id,asc,8,2026-03-10T10:47:09+00:00
59901a53-7429-4d68-9dfd-969b5ee405bc,2025042100016,2,0,8,2025-04-20 09:00,2025-04-20 10:20,15090,刑小天在西交创新港,陕西省,西安市,莲湖区,丰庆公园,59901a53-7429-4d68-9dfd-969b5ee405bc,陕西,西安,,,2025-03-01,2026-03-01,2,serial_id,asc,8,2026-03-10T10:47:09+00:00
ff926532-2826-4938-a604-bc087bfe5e4e,2025042100019,2,0,8,2025-04-20 11:30,2025-04-20 12:40,15090,刑小天在西交创新港,陕西省,西安市,碑林区,西安交通大学兴庆校区,ff926532-2826-4938-a604-bc087bfe5e4e,陕西,西安,,,2025-03-01,2026-03-01,2,serial_id,asc,8,2026-03-10T10:47:09+00:00
e2d4f6db-adba-4abf-9d1e-73cdd38f710d,2025042100811,2,0,1,2025-04-21 14:00,2025-04-21 15:00,79105,18189235008,陕西省,西安市,未央区,大明宫遗址·太液池南岸水渠石桥遗迹(西安市),e2d4f6db-adba-4abf-9d1e-73cdd38f710d,陕西,西安,,,2025-03-01,2026-03-01,2,serial_id,asc,8,2026-03-10T10:47:09+00:00
31b83799-1024-4c1a-9bd3-1a58c10909db,2025042101188,2,0,7,2025-04-21 07:00,2025-04-21 09:00,54689,WhentheLEVEEbreaks,陕西省,西安市,莲湖区,丰庆公园,31b83799-1024-4c1a-9bd3-1a58c10909db,陕西,西安,,,2025-03-01,2026-03-01,2,serial_id,asc,8,2026-03-10T10:47:09+00:00
295508c5-618f-4a61-9c8b-a65633617a3f,2025042200125,2,0,2,2025-04-22 07:00,2025-04-22 08:00,2628,zuoluo,陕西省,西安市,未央区,星巴克(西安浐灞印象城店),295508c5-618f-4a61-9c8b-a65633617a3f,陕西,西安,,,2025-03-01,2026-03-01,2,serial_id,asc,8,2026-03-10T10:47:09+00:00
086b16c6-375e-490f-8706-545b44400165,2025042200558,2,0,3,2025-04-22 11:00,2025-04-22 12:00,68296,艾尼路,陕西省,西安市,莲湖区,丰庆公园,086b16c6-375e-490f-8706-545b44400165,陕西,西安,,,2025-03-01,2026-03-01,2,serial_id,asc,9,2026-03-10T10:47:11+00:00
9218ae3c-3bb3-4e21-ab20-c630ca5f1ee6,2025042200600,2,0,14,2025-04-22 12:00,2025-04-22 13:00,74505,ppop,陕西省,西安市,莲湖区,丰庆公园,9218ae3c-3bb3-4e21-ab20-c630ca5f1ee6,陕西,西安,,,2025-03-01,2026-03-01,2,serial_id,asc,9,2026-03-10T10:47:11+00:00
a1eaee7f-f3a2-4181-a383-7272aced3b1c,2025042200957,2,0,21,2025-04-22 13:07,2025-04-22 15:00,73554,白鹡鸰早起去观鸟,陕西省,西安市,灞桥区,浐河,a1eaee7f-f3a2-4181-a383-7272aced3b1c,陕西,西安,,,2025-03-01,2026-03-01,2,serial_id,asc,9,2026-03-10T10:47:11+00:00
72826190-a43f-4d45-8abd-cfc852de5d52,2025042300533,2,0,1,2025-04-23 12:30,2025-04-23 12:40,72757,Fantasime,陕西省,西安市,长安区,西北大学(长安校区),72826190-a43f-4d45-8abd-cfc852de5d52,陕西,西安,,,2025-03-01,2026-03-01,2,serial_id,asc,9,2026-03-10T10:47:11+00:00
a38ca74b-f5b9-4109-94fe-a28b852299ad,2025042301115,2,0,7,2025-04-23 16:00,2025-04-23 17:00,69205,伊犁鼠兔,陕西省,西安市,鄠邑区,西安石油大学(鄠邑校区),a38ca74b-f5b9-4109-94fe-a28b852299ad,陕西,西安,,,2025-03-01,2026-03-01,2,serial_id,asc,9,2026-03-10T10:47:11+00:00
12403c0c-03d5-4008-96af-73abd509251d,2025042400117,2,0,4,2025-04-24 06:00,2025-04-24 07:00,2628,zuoluo,陕西省,西安市,未央区,星巴克(西安浐灞印象城店),12403c0c-03d5-4008-96af-73abd509251d,陕西,西安,,,2025-03-01,2026-03-01,2,serial_id,asc,9,2026-03-10T10:47:11+00:00
ce692598-4cb2-4bc4-af5d-a99cd82a2d0f,2025042400192,2,0,11,2025-04-23 09:23,2025-04-23 17:00,72513,逸风,陕西省,西安市,雁塔区,曲江池遗址公园,ce692598-4cb2-4bc4-af5d-a99cd82a2d0f,陕西,西安,,,2025-03-01,2026-03-01,2,serial_id,asc,9,2026-03-10T10:47:11+00:00
8867e89c-d16e-4130-9f9a-d15829477853,2025042400394,2,0,22,2025-04-24 07:00,2025-04-24 09:26,64308,米兔兔,陕西省,西安市,长安区,樊川公园,8867e89c-d16e-4130-9f9a-d15829477853,陕西,西安,,,2025-03-01,2026-03-01,2,serial_id,asc,9,2026-03-10T10:47:11+00:00
71f8b4f4-cf74-40de-a69b-e8b4d92b11f2,2025042400395,2,0,2,2025-04-23 09:54,2025-04-23 11:54,64308,米兔兔,陕西省,西安市,长安区,西安秦岭野生动物园,71f8b4f4-cf74-40de-a69b-e8b4d92b11f2,陕西,西安,,,2025-03-01,2026-03-01,2,serial_id,asc,9,2026-03-10T10:47:11+00:00
357410fe-92bf-47a3-a78e-b9f6da3b7191,2025042400757,2,0,23,2025-04-24 07:26,2025-04-24 10:26,74337,ZTMPBF,陕西省,西安市,长安区,樊川公园,357410fe-92bf-47a3-a78e-b9f6da3b7191,陕西,西安,,,2025-03-01,2026-03-01,2,serial_id,asc,9,2026-03-10T10:47:11+00:00
89634277-04e3-4c4d-ae81-74de67c47cbc,2025042400758,2,0,3,2025-04-24 13:00,2025-04-24 14:00,73554,白鹡鸰早起去观鸟,陕西省,西安市,碑林区,兴庆宫公园,89634277-04e3-4c4d-ae81-74de67c47cbc,陕西,西安,,,2025-03-01,2026-03-01,2,serial_id,asc,9,2026-03-10T10:47:11+00:00
51a30e01-bb5c-43cd-96a3-852ed7c1e6be,2025042400806,2,0,8,2025-04-24 13:00,2025-04-24 14:00,66900,modi,陕西省,西安市,雁塔区,雁塔区新纪元公园东南门西100米(高新二路西),51a30e01-bb5c-43cd-96a3-852ed7c1e6be,陕西,西安,,,2025-03-01,2026-03-01,2,serial_id,asc,9,2026-03-10T10:47:11+00:00
d901d251-2495-4688-8290-ca4f3d21ec45,2025042500049,2,0,8,2025-04-21 16:15,2025-04-21 16:55,54636,鹊影,陕西省,西安市,未央区,陕西省西安中学,d901d251-2495-4688-8290-ca4f3d21ec45,陕西,西安,,,2025-03-01,2026-03-01,2,serial_id,asc,9,2026-03-10T10:47:11+00:00
9a57feb2-94a8-401e-a25b-591e165ce271,2025042500353,2,0,7,2025-04-25 10:00,2025-04-25 11:00,53920,Ouzel,陕西省,西安市,碑林区,西安交通大学兴庆校区,9a57feb2-94a8-401e-a25b-591e165ce271,陕西,西安,,,2025-03-01,2026-03-01,2,serial_id,asc,9,2026-03-10T10:47:11+00:00
c1e7bb0a-3bc1-46a7-a2c7-5452967ca598,2025042500355,2,0,9,2025-04-25 10:00,2025-04-25 11:00,74505,ppop,陕西省,西安市,莲湖区,丰庆公园,c1e7bb0a-3bc1-46a7-a2c7-5452967ca598,陕西,西安,,,2025-03-01,2026-03-01,2,serial_id,asc,9,2026-03-10T10:47:11+00:00
2904aa11-0b0e-4047-bf20-79503e0e4f07,2025042500733,2,0,9,2025-04-25 11:01,2025-04-25 12:01,81546,果制酒饮品,陕西省,西安市,长安区,西北大学(长安校区),2904aa11-0b0e-4047-bf20-79503e0e4f07,陕西,西安,,,2025-03-01,2026-03-01,2,serial_id,asc,9,2026-03-10T10:47:11+00:00
cb1166bf-722a-4aec-8af0-739c755ffcb3,2025042501511,2,0,1,2025-03-30 14:30,2025-04-25 15:00,81608,Watson,陕西省,西安市,莲湖区,丰庆公园,cb1166bf-722a-4aec-8af0-739c755ffcb3,陕西,西安,,,2025-03-01,2026-03-01,2,serial_id,asc,9,2026-03-10T10:47:11+00:00
c6622cc5-f986-4052-9b7c-deb056b61c0a,2025042501548,2,0,23,2025-04-25 16:00,2025-04-25 18:35,71440,meowto,陕西省,西安市,长安区,樊川公园,c6622cc5-f986-4052-9b7c-deb056b61c0a,陕西,西安,,,2025-03-01,2026-03-01,2,serial_id,asc,9,2026-03-10T10:47:11+00:00
19c174b9-5a5c-48d1-8a05-3fbe78968339,2025042501668,2,0,7,2025-04-25 09:10,2025-04-25 10:01,15090,刑小天在西交创新港,陕西省,西安市,碑林区,西安交通大学兴庆校区,19c174b9-5a5c-48d1-8a05-3fbe78968339,陕西,西安,,,2025-03-01,2026-03-01,2,serial_id,asc,9,2026-03-10T10:47:11+00:00
80a2081b-43fa-4fbe-972d-aee3eaeed9e4,2025042501669,2,0,13,2025-04-25 23:00,2025-04-26 00:00,76693,yjyyjy,陕西省,西安市,雁塔区,鹤鸣湖公园,80a2081b-43fa-4fbe-972d-aee3eaeed9e4,陕西,西安,,,2025-03-01,2026-03-01,2,serial_id,asc,9,2026-03-10T10:47:11+00:00
4bb3826d-4cf2-4ebc-88c2-10f368f757bf,2025042600066,2,0,8,2025-04-26 06:00,2025-04-26 07:00,74505,ppop,陕西省,西安市,长安区,圭峰寺,4bb3826d-4cf2-4ebc-88c2-10f368f757bf,陕西,西安,,,2025-03-01,2026-03-01,2,serial_id,asc,9,2026-03-10T10:47:11+00:00
4e33420d-492c-468d-9e5f-d5e9bef8becb,2025042600131,2,0,2,2025-04-26 07:00,2025-04-26 08:00,2628,zuoluo,陕西省,西安市,未央区,星巴克(西安浐灞印象城店),4e33420d-492c-468d-9e5f-d5e9bef8becb,陕西,西安,,,2025-03-01,2026-03-01,2,serial_id,asc,9,2026-03-10T10:47:11+00:00
c3cc41e4-0c28-42d1-bf05-ffd54c97b5a6,2025042600372,2,0,1,2025-04-26 09:00,2025-04-26 10:00,81546,果制酒饮品,陕西省,西安市,长安区,西北大学(长安校区),c3cc41e4-0c28-42d1-bf05-ffd54c97b5a6,陕西,西安,,,2025-03-01,2026-03-01,2,serial_id,asc,9,2026-03-10T10:47:11+00:00
e0ca2838-96e4-486f-aac0-e71d0043862f,2025042600471,2,0,30,2025-04-26 10:00,2025-04-26 11:00,45365,亮亮的观鸟日常,陕西省,西安市,鄠邑区,高冠瀑布,e0ca2838-96e4-486f-aac0-e71d0043862f,陕西,西安,,,2025-03-01,2026-03-01,2,serial_id,asc,9,2026-03-10T10:47:11+00:00
bc51276c-342e-480e-ae3e-07106824288b,2025042600905,2,0,29,2025-04-26 12:00,2025-04-26 13:00,75204,雪子哥,陕西省,西安市,长安区,圭峰寺-高冠峪,bc51276c-342e-480e-ae3e-07106824288b,陕西,西安,,,2025-03-01,2026-03-01,2,serial_id,asc,9,2026-03-10T10:47:11+00:00
b19d66dd-9f55-43f5-a9c7-86e58e91422f,2025042601562,2,0,5,2025-04-26 11:05,2025-04-26 12:24,83426,江晚,陕西省,西安市,莲湖区,丰庆公园,b19d66dd-9f55-43f5-a9c7-86e58e91422f,陕西,西安,,,2025-03-01,2026-03-01,2,serial_id,asc,9,2026-03-10T10:47:11+00:00
85471220-f01e-4347-a0d1-e9bb634b77eb,2025042601609,2,0,20,2025-04-26 12:05,2025-04-26 15:05,70590,Elim看鸟,陕西省,西安市,长安区,沣河梁家滩运动公园,85471220-f01e-4347-a0d1-e9bb634b77eb,陕西,西安,,,2025-03-01,2026-03-01,2,serial_id,asc,9,2026-03-10T10:47:11+00:00
341c7c9a-91ea-490f-8092-f304cba56569,2025042601728,2,0,47,2025-04-26 17:00,2025-04-26 18:00,74505,ppop,陕西省,西安市,未央区,浐灞国家湿地公园,341c7c9a-91ea-490f-8092-f304cba56569,陕西,西安,,,2025-03-01,2026-03-01,2,serial_id,asc,9,2026-03-10T10:47:11+00:00
9eb5a23e-dff2-469c-b2ec-6595a9970b9a,2025042601739,2,0,9,2025-04-26 17:00,2025-04-26 18:00,81203,贺绒楠,陕西省,西安市,新城区,大明宫国家遗址公园,9eb5a23e-dff2-469c-b2ec-6595a9970b9a,陕西,西安,,,2025-03-01,2026-03-01,2,serial_id,asc,9,2026-03-10T10:47:11+00:00
1e5aae11-cc3c-4dba-a046-4a457ffdf542,2025042601832,2,0,20,2025-04-26 14:05,2025-04-26 18:00,54636,鹊影,陕西省,西安市,莲湖区,丰庆公园,1e5aae11-cc3c-4dba-a046-4a457ffdf542,陕西,西安,,,2025-03-01,2026-03-01,2,serial_id,asc,9,2026-03-10T10:47:11+00:00
87453350-099f-47de-b358-9ab6f20d60c7,2025042602445,2,0,1,2025-04-26 21:00,2025-04-26 22:00,80875,straysheep,陕西省,西安市,长安区,长安区华严寺,87453350-099f-47de-b358-9ab6f20d60c7,陕西,西安,,,2025-03-01,2026-03-01,2,serial_id,asc,9,2026-03-10T10:47:11+00:00
c69aae92-d394-43f6-ab8e-172ade42c035,2025042602492,2,0,1,2025-04-26 18:00,2025-04-26 19:34,53920,Ouzel,陕西省,西安市,碑林区,西安交通大学兴庆校区,c69aae92-d394-43f6-ab8e-172ade42c035,陕西,西安,,,2025-03-01,2026-03-01,2,serial_id,asc,9,2026-03-10T10:47:11+00:00
b6397d5c-4f83-4bee-a7e1-b6b5d937c0bf,2025042700113,2,0,1,2025-04-27 06:00,2025-04-27 08:00,53920,Ouzel,陕西省,西安市,碑林区,西安交通大学兴庆校区,b6397d5c-4f83-4bee-a7e1-b6b5d937c0bf,陕西,西安,,,2025-03-01,2026-03-01,2,serial_id,asc,9,2026-03-10T10:47:11+00:00
17431596-33fe-49e1-8a48-2a81f2d9d78b,2025042700186,2,0,9,2025-04-26 09:00,2025-04-26 10:00,72904,李辉,陕西省,西安市,鄠邑区,涝渭湿地公园,17431596-33fe-49e1-8a48-2a81f2d9d78b,陕西,西安,,,2025-03-01,2026-03-01,2,serial_id,asc,9,2026-03-10T10:47:11+00:00
2f473dcb-ea17-4afc-808f-da95c09e2819,2025042700337,2,0,8,2025-04-27 09:00,2025-04-27 10:00,28884,塔尾树鹊,陕西省,西安市,临潼区,秦始皇兵马俑博物馆,2f473dcb-ea17-4afc-808f-da95c09e2819,陕西,西安,,,2025-03-01,2026-03-01,2,serial_id,asc,9,2026-03-10T10:47:11+00:00
acec0d67-63a4-4ca6-ba5d-87ec9259f6f2,2025042700518,2,0,35,2025-04-27 08:00,2025-04-27 09:00,59862,银杏1,陕西省,西安市,长安区,高冠河,acec0d67-63a4-4ca6-ba5d-87ec9259f6f2,陕西,西安,,,2025-03-01,2026-03-01,2,serial_id,asc,9,2026-03-10T10:47:11+00:00
86e9b3c7-405b-4816-8802-ea8e324785cf,2025042700533,2,0,33,2025-04-27 08:00,2025-04-27 09:00,37241,漱石,陕西省,西安市,长安区,高冠河,86e9b3c7-405b-4816-8802-ea8e324785cf,陕西,西安,,,2025-03-01,2026-03-01,2,serial_id,asc,9,2026-03-10T10:47:11+00:00
a9b61090-78f2-4515-b7cd-6b95b5a50333,2025042700669,2,0,35,2025-04-27 08:00,2025-04-27 11:30,67739,白腰雪雀,陕西省,西安市,未央区,浐灞国家湿地公园,a9b61090-78f2-4515-b7cd-6b95b5a50333,陕西,西安,,,2025-03-01,2026-03-01,2,serial_id,asc,9,2026-03-10T10:47:11+00:00
8a03e6c1-f742-4b9b-b3ec-cf78e3444fe5,2025042700732,2,0,10,2025-04-27 09:20,2025-04-27 11:35,81546,果制酒饮品,陕西省,西安市,长安区,西北大学(长安校区),8a03e6c1-f742-4b9b-b3ec-cf78e3444fe5,陕西,西安,,,2025-03-01,2026-03-01,2,serial_id,asc,9,2026-03-10T10:47:11+00:00
1bab62db-ba7c-43dd-a83e-ea09425af803,2025042700853,2,0,1,2025-04-27 11:45,2025-04-27 12:00,72757,Fantasime,陕西省,西安市,长安区,西北大学(长安校区),1bab62db-ba7c-43dd-a83e-ea09425af803,陕西,西安,,,2025-03-01,2026-03-01,2,serial_id,asc,9,2026-03-10T10:47:11+00:00
8eec33c4-f0f4-499a-bf4e-45369ae27a86,2025042700882,2,0,14,2025-04-27 10:40,2025-04-27 12:30,15090,刑小天在西交创新港,陕西省,西安市,碑林区,西安交通大学兴庆校区,8eec33c4-f0f4-499a-bf4e-45369ae27a86,陕西,西安,,,2025-03-01,2026-03-01,2,serial_id,asc,9,2026-03-10T10:47:11+00:00
688c9c19-e124-435d-956d-65b2fc77cf8d,2025042701140,2,0,1,2025-04-27 16:00,2025-04-27 17:00,80875,straysheep,陕西省,西安市,碑林区,西安环城公园,688c9c19-e124-435d-956d-65b2fc77cf8d,陕西,西安,,,2025-03-01,2026-03-01,2,serial_id,asc,9,2026-03-10T10:47:11+00:00
2f696fe7-428e-42ed-98b6-3464efaf3a5a,2025042702070,2,0,14,2025-04-27 17:00,2025-04-27 17:02,28884,塔尾树鹊,陕西省,西安市,临潼区,华清池,2f696fe7-428e-42ed-98b6-3464efaf3a5a,陕西,西安,,,2025-03-01,2026-03-01,2,serial_id,asc,9,2026-03-10T10:47:11+00:00
eb7f2ca6-9351-4c8a-a797-820e7cef8f70,2025042800095,2,0,8,2025-04-27 09:00,2025-04-27 10:00,75257,Sittavillosa,陕西省,西安市,临潼区,秦始皇兵马俑博物馆,eb7f2ca6-9351-4c8a-a797-820e7cef8f70,陕西,西安,,,2025-03-01,2026-03-01,2,serial_id,asc,9,2026-03-10T10:47:11+00:00
7059f89b-0656-4eed-a5a8-43fd67c2a38d,2025042800153,2,0,1,2025-04-28 06:00,2025-04-28 08:00,53920,Ouzel,陕西省,西安市,碑林区,西安交通大学兴庆校区,7059f89b-0656-4eed-a5a8-43fd67c2a38d,陕西,西安,,,2025-03-01,2026-03-01,2,serial_id,asc,9,2026-03-10T10:47:11+00:00
4f584388-b2da-47fe-996e-34727774c574,2025042801338,2,0,2,2025-04-28 18:00,2025-04-28 19:00,53920,Ouzel,陕西省,西安市,碑林区,西安交通大学兴庆校区,4f584388-b2da-47fe-996e-34727774c574,陕西,西安,,,2025-03-01,2026-03-01,2,serial_id,asc,9,2026-03-10T10:47:11+00:00
6d0def8f-b59f-4774-a4dd-a6aac53c3bf6,2025042801521,2,0,4,2025-04-28 16:59,2025-04-28 17:59,68296,艾尼路,陕西省,西安市,莲湖区,丰庆公园,6d0def8f-b59f-4774-a4dd-a6aac53c3bf6,陕西,西安,,,2025-03-01,2026-03-01,2,serial_id,asc,9,2026-03-10T10:47:11+00:00
b97cd9ff-6ed6-4e94-94f6-5db499f75708,2025042801692,2,0,18,2025-04-28 14:30,2025-04-28 17:42,71440,meowto,陕西省,西安市,灞桥区,西安浐灞桃花潭公园,b97cd9ff-6ed6-4e94-94f6-5db499f75708,陕西,西安,,,2025-03-01,2026-03-01,2,serial_id,asc,9,2026-03-10T10:47:11+00:00
902b9fdb-d13d-4957-85a1-258003bf21e0,2025042900402,2,0,7,2025-04-21 15:48,2025-04-21 17:48,74337,ZTMPBF,陕西省,西安市,雁塔区,西安植物园,902b9fdb-d13d-4957-85a1-258003bf21e0,陕西,西安,,,2025-03-01,2026-03-01,2,serial_id,asc,9,2026-03-10T10:47:11+00:00
9178f02f-b16f-45a5-82d6-988eef7f95e3,2025042900438,2,0,14,2025-04-29 09:00,2025-04-29 10:00,37241,漱石,陕西省,西安市,莲湖区,丰庆公园,9178f02f-b16f-45a5-82d6-988eef7f95e3,陕西,西安,,,2025-03-01,2026-03-01,2,serial_id,asc,9,2026-03-10T10:47:11+00:00
c3b726d1-3d6d-4da9-800a-a32c353a6769,2025042900545,2,0,4,2025-04-29 12:00,2025-04-29 13:00,28884,塔尾树鹊,陕西省,西安市,长安区,陕西考古博物馆,c3b726d1-3d6d-4da9-800a-a32c353a6769,陕西,西安,,,2025-03-01,2026-03-01,2,serial_id,asc,10,2026-03-10T10:47:14+00:00
4f870117-11c2-4d03-b36e-af87190c3635,2025042900550,2,0,3,2025-04-29 12:00,2025-04-29 13:00,75257,Sittavillosa,陕西省,西安市,长安区,陕西考古博物馆,4f870117-11c2-4d03-b36e-af87190c3635,陕西,西安,,,2025-03-01,2026-03-01,2,serial_id,asc,10,2026-03-10T10:47:14+00:00
815f4e6b-39ec-4716-abf5-da35c7e20a08,2025042900584,2,0,2,2025-04-29 06:00,2025-04-29 07:00,53920,Ouzel,陕西省,西安市,碑林区,西安交通大学兴庆校区,815f4e6b-39ec-4716-abf5-da35c7e20a08,陕西,西安,,,2025-03-01,2026-03-01,2,serial_id,asc,10,2026-03-10T10:47:14+00:00
f42e8357-0dd3-4f82-ae8c-5ff00608023a,2025042900990,2,0,3,2025-04-29 18:00,2025-04-29 19:00,53920,Ouzel,陕西省,西安市,碑林区,西安交通大学兴庆校区,f42e8357-0dd3-4f82-ae8c-5ff00608023a,陕西,西安,,,2025-03-01,2026-03-01,2,serial_id,asc,10,2026-03-10T10:47:14+00:00
bf456f3a-379d-46b6-9513-1cc77c6b4592,2025042901638,2,0,14,2025-04-22 14:30,2025-04-22 18:30,73973,fly,陕西省,西安市,雁塔区,西安交通大学(雁塔校区),bf456f3a-379d-46b6-9513-1cc77c6b4592,陕西,西安,,,2025-03-01,2026-03-01,2,serial_id,asc,10,2026-03-10T10:47:14+00:00
7e1425cf-a5bd-4903-bbf5-1576f0e47bd2,2025043000054,2,0,9,2025-04-29 11:00,2025-04-29 12:30,72757,Fantasime,陕西省,西安市,长安区,西北大学(长安校区),7e1425cf-a5bd-4903-bbf5-1576f0e47bd2,陕西,西安,,,2025-03-01,2026-03-01,2,serial_id,asc,10,2026-03-10T10:47:14+00:00
1c107ecb-2326-49c9-953d-d910dd75fc26,2025043000285,2,0,10,2025-04-30 09:00,2025-04-30 10:00,76693,yjyyjy,陕西省,西安市,雁塔区,鹤鸣湖,1c107ecb-2326-49c9-953d-d910dd75fc26,陕西,西安,,,2025-03-01,2026-03-01,2,serial_id,asc,10,2026-03-10T10:47:14+00:00
bf3c5c41-9914-403b-9350-e23a99e85a4c,2025043000339,2,0,1,2025-04-30 09:00,2025-04-30 10:00,25285,春风十里,陕西省,西安市,新城区,西安城墙(安远门),bf3c5c41-9914-403b-9350-e23a99e85a4c,陕西,西安,,,2025-03-01,2026-03-01,2,serial_id,asc,10,2026-03-10T10:47:14+00:00
e4195f5c-99e9-4d60-909d-55b99f7d575e,2025043000358,2,0,1,2025-04-30 10:00,2025-04-30 11:00,37924,延河,陕西省,西安市,莲湖区,丰庆公园,e4195f5c-99e9-4d60-909d-55b99f7d575e,陕西,西安,,,2025-03-01,2026-03-01,2,serial_id,asc,10,2026-03-10T10:47:14+00:00
0ca29261-0613-4931-a9d5-ffb99c4b4082,2025043000897,2,0,3,2025-04-30 14:00,2025-04-30 15:00,28884,塔尾树鹊,陕西省,西安市,碑林区,西安城墙(西安市碑林区南大街),0ca29261-0613-4931-a9d5-ffb99c4b4082,陕西,西安,,,2025-03-01,2026-03-01,2,serial_id,asc,10,2026-03-10T10:47:14+00:00
1765e888-8ac0-4d9d-94ef-bd94c7639c28,2025043001152,2,0,8,2025-04-30 16:00,2025-04-30 17:00,37924,延河,陕西省,西安市,长安区,昆明池·七夕公园,1765e888-8ac0-4d9d-94ef-bd94c7639c28,陕西,西安,,,2025-03-01,2026-03-01,2,serial_id,asc,10,2026-03-10T10:47:14+00:00
8e6a23fe-36ad-4443-a9b6-b7793c82d8ee,2025043001731,2,0,26,2025-04-30 12:00,2025-04-30 17:00,56633,某某某l,陕西省,西安市,周至县,咸阳-佛坪108国道秦岭沿线,8e6a23fe-36ad-4443-a9b6-b7793c82d8ee,陕西,西安,,,2025-03-01,2026-03-01,2,serial_id,asc,10,2026-03-10T10:47:14+00:00
5c8f5d67-dd58-4443-9ebb-116ca53c5bd5,2025050100893,2,0,26,2025-05-01 08:02,2025-05-01 10:45,62907,芋泥奶冻卷,陕西省,西安市,鄠邑区,渭河（渭涝路与河堤路交汇口）,5c8f5d67-dd58-4443-9ebb-116ca53c5bd5,陕西,西安,,,2025-03-01,2026-03-01,2,serial_id,asc,10,2026-03-10T10:47:14+00:00
c5f105f6-ba38-4aec-850f-8d7f3b38bda0,2025050100897,2,0,8,2025-05-01 08:51,2025-05-01 11:51,68296,艾尼路,陕西省,西安市,长安区,樊川公园,c5f105f6-ba38-4aec-850f-8d7f3b38bda0,陕西,西安,,,2025-03-01,2026-03-01,2,serial_id,asc,10,2026-03-10T10:47:14+00:00
4cf97d4c-9343-43de-812e-bfcfbcad166a,2025050100983,2,0,6,2025-05-01 13:00,2025-05-01 15:26,21976,kongkongjoker,陕西省,西安市,长安区,长安区祥峪森林公园,4cf97d4c-9343-43de-812e-bfcfbcad166a,陕西,西安,,,2025-03-01,2026-03-01,2,serial_id,asc,10,2026-03-10T10:47:14+00:00
35be1840-57d7-443f-b1ef-61bed3dd0444,2025050101051,2,0,1,2025-05-01 13:00,2025-05-01 14:00,53855,米兰的咕咕,陕西省,西安市,雁塔区,西安凯悦酒店,35be1840-57d7-443f-b1ef-61bed3dd0444,陕西,西安,,,2025-03-01,2026-03-01,2,serial_id,asc,10,2026-03-10T10:47:14+00:00
8a2b696a-8ae3-4556-9e08-11c5decbaf63,2025050101154,2,0,21,2025-05-01 08:09,2025-05-01 11:00,73554,白鹡鸰早起去观鸟,陕西省,西安市,长安区,樊川公园,8a2b696a-8ae3-4556-9e08-11c5decbaf63,陕西,西安,,,2025-03-01,2026-03-01,2,serial_id,asc,10,2026-03-10T10:47:14+00:00
5b762d56-fcc0-4888-8480-8aa85bcb64cf,2025050101190,2,0,19,2025-05-01 07:50,2025-05-01 10:50,74252,大土豆,陕西省,西安市,鄠邑区,鄠邑区西安秦渭汉鼎生态农业开发有限公司西(河堤路),5b762d56-fcc0-4888-8480-8aa85bcb64cf,陕西,西安,,,2025-03-01,2026-03-01,2,serial_id,asc,10,2026-03-10T10:47:14+00:00
d6dc9e8c-a643-4df4-af42-1fc7c900218b,2025050101236,2,0,7,2025-05-01 14:00,2025-05-01 15:00,65697,羽丶石,陕西省,西安市,雁塔区,雁鸣湖3号湖,d6dc9e8c-a643-4df4-af42-1fc7c900218b,陕西,西安,,,2025-03-01,2026-03-01,2,serial_id,asc,10,2026-03-10T10:47:14+00:00
d8f276d0-0a50-4969-921c-88005489021c,2025050101610,2,0,26,2025-05-01 15:00,2025-05-01 16:00,69634,伊羊肉卷,陕西省,西安市,鄠邑区,鄠邑区西安秦渭汉鼎生态农业开发有限公司西(河堤路),d8f276d0-0a50-4969-921c-88005489021c,陕西,西安,,,2025-03-01,2026-03-01,2,serial_id,asc,10,2026-03-10T10:47:14+00:00
60d17acc-9d22-4e1f-bd5a-b88eecec24d8,2025050102156,2,0,22,2025-05-01 16:00,2025-05-01 18:00,65697,羽丶石,陕西省,西安市,灞桥区,浐河边,60d17acc-9d22-4e1f-bd5a-b88eecec24d8,陕西,西安,,,2025-03-01,2026-03-01,2,serial_id,asc,10,2026-03-10T10:47:14+00:00
99aba8b6-c53a-417b-ae00-c51b81d2913b,2025050102187,2,0,16,2025-05-01 17:00,2025-05-01 18:00,66900,modi,陕西省,西安市,未央区,浐灞国家湿地公园,99aba8b6-c53a-417b-ae00-c51b81d2913b,陕西,西安,,,2025-03-01,2026-03-01,2,serial_id,asc,10,2026-03-10T10:47:14+00:00
54f15b2f-46cd-41c2-8a9d-50165404c8bb,2025050102487,2,0,10,2025-04-25 11:00,2025-04-25 12:00,66398,香香鸡贴贴,陕西省,西安市,长安区,瓜大长安校区,54f15b2f-46cd-41c2-8a9d-50165404c8bb,陕西,西安,,,2025-03-01,2026-03-01,2,serial_id,asc,10,2026-03-10T10:47:14+00:00
e66a10b8-e5ee-40ec-be4e-f9bf7897120d,2025050102496,2,0,31,2025-05-01 09:15,2025-05-01 11:06,12692,maixiangliulian,陕西省,西安市,鄠邑区,利君制药东北谭滨河沿线,e66a10b8-e5ee-40ec-be4e-f9bf7897120d,陕西,西安,,,2025-03-01,2026-03-01,2,serial_id,asc,10,2026-03-10T10:47:14+00:00
c98bafff-26cf-4356-8aa0-396dcba2a2ff,2025050102739,2,0,9,2025-05-01 15:09,2025-05-01 17:09,76693,yjyyjy,陕西省,西安市,碑林区,兴庆宫公园,c98bafff-26cf-4356-8aa0-396dcba2a2ff,陕西,西安,,,2025-03-01,2026-03-01,2,serial_id,asc,10,2026-03-10T10:47:14+00:00
e857b9fb-b07e-47e6-adda-96ca7b6b4b9a,2025050102774,2,0,34,2025-05-01 16:00,2025-05-01 19:00,43598,圣萝莉,陕西省,西安市,长安区,樊川公园,e857b9fb-b07e-47e6-adda-96ca7b6b4b9a,陕西,西安,,,2025-03-01,2026-03-01,2,serial_id,asc,10,2026-03-10T10:47:14+00:00
e477cd60-6720-4a18-b6b8-6c8e139569aa,2025050200413,2,0,5,2025-05-02 08:00,2025-05-02 09:00,55862,阿颖,陕西省,西安市,莲湖区,莲湖区儿童公园(早慈巷西),e477cd60-6720-4a18-b6b8-6c8e139569aa,陕西,西安,,,2025-03-01,2026-03-01,2,serial_id,asc,10,2026-03-10T10:47:14+00:00
374d90fb-d235-4e05-a363-7262d5820646,2025050200443,2,0,14,2025-05-02 08:00,2025-05-02 09:00,53855,米兰的咕咕,陕西省,西安市,雁塔区,曲江池遗址公园,374d90fb-d235-4e05-a363-7262d5820646,陕西,西安,,,2025-03-01,2026-03-01,2,serial_id,asc,10,2026-03-10T10:47:14+00:00
dcddfb94-b1e7-4f28-b822-899890c12ba7,2025050200509,2,0,12,2025-05-02 08:00,2025-05-02 09:00,2628,zuoluo,陕西省,西安市,灞桥区,灞河东路,dcddfb94-b1e7-4f28-b822-899890c12ba7,陕西,西安,,,2025-03-01,2026-03-01,2,serial_id,asc,10,2026-03-10T10:47:14+00:00
12d4dfc3-6109-487c-a899-f68926286599,2025050200988,2,0,9,2025-05-02 07:24,2025-05-02 11:10,80066,观鸟的橘猫守护者,陕西省,西安市,莲湖区,丰庆公园,12d4dfc3-6109-487c-a899-f68926286599,陕西,西安,,,2025-03-01,2026-03-01,2,serial_id,asc,10,2026-03-10T10:47:14+00:00
8707f649-deb3-4dc2-9cec-e33e1550c609,2025050201583,2,0,2,2025-05-02 09:00,2025-05-02 10:00,53920,Ouzel,陕西省,西安市,碑林区,西安交通大学兴庆校区,8707f649-deb3-4dc2-9cec-e33e1550c609,陕西,西安,,,2025-03-01,2026-03-01,2,serial_id,asc,10,2026-03-10T10:47:14+00:00
b60b7cfb-5e73-4134-89b2-4465eb14b38f,2025050202179,2,0,15,2025-05-02 16:00,2025-05-02 17:00,73554,白鹡鸰早起去观鸟,陕西省,西安市,长安区,长安区洨河湿地公园(洨河北路南200米),b60b7cfb-5e73-4134-89b2-4465eb14b38f,陕西,西安,,,2025-03-01,2026-03-01,2,serial_id,asc,10,2026-03-10T10:47:14+00:00
4e5f4d98-8722-4856-bb02-86014a62d27d,2025050202554,2,0,42,2025-05-02 15:32,2025-05-02 19:00,31557,demenya114,陕西省,西安市,未央区,未央区西安浐灞国家湿地公园(灞河西路北),4e5f4d98-8722-4856-bb02-86014a62d27d,陕西,西安,,,2025-03-01,2026-03-01,2,serial_id,asc,10,2026-03-10T10:47:14+00:00
a22f5387-9985-4e46-9485-b38651b24f7e,2025050203459,2,0,5,2025-04-28 16:30,2025-04-28 18:30,84771,波粒boli,陕西省,西安市,莲湖区,丰庆公园,a22f5387-9985-4e46-9485-b38651b24f7e,陕西,西安,,,2025-03-01,2026-03-01,2,serial_id,asc,10,2026-03-10T10:47:14+00:00
0bd81027-5871-4f47-b006-828825184671,2025050203514,2,0,4,2025-04-02 22:56,2025-05-02 23:00,82983,usagiluo,陕西省,西安市,碑林区,兴庆宫公园,0bd81027-5871-4f47-b006-828825184671,陕西,西安,,,2025-03-01,2026-03-01,2,serial_id,asc,10,2026-03-10T10:47:14+00:00
a20cd264-68e3-42ea-bd94-59d732beae45,2025050203525,2,0,3,2025-04-02 22:59,2025-05-02 23:00,82983,usagiluo,陕西省,西安市,碑林区,西安交通大学,a20cd264-68e3-42ea-bd94-59d732beae45,陕西,西安,,,2025-03-01,2026-03-01,2,serial_id,asc,10,2026-03-10T10:47:14+00:00
439ec2a8-bcdb-42cb-ad63-2a770d3a6488,2025050300900,2,0,28,2025-05-03 08:00,2025-05-03 11:00,65697,羽丶石,陕西省,西安市,灞桥区,浐河边,439ec2a8-bcdb-42cb-ad63-2a770d3a6488,陕西,西安,,,2025-03-01,2026-03-01,2,serial_id,asc,10,2026-03-10T10:47:14+00:00
b9dd0dae-ee06-4569-b94e-d5a5a1f11eb9,2025050301003,2,0,3,2025-05-01 18:00,2025-05-01 19:00,55862,阿颖,陕西省,西安市,雁塔区,大唐不夜城大雁塔文化休闲景区,b9dd0dae-ee06-4569-b94e-d5a5a1f11eb9,陕西,西安,,,2025-03-01,2026-03-01,2,serial_id,asc,10,2026-03-10T10:47:14+00:00
6e76e670-f109-4866-993e-4a4f25788c84,2025050301038,2,0,12,2025-05-03 09:00,2025-05-03 11:00,67281,拉胯摸鱼人,陕西省,西安市,雁塔区,陕西省西安市西安植物园新区,6e76e670-f109-4866-993e-4a4f25788c84,陕西,西安,,,2025-03-01,2026-03-01,2,serial_id,asc,10,2026-03-10T10:47:14+00:00
7f1bb74e-90be-4ae5-ac89-45decaee194b,2025050301883,2,0,16,2025-05-03 10:00,2025-05-03 11:00,55862,阿颖,陕西省,西安市,灞桥区,西安世博园,7f1bb74e-90be-4ae5-ac89-45decaee194b,陕西,西安,,,2025-03-01,2026-03-01,2,serial_id,asc,10,2026-03-10T10:47:14+00:00
bd85fcba-0dad-448a-add1-f7bec99319f7,2025050302610,2,0,6,2025-05-03 18:00,2025-05-03 19:00,37241,漱石,陕西省,西安市,长安区,西北工业大学长安校区,bd85fcba-0dad-448a-add1-f7bec99319f7,陕西,西安,,,2025-03-01,2026-03-01,2,serial_id,asc,10,2026-03-10T10:47:14+00:00
b756d29d-a218-477c-800b-28add89c0d17,2025050303512,2,0,10,2025-05-02 10:55,2025-05-02 15:55,74437,chaaaaaos,陕西省,西安市,未央区,渭河天玑湖,b756d29d-a218-477c-800b-28add89c0d17,陕西,西安,,,2025-03-01,2026-03-01,2,serial_id,asc,10,2026-03-10T10:47:14+00:00
583c1771-aaa3-4660-aacf-b1621a0fd02b,2025050303719,2,0,5,2025-05-03 16:30,2025-05-03 18:50,84771,波粒boli,陕西省,西安市,长安区,樊川公园,583c1771-aaa3-4660-aacf-b1621a0fd02b,陕西,西安,,,2025-03-01,2026-03-01,2,serial_id,asc,10,2026-03-10T10:47:14+00:00
8d56ec4d-6dc0-487f-b774-65d768d09824,2025050402050,2,0,9,2025-05-04 16:00,2025-05-04 17:00,54689,WhentheLEVEEbreaks,陕西省,西安市,鄠邑区,东涝峪口村(渭涝路),8d56ec4d-6dc0-487f-b774-65d768d09824,陕西,西安,,,2025-03-01,2026-03-01,2,serial_id,asc,10,2026-03-10T10:47:14+00:00
9fa25a76-c698-4bd2-beb7-b8a707718943,2025050402322,2,0,7,2025-05-03 16:00,2025-05-03 17:00,79040,bertha,陕西省,西安市,莲湖区,丰庆公园,9fa25a76-c698-4bd2-beb7-b8a707718943,陕西,西安,,,2025-03-01,2026-03-01,2,serial_id,asc,10,2026-03-10T10:47:14+00:00
8e47c7d2-33d3-4006-b54f-73e5094e4222,2025050403176,2,0,5,2025-05-04 15:00,2025-05-04 17:30,72757,Fantasime,陕西省,西安市,雁塔区,西安新植物园,8e47c7d2-33d3-4006-b54f-73e5094e4222,陕西,西安,,,2025-03-01,2026-03-01,2,serial_id,asc,10,2026-03-10T10:47:14+00:00
14de7eeb-984c-4dcf-baab-834c23c00585,2025050500346,2,0,5,2025-05-05 08:00,2025-05-05 09:00,37924,延河,陕西省,西安市,莲湖区,丰庆公园,14de7eeb-984c-4dcf-baab-834c23c00585,陕西,西安,,,2025-03-01,2026-03-01,2,serial_id,asc,10,2026-03-10T10:47:14+00:00
141db842-b7ed-490f-a717-0d9d8e1f1be0,2025050500415,2,0,12,2025-05-04 09:14,2025-05-04 09:14,40098,QQWZYTJH,陕西省,西安市,鄠邑区,栗峪口村,141db842-b7ed-490f-a717-0d9d8e1f1be0,陕西,西安,,,2025-03-01,2026-03-01,2,serial_id,asc,10,2026-03-10T10:47:14+00:00
2bbba3da-2c52-474c-a013-9cd15b219456,2025050500419,2,0,2,2025-04-27 09:17,2025-04-27 09:17,40098,QQWZYTJH,陕西省,西安市,长安区,樊川公园,2bbba3da-2c52-474c-a013-9cd15b219456,陕西,西安,,,2025-03-01,2026-03-01,2,serial_id,asc,10,2026-03-10T10:47:14+00:00
e7c8501b-75a5-462c-be63-26cbf90e6d8a,2025050500428,2,0,3,2025-04-16 09:18,2025-04-16 09:18,40098,QQWZYTJH,陕西省,西安市,鄠邑区,涝渭湿地公园,e7c8501b-75a5-462c-be63-26cbf90e6d8a,陕西,西安,,,2025-03-01,2026-03-01,2,serial_id,asc,10,2026-03-10T10:47:14+00:00
446f4f7d-68cf-4ed1-8189-0c1a6d668d84,2025050500486,2,0,1,2025-05-05 09:00,2025-05-05 10:00,40098,QQWZYTJH,陕西省,西安市,新城区,西安钟楼,446f4f7d-68cf-4ed1-8189-0c1a6d668d84,陕西,西安,,,2025-03-01,2026-03-01,2,serial_id,asc,11,2026-03-10T10:47:16+00:00
5b2af59a-6303-4163-bb88-cbee779705d2,2025050500765,2,0,29,2025-05-04 12:34,2025-05-04 14:34,37479,ripplexu,陕西省,西安市,长安区,樊川公园,5b2af59a-6303-4163-bb88-cbee779705d2,陕西,西安,,,2025-03-01,2026-03-01,2,serial_id,asc,11,2026-03-10T10:47:16+00:00
b5d5b96d-224f-42e8-b351-b0ee20109e28,2025050600301,2,0,9,2025-05-03 07:00,2025-05-03 10:20,76693,yjyyjy,陕西省,西安市,长安区,圭峰寺,b5d5b96d-224f-42e8-b351-b0ee20109e28,陕西,西安,,,2025-03-01,2026-03-01,2,serial_id,asc,11,2026-03-10T10:47:16+00:00
15a66ed1-4c02-4ccc-a588-98b5ccd4192e,2025050600305,2,0,1,2025-05-04 11:23,2025-05-04 12:23,76693,yjyyjy,陕西省,西安市,莲湖区,丰庆公园,15a66ed1-4c02-4ccc-a588-98b5ccd4192e,陕西,西安,,,2025-03-01,2026-03-01,2,serial_id,asc,11,2026-03-10T10:47:16+00:00
53230836-550b-445e-ac64-ae2fef0ad1e8,2025050601290,2,0,3,2025-05-06 16:00,2025-05-06 17:00,31165,荣小叶榕,陕西省,西安市,周至县,周至县八云塔(G310南),53230836-550b-445e-ac64-ae2fef0ad1e8,陕西,西安,,,2025-03-01,2026-03-01,2,serial_id,asc,11,2026-03-10T10:47:16+00:00
8b7b6b98-59ea-434b-b28c-bdc8be20015d,2025050601373,2,0,22,2025-05-06 11:00,2025-05-06 13:00,56633,某某某l,陕西省,西安市,长安区,高冠峪,8b7b6b98-59ea-434b-b28c-bdc8be20015d,陕西,西安,,,2025-03-01,2026-03-01,2,serial_id,asc,11,2026-03-10T10:47:16+00:00
1d1dc3b2-041d-4da3-bb36-bb3545691eda,2025050601401,2,0,4,2025-05-06 17:00,2025-05-06 18:00,31165,荣小叶榕,陕西省,西安市,周至县,周至水街,1d1dc3b2-041d-4da3-bb36-bb3545691eda,陕西,西安,,,2025-03-01,2026-03-01,2,serial_id,asc,11,2026-03-10T10:47:16+00:00
c0f3eaab-5981-4582-b1c5-9d8f04f8e035,2025050700133,2,0,22,2025-05-07 07:00,2025-05-07 08:00,69634,伊羊肉卷,陕西省,西安市,莲湖区,丰庆公园,c0f3eaab-5981-4582-b1c5-9d8f04f8e035,陕西,西安,,,2025-03-01,2026-03-01,2,serial_id,asc,11,2026-03-10T10:47:16+00:00
e7ba8c74-7b95-4883-a1a6-268a3ab89b0d,2025050700356,2,0,4,2025-05-07 09:00,2025-05-07 10:00,31165,荣小叶榕,陕西省,西安市,周至县,秦岭国家植物园,e7ba8c74-7b95-4883-a1a6-268a3ab89b0d,陕西,西安,,,2025-03-01,2026-03-01,2,serial_id,asc,11,2026-03-10T10:47:16+00:00
ec832092-c54e-44fc-bd9f-a786842a8cfd,2025050700368,2,0,22,2025-05-07 09:00,2025-05-07 10:00,74505,ppop,陕西省,西安市,灞桥区,灞渭桥车游湿地公园,ec832092-c54e-44fc-bd9f-a786842a8cfd,陕西,西安,,,2025-03-01,2026-03-01,2,serial_id,asc,11,2026-03-10T10:47:16+00:00
a7fb7089-07b8-430e-b3ea-eabeee947efb,2025050700486,2,0,3,2025-05-07 11:00,2025-05-07 12:00,31165,荣小叶榕,陕西省,西安市,鄠邑区,鄠邑区户菜路(八里香农家乐),a7fb7089-07b8-430e-b3ea-eabeee947efb,陕西,西安,,,2025-03-01,2026-03-01,2,serial_id,asc,11,2026-03-10T10:47:16+00:00
28b9feb3-d5d9-47c6-a1d6-b9a9b30f8179,2025050700623,2,0,39,2025-05-07 10:00,2025-05-07 11:00,65767,半枫荷,陕西省,西安市,未央区,浐灞国家湿地公园,28b9feb3-d5d9-47c6-a1d6-b9a9b30f8179,陕西,西安,,,2025-03-01,2026-03-01,2,serial_id,asc,11,2026-03-10T10:47:16+00:00
ba1f2c70-e016-4c06-b1b1-eb45188d91a5,2025050700721,2,0,31,2025-05-07 07:00,2025-05-07 10:00,43598,圣萝莉,陕西省,西安市,长安区,樊川公园,ba1f2c70-e016-4c06-b1b1-eb45188d91a5,陕西,西安,,,2025-03-01,2026-03-01,2,serial_id,asc,11,2026-03-10T10:47:16+00:00
415552c9-f5e0-40ec-8908-624ad119499a,2025050700889,2,0,25,2025-05-07 10:00,2025-05-07 13:00,71440,meowto,陕西省,西安市,未央区,浐灞国家湿地公园,415552c9-f5e0-40ec-8908-624ad119499a,陕西,西安,,,2025-03-01,2026-03-01,2,serial_id,asc,11,2026-03-10T10:47:16+00:00
51a480af-65a5-45fb-bf6b-05fcf3f2f510,2025050800079,2,0,13,2025-05-07 10:00,2025-05-07 11:30,61498,gogo伊布,陕西省,西安市,碑林区,兴庆宫公园,51a480af-65a5-45fb-bf6b-05fcf3f2f510,陕西,西安,,,2025-03-01,2026-03-01,2,serial_id,asc,11,2026-03-10T10:47:16+00:00
419ed03c-1498-4896-b947-dc1b335b0c49,2025050800176,2,0,20,2025-05-08 08:00,2025-05-08 09:00,69634,伊羊肉卷,陕西省,西安市,长安区,西安交通大学科技创新港科创基地,419ed03c-1498-4896-b947-dc1b335b0c49,陕西,西安,,,2025-03-01,2026-03-01,2,serial_id,asc,11,2026-03-10T10:47:16+00:00
5b4c6400-de22-4b3b-b926-a7c1d0774093,2025050800808,2,0,9,2025-05-08 13:00,2025-05-08 14:00,73554,白鹡鸰早起去观鸟,陕西省,西安市,碑林区,兴庆宫公园,5b4c6400-de22-4b3b-b926-a7c1d0774093,陕西,西安,,,2025-03-01,2026-03-01,2,serial_id,asc,11,2026-03-10T10:47:16+00:00
6af2e105-66ab-449f-b6ac-0d3f63c0498d,2025050800863,2,0,5,2025-04-26 16:20,2025-04-26 17:00,72548,未定种,陕西省,西安市,莲湖区,丰庆公园,6af2e105-66ab-449f-b6ac-0d3f63c0498d,陕西,西安,,,2025-03-01,2026-03-01,2,serial_id,asc,11,2026-03-10T10:47:16+00:00
7e57abd7-6969-4e55-9506-3cdbc09cca45,2025050900056,2,0,6,2025-05-09 05:09,2025-05-09 06:09,73554,白鹡鸰早起去观鸟,陕西省,西安市,碑林区,西安理工大学(金花校区),7e57abd7-6969-4e55-9506-3cdbc09cca45,陕西,西安,,,2025-03-01,2026-03-01,2,serial_id,asc,11,2026-03-10T10:47:16+00:00
fb3c6521-45ad-44b8-a69e-d709325058cf,2025050900387,2,0,3,2025-05-09 11:00,2025-05-09 12:00,40098,QQWZYTJH,陕西省,西安市,鄠邑区,栗峪口村山,fb3c6521-45ad-44b8-a69e-d709325058cf,陕西,西安,,,2025-03-01,2026-03-01,2,serial_id,asc,11,2026-03-10T10:47:16+00:00
ca443372-aa36-4b4d-addf-2433fa2e6c9a,2025050900508,2,0,12,2025-05-09 13:00,2025-05-09 14:00,53920,Ouzel,陕西省,西安市,碑林区,西安交通大学兴庆校区,ca443372-aa36-4b4d-addf-2433fa2e6c9a,陕西,西安,,,2025-03-01,2026-03-01,2,serial_id,asc,11,2026-03-10T10:47:16+00:00
b3df148f-1f95-4d79-9fd5-807282ed5407,2025050900599,2,0,1,2025-05-09 13:00,2025-05-09 13:05,12692,maixiangliulian,陕西省,西安市,鄠邑区,西户科技企业孵化器,b3df148f-1f95-4d79-9fd5-807282ed5407,陕西,西安,,,2025-03-01,2026-03-01,2,serial_id,asc,11,2026-03-10T10:47:16+00:00
f444b7ee-83c3-473d-abbb-f9ae848a6be0,2025050900955,2,0,4,2025-05-09 17:30,2025-05-09 18:30,53920,Ouzel,陕西省,西安市,碑林区,西安交通大学兴庆校区,f444b7ee-83c3-473d-abbb-f9ae848a6be0,陕西,西安,,,2025-03-01,2026-03-01,2,serial_id,asc,11,2026-03-10T10:47:16+00:00
1a05463c-9507-44b7-a2ef-a3f4cf69b4bc,2025050901240,2,0,30,2025-05-09 16:00,2025-05-09 20:00,74337,ZTMPBF,陕西省,西安市,长安区,长安区樊川公园(潏河路南200米),1a05463c-9507-44b7-a2ef-a3f4cf69b4bc,陕西,西安,,,2025-03-01,2026-03-01,2,serial_id,asc,11,2026-03-10T10:47:16+00:00
d84e1a4b-93df-4ac3-86cb-6301207f13be,2025051000306,2,0,4,2025-05-10 08:00,2025-05-10 09:00,78199,绿阶,陕西省,西安市,雁塔区,大唐不夜城唐大慈恩寺遗址公园,d84e1a4b-93df-4ac3-86cb-6301207f13be,陕西,西安,,,2025-03-01,2026-03-01,2,serial_id,asc,11,2026-03-10T10:47:16+00:00
0825fcb2-cd02-4b81-acd1-bb9171b4f016,2025051000330,2,0,2,2025-05-10 08:00,2025-05-10 09:00,37924,延河,陕西省,西安市,碑林区,兴庆宫公园,0825fcb2-cd02-4b81-acd1-bb9171b4f016,陕西,西安,,,2025-03-01,2026-03-01,2,serial_id,asc,11,2026-03-10T10:47:16+00:00
6c74dac1-4e14-4aee-9084-45a03ec5ec50,2025051000365,2,0,17,2025-05-10 08:00,2025-05-10 09:00,69634,伊羊肉卷,陕西省,西安市,长安区,西安交通大学科技创新港科创基地,6c74dac1-4e14-4aee-9084-45a03ec5ec50,陕西,西安,,,2025-03-01,2026-03-01,2,serial_id,asc,11,2026-03-10T10:47:16+00:00
1dbb9150-b1f2-4895-b2da-95ea41228abe,2025051000556,2,0,45,2025-05-10 06:45,2025-05-10 14:00,32202,2N3501,陕西省,西安市,长安区,长安区樊川公园(潏河路南200米),1dbb9150-b1f2-4895-b2da-95ea41228abe,陕西,西安,,,2025-03-01,2026-03-01,2,serial_id,asc,11,2026-03-10T10:47:16+00:00
29803bd4-733d-4c9b-b727-205d7e95b2cd,2025051000608,2,0,7,2025-05-10 08:30,2025-05-10 11:00,6859,青音,陕西省,西安市,临潼区,秦始皇兵马俑博物馆,29803bd4-733d-4c9b-b727-205d7e95b2cd,陕西,西安,,,2025-03-01,2026-03-01,2,serial_id,asc,11,2026-03-10T10:47:16+00:00
a0f03222-3a0b-4cd1-90b1-0d22af27a182,2025051000765,2,0,5,2025-04-30 11:00,2025-04-30 14:00,73973,fly,陕西省,西安市,雁塔区,西安交通大学(雁塔校区),a0f03222-3a0b-4cd1-90b1-0d22af27a182,陕西,西安,,,2025-03-01,2026-03-01,2,serial_id,asc,11,2026-03-10T10:47:16+00:00
ee8b1112-f1a2-463a-ae8a-3e057eb6ad5e,2025051000796,2,0,16,2025-05-10 09:00,2025-05-10 11:30,78662,绿翅旋壁雀,陕西省,西安市,新城区,大明宫国家遗址公园,ee8b1112-f1a2-463a-ae8a-3e057eb6ad5e,陕西,西安,,,2025-03-01,2026-03-01,2,serial_id,asc,11,2026-03-10T10:47:16+00:00
d0bab690-a57a-421a-b985-d6b46f3d22cd,2025051000914,2,0,38,2025-05-10 08:00,2025-05-10 09:00,65767,半枫荷,陕西省,西安市,长安区,樊川公园,d0bab690-a57a-421a-b985-d6b46f3d22cd,陕西,西安,,,2025-03-01,2026-03-01,2,serial_id,asc,11,2026-03-10T10:47:16+00:00
997ec071-8575-49a7-8e10-19277512a98b,2025051001094,2,0,58,2025-05-10 06:00,2025-05-10 10:45,30320,户外农夫,陕西省,西安市,阎良区,石川河,997ec071-8575-49a7-8e10-19277512a98b,陕西,西安,,,2025-03-01,2026-03-01,2,serial_id,asc,11,2026-03-10T10:47:16+00:00
b571b222-890e-43b4-9bb1-733b5557b984,2025051001293,2,0,1,2025-05-10 14:00,2025-05-10 15:00,61498,gogo伊布,陕西省,西安市,长安区,西安秦岭野生动物园,b571b222-890e-43b4-9bb1-733b5557b984,陕西,西安,,,2025-03-01,2026-03-01,2,serial_id,asc,11,2026-03-10T10:47:16+00:00
1255eadd-ecf8-4a21-b44f-25fd9ff255e0,2025051001399,2,0,21,2025-05-10 13:01,2025-05-10 14:00,59244,选择困难症,陕西省,西安市,雁塔区,曲江池遗址公园,1255eadd-ecf8-4a21-b44f-25fd9ff255e0,陕西,西安,,,2025-03-01,2026-03-01,2,serial_id,asc,11,2026-03-10T10:47:16+00:00
635b60f6-2637-40c9-80f5-ea9245cb4202,2025051001961,2,0,10,2025-05-10 14:00,2025-05-10 15:00,65767,半枫荷,陕西省,西安市,莲湖区,丰庆公园,635b60f6-2637-40c9-80f5-ea9245cb4202,陕西,西安,,,2025-03-01,2026-03-01,2,serial_id,asc,11,2026-03-10T10:47:16+00:00
7e1061bd-92ee-44e0-87b2-4dfe7d5857c0,2025051100183,2,0,30,2025-05-11 07:00,2025-05-11 08:00,45951,回声,陕西省,西安市,长安区,长安区樊川公园(潏河长堤),7e1061bd-92ee-44e0-87b2-4dfe7d5857c0,陕西,西安,,,2025-03-01,2026-03-01,2,serial_id,asc,11,2026-03-10T10:47:16+00:00
2a01716c-0053-4537-8a2f-b8a3cac25d95,2025051100605,2,0,37,2025-05-11 07:00,2025-05-11 11:00,80852,LYG,陕西省,西安市,长安区,樊川公园,2a01716c-0053-4537-8a2f-b8a3cac25d95,陕西,西安,,,2025-03-01,2026-03-01,2,serial_id,asc,11,2026-03-10T10:47:16+00:00
66159c58-29ec-43d7-891b-ff9e1416ff31,2025051100607,2,0,36,2025-05-11 07:00,2025-05-11 11:00,74337,ZTMPBF,陕西省,西安市,长安区,樊川公园,66159c58-29ec-43d7-891b-ff9e1416ff31,陕西,西安,,,2025-03-01,2026-03-01,2,serial_id,asc,11,2026-03-10T10:47:16+00:00
9d252f65-1478-404a-9c4b-3e6cc456d387,2025051100614,2,0,7,2025-05-04 08:51,2025-05-11 11:00,83717,Chu51,陕西省,西安市,莲湖区,丰庆公园,9d252f65-1478-404a-9c4b-3e6cc456d387,陕西,西安,,,2025-03-01,2026-03-01,2,serial_id,asc,11,2026-03-10T10:47:16+00:00
bb03d825-6aa2-408c-b922-f297b89b54b8,2025051100628,2,0,9,2025-05-02 08:50,2025-05-11 11:00,83717,Chu51,陕西省,西安市,碑林区,兴庆宫公园,bb03d825-6aa2-408c-b922-f297b89b54b8,陕西,西安,,,2025-03-01,2026-03-01,2,serial_id,asc,11,2026-03-10T10:47:16+00:00
331c4695-e906-44fd-9bcc-2c574f22f270,2025051100699,2,0,12,2025-05-11 07:00,2025-05-11 09:00,53920,Ouzel,陕西省,西安市,莲湖区,丰庆公园,331c4695-e906-44fd-9bcc-2c574f22f270,陕西,西安,,,2025-03-01,2026-03-01,2,serial_id,asc,11,2026-03-10T10:47:16+00:00
5d6215e2-9380-452b-85ef-27216584a4e9,2025051100963,2,0,1,2025-05-11 12:00,2025-05-11 12:38,81546,果制酒饮品,陕西省,西安市,长安区,西北大学(长安校区),5d6215e2-9380-452b-85ef-27216584a4e9,陕西,西安,,,2025-03-01,2026-03-01,2,serial_id,asc,11,2026-03-10T10:47:16+00:00
75a3050e-1f72-438c-a7fc-4fc615c4ae6d,2025051100964,2,0,15,2025-05-11 12:00,2025-05-11 13:00,10787,dengyc,陕西省,西安市,未央区,长安大学(渭水校区)-逸夫图书馆,75a3050e-1f72-438c-a7fc-4fc615c4ae6d,陕西,西安,,,2025-03-01,2026-03-01,2,serial_id,asc,11,2026-03-10T10:47:16+00:00
6c8b0ca1-43d9-4d30-b8eb-26ddc79f0449,2025051100973,2,0,1,2025-05-11 12:00,2025-05-11 13:00,10787,dengyc,陕西省,西安市,碑林区,长安大学本部,6c8b0ca1-43d9-4d30-b8eb-26ddc79f0449,陕西,西安,,,2025-03-01,2026-03-01,2,serial_id,asc,11,2026-03-10T10:47:16+00:00
82fb0d6e-691f-4e30-8bc7-4c7196574588,2025051101217,2,0,13,2025-05-11 13:00,2025-05-11 14:00,65767,半枫荷,陕西省,西安市,灞桥区,西安浐灞桃花潭公园,82fb0d6e-691f-4e30-8bc7-4c7196574588,陕西,西安,,,2025-03-01,2026-03-01,2,serial_id,asc,11,2026-03-10T10:47:16+00:00
a922123c-2d95-44bf-9d65-33360798eed5,2025051101521,2,0,26,2025-05-11 08:05,2025-05-11 10:05,70590,Elim看鸟,陕西省,西安市,长安区,樊川公园,a922123c-2d95-44bf-9d65-33360798eed5,陕西,西安,,,2025-03-01,2026-03-01,2,serial_id,asc,11,2026-03-10T10:47:16+00:00
36fe576b-54e5-4744-ab74-a58602df8b43,2025051101650,2,0,17,2025-05-11 16:00,2025-05-11 17:00,9964,北落师门,陕西省,西安市,碑林区,兴庆宫公园,36fe576b-54e5-4744-ab74-a58602df8b43,陕西,西安,,,2025-03-01,2026-03-01,2,serial_id,asc,11,2026-03-10T10:47:16+00:00
7b2b3c81-af3a-49f2-8a3f-f1fde0921c7e,2025051101655,2,0,11,2025-05-11 16:00,2025-05-11 17:00,65767,半枫荷,陕西省,西安市,灞桥区,浐灞湿地,7b2b3c81-af3a-49f2-8a3f-f1fde0921c7e,陕西,西安,,,2025-03-01,2026-03-01,2,serial_id,asc,11,2026-03-10T10:47:16+00:00
3015e31c-6566-4e89-bb7f-5d09349b561f,2025051101760,2,0,2,2025-05-11 16:00,2025-05-11 17:00,53920,Ouzel,陕西省,西安市,碑林区,西安交通大学兴庆校区,3015e31c-6566-4e89-bb7f-5d09349b561f,陕西,西安,,,2025-03-01,2026-03-01,2,serial_id,asc,11,2026-03-10T10:47:16+00:00
c36d0315-5eda-4988-908d-133c316eb738,2025051101766,2,0,9,2025-05-11 15:00,2025-05-11 17:00,73973,fly,陕西省,西安市,长安区,樊川公园,c36d0315-5eda-4988-908d-133c316eb738,陕西,西安,,,2025-03-01,2026-03-01,2,serial_id,asc,12,2026-03-10T10:47:18+00:00
bbbb26c3-46db-4fb2-b4c7-b76087fce898,2025051101840,2,0,13,2025-05-11 16:14,2025-05-11 16:57,8668,梦翔五月天,陕西省,西安市,碑林区,兴庆宫公园,bbbb26c3-46db-4fb2-b4c7-b76087fce898,陕西,西安,,,2025-03-01,2026-03-01,2,serial_id,asc,12,2026-03-10T10:47:18+00:00
c50a4dd8-1b1a-4105-be01-835a4f458317,2025051102199,2,0,5,2025-05-11 18:00,2025-05-11 19:00,9964,北落师门,陕西省,西安市,莲湖区,丰庆公园,c50a4dd8-1b1a-4105-be01-835a4f458317,陕西,西安,,,2025-03-01,2026-03-01,2,serial_id,asc,12,2026-03-10T10:47:18+00:00
c570c2c1-4ab2-404c-9f30-586f9d4edb70,2025051102218,2,0,10,2025-05-11 17:40,2025-05-11 18:41,8668,梦翔五月天,陕西省,西安市,莲湖区,丰庆公园,c570c2c1-4ab2-404c-9f30-586f9d4edb70,陕西,西安,,,2025-03-01,2026-03-01,2,serial_id,asc,12,2026-03-10T10:47:18+00:00
4a76d267-fb41-43cf-a662-c6f61caebb4c,2025051102234,2,0,9,2025-05-11 18:00,2025-05-11 19:00,73554,白鹡鸰早起去观鸟,陕西省,西安市,莲湖区,丰庆公园,4a76d267-fb41-43cf-a662-c6f61caebb4c,陕西,西安,,,2025-03-01,2026-03-01,2,serial_id,asc,12,2026-03-10T10:47:18+00:00
8f50ce30-18a6-4659-b6c0-6de8677fc348,2025051102682,2,0,9,2025-05-02 08:30,2025-05-02 17:30,83750,十三什么时候,陕西省,西安市,莲湖区,丰庆公园,8f50ce30-18a6-4659-b6c0-6de8677fc348,陕西,西安,,,2025-03-01,2026-03-01,2,serial_id,asc,12,2026-03-10T10:47:18+00:00
354a7466-e4e5-4b56-b37a-dea546c19aff,2025051102843,2,0,7,2025-05-11 18:40,2025-05-11 19:30,15090,刑小天在西交创新港,陕西省,西安市,碑林区,西安交通大学兴庆校区,354a7466-e4e5-4b56-b37a-dea546c19aff,陕西,西安,,,2025-03-01,2026-03-01,2,serial_id,asc,12,2026-03-10T10:47:18+00:00
cf4b8cf3-59cb-4623-86cb-cad1de3be50b,2025051102974,2,0,19,2025-05-11 22:00,2025-05-11 23:00,45365,亮亮的观鸟日常,陕西省,西安市,长安区,长安区樊川公园(潏河长堤南100米),cf4b8cf3-59cb-4623-86cb-cad1de3be50b,陕西,西安,,,2025-03-01,2026-03-01,2,serial_id,asc,12,2026-03-10T10:47:18+00:00
98744424-ab39-4cfa-b0e7-12480bf20074,2025051200108,2,0,11,2025-05-01 08:30,2025-05-01 11:20,74607,fulmar,陕西省,西安市,莲湖区,丰庆公园,98744424-ab39-4cfa-b0e7-12480bf20074,陕西,西安,,,2025-03-01,2026-03-01,2,serial_id,asc,12,2026-03-10T10:47:18+00:00
5e25e4a8-16f6-45a6-afac-9091d243fe79,2025051200522,2,0,4,2025-05-12 10:00,2025-05-12 11:00,53920,Ouzel,陕西省,西安市,碑林区,西安交通大学兴庆校区,5e25e4a8-16f6-45a6-afac-9091d243fe79,陕西,西安,,,2025-03-01,2026-03-01,2,serial_id,asc,12,2026-03-10T10:47:18+00:00
7e51a4fc-6c67-4ee8-a9aa-bd32acecaa66,2025051200654,2,0,32,2025-05-12 09:00,2025-05-12 10:00,65767,半枫荷,陕西省,西安市,长安区,樊川公园,7e51a4fc-6c67-4ee8-a9aa-bd32acecaa66,陕西,西安,,,2025-03-01,2026-03-01,2,serial_id,asc,12,2026-03-10T10:47:18+00:00
4cebdc2c-7196-4b86-8da3-30f71d346520,2025051200772,2,0,12,2025-03-07 08:46,2025-03-07 12:46,74337,ZTMPBF,陕西省,西安市,未央区,渭河天玑湖,4cebdc2c-7196-4b86-8da3-30f71d346520,陕西,西安,,,2025-03-01,2026-03-01,2,serial_id,asc,12,2026-03-10T10:47:18+00:00
d18d1b7b-32ef-4a3b-b6ee-6921a79b97dc,2025051200809,2,0,1,2025-03-03 12:02,2025-05-03 12:09,74337,ZTMPBF,陕西省,西安市,雁塔区,西安电子科技大学(北校区),d18d1b7b-32ef-4a3b-b6ee-6921a79b97dc,陕西,西安,,,2025-03-01,2026-03-01,2,serial_id,asc,12,2026-03-10T10:47:18+00:00
634391d5-ef9c-4052-869c-10cb9662255b,2025051200947,2,0,21,2025-05-11 15:00,2025-05-11 18:27,76693,yjyyjy,陕西省,西安市,灞桥区,西安浐灞桃花潭公园,634391d5-ef9c-4052-869c-10cb9662255b,陕西,西安,,,2025-03-01,2026-03-01,2,serial_id,asc,12,2026-03-10T10:47:18+00:00
07de9ccb-9815-4b9e-9327-ead6925577c8,2025051200948,2,0,1,2025-05-12 14:00,2025-05-12 15:00,76693,yjyyjy,陕西省,西安市,长安区,长安区翠华山国家地质公园,07de9ccb-9815-4b9e-9327-ead6925577c8,陕西,西安,,,2025-03-01,2026-03-01,2,serial_id,asc,12,2026-03-10T10:47:18+00:00
b2615e40-f146-4899-acec-c869ed400a04,2025051201188,2,0,5,2025-05-12 14:30,2025-05-12 14:40,62907,芋泥奶冻卷,陕西省,西安市,长安区,西安交通大学科技创新港科创基地,b2615e40-f146-4899-acec-c869ed400a04,陕西,西安,,,2025-03-01,2026-03-01,2,serial_id,asc,12,2026-03-10T10:47:18+00:00
71f075ae-34ee-4b3b-8e05-efe2cb69e817,2025051201301,2,0,11,2025-05-10 11:00,2025-05-10 12:00,73973,fly,陕西省,西安市,雁塔区,西安交通大学(雁塔校区),71f075ae-34ee-4b3b-8e05-efe2cb69e817,陕西,西安,,,2025-03-01,2026-03-01,2,serial_id,asc,12,2026-03-10T10:47:18+00:00
5cefd27f-811d-4798-acc5-bad2a4f90214,2025051201353,2,0,32,2025-05-11 15:15,2025-05-11 17:45,48901,dawngloam,陕西省,西安市,长安区,长安区樊川公园,5cefd27f-811d-4798-acc5-bad2a4f90214,陕西,西安,,,2025-03-01,2026-03-01,2,serial_id,asc,12,2026-03-10T10:47:18+00:00
2b26450d-1124-4ecc-a160-5af1f745520e,2025051201385,2,0,11,2025-05-12 16:30,2025-05-12 18:30,73973,fly,陕西省,西安市,雁塔区,西安交通大学(雁塔校区),2b26450d-1124-4ecc-a160-5af1f745520e,陕西,西安,,,2025-03-01,2026-03-01,2,serial_id,asc,12,2026-03-10T10:47:18+00:00
cea1c902-7bd7-459b-8b7c-fae5da48a474,2025051201811,2,0,54,2025-04-23 15:30,2025-04-30 19:30,43598,圣萝莉,陕西省,西安市,周至县,周至黑河自然保护区,cea1c902-7bd7-459b-8b7c-fae5da48a474,陕西,西安,,,2025-03-01,2026-03-01,2,serial_id,asc,12,2026-03-10T10:47:18+00:00
be6afe61-52c3-41e7-9965-b4886562d4d3,2025051201886,2,0,19,2025-05-11 11:00,2025-05-11 12:00,63026,gallups,陕西省,西安市,长安区,樊川公园,be6afe61-52c3-41e7-9965-b4886562d4d3,陕西,西安,,,2025-03-01,2026-03-01,2,serial_id,asc,12,2026-03-10T10:47:18+00:00
66e1d073-4d53-4502-8cd9-e8ca33c47850,2025051300365,2,0,9,2025-05-13 09:00,2025-05-13 10:00,69634,伊羊肉卷,陕西省,西安市,长安区,西安交通大学科技创新港科创基地,66e1d073-4d53-4502-8cd9-e8ca33c47850,陕西,西安,,,2025-03-01,2026-03-01,2,serial_id,asc,12,2026-03-10T10:47:18+00:00
cef58e74-a845-407a-9c51-a3db4e28d65d,2025051300599,2,0,12,2025-05-13 10:15,2025-05-13 12:00,48901,dawngloam,陕西省,西安市,莲湖区,丰庆公园,cef58e74-a845-407a-9c51-a3db4e28d65d,陕西,西安,,,2025-03-01,2026-03-01,2,serial_id,asc,12,2026-03-10T10:47:18+00:00
e13a7cd1-48f1-416e-8538-db8ff4a027c5,2025051300600,2,0,5,2025-05-13 12:00,2025-05-13 13:00,62907,芋泥奶冻卷,陕西省,西安市,长安区,西安交通大学创新港躬行楼,e13a7cd1-48f1-416e-8538-db8ff4a027c5,陕西,西安,,,2025-03-01,2026-03-01,2,serial_id,asc,12,2026-03-10T10:47:18+00:00
6afef61e-e7fa-4221-8c98-f2686b1c6193,2025051300623,2,0,3,2025-05-13 12:00,2025-05-13 13:00,53920,Ouzel,陕西省,西安市,碑林区,西安交通大学兴庆校区,6afef61e-e7fa-4221-8c98-f2686b1c6193,陕西,西安,,,2025-03-01,2026-03-01,2,serial_id,asc,12,2026-03-10T10:47:18+00:00
a041bb68-bee7-44ab-b37f-0ea48deb0361,2025051301339,2,0,6,2025-05-10 07:30,2025-05-10 10:10,38539,Tmics,陕西省,西安市,莲湖区,丰庆公园,a041bb68-bee7-44ab-b37f-0ea48deb0361,陕西,西安,,,2025-03-01,2026-03-01,2,serial_id,asc,12,2026-03-10T10:47:18+00:00
f265b960-64cd-4b5d-8068-971f18dc9280,2025051301413,2,0,9,2025-05-02 08:49,2025-05-02 10:50,38539,Tmics,陕西省,西安市,莲湖区,丰庆公园,f265b960-64cd-4b5d-8068-971f18dc9280,陕西,西安,,,2025-03-01,2026-03-01,2,serial_id,asc,12,2026-03-10T10:47:18+00:00
4ff94310-c37e-4149-a385-6a20d4e2c248,2025051301491,2,0,16,2025-05-13 19:00,2025-05-13 20:00,45951,回声,陕西省,西安市,长安区,长安区樊川公园,4ff94310-c37e-4149-a385-6a20d4e2c248,陕西,西安,,,2025-03-01,2026-03-01,2,serial_id,asc,12,2026-03-10T10:47:18+00:00
8f53bda0-6eb5-49a6-bae3-a5b5c690584d,2025051301683,2,0,13,2025-05-13 17:10,2025-05-13 18:45,54093,风的自然,陕西省,西安市,雁塔区,雁南公园,8f53bda0-6eb5-49a6-bae3-a5b5c690584d,陕西,西安,,,2025-03-01,2026-03-01,2,serial_id,asc,12,2026-03-10T10:47:18+00:00
cf51ed3d-5d82-4b29-8759-81e4caa1871a,2025051301712,2,0,41,2025-05-13 22:00,2025-05-13 23:00,75204,雪子哥,陕西省,西安市,长安区,樊川公园,cf51ed3d-5d82-4b29-8759-81e4caa1871a,陕西,西安,,,2025-03-01,2026-03-01,2,serial_id,asc,12,2026-03-10T10:47:18+00:00
7a164271-3f3e-4919-9176-7fb7db96655f,2025051301817,2,0,13,2025-05-13 17:10,2025-05-13 18:45,72513,逸风,陕西省,西安市,雁塔区,雁南公园,7a164271-3f3e-4919-9176-7fb7db96655f,陕西,西安,,,2025-03-01,2026-03-01,2,serial_id,asc,12,2026-03-10T10:47:18+00:00
fe061a50-90b8-42d0-971f-ecc319270db1,2025051400023,2,0,33,2025-05-11 11:00,2025-05-11 18:11,54636,鹊影,陕西省,西安市,未央区,西安湖,fe061a50-90b8-42d0-971f-ecc319270db1,陕西,西安,,,2025-03-01,2026-03-01,2,serial_id,asc,12,2026-03-10T10:47:18+00:00
197a7a23-fd93-4586-a745-f2d16d022a9d,2025051400321,2,0,7,2025-05-14 10:00,2025-05-14 10:25,62907,芋泥奶冻卷,陕西省,西安市,长安区,西安交通大学科技创新港科创基地,197a7a23-fd93-4586-a745-f2d16d022a9d,陕西,西安,,,2025-03-01,2026-03-01,2,serial_id,asc,12,2026-03-10T10:47:18+00:00
f8c5b2d8-5e32-48b2-b8e6-40a5fc9b475a,2025051400358,2,0,12,2025-05-14 10:00,2025-05-14 11:00,85986,倪钧钧,陕西省,西安市,长安区,西安交通大学科技创新港科创基地,f8c5b2d8-5e32-48b2-b8e6-40a5fc9b475a,陕西,西安,,,2025-03-01,2026-03-01,2,serial_id,asc,12,2026-03-10T10:47:18+00:00
40652977-ced4-4963-86e7-da13694ac101,2025051400548,2,0,13,2025-05-14 12:00,2025-05-14 13:00,37760,SQQ,陕西省,西安市,长安区,沣河生态湿地公园,40652977-ced4-4963-86e7-da13694ac101,陕西,西安,,,2025-03-01,2026-03-01,2,serial_id,asc,12,2026-03-10T10:47:18+00:00
e889c650-a721-419a-a7ad-bc07480456b4,2025051400559,2,0,26,2025-05-14 09:50,2025-05-14 11:39,70590,Elim看鸟,陕西省,西安市,长安区,樊川公园,e889c650-a721-419a-a7ad-bc07480456b4,陕西,西安,,,2025-03-01,2026-03-01,2,serial_id,asc,12,2026-03-10T10:47:18+00:00
1ee21860-9b8f-4dc4-8663-37744a0faece,2025051401230,2,0,5,2025-05-14 19:00,2025-05-14 20:00,57607,西石大绿源白鱀豚,陕西省,西安市,鄠邑区,西安石油大学(鄠邑校区),1ee21860-9b8f-4dc4-8663-37744a0faece,陕西,西安,,,2025-03-01,2026-03-01,2,serial_id,asc,12,2026-03-10T10:47:18+00:00
1de8613c-91eb-4bba-adcb-e9ffb889182c,2025051401266,2,0,5,2025-05-14 19:00,2025-05-14 20:00,77815,荼蘼花,陕西省,西安市,鄠邑区,西安石油大学(鄠邑校区),1de8613c-91eb-4bba-adcb-e9ffb889182c,陕西,西安,,,2025-03-01,2026-03-01,2,serial_id,asc,12,2026-03-10T10:47:18+00:00
e876245e-0976-447b-b9aa-ab7240f9f1a2,2025051401491,2,0,16,2025-03-02 15:09,2025-03-02 18:31,80852,LYG,陕西省,西安市,长安区,樊川公园,e876245e-0976-447b-b9aa-ab7240f9f1a2,陕西,西安,,,2025-03-01,2026-03-01,2,serial_id,asc,12,2026-03-10T10:47:18+00:00
132a8a2e-c383-4753-9702-6ce0194b3044,2025051500003,2,0,28,2025-05-14 12:10,2025-05-14 18:00,52453,中南林野保雪豹,陕西省,西安市,周至县,杨凌渭河湿地生态公园,132a8a2e-c383-4753-9702-6ce0194b3044,陕西,西安,,,2025-03-01,2026-03-01,2,serial_id,asc,12,2026-03-10T10:47:18+00:00
d644f9d3-ea84-4517-a6f8-f48bf58551ce,2025051500005,2,0,15,2025-03-06 14:02,2025-03-06 17:53,80852,LYG,陕西省,西安市,长安区,樊川公园,d644f9d3-ea84-4517-a6f8-f48bf58551ce,陕西,西安,,,2025-03-01,2026-03-01,2,serial_id,asc,12,2026-03-10T10:47:18+00:00
a5d353fa-5b12-4b2c-9362-280b3450a5b4,2025051500017,2,0,15,2025-03-07 08:44,2025-03-07 10:47,80852,LYG,陕西省,西安市,未央区,渭河天玑湖,a5d353fa-5b12-4b2c-9362-280b3450a5b4,陕西,西安,,,2025-03-01,2026-03-01,2,serial_id,asc,12,2026-03-10T10:47:18+00:00
85550547-73cb-4663-8f30-3ce2601fc591,2025051500672,2,0,5,2025-05-15 13:30,2025-05-15 14:30,53920,Ouzel,陕西省,西安市,碑林区,西安交通大学兴庆校区,85550547-73cb-4663-8f30-3ce2601fc591,陕西,西安,,,2025-03-01,2026-03-01,2,serial_id,asc,12,2026-03-10T10:47:18+00:00
e504a755-9f19-4e67-9453-bed1f459f2a3,2025051500695,2,0,7,2025-05-15 13:00,2025-05-15 14:00,66900,modi,陕西省,西安市,雁塔区,雁塔区新纪元公园东南门西100米(高新二路西),e504a755-9f19-4e67-9453-bed1f459f2a3,陕西,西安,,,2025-03-01,2026-03-01,2,serial_id,asc,12,2026-03-10T10:47:18+00:00
242600fb-83e3-4202-83bf-ece17252973a,2025051500963,2,0,1,2025-05-15 16:00,2025-05-15 17:00,61498,gogo伊布,陕西省,西安市,长安区,西安秦岭野生动物园,242600fb-83e3-4202-83bf-ece17252973a,陕西,西安,,,2025-03-01,2026-03-01,2,serial_id,asc,12,2026-03-10T10:47:18+00:00
e775bd18-ef94-4d02-89b0-cdc0a4b56e63,2025051501443,2,0,14,2025-05-15 16:30,2025-05-15 17:15,48901,dawngloam,陕西省,西安市,碑林区,兴庆公园,e775bd18-ef94-4d02-89b0-cdc0a4b56e63,陕西,西安,,,2025-03-01,2026-03-01,2,serial_id,asc,12,2026-03-10T10:47:18+00:00
e0c64eba-f602-47a9-8ba1-d0fd543f9a17,2025051600109,2,0,3,2025-05-16 07:00,2025-05-16 08:00,53897,阿伟,陕西省,西安市,蓝田县,蓝田县前卫镇李家咀,e0c64eba-f602-47a9-8ba1-d0fd543f9a17,陕西,西安,,,2025-03-01,2026-03-01,2,serial_id,asc,12,2026-03-10T10:47:18+00:00
ec1a2fa6-56bd-45a6-80b1-4ccc1315fb98,2025051600188,2,0,4,2025-05-16 07:30,2025-05-16 08:30,53920,Ouzel,陕西省,西安市,碑林区,西安交通大学兴庆校区,ec1a2fa6-56bd-45a6-80b1-4ccc1315fb98,陕西,西安,,,2025-03-01,2026-03-01,2,serial_id,asc,12,2026-03-10T10:47:18+00:00
a1a004fa-ac18-435d-bf74-069aae35d381,2025051600191,2,0,13,2025-05-16 07:25,2025-05-16 08:18,62907,芋泥奶冻卷,陕西省,西安市,长安区,西安交通大学科技创新港科创基地,a1a004fa-ac18-435d-bf74-069aae35d381,陕西,西安,,,2025-03-01,2026-03-01,2,serial_id,asc,12,2026-03-10T10:47:18+00:00
3323943f-ffc4-408e-8f8c-ed9c66117296,2025051600200,2,0,13,2025-05-16 08:00,2025-05-16 09:00,69634,伊羊肉卷,陕西省,西安市,长安区,西安交通大学科技创新港科创基地,3323943f-ffc4-408e-8f8c-ed9c66117296,陕西,西安,,,2025-03-01,2026-03-01,2,serial_id,asc,12,2026-03-10T10:47:18+00:00
0af2044f-5ac3-42bc-95e2-2e41e7fd35b2,2025051600682,2,0,4,2025-05-16 13:00,2025-05-16 14:00,53920,Ouzel,陕西省,西安市,碑林区,西安交通大学兴庆校区,0af2044f-5ac3-42bc-95e2-2e41e7fd35b2,陕西,西安,,,2025-03-01,2026-03-01,2,serial_id,asc,13,2026-03-10T10:47:20+00:00
4f636a07-a3b9-418d-a662-b499094d1eef,2025051600704,2,0,8,2025-05-16 13:00,2025-05-16 14:00,69634,伊羊肉卷,陕西省,西安市,碑林区,西安交通大学兴庆校区,4f636a07-a3b9-418d-a662-b499094d1eef,陕西,西安,,,2025-03-01,2026-03-01,2,serial_id,asc,13,2026-03-10T10:47:20+00:00
ee874aec-93b7-4caf-a120-2b06f405f560,2025051601096,2,0,1,2025-05-16 17:00,2025-05-16 18:00,57000,一只豚豚,陕西省,西安市,长安区,陕西师范大学(长安校区),ee874aec-93b7-4caf-a120-2b06f405f560,陕西,西安,,,2025-03-01,2026-03-01,2,serial_id,asc,13,2026-03-10T10:47:20+00:00
36616d25-3591-4e4b-8d7b-fee54e5381e4,2025051601100,2,0,24,2025-05-15 09:32,2025-05-15 12:23,40869,繁霜滋晓白,陕西省,西安市,长安区,樊川公园,36616d25-3591-4e4b-8d7b-fee54e5381e4,陕西,西安,,,2025-03-01,2026-03-01,2,serial_id,asc,13,2026-03-10T10:47:20+00:00
dad34ee5-11be-4335-9539-3b5f0c312936,2025051601202,2,0,34,2025-05-16 16:30,2025-05-16 19:00,64556,Derry,陕西省,西安市,长安区,樊川公园,dad34ee5-11be-4335-9539-3b5f0c312936,陕西,西安,,,2025-03-01,2026-03-01,2,serial_id,asc,13,2026-03-10T10:47:20+00:00
1a7cc526-9dbc-4a93-b895-2e6a9ee441a7,2025051601228,2,0,29,2025-05-16 16:30,2025-05-16 19:00,63633,吃些乌桕子,陕西省,西安市,长安区,樊川公园,1a7cc526-9dbc-4a93-b895-2e6a9ee441a7,陕西,西安,,,2025-03-01,2026-03-01,2,serial_id,asc,13,2026-03-10T10:47:20+00:00
340707be-1b50-45fe-98d3-1b9aa3c704c2,2025051601244,2,0,33,2025-05-16 07:45,2025-05-16 11:10,44813,SkyNing,陕西省,西安市,长安区,樊川公园,340707be-1b50-45fe-98d3-1b9aa3c704c2,陕西,西安,,,2025-03-01,2026-03-01,2,serial_id,asc,13,2026-03-10T10:47:20+00:00
f1d7a1f7-6d7d-440b-9688-bbc5527add57,2025051601403,2,0,34,2025-05-16 08:15,2025-05-16 10:30,48901,dawngloam,陕西省,西安市,长安区,长安区樊川公园,f1d7a1f7-6d7d-440b-9688-bbc5527add57,陕西,西安,,,2025-03-01,2026-03-01,2,serial_id,asc,13,2026-03-10T10:47:20+00:00
7c1f16fe-1623-47d4-9a1b-67ecf5a8c59b,2025051700292,2,0,50,2025-05-17 06:00,2025-05-17 14:00,32202,2N3501,陕西省,西安市,长安区,樊川公园,7c1f16fe-1623-47d4-9a1b-67ecf5a8c59b,陕西,西安,,,2025-03-01,2026-03-01,2,serial_id,asc,13,2026-03-10T10:47:20+00:00
ccf72733-42be-4b18-89b3-0bfb8510322d,2025051700366,2,0,11,2025-05-17 09:00,2025-05-17 10:00,53920,Ouzel,陕西省,西安市,碑林区,兴庆宫公园,ccf72733-42be-4b18-89b3-0bfb8510322d,陕西,西安,,,2025-03-01,2026-03-01,2,serial_id,asc,13,2026-03-10T10:47:20+00:00
3f8b1e3d-13da-4094-9df1-75ef5885ab0f,2025051700461,2,0,12,2025-05-17 08:00,2025-05-17 11:00,78662,绿翅旋壁雀,陕西省,西安市,灞桥区,灞柳西路B坝广场,3f8b1e3d-13da-4094-9df1-75ef5885ab0f,陕西,西安,,,2025-03-01,2026-03-01,2,serial_id,asc,13,2026-03-10T10:47:20+00:00
dc3b35c1-dc39-4ac2-9335-29a5b9627d0c,2025051700485,2,0,1,2025-05-17 10:00,2025-05-17 11:00,53920,Ouzel,陕西省,西安市,碑林区,西安交通大学兴庆校区,dc3b35c1-dc39-4ac2-9335-29a5b9627d0c,陕西,西安,,,2025-03-01,2026-03-01,2,serial_id,asc,13,2026-03-10T10:47:20+00:00
d3744cfe-f68d-4588-a299-bc8692e7bc6a,2025051700854,2,0,1,2025-05-17 12:00,2025-05-17 13:00,84943,灯才是需要练习的,陕西省,西安市,长安区,樊川公园,d3744cfe-f68d-4588-a299-bc8692e7bc6a,陕西,西安,,,2025-03-01,2026-03-01,2,serial_id,asc,13,2026-03-10T10:47:20+00:00
fd05fc99-8b1d-42ff-8221-42f362662d16,2025051700860,2,0,2,2025-05-17 12:00,2025-05-17 13:00,84943,灯才是需要练习的,陕西省,西安市,长安区,樊川公园,fd05fc99-8b1d-42ff-8221-42f362662d16,陕西,西安,,,2025-03-01,2026-03-01,2,serial_id,asc,13,2026-03-10T10:47:20+00:00
d6fe6e32-041f-405f-aa3f-87cc1e712752,2025051701709,2,0,9,2025-05-17 16:00,2025-05-17 18:25,73973,fly,陕西省,西安市,雁塔区,西安交通大学(雁塔校区),d6fe6e32-041f-405f-aa3f-87cc1e712752,陕西,西安,,,2025-03-01,2026-03-01,2,serial_id,asc,13,2026-03-10T10:47:20+00:00
5626cb6a-0a6b-4573-a1f2-a0d5d4fd8799,2025051702004,2,0,15,2025-05-17 17:30,2025-05-17 20:00,54636,鹊影,陕西省,西安市,碑林区,兴庆宫公园,5626cb6a-0a6b-4573-a1f2-a0d5d4fd8799,陕西,西安,,,2025-03-01,2026-03-01,2,serial_id,asc,13,2026-03-10T10:47:20+00:00
0e98cf98-d3df-41d0-8282-c43d05ee48da,2025051702330,2,0,2,2025-05-17 15:27,2025-05-17 17:27,74437,chaaaaaos,陕西省,西安市,碑林区,兴庆宫公园,0e98cf98-d3df-41d0-8282-c43d05ee48da,陕西,西安,,,2025-03-01,2026-03-01,2,serial_id,asc,13,2026-03-10T10:47:20+00:00
02f87a2a-e06c-4a50-bdf8-6372c0e9322e,2025051800119,2,0,25,2025-05-18 07:00,2025-05-18 08:00,45951,回声,陕西省,西安市,长安区,樊川公园,02f87a2a-e06c-4a50-bdf8-6372c0e9322e,陕西,西安,,,2025-03-01,2026-03-01,2,serial_id,asc,13,2026-03-10T10:47:20+00:00
fc25f68e-91ed-44be-a4e2-19b559bfb932,2025051800391,2,0,45,2025-05-18 08:00,2025-05-18 09:00,69634,伊羊肉卷,陕西省,西安市,长安区,樊川公园,fc25f68e-91ed-44be-a4e2-19b559bfb932,陕西,西安,,,2025-03-01,2026-03-01,2,serial_id,asc,13,2026-03-10T10:47:20+00:00
ccc8297c-ce13-4c0b-b3ac-6715afdcbbb3,2025051800652,2,0,37,2025-05-18 07:20,2025-05-18 11:20,80852,LYG,陕西省,西安市,长安区,樊川公园,ccc8297c-ce13-4c0b-b3ac-6715afdcbbb3,陕西,西安,,,2025-03-01,2026-03-01,2,serial_id,asc,13,2026-03-10T10:47:20+00:00
483e075f-5727-4ec6-8542-41e167b506d7,2025051800777,2,0,7,2025-05-18 10:00,2025-05-18 11:00,57607,西石大绿源白鱀豚,陕西省,西安市,长安区,西北工业大学长安校区,483e075f-5727-4ec6-8542-41e167b506d7,陕西,西安,,,2025-03-01,2026-03-01,2,serial_id,asc,13,2026-03-10T10:47:20+00:00
1d98881c-a14b-4ec5-9de6-f6abc37b0c40,2025051800957,2,0,41,2025-05-18 10:00,2025-05-18 11:00,74505,ppop,陕西省,西安市,未央区,浐灞国家湿地公园,1d98881c-a14b-4ec5-9de6-f6abc37b0c40,陕西,西安,,,2025-03-01,2026-03-01,2,serial_id,asc,13,2026-03-10T10:47:20+00:00
19a973e6-dfc1-4ac1-ac9f-1194d8576c1f,2025051801080,2,0,43,2025-05-18 08:00,2025-05-18 12:45,74252,大土豆,陕西省,西安市,长安区,樊川公园,19a973e6-dfc1-4ac1-ac9f-1194d8576c1f,陕西,西安,,,2025-03-01,2026-03-01,2,serial_id,asc,13,2026-03-10T10:47:20+00:00
1d136e6f-d0c0-4b2f-8657-7a0c14583e8d,2025051801088,2,0,23,2025-05-18 08:00,2025-05-18 11:30,62907,芋泥奶冻卷,陕西省,西安市,长安区,樊川公园,1d136e6f-d0c0-4b2f-8657-7a0c14583e8d,陕西,西安,,,2025-03-01,2026-03-01,2,serial_id,asc,13,2026-03-10T10:47:20+00:00
83860e57-c1c2-4647-83a3-578c6d7372ed,2025051801202,2,0,24,2025-05-18 14:00,2025-05-18 15:00,84779,芝士蓝莓,陕西省,西安市,长安区,樊川公园,83860e57-c1c2-4647-83a3-578c6d7372ed,陕西,西安,,,2025-03-01,2026-03-01,2,serial_id,asc,13,2026-03-10T10:47:20+00:00
48e46549-9164-4768-a1ea-117b87fdfab6,2025051801221,2,0,6,2025-05-17 15:29,2025-05-17 17:29,84779,芝士蓝莓,陕西省,西安市,碑林区,兴庆宫公园,48e46549-9164-4768-a1ea-117b87fdfab6,陕西,西安,,,2025-03-01,2026-03-01,2,serial_id,asc,13,2026-03-10T10:47:20+00:00
a6acd71e-5e6c-4bc0-a14a-2130c1fc93c3,2025051801237,2,0,17,2025-05-18 14:00,2025-05-18 15:00,32898,周冰轮,陕西省,西安市,周至县,秦岭国家植物园,a6acd71e-5e6c-4bc0-a14a-2130c1fc93c3,陕西,西安,,,2025-03-01,2026-03-01,2,serial_id,asc,13,2026-03-10T10:47:20+00:00
cf5ba9d3-a8bd-45cf-adab-eb897f5780ee,2025051801534,2,0,30,2025-05-18 13:10,2025-05-18 16:25,54636,鹊影,陕西省,西安市,长安区,樊川公园,cf5ba9d3-a8bd-45cf-adab-eb897f5780ee,陕西,西安,,,2025-03-01,2026-03-01,2,serial_id,asc,13,2026-03-10T10:47:20+00:00
38fe6ed3-975a-4b91-869c-778b04298fa3,2025051802095,2,0,37,2025-05-18 07:20,2025-05-18 11:20,74337,ZTMPBF,陕西省,西安市,长安区,樊川公园,38fe6ed3-975a-4b91-869c-778b04298fa3,陕西,西安,,,2025-03-01,2026-03-01,2,serial_id,asc,13,2026-03-10T10:47:20+00:00
836f21a6-16db-4c88-8969-e7b15d2cc096,2025051802264,2,0,46,2025-05-18 06:00,2025-05-18 10:00,30320,户外农夫,陕西省,西安市,阎良区,西安市阎良石川河,836f21a6-16db-4c88-8969-e7b15d2cc096,陕西,西安,,,2025-03-01,2026-03-01,2,serial_id,asc,13,2026-03-10T10:47:20+00:00
c40e3093-8141-45a5-a957-f91e63d432c9,2025051802353,2,0,25,2025-05-17 08:22,2025-05-17 12:00,38539,Tmics,陕西省,西安市,长安区,樊川公园,c40e3093-8141-45a5-a957-f91e63d432c9,陕西,西安,,,2025-03-01,2026-03-01,2,serial_id,asc,13,2026-03-10T10:47:20+00:00
5023f2c5-f7e6-451b-a2e8-667f4fd6db05,2025051802361,2,0,1,2025-05-18 19:07,2025-05-18 19:10,38539,Tmics,陕西省,西安市,莲湖区,西安环城公园,5023f2c5-f7e6-451b-a2e8-667f4fd6db05,陕西,西安,,,2025-03-01,2026-03-01,2,serial_id,asc,13,2026-03-10T10:47:20+00:00
8ce44b60-d001-436f-a876-67dd03fd9d88,2025051802437,2,0,10,2025-05-18 21:00,2025-05-18 22:00,74505,ppop,陕西省,西安市,灞桥区,灞渭桥车游湿地公园,8ce44b60-d001-436f-a876-67dd03fd9d88,陕西,西安,,,2025-03-01,2026-03-01,2,serial_id,asc,13,2026-03-10T10:47:20+00:00
8c84c087-6ba0-4e83-9072-147b0c3c0d3b,2025051802488,2,0,5,2025-05-18 17:42,2025-05-18 18:42,84779,芝士蓝莓,陕西省,西安市,长安区,樊川公园,8c84c087-6ba0-4e83-9072-147b0c3c0d3b,陕西,西安,,,2025-03-01,2026-03-01,2,serial_id,asc,13,2026-03-10T10:47:20+00:00
9eac0189-5c35-4722-be10-b40050c87d88,2025051802500,2,0,3,2025-05-18 21:00,2025-05-18 22:00,74505,ppop,陕西省,西安市,长安区,樊川公园,9eac0189-5c35-4722-be10-b40050c87d88,陕西,西安,,,2025-03-01,2026-03-01,2,serial_id,asc,13,2026-03-10T10:47:20+00:00
8ab8e4b6-e672-47a4-b3b7-5036b61f2a99,2025051802582,2,0,2,2025-05-18 19:45,2025-05-18 20:00,21587,Ash小熊猫,陕西省,西安市,新城区,西安钟楼,8ab8e4b6-e672-47a4-b3b7-5036b61f2a99,陕西,西安,,,2025-03-01,2026-03-01,2,serial_id,asc,13,2026-03-10T10:47:20+00:00
1addde96-f00e-48c2-95af-be0d288bc88d,2025051900201,2,0,7,2025-05-08 17:00,2025-05-08 18:59,15123,百步穿杨_2011,陕西省,西安市,长安区,樊川公园,1addde96-f00e-48c2-95af-be0d288bc88d,陕西,西安,,,2025-03-01,2026-03-01,2,serial_id,asc,13,2026-03-10T10:47:20+00:00
d6340b25-2863-4b1b-bec1-ef7a28018e8c,2025051901167,2,0,21,2025-05-18 17:00,2025-05-18 19:00,54093,风的自然,陕西省,西安市,雁塔区,曲江池遗址公园,d6340b25-2863-4b1b-bec1-ef7a28018e8c,陕西,西安,,,2025-03-01,2026-03-01,2,serial_id,asc,13,2026-03-10T10:47:20+00:00
2665dcc9-30d6-4ac5-85f3-cab5acf85a42,2025051901185,2,0,7,2025-04-26 13:51,2025-04-26 14:41,54093,风的自然,陕西省,西安市,长安区,沣峪,2665dcc9-30d6-4ac5-85f3-cab5acf85a42,陕西,西安,,,2025-03-01,2026-03-01,2,serial_id,asc,13,2026-03-10T10:47:20+00:00
f853bde9-0595-4397-9a54-139dd5338c96,2025051901189,2,0,10,2025-04-26 17:51,2025-04-26 18:34,54093,风的自然,陕西省,西安市,长安区,洨河生态园,f853bde9-0595-4397-9a54-139dd5338c96,陕西,西安,,,2025-03-01,2026-03-01,2,serial_id,asc,13,2026-03-10T10:47:20+00:00
90c99a66-93b1-4122-bd80-3daab4f6083e,2025051901278,2,0,1,2025-05-19 18:00,2025-05-19 19:00,73554,白鹡鸰早起去观鸟,陕西省,西安市,碑林区,西安理工大学(金花校区),90c99a66-93b1-4122-bd80-3daab4f6083e,陕西,西安,,,2025-03-01,2026-03-01,2,serial_id,asc,13,2026-03-10T10:47:20+00:00
18542cf9-87a5-44f4-ab3b-4dbf1dd4e4d6,2025051901298,2,0,4,2025-05-19 18:50,2025-05-19 19:20,53920,Ouzel,陕西省,西安市,碑林区,西安交通大学兴庆校区,18542cf9-87a5-44f4-ab3b-4dbf1dd4e4d6,陕西,西安,,,2025-03-01,2026-03-01,2,serial_id,asc,13,2026-03-10T10:47:20+00:00
c2763101-2a60-4c59-acc8-9c23a8d6ee3f,2025052000306,2,0,3,2025-05-20 10:00,2025-05-20 11:00,53920,Ouzel,陕西省,西安市,碑林区,西安交通大学兴庆校区,c2763101-2a60-4c59-acc8-9c23a8d6ee3f,陕西,西安,,,2025-03-01,2026-03-01,2,serial_id,asc,13,2026-03-10T10:47:20+00:00
66ca4e0f-95d2-4331-a05c-87ffde781f6c,2025052000663,2,0,23,2025-05-19 17:30,2025-05-19 19:00,48901,dawngloam,陕西省,西安市,长安区,长安区樊川公园,66ca4e0f-95d2-4331-a05c-87ffde781f6c,陕西,西安,,,2025-03-01,2026-03-01,2,serial_id,asc,13,2026-03-10T10:47:20+00:00
f73e2e64-0d0c-4331-9d26-55d36e1e0c77,2025052000990,2,0,8,2025-05-20 19:00,2025-05-20 20:00,70302,烛影摇红,陕西省,西安市,长安区,西安交通大学创新港小山坡,f73e2e64-0d0c-4331-9d26-55d36e1e0c77,陕西,西安,,,2025-03-01,2026-03-01,2,serial_id,asc,13,2026-03-10T10:47:20+00:00
e09d3dfc-f0b4-4218-b3ed-5daa46fd4855,2025052000993,2,0,2,2025-05-20 19:00,2025-05-20 20:00,31165,荣小叶榕,陕西省,西安市,未央区,西航照相(渭清路),e09d3dfc-f0b4-4218-b3ed-5daa46fd4855,陕西,西安,,,2025-03-01,2026-03-01,2,serial_id,asc,13,2026-03-10T10:47:20+00:00
b4e897a1-c50a-42db-a789-05543ad47c56,2025052100137,2,0,1,2025-05-21 08:00,2025-05-21 09:00,69634,伊羊肉卷,陕西省,西安市,长安区,西安交通大学科技创新港科创基地,b4e897a1-c50a-42db-a789-05543ad47c56,陕西,西安,,,2025-03-01,2026-03-01,2,serial_id,asc,13,2026-03-10T10:47:20+00:00
da1dfce5-9709-402e-bff7-f6ed26abc015,2025052100333,2,0,12,2025-05-21 07:30,2025-05-21 08:30,62907,芋泥奶冻卷,陕西省,西安市,长安区,西安交通大学科技创新港科创基地,da1dfce5-9709-402e-bff7-f6ed26abc015,陕西,西安,,,2025-03-01,2026-03-01,2,serial_id,asc,13,2026-03-10T10:47:20+00:00
74074a7c-cd8a-4d72-bc2e-16d17e52d81c,2025052100379,2,0,11,2025-05-21 07:30,2025-05-21 08:30,74252,大土豆,陕西省,西安市,长安区,西安交通大学科技创新港科创基地,74074a7c-cd8a-4d72-bc2e-16d17e52d81c,陕西,西安,,,2025-03-01,2026-03-01,2,serial_id,asc,13,2026-03-10T10:47:20+00:00
853c2209-3f07-4cda-99da-a8588f5630b3,2025052100935,2,0,11,2025-05-21 12:00,2025-05-21 19:30,73973,fly,陕西省,西安市,雁塔区,西安交通大学(雁塔校区),853c2209-3f07-4cda-99da-a8588f5630b3,陕西,西安,,,2025-03-01,2026-03-01,2,serial_id,asc,13,2026-03-10T10:47:20+00:00
5872e643-2a2f-40f5-b898-ea63b5088ff7,2025052100984,2,0,6,2025-05-21 09:00,2025-05-21 09:30,21587,Ash小熊猫,陕西省,西安市,雁塔区,雁塔区3G酷派智能产业园(傅村北路北),5872e643-2a2f-40f5-b898-ea63b5088ff7,陕西,西安,,,2025-03-01,2026-03-01,2,serial_id,asc,14,2026-03-10T10:47:23+00:00
7fa06051-41cd-4dba-b03a-9a46a3d2dbd6,2025052101239,2,0,10,2025-05-18 17:40,2025-05-18 19:44,76693,yjyyjy,陕西省,西安市,雁塔区,鹤鸣湖,7fa06051-41cd-4dba-b03a-9a46a3d2dbd6,陕西,西安,,,2025-03-01,2026-03-01,2,serial_id,asc,14,2026-03-10T10:47:23+00:00
219f43d7-1fb6-4d43-a284-5a333e4db2ed,2025052200667,2,0,13,2025-05-22 15:30,2025-05-22 17:30,30287,Julian,陕西省,西安市,莲湖区,丰庆公园,219f43d7-1fb6-4d43-a284-5a333e4db2ed,陕西,西安,,,2025-03-01,2026-03-01,2,serial_id,asc,14,2026-03-10T10:47:23+00:00
2bf15546-62ad-45f1-8e1e-4282ead3abe9,2025052200718,2,0,11,2025-05-21 16:20,2025-05-21 16:20,63633,吃些乌桕子,陕西省,西安市,雁塔区,雁南公园,2bf15546-62ad-45f1-8e1e-4282ead3abe9,陕西,西安,,,2025-03-01,2026-03-01,2,serial_id,asc,14,2026-03-10T10:47:23+00:00
454f8685-3ec4-40ea-94c8-229c59e1093a,2025052200950,2,0,13,2025-05-22 15:15,2025-05-22 18:00,57607,西石大绿源白鱀豚,陕西省,西安市,鄠邑区,西安石油大学(鄠邑校区),454f8685-3ec4-40ea-94c8-229c59e1093a,陕西,西安,,,2025-03-01,2026-03-01,2,serial_id,asc,14,2026-03-10T10:47:23+00:00
7992188d-e2c4-45b1-8d87-c48fc429f323,2025052201005,2,0,13,2025-05-22 19:00,2025-05-22 20:00,73554,白鹡鸰早起去观鸟,陕西省,西安市,碑林区,兴庆宫公园,7992188d-e2c4-45b1-8d87-c48fc429f323,陕西,西安,,,2025-03-01,2026-03-01,2,serial_id,asc,14,2026-03-10T10:47:23+00:00
08983f18-06b6-4716-a388-f0a13c051b35,2025052201008,2,0,1,2025-05-22 19:00,2025-05-22 20:00,76693,yjyyjy,陕西省,西安市,雁塔区,鹤鸣湖,08983f18-06b6-4716-a388-f0a13c051b35,陕西,西安,,,2025-03-01,2026-03-01,2,serial_id,asc,14,2026-03-10T10:47:23+00:00
6a9870d0-b1ae-43e1-b297-681d36cb7ea5,2025052300136,2,0,29,2025-05-23 08:00,2025-05-23 09:00,54689,WhentheLEVEEbreaks,陕西省,西安市,周至县,秦岭国家植物园,6a9870d0-b1ae-43e1-b297-681d36cb7ea5,陕西,西安,,,2025-03-01,2026-03-01,2,serial_id,asc,14,2026-03-10T10:47:23+00:00
4fadfc79-c0c6-4078-971a-64b0f0946e05,2025052300210,2,0,1,2025-05-23 09:00,2025-05-23 10:00,86307,李封真,陕西省,西安市,鄠邑区,涝渭湿地公园,4fadfc79-c0c6-4078-971a-64b0f0946e05,陕西,西安,,,2025-03-01,2026-03-01,2,serial_id,asc,14,2026-03-10T10:47:23+00:00
1981dc51-c0ed-440d-ab21-f3b8efc2e0b7,2025052300311,2,0,3,2025-05-23 09:00,2025-05-23 10:00,40098,QQWZYTJH,陕西省,西安市,周至县,秦岭国家植物园,1981dc51-c0ed-440d-ab21-f3b8efc2e0b7,陕西,西安,,,2025-03-01,2026-03-01,2,serial_id,asc,14,2026-03-10T10:47:23+00:00
4f9e1b53-c5ef-47de-acc1-63f758df4cdc,2025052300568,2,0,5,2025-05-23 13:00,2025-05-23 14:00,66900,modi,陕西省,西安市,雁塔区,雁塔区新纪元公园东南门西100米(高新二路西),4f9e1b53-c5ef-47de-acc1-63f758df4cdc,陕西,西安,,,2025-03-01,2026-03-01,2,serial_id,asc,14,2026-03-10T10:47:23+00:00
3c627f74-f40b-4d41-b876-7eabed222306,2025052300858,2,0,1,2025-05-23 17:00,2025-05-23 18:00,74505,ppop,陕西省,西安市,新城区,西安钟楼,3c627f74-f40b-4d41-b876-7eabed222306,陕西,西安,,,2025-03-01,2026-03-01,2,serial_id,asc,14,2026-03-10T10:47:23+00:00
01596170-4a6a-40bc-80a9-6bbd0078e9ec,2025052301345,2,0,1,2025-05-23 23:00,2025-05-24 00:00,76693,yjyyjy,陕西省,西安市,雁塔区,鹤鸣湖,01596170-4a6a-40bc-80a9-6bbd0078e9ec,陕西,西安,,,2025-03-01,2026-03-01,2,serial_id,asc,14,2026-03-10T10:47:23+00:00
8ac99496-ae39-4051-b7ec-42851ce0baf9,2025052400333,2,0,2,2025-05-24 09:00,2025-05-24 10:00,86872,江白,陕西省,西安市,长安区,西北政法大学(长安校区),8ac99496-ae39-4051-b7ec-42851ce0baf9,陕西,西安,,,2025-03-01,2026-03-01,2,serial_id,asc,14,2026-03-10T10:47:23+00:00
d33fce24-fc54-4a95-bc94-159b422459ef,2025052400426,2,0,19,2025-05-24 09:00,2025-05-24 12:43,46255,齐物小圣,陕西省,西安市,未央区,西安浐灞国家湿地公园,d33fce24-fc54-4a95-bc94-159b422459ef,陕西,西安,,,2025-03-01,2026-03-01,2,serial_id,asc,14,2026-03-10T10:47:23+00:00
d7eae528-a404-4c22-bb8f-d0659a516c5e,2025052400657,2,0,6,2025-05-22 16:15,2025-05-22 17:15,15090,刑小天在西交创新港,陕西省,西安市,莲湖区,丰庆公园,d7eae528-a404-4c22-bb8f-d0659a516c5e,陕西,西安,,,2025-03-01,2026-03-01,2,serial_id,asc,14,2026-03-10T10:47:23+00:00
cca26661-995a-4cb9-ae73-6e2d5ceafa62,2025052401110,2,0,28,2025-05-24 08:30,2025-05-24 11:00,59244,选择困难症,陕西省,西安市,长安区,长安区樊川公园,cca26661-995a-4cb9-ae73-6e2d5ceafa62,陕西,西安,,,2025-03-01,2026-03-01,2,serial_id,asc,14,2026-03-10T10:47:23+00:00
810cc82f-6a8c-49ab-9cf4-1e4d706bbb5a,2025052401328,2,0,4,2025-05-24 15:00,2025-05-24 16:00,26837,老鱼,陕西省,西安市,未央区,文景山公园,810cc82f-6a8c-49ab-9cf4-1e4d706bbb5a,陕西,西安,,,2025-03-01,2026-03-01,2,serial_id,asc,14,2026-03-10T10:47:23+00:00
f123653b-abaf-4555-b4ac-77f892d588f4,2025052401661,2,0,38,2025-05-24 13:00,2025-05-24 18:00,45081,阿七同学,陕西省,西安市,临潼区,临潼区渭河东南300米(堤顶路西),f123653b-abaf-4555-b4ac-77f892d588f4,陕西,西安,,,2025-03-01,2026-03-01,2,serial_id,asc,14,2026-03-10T10:47:23+00:00
60b0dcb3-b991-4549-8aed-b9c3c2fad183,2025052401734,2,0,19,2025-05-24 17:00,2025-05-24 18:00,2628,zuoluo,陕西省,西安市,长安区,小峪口,60b0dcb3-b991-4549-8aed-b9c3c2fad183,陕西,西安,,,2025-03-01,2026-03-01,2,serial_id,asc,14,2026-03-10T10:47:23+00:00
6cd07323-3e46-47a8-b7fc-332c4f1d975d,2025052401896,2,0,21,2025-05-24 17:00,2025-05-24 18:00,2628,zuoluo,陕西省,西安市,长安区,长安区王莽千亩荷花,6cd07323-3e46-47a8-b7fc-332c4f1d975d,陕西,西安,,,2025-03-01,2026-03-01,2,serial_id,asc,14,2026-03-10T10:47:23+00:00
d1aa864a-e932-49cb-8891-4030196b9571,2025052402596,2,0,13,2025-05-24 15:00,2025-05-24 16:00,66398,香香鸡贴贴,陕西省,西安市,鄠邑区,金龙峡风景区,d1aa864a-e932-49cb-8891-4030196b9571,陕西,西安,,,2025-03-01,2026-03-01,2,serial_id,asc,14,2026-03-10T10:47:23+00:00
203ca779-d9ad-4cfa-a163-b4df31fc17b5,2025052500016,2,0,8,2025-05-24 09:00,2025-05-24 10:20,38539,Tmics,陕西省,西安市,莲湖区,丰庆公园,203ca779-d9ad-4cfa-a163-b4df31fc17b5,陕西,西安,,,2025-03-01,2026-03-01,2,serial_id,asc,14,2026-03-10T10:47:23+00:00
65d7f684-0feb-492b-add6-0ae181fd7374,2025052500427,2,0,17,2025-05-25 09:00,2025-05-25 10:00,35170,Mingleair,陕西省,西安市,碑林区,兴庆宫公园,65d7f684-0feb-492b-add6-0ae181fd7374,陕西,西安,,,2025-03-01,2026-03-01,2,serial_id,asc,14,2026-03-10T10:47:23+00:00
cf3b2227-700f-45a9-8b00-c1590e262479,2025052500517,2,0,22,2025-05-25 09:44,2025-05-25 12:44,63633,吃些乌桕子,陕西省,西安市,长安区,圭峰山,cf3b2227-700f-45a9-8b00-c1590e262479,陕西,西安,,,2025-03-01,2026-03-01,2,serial_id,asc,14,2026-03-10T10:47:23+00:00
c41c207a-347c-4f02-b0da-99724ebc322e,2025052500542,2,0,6,2025-05-25 09:00,2025-05-25 10:00,20331,小黄鸭是菜鸟,陕西省,西安市,碑林区,兴庆宫公园,c41c207a-347c-4f02-b0da-99724ebc322e,陕西,西安,,,2025-03-01,2026-03-01,2,serial_id,asc,14,2026-03-10T10:47:23+00:00
c32d2f99-7022-4673-a0b5-0e025b5a54da,2025052500654,2,0,18,2025-05-25 10:00,2025-05-25 11:00,71997,1010,陕西省,西安市,碑林区,碑林区兴庆宫公园(兴庆宫公园通阳门西北100米),c32d2f99-7022-4673-a0b5-0e025b5a54da,陕西,西安,,,2025-03-01,2026-03-01,2,serial_id,asc,14,2026-03-10T10:47:23+00:00
e952b008-0578-45b0-839b-c8d19d12befb,2025052501054,2,0,14,2025-05-24 08:00,2025-05-24 11:23,81517,MGC6543,陕西省,西安市,未央区,汉城湖旅游景区,e952b008-0578-45b0-839b-c8d19d12befb,陕西,西安,,,2025-03-01,2026-03-01,2,serial_id,asc,14,2026-03-10T10:47:23+00:00
b555107e-ca3e-45a1-97b1-999b53072980,2025052501183,2,0,21,2025-05-25 13:00,2025-05-25 14:00,20331,小黄鸭是菜鸟,陕西省,西安市,长安区,长安区樊川公园(潏河路南200米),b555107e-ca3e-45a1-97b1-999b53072980,陕西,西安,,,2025-03-01,2026-03-01,2,serial_id,asc,14,2026-03-10T10:47:23+00:00
d2f56ceb-e965-4ed7-90ae-c2a8ccead284,2025052501191,2,0,21,2025-05-25 13:00,2025-05-25 14:00,35170,Mingleair,陕西省,西安市,长安区,长安区樊川公园(潏河路南200米),d2f56ceb-e965-4ed7-90ae-c2a8ccead284,陕西,西安,,,2025-03-01,2026-03-01,2,serial_id,asc,14,2026-03-10T10:47:23+00:00
fd52b591-bf09-4e5d-b388-577c06590aa7,2025052501230,2,0,21,2025-05-25 13:00,2025-05-25 16:00,63633,吃些乌桕子,陕西省,西安市,长安区,秦岭祥峪口,fd52b591-bf09-4e5d-b388-577c06590aa7,陕西,西安,,,2025-03-01,2026-03-01,2,serial_id,asc,14,2026-03-10T10:47:23+00:00
8cfe84bf-fc35-4e10-b2fb-8fb4feaa4c5c,2025052501250,2,0,24,2025-05-25 13:00,2025-05-25 14:00,71997,1010,陕西省,西安市,长安区,长安区樊川公园(潏河路南200米),8cfe84bf-fc35-4e10-b2fb-8fb4feaa4c5c,陕西,西安,,,2025-03-01,2026-03-01,2,serial_id,asc,14,2026-03-10T10:47:23+00:00
e95187b4-1892-44a8-92fc-42ad0608d1f1,2025052501318,2,0,10,2025-05-25 14:00,2025-05-25 15:00,3975,稷朝,陕西省,西安市,长安区,西安王不歪食品有限公司(工厂),e95187b4-1892-44a8-92fc-42ad0608d1f1,陕西,西安,,,2025-03-01,2026-03-01,2,serial_id,asc,14,2026-03-10T10:47:23+00:00
a44a6756-5f85-4d74-91ef-0e390b971f53,2025052502137,2,0,12,2025-05-25 17:00,2025-05-25 18:00,69205,伊犁鼠兔,陕西省,西安市,鄠邑区,西安石油大学(鄠邑校区),a44a6756-5f85-4d74-91ef-0e390b971f53,陕西,西安,,,2025-03-01,2026-03-01,2,serial_id,asc,14,2026-03-10T10:47:23+00:00
45d33e00-708a-4a4d-81d8-696804ab2ba1,2025052502165,2,0,27,2025-05-25 19:00,2025-05-25 20:00,74505,ppop,陕西省,西安市,长安区,圭峰寺-高冠峪,45d33e00-708a-4a4d-81d8-696804ab2ba1,陕西,西安,,,2025-03-01,2026-03-01,2,serial_id,asc,14,2026-03-10T10:47:23+00:00
6c123261-5120-4f3d-b668-712b0c6a77ed,2025052502180,2,0,17,2025-05-25 19:00,2025-05-25 20:00,74505,ppop,陕西省,西安市,长安区,祥峪沟村,6c123261-5120-4f3d-b668-712b0c6a77ed,陕西,西安,,,2025-03-01,2026-03-01,2,serial_id,asc,14,2026-03-10T10:47:23+00:00
f361281e-1b06-46bb-addb-9489bc9fad6d,2025052502205,2,0,5,2025-05-25 18:39,2025-05-25 19:37,25050,小車,陕西省,西安市,新城区,大明宫国家遗址公园含耀门遗址西北,f361281e-1b06-46bb-addb-9489bc9fad6d,陕西,西安,,,2025-03-01,2026-03-01,2,serial_id,asc,14,2026-03-10T10:47:23+00:00
f78c42f9-54ee-4fd8-a7c9-742dfd6c5cc1,2025052502209,2,0,13,2025-05-25 16:45,2025-05-25 19:30,57607,西石大绿源白鱀豚,陕西省,西安市,鄠邑区,西安石油大学(鄠邑校区),f78c42f9-54ee-4fd8-a7c9-742dfd6c5cc1,陕西,西安,,,2025-03-01,2026-03-01,2,serial_id,asc,14,2026-03-10T10:47:23+00:00
b1b9b133-07db-4c9b-8e07-8a2fac6b30f5,2025052502710,2,0,2,2025-05-25 20:30,2025-05-25 22:20,74252,大土豆,陕西省,西安市,鄠邑区,鄠邑区西安秦渭汉鼎生态农业开发有限公司西(河堤路),b1b9b133-07db-4c9b-8e07-8a2fac6b30f5,陕西,西安,,,2025-03-01,2026-03-01,2,serial_id,asc,14,2026-03-10T10:47:23+00:00
5a550b20-db36-403c-a782-a245118fbfc4,2025052502727,2,0,4,2025-05-25 23:00,2025-05-26 00:00,85816,Moring,陕西省,西安市,未央区,浐灞国家湿地公园,5a550b20-db36-403c-a782-a245118fbfc4,陕西,西安,,,2025-03-01,2026-03-01,2,serial_id,asc,14,2026-03-10T10:47:23+00:00
93473abc-57e2-4ce4-a9d2-8c0df0087bec,2025052600025,2,0,18,2025-05-25 14:06,2025-05-25 17:06,81517,MGC6543,陕西省,西安市,未央区,大明宫国家遗址公园,93473abc-57e2-4ce4-a9d2-8c0df0087bec,陕西,西安,,,2025-03-01,2026-03-01,2,serial_id,asc,14,2026-03-10T10:47:23+00:00
89d7ed52-99ed-4e89-8c93-a151d7e459cd,2025052600045,2,0,1,2025-05-26 00:00,2025-05-26 01:00,76693,yjyyjy,陕西省,西安市,碑林区,兴庆宫公园,89d7ed52-99ed-4e89-8c93-a151d7e459cd,陕西,西安,,,2025-03-01,2026-03-01,2,serial_id,asc,14,2026-03-10T10:47:23+00:00
d3278182-ff5c-456d-b587-bd223a292bb9,2025052600199,2,0,16,2025-05-25 17:00,2025-05-25 19:30,73973,fly,陕西省,西安市,长安区,樊川公园,d3278182-ff5c-456d-b587-bd223a292bb9,陕西,西安,,,2025-03-01,2026-03-01,2,serial_id,asc,14,2026-03-10T10:47:23+00:00
abf96385-5f46-4919-8e56-1ed9168e96e4,2025052600368,2,0,25,2025-05-25 09:00,2025-05-25 10:00,72904,李辉,陕西省,西安市,灞桥区,桃花潭,abf96385-5f46-4919-8e56-1ed9168e96e4,陕西,西安,,,2025-03-01,2026-03-01,2,serial_id,asc,14,2026-03-10T10:47:23+00:00
2531580b-5716-4ca5-a07b-1def69aab0ea,2025052600523,2,0,3,2025-05-26 11:00,2025-05-26 12:00,46104,27713,陕西省,西安市,鄠邑区,西安石油大学(鄠邑校区),2531580b-5716-4ca5-a07b-1def69aab0ea,陕西,西安,,,2025-03-01,2026-03-01,2,serial_id,asc,14,2026-03-10T10:47:23+00:00
9860a125-d3d7-4016-bef8-02333caef7f3,2025052600544,2,0,1,2025-05-26 11:00,2025-05-26 12:00,69405,唯有画墨不似朝露,陕西省,西安市,临潼区,西安工程大学(临潼校区),9860a125-d3d7-4016-bef8-02333caef7f3,陕西,西安,,,2025-03-01,2026-03-01,2,serial_id,asc,14,2026-03-10T10:47:23+00:00
f9b06f1f-e273-440d-974b-1814a68d670e,2025052601010,2,0,12,2025-05-26 15:00,2025-05-26 16:00,11643,斑衣蜡蝉,陕西省,西安市,碑林区,兴庆宫,f9b06f1f-e273-440d-974b-1814a68d670e,陕西,西安,,,2025-03-01,2026-03-01,2,serial_id,asc,14,2026-03-10T10:47:23+00:00
0afbcd54-ea6e-495f-bf96-241a00335635,2025052601133,2,0,6,2025-05-26 16:00,2025-05-26 17:00,22345,山丘,陕西省,西安市,碑林区,兴庆宫公园,0afbcd54-ea6e-495f-bf96-241a00335635,陕西,西安,,,2025-03-01,2026-03-01,2,serial_id,asc,14,2026-03-10T10:47:23+00:00
d302c161-9682-4f4a-ae63-6c205cd79745,2025052601406,2,0,10,2025-05-26 08:00,2025-05-26 09:30,66465,止火,陕西省,西安市,莲湖区,丰庆公园,d302c161-9682-4f4a-ae63-6c205cd79745,陕西,西安,,,2025-03-01,2026-03-01,2,serial_id,asc,14,2026-03-10T10:47:23+00:00
ad63f82d-b5af-4656-bcde-6b4f67219d9f,2025052700042,2,0,28,2025-05-26 14:00,2025-05-27 17:30,71440,meowto,陕西省,西安市,长安区,樊川公园,ad63f82d-b5af-4656-bcde-6b4f67219d9f,陕西,西安,,,2025-03-01,2026-03-01,2,serial_id,asc,14,2026-03-10T10:47:23+00:00
445f9cce-d133-4b97-8ba6-93724338ca43,2025052700796,2,0,22,2025-05-27 08:23,2025-05-27 11:23,54689,WhentheLEVEEbreaks,陕西省,西安市,长安区,樊川公园,445f9cce-d133-4b97-8ba6-93724338ca43,陕西,西安,,,2025-03-01,2026-03-01,2,serial_id,asc,15,2026-03-10T10:47:25+00:00
ff37bdf4-cda6-4335-bdab-bdd084df0768,2025052700950,2,0,12,2025-05-27 15:00,2025-05-27 16:00,67283,清香猫,陕西省,西安市,周至县,秦岭国家植物园,ff37bdf4-cda6-4335-bdab-bdd084df0768,陕西,西安,,,2025-03-01,2026-03-01,2,serial_id,asc,15,2026-03-10T10:47:25+00:00
66270d29-93f2-42cc-8c69-c72638e1ae2d,2025052701112,2,0,29,2025-05-27 16:00,2025-05-27 17:00,47058,寄居蟹,陕西省,西安市,长安区,高冠河,66270d29-93f2-42cc-8c69-c72638e1ae2d,陕西,西安,,,2025-03-01,2026-03-01,2,serial_id,asc,15,2026-03-10T10:47:25+00:00
ffe0aeec-728f-431c-9e13-967a4cf94f5b,2025052701311,2,0,15,2025-05-27 19:00,2025-05-27 20:00,45365,亮亮的观鸟日常,陕西省,西安市,碑林区,兴庆宫公园,ffe0aeec-728f-431c-9e13-967a4cf94f5b,陕西,西安,,,2025-03-01,2026-03-01,2,serial_id,asc,15,2026-03-10T10:47:25+00:00
82d888d1-9a76-49c8-bd07-ed9449551f13,2025052800463,2,0,2,2025-05-20 07:39,2025-05-28 13:00,78610,honghong,陕西省,西安市,雁塔区,西安交通大学(雁塔校区),82d888d1-9a76-49c8-bd07-ed9449551f13,陕西,西安,,,2025-03-01,2026-03-01,2,serial_id,asc,15,2026-03-10T10:47:25+00:00
6aa7a120-a2a8-4f39-b674-04b36ff50c20,2025052800857,2,0,15,2025-05-24 11:00,2025-05-24 13:00,81608,Watson,陕西省,西安市,长安区,樊川公园,6aa7a120-a2a8-4f39-b674-04b36ff50c20,陕西,西安,,,2025-03-01,2026-03-01,2,serial_id,asc,15,2026-03-10T10:47:25+00:00
122195b8-6a41-421e-a6c4-62c3d58ba72c,2025052800881,2,0,1,2025-05-19 11:00,2025-05-19 12:00,81608,Watson,陕西省,西安市,碑林区,兴庆宫公园,122195b8-6a41-421e-a6c4-62c3d58ba72c,陕西,西安,,,2025-03-01,2026-03-01,2,serial_id,asc,15,2026-03-10T10:47:25+00:00
cca66a59-1701-422a-ad51-b8ae1a2dc149,2025052800885,2,0,6,2025-05-18 11:00,2025-05-18 13:00,81608,Watson,陕西省,西安市,碑林区,西安博物院,cca66a59-1701-422a-ad51-b8ae1a2dc149,陕西,西安,,,2025-03-01,2026-03-01,2,serial_id,asc,15,2026-03-10T10:47:25+00:00
d6d79566-a144-40ed-8ea1-df9c2cdf96fa,2025052800959,2,0,11,2025-05-28 17:10,2025-05-28 19:00,80852,LYG,陕西省,西安市,莲湖区,丰庆公园,d6d79566-a144-40ed-8ea1-df9c2cdf96fa,陕西,西安,,,2025-03-01,2026-03-01,2,serial_id,asc,15,2026-03-10T10:47:25+00:00
ee631fde-b73f-48da-93b6-77f82567c218,2025052801025,2,0,11,2025-05-28 07:40,2025-05-28 08:43,74252,大土豆,陕西省,西安市,长安区,西安交通大学科技创新港科创基地,ee631fde-b73f-48da-93b6-77f82567c218,陕西,西安,,,2025-03-01,2026-03-01,2,serial_id,asc,15,2026-03-10T10:47:25+00:00
76c2f71d-6448-463e-ac2d-4ae787e29a25,2025052801030,2,0,1,2025-05-25 20:36,2025-05-25 21:57,74252,大土豆,陕西省,西安市,鄠邑区,鄠邑区西安秦渭汉鼎生态农业开发有限公司西(河堤路),76c2f71d-6448-463e-ac2d-4ae787e29a25,陕西,西安,,,2025-03-01,2026-03-01,2,serial_id,asc,15,2026-03-10T10:47:25+00:00
486e1081-3eff-4439-adde-f3564e43d0d5,2025052801097,2,0,11,2025-05-28 17:10,2025-05-28 19:00,74337,ZTMPBF,陕西省,西安市,莲湖区,丰庆公园,486e1081-3eff-4439-adde-f3564e43d0d5,陕西,西安,,,2025-03-01,2026-03-01,2,serial_id,asc,15,2026-03-10T10:47:25+00:00
590487f7-53d0-4f1f-b328-070c6e0951f2,2025052900264,2,0,25,2025-05-29 09:00,2025-05-29 10:00,37241,漱石,陕西省,西安市,未央区,未央区西安浐灞国家湿地公园(灞河西路北),590487f7-53d0-4f1f-b328-070c6e0951f2,陕西,西安,,,2025-03-01,2026-03-01,2,serial_id,asc,15,2026-03-10T10:47:25+00:00
ca2bafb9-5a23-4f05-9cbb-41aeed5ca038,2025052900300,2,0,16,2025-05-29 10:00,2025-05-29 11:00,22366,688chxiuq,陕西省,西安市,长安区,长安区大兆街道周家岩,ca2bafb9-5a23-4f05-9cbb-41aeed5ca038,陕西,西安,,,2025-03-01,2026-03-01,2,serial_id,asc,15,2026-03-10T10:47:25+00:00
38318318-64cb-4634-b06c-1348dd8d1d97,2025052900311,2,0,4,2025-05-29 10:00,2025-05-29 11:00,22345,山丘,陕西省,西安市,长安区,长安区大兆街道周家岩,38318318-64cb-4634-b06c-1348dd8d1d97,陕西,西安,,,2025-03-01,2026-03-01,2,serial_id,asc,15,2026-03-10T10:47:25+00:00
9bf77b6b-6986-49a7-98d2-44e746ce9787,2025052900357,2,0,32,2025-05-29 09:00,2025-05-29 10:00,47058,寄居蟹,陕西省,西安市,未央区,未央区西安浐灞国家湿地公园(灞河西路北),9bf77b6b-6986-49a7-98d2-44e746ce9787,陕西,西安,,,2025-03-01,2026-03-01,2,serial_id,asc,15,2026-03-10T10:47:25+00:00
b4a02c11-ab72-4c43-8452-a2597fe76e09,2025052900360,2,0,7,2025-05-29 10:00,2025-05-29 11:00,22345,山丘,陕西省,西安市,长安区,长安区西缘垂钓,b4a02c11-ab72-4c43-8452-a2597fe76e09,陕西,西安,,,2025-03-01,2026-03-01,2,serial_id,asc,15,2026-03-10T10:47:25+00:00
ef4cbe18-a23a-4df4-9b63-34c7e8e48466,2025052900414,2,0,4,2025-05-29 12:00,2025-05-29 13:00,32529,青蛙,陕西省,西安市,临潼区,秦始皇帝陵博物院,ef4cbe18-a23a-4df4-9b63-34c7e8e48466,陕西,西安,,,2025-03-01,2026-03-01,2,serial_id,asc,15,2026-03-10T10:47:25+00:00
1cb2e821-83ed-48c5-920b-535615018e78,2025052900507,2,0,11,2025-05-29 13:00,2025-05-29 14:00,22366,688chxiuq,陕西省,西安市,长安区,汪峪村(C171),1cb2e821-83ed-48c5-920b-535615018e78,陕西,西安,,,2025-03-01,2026-03-01,2,serial_id,asc,15,2026-03-10T10:47:25+00:00
16c02471-0f4d-4dcf-9960-8b6ee7dbe73c,2025052900610,2,0,15,2025-05-29 13:00,2025-05-29 14:00,22366,688chxiuq,陕西省,西安市,长安区,长安区王莽街道刘秀村,16c02471-0f4d-4dcf-9960-8b6ee7dbe73c,陕西,西安,,,2025-03-01,2026-03-01,2,serial_id,asc,15,2026-03-10T10:47:25+00:00
e8e7c730-43f9-4767-85da-d24225e77f53,2025052900882,2,0,3,2025-05-29 17:00,2025-05-29 18:00,69205,伊犁鼠兔,陕西省,西安市,鄠邑区,西安石油大学(鄠邑校区),e8e7c730-43f9-4767-85da-d24225e77f53,陕西,西安,,,2025-03-01,2026-03-01,2,serial_id,asc,15,2026-03-10T10:47:25+00:00
1ed8a3fa-f87b-4c8b-a1dc-c3263e5aa626,2025052901041,2,0,27,2025-05-29 16:30,2025-05-29 19:40,80852,LYG,陕西省,西安市,长安区,樊川公园,1ed8a3fa-f87b-4c8b-a1dc-c3263e5aa626,陕西,西安,,,2025-03-01,2026-03-01,2,serial_id,asc,15,2026-03-10T10:47:25+00:00
f9985458-de29-42be-85f0-519deb3fb417,2025052901097,2,0,27,2025-05-29 16:30,2025-05-29 19:40,74337,ZTMPBF,陕西省,西安市,长安区,樊川公园,f9985458-de29-42be-85f0-519deb3fb417,陕西,西安,,,2025-03-01,2026-03-01,2,serial_id,asc,15,2026-03-10T10:47:25+00:00
494b906b-876e-45ae-96af-495959a6a91c,2025053000581,2,0,11,2025-05-30 14:00,2025-05-30 15:00,20238,金刚·金刚,陕西省,西安市,未央区,西安北站,494b906b-876e-45ae-96af-495959a6a91c,陕西,西安,,,2025-03-01,2026-03-01,2,serial_id,asc,15,2026-03-10T10:47:25+00:00
5da932de-02cb-4c06-ad43-c1f691ed523d,2025053000964,2,0,1,2025-05-30 14:30,2025-05-30 15:07,64143,带好人,陕西省,西安市,鄠邑区,涝渭湿地公园,5da932de-02cb-4c06-ad43-c1f691ed523d,陕西,西安,,,2025-03-01,2026-03-01,2,serial_id,asc,15,2026-03-10T10:47:25+00:00
55097b43-45c5-4544-bfa3-7207efe9eb4f,2025053100265,2,0,6,2025-05-19 08:30,2025-05-19 10:30,81608,Watson,陕西省,西安市,碑林区,西安博物院,55097b43-45c5-4544-bfa3-7207efe9eb4f,陕西,西安,,,2025-03-01,2026-03-01,2,serial_id,asc,15,2026-03-10T10:47:25+00:00
835c74ce-a18e-47e9-afd3-59d7c04ea505,2025053100288,2,0,7,2025-05-31 08:00,2025-05-31 09:00,37241,漱石,陕西省,西安市,碑林区,碑林区兴庆宫公园(兴庆宫公园通阳门西北100米),835c74ce-a18e-47e9-afd3-59d7c04ea505,陕西,西安,,,2025-03-01,2026-03-01,2,serial_id,asc,15,2026-03-10T10:47:25+00:00
8a1a46c1-6410-4d33-bbfe-8367040b1026,2025053100887,2,0,26,2025-05-31 09:48,2025-05-31 11:30,78662,绿翅旋壁雀,陕西省,西安市,长安区,樊川公园,8a1a46c1-6410-4d33-bbfe-8367040b1026,陕西,西安,,,2025-03-01,2026-03-01,2,serial_id,asc,15,2026-03-10T10:47:25+00:00
1654d3ae-274a-4c3c-9245-2b79da2ded09,2025053101013,2,0,5,2025-05-31 13:00,2025-05-31 14:00,86307,李封真,陕西省,西安市,长安区,西安交通大学南区学生公寓(畅园),1654d3ae-274a-4c3c-9245-2b79da2ded09,陕西,西安,,,2025-03-01,2026-03-01,2,serial_id,asc,15,2026-03-10T10:47:25+00:00
4c59552b-59e6-41fb-bb80-6a754b21a066,2025053101088,2,0,11,2025-05-31 07:07,2025-05-31 11:20,63026,gallups,陕西省,西安市,长安区,樊川公园,4c59552b-59e6-41fb-bb80-6a754b21a066,陕西,西安,,,2025-03-01,2026-03-01,2,serial_id,asc,15,2026-03-10T10:47:25+00:00
2a549830-3c29-4daa-b2c3-3dcf496ffae3,2025053101205,2,0,21,2025-05-31 12:09,2025-05-31 14:50,54636,鹊影,陕西省,西安市,蓝田县,蓝田县阿氏大杏采摘园南150米,2a549830-3c29-4daa-b2c3-3dcf496ffae3,陕西,西安,,,2025-03-01,2026-03-01,2,serial_id,asc,15,2026-03-10T10:47:25+00:00
f06f37d5-13d3-4cc0-a975-bcbacf156064,2025053101453,2,0,2,2025-05-31 16:00,2025-05-31 17:00,42327,lznsama,陕西省,西安市,新城区,西安钟楼,f06f37d5-13d3-4cc0-a975-bcbacf156064,陕西,西安,,,2025-03-01,2026-03-01,2,serial_id,asc,15,2026-03-10T10:47:25+00:00
5c8638ca-92f3-4003-83b9-85ceee2b76d8,2025053101455,2,0,2,2025-05-31 16:00,2025-05-31 17:00,30754,leoo,陕西省,西安市,新城区,西安钟楼,5c8638ca-92f3-4003-83b9-85ceee2b76d8,陕西,西安,,,2025-03-01,2026-03-01,2,serial_id,asc,15,2026-03-10T10:47:25+00:00
06ca2977-a102-44c0-90af-d923e81caa2a,2025053101633,2,0,5,2025-05-31 12:17,2025-05-31 14:23,87166,肉桂桂桂卷,陕西省,西安市,新城区,长乐公园,06ca2977-a102-44c0-90af-d923e81caa2a,陕西,西安,,,2025-03-01,2026-03-01,2,serial_id,asc,15,2026-03-10T10:47:25+00:00
e45bcb27-863e-436c-b029-a254b79ada90,2025053101879,2,0,16,2025-05-31 13:31,2025-05-31 18:31,74337,ZTMPBF,陕西省,西安市,长安区,长安区大兆街道友联村,e45bcb27-863e-436c-b029-a254b79ada90,陕西,西安,,,2025-03-01,2026-03-01,2,serial_id,asc,15,2026-03-10T10:47:25+00:00
b4d2ba7c-9dd0-4264-8416-77e5c6cda91a,2025053102126,2,0,17,2025-05-31 13:31,2025-05-31 18:31,80852,LYG,陕西省,西安市,长安区,长安区大兆街道友联村,b4d2ba7c-9dd0-4264-8416-77e5c6cda91a,陕西,西安,,,2025-03-01,2026-03-01,2,serial_id,asc,15,2026-03-10T10:47:25+00:00
400845cb-716b-4f7c-a816-054f231f8ed7,2025053102223,2,0,18,2025-05-31 14:39,2025-05-31 16:39,74437,chaaaaaos,陕西省,西安市,长安区,长安区大兆街道友联村,400845cb-716b-4f7c-a816-054f231f8ed7,陕西,西安,,,2025-03-01,2026-03-01,2,serial_id,asc,15,2026-03-10T10:47:25+00:00
d21a9869-1877-4abc-88b0-b7710c077dba,2025053102487,2,0,4,2025-05-24 11:40,2025-05-24 15:32,83426,江晚,陕西省,西安市,长安区,樊川公园,d21a9869-1877-4abc-88b0-b7710c077dba,陕西,西安,,,2025-03-01,2026-03-01,2,serial_id,asc,15,2026-03-10T10:47:25+00:00
30e5870e-2aa0-4622-ab63-fce95b2aa362,2025053102607,2,0,3,2025-05-31 14:30,2025-05-31 15:30,63797,厦门观鸟会游隼,陕西省,西安市,碑林区,兴庆宫公园,30e5870e-2aa0-4622-ab63-fce95b2aa362,陕西,西安,,,2025-03-01,2026-03-01,2,serial_id,asc,15,2026-03-10T10:47:25+00:00
aa0633b1-2fc5-4afb-b9d2-178f53d9414c,2025060100037,2,0,12,2025-05-31 16:57,2025-05-31 17:55,61980,bb张嘴就是要舌吻,陕西省,西安市,周至县,杨凌渭河湿地生态公园,aa0633b1-2fc5-4afb-b9d2-178f53d9414c,陕西,西安,,,2025-03-01,2026-03-01,2,serial_id,asc,15,2026-03-10T10:47:25+00:00
7df71377-98ab-4c8b-8125-3b57bcb0d49f,2025060100696,2,0,34,2025-06-01 09:00,2025-06-01 14:00,45081,阿七同学,陕西省,西安市,长安区,三联村(西安市长安区),7df71377-98ab-4c8b-8125-3b57bcb0d49f,陕西,西安,,,2025-03-01,2026-03-01,2,serial_id,asc,15,2026-03-10T10:47:25+00:00
0406f587-e49a-4c95-b8e3-8d21f3654fc9,2025060100968,2,0,1,2025-06-01 13:00,2025-06-01 14:00,37573,斑鸠毛,陕西省,西安市,碑林区,兴庆宫公园,0406f587-e49a-4c95-b8e3-8d21f3654fc9,陕西,西安,,,2025-03-01,2026-03-01,2,serial_id,asc,15,2026-03-10T10:47:25+00:00
dc284b8c-bb41-4754-8d15-6ff3b1d9a157,2025060101599,2,0,23,2025-06-01 14:00,2025-06-01 17:37,65697,羽丶石,陕西省,西安市,灞桥区,浐河边,dc284b8c-bb41-4754-8d15-6ff3b1d9a157,陕西,西安,,,2025-03-01,2026-03-01,2,serial_id,asc,15,2026-03-10T10:47:25+00:00
c3651041-428e-4955-8c78-676660ee9ded,2025060200100,2,0,9,2025-06-02 06:00,2025-06-02 07:00,45951,回声,陕西省,西安市,长安区,长安区鸣犊街道留公三村,c3651041-428e-4955-8c78-676660ee9ded,陕西,西安,,,2025-03-01,2026-03-01,2,serial_id,asc,15,2026-03-10T10:47:25+00:00
c723eafc-4e67-4adb-b6e6-03966dae291c,2025060200216,2,0,3,2025-06-02 08:00,2025-06-02 09:00,45951,回声,陕西省,西安市,长安区,长安区小卫垂钓园东北50米,c723eafc-4e67-4adb-b6e6-03966dae291c,陕西,西安,,,2025-03-01,2026-03-01,2,serial_id,asc,15,2026-03-10T10:47:25+00:00
bfc71cca-36c4-409f-9b58-d66cdd8c50b5,2025060200539,2,0,3,2025-06-02 10:00,2025-06-02 11:00,54689,WhentheLEVEEbreaks,陕西省,西安市,蓝田县,蓝田县九间房镇黑沟,bfc71cca-36c4-409f-9b58-d66cdd8c50b5,陕西,西安,,,2025-03-01,2026-03-01,2,serial_id,asc,15,2026-03-10T10:47:25+00:00
94fc911a-d6d9-47f4-b001-681c9ae9ed5f,2025060200672,2,0,22,2025-06-02 11:00,2025-06-02 17:18,63633,吃些乌桕子,陕西省,西安市,长安区,樊川公园,94fc911a-d6d9-47f4-b001-681c9ae9ed5f,陕西,西安,,,2025-03-01,2026-03-01,2,serial_id,asc,15,2026-03-10T10:47:25+00:00
4c44a9d3-1916-44a2-bf3e-438bb1df106d,2025060201266,2,0,7,2025-06-02 14:30,2025-06-02 15:30,73973,fly,陕西省,西安市,长安区,康桥·悦蓉园,4c44a9d3-1916-44a2-bf3e-438bb1df106d,陕西,西安,,,2025-03-01,2026-03-01,2,serial_id,asc,15,2026-03-10T10:47:25+00:00
fb28a5a2-7545-4af7-a8c6-0e6061c59d98,2025060201267,2,0,10,2025-06-01 17:00,2025-06-01 18:30,73973,fly,陕西省,西安市,雁塔区,西安交通大学(雁塔校区),fb28a5a2-7545-4af7-a8c6-0e6061c59d98,陕西,西安,,,2025-03-01,2026-03-01,2,serial_id,asc,15,2026-03-10T10:47:25+00:00
171abc75-18b1-4e71-b116-76af961eb302,2025060201913,2,0,23,2025-06-02 15:30,2025-06-02 18:12,65697,羽丶石,陕西省,西安市,长安区,樊川公园,171abc75-18b1-4e71-b116-76af961eb302,陕西,西安,,,2025-03-01,2026-03-01,2,serial_id,asc,15,2026-03-10T10:47:25+00:00
e860bfb1-6703-4361-8f3c-c5e2ac171db6,2025060201992,2,0,1,2025-06-02 19:00,2025-06-02 20:00,49432,小哪吒,陕西省,西安市,碑林区,海友酒店(西安钟楼南门店),e860bfb1-6703-4361-8f3c-c5e2ac171db6,陕西,西安,,,2025-03-01,2026-03-01,2,serial_id,asc,16,2026-03-10T10:47:28+00:00
b4f753b6-ec7b-4e2f-bdb2-a0093926d029,2025060202011,2,0,35,2025-06-01 17:00,2025-06-02 12:00,30320,户外农夫,陕西省,西安市,蓝田县,蓝田荞麦岭,b4f753b6-ec7b-4e2f-bdb2-a0093926d029,陕西,西安,,,2025-03-01,2026-03-01,2,serial_id,asc,16,2026-03-10T10:47:28+00:00
fae22fee-4ad7-4af0-acac-3b06e132803d,2025060202402,2,0,23,2025-06-02 22:00,2025-06-02 23:00,63026,gallups,陕西省,西安市,灞桥区,浐河边,fae22fee-4ad7-4af0-acac-3b06e132803d,陕西,西安,,,2025-03-01,2026-03-01,2,serial_id,asc,16,2026-03-10T10:47:28+00:00
55e6ce3d-1bee-45c8-ae60-970723b2cd3d,2025060300139,2,0,9,2025-06-03 08:00,2025-06-03 09:00,85742,钨镝,陕西省,西安市,灞桥区,浐灞交汇处,55e6ce3d-1bee-45c8-ae60-970723b2cd3d,陕西,西安,,,2025-03-01,2026-03-01,2,serial_id,asc,16,2026-03-10T10:47:28+00:00
c53454dd-c1e1-4772-bba5-ab9bef8cb51f,2025060300235,2,0,7,2025-06-02 12:34,2025-06-02 15:34,76693,yjyyjy,陕西省,西安市,长安区,樊川公园,c53454dd-c1e1-4772-bba5-ab9bef8cb51f,陕西,西安,,,2025-03-01,2026-03-01,2,serial_id,asc,16,2026-03-10T10:47:28+00:00
54da1cfa-a47a-446d-ae0e-62d5bb2c1cff,2025060301009,2,0,9,2025-06-03 19:00,2025-06-03 20:00,86040,灵犀,陕西省,西安市,雁塔区,雁塔区曲江观邸(南三环北100米),54da1cfa-a47a-446d-ae0e-62d5bb2c1cff,陕西,西安,,,2025-03-01,2026-03-01,2,serial_id,asc,16,2026-03-10T10:47:28+00:00
403b269a-fd82-420b-8799-ae4b146f6c3f,2025060301036,2,0,23,2025-05-31 18:00,2025-05-31 19:00,2628,zuoluo,陕西省,西安市,蓝田县,蓝田县祝国寺文峰塔,403b269a-fd82-420b-8799-ae4b146f6c3f,陕西,西安,,,2025-03-01,2026-03-01,2,serial_id,asc,16,2026-03-10T10:47:28+00:00
44b17f00-3ab1-4896-8366-ebb05e431d58,2025060301066,2,0,5,2025-06-03 20:00,2025-06-03 21:00,85742,钨镝,陕西省,西安市,碑林区,兴庆公园,44b17f00-3ab1-4896-8366-ebb05e431d58,陕西,西安,,,2025-03-01,2026-03-01,2,serial_id,asc,16,2026-03-10T10:47:28+00:00
0ab7b2b8-9894-4ca9-b8d1-67885024b319,2025060301074,2,0,13,2025-06-02 06:19,2025-06-02 09:19,15123,百步穿杨_2011,陕西省,西安市,长安区,长安区大兆街道友联村,0ab7b2b8-9894-4ca9-b8d1-67885024b319,陕西,西安,,,2025-03-01,2026-03-01,2,serial_id,asc,16,2026-03-10T10:47:28+00:00
8b18863e-0f0f-4977-9ada-6aa0f8ca04b5,2025060301239,2,0,33,2025-06-03 22:00,2025-06-03 23:00,49931,丝光崔崔,陕西省,西安市,鄠邑区,西安渼陂湖水系生态文化区,8b18863e-0f0f-4977-9ada-6aa0f8ca04b5,陕西,西安,,,2025-03-01,2026-03-01,2,serial_id,asc,16,2026-03-10T10:47:28+00:00
d846f641-06b2-4efc-bf97-b43fef043015,2025060400222,2,0,25,2025-05-31 14:15,2025-05-31 16:30,12692,maixiangliulian,陕西省,西安市,鄠邑区,利君制药东北谭滨河沿线,d846f641-06b2-4efc-bf97-b43fef043015,陕西,西安,,,2025-03-01,2026-03-01,2,serial_id,asc,16,2026-03-10T10:47:28+00:00
ad7adbf9-b251-48d6-a2cf-dbd865c5c330,2025060400233,2,0,33,2025-06-01 14:30,2025-06-01 16:00,12692,maixiangliulian,陕西省,西安市,鄠邑区,涝河,ad7adbf9-b251-48d6-a2cf-dbd865c5c330,陕西,西安,,,2025-03-01,2026-03-01,2,serial_id,asc,16,2026-03-10T10:47:28+00:00
e2ab61df-8cd2-4538-9812-774f72eb96e2,2025060400555,2,0,22,2025-06-04 07:00,2025-06-04 10:00,54689,WhentheLEVEEbreaks,陕西省,西安市,鄠邑区,涝渭湿地公园,e2ab61df-8cd2-4538-9812-774f72eb96e2,陕西,西安,,,2025-03-01,2026-03-01,2,serial_id,asc,16,2026-03-10T10:47:28+00:00
cc52e700-33ec-42c8-bdb3-91d99c50f9e5,2025060400872,2,0,34,2025-06-03 22:00,2025-06-03 23:00,33433,一树花开,陕西省,西安市,鄠邑区,西安渼陂湖水系生态文化区,cc52e700-33ec-42c8-bdb3-91d99c50f9e5,陕西,西安,,,2025-03-01,2026-03-01,2,serial_id,asc,16,2026-03-10T10:47:28+00:00
ab78200a-5758-46b5-bf7a-55220aead873,2025060500699,2,0,8,2025-06-05 16:00,2025-06-05 17:00,86307,李封真,陕西省,西安市,莲湖区,丰庆公园,ab78200a-5758-46b5-bf7a-55220aead873,陕西,西安,,,2025-03-01,2026-03-01,2,serial_id,asc,16,2026-03-10T10:47:28+00:00
790dc5b6-6144-4a51-84bf-132c4231ddd7,2025060500916,2,0,22,2025-06-05 15:00,2025-06-05 16:00,47058,寄居蟹,陕西省,西安市,长安区,圭峰寺,790dc5b6-6144-4a51-84bf-132c4231ddd7,陕西,西安,,,2025-03-01,2026-03-01,2,serial_id,asc,16,2026-03-10T10:47:28+00:00
21a4aac9-0056-49a6-b37a-03af43ca86e2,2025060601028,2,0,30,2025-06-06 14:00,2025-06-06 19:00,52453,中南林野保雪豹,陕西省,西安市,周至县,杨凌渭河湿地生态公园,21a4aac9-0056-49a6-b37a-03af43ca86e2,陕西,西安,,,2025-03-01,2026-03-01,2,serial_id,asc,16,2026-03-10T10:47:28+00:00
e5ce54f5-86b2-47ab-9fd3-7483744c8e66,2025060701158,2,0,13,2025-06-07 16:00,2025-06-07 17:00,54689,WhentheLEVEEbreaks,陕西省,西安市,蓝田县,蓝田县前卫镇凫峪沟,e5ce54f5-86b2-47ab-9fd3-7483744c8e66,陕西,西安,,,2025-03-01,2026-03-01,2,serial_id,asc,16,2026-03-10T10:47:28+00:00
adb4073d-83b0-4ddd-b670-1a79a95638cc,2025060701417,2,0,25,2025-06-07 11:30,2025-06-07 16:00,54636,鹊影,陕西省,西安市,灞桥区,桃花潭,adb4073d-83b0-4ddd-b670-1a79a95638cc,陕西,西安,,,2025-03-01,2026-03-01,2,serial_id,asc,16,2026-03-10T10:47:28+00:00
08ae1610-a3e8-49eb-9d86-2f0ea1d00853,2025060701659,2,0,41,2025-06-07 14:00,2025-06-08 14:00,30320,户外农夫,陕西省,西安市,长安区,三联村(西安市长安区),08ae1610-a3e8-49eb-9d86-2f0ea1d00853,陕西,西安,,,2025-03-01,2026-03-01,2,serial_id,asc,16,2026-03-10T10:47:28+00:00
43a7d426-fd39-43aa-a849-c877110fab31,2025060701672,2,0,12,2025-06-07 21:00,2025-06-07 22:00,85816,Moring,陕西省,西安市,长安区,樊川公园,43a7d426-fd39-43aa-a849-c877110fab31,陕西,西安,,,2025-03-01,2026-03-01,2,serial_id,asc,16,2026-03-10T10:47:28+00:00
ea90dcf2-2a23-4c60-9518-2992121dbf12,2025060800442,2,0,20,2025-06-08 09:08,2025-06-08 11:00,63633,吃些乌桕子,陕西省,西安市,长安区,长安区樊川公园,ea90dcf2-2a23-4c60-9518-2992121dbf12,陕西,西安,,,2025-03-01,2026-03-01,2,serial_id,asc,16,2026-03-10T10:47:28+00:00
47eaec0f-2df3-4597-9f75-70aae51bbe6d,2025060800889,2,0,3,2025-06-08 12:00,2025-06-08 13:00,5841,绿队可乐,陕西省,西安市,灞桥区,灞桥生态湿地公园,47eaec0f-2df3-4597-9f75-70aae51bbe6d,陕西,西安,,,2025-03-01,2026-03-01,2,serial_id,asc,16,2026-03-10T10:47:28+00:00
b1340f8f-56b1-4552-8b60-1bdd06c06540,2025060801226,2,0,17,2025-06-08 08:06,2025-06-08 12:06,81517,MGC6543,陕西省,西安市,长安区,樊川公园,b1340f8f-56b1-4552-8b60-1bdd06c06540,陕西,西安,,,2025-03-01,2026-03-01,2,serial_id,asc,16,2026-03-10T10:47:28+00:00
fde787e1-21f1-4166-b6ec-a9201a87f0ef,2025060801340,2,0,1,2025-06-08 16:00,2025-06-08 17:00,53920,Ouzel,陕西省,西安市,碑林区,西安交通大学兴庆校区,fde787e1-21f1-4166-b6ec-a9201a87f0ef,陕西,西安,,,2025-03-01,2026-03-01,2,serial_id,asc,16,2026-03-10T10:47:28+00:00
56001c43-86a8-49d4-acd5-c895bdd8c2d6,2025060900114,2,0,12,2025-06-08 11:30,2025-06-08 13:10,15090,刑小天在西交创新港,陕西省,西安市,长安区,长安区大兆街道友联村,56001c43-86a8-49d4-acd5-c895bdd8c2d6,陕西,西安,,,2025-03-01,2026-03-01,2,serial_id,asc,16,2026-03-10T10:47:28+00:00
a354d272-1c23-4302-bb5c-74b12c8231a8,2025060900311,2,0,23,2025-06-09 10:00,2025-06-09 11:00,80911,小睡,陕西省,西安市,长安区,长安区大兆街道友联村,a354d272-1c23-4302-bb5c-74b12c8231a8,陕西,西安,,,2025-03-01,2026-03-01,2,serial_id,asc,16,2026-03-10T10:47:28+00:00
ebeaf747-2231-416f-948f-5aceccd6a23d,2025060901209,2,0,14,2025-06-09 22:00,2025-06-09 23:00,85816,Moring,陕西省,西安市,未央区,浐灞国家湿地公园,ebeaf747-2231-416f-948f-5aceccd6a23d,陕西,西安,,,2025-03-01,2026-03-01,2,serial_id,asc,16,2026-03-10T10:47:28+00:00
71677ad1-7eec-489d-91f7-c643c2675d79,2025061000235,2,0,14,2025-06-10 06:01,2025-06-10 11:00,33977,古斯塔夫,陕西省,西安市,碑林区,兴庆宫公园,71677ad1-7eec-489d-91f7-c643c2675d79,陕西,西安,,,2025-03-01,2026-03-01,2,serial_id,asc,16,2026-03-10T10:47:28+00:00
9135ea13-c4cd-4540-97ae-a3a32b9ee31e,2025061000278,2,0,1,2025-06-10 08:30,2025-06-10 09:00,73973,fly,陕西省,西安市,雁塔区,西安交通大学(雁塔校区),9135ea13-c4cd-4540-97ae-a3a32b9ee31e,陕西,西安,,,2025-03-01,2026-03-01,2,serial_id,asc,16,2026-03-10T10:47:28+00:00
ac107846-9b07-40bb-b6ac-1abce11078b3,2025061000303,2,0,1,2025-06-10 11:00,2025-06-10 12:00,81546,果制酒饮品,陕西省,西安市,长安区,西北大学(长安校区),ac107846-9b07-40bb-b6ac-1abce11078b3,陕西,西安,,,2025-03-01,2026-03-01,2,serial_id,asc,16,2026-03-10T10:47:28+00:00
2b7c2a46-7360-44ac-b224-505156605912,2025061000696,2,0,11,2025-06-10 13:20,2025-06-10 16:00,24984,chris599,陕西省,西安市,长安区,秦岭终南山世界地质公园南五台景区,2b7c2a46-7360-44ac-b224-505156605912,陕西,西安,,,2025-03-01,2026-03-01,2,serial_id,asc,16,2026-03-10T10:47:28+00:00
ced439d3-ccd1-4c58-a4d5-61aca13d7468,2025061200270,2,0,11,2025-06-11 15:00,2025-06-11 16:00,45081,阿七同学,陕西省,西安市,碑林区,兴庆公园,ced439d3-ccd1-4c58-a4d5-61aca13d7468,陕西,西安,,,2025-03-01,2026-03-01,2,serial_id,asc,16,2026-03-10T10:47:28+00:00
0f19ba93-251b-491d-8925-af4740af1ce8,2025061200795,2,0,21,2025-06-12 08:30,2025-06-12 13:00,24984,chris599,陕西省,西安市,周至县,秦岭国家植物园,0f19ba93-251b-491d-8925-af4740af1ce8,陕西,西安,,,2025-03-01,2026-03-01,2,serial_id,asc,16,2026-03-10T10:47:28+00:00
1d56c92e-a8a7-48b7-acc0-7bcdc1d4ec78,2025061200957,2,0,19,2025-06-12 19:00,2025-06-12 20:00,47058,寄居蟹,陕西省,西安市,灞桥区,陕西省西安市灞桥区新岛路,1d56c92e-a8a7-48b7-acc0-7bcdc1d4ec78,陕西,西安,,,2025-03-01,2026-03-01,2,serial_id,asc,16,2026-03-10T10:47:28+00:00
30d9c3ea-b22f-420d-b5bc-e29cdb1472e5,2025061300322,2,0,5,2025-06-13 11:00,2025-06-13 12:00,22345,山丘,陕西省,西安市,灞桥区,西安世博园,30d9c3ea-b22f-420d-b5bc-e29cdb1472e5,陕西,西安,,,2025-03-01,2026-03-01,2,serial_id,asc,16,2026-03-10T10:47:28+00:00
b63003ab-ce88-4dc7-9551-cdf2bd393827,2025061400378,2,0,6,2025-06-14 10:00,2025-06-14 11:00,47627,生月习火,陕西省,西安市,莲湖区,西安城墙安定门西,b63003ab-ce88-4dc7-9551-cdf2bd393827,陕西,西安,,,2025-03-01,2026-03-01,2,serial_id,asc,16,2026-03-10T10:47:28+00:00
c51fcd59-1175-49b0-81ce-c0c74d17a231,2025061400579,2,0,21,2025-06-08 07:00,2025-06-08 08:00,72904,李辉,陕西省,西安市,长安区,樊川公园,c51fcd59-1175-49b0-81ce-c0c74d17a231,陕西,西安,,,2025-03-01,2026-03-01,2,serial_id,asc,16,2026-03-10T10:47:28+00:00
eeb8a304-0a2b-4522-b0ac-6dd5886256be,2025061400593,2,0,1,2025-06-14 12:35,2025-06-14 12:35,53920,Ouzel,陕西省,西安市,碑林区,西安交通大学兴庆校区,eeb8a304-0a2b-4522-b0ac-6dd5886256be,陕西,西安,,,2025-03-01,2026-03-01,2,serial_id,asc,16,2026-03-10T10:47:28+00:00
183ad016-1332-4445-a12f-5b14b05a19a7,2025061400643,2,0,14,2025-06-14 10:00,2025-06-14 12:00,54689,WhentheLEVEEbreaks,陕西省,西安市,灞桥区,西安世博园,183ad016-1332-4445-a12f-5b14b05a19a7,陕西,西安,,,2025-03-01,2026-03-01,2,serial_id,asc,16,2026-03-10T10:47:28+00:00
56911248-b8e6-4e9e-a3a7-760887d4e78e,2025061400650,2,0,16,2025-06-14 13:00,2025-06-14 14:00,22366,688chxiuq,陕西省,西安市,灞桥区,西安世博园,56911248-b8e6-4e9e-a3a7-760887d4e78e,陕西,西安,,,2025-03-01,2026-03-01,2,serial_id,asc,16,2026-03-10T10:47:28+00:00
72557056-d767-499e-9300-64165006d3ca,2025061400861,2,0,22,2025-06-14 09:50,2025-06-14 12:30,64371,李大顺,陕西省,西安市,长安区,樊川公园,72557056-d767-499e-9300-64165006d3ca,陕西,西安,,,2025-03-01,2026-03-01,2,serial_id,asc,16,2026-03-10T10:47:28+00:00
4b6d26dc-c2a2-4a52-91ab-10f0dda54ee0,2025061401101,2,0,16,2025-06-14 17:00,2025-06-14 18:00,31428,鲤鱼802,陕西省,西安市,长安区,长安区兴隆街道北张一村,4b6d26dc-c2a2-4a52-91ab-10f0dda54ee0,陕西,西安,,,2025-03-01,2026-03-01,2,serial_id,asc,16,2026-03-10T10:47:28+00:00
2dafa194-0827-4db1-b7e4-d08c723080e0,2025061401169,2,0,14,2025-06-14 18:00,2025-06-14 19:00,75204,雪子哥,陕西省,西安市,灞桥区,陕西省西安市灞桥区新岛路,2dafa194-0827-4db1-b7e4-d08c723080e0,陕西,西安,,,2025-03-01,2026-03-01,2,serial_id,asc,16,2026-03-10T10:47:28+00:00
a44ae040-1175-404c-a7c2-e27dfa081a5f,2025061401249,2,0,11,2025-06-14 16:00,2025-06-14 17:00,65767,半枫荷,陕西省,西安市,灞桥区,西安世博园,a44ae040-1175-404c-a7c2-e27dfa081a5f,陕西,西安,,,2025-03-01,2026-03-01,2,serial_id,asc,16,2026-03-10T10:47:28+00:00
06e0dcc4-0f08-4dd9-91fc-5ce4cd509cbc,2025061401329,2,0,9,2025-06-14 18:10,2025-06-14 20:10,57607,西石大绿源白鱀豚,陕西省,西安市,鄠邑区,西安石油大学(鄠邑校区),06e0dcc4-0f08-4dd9-91fc-5ce4cd509cbc,陕西,西安,,,2025-03-01,2026-03-01,2,serial_id,asc,16,2026-03-10T10:47:28+00:00
2939986c-e634-494b-b649-63b545d2b0dc,2025061401507,2,0,20,2025-06-14 15:00,2025-06-14 16:30,59244,选择困难症,陕西省,西安市,灞桥区,西安世博园,2939986c-e634-494b-b649-63b545d2b0dc,陕西,西安,,,2025-03-01,2026-03-01,2,serial_id,asc,16,2026-03-10T10:47:28+00:00
90514903-5514-4b43-b690-b55f3194ad76,2025061500211,2,0,9,2025-06-15 09:00,2025-06-15 10:00,37241,漱石,陕西省,西安市,灞桥区,灞河西岸滨河公园(灞柳西路4号附近),90514903-5514-4b43-b690-b55f3194ad76,陕西,西安,,,2025-03-01,2026-03-01,2,serial_id,asc,16,2026-03-10T10:47:28+00:00
1ce260d7-5cc3-49a7-abdc-5d39b03e29d7,2025061500239,2,0,9,2025-06-15 09:00,2025-06-15 10:00,86307,李封真,陕西省,西安市,碑林区,兴庆宫公园,1ce260d7-5cc3-49a7-abdc-5d39b03e29d7,陕西,西安,,,2025-03-01,2026-03-01,2,serial_id,asc,16,2026-03-10T10:47:28+00:00
b32c3934-512b-4330-b7e5-eba47c77c733,2025061500290,2,0,6,2025-06-15 10:00,2025-06-15 11:00,63633,吃些乌桕子,陕西省,西安市,长安区,祥峪森林公园楼牌,b32c3934-512b-4330-b7e5-eba47c77c733,陕西,西安,,,2025-03-01,2026-03-01,2,serial_id,asc,16,2026-03-10T10:47:28+00:00
d8c59f7b-2950-4a10-82f8-9c01361cabbb,2025061500298,2,0,21,2025-06-14 10:06,2025-06-14 12:06,24984,chris599,陕西省,西安市,未央区,西安浐灞国家湿地公园,d8c59f7b-2950-4a10-82f8-9c01361cabbb,陕西,西安,,,2025-03-01,2026-03-01,2,serial_id,asc,17,2026-03-10T10:47:30+00:00
6f2911b6-28d4-4dee-8a4b-25b83721a45d,2025061500300,2,0,9,2025-06-11 09:30,2025-06-11 14:01,24984,chris599,陕西省,西安市,鄠邑区,朱雀国家森岭公园,6f2911b6-28d4-4dee-8a4b-25b83721a45d,陕西,西安,,,2025-03-01,2026-03-01,2,serial_id,asc,17,2026-03-10T10:47:30+00:00
d4502a3c-8e06-4888-88eb-3de397925eae,2025061500558,2,0,23,2025-06-14 08:00,2025-06-14 16:00,74505,ppop,陕西省,西安市,周至县,黑河国家森林公园,d4502a3c-8e06-4888-88eb-3de397925eae,陕西,西安,,,2025-03-01,2026-03-01,2,serial_id,asc,17,2026-03-10T10:47:30+00:00
7b8917a0-7765-40ba-822d-dc3097f501bc,2025061500819,2,0,17,2025-06-14 10:00,2025-06-14 11:00,72904,李辉,陕西省,西安市,灞桥区,西安世博园,7b8917a0-7765-40ba-822d-dc3097f501bc,陕西,西安,,,2025-03-01,2026-03-01,2,serial_id,asc,17,2026-03-10T10:47:30+00:00
548ecf9d-6c81-4825-9637-82d6fad4d73b,2025061500994,2,0,15,2025-06-14 09:00,2025-06-14 16:44,62907,芋泥奶冻卷,陕西省,西安市,周至县,黑河国家森林公园,548ecf9d-6c81-4825-9637-82d6fad4d73b,陕西,西安,,,2025-03-01,2026-03-01,2,serial_id,asc,17,2026-03-10T10:47:30+00:00
b8641ada-72ac-41e0-9554-d1a8920d29ef,2025061501067,2,0,12,2025-05-31 14:00,2025-05-31 16:00,81608,Watson,陕西省,西安市,长安区,樊川公园,b8641ada-72ac-41e0-9554-d1a8920d29ef,陕西,西安,,,2025-03-01,2026-03-01,2,serial_id,asc,17,2026-03-10T10:47:30+00:00
a3177571-2ca9-4106-b11d-9bbc0dc81d8e,2025061501194,2,0,21,2025-06-15 10:45,2025-06-15 18:00,54636,鹊影,陕西省,西安市,灞桥区,西安世博园,a3177571-2ca9-4106-b11d-9bbc0dc81d8e,陕西,西安,,,2025-03-01,2026-03-01,2,serial_id,asc,17,2026-03-10T10:47:30+00:00
0b5ad2f3-052d-4fb8-8197-0a0e532c640b,2025061501497,2,0,22,2025-06-14 18:00,2025-06-14 19:00,59451,小趴菜,陕西省,西安市,周至县,杨凌渭河湿地生态公园,0b5ad2f3-052d-4fb8-8197-0a0e532c640b,陕西,西安,,,2025-03-01,2026-03-01,2,serial_id,asc,17,2026-03-10T10:47:30+00:00
9be5d515-3726-46e3-8786-7053fb9f04af,2025061600454,2,0,10,2025-06-16 12:00,2025-06-16 13:00,47627,生月习火,陕西省,西安市,碑林区,西安博物院,9be5d515-3726-46e3-8786-7053fb9f04af,陕西,西安,,,2025-03-01,2026-03-01,2,serial_id,asc,17,2026-03-10T10:47:30+00:00
6ee3ecc8-4807-45b7-a8b7-eab678f9a56c,2025061600639,2,0,12,2025-06-16 14:00,2025-06-16 15:00,85816,Moring,陕西省,西安市,未央区,浐灞国家湿地公园,6ee3ecc8-4807-45b7-a8b7-eab678f9a56c,陕西,西安,,,2025-03-01,2026-03-01,2,serial_id,asc,17,2026-03-10T10:47:30+00:00
07126f58-3b5a-479e-9fe5-48267c15e52e,2025061600685,2,0,2,2025-06-16 15:00,2025-06-16 16:00,86307,李封真,陕西省,西安市,鄠邑区,朱雀国家森岭公园,07126f58-3b5a-479e-9fe5-48267c15e52e,陕西,西安,,,2025-03-01,2026-03-01,2,serial_id,asc,17,2026-03-10T10:47:30+00:00
c80d6b16-903b-498e-9361-c4aca58d7793,2025061600687,2,0,2,2025-06-16 15:00,2025-06-16 16:00,86307,李封真,陕西省,西安市,鄠邑区,朱雀国家森岭公园,c80d6b16-903b-498e-9361-c4aca58d7793,陕西,西安,,,2025-03-01,2026-03-01,2,serial_id,asc,17,2026-03-10T10:47:30+00:00
c327be79-d53a-425e-8495-d90ae91d740a,2025061600746,2,0,1,2025-06-16 16:00,2025-06-16 17:00,86307,李封真,陕西省,西安市,鄠邑区,朱雀国家森岭公园,c327be79-d53a-425e-8495-d90ae91d740a,陕西,西安,,,2025-03-01,2026-03-01,2,serial_id,asc,17,2026-03-10T10:47:30+00:00
5ebab7da-1a36-421a-9cb2-a8e1ccb69f23,2025061600803,2,0,1,2025-06-16 17:00,2025-06-16 18:00,86307,李封真,陕西省,西安市,鄠邑区,朱雀国家森岭公园,5ebab7da-1a36-421a-9cb2-a8e1ccb69f23,陕西,西安,,,2025-03-01,2026-03-01,2,serial_id,asc,17,2026-03-10T10:47:30+00:00
10a37b60-c8b6-4c9f-a7de-f48db0e494d3,2025061600872,2,0,2,2025-06-16 19:00,2025-06-16 20:00,86307,李封真,陕西省,西安市,鄠邑区,鄠邑区西安唐爵山宿,10a37b60-c8b6-4c9f-a7de-f48db0e494d3,陕西,西安,,,2025-03-01,2026-03-01,2,serial_id,asc,17,2026-03-10T10:47:30+00:00
168ffa1c-5948-4c24-97ec-7ed0a5a56220,2025061600887,2,0,30,2025-06-14 09:30,2025-06-14 11:00,30320,户外农夫,陕西省,西安市,阎良区,西安市阎良石川河,168ffa1c-5948-4c24-97ec-7ed0a5a56220,陕西,西安,,,2025-03-01,2026-03-01,2,serial_id,asc,17,2026-03-10T10:47:30+00:00
787357c9-fbbc-46eb-bd59-d2e934a289ee,2025061600916,2,0,28,2025-06-15 08:15,2025-06-15 12:00,30320,户外农夫,陕西省,西安市,灞桥区,西安市灞桥区枣林坡,787357c9-fbbc-46eb-bd59-d2e934a289ee,陕西,西安,,,2025-03-01,2026-03-01,2,serial_id,asc,17,2026-03-10T10:47:30+00:00
2aa05f6d-f78a-40e6-b41b-fb209e9cd8ab,2025061601018,2,0,12,2025-06-16 17:00,2025-06-16 20:00,80852,LYG,陕西省,西安市,长安区,樊川公园,2aa05f6d-f78a-40e6-b41b-fb209e9cd8ab,陕西,西安,,,2025-03-01,2026-03-01,2,serial_id,asc,17,2026-03-10T10:47:30+00:00
426e645b-28bc-4e98-bb32-c94913d95c18,2025061601019,2,0,12,2025-06-16 17:00,2025-06-16 20:00,74337,ZTMPBF,陕西省,西安市,长安区,樊川公园,426e645b-28bc-4e98-bb32-c94913d95c18,陕西,西安,,,2025-03-01,2026-03-01,2,serial_id,asc,17,2026-03-10T10:47:30+00:00
b7fa5de9-ea1d-444e-a4f1-29b40e1c7bb4,2025061601025,2,0,2,2025-06-15 13:49,2025-06-15 14:25,83426,江晚,陕西省,西安市,长安区,黄峪沟,b7fa5de9-ea1d-444e-a4f1-29b40e1c7bb4,陕西,西安,,,2025-03-01,2026-03-01,2,serial_id,asc,17,2026-03-10T10:47:30+00:00
42c9df41-1795-4714-8a97-ea17e194922d,2025061601076,2,0,24,2025-06-16 12:00,2025-06-16 15:30,45081,阿七同学,陕西省,西安市,长安区,创新港及渭河湿地,42c9df41-1795-4714-8a97-ea17e194922d,陕西,西安,,,2025-03-01,2026-03-01,2,serial_id,asc,17,2026-03-10T10:47:30+00:00
7c6ae7c1-9ac5-4843-bdab-f642e2240978,2025061700227,2,0,1,2025-06-17 09:00,2025-06-17 10:00,40098,QQWZYTJH,陕西省,西安市,鄠邑区,十寨沟,7c6ae7c1-9ac5-4843-bdab-f642e2240978,陕西,西安,,,2025-03-01,2026-03-01,2,serial_id,asc,17,2026-03-10T10:47:30+00:00
763d04dc-54be-4c02-98b6-2bc0c1f1920b,2025061700407,2,0,1,2025-06-15 14:03,2025-06-15 16:03,76693,yjyyjy,陕西省,西安市,长安区,洨河生态园,763d04dc-54be-4c02-98b6-2bc0c1f1920b,陕西,西安,,,2025-03-01,2026-03-01,2,serial_id,asc,17,2026-03-10T10:47:30+00:00
a359ffe9-88d0-4ba9-a5ff-ecfca9cc08ed,2025061700574,2,0,1,2025-06-17 14:00,2025-06-17 15:00,86307,李封真,陕西省,西安市,长安区,西安交通大学科技创新港科创基地,a359ffe9-88d0-4ba9-a5ff-ecfca9cc08ed,陕西,西安,,,2025-03-01,2026-03-01,2,serial_id,asc,17,2026-03-10T10:47:30+00:00
1a79d1ed-1cae-408d-8251-d5c0d7ec2df7,2025061700975,2,0,1,2025-06-17 13:00,2025-06-17 13:30,59244,选择困难症,陕西省,西安市,碑林区,兴庆宫,1a79d1ed-1cae-408d-8251-d5c0d7ec2df7,陕西,西安,,,2025-03-01,2026-03-01,2,serial_id,asc,17,2026-03-10T10:47:30+00:00
19d2ac08-4380-46b1-ae65-90362299a0fd,2025061800339,2,0,17,2025-06-18 08:30,2025-06-18 11:30,78662,绿翅旋壁雀,陕西省,西安市,灞桥区,西安世博园,19d2ac08-4380-46b1-ae65-90362299a0fd,陕西,西安,,,2025-03-01,2026-03-01,2,serial_id,asc,17,2026-03-10T10:47:30+00:00
8c602eb3-a7c0-4bdb-89c5-76ec5696e25f,2025061800440,2,0,6,2025-06-18 13:00,2025-06-18 14:00,22366,688chxiuq,陕西省,西安市,碑林区,兴庆宫公园陕西唐三彩艺术博物馆,8c602eb3-a7c0-4bdb-89c5-76ec5696e25f,陕西,西安,,,2025-03-01,2026-03-01,2,serial_id,asc,17,2026-03-10T10:47:30+00:00
638b735c-7f83-4721-9eb4-575dc46c36be,2025061800441,2,0,18,2025-06-17 17:00,2025-06-17 18:00,65697,羽丶石,陕西省,西安市,灞桥区,浐河边,638b735c-7f83-4721-9eb4-575dc46c36be,陕西,西安,,,2025-03-01,2026-03-01,2,serial_id,asc,17,2026-03-10T10:47:30+00:00
d2767712-2f54-4b40-9ecc-cdce98b00b8c,2025061800594,2,0,19,2025-03-22 10:00,2025-03-22 13:36,88944,热啊啊啊,陕西省,西安市,未央区,浐灞国家湿地公园,d2767712-2f54-4b40-9ecc-cdce98b00b8c,陕西,西安,,,2025-03-01,2026-03-01,2,serial_id,asc,17,2026-03-10T10:47:30+00:00
123cbc09-40eb-4232-b9da-ce045b55098b,2025061800738,2,0,2,2025-06-18 18:00,2025-06-18 19:00,74337,ZTMPBF,陕西省,西安市,碑林区,兴庆宫公园,123cbc09-40eb-4232-b9da-ce045b55098b,陕西,西安,,,2025-03-01,2026-03-01,2,serial_id,asc,17,2026-03-10T10:47:30+00:00
8be6a61c-cecd-4a58-92f7-e035a7cdd05a,2025061800763,2,0,23,2025-06-18 16:00,2025-06-18 18:30,65697,羽丶石,陕西省,西安市,灞桥区,浐河边,8be6a61c-cecd-4a58-92f7-e035a7cdd05a,陕西,西安,,,2025-03-01,2026-03-01,2,serial_id,asc,17,2026-03-10T10:47:30+00:00
c78f54f4-e4b0-461b-abd1-9f6a0080f5d9,2025061800883,2,0,9,2025-06-18 20:00,2025-06-18 21:00,85816,Moring,陕西省,西安市,灞桥区,西安世博园,c78f54f4-e4b0-461b-abd1-9f6a0080f5d9,陕西,西安,,,2025-03-01,2026-03-01,2,serial_id,asc,17,2026-03-10T10:47:30+00:00
ad71ba98-1fa7-4ecc-ad23-16bd8c366101,2025061900041,2,0,17,2025-06-17 08:00,2025-06-17 11:00,41958,阿迪攒钱钱,陕西省,西安市,莲湖区,丰庆公园,ad71ba98-1fa7-4ecc-ad23-16bd8c366101,陕西,西安,,,2025-03-01,2026-03-01,2,serial_id,asc,17,2026-03-10T10:47:30+00:00
4cf17481-bc25-416d-a87d-02eb8f47f3e9,2025061900391,2,0,3,2025-06-19 11:00,2025-06-19 12:00,56941,毛毛吖,陕西省,西安市,周至县,周至县秦岭国家植物园,4cf17481-bc25-416d-a87d-02eb8f47f3e9,陕西,西安,,,2025-03-01,2026-03-01,2,serial_id,asc,17,2026-03-10T10:47:30+00:00
e352f589-d528-466f-b4ca-d2e79da339b8,2025061900408,2,0,1,2025-06-18 09:00,2025-06-18 10:00,22345,山丘,陕西省,西安市,碑林区,兴庆宫公园,e352f589-d528-466f-b4ca-d2e79da339b8,陕西,西安,,,2025-03-01,2026-03-01,2,serial_id,asc,17,2026-03-10T10:47:30+00:00
04312c0d-2ea8-45dd-9c71-a26344acc040,2025061900590,2,0,18,2025-06-19 14:00,2025-06-19 15:00,69634,伊羊肉卷,陕西省,西安市,蓝田县,蓝田县汤峪河路(蓝田汤峪湖酒店),04312c0d-2ea8-45dd-9c71-a26344acc040,陕西,西安,,,2025-03-01,2026-03-01,2,serial_id,asc,17,2026-03-10T10:47:30+00:00
346f228f-6b67-4796-ade6-f0b73c8eb363,2025061900747,2,0,18,2025-06-19 18:00,2025-06-19 19:00,54689,WhentheLEVEEbreaks,陕西省,西安市,碑林区,兴庆宫公园,346f228f-6b67-4796-ade6-f0b73c8eb363,陕西,西安,,,2025-03-01,2026-03-01,2,serial_id,asc,17,2026-03-10T10:47:30+00:00
1bbf6e13-326d-417b-b1d9-9f27db47a0f9,2025061900758,2,0,1,2025-06-19 18:00,2025-06-19 19:00,53920,Ouzel,陕西省,西安市,碑林区,西安交通大学兴庆校区,1bbf6e13-326d-417b-b1d9-9f27db47a0f9,陕西,西安,,,2025-03-01,2026-03-01,2,serial_id,asc,17,2026-03-10T10:47:30+00:00
52767d51-3573-4e0e-803b-b2549eb7e552,2025061900999,2,0,1,2025-06-18 18:11,2025-06-18 19:11,40098,QQWZYTJH,陕西省,西安市,碑林区,兴庆宫公园,52767d51-3573-4e0e-803b-b2549eb7e552,陕西,西安,,,2025-03-01,2026-03-01,2,serial_id,asc,17,2026-03-10T10:47:30+00:00
6ba74fdd-f3d7-4ed1-afc2-ec63f2379678,2025062000297,2,0,11,2025-06-20 08:20,2025-06-20 11:30,58427,巩伯康,陕西省,西安市,临潼区,秦始皇兵马俑博物馆,6ba74fdd-f3d7-4ed1-afc2-ec63f2379678,陕西,西安,,,2025-03-01,2026-03-01,2,serial_id,asc,17,2026-03-10T10:47:30+00:00
99b61926-84ea-44ae-b945-fa7fef2734a1,2025062000336,2,0,11,2025-06-17 18:09,2025-06-17 19:50,41958,阿迪攒钱钱,陕西省,西安市,碑林区,兴庆宫公园,99b61926-84ea-44ae-b945-fa7fef2734a1,陕西,西安,,,2025-03-01,2026-03-01,2,serial_id,asc,17,2026-03-10T10:47:30+00:00
97709de5-6047-48b7-9a19-74f66b13c150,2025062000351,2,0,26,2025-06-19 09:12,2025-06-19 12:30,41958,阿迪攒钱钱,陕西省,西安市,长安区,樊川公园,97709de5-6047-48b7-9a19-74f66b13c150,陕西,西安,,,2025-03-01,2026-03-01,2,serial_id,asc,17,2026-03-10T10:47:30+00:00
3d99b238-8cf3-46df-aa99-ecbb2b9112d7,2025062000457,2,0,10,2025-06-20 12:19,2025-06-20 14:20,58427,巩伯康,陕西省,西安市,临潼区,秦始皇帝陵博物院丽山园,3d99b238-8cf3-46df-aa99-ecbb2b9112d7,陕西,西安,,,2025-03-01,2026-03-01,2,serial_id,asc,17,2026-03-10T10:47:30+00:00
019ee3f1-0de2-4b6d-b9a7-ef051e24d62a,2025062000530,2,0,24,2025-06-20 15:00,2025-06-20 16:00,59313,齐齐子,陕西省,西安市,长安区,樊川公园,019ee3f1-0de2-4b6d-b9a7-ef051e24d62a,陕西,西安,,,2025-03-01,2026-03-01,2,serial_id,asc,17,2026-03-10T10:47:30+00:00
06de390c-5f0e-4b42-bd4d-54c4df4e8112,2025062000562,2,0,9,2025-06-20 15:00,2025-06-20 16:00,58427,巩伯康,陕西省,西安市,临潼区,华清池,06de390c-5f0e-4b42-bd4d-54c4df4e8112,陕西,西安,,,2025-03-01,2026-03-01,2,serial_id,asc,17,2026-03-10T10:47:30+00:00
2c6020d4-e658-4eae-adf2-728ca278933b,2025062000682,2,0,1,2025-06-20 17:30,2025-06-20 18:00,53920,Ouzel,陕西省,西安市,碑林区,西安交通大学兴庆校区,2c6020d4-e658-4eae-adf2-728ca278933b,陕西,西安,,,2025-03-01,2026-03-01,2,serial_id,asc,17,2026-03-10T10:47:30+00:00
0128fae2-f345-4cf8-b8c8-bb616c961e4f,2025062000685,2,0,14,2025-06-20 18:00,2025-06-20 19:00,53920,Ouzel,陕西省,西安市,碑林区,兴庆宫公园,0128fae2-f345-4cf8-b8c8-bb616c961e4f,陕西,西安,,,2025-03-01,2026-03-01,2,serial_id,asc,17,2026-03-10T10:47:30+00:00
3912b7a5-3199-43c4-9e01-009e91104dbc,2025062000713,2,0,2,2025-06-20 15:00,2025-06-20 18:20,87650,ppooh,陕西省,西安市,碑林区,西安碑林博物馆,3912b7a5-3199-43c4-9e01-009e91104dbc,陕西,西安,,,2025-03-01,2026-03-01,2,serial_id,asc,17,2026-03-10T10:47:30+00:00
39c76a33-945b-42a7-8133-793915b037f7,2025062000723,2,0,14,2025-06-19 16:40,2025-06-19 17:10,14909,大叶水青冈,陕西省,西安市,长安区,沣河沿岸(西安市长安区),39c76a33-945b-42a7-8133-793915b037f7,陕西,西安,,,2025-03-01,2026-03-01,2,serial_id,asc,17,2026-03-10T10:47:30+00:00
cdfe5bd1-7b10-48d0-bfef-a4bf15f99c5b,2025062000728,2,0,16,2025-06-19 17:20,2025-06-19 17:50,14909,大叶水青冈,陕西省,西安市,长安区,高冠河,cdfe5bd1-7b10-48d0-bfef-a4bf15f99c5b,陕西,西安,,,2025-03-01,2026-03-01,2,serial_id,asc,17,2026-03-10T10:47:30+00:00
4e9317cc-1863-4c17-af58-225d71acf341,2025062000730,2,0,17,2025-06-20 09:00,2025-06-20 11:00,14909,大叶水青冈,陕西省,西安市,长安区,圭峰寺,4e9317cc-1863-4c17-af58-225d71acf341,陕西,西安,,,2025-03-01,2026-03-01,2,serial_id,asc,18,2026-03-10T10:47:33+00:00
ba21a675-7e0d-43ce-951f-5c7e0ec86702,2025062000757,2,0,13,2025-06-20 17:00,2025-06-20 18:00,69205,伊犁鼠兔,陕西省,西安市,鄠邑区,涝渭湿地公园,ba21a675-7e0d-43ce-951f-5c7e0ec86702,陕西,西安,,,2025-03-01,2026-03-01,2,serial_id,asc,18,2026-03-10T10:47:33+00:00
0ff05655-5074-4136-b8d9-bd51733dfa56,2025062100149,2,0,14,2025-06-21 07:00,2025-06-21 08:00,58427,巩伯康,陕西省,西安市,碑林区,兴庆宫公园,0ff05655-5074-4136-b8d9-bd51733dfa56,陕西,西安,,,2025-03-01,2026-03-01,2,serial_id,asc,18,2026-03-10T10:47:33+00:00
02989104-0d55-4ad4-803e-0e6cd47cdfb9,2025062100213,2,0,7,2025-06-21 08:00,2025-06-21 09:00,37241,漱石,陕西省,西安市,碑林区,兴庆宫公园,02989104-0d55-4ad4-803e-0e6cd47cdfb9,陕西,西安,,,2025-03-01,2026-03-01,2,serial_id,asc,18,2026-03-10T10:47:33+00:00
69910281-2a4a-441c-a297-5e333b698525,2025062100653,2,0,9,2025-06-21 08:49,2025-06-21 14:00,63026,gallups,陕西省,西安市,未央区,浐灞国家湿地公园,69910281-2a4a-441c-a297-5e333b698525,陕西,西安,,,2025-03-01,2026-03-01,2,serial_id,asc,18,2026-03-10T10:47:33+00:00
54d6a9cd-904c-41f1-9fef-4436be357970,2025062100786,2,0,17,2025-06-21 15:00,2025-06-21 16:00,46255,齐物小圣,陕西省,西安市,雁塔区,浐灞生态区雁鸣湖湿地,54d6a9cd-904c-41f1-9fef-4436be357970,陕西,西安,,,2025-03-01,2026-03-01,2,serial_id,asc,18,2026-03-10T10:47:33+00:00
6af19198-62f8-48bc-83be-5644e7fb1e86,2025062100964,2,0,3,2025-06-21 14:10,2025-06-21 17:00,83426,江晚,陕西省,西安市,灞桥区,西安浐灞桃花潭公园,6af19198-62f8-48bc-83be-5644e7fb1e86,陕西,西安,,,2025-03-01,2026-03-01,2,serial_id,asc,18,2026-03-10T10:47:33+00:00
f5585bcf-fad9-4e01-9f35-7c3ac6aa45a5,2025062101072,2,0,21,2025-06-21 17:00,2025-06-21 18:00,70302,烛影摇红,陕西省,西安市,长安区,长安区樊川公园(潏河路南200米),f5585bcf-fad9-4e01-9f35-7c3ac6aa45a5,陕西,西安,,,2025-03-01,2026-03-01,2,serial_id,asc,18,2026-03-10T10:47:33+00:00
f646f158-9349-4ad5-8b24-d3e6ce5ca4de,2025062101158,2,0,20,2025-06-21 15:02,2025-06-21 18:30,65697,羽丶石,陕西省,西安市,灞桥区,浐河边,f646f158-9349-4ad5-8b24-d3e6ce5ca4de,陕西,西安,,,2025-03-01,2026-03-01,2,serial_id,asc,18,2026-03-10T10:47:33+00:00
f4917689-9edd-4208-9d68-882f41c50317,2025062101262,2,0,17,2025-06-21 08:00,2025-06-21 10:30,30320,户外农夫,陕西省,西安市,碑林区,兴庆宫公园,f4917689-9edd-4208-9d68-882f41c50317,陕西,西安,,,2025-03-01,2026-03-01,2,serial_id,asc,18,2026-03-10T10:47:33+00:00
8b1a2d42-2552-40c1-a653-2cfc4f83b890,2025062101310,2,0,14,2025-06-21 18:00,2025-06-21 19:00,66398,香香鸡贴贴,陕西省,西安市,长安区,高冠河,8b1a2d42-2552-40c1-a653-2cfc4f83b890,陕西,西安,,,2025-03-01,2026-03-01,2,serial_id,asc,18,2026-03-10T10:47:33+00:00
0bafa079-0a4a-4c09-af44-d7cd61f7e6ce,2025062101491,2,0,22,2025-06-21 15:00,2025-06-21 16:00,87385,birdsguo,陕西省,西安市,长安区,沣河梁家滩运动公园,0bafa079-0a4a-4c09-af44-d7cd61f7e6ce,陕西,西安,,,2025-03-01,2026-03-01,2,serial_id,asc,18,2026-03-10T10:47:33+00:00
84262fd8-babd-4f72-8099-d2431c6e513b,2025062101501,2,0,9,2025-06-20 16:50,2025-06-20 18:30,57607,西石大绿源白鱀豚,陕西省,西安市,鄠邑区,涝渭湿地公园,84262fd8-babd-4f72-8099-d2431c6e513b,陕西,西安,,,2025-03-01,2026-03-01,2,serial_id,asc,18,2026-03-10T10:47:33+00:00
5cba1f08-bca5-4f09-a578-5f49aadc0fcc,2025062200036,2,0,14,2025-06-21 17:15,2025-06-21 20:05,54636,鹊影,陕西省,西安市,碑林区,兴庆宫公园,5cba1f08-bca5-4f09-a578-5f49aadc0fcc,陕西,西安,,,2025-03-01,2026-03-01,2,serial_id,asc,18,2026-03-10T10:47:33+00:00
70960fda-ecfa-4318-84e5-e120004a3d85,2025062200055,2,0,15,2025-06-22 06:00,2025-06-22 07:00,45951,回声,陕西省,西安市,长安区,祥峪口村,70960fda-ecfa-4318-84e5-e120004a3d85,陕西,西安,,,2025-03-01,2026-03-01,2,serial_id,asc,18,2026-03-10T10:47:33+00:00
70e226ca-730a-4429-a7f6-7e7fd3ad6200,2025062200134,2,0,15,2025-06-22 07:00,2025-06-22 08:00,69634,伊羊肉卷,陕西省,西安市,碑林区,兴庆宫公园,70e226ca-730a-4429-a7f6-7e7fd3ad6200,陕西,西安,,,2025-03-01,2026-03-01,2,serial_id,asc,18,2026-03-10T10:47:33+00:00
b8905323-0ad9-4877-9c50-4a51de506258,2025062200205,2,0,27,2025-06-22 07:15,2025-06-22 09:15,58427,巩伯康,陕西省,西安市,长安区,樊川公园,b8905323-0ad9-4877-9c50-4a51de506258,陕西,西安,,,2025-03-01,2026-03-01,2,serial_id,asc,18,2026-03-10T10:47:33+00:00
dfbd1aef-55ce-480d-8679-5ffec22a61c8,2025062200211,2,0,13,2025-06-22 07:40,2025-06-22 08:32,74252,大土豆,陕西省,西安市,碑林区,兴庆宫公园,dfbd1aef-55ce-480d-8679-5ffec22a61c8,陕西,西安,,,2025-03-01,2026-03-01,2,serial_id,asc,18,2026-03-10T10:47:33+00:00
52c75966-1a76-4113-a04f-f4194bf10bfe,2025062200260,2,0,38,2025-06-22 06:30,2025-06-22 08:30,30320,户外农夫,陕西省,西安市,阎良区,西安市阎良石川河,52c75966-1a76-4113-a04f-f4194bf10bfe,陕西,西安,,,2025-03-01,2026-03-01,2,serial_id,asc,18,2026-03-10T10:47:33+00:00
1daba8fa-0480-4989-9139-8d28418f779c,2025062200703,2,0,7,2025-06-22 09:15,2025-06-22 12:00,64371,李大顺,陕西省,西安市,灞桥区,西安世博园,1daba8fa-0480-4989-9139-8d28418f779c,陕西,西安,,,2025-03-01,2026-03-01,2,serial_id,asc,18,2026-03-10T10:47:33+00:00
4be2a901-6c2b-4d35-9b95-a1752c9c189f,2025062200719,2,0,16,2025-06-22 13:15,2025-06-22 14:50,54636,鹊影,陕西省,西安市,未央区,汉长安城未央宫遗址前殿遗址(未央区),4be2a901-6c2b-4d35-9b95-a1752c9c189f,陕西,西安,,,2025-03-01,2026-03-01,2,serial_id,asc,18,2026-03-10T10:47:33+00:00
7ae57c6a-4032-425a-a949-2c57f3b42ccd,2025062200962,2,0,14,2025-06-22 16:00,2025-06-22 17:00,69634,伊羊肉卷,陕西省,西安市,高陵区,泾渭湿地,7ae57c6a-4032-425a-a949-2c57f3b42ccd,陕西,西安,,,2025-03-01,2026-03-01,2,serial_id,asc,18,2026-03-10T10:47:33+00:00
4ccf72ee-6ffc-4a80-a967-524857cd4a8e,2025062201004,2,0,15,2025-06-22 17:00,2025-06-22 18:00,37924,延河,陕西省,西安市,灞桥区,西安世博园,4ccf72ee-6ffc-4a80-a967-524857cd4a8e,陕西,西安,,,2025-03-01,2026-03-01,2,serial_id,asc,18,2026-03-10T10:47:33+00:00
b8a23a4f-4659-46a2-b36d-9c0d9d18d44b,2025062201033,2,0,29,2025-06-22 08:00,2025-06-22 09:00,72904,李辉,陕西省,西安市,长安区,长安区大兆街道三联村,b8a23a4f-4659-46a2-b36d-9c0d9d18d44b,陕西,西安,,,2025-03-01,2026-03-01,2,serial_id,asc,18,2026-03-10T10:47:33+00:00
b7edeca5-0f0d-439b-b837-c26f142f7f34,2025062201084,2,0,6,2025-06-22 09:43,2025-06-22 16:45,74505,ppop,陕西省,西安市,鄠邑区,鄠邑区石井街道营盘沟口,b7edeca5-0f0d-439b-b837-c26f142f7f34,陕西,西安,,,2025-03-01,2026-03-01,2,serial_id,asc,18,2026-03-10T10:47:33+00:00
6334205f-e9b8-4227-8cd5-fc484364d773,2025062201173,2,0,1,2025-06-22 19:00,2025-06-22 20:00,69634,伊羊肉卷,陕西省,西安市,灞桥区,西安世博园,6334205f-e9b8-4227-8cd5-fc484364d773,陕西,西安,,,2025-03-01,2026-03-01,2,serial_id,asc,18,2026-03-10T10:47:33+00:00
cee4c810-9fd2-4963-91a3-fc934bac83ad,2025062201190,2,0,3,2025-06-22 19:00,2025-06-22 20:00,85816,Moring,陕西省,西安市,灞桥区,西安世博园,cee4c810-9fd2-4963-91a3-fc934bac83ad,陕西,西安,,,2025-03-01,2026-03-01,2,serial_id,asc,18,2026-03-10T10:47:33+00:00
2e3b61d3-b9c8-40dc-9d96-067c899f7484,2025062300420,2,0,20,2025-06-23 07:00,2025-06-23 08:00,66398,香香鸡贴贴,陕西省,西安市,长安区,圭峰寺,2e3b61d3-b9c8-40dc-9d96-067c899f7484,陕西,西安,,,2025-03-01,2026-03-01,2,serial_id,asc,18,2026-03-10T10:47:33+00:00
a9f6a608-c666-4d42-8163-5e0f8991881e,2025062300990,2,0,9,2025-06-23 17:00,2025-06-23 18:00,33940,白胜荣,陕西省,西安市,灞桥区,西安世博园,a9f6a608-c666-4d42-8163-5e0f8991881e,陕西,西安,,,2025-03-01,2026-03-01,2,serial_id,asc,18,2026-03-10T10:47:33+00:00
d8a12266-ac19-4b3f-ad10-42f22cbc26c6,2025062301078,2,0,12,2025-06-23 06:22,2025-06-23 08:22,50751,lycorisin,陕西省,西安市,灞桥区,浐灞湿地,d8a12266-ac19-4b3f-ad10-42f22cbc26c6,陕西,西安,,,2025-03-01,2026-03-01,2,serial_id,asc,18,2026-03-10T10:47:33+00:00
df37c7eb-c04c-455e-a7e2-a1ddf0bc7969,2025062301192,2,0,13,2025-06-23 19:00,2025-06-23 20:00,30618,NNUDwyane,陕西省,西安市,周至县,冯家坪,df37c7eb-c04c-455e-a7e2-a1ddf0bc7969,陕西,西安,,,2025-03-01,2026-03-01,2,serial_id,asc,18,2026-03-10T10:47:33+00:00
84917a2b-f203-469f-ba72-56fd110c154e,2025062301193,2,0,3,2025-06-23 19:00,2025-06-23 20:00,30618,NNUDwyane,陕西省,西安市,未央区,西安北站,84917a2b-f203-469f-ba72-56fd110c154e,陕西,西安,,,2025-03-01,2026-03-01,2,serial_id,asc,18,2026-03-10T10:47:33+00:00
9e444582-45fe-4e9d-9470-11d14d9a2c2f,2025062400481,2,0,26,2025-06-24 09:13,2025-06-24 12:00,22527,稻稻,陕西省,西安市,灞桥区,西安世博园,9e444582-45fe-4e9d-9470-11d14d9a2c2f,陕西,西安,,,2025-03-01,2026-03-01,2,serial_id,asc,18,2026-03-10T10:47:33+00:00
539113d3-31d7-4ccb-9874-fe9ac36673a5,2025062400588,2,0,12,2025-06-22 11:15,2025-06-24 19:35,74252,大土豆,陕西省,西安市,灞桥区,西安世博园,539113d3-31d7-4ccb-9874-fe9ac36673a5,陕西,西安,,,2025-03-01,2026-03-01,2,serial_id,asc,18,2026-03-10T10:47:33+00:00
be401308-1633-42a1-a499-91fc0da10a7d,2025062400590,2,0,10,2025-06-22 16:18,2025-06-22 17:30,74252,大土豆,陕西省,西安市,灞桥区,灞渭桥车游湿地公园,be401308-1633-42a1-a499-91fc0da10a7d,陕西,西安,,,2025-03-01,2026-03-01,2,serial_id,asc,18,2026-03-10T10:47:33+00:00
02249a3e-f2b9-4252-99db-d15d89c2541d,2025062400600,2,0,13,2025-06-24 12:00,2025-06-24 13:00,45081,阿七同学,陕西省,西安市,碑林区,兴庆宫公园,02249a3e-f2b9-4252-99db-d15d89c2541d,陕西,西安,,,2025-03-01,2026-03-01,2,serial_id,asc,18,2026-03-10T10:47:33+00:00
d3b39ae7-d99c-4b11-a66d-ca8b8513187e,2025062400821,2,0,22,2025-06-24 12:00,2025-06-24 13:00,30618,NNUDwyane,陕西省,西安市,周至县,厚畛子镇,d3b39ae7-d99c-4b11-a66d-ca8b8513187e,陕西,西安,,,2025-03-01,2026-03-01,2,serial_id,asc,18,2026-03-10T10:47:33+00:00
2e091aa4-e818-4f86-9874-6e84979378c6,2025062401019,2,0,12,2025-06-24 18:00,2025-06-24 19:00,33940,白胜荣,陕西省,西安市,灞桥区,西安世博园,2e091aa4-e818-4f86-9874-6e84979378c6,陕西,西安,,,2025-03-01,2026-03-01,2,serial_id,asc,18,2026-03-10T10:47:33+00:00
b8dcdfe7-8c73-4e3d-87c4-f3ece73a2f75,2025062500359,2,0,4,2025-06-25 10:00,2025-06-25 12:30,50988,柏一,陕西省,西安市,临潼区,秦始皇帝陵博物院丽山园,b8dcdfe7-8c73-4e3d-87c4-f3ece73a2f75,陕西,西安,,,2025-03-01,2026-03-01,2,serial_id,asc,18,2026-03-10T10:47:33+00:00
f78e62f0-e784-404a-a4b2-0bc2db2b5715,2025062500563,2,0,14,2025-06-25 11:00,2025-06-25 14:00,78662,绿翅旋壁雀,陕西省,西安市,灞桥区,西安世博园,f78e62f0-e784-404a-a4b2-0bc2db2b5715,陕西,西安,,,2025-03-01,2026-03-01,2,serial_id,asc,18,2026-03-10T10:47:33+00:00
def5a317-8207-43e7-ba37-66f22052d068,2025062501088,2,0,10,2025-06-20 16:10,2025-06-20 17:45,69766,Hippcrates,陕西省,西安市,莲湖区,莲湖公园,def5a317-8207-43e7-ba37-66f22052d068,陕西,西安,,,2025-03-01,2026-03-01,2,serial_id,asc,18,2026-03-10T10:47:33+00:00
26430e07-99ef-4f23-86ae-a187d66f53ea,2025062600654,2,0,25,2025-06-26 17:00,2025-06-26 18:00,86307,李封真,陕西省,西安市,长安区,樊川公园,26430e07-99ef-4f23-86ae-a187d66f53ea,陕西,西安,,,2025-03-01,2026-03-01,2,serial_id,asc,18,2026-03-10T10:47:33+00:00
b1d218da-96b4-4fe5-8c8a-03b5dc2dfcde,2025062600755,2,0,11,2025-06-26 08:00,2025-06-26 09:00,30618,NNUDwyane,陕西省,西安市,周至县,厚畛子镇,b1d218da-96b4-4fe5-8c8a-03b5dc2dfcde,陕西,西安,,,2025-03-01,2026-03-01,2,serial_id,asc,18,2026-03-10T10:47:33+00:00
f8079ba7-fb3a-48d2-8254-cd4a91b03201,2025062600933,2,0,23,2025-06-22 09:00,2025-06-22 13:30,69766,Hippcrates,陕西省,西安市,未央区,大明宫国家遗址公园,f8079ba7-fb3a-48d2-8254-cd4a91b03201,陕西,西安,,,2025-03-01,2026-03-01,2,serial_id,asc,18,2026-03-10T10:47:33+00:00
4f01aa9a-21f0-430a-bb8e-5f738b1d5cfb,2025062700282,2,0,23,2025-06-27 09:00,2025-06-27 10:00,30618,NNUDwyane,陕西省,西安市,周至县,厚畛子镇,4f01aa9a-21f0-430a-bb8e-5f738b1d5cfb,陕西,西安,,,2025-03-01,2026-03-01,2,serial_id,asc,18,2026-03-10T10:47:33+00:00
6d51d8a7-463a-427f-9133-816e936208d6,2025062700368,2,0,6,2025-06-27 12:40,2025-06-27 14:00,73973,fly,陕西省,西安市,未央区,西安工业大学(未央校区),6d51d8a7-463a-427f-9133-816e936208d6,陕西,西安,,,2025-03-01,2026-03-01,2,serial_id,asc,18,2026-03-10T10:47:33+00:00
a702dc43-04e8-4273-8459-9e46e0720308,2025062700683,2,0,37,2025-06-27 07:00,2025-06-27 10:00,53920,Ouzel,陕西省,西安市,长安区,樊川公园,a702dc43-04e8-4273-8459-9e46e0720308,陕西,西安,,,2025-03-01,2026-03-01,2,serial_id,asc,18,2026-03-10T10:47:33+00:00
2ad16c5b-199a-472c-8db8-4c6b845a13de,2025062700956,2,0,10,2025-06-27 17:00,2025-06-27 19:00,15090,刑小天在西交创新港,陕西省,西安市,雁塔区,浐灞生态区雁鸣湖湿地,2ad16c5b-199a-472c-8db8-4c6b845a13de,陕西,西安,,,2025-03-01,2026-03-01,2,serial_id,asc,18,2026-03-10T10:47:33+00:00
77071785-f782-4342-a4f8-3d5db043f8f3,2025062800106,2,0,14,2025-06-28 08:00,2025-06-28 12:00,54689,WhentheLEVEEbreaks,陕西省,西安市,蓝田县,蓝田县王顺山国家森林公园,77071785-f782-4342-a4f8-3d5db043f8f3,陕西,西安,,,2025-03-01,2026-03-01,2,serial_id,asc,18,2026-03-10T10:47:33+00:00
0327509f-36ee-4722-8643-27732f5690b2,2025062800184,2,0,37,2025-06-28 08:00,2025-06-28 09:00,45951,回声,陕西省,西安市,周至县,杨凌渭河湿地生态公园,0327509f-36ee-4722-8643-27732f5690b2,陕西,西安,,,2025-03-01,2026-03-01,2,serial_id,asc,18,2026-03-10T10:47:33+00:00
03c64c98-0f21-4a1f-96ee-09c6d21e42c9,2025062800779,2,0,2,2025-06-28 14:00,2025-06-28 15:00,22345,山丘,陕西省,西安市,长安区,长安区刘秀井东100米,03c64c98-0f21-4a1f-96ee-09c6d21e42c9,陕西,西安,,,2025-03-01,2026-03-01,2,serial_id,asc,19,2026-03-10T10:47:36+00:00
459aa23f-5454-41b4-be29-61b88800bfc9,2025062800871,2,0,8,2025-06-28 15:00,2025-06-28 16:00,22366,688chxiuq,陕西省,西安市,长安区,长安区王莽街道刘秀村,459aa23f-5454-41b4-be29-61b88800bfc9,陕西,西安,,,2025-03-01,2026-03-01,2,serial_id,asc,19,2026-03-10T10:47:36+00:00
127472f3-b7fa-44bd-ba07-3ceba43cf05f,2025062800875,2,0,7,2025-06-28 11:00,2025-06-28 12:00,22366,688chxiuq,陕西省,西安市,长安区,长安区大兆街道友联村,127472f3-b7fa-44bd-ba07-3ceba43cf05f,陕西,西安,,,2025-03-01,2026-03-01,2,serial_id,asc,19,2026-03-10T10:47:36+00:00
1438478d-1b8d-49bf-bf3b-843c733581a8,2025062801458,2,0,26,2025-06-28 16:00,2025-06-28 17:00,72904,李辉,陕西省,西安市,未央区,西安浐灞国家湿地公园,1438478d-1b8d-49bf-bf3b-843c733581a8,陕西,西安,,,2025-03-01,2026-03-01,2,serial_id,asc,19,2026-03-10T10:47:36+00:00
1a977ff8-83b1-4311-9079-c34667c9e182,2025062900760,2,0,1,2025-06-29 14:00,2025-06-29 14:20,63720,Nobody,陕西省,西安市,临潼区,秦始皇兵马俑博物馆,1a977ff8-83b1-4311-9079-c34667c9e182,陕西,西安,,,2025-03-01,2026-03-01,2,serial_id,asc,19,2026-03-10T10:47:36+00:00
a4a08aa5-7b0f-4c5c-bf0f-3012671491a6,2025062900900,2,0,8,2025-06-28 18:34,2025-06-28 20:32,64371,李大顺,陕西省,西安市,灞桥区,西安世博园,a4a08aa5-7b0f-4c5c-bf0f-3012671491a6,陕西,西安,,,2025-03-01,2026-03-01,2,serial_id,asc,19,2026-03-10T10:47:36+00:00
fa2d60e7-5afd-4085-ab04-a96661da0278,2025062900905,2,0,21,2025-06-28 07:40,2025-06-28 12:30,64371,李大顺,陕西省,西安市,长安区,樊川公园,fa2d60e7-5afd-4085-ab04-a96661da0278,陕西,西安,,,2025-03-01,2026-03-01,2,serial_id,asc,19,2026-03-10T10:47:36+00:00
86418016-4e1e-4553-bdf8-3592cc8cb91f,2025062901262,2,0,12,2025-06-29 18:00,2025-06-29 19:00,73973,fly,陕西省,西安市,雁塔区,曲江池遗址公园,86418016-4e1e-4553-bdf8-3592cc8cb91f,陕西,西安,,,2025-03-01,2026-03-01,2,serial_id,asc,19,2026-03-10T10:47:36+00:00
73c36f64-6ca6-45e1-9c17-975c54da6e07,2025062901324,2,0,16,2025-06-29 17:00,2025-06-29 18:00,87385,birdsguo,陕西省,西安市,新城区,大明宫国家遗址公园,73c36f64-6ca6-45e1-9c17-975c54da6e07,陕西,西安,,,2025-03-01,2026-03-01,2,serial_id,asc,19,2026-03-10T10:47:36+00:00
a11f6800-fb81-4873-8168-4a7564aa96d6,2025062901545,2,0,22,2025-06-27 16:00,2025-06-27 18:00,73973,fly,陕西省,西安市,未央区,浐灞湿地公园,a11f6800-fb81-4873-8168-4a7564aa96d6,陕西,西安,,,2025-03-01,2026-03-01,2,serial_id,asc,19,2026-03-10T10:47:36+00:00
c6bc0c90-72eb-4b5b-b1b4-e8735e5677a4,2025063000068,2,0,30,2025-06-30 08:00,2025-06-30 09:00,87621,wangb1996wb,陕西省,西安市,长安区,樊川公园,c6bc0c90-72eb-4b5b-b1b4-e8735e5677a4,陕西,西安,,,2025-03-01,2026-03-01,2,serial_id,asc,19,2026-03-10T10:47:36+00:00
ac95a81a-e404-4f5b-889e-c0145b2cc0f7,2025063000795,2,0,1,2025-06-30 18:00,2025-06-30 18:30,78460,minamoto,陕西省,西安市,长安区,西安交通大学南区学生公寓(畅园),ac95a81a-e404-4f5b-889e-c0145b2cc0f7,陕西,西安,,,2025-03-01,2026-03-01,2,serial_id,asc,19,2026-03-10T10:47:36+00:00
aeb022bc-60e9-47fd-9a4a-36b709f881aa,2025070100354,2,0,1,2025-07-01 11:00,2025-07-01 12:00,69205,伊犁鼠兔,陕西省,西安市,鄠邑区,西安石油大学(鄠邑校区),aeb022bc-60e9-47fd-9a4a-36b709f881aa,陕西,西安,,,2025-03-01,2026-03-01,2,serial_id,asc,19,2026-03-10T10:47:36+00:00
c9626bb6-f9d3-4ce1-86f5-47cdbf648d07,2025070101004,2,0,2,2025-06-29 10:13,2025-06-29 12:13,76693,yjyyjy,陕西省,西安市,未央区,浐灞国家湿地公园,c9626bb6-f9d3-4ce1-86f5-47cdbf648d07,陕西,西安,,,2025-03-01,2026-03-01,2,serial_id,asc,19,2026-03-10T10:47:36+00:00
f8ccac51-06a1-4e6b-8b08-bf0c75c788ea,2025070200936,2,0,2,2025-07-02 13:00,2025-07-02 14:00,83773,简简,陕西省,西安市,鄠邑区,朱雀国家森岭公园,f8ccac51-06a1-4e6b-8b08-bf0c75c788ea,陕西,西安,,,2025-03-01,2026-03-01,2,serial_id,asc,19,2026-03-10T10:47:36+00:00
d6aa5b93-cede-4692-87ad-7265f708c434,2025070300215,2,0,3,2025-07-03 07:15,2025-07-03 08:42,59313,齐齐子,陕西省,西安市,长安区,樊川公园,d6aa5b93-cede-4692-87ad-7265f708c434,陕西,西安,,,2025-03-01,2026-03-01,2,serial_id,asc,19,2026-03-10T10:47:36+00:00
08307ff8-bc2a-44ad-abee-5f234e6536ea,2025070300221,2,0,4,2025-06-25 12:50,2025-06-25 14:50,59313,齐齐子,陕西省,西安市,长安区,樊川公园,08307ff8-bc2a-44ad-abee-5f234e6536ea,陕西,西安,,,2025-03-01,2026-03-01,2,serial_id,asc,19,2026-03-10T10:47:36+00:00
4ea65106-c1a8-4647-9327-4826f29c22bc,2025070300224,2,0,2,2025-06-26 12:40,2025-06-26 13:53,59313,齐齐子,陕西省,西安市,长安区,樊川公园,4ea65106-c1a8-4647-9327-4826f29c22bc,陕西,西安,,,2025-03-01,2026-03-01,2,serial_id,asc,19,2026-03-10T10:47:36+00:00
c4bb7761-db02-4298-892f-75ede2113d64,2025070300226,2,0,15,2025-07-03 10:00,2025-07-03 11:00,86307,李封真,陕西省,西安市,灞桥区,灞桥生态湿地公园(西安市灞桥区),c4bb7761-db02-4298-892f-75ede2113d64,陕西,西安,,,2025-03-01,2026-03-01,2,serial_id,asc,19,2026-03-10T10:47:36+00:00
565aae66-6a4d-416a-b660-3383dcc4efe1,2025070300559,2,0,16,2025-07-03 08:00,2025-07-03 09:00,11911,歌我自由,陕西省,西安市,周至县,秦岭国家植物园,565aae66-6a4d-416a-b660-3383dcc4efe1,陕西,西安,,,2025-03-01,2026-03-01,2,serial_id,asc,19,2026-03-10T10:47:36+00:00
990f7f52-c8c5-4565-b104-e4db36d7212b,2025070500052,2,0,7,2025-06-01 16:30,2025-06-01 17:30,81608,Watson,陕西省,西安市,未央区,西安浐灞艾美酒店西侧浐河沿岸,990f7f52-c8c5-4565-b104-e4db36d7212b,陕西,西安,,,2025-03-01,2026-03-01,2,serial_id,asc,19,2026-03-10T10:47:36+00:00
898ef874-1aa9-4c76-a020-c38a6e15a990,2025070500131,2,0,11,2025-06-13 09:17,2025-06-13 13:26,24984,chris599,陕西省,西安市,长安区,长安区樊川公园,898ef874-1aa9-4c76-a020-c38a6e15a990,陕西,西安,,,2025-03-01,2026-03-01,2,serial_id,asc,19,2026-03-10T10:47:36+00:00
de73c4e9-04a5-4774-8fb6-91edd7076541,2025070500144,2,0,19,2025-07-04 09:00,2025-07-04 11:00,83773,简简,陕西省,西安市,未央区,浐灞国家湿地公园,de73c4e9-04a5-4774-8fb6-91edd7076541,陕西,西安,,,2025-03-01,2026-03-01,2,serial_id,asc,19,2026-03-10T10:47:36+00:00
ff562d2e-4fc4-452b-b2d9-6ce1ea237bd0,2025070500162,2,0,12,2025-07-05 08:00,2025-07-05 09:00,59466,huahua,陕西省,西安市,碑林区,兴庆宫,ff562d2e-4fc4-452b-b2d9-6ce1ea237bd0,陕西,西安,,,2025-03-01,2026-03-01,2,serial_id,asc,19,2026-03-10T10:47:36+00:00
1aee93cd-55e8-4288-b94e-46abc6a37d79,2025070500250,2,0,34,2025-07-05 07:00,2025-07-05 09:30,46857,ya摩西,陕西省,西安市,未央区,幸福渠二号桥,1aee93cd-55e8-4288-b94e-46abc6a37d79,陕西,西安,,,2025-03-01,2026-03-01,2,serial_id,asc,19,2026-03-10T10:47:36+00:00
9b344b3b-ab20-45c3-ba9e-72e144efef83,2025070500440,2,0,38,2025-07-05 08:00,2025-07-05 10:00,59244,选择困难症,陕西省,西安市,长安区,长安区大兆街道友联村,9b344b3b-ab20-45c3-ba9e-72e144efef83,陕西,西安,,,2025-03-01,2026-03-01,2,serial_id,asc,19,2026-03-10T10:47:36+00:00
8267519f-a83a-4ade-8051-7cbac1160519,2025070500464,2,0,23,2025-07-05 10:30,2025-07-05 11:54,46857,ya摩西,陕西省,西安市,未央区,未央区西安浐灞国家湿地公园,8267519f-a83a-4ade-8051-7cbac1160519,陕西,西安,,,2025-03-01,2026-03-01,2,serial_id,asc,19,2026-03-10T10:47:36+00:00
0aee74c1-3ea4-4b20-a69a-45c154aa69af,2025070500647,2,0,11,2025-07-05 14:00,2025-07-05 15:00,3975,稷朝,陕西省,西安市,未央区,未央区西安浐灞国家湿地公园湿地沙滩东北150米,0aee74c1-3ea4-4b20-a69a-45c154aa69af,陕西,西安,,,2025-03-01,2026-03-01,2,serial_id,asc,19,2026-03-10T10:47:36+00:00
66319c88-6e8a-4cf4-876e-3e22e9327d63,2025070500981,2,0,12,2025-07-05 15:00,2025-07-05 16:00,87385,birdsguo,陕西省,西安市,长安区,沣河湿地公园,66319c88-6e8a-4cf4-876e-3e22e9327d63,陕西,西安,,,2025-03-01,2026-03-01,2,serial_id,asc,19,2026-03-10T10:47:36+00:00
2d0a4a84-d928-403f-b5bc-f984791a6a5e,2025070600034,2,0,18,2025-07-05 06:54,2025-07-05 09:49,67901,Voola,陕西省,西安市,阎良区,西安市阎良石川河,2d0a4a84-d928-403f-b5bc-f984791a6a5e,陕西,西安,,,2025-03-01,2026-03-01,2,serial_id,asc,19,2026-03-10T10:47:36+00:00
9db862a1-c9cb-4ec4-9f76-931cb0d52be9,2025070600322,2,0,11,2025-07-06 10:00,2025-07-06 11:00,3975,稷朝,陕西省,西安市,长安区,洨河生态公园,9db862a1-c9cb-4ec4-9f76-931cb0d52be9,陕西,西安,,,2025-03-01,2026-03-01,2,serial_id,asc,19,2026-03-10T10:47:36+00:00
388fa514-aba3-408a-9994-f476e00af72f,2025070600407,2,0,43,2025-07-06 05:40,2025-07-06 08:30,30320,户外农夫,陕西省,西安市,阎良区,西安市阎良石川河,388fa514-aba3-408a-9994-f476e00af72f,陕西,西安,,,2025-03-01,2026-03-01,2,serial_id,asc,19,2026-03-10T10:47:36+00:00
cbee022c-e3a9-4d9c-a7be-c1d3cf4476f1,2025070600775,2,0,10,2025-07-06 16:00,2025-07-06 17:00,85816,Moring,陕西省,西安市,长安区,樊川公园,cbee022c-e3a9-4d9c-a7be-c1d3cf4476f1,陕西,西安,,,2025-03-01,2026-03-01,2,serial_id,asc,19,2026-03-10T10:47:36+00:00
af8f00ae-446b-41c8-b3ad-e9585245bc3e,2025070601104,2,0,11,2025-07-06 19:00,2025-07-06 20:00,13418,山诺胖麻雀,陕西省,西安市,雁塔区,陕西省西安市雁塔区雁塔东步行街,af8f00ae-446b-41c8-b3ad-e9585245bc3e,陕西,西安,,,2025-03-01,2026-03-01,2,serial_id,asc,19,2026-03-10T10:47:36+00:00
4e8f647a-0b6c-4615-beb1-ee501dbc8c30,2025070601109,2,0,7,2025-07-06 18:45,2025-07-06 19:00,32202,2N3501,陕西省,西安市,长安区,西安航天基地,4e8f647a-0b6c-4615-beb1-ee501dbc8c30,陕西,西安,,,2025-03-01,2026-03-01,2,serial_id,asc,19,2026-03-10T10:47:36+00:00
3912677a-aa9c-4df5-a723-0d5a98a9b488,2025070601216,2,0,14,2025-07-06 16:00,2025-07-06 17:00,87385,birdsguo,陕西省,西安市,灞桥区,西安世博园,3912677a-aa9c-4df5-a723-0d5a98a9b488,陕西,西安,,,2025-03-01,2026-03-01,2,serial_id,asc,19,2026-03-10T10:47:36+00:00
91b2ef1a-cdc5-4804-a4d7-621767585c80,2025070700204,2,0,11,2025-07-07 09:00,2025-07-07 10:00,54797,yuyu114514,陕西省,西安市,长安区,长安区昆明池·七夕公园,91b2ef1a-cdc5-4804-a4d7-621767585c80,陕西,西安,,,2025-03-01,2026-03-01,2,serial_id,asc,19,2026-03-10T10:47:36+00:00
224c0cb3-f9ac-4a10-92d4-4c5ebc6ba6d3,2025070700467,2,0,20,2025-07-07 15:00,2025-07-07 16:00,38264,半夏666,陕西省,西安市,长安区,樊川公园,224c0cb3-f9ac-4a10-92d4-4c5ebc6ba6d3,陕西,西安,,,2025-03-01,2026-03-01,2,serial_id,asc,19,2026-03-10T10:47:36+00:00
f1409f03-de0c-466b-9f8f-d7e30241d68f,2025070700590,2,0,35,2025-07-06 07:00,2025-07-06 09:00,20420,xian2020,陕西省,西安市,长安区,樊川公园,f1409f03-de0c-466b-9f8f-d7e30241d68f,陕西,西安,,,2025-03-01,2026-03-01,2,serial_id,asc,19,2026-03-10T10:47:36+00:00
ab5dd565-7d99-46c5-b4d9-8cd07701f53c,2025070700686,2,0,17,2025-07-07 17:00,2025-07-07 18:00,86307,李封真,陕西省,西安市,鄠邑区,涝渭湿地公园,ab5dd565-7d99-46c5-b4d9-8cd07701f53c,陕西,西安,,,2025-03-01,2026-03-01,2,serial_id,asc,19,2026-03-10T10:47:36+00:00
b28f06bf-e4a5-45d6-94f4-70ed58780dea,2025070700915,2,0,8,2025-06-15 07:20,2025-06-15 09:10,74305,oo1201,陕西省,西安市,长安区,樊川公园,b28f06bf-e4a5-45d6-94f4-70ed58780dea,陕西,西安,,,2025-03-01,2026-03-01,2,serial_id,asc,19,2026-03-10T10:47:36+00:00
e58424df-3a42-4e0b-af50-634f31e88aff,2025070800785,2,0,21,2025-07-08 17:00,2025-07-08 18:00,40927,兜兜飞,陕西省,西安市,周至县,秦岭国家植物园,e58424df-3a42-4e0b-af50-634f31e88aff,陕西,西安,,,2025-03-01,2026-03-01,2,serial_id,asc,19,2026-03-10T10:47:36+00:00
1c941fc4-722a-402e-baa2-9918eb86386b,2025070800963,2,0,14,2025-07-08 19:00,2025-07-08 21:00,71440,meowto,陕西省,西安市,碑林区,兴庆宫公园,1c941fc4-722a-402e-baa2-9918eb86386b,陕西,西安,,,2025-03-01,2026-03-01,2,serial_id,asc,19,2026-03-10T10:47:36+00:00
542580b7-bdf4-4fc1-9c9b-9f4d3a745375,2025070801140,2,0,11,2025-05-25 08:00,2025-05-25 11:00,74305,oo1201,陕西省,西安市,长安区,樊川公园,542580b7-bdf4-4fc1-9c9b-9f4d3a745375,陕西,西安,,,2025-03-01,2026-03-01,2,serial_id,asc,19,2026-03-10T10:47:36+00:00
0f8c3b19-463b-4b92-bdfb-fda60c4e57f2,2025070900031,2,0,1,2025-07-09 05:00,2025-07-09 06:00,86307,李封真,陕西省,西安市,长安区,西安交通大学南区学生公寓(畅园),0f8c3b19-463b-4b92-bdfb-fda60c4e57f2,陕西,西安,,,2025-03-01,2026-03-01,2,serial_id,asc,19,2026-03-10T10:47:36+00:00
6393f3ef-4cc7-43a6-b86e-a9dcdfd2da5d,2025070901021,2,0,20,2025-05-10 07:30,2025-05-10 10:30,74305,oo1201,陕西省,西安市,长安区,樊川公园,6393f3ef-4cc7-43a6-b86e-a9dcdfd2da5d,陕西,西安,,,2025-03-01,2026-03-01,2,serial_id,asc,19,2026-03-10T10:47:36+00:00
2a28d401-c37d-4854-9ef3-acd6e9baf2ea,2025071000267,2,0,16,2025-07-10 11:00,2025-07-10 12:00,14187,wgb1986,陕西省,西安市,长安区,樊川公园,2a28d401-c37d-4854-9ef3-acd6e9baf2ea,陕西,西安,,,2025-03-01,2026-03-01,2,serial_id,asc,19,2026-03-10T10:47:36+00:00
4af16ee8-c973-42e3-b7e0-b08de76481a2,2025071000387,2,0,17,2025-07-10 10:00,2025-07-10 11:00,73217,anecha2025,陕西省,西安市,长安区,樊川公园,4af16ee8-c973-42e3-b7e0-b08de76481a2,陕西,西安,,,2025-03-01,2026-03-01,2,serial_id,asc,19,2026-03-10T10:47:36+00:00
632ca969-9a74-4a4c-9648-c293fa1e4706,2025071000564,2,0,1,2025-07-05 16:43,2025-07-05 16:43,76693,yjyyjy,陕西省,西安市,新城区,西安钟楼,632ca969-9a74-4a4c-9648-c293fa1e4706,陕西,西安,,,2025-03-01,2026-03-01,2,serial_id,asc,19,2026-03-10T10:47:36+00:00
649f1d55-eb67-4902-af9e-244ff28d8b1e,2025071000912,2,0,41,2025-07-10 06:00,2025-07-10 07:30,30320,户外农夫,陕西省,西安市,阎良区,西安市阎良石川河,649f1d55-eb67-4902-af9e-244ff28d8b1e,陕西,西安,,,2025-03-01,2026-03-01,2,serial_id,asc,19,2026-03-10T10:47:36+00:00
c9a88b4a-466a-49e0-8313-a7f075075f3e,2025071100509,2,0,27,2025-07-09 16:15,2025-07-09 19:15,75718,goodfoodtoeat,陕西省,西安市,未央区,浐灞国家湿地公园,c9a88b4a-466a-49e0-8313-a7f075075f3e,陕西,西安,,,2025-03-01,2026-03-01,2,serial_id,asc,20,2026-03-10T10:47:39+00:00
ca9b8798-ea0f-4c62-a0c1-c536a558d4ce,2025071100609,2,0,14,2025-07-11 16:00,2025-07-11 17:00,90560,Sogn089,陕西省,西安市,未央区,西安高级中学,ca9b8798-ea0f-4c62-a0c1-c536a558d4ce,陕西,西安,,,2025-03-01,2026-03-01,2,serial_id,asc,20,2026-03-10T10:47:39+00:00
11d924c7-f28a-4ddb-842b-15ebe8276689,2025071201254,2,0,13,2025-07-10 16:00,2025-07-10 18:00,73973,fly,陕西省,西安市,长安区,樊川公园,11d924c7-f28a-4ddb-842b-15ebe8276689,陕西,西安,,,2025-03-01,2026-03-01,2,serial_id,asc,20,2026-03-10T10:47:39+00:00
22fd3385-2ca1-4478-9078-7e15a607c259,2025071300354,2,0,45,2025-07-13 07:32,2025-07-13 11:00,38183,Sunny高波,陕西省,西安市,未央区,西安浐灞国家湿地公园,22fd3385-2ca1-4478-9078-7e15a607c259,陕西,西安,,,2025-03-01,2026-03-01,2,serial_id,asc,20,2026-03-10T10:47:39+00:00
4b1ac770-15f7-4937-863a-5b18aefea3db,2025071300712,2,0,21,2025-07-13 08:00,2025-07-13 09:00,72904,李辉,陕西省,西安市,长安区,长安区樊川公园,4b1ac770-15f7-4937-863a-5b18aefea3db,陕西,西安,,,2025-03-01,2026-03-01,2,serial_id,asc,20,2026-03-10T10:47:39+00:00
233c08e3-532a-41a9-b225-427739c20518,2025071301424,2,0,9,2025-07-12 07:20,2025-07-12 10:50,64371,李大顺,陕西省,西安市,长安区,樊川公园,233c08e3-532a-41a9-b225-427739c20518,陕西,西安,,,2025-03-01,2026-03-01,2,serial_id,asc,20,2026-03-10T10:47:39+00:00
c99cfc4f-35e1-498c-8fca-ae83db01a13a,2025071301617,2,0,14,2025-07-13 08:13,2025-07-13 11:53,74243,Cescly,陕西省,西安市,临潼区,骊山国家森林公园(临潼区环城东路3号),c99cfc4f-35e1-498c-8fca-ae83db01a13a,陕西,西安,,,2025-03-01,2026-03-01,2,serial_id,asc,20,2026-03-10T10:47:39+00:00
4189e1e6-1bfb-4ec1-b5f7-516598e31b83,2025071301659,2,0,3,2025-05-17 09:00,2025-05-17 10:00,15018,喵筱乐1211,陕西省,西安市,雁塔区,大唐不夜城,4189e1e6-1bfb-4ec1-b5f7-516598e31b83,陕西,西安,,,2025-03-01,2026-03-01,2,serial_id,asc,20,2026-03-10T10:47:39+00:00
212f3abe-1e70-4b39-bd65-21b718d2a803,2025071400258,2,0,25,2025-07-13 06:15,2025-07-13 10:00,12692,maixiangliulian,陕西省,西安市,鄠邑区,涝河,212f3abe-1e70-4b39-bd65-21b718d2a803,陕西,西安,,,2025-03-01,2026-03-01,2,serial_id,asc,20,2026-03-10T10:47:39+00:00
fc41cdde-4045-4eb0-b24e-d77a24a259b7,2025071400625,2,0,27,2025-05-25 10:00,2025-05-25 12:03,57000,一只豚豚,陕西省,西安市,长安区,樊川公园,fc41cdde-4045-4eb0-b24e-d77a24a259b7,陕西,西安,,,2025-03-01,2026-03-01,2,serial_id,asc,20,2026-03-10T10:47:39+00:00
4a70cd13-8751-43d2-8b69-eebc0cd700ee,2025071400636,2,0,27,2025-05-25 10:00,2025-05-25 12:03,55017,是竹米耶,陕西省,西安市,长安区,樊川公园,4a70cd13-8751-43d2-8b69-eebc0cd700ee,陕西,西安,,,2025-03-01,2026-03-01,2,serial_id,asc,20,2026-03-10T10:47:39+00:00
d813aa62-ff8b-4433-8ba3-fc13a34b0097,2025071400980,2,0,23,2025-07-14 19:00,2025-07-14 20:00,40927,兜兜飞,陕西省,西安市,周至县,秦岭国家植物园,d813aa62-ff8b-4433-8ba3-fc13a34b0097,陕西,西安,,,2025-03-01,2026-03-01,2,serial_id,asc,20,2026-03-10T10:47:39+00:00
61c1dbdf-1841-464d-afcc-7795da178422,2025071500047,2,0,18,2025-07-05 15:00,2025-07-05 18:35,54636,鹊影,陕西省,西安市,长安区,圭峰寺,61c1dbdf-1841-464d-afcc-7795da178422,陕西,西安,,,2025-03-01,2026-03-01,2,serial_id,asc,20,2026-03-10T10:47:39+00:00
6bf9891c-9cea-46a5-a038-9d080cf3df04,2025071500915,2,0,9,2025-07-15 18:00,2025-07-15 19:00,54872,licher,陕西省,西安市,雁塔区,西安植物园,6bf9891c-9cea-46a5-a038-9d080cf3df04,陕西,西安,,,2025-03-01,2026-03-01,2,serial_id,asc,20,2026-03-10T10:47:39+00:00
7c4ece42-81b0-48b5-b9a5-e43a32527370,2025071600031,2,0,15,2025-07-15 18:11,2025-07-15 20:08,74243,Cescly,陕西省,西安市,雁塔区,曲江池遗址公园,7c4ece42-81b0-48b5-b9a5-e43a32527370,陕西,西安,,,2025-03-01,2026-03-01,2,serial_id,asc,20,2026-03-10T10:47:39+00:00
5106d3e7-8b0b-447e-8b7c-46ed37c20d7f,2025071700248,2,0,23,2025-07-16 05:55,2025-07-16 08:33,74243,Cescly,陕西省,西安市,新城区,大明宫国家遗址公园,5106d3e7-8b0b-447e-8b7c-46ed37c20d7f,陕西,西安,,,2025-03-01,2026-03-01,2,serial_id,asc,20,2026-03-10T10:47:39+00:00
92eae849-e4a4-4c59-91fd-193ca1710451,2025071701065,2,0,15,2025-07-16 11:30,2025-07-16 13:30,73554,白鹡鸰早起去观鸟,陕西省,西安市,长安区,昆明池·七夕公园,92eae849-e4a4-4c59-91fd-193ca1710451,陕西,西安,,,2025-03-01,2026-03-01,2,serial_id,asc,20,2026-03-10T10:47:39+00:00
0f4ef84a-9a48-47d2-b6ba-6347fb8e393f,2025071800035,2,0,1,2025-07-17 22:00,2025-07-17 23:00,84044,Shanalotte,陕西省,西安市,碑林区,西安交通大学兴庆校区,0f4ef84a-9a48-47d2-b6ba-6347fb8e393f,陕西,西安,,,2025-03-01,2026-03-01,2,serial_id,asc,20,2026-03-10T10:47:39+00:00
e6f9d1d1-88d7-455d-9c02-856fb70cfe55,2025071800517,2,0,7,2025-07-16 07:18,2025-07-16 09:18,32582,董哥,陕西省,西安市,碑林区,西安城墙(西安市碑林区南大街),e6f9d1d1-88d7-455d-9c02-856fb70cfe55,陕西,西安,,,2025-03-01,2026-03-01,2,serial_id,asc,20,2026-03-10T10:47:39+00:00
60092010-bbb2-41eb-86e5-ac6105776778,2025071800653,2,0,17,2025-07-18 17:00,2025-07-18 18:00,37490,cqshuboerr,陕西省,西安市,长安区,长安公园,60092010-bbb2-41eb-86e5-ac6105776778,陕西,西安,,,2025-03-01,2026-03-01,2,serial_id,asc,20,2026-03-10T10:47:39+00:00
7d45aa59-f7f6-4948-bf8e-4552ca0d69d2,2025071900160,2,0,17,2025-07-12 18:00,2025-07-12 20:00,73973,fly,陕西省,西安市,长安区,长安区樊川公园,7d45aa59-f7f6-4948-bf8e-4552ca0d69d2,陕西,西安,,,2025-03-01,2026-03-01,2,serial_id,asc,20,2026-03-10T10:47:39+00:00
ffc6a251-a619-4fdb-bb41-e0c24f6b77ed,2025071900287,2,0,12,2025-07-19 08:30,2025-07-19 10:35,73973,fly,陕西省,西安市,雁塔区,西安交通大学(雁塔校区),ffc6a251-a619-4fdb-bb41-e0c24f6b77ed,陕西,西安,,,2025-03-01,2026-03-01,2,serial_id,asc,20,2026-03-10T10:47:39+00:00
e971dbf1-4c07-4358-8e01-74d67f6f3ad8,2025071900591,2,0,1,2025-06-01 19:00,2025-06-01 20:00,81608,Watson,陕西省,西安市,碑林区,兴庆宫公园,e971dbf1-4c07-4358-8e01-74d67f6f3ad8,陕西,西安,,,2025-03-01,2026-03-01,2,serial_id,asc,20,2026-03-10T10:47:39+00:00
d6ee6dc9-211c-4d0d-9e69-c0ece3107544,2025071900656,2,0,9,2025-06-02 07:30,2025-06-02 08:30,81608,Watson,陕西省,西安市,碑林区,兴庆宫公园,d6ee6dc9-211c-4d0d-9e69-c0ece3107544,陕西,西安,,,2025-03-01,2026-03-01,2,serial_id,asc,20,2026-03-10T10:47:39+00:00
16fc4753-ceef-4398-b341-1f5217aebd2e,2025071900716,2,0,7,2025-06-15 07:30,2025-06-15 09:30,81608,Watson,陕西省,西安市,长安区,樊川公园,16fc4753-ceef-4398-b341-1f5217aebd2e,陕西,西安,,,2025-03-01,2026-03-01,2,serial_id,asc,20,2026-03-10T10:47:39+00:00
5145af99-6e76-4841-bf4e-3c0996d1fc6a,2025071900739,2,0,10,2025-06-28 09:30,2025-06-28 11:30,81608,Watson,陕西省,西安市,长安区,樊川公园,5145af99-6e76-4841-bf4e-3c0996d1fc6a,陕西,西安,,,2025-03-01,2026-03-01,2,serial_id,asc,20,2026-03-10T10:47:39+00:00
3bea659f-81f1-4ad6-b69e-ba365cc7c5ac,2025071901125,2,0,8,2025-07-14 20:00,2025-07-14 21:00,72116,擦亮星星,陕西省,西安市,长安区,西安欧亚学院,3bea659f-81f1-4ad6-b69e-ba365cc7c5ac,陕西,西安,,,2025-03-01,2026-03-01,2,serial_id,asc,20,2026-03-10T10:47:39+00:00
ea0faaee-3e6a-4cbe-aad4-f4c0c48bb5f6,2025071901311,2,0,4,2025-07-19 18:00,2025-07-19 19:00,37490,cqshuboerr,陕西省,西安市,碑林区,西安城墙(南门),ea0faaee-3e6a-4cbe-aad4-f4c0c48bb5f6,陕西,西安,,,2025-03-01,2026-03-01,2,serial_id,asc,20,2026-03-10T10:47:39+00:00
3a44fb7a-e77c-4a9d-a09f-3eef6e28f951,2025072000050,2,0,16,2025-07-20 07:00,2025-07-20 08:00,45951,回声,陕西省,西安市,长安区,长安区低调哥垂钓园南,3a44fb7a-e77c-4a9d-a09f-3eef6e28f951,陕西,西安,,,2025-03-01,2026-03-01,2,serial_id,asc,20,2026-03-10T10:47:39+00:00
0bc7a9fc-9bc4-4049-b804-e9e425c77206,2025072000202,2,0,18,2025-07-20 10:00,2025-07-20 11:00,64308,米兔兔,陕西省,西安市,未央区,浐灞国家湿地公园,0bc7a9fc-9bc4-4049-b804-e9e425c77206,陕西,西安,,,2025-03-01,2026-03-01,2,serial_id,asc,20,2026-03-10T10:47:39+00:00
1c94b624-b439-4f74-8d05-4b14c3fb2acc,2025072000238,2,0,6,2025-07-18 14:00,2025-07-18 15:00,64143,带好人,陕西省,西安市,鄠邑区,涝渭湿地公园,1c94b624-b439-4f74-8d05-4b14c3fb2acc,陕西,西安,,,2025-03-01,2026-03-01,2,serial_id,asc,20,2026-03-10T10:47:39+00:00
fb22841d-d34d-478f-bc2b-b1f7f81e0550,2025072000719,2,0,7,2025-07-20 15:00,2025-07-20 16:00,87385,birdsguo,陕西省,西安市,未央区,汉城湖遗址公园,fb22841d-d34d-478f-bc2b-b1f7f81e0550,陕西,西安,,,2025-03-01,2026-03-01,2,serial_id,asc,20,2026-03-10T10:47:39+00:00
9b2ceecd-54f6-4a84-bf0b-6bc4ca0e21b9,2025072100099,2,0,27,2025-07-21 06:30,2025-07-21 08:17,88017,mushdog,陕西省,西安市,长安区,沣河梁家滩运动公园,9b2ceecd-54f6-4a84-bf0b-6bc4ca0e21b9,陕西,西安,,,2025-03-01,2026-03-01,2,serial_id,asc,20,2026-03-10T10:47:39+00:00
1179a438-fc91-4e21-bed5-9e9d3c495510,2025072100520,2,0,21,2025-07-21 10:00,2025-07-21 12:08,78007,汛子,陕西省,西安市,长安区,洨河湿地公园,1179a438-fc91-4e21-bed5-9e9d3c495510,陕西,西安,,,2025-03-01,2026-03-01,2,serial_id,asc,20,2026-03-10T10:47:39+00:00
21a2be2b-a7e2-433a-ad20-2b733d51960c,2025072100969,2,0,7,2025-07-21 19:00,2025-07-21 19:00,81861,Frontier,陕西省,西安市,雁塔区,曲江池遗址公园,21a2be2b-a7e2-433a-ad20-2b733d51960c,陕西,西安,,,2025-03-01,2026-03-01,2,serial_id,asc,20,2026-03-10T10:47:39+00:00
760f66a7-6f56-40e9-85f2-76900f806032,2025072200311,2,0,26,2025-07-22 11:00,2025-07-22 12:00,81148,qwer,陕西省,西安市,灞桥区,西安浐灞桃花潭公园,760f66a7-6f56-40e9-85f2-76900f806032,陕西,西安,,,2025-03-01,2026-03-01,2,serial_id,asc,20,2026-03-10T10:47:39+00:00
92640512-fec1-4070-b175-4d2254411ec7,2025072200312,2,0,12,2025-07-22 08:30,2025-07-22 10:30,81861,Frontier,陕西省,西安市,新城区,大明宫国家遗址公园,92640512-fec1-4070-b175-4d2254411ec7,陕西,西安,,,2025-03-01,2026-03-01,2,serial_id,asc,20,2026-03-10T10:47:39+00:00
5b7ad559-c363-4fe9-86d6-0148787eb1bc,2025072200849,2,0,15,2025-07-22 17:00,2025-07-22 18:00,31406,中南林野保芸遐,陕西省,西安市,碑林区,兴庆宫公园,5b7ad559-c363-4fe9-86d6-0148787eb1bc,陕西,西安,,,2025-03-01,2026-03-01,2,serial_id,asc,20,2026-03-10T10:47:39+00:00
790dfe49-6d1c-4dc6-b3a6-453377391c12,2025072200946,2,0,35,2025-07-20 15:30,2025-07-20 19:30,30320,户外农夫,陕西省,西安市,阎良区,西安市阎良石川河,790dfe49-6d1c-4dc6-b3a6-453377391c12,陕西,西安,,,2025-03-01,2026-03-01,2,serial_id,asc,20,2026-03-10T10:47:39+00:00
c1733d39-a5d5-4b7c-a4c9-c9f466e0ce19,2025072300859,2,0,14,2025-07-22 08:30,2025-07-22 11:30,78662,绿翅旋壁雀,陕西省,西安市,灞桥区,西安世博园,c1733d39-a5d5-4b7c-a4c9-c9f466e0ce19,陕西,西安,,,2025-03-01,2026-03-01,2,serial_id,asc,20,2026-03-10T10:47:39+00:00
9bf58714-87f5-4ded-9d11-8abc54dd5111,2025072500031,2,0,1,2025-07-18 10:03,2025-07-18 10:13,91160,Lukpink,陕西省,西安市,未央区,西安市天若科目二考场,9bf58714-87f5-4ded-9d11-8abc54dd5111,陕西,西安,,,2025-03-01,2026-03-01,2,serial_id,asc,20,2026-03-10T10:47:39+00:00
20364fdd-6934-4979-b5fb-f63be6285ae9,2025072500100,2,0,3,2025-07-25 08:00,2025-07-25 09:00,81546,果制酒饮品,陕西省,西安市,灞桥区,灞河1号坝,20364fdd-6934-4979-b5fb-f63be6285ae9,陕西,西安,,,2025-03-01,2026-03-01,2,serial_id,asc,20,2026-03-10T10:47:39+00:00
5e66dbbe-1e8a-4e36-8ebb-a4e83a13dd52,2025072600699,2,0,9,2025-07-26 15:00,2025-07-26 16:00,69487,birdistheword,陕西省,西安市,长安区,樊川公园,5e66dbbe-1e8a-4e36-8ebb-a4e83a13dd52,陕西,西安,,,2025-03-01,2026-03-01,2,serial_id,asc,20,2026-03-10T10:47:39+00:00
1c2c2056-3983-4bca-b46f-66296a503a98,2025072600923,2,0,12,2025-07-20 14:00,2025-07-20 15:00,73973,fly,陕西省,西安市,雁塔区,西安交通大学(雁塔校区),1c2c2056-3983-4bca-b46f-66296a503a98,陕西,西安,,,2025-03-01,2026-03-01,2,serial_id,asc,20,2026-03-10T10:47:39+00:00
86930e8d-cb93-4969-ab03-082ea6d177f9,2025072700417,2,0,30,2025-07-27 08:46,2025-07-27 09:48,8668,梦翔五月天,陕西省,西安市,长安区,长安区孟盼渔场,86930e8d-cb93-4969-ab03-082ea6d177f9,陕西,西安,,,2025-03-01,2026-03-01,2,serial_id,asc,20,2026-03-10T10:47:39+00:00
6aed78a5-79d9-4017-bc45-dceb61e4e80e,2025072700840,2,0,13,2025-07-26 17:00,2025-07-26 19:00,73973,fly,陕西省,西安市,长安区,长安区大兆街道友联村,6aed78a5-79d9-4017-bc45-dceb61e4e80e,陕西,西安,,,2025-03-01,2026-03-01,2,serial_id,asc,20,2026-03-10T10:47:39+00:00
e2368a52-0422-4741-be00-cb3235380d68,2025072800063,2,0,1,2025-07-28 07:00,2025-07-28 08:00,91160,Lukpink,陕西省,西安市,新城区,西安钟楼,e2368a52-0422-4741-be00-cb3235380d68,陕西,西安,,,2025-03-01,2026-03-01,2,serial_id,asc,20,2026-03-10T10:47:39+00:00
5317346a-fbfa-4b69-b8d6-496e43309d29,2025072800127,2,0,4,2025-07-28 08:00,2025-07-28 09:00,56437,LaniusSchach,陕西省,西安市,周至县,秦岭国家植物园,5317346a-fbfa-4b69-b8d6-496e43309d29,陕西,西安,,,2025-03-01,2026-03-01,2,serial_id,asc,20,2026-03-10T10:47:39+00:00
9b0f0be0-7e3c-4e31-b880-aeb3d25d5f1f,2025072800163,2,0,1,2025-07-28 09:00,2025-07-28 10:00,91160,Lukpink,陕西省,西安市,未央区,未央区西安市天若科目二考场(草滩九路南段西),9b0f0be0-7e3c-4e31-b880-aeb3d25d5f1f,陕西,西安,,,2025-03-01,2026-03-01,2,serial_id,asc,20,2026-03-10T10:47:39+00:00
288f186f-3def-4028-b3db-db2cc91e8140,2025072800598,2,0,10,2025-03-18 07:11,2025-03-18 11:30,80852,LYG,陕西省,西安市,长安区,樊川公园,288f186f-3def-4028-b3db-db2cc91e8140,陕西,西安,,,2025-03-01,2026-03-01,2,serial_id,asc,20,2026-03-10T10:47:39+00:00
8df8c679-dc71-41f5-a9d1-db453a2b65ee,2025072800632,2,0,9,2025-03-20 06:45,2025-03-20 11:00,80852,LYG,陕西省,西安市,长安区,樊川公园,8df8c679-dc71-41f5-a9d1-db453a2b65ee,陕西,西安,,,2025-03-01,2026-03-01,2,serial_id,asc,21,2026-03-10T10:47:41+00:00
7a82a86f-eecb-4adf-9fc6-9a121a8cdd06,2025072800974,2,0,11,2025-04-03 16:34,2025-04-03 19:18,80852,LYG,陕西省,西安市,长安区,樊川公园,7a82a86f-eecb-4adf-9fc6-9a121a8cdd06,陕西,西安,,,2025-03-01,2026-03-01,2,serial_id,asc,21,2026-03-10T10:47:41+00:00
be0a7bc6-8043-4eb6-9765-b2bb276a5d51,2025072900927,2,0,5,2025-05-05 14:00,2025-05-05 14:50,74305,oo1201,陕西省,西安市,鄠邑区,涝渭湿地公园,be0a7bc6-8043-4eb6-9765-b2bb276a5d51,陕西,西安,,,2025-03-01,2026-03-01,2,serial_id,asc,21,2026-03-10T10:47:41+00:00
add09ccc-efa5-4b94-9c44-6f1bf842a639,2025073000170,2,0,4,2025-05-30 09:30,2025-05-30 17:00,78159,sxirius,陕西省,西安市,长安区,沣河公园,add09ccc-efa5-4b94-9c44-6f1bf842a639,陕西,西安,,,2025-03-01,2026-03-01,2,serial_id,asc,21,2026-03-10T10:47:41+00:00
4100e8f4-6780-441f-9fe3-3cb69f0179f0,2025073000526,2,0,13,2025-04-15 15:03,2025-04-15 18:11,80852,LYG,陕西省,西安市,雁塔区,西安新植物园,4100e8f4-6780-441f-9fe3-3cb69f0179f0,陕西,西安,,,2025-03-01,2026-03-01,2,serial_id,asc,21,2026-03-10T10:47:41+00:00
e8a252e0-9fbc-4657-a58a-7c37fdc5a2e3,2025073000552,2,0,5,2025-06-07 09:00,2025-06-07 17:30,78159,sxirius,陕西省,西安市,灞桥区,灞桥湿地生态公园,e8a252e0-9fbc-4657-a58a-7c37fdc5a2e3,陕西,西安,,,2025-03-01,2026-03-01,2,serial_id,asc,21,2026-03-10T10:47:41+00:00
3bd9bb20-fcee-46a2-a30a-e0caff5848de,2025073000563,2,0,3,2025-03-21 09:00,2025-03-21 18:00,78159,sxirius,陕西省,西安市,灞桥区,西安浐灞桃花潭公园,3bd9bb20-fcee-46a2-a30a-e0caff5848de,陕西,西安,,,2025-03-01,2026-03-01,2,serial_id,asc,21,2026-03-10T10:47:41+00:00
62c1de3c-e464-4fc5-902e-42876d7b0357,2025073000572,2,0,6,2025-03-22 09:00,2025-03-22 18:00,78159,sxirius,陕西省,西安市,长安区,长安区翠华山国家地质公园,62c1de3c-e464-4fc5-902e-42876d7b0357,陕西,西安,,,2025-03-01,2026-03-01,2,serial_id,asc,21,2026-03-10T10:47:41+00:00
b497bceb-5280-46d3-be39-669e8efcb8be,2025073000595,2,0,5,2025-03-16 09:00,2025-03-16 18:00,78159,sxirius,陕西省,西安市,长安区,长安区樊川公园,b497bceb-5280-46d3-be39-669e8efcb8be,陕西,西安,,,2025-03-01,2026-03-01,2,serial_id,asc,21,2026-03-10T10:47:41+00:00
3a86571f-7fdd-43c2-8c03-9f5fb2f9f4df,2025073000600,2,0,3,2025-04-03 09:00,2025-04-03 18:00,78159,sxirius,陕西省,西安市,长安区,长安区樊川公园,3a86571f-7fdd-43c2-8c03-9f5fb2f9f4df,陕西,西安,,,2025-03-01,2026-03-01,2,serial_id,asc,21,2026-03-10T10:47:41+00:00
74fecfd3-a162-4d84-9fd5-ee61e27ac4b0,2025073000604,2,0,2,2025-04-26 14:00,2025-04-26 17:00,78159,sxirius,陕西省,西安市,长安区,长安区樊川公园,74fecfd3-a162-4d84-9fd5-ee61e27ac4b0,陕西,西安,,,2025-03-01,2026-03-01,2,serial_id,asc,21,2026-03-10T10:47:41+00:00
e52ed3b1-1e9b-45ad-9ff4-72883af2c446,2025073000609,2,0,7,2025-04-29 09:00,2025-04-29 18:30,78159,sxirius,陕西省,西安市,长安区,长安区樊川公园,e52ed3b1-1e9b-45ad-9ff4-72883af2c446,陕西,西安,,,2025-03-01,2026-03-01,2,serial_id,asc,21,2026-03-10T10:47:41+00:00
74a5118c-11e8-457f-8217-bfcd5cf0fb87,2025073000617,2,0,2,2025-05-04 13:30,2025-05-04 18:00,78159,sxirius,陕西省,西安市,长安区,长安区樊川公园,74a5118c-11e8-457f-8217-bfcd5cf0fb87,陕西,西安,,,2025-03-01,2026-03-01,2,serial_id,asc,21,2026-03-10T10:47:41+00:00
f6967459-6c28-4339-947e-362ae0df4580,2025073100292,2,0,17,2025-04-20 08:22,2025-04-20 11:07,80852,LYG,陕西省,西安市,未央区,渭河天玑湖,f6967459-6c28-4339-947e-362ae0df4580,陕西,西安,,,2025-03-01,2026-03-01,2,serial_id,asc,21,2026-03-10T10:47:41+00:00
47abb5db-aae0-47d0-97bc-eefc3bbd37af,2025073100365,2,0,7,2025-04-20 14:23,2025-04-20 15:18,80852,LYG,陕西省,西安市,未央区,浐灞国家湿地公园,47abb5db-aae0-47d0-97bc-eefc3bbd37af,陕西,西安,,,2025-03-01,2026-03-01,2,serial_id,asc,21,2026-03-10T10:47:41+00:00
751d3eef-70b0-491b-b6e9-4a460825e2b9,2025073100384,2,0,3,2025-07-31 11:10,2025-07-31 12:10,84801,叶子123,陕西省,西安市,蓝田县,葛牌古镇,751d3eef-70b0-491b-b6e9-4a460825e2b9,陕西,西安,,,2025-03-01,2026-03-01,2,serial_id,asc,21,2026-03-10T10:47:41+00:00
f0c174ec-471e-4731-a2a8-d3e46e5fa6ee,2025073100396,2,0,10,2025-04-22 16:27,2025-04-22 17:49,80852,LYG,陕西省,西安市,莲湖区,丰庆公园,f0c174ec-471e-4731-a2a8-d3e46e5fa6ee,陕西,西安,,,2025-03-01,2026-03-01,2,serial_id,asc,21,2026-03-10T10:47:41+00:00
9a88cb73-81be-4afb-854e-e6ddbec6a926,2025073100451,2,0,11,2025-04-24 07:58,2025-04-24 10:36,80852,LYG,陕西省,西安市,长安区,樊川公园,9a88cb73-81be-4afb-854e-e6ddbec6a926,陕西,西安,,,2025-03-01,2026-03-01,2,serial_id,asc,21,2026-03-10T10:47:41+00:00
0f619972-b880-4762-afef-591461389fa1,2025073100469,2,0,1,2025-07-31 14:00,2025-07-31 15:00,86307,李封真,陕西省,西安市,长安区,西安交通大学南区学生公寓(畅园),0f619972-b880-4762-afef-591461389fa1,陕西,西安,,,2025-03-01,2026-03-01,2,serial_id,asc,21,2026-03-10T10:47:41+00:00
a2ffc81c-afa4-4820-b594-b41783205440,2025073100911,2,0,22,2025-07-31 15:30,2025-07-31 19:10,52453,中南林野保雪豹,陕西省,西安市,周至县,杨凌渭河湿地生态公园,a2ffc81c-afa4-4820-b594-b41783205440,陕西,西安,,,2025-03-01,2026-03-01,2,serial_id,asc,21,2026-03-10T10:47:41+00:00
18ac21a4-a060-40af-a2b3-9f23cc815d8b,2025080100030,2,0,4,2025-08-01 06:00,2025-08-01 07:00,54689,WhentheLEVEEbreaks,陕西省,西安市,莲湖区,莲湖区月亮桥北100米(南马道巷西),18ac21a4-a060-40af-a2b3-9f23cc815d8b,陕西,西安,,,2025-03-01,2026-03-01,2,serial_id,asc,21,2026-03-10T10:47:41+00:00
4f942119-c430-4e25-a049-7b66d79d59e2,2025080100524,2,0,10,2025-07-08 14:36,2025-07-08 18:39,72513,逸风,陕西省,西安市,长安区,樊川公园,4f942119-c430-4e25-a049-7b66d79d59e2,陕西,西安,,,2025-03-01,2026-03-01,2,serial_id,asc,21,2026-03-10T10:47:41+00:00
66777cbf-3b98-4196-a605-e5b25d2951c2,2025080100536,2,0,14,2025-08-01 10:58,2025-08-01 16:58,49071,半岛不响,陕西省,西安市,碑林区,西安博物院,66777cbf-3b98-4196-a605-e5b25d2951c2,陕西,西安,,,2025-03-01,2026-03-01,2,serial_id,asc,21,2026-03-10T10:47:41+00:00
c70439b9-40cd-4f04-8b4f-51fefd52dca1,2025080100537,2,0,12,2025-08-01 10:58,2025-08-01 16:58,77391,fweafeaf,陕西省,西安市,碑林区,西安博物院,c70439b9-40cd-4f04-8b4f-51fefd52dca1,陕西,西安,,,2025-03-01,2026-03-01,2,serial_id,asc,21,2026-03-10T10:47:41+00:00
24e22785-4941-43e7-b6b7-f5ac53f3babf,2025080100555,2,0,8,2025-05-18 12:21,2025-05-18 13:30,80852,LYG,陕西省,西安市,碑林区,兴庆宫公园,24e22785-4941-43e7-b6b7-f5ac53f3babf,陕西,西安,,,2025-03-01,2026-03-01,2,serial_id,asc,21,2026-03-10T10:47:41+00:00
0b55f47e-c68c-42d9-8e82-d5f007bfbdd2,2025080300033,2,0,16,2025-08-03 06:00,2025-08-03 07:00,80641,XULIYUE,陕西省,西安市,长安区,祥峪沟村,0b55f47e-c68c-42d9-8e82-d5f007bfbdd2,陕西,西安,,,2025-03-01,2026-03-01,2,serial_id,asc,21,2026-03-10T10:47:41+00:00
7e7db84e-338f-4690-bceb-60eea6650d60,2025080300044,2,0,16,2025-08-03 05:00,2025-08-03 06:00,81736,麻一琳,陕西省,西安市,长安区,祥峪森林公园,7e7db84e-338f-4690-bceb-60eea6650d60,陕西,西安,,,2025-03-01,2026-03-01,2,serial_id,asc,21,2026-03-10T10:47:41+00:00
5b836d5d-c4b7-4154-99af-a55286f945b2,2025080300160,2,0,1,2025-08-03 09:00,2025-08-03 10:00,53438,mamimi8811,陕西省,西安市,灞桥区,西安灞河欧亚大道附近,5b836d5d-c4b7-4154-99af-a55286f945b2,陕西,西安,,,2025-03-01,2026-03-01,2,serial_id,asc,21,2026-03-10T10:47:41+00:00
28eff40f-4a50-4373-babb-fefe3aa43c93,2025080300465,2,0,22,2025-08-01 17:30,2025-08-01 19:30,71440,meowto,陕西省,西安市,灞桥区,西安浐灞桃花潭公园,28eff40f-4a50-4373-babb-fefe3aa43c93,陕西,西安,,,2025-03-01,2026-03-01,2,serial_id,asc,21,2026-03-10T10:47:41+00:00
ace2b449-c29b-479c-b367-4d817e416064,2025080300763,2,0,8,2025-07-10 13:00,2025-07-10 16:00,89159,兰大绿队冰神瞳,陕西省,西安市,长安区,樊川公园,ace2b449-c29b-479c-b367-4d817e416064,陕西,西安,,,2025-03-01,2026-03-01,2,serial_id,asc,21,2026-03-10T10:47:41+00:00
4c12c4d5-f821-46f9-912e-817db0992b20,2025080300840,2,0,15,2025-08-02 16:15,2025-08-03 20:00,64371,李大顺,陕西省,西安市,未央区,浐灞国家湿地公园,4c12c4d5-f821-46f9-912e-817db0992b20,陕西,西安,,,2025-03-01,2026-03-01,2,serial_id,asc,21,2026-03-10T10:47:41+00:00
08109263-fb26-4aec-abf6-aaa0a2a8c131,2025080300843,2,0,10,2025-08-02 08:15,2025-08-02 11:30,64371,李大顺,陕西省,西安市,长安区,长安区大兆街道友联村,08109263-fb26-4aec-abf6-aaa0a2a8c131,陕西,西安,,,2025-03-01,2026-03-01,2,serial_id,asc,21,2026-03-10T10:47:41+00:00
18158494-bbab-4bdb-8df7-f07205665033,2025080400685,2,0,5,2025-08-04 19:00,2025-08-04 20:00,85816,Moring,陕西省,西安市,长安区,长安区大兆街道友联村,18158494-bbab-4bdb-8df7-f07205665033,陕西,西安,,,2025-03-01,2026-03-01,2,serial_id,asc,21,2026-03-10T10:47:41+00:00
b7c948b0-a05c-429e-b56a-226461240cc1,2025080400768,2,0,1,2025-08-03 18:42,2025-08-03 18:42,68874,零摄氏度可乐Sam,陕西省,西安市,灞桥区,灞桥区西安国际港务区港湾假日酒店(秦汉大道南),b7c948b0-a05c-429e-b56a-226461240cc1,陕西,西安,,,2025-03-01,2026-03-01,2,serial_id,asc,21,2026-03-10T10:47:41+00:00
5f7ea4ac-ae5f-4315-b376-4310331551f5,2025080400837,2,0,18,2025-08-04 08:00,2025-08-04 10:30,59451,小趴菜,陕西省,西安市,未央区,浐灞国家湿地公园,5f7ea4ac-ae5f-4315-b376-4310331551f5,陕西,西安,,,2025-03-01,2026-03-01,2,serial_id,asc,21,2026-03-10T10:47:41+00:00
c00aa7cc-205b-41b5-91de-22bbf78723f3,2025080400873,2,0,13,2025-07-30 18:00,2025-07-30 19:00,28174,hfoxmail,陕西省,西安市,灞桥区,西安世博园,c00aa7cc-205b-41b5-91de-22bbf78723f3,陕西,西安,,,2025-03-01,2026-03-01,2,serial_id,asc,21,2026-03-10T10:47:41+00:00
46090446-dcc3-4b07-a346-238dbc159652,2025080400875,2,0,4,2025-08-03 11:00,2025-08-03 12:00,28174,hfoxmail,陕西省,西安市,雁塔区,大唐芙蓉园,46090446-dcc3-4b07-a346-238dbc159652,陕西,西安,,,2025-03-01,2026-03-01,2,serial_id,asc,21,2026-03-10T10:47:41+00:00
46a6da16-7b4d-473f-865a-9d8164da4723,2025080500134,2,0,9,2025-04-30 09:00,2025-04-30 16:30,78159,sxirius,陕西省,西安市,灞桥区,灞渭生态滩区,46a6da16-7b4d-473f-865a-9d8164da4723,陕西,西安,,,2025-03-01,2026-03-01,2,serial_id,asc,21,2026-03-10T10:47:41+00:00
1c0d4b75-a19c-4413-ace3-fd4ebda617b2,2025080500136,2,0,4,2025-04-13 09:30,2025-04-13 16:00,78159,sxirius,陕西省,西安市,鄠邑区,涝渭湿地公园,1c0d4b75-a19c-4413-ace3-fd4ebda617b2,陕西,西安,,,2025-03-01,2026-03-01,2,serial_id,asc,21,2026-03-10T10:47:41+00:00
84232d55-e898-4c72-9b9d-86516ce5b895,2025080500139,2,0,5,2025-04-18 09:00,2025-04-18 18:00,78159,sxirius,陕西省,西安市,高陵区,泾渭半岛,84232d55-e898-4c72-9b9d-86516ce5b895,陕西,西安,,,2025-03-01,2026-03-01,2,serial_id,asc,21,2026-03-10T10:47:41+00:00
261fc354-edde-46cb-88df-7a7e7f9bf6cb,2025080500141,2,0,15,2025-05-25 08:30,2025-05-25 19:30,78159,sxirius,陕西省,西安市,长安区,圭峰寺(山水楼客栈南1公里高冠峪景区内),261fc354-edde-46cb-88df-7a7e7f9bf6cb,陕西,西安,,,2025-03-01,2026-03-01,2,serial_id,asc,21,2026-03-10T10:47:41+00:00
9f710e76-4cce-492d-ad76-d76c52af4840,2025080500189,2,0,13,2025-07-30 18:00,2025-07-30 19:00,54153,松子as,陕西省,西安市,灞桥区,西安世博园,9f710e76-4cce-492d-ad76-d76c52af4840,陕西,西安,,,2025-03-01,2026-03-01,2,serial_id,asc,21,2026-03-10T10:47:41+00:00
ca523fef-6834-4f28-9bf7-9641acf7135e,2025080500282,2,0,5,2025-08-05 12:00,2025-08-05 13:00,36830,虫子小叮当,陕西省,西安市,临潼区,秦始皇兵马俑博物馆,ca523fef-6834-4f28-9bf7-9641acf7135e,陕西,西安,,,2025-03-01,2026-03-01,2,serial_id,asc,21,2026-03-10T10:47:41+00:00
1148f331-a0d6-424d-aa75-8a1f3cda87ea,2025080500472,2,0,13,2025-08-05 15:00,2025-08-05 16:00,28174,hfoxmail,陕西省,西安市,灞桥区,灞桥生态湿地公园,1148f331-a0d6-424d-aa75-8a1f3cda87ea,陕西,西安,,,2025-03-01,2026-03-01,2,serial_id,asc,21,2026-03-10T10:47:41+00:00
9daa03ed-7314-4247-864e-55c41cceb783,2025080500526,2,0,6,2025-05-23 13:30,2025-05-23 18:30,78159,sxirius,陕西省,西安市,长安区,长安区樊川公园,9daa03ed-7314-4247-864e-55c41cceb783,陕西,西安,,,2025-03-01,2026-03-01,2,serial_id,asc,21,2026-03-10T10:47:41+00:00
79243a8c-c351-4cb9-99a2-8df0b0730750,2025080500532,2,0,3,2025-05-31 13:30,2025-05-31 18:30,78159,sxirius,陕西省,西安市,长安区,长安区樊川公园,79243a8c-c351-4cb9-99a2-8df0b0730750,陕西,西安,,,2025-03-01,2026-03-01,2,serial_id,asc,21,2026-03-10T10:47:41+00:00
e3f61a7b-8571-4d94-b0c7-8146bdcb1a5d,2025080500543,2,0,13,2025-04-19 09:00,2025-04-19 18:00,78159,sxirius,陕西省,西安市,灞桥区,西安社会化驾校科目三考场浐河附近,e3f61a7b-8571-4d94-b0c7-8146bdcb1a5d,陕西,西安,,,2025-03-01,2026-03-01,2,serial_id,asc,21,2026-03-10T10:47:41+00:00
cc5913c6-ca02-4c31-a6b5-1c738306dec2,2025080600096,2,0,13,2025-08-06 08:00,2025-08-06 09:00,45951,回声,陕西省,西安市,雁塔区,西安植物园,cc5913c6-ca02-4c31-a6b5-1c738306dec2,陕西,西安,,,2025-03-01,2026-03-01,2,serial_id,asc,21,2026-03-10T10:47:41+00:00
ef697f29-8f1b-4b20-b0d3-7a2640bf84fc,2025080600105,2,0,7,2025-08-06 06:04,2025-08-06 09:03,8487,稻草大魔王,陕西省,西安市,灞桥区,灞河西岸滨河公园(灞柳西路4号附近),ef697f29-8f1b-4b20-b0d3-7a2640bf84fc,陕西,西安,,,2025-03-01,2026-03-01,2,serial_id,asc,21,2026-03-10T10:47:41+00:00
186faf6b-33e6-4fff-af6d-1b4d17925c51,2025080600208,2,0,9,2025-08-05 10:39,2025-08-05 14:39,32295,烟雨蒙蒙,陕西省,西安市,临潼区,华清池,186faf6b-33e6-4fff-af6d-1b4d17925c51,陕西,西安,,,2025-03-01,2026-03-01,2,serial_id,asc,21,2026-03-10T10:47:41+00:00
3d6cc852-a8ac-40f6-8c4b-73199fbd6b04,2025080600415,2,0,18,2025-08-06 08:00,2025-08-06 09:00,65767,半枫荷,陕西省,西安市,雁塔区,西安新植物园,3d6cc852-a8ac-40f6-8c4b-73199fbd6b04,陕西,西安,,,2025-03-01,2026-03-01,2,serial_id,asc,22,2026-03-10T10:47:43+00:00
2681c78e-a6fa-41ff-b3c7-63281435db88,2025080600458,2,0,10,2025-08-06 13:00,2025-08-06 14:00,90560,Sogn089,陕西省,西安市,蓝田县,好酒好友农家乐,2681c78e-a6fa-41ff-b3c7-63281435db88,陕西,西安,,,2025-03-01,2026-03-01,2,serial_id,asc,22,2026-03-10T10:47:43+00:00
9d326e84-0c0a-4218-8dfa-9064369dc3de,2025080700066,2,0,2,2025-08-07 07:00,2025-08-07 08:00,75022,7zz,陕西省,西安市,灞桥区,灞桥区中亚公园(会展一路南100米),9d326e84-0c0a-4218-8dfa-9064369dc3de,陕西,西安,,,2025-03-01,2026-03-01,2,serial_id,asc,22,2026-03-10T10:47:43+00:00
2322e479-b34f-4efd-93fc-50b2e238ab76,2025080700816,2,0,1,2025-08-07 12:30,2025-08-07 13:10,63026,gallups,陕西省,西安市,碑林区,西安环城公园,2322e479-b34f-4efd-93fc-50b2e238ab76,陕西,西安,,,2025-03-01,2026-03-01,2,serial_id,asc,22,2026-03-10T10:47:43+00:00
8e0cf04d-6de2-405e-be4b-f99e6e1d7874,2025080700866,2,0,1,2025-08-07 21:00,2025-08-07 22:00,91160,Lukpink,陕西省,西安市,碑林区,西安城墙永宁门,8e0cf04d-6de2-405e-be4b-f99e6e1d7874,陕西,西安,,,2025-03-01,2026-03-01,2,serial_id,asc,22,2026-03-10T10:47:43+00:00
73a71364-5d4e-4f03-8203-ba95f64d21b9,2025080800007,2,0,14,2025-08-07 17:25,2025-08-07 19:40,54636,鹊影,陕西省,西安市,长安区,樊川公园,73a71364-5d4e-4f03-8203-ba95f64d21b9,陕西,西安,,,2025-03-01,2026-03-01,2,serial_id,asc,22,2026-03-10T10:47:43+00:00
4eda9cef-0b89-4f14-9bf3-26a8a690b31d,2025080800375,2,0,11,2025-08-08 12:00,2025-08-08 13:00,81148,qwer,陕西省,西安市,阎良区,西安市阎良清河,4eda9cef-0b89-4f14-9bf3-26a8a690b31d,陕西,西安,,,2025-03-01,2026-03-01,2,serial_id,asc,22,2026-03-10T10:47:43+00:00
bdad39c7-7961-4f45-bd8b-0b7f1a173f83,2025080900184,2,0,1,2025-08-09 09:00,2025-08-09 10:00,69171,中南林野保蓝喉蜂虎,陕西省,西安市,未央区,西安北站,bdad39c7-7961-4f45-bd8b-0b7f1a173f83,陕西,西安,,,2025-03-01,2026-03-01,2,serial_id,asc,22,2026-03-10T10:47:43+00:00
5c1fffbc-aa57-484e-9d5b-afd47e87d5ea,2025080900450,2,0,2,2025-08-09 12:00,2025-08-09 13:00,68874,零摄氏度可乐Sam,陕西省,西安市,灞桥区,灞桥区西安港进口红酒交易基地(秦汉大道北),5c1fffbc-aa57-484e-9d5b-afd47e87d5ea,陕西,西安,,,2025-03-01,2026-03-01,2,serial_id,asc,22,2026-03-10T10:47:43+00:00
ceff3828-04f7-467c-b8cd-c094721274e9,2025081000564,2,0,11,2025-08-10 09:00,2025-08-10 10:00,36652,loveDHR,陕西省,西安市,临潼区,华清宫烽火台(环城东路3号华清宫内),ceff3828-04f7-467c-b8cd-c094721274e9,陕西,西安,,,2025-03-01,2026-03-01,2,serial_id,asc,22,2026-03-10T10:47:43+00:00
23641f55-83a3-446f-a467-0ea307b103f5,2025081000941,2,0,1,2025-08-10 17:49,2025-08-10 17:50,68874,零摄氏度可乐Sam,陕西省,西安市,灞桥区,西安国际港务区港湾假日酒店东北(秦汉大道),23641f55-83a3-446f-a467-0ea307b103f5,陕西,西安,,,2025-03-01,2026-03-01,2,serial_id,asc,22,2026-03-10T10:47:43+00:00
9b17b930-fb7d-4e04-848f-117c699c2f05,2025081001123,2,0,16,2025-08-10 17:40,2025-08-10 20:00,54636,鹊影,陕西省,西安市,雁塔区,曲江池遗址公园,9b17b930-fb7d-4e04-848f-117c699c2f05,陕西,西安,,,2025-03-01,2026-03-01,2,serial_id,asc,22,2026-03-10T10:47:43+00:00
f10ceb12-b84c-47f3-8c1f-7c93d2e4d042,2025081100097,2,0,2,2025-08-11 08:00,2025-08-11 12:38,32898,周冰轮,陕西省,西安市,周至县,秦岭国家植物园,f10ceb12-b84c-47f3-8c1f-7c93d2e4d042,陕西,西安,,,2025-03-01,2026-03-01,2,serial_id,asc,22,2026-03-10T10:47:43+00:00
fabdf4df-e983-46e0-8113-ba0c20a85df8,2025081100767,2,0,5,2025-08-11 10:10,2025-08-11 11:10,84884,xxw2025,陕西省,西安市,未央区,未央区西安浐灞国家湿地公园湿地沙滩东北150米,fabdf4df-e983-46e0-8113-ba0c20a85df8,陕西,西安,,,2025-03-01,2026-03-01,2,serial_id,asc,22,2026-03-10T10:47:43+00:00
e2b658e5-d245-499f-8bee-f341ac49d9c0,2025081101038,2,0,4,2025-08-11 16:30,2025-08-11 17:25,92299,cuizer,陕西省,西安市,鄠邑区,涝渭湿地公园,e2b658e5-d245-499f-8bee-f341ac49d9c0,陕西,西安,,,2025-03-01,2026-03-01,2,serial_id,asc,22,2026-03-10T10:47:43+00:00
3a667e66-0b5b-4ddb-9cf1-66654b0105b3,2025081101180,2,0,13,2025-08-11 17:51,2025-08-11 18:33,68874,零摄氏度可乐Sam,陕西省,西安市,高陵区,泾渭分明,3a667e66-0b5b-4ddb-9cf1-66654b0105b3,陕西,西安,,,2025-03-01,2026-03-01,2,serial_id,asc,22,2026-03-10T10:47:43+00:00
a43f1307-318b-468b-a519-8aebd5f44b14,2025081101214,2,0,3,2025-08-08 12:00,2025-08-08 12:30,74294,芜叶子,陕西省,西安市,长安区,洨河湿地公园,a43f1307-318b-468b-a519-8aebd5f44b14,陕西,西安,,,2025-03-01,2026-03-01,2,serial_id,asc,22,2026-03-10T10:47:43+00:00
fa10ab87-be50-4016-b678-064ef8f2e4c4,2025081200220,2,0,7,2025-08-11 07:25,2025-08-11 09:30,4226,相思鸟,陕西省,西安市,周至县,秦岭国家植物园,fa10ab87-be50-4016-b678-064ef8f2e4c4,陕西,西安,,,2025-03-01,2026-03-01,2,serial_id,asc,22,2026-03-10T10:47:43+00:00
489323ae-235c-4de1-8a94-f862fc0dddc7,2025081200561,2,0,1,2025-08-12 16:00,2025-08-12 17:00,91160,Lukpink,陕西省,西安市,未央区,未央区西安草滩环境科技有限公司西(皂河东路西),489323ae-235c-4de1-8a94-f862fc0dddc7,陕西,西安,,,2025-03-01,2026-03-01,2,serial_id,asc,22,2026-03-10T10:47:43+00:00
093cace9-b4f7-4119-96c5-53a2b3cb2a0e,2025081200611,2,0,1,2025-08-12 17:00,2025-08-12 18:00,91160,Lukpink,陕西省,西安市,未央区,未央区西安草滩环境科技有限公司西(皂河东路西),093cace9-b4f7-4119-96c5-53a2b3cb2a0e,陕西,西安,,,2025-03-01,2026-03-01,2,serial_id,asc,22,2026-03-10T10:47:43+00:00
c281eef4-ba63-423c-8c3d-d9a87c9c933d,2025081200950,2,0,30,2025-08-12 20:00,2025-08-12 21:00,49931,丝光崔崔,陕西省,西安市,鄠邑区,鄠邑区涝河,c281eef4-ba63-423c-8c3d-d9a87c9c933d,陕西,西安,,,2025-03-01,2026-03-01,2,serial_id,asc,22,2026-03-10T10:47:43+00:00
ab582ed1-5af7-4a51-8ed5-617fd58c041f,2025081300786,2,0,19,2025-06-08 07:30,2025-06-08 11:00,81608,Watson,陕西省,西安市,长安区,樊川公园,ab582ed1-5af7-4a51-8ed5-617fd58c041f,陕西,西安,,,2025-03-01,2026-03-01,2,serial_id,asc,22,2026-03-10T10:47:43+00:00
f207d909-bc57-4df3-9a62-f50452ae3541,2025081300915,2,0,2,2025-07-05 11:00,2025-07-05 11:30,81608,Watson,陕西省,西安市,长安区,关石村村委会,f207d909-bc57-4df3-9a62-f50452ae3541,陕西,西安,,,2025-03-01,2026-03-01,2,serial_id,asc,22,2026-03-10T10:47:43+00:00
0220aad6-a4b4-47f1-bf8a-723d59ece462,2025081301019,2,0,33,2025-08-12 07:00,2025-08-12 08:15,33447,血糕粉浆饭,陕西省,西安市,雁塔区,雁南公园,0220aad6-a4b4-47f1-bf8a-723d59ece462,陕西,西安,,,2025-03-01,2026-03-01,2,serial_id,asc,22,2026-03-10T10:47:43+00:00
86cd1fa3-5ab9-4027-a34e-7203ec6874a9,2025081301038,2,0,22,2025-08-13 06:00,2025-08-13 08:00,33447,血糕粉浆饭,陕西省,西安市,长安区,长安区樊川公园,86cd1fa3-5ab9-4027-a34e-7203ec6874a9,陕西,西安,,,2025-03-01,2026-03-01,2,serial_id,asc,22,2026-03-10T10:47:43+00:00
b3fd3a81-941a-44f4-9f6f-7cf846cf06d1,2025081400347,2,0,8,2025-08-11 06:00,2025-08-11 07:00,64900,AltoRonin,陕西省,西安市,灞桥区,砚湾村,b3fd3a81-941a-44f4-9f6f-7cf846cf06d1,陕西,西安,,,2025-03-01,2026-03-01,2,serial_id,asc,22,2026-03-10T10:47:43+00:00
41ddc841-3449-4785-9dfd-3a48046cf1a9,2025081400413,2,0,2,2025-07-17 13:58,2025-07-17 14:58,89789,Plez,陕西省,西安市,长安区,沣河生态湿地公园,41ddc841-3449-4785-9dfd-3a48046cf1a9,陕西,西安,,,2025-03-01,2026-03-01,2,serial_id,asc,22,2026-03-10T10:47:43+00:00
cc55adff-4770-4c9c-be82-7f78f24ca393,2025081400445,2,0,7,2025-08-14 12:20,2025-08-14 13:00,84884,xxw2025,陕西省,西安市,未央区,未央区西安浐灞国家湿地公园湿地沙滩东北150米,cc55adff-4770-4c9c-be82-7f78f24ca393,陕西,西安,,,2025-03-01,2026-03-01,2,serial_id,asc,22,2026-03-10T10:47:43+00:00
140e3a1e-2677-4fe2-911e-0474b838b63c,2025081400515,2,0,14,2025-04-13 09:33,2025-04-13 16:33,48681,大饼不是大冰,陕西省,西安市,鄠邑区,太平国家森林公园,140e3a1e-2677-4fe2-911e-0474b838b63c,陕西,西安,,,2025-03-01,2026-03-01,2,serial_id,asc,22,2026-03-10T10:47:43+00:00
610f26ab-3fca-4134-b9bc-7a0c658fd8f0,2025081400955,2,0,2,2025-08-12 11:00,2025-08-12 11:20,21587,Ash小熊猫,陕西省,西安市,雁塔区,雁塔区3G酷派智能产业园(傅村北路北),610f26ab-3fca-4134-b9bc-7a0c658fd8f0,陕西,西安,,,2025-03-01,2026-03-01,2,serial_id,asc,22,2026-03-10T10:47:43+00:00
86f7f11b-0171-4002-a330-e282b7823d49,2025081400960,2,0,7,2025-08-14 17:12,2025-08-14 18:12,80908,ParaXD,陕西省,西安市,雁塔区,雁塔区紫薇臻品(团结南路西),86f7f11b-0171-4002-a330-e282b7823d49,陕西,西安,,,2025-03-01,2026-03-01,2,serial_id,asc,22,2026-03-10T10:47:43+00:00
591af108-e0bb-43c2-a0d3-07bc2c19d76f,2025081400961,2,0,31,2025-08-14 06:00,2025-08-14 08:00,33447,血糕粉浆饭,陕西省,西安市,长安区,沣河梁家滩湿地,591af108-e0bb-43c2-a0d3-07bc2c19d76f,陕西,西安,,,2025-03-01,2026-03-01,2,serial_id,asc,22,2026-03-10T10:47:43+00:00
6bbd9c38-1c21-4e25-8c76-12590017b506,2025081400962,2,0,2,2025-08-14 19:00,2025-08-14 19:30,21587,Ash小熊猫,陕西省,西安市,长安区,长安区樊川公园(潏河路南200米),6bbd9c38-1c21-4e25-8c76-12590017b506,陕西,西安,,,2025-03-01,2026-03-01,2,serial_id,asc,22,2026-03-10T10:47:43+00:00
d23154d2-581d-40fa-a91f-4746c58a09d3,2025081401129,2,0,10,2025-08-14 12:35,2025-08-14 19:30,54636,鹊影,陕西省,西安市,鄠邑区,朱雀国家森林公园,d23154d2-581d-40fa-a91f-4746c58a09d3,陕西,西安,,,2025-03-01,2026-03-01,2,serial_id,asc,22,2026-03-10T10:47:43+00:00
e319ba98-4979-4332-84ef-03e4a47bc20c,2025081500632,2,0,16,2025-08-12 06:00,2025-08-12 08:20,61033,fddsmile,陕西省,西安市,鄠邑区,鄠邑区李家岩村度假区(S108北),e319ba98-4979-4332-84ef-03e4a47bc20c,陕西,西安,,,2025-03-01,2026-03-01,2,serial_id,asc,22,2026-03-10T10:47:43+00:00
75c2b95a-db24-4683-aacf-a67df73e4a4d,2025081500647,2,0,33,2025-08-13 22:00,2025-08-13 23:00,49931,丝光崔崔,陕西省,西安市,鄠邑区,西安渼陂湖水系生态文化区,75c2b95a-db24-4683-aacf-a67df73e4a4d,陕西,西安,,,2025-03-01,2026-03-01,2,serial_id,asc,22,2026-03-10T10:47:43+00:00
507febe4-d009-4fc5-a0ae-0dabd44287b5,2025081500713,2,0,11,2025-07-30 17:02,2025-07-30 18:02,54153,松子as,陕西省,西安市,灞桥区,西李村,507febe4-d009-4fc5-a0ae-0dabd44287b5,陕西,西安,,,2025-03-01,2026-03-01,2,serial_id,asc,22,2026-03-10T10:47:43+00:00
4a2dd287-ef83-43f4-a3b7-48d7cc14b060,2025081500714,2,0,11,2025-07-30 17:02,2025-07-30 18:02,28174,hfoxmail,陕西省,西安市,灞桥区,西李村,4a2dd287-ef83-43f4-a3b7-48d7cc14b060,陕西,西安,,,2025-03-01,2026-03-01,2,serial_id,asc,22,2026-03-10T10:47:43+00:00
b8eb6e1e-1992-4d52-8d59-2069945dff34,2025081500860,2,0,1,2025-08-14 16:41,2025-08-14 17:40,92299,cuizer,陕西省,西安市,莲湖区,丰庆公园,b8eb6e1e-1992-4d52-8d59-2069945dff34,陕西,西安,,,2025-03-01,2026-03-01,2,serial_id,asc,22,2026-03-10T10:47:43+00:00
0b72d1a9-bce5-493f-a8a0-5a6adf048023,2025081600145,2,0,4,2025-08-15 10:40,2025-08-15 11:20,84884,xxw2025,陕西省,西安市,灞桥区,灞河1号坝,0b72d1a9-bce5-493f-a8a0-5a6adf048023,陕西,西安,,,2025-03-01,2026-03-01,2,serial_id,asc,22,2026-03-10T10:47:43+00:00
21eea77b-0f46-470b-bb25-0298fbb0dcb4,2025081600536,2,0,32,2025-08-16 09:00,2025-08-16 11:00,59244,选择困难症,陕西省,西安市,鄠邑区,涝渭湿地公园,21eea77b-0f46-470b-bb25-0298fbb0dcb4,陕西,西安,,,2025-03-01,2026-03-01,2,serial_id,asc,22,2026-03-10T10:47:43+00:00
abf6eb53-129f-4f19-900c-ea939adf275a,2025081600947,2,0,6,2025-08-16 17:00,2025-08-16 18:00,80908,ParaXD,陕西省,西安市,莲湖区,丰庆公园,abf6eb53-129f-4f19-900c-ea939adf275a,陕西,西安,,,2025-03-01,2026-03-01,2,serial_id,asc,22,2026-03-10T10:47:43+00:00
3af81dda-de6b-4de5-abba-75572754768c,2025081700582,2,0,7,2025-06-15 07:52,2025-06-15 08:59,70590,Elim看鸟,陕西省,西安市,雁塔区,木塔寺公园,3af81dda-de6b-4de5-abba-75572754768c,陕西,西安,,,2025-03-01,2026-03-01,2,serial_id,asc,22,2026-03-10T10:47:43+00:00
15ae469d-d721-4cb2-90ae-eb3bb2c6ff01,2025081700875,2,0,14,2025-07-26 09:02,2025-07-26 11:06,70590,Elim看鸟,陕西省,西安市,长安区,樊川公园,15ae469d-d721-4cb2-90ae-eb3bb2c6ff01,陕西,西安,,,2025-03-01,2026-03-01,2,serial_id,asc,22,2026-03-10T10:47:43+00:00
31ce7728-51b6-401e-a191-567a4ca47749,2025081701051,2,0,19,2025-08-17 18:00,2025-08-17 19:00,86307,李封真,陕西省,西安市,鄠邑区,涝渭湿地公园,31ce7728-51b6-401e-a191-567a4ca47749,陕西,西安,,,2025-03-01,2026-03-01,2,serial_id,asc,22,2026-03-10T10:47:43+00:00
31dd9bd5-81d4-441b-8d47-a05af0ff1d5a,2025081701400,2,0,6,2025-08-17 09:00,2025-08-17 18:03,92299,cuizer,陕西省,西安市,鄠邑区,涝渭湿地公园,31dd9bd5-81d4-441b-8d47-a05af0ff1d5a,陕西,西安,,,2025-03-01,2026-03-01,2,serial_id,asc,22,2026-03-10T10:47:43+00:00
f3ae3341-e105-401e-aaeb-770c0e5835b2,2025081800113,2,0,15,2025-08-18 07:24,2025-08-18 12:18,49006,JTsmart,陕西省,西安市,周至县,秦岭国家植物园,f3ae3341-e105-401e-aaeb-770c0e5835b2,陕西,西安,,,2025-03-01,2026-03-01,2,serial_id,asc,22,2026-03-10T10:47:43+00:00
b0ed5146-85af-4a2e-b117-d273c59636f7,2025081800329,2,0,16,2025-08-18 07:20,2025-08-18 09:20,70590,Elim看鸟,陕西省,西安市,鄠邑区,涝渭湿地公园,b0ed5146-85af-4a2e-b117-d273c59636f7,陕西,西安,,,2025-03-01,2026-03-01,2,serial_id,asc,22,2026-03-10T10:47:43+00:00
7768a29b-14f2-4909-b896-dd8af56725cf,2025081800360,2,0,24,2025-08-18 07:30,2025-08-18 12:00,36646,牛轩观鸟,陕西省,西安市,周至县,周至县秦岭国家植物园,7768a29b-14f2-4909-b896-dd8af56725cf,陕西,西安,,,2025-03-01,2026-03-01,2,serial_id,asc,22,2026-03-10T10:47:43+00:00
e882fae2-3771-40f7-9a68-5adff260f57b,2025081800361,2,0,15,2025-08-18 07:00,2025-08-18 08:00,27530,绿头鸭,陕西省,西安市,周至县,秦岭国家植物园,e882fae2-3771-40f7-9a68-5adff260f57b,陕西,西安,,,2025-03-01,2026-03-01,2,serial_id,asc,22,2026-03-10T10:47:43+00:00
e6e0e9bb-e9f2-49fc-a6e2-a91fa950df18,2025081800371,2,0,24,2025-08-18 07:30,2025-08-18 12:00,4226,相思鸟,陕西省,西安市,周至县,周至县秦岭国家植物园,e6e0e9bb-e9f2-49fc-a6e2-a91fa950df18,陕西,西安,,,2025-03-01,2026-03-01,2,serial_id,asc,23,2026-03-10T10:47:46+00:00
94dc1501-5bf1-495b-aa21-d128eff2ef1f,2025081800569,2,0,23,2025-08-18 07:30,2025-08-18 12:00,49006,JTsmart,陕西省,西安市,周至县,周至县秦岭国家植物园,94dc1501-5bf1-495b-aa21-d128eff2ef1f,陕西,西安,,,2025-03-01,2026-03-01,2,serial_id,asc,23,2026-03-10T10:47:46+00:00
ca25e2ae-0971-4ce3-aa69-ab9ef5c566aa,2025081800836,2,0,12,2025-08-18 15:00,2025-08-18 18:30,54636,鹊影,陕西省,西安市,莲湖区,丰庆公园,ca25e2ae-0971-4ce3-aa69-ab9ef5c566aa,陕西,西安,,,2025-03-01,2026-03-01,2,serial_id,asc,23,2026-03-10T10:47:46+00:00
bec85776-1999-4107-8d07-ee773ab8599e,2025081900004,2,0,24,2025-08-19 00:00,2025-08-19 01:00,75204,雪子哥,陕西省,西安市,鄠邑区,涝渭湿地公园,bec85776-1999-4107-8d07-ee773ab8599e,陕西,西安,,,2025-03-01,2026-03-01,2,serial_id,asc,23,2026-03-10T10:47:46+00:00
17b71f72-65ee-4f3b-aa12-e5347dbec9e1,2025081900309,2,0,31,2025-08-19 08:00,2025-08-19 11:40,54636,鹊影,陕西省,西安市,鄠邑区,涝渭湿地公园,17b71f72-65ee-4f3b-aa12-e5347dbec9e1,陕西,西安,,,2025-03-01,2026-03-01,2,serial_id,asc,23,2026-03-10T10:47:46+00:00
24cfd69e-5194-4d90-9581-fd476abd7d4d,2025081900320,2,0,2,2025-08-18 19:53,2025-08-18 19:59,92807,柴顺顺,陕西省,西安市,碑林区,西安建筑科技大学,24cfd69e-5194-4d90-9581-fd476abd7d4d,陕西,西安,,,2025-03-01,2026-03-01,2,serial_id,asc,23,2026-03-10T10:47:46+00:00
32ba7197-2627-40e2-bd5f-f2097f9e8a06,2025081900679,2,0,7,2025-08-19 08:00,2025-08-19 09:50,92830,Trillian,陕西省,西安市,鄠邑区,涝渭湿地公园,32ba7197-2627-40e2-bd5f-f2097f9e8a06,陕西,西安,,,2025-03-01,2026-03-01,2,serial_id,asc,23,2026-03-10T10:47:46+00:00
05c2a9d8-c6bd-47ee-986d-2e0e149dba93,2025081900704,2,0,26,2025-08-19 19:00,2025-08-19 20:00,86307,李封真,陕西省,西安市,鄠邑区,涝渭湿地公园,05c2a9d8-c6bd-47ee-986d-2e0e149dba93,陕西,西安,,,2025-03-01,2026-03-01,2,serial_id,asc,23,2026-03-10T10:47:46+00:00
524dbf7d-30f8-49eb-8c8f-fbaf3c25a463,2025081900844,2,0,29,2025-08-19 06:30,2025-08-19 08:30,33447,血糕粉浆饭,陕西省,西安市,雁塔区,雁南公园,524dbf7d-30f8-49eb-8c8f-fbaf3c25a463,陕西,西安,,,2025-03-01,2026-03-01,2,serial_id,asc,23,2026-03-10T10:47:46+00:00
5c27a180-1487-4fe1-ad50-147caa4d242a,2025081900915,2,0,10,2025-08-19 06:30,2025-08-19 09:19,71401,高蓓,陕西省,西安市,鄠邑区,涝渭湿地公园,5c27a180-1487-4fe1-ad50-147caa4d242a,陕西,西安,,,2025-03-01,2026-03-01,2,serial_id,asc,23,2026-03-10T10:47:46+00:00
25a2d0c8-d45d-4d72-8a40-120fac7d0d0a,2025082000046,2,0,30,2025-08-20 07:00,2025-08-20 08:00,54689,WhentheLEVEEbreaks,陕西省,西安市,鄠邑区,涝渭湿地公园,25a2d0c8-d45d-4d72-8a40-120fac7d0d0a,陕西,西安,,,2025-03-01,2026-03-01,2,serial_id,asc,23,2026-03-10T10:47:46+00:00
110119fa-479d-40b9-9739-0908679ad151,2025082000363,2,0,5,2025-08-20 12:00,2025-08-20 13:00,86307,李封真,陕西省,西安市,长安区,西安交通大学科技创新港科创基地,110119fa-479d-40b9-9739-0908679ad151,陕西,西安,,,2025-03-01,2026-03-01,2,serial_id,asc,23,2026-03-10T10:47:46+00:00
6b540df6-ec08-4784-9ffa-63ee11c25cfe,2025082000734,2,0,2,2025-07-07 09:00,2025-07-07 10:00,81608,Watson,陕西省,西安市,长安区,樊川公园,6b540df6-ec08-4784-9ffa-63ee11c25cfe,陕西,西安,,,2025-03-01,2026-03-01,2,serial_id,asc,23,2026-03-10T10:47:46+00:00
9bff8034-498c-45da-875b-107faba0f995,2025082100037,2,0,32,2025-08-20 06:00,2025-08-20 08:00,33447,血糕粉浆饭,陕西省,西安市,长安区,沣河梁家滩湿地,9bff8034-498c-45da-875b-107faba0f995,陕西,西安,,,2025-03-01,2026-03-01,2,serial_id,asc,23,2026-03-10T10:47:46+00:00
77869122-3b94-42ed-b9f7-3f964af64ab4,2025082100934,2,0,2,2025-08-21 13:00,2025-08-21 14:00,92103,二瑶,陕西省,西安市,碑林区,卧龙禅寺,77869122-3b94-42ed-b9f7-3f964af64ab4,陕西,西安,,,2025-03-01,2026-03-01,2,serial_id,asc,23,2026-03-10T10:47:46+00:00
80d310ab-0848-43ed-a21c-9dabd86423bf,2025082101124,2,0,5,2025-08-21 13:25,2025-08-21 15:26,78007,汛子,陕西省,西安市,长安区,金仙观,80d310ab-0848-43ed-a21c-9dabd86423bf,陕西,西安,,,2025-03-01,2026-03-01,2,serial_id,asc,23,2026-03-10T10:47:46+00:00
1e3fb2ec-f5a7-44bb-b3e3-7f6cf631de3e,2025082101381,2,0,19,2025-08-21 17:00,2025-08-21 19:00,33447,血糕粉浆饭,陕西省,西安市,雁塔区,雁南公园,1e3fb2ec-f5a7-44bb-b3e3-7f6cf631de3e,陕西,西安,,,2025-03-01,2026-03-01,2,serial_id,asc,23,2026-03-10T10:47:46+00:00
afa5af99-24ac-4d01-b46f-1a1ac405f12a,2025082101496,2,0,19,2025-07-26 08:00,2025-07-26 09:00,72904,李辉,陕西省,西安市,长安区,樊川公园,afa5af99-24ac-4d01-b46f-1a1ac405f12a,陕西,西安,,,2025-03-01,2026-03-01,2,serial_id,asc,23,2026-03-10T10:47:46+00:00
be3e3e38-0261-4bc7-9ba5-a220dcae9a21,2025082101497,2,0,20,2025-07-20 08:00,2025-07-20 09:00,72904,李辉,陕西省,西安市,灞桥区,西安浐灞桃花潭公园,be3e3e38-0261-4bc7-9ba5-a220dcae9a21,陕西,西安,,,2025-03-01,2026-03-01,2,serial_id,asc,23,2026-03-10T10:47:46+00:00
3d17b0bf-aa4a-49d5-a0a4-b5c725723118,2025082200074,2,0,5,2025-08-22 06:00,2025-08-22 07:00,69634,伊羊肉卷,陕西省,西安市,鄠邑区,涝渭湿地公园,3d17b0bf-aa4a-49d5-a0a4-b5c725723118,陕西,西安,,,2025-03-01,2026-03-01,2,serial_id,asc,23,2026-03-10T10:47:46+00:00
0cf83259-b954-4178-9a87-225342ebeeb8,2025082200391,2,0,21,2025-08-22 12:00,2025-08-22 13:00,75204,雪子哥,陕西省,西安市,鄠邑区,涝渭湿地公园,0cf83259-b954-4178-9a87-225342ebeeb8,陕西,西安,,,2025-03-01,2026-03-01,2,serial_id,asc,23,2026-03-10T10:47:46+00:00
f74a1d9e-a00f-4031-be6b-14e2d18265c4,2025082200447,2,0,14,2025-08-21 11:00,2025-08-21 12:00,22366,688chxiuq,陕西省,西安市,鄠邑区,鄠邑区育德湖西北150米(连霍高速北),f74a1d9e-a00f-4031-be6b-14e2d18265c4,陕西,西安,,,2025-03-01,2026-03-01,2,serial_id,asc,23,2026-03-10T10:47:46+00:00
96d568c6-5fef-4055-96ee-88885d88ce7d,2025082200497,2,0,3,2025-08-20 16:27,2025-08-20 17:27,38265,看海的123,陕西省,西安市,碑林区,西安城墙(西安市碑林区南大街),96d568c6-5fef-4055-96ee-88885d88ce7d,陕西,西安,,,2025-03-01,2026-03-01,2,serial_id,asc,23,2026-03-10T10:47:46+00:00
91cf29f0-9df0-4bcb-97dd-a36dc18fa214,2025082200809,2,0,17,2025-08-22 16:15,2025-08-22 20:00,75020,microlepis,陕西省,西安市,鄠邑区,涝渭湿地公园,91cf29f0-9df0-4bcb-97dd-a36dc18fa214,陕西,西安,,,2025-03-01,2026-03-01,2,serial_id,asc,23,2026-03-10T10:47:46+00:00
2954699f-51d0-4217-b3af-9f14ab4b2d4a,2025082300163,2,0,28,2025-08-23 08:00,2025-08-23 09:00,74437,chaaaaaos,陕西省,西安市,鄠邑区,涝渭湿地公园,2954699f-51d0-4217-b3af-9f14ab4b2d4a,陕西,西安,,,2025-03-01,2026-03-01,2,serial_id,asc,23,2026-03-10T10:47:46+00:00
9afbb08b-6e0c-46b5-b914-fcd3092b743b,2025082300702,2,0,23,2025-08-23 07:00,2025-08-23 08:00,72904,李辉,陕西省,西安市,鄠邑区,涝渭湿地公园,9afbb08b-6e0c-46b5-b914-fcd3092b743b,陕西,西安,,,2025-03-01,2026-03-01,2,serial_id,asc,23,2026-03-10T10:47:46+00:00
76023f76-e914-43e5-b0df-680df3f9bab5,2025082300722,2,0,24,2025-08-18 07:30,2025-08-18 12:00,56489,MintYxx,陕西省,西安市,周至县,周至县秦岭国家植物园,76023f76-e914-43e5-b0df-680df3f9bab5,陕西,西安,,,2025-03-01,2026-03-01,2,serial_id,asc,23,2026-03-10T10:47:46+00:00
5e9f19aa-c2a2-493b-a362-ea427d28f289,2025082300767,2,0,3,2025-08-23 15:00,2025-08-23 16:00,22345,山丘,陕西省,西安市,临潼区,临潼区河堤路入口(北向)东400米,5e9f19aa-c2a2-493b-a362-ea427d28f289,陕西,西安,,,2025-03-01,2026-03-01,2,serial_id,asc,23,2026-03-10T10:47:46+00:00
ca23168d-868a-40d2-85f0-bb8dc06ad1d7,2025082300907,2,0,5,2025-08-23 17:00,2025-08-23 18:00,45951,回声,陕西省,西安市,碑林区,兴庆宫公园,ca23168d-868a-40d2-85f0-bb8dc06ad1d7,陕西,西安,,,2025-03-01,2026-03-01,2,serial_id,asc,23,2026-03-10T10:47:46+00:00
369931da-5487-4bdd-956e-36f1102a8855,2025082400170,2,0,18,2025-08-24 07:00,2025-08-24 08:00,69634,伊羊肉卷,陕西省,西安市,长安区,中国西部科技创新港高端人才生活基地(秦都区),369931da-5487-4bdd-956e-36f1102a8855,陕西,西安,,,2025-03-01,2026-03-01,2,serial_id,asc,23,2026-03-10T10:47:46+00:00
ce330149-121a-4948-8c74-e7ecfe05f98b,2025082400292,2,0,21,2025-08-23 13:59,2025-08-24 10:00,22366,688chxiuq,陕西省,西安市,临潼区,临潼区新丰街道姚家村,ce330149-121a-4948-8c74-e7ecfe05f98b,陕西,西安,,,2025-03-01,2026-03-01,2,serial_id,asc,23,2026-03-10T10:47:46+00:00
ea24ea63-ae29-4197-9358-45f55930b7cc,2025082400385,2,0,23,2025-08-24 09:17,2025-08-24 12:00,5448,百晓生,陕西省,西安市,周至县,老县城自然保护区,ea24ea63-ae29-4197-9358-45f55930b7cc,陕西,西安,,,2025-03-01,2026-03-01,2,serial_id,asc,23,2026-03-10T10:47:46+00:00
020de5a1-0143-4643-8fe7-72de5ebe79ab,2025082400520,2,0,14,2025-08-24 08:20,2025-08-24 10:01,78007,汛子,陕西省,西安市,雁塔区,雁南公园,020de5a1-0143-4643-8fe7-72de5ebe79ab,陕西,西安,,,2025-03-01,2026-03-01,2,serial_id,asc,23,2026-03-10T10:47:46+00:00
ef3d30b0-67ff-4141-9bba-a351647e0753,2025082400525,2,0,15,2025-08-23 13:14,2025-08-23 13:14,75020,microlepis,陕西省,西安市,长安区,樊川公园,ef3d30b0-67ff-4141-9bba-a351647e0753,陕西,西安,,,2025-03-01,2026-03-01,2,serial_id,asc,23,2026-03-10T10:47:46+00:00
ec94c00e-26d5-4cf2-8d68-c9f41e5527d4,2025082400623,2,0,11,2025-08-24 14:00,2025-08-24 15:00,45951,回声,陕西省,西安市,鄠邑区,涝渭湿地公园,ec94c00e-26d5-4cf2-8d68-c9f41e5527d4,陕西,西安,,,2025-03-01,2026-03-01,2,serial_id,asc,23,2026-03-10T10:47:46+00:00
19e7b75a-5881-4482-a099-de7a37c448d2,2025082400802,2,0,10,2025-08-24 13:00,2025-08-24 14:00,83779,叶安,陕西省,西安市,莲湖区,丰庆公园,19e7b75a-5881-4482-a099-de7a37c448d2,陕西,西安,,,2025-03-01,2026-03-01,2,serial_id,asc,23,2026-03-10T10:47:46+00:00
0953d7b0-79ba-4cf3-8369-a7c5b326347f,2025082400999,2,0,6,2025-08-24 19:00,2025-08-24 20:00,70302,烛影摇红,陕西省,西安市,长安区,中国西部科技创新港高端人才生活基地(秦都区),0953d7b0-79ba-4cf3-8369-a7c5b326347f,陕西,西安,,,2025-03-01,2026-03-01,2,serial_id,asc,23,2026-03-10T10:47:46+00:00
9095201f-1a5a-4ff3-9b1e-cf05d9a7da28,2025082401068,2,0,17,2025-08-24 19:00,2025-08-24 20:00,66398,香香鸡贴贴,陕西省,西安市,长安区,西工大长安校区,9095201f-1a5a-4ff3-9b1e-cf05d9a7da28,陕西,西安,,,2025-03-01,2026-03-01,2,serial_id,asc,23,2026-03-10T10:47:46+00:00
174f6d45-2be2-48a9-8527-b7105bbc2d6c,2025082401268,2,0,6,2025-08-24 21:00,2025-08-24 22:00,63026,gallups,陕西省,西安市,蓝田县,灞河,174f6d45-2be2-48a9-8527-b7105bbc2d6c,陕西,西安,,,2025-03-01,2026-03-01,2,serial_id,asc,23,2026-03-10T10:47:46+00:00
4f9cf40c-8b7a-430b-9e08-26fb5079e4ed,2025082401327,2,0,11,2025-08-24 15:31,2025-08-24 17:00,15123,百步穿杨_2011,陕西省,西安市,鄠邑区,涝渭湿地公园,4f9cf40c-8b7a-430b-9e08-26fb5079e4ed,陕西,西安,,,2025-03-01,2026-03-01,2,serial_id,asc,23,2026-03-10T10:47:46+00:00
9440960e-c69b-42f8-acbd-5e812e55e434,2025082401358,2,0,21,2025-08-22 06:00,2025-08-22 07:30,33447,血糕粉浆饭,陕西省,西安市,新城区,大明宫国家遗址公园,9440960e-c69b-42f8-acbd-5e812e55e434,陕西,西安,,,2025-03-01,2026-03-01,2,serial_id,asc,23,2026-03-10T10:47:46+00:00
1640ac94-cac9-4615-9bfe-9cf31c429d12,2025082401407,2,0,1,2025-04-23 16:12,2025-04-23 16:42,92103,二瑶,陕西省,西安市,阎良区,蓝波湾小区,1640ac94-cac9-4615-9bfe-9cf31c429d12,陕西,西安,,,2025-03-01,2026-03-01,2,serial_id,asc,23,2026-03-10T10:47:46+00:00
fee0b6ed-bfee-4536-ae44-a5c9d07b88f8,2025082500521,2,0,19,2025-08-23 07:24,2025-08-23 11:30,64371,李大顺,陕西省,西安市,鄠邑区,涝渭湿地公园,fee0b6ed-bfee-4536-ae44-a5c9d07b88f8,陕西,西安,,,2025-03-01,2026-03-01,2,serial_id,asc,23,2026-03-10T10:47:46+00:00
cf3bd658-7b9d-4839-aaea-16d1f3703d08,2025082500610,2,0,2,2025-08-25 16:30,2025-08-25 17:20,92103,二瑶,陕西省,西安市,阎良区,蓝波湾小区,cf3bd658-7b9d-4839-aaea-16d1f3703d08,陕西,西安,,,2025-03-01,2026-03-01,2,serial_id,asc,23,2026-03-10T10:47:46+00:00
45cca25b-aeb4-49c3-b08b-51b61313f86f,2025082500614,2,0,22,2025-08-25 17:00,2025-08-25 18:00,80911,小睡,陕西省,西安市,鄠邑区,涝渭湿地公园,45cca25b-aeb4-49c3-b08b-51b61313f86f,陕西,西安,,,2025-03-01,2026-03-01,2,serial_id,asc,23,2026-03-10T10:47:46+00:00
bf36df71-3dbc-4443-80c7-166bfd126a7b,2025082500666,2,0,16,2025-08-25 14:00,2025-08-25 15:00,83779,叶安,陕西省,西安市,鄠邑区,涝渭湿地公园,bf36df71-3dbc-4443-80c7-166bfd126a7b,陕西,西安,,,2025-03-01,2026-03-01,2,serial_id,asc,23,2026-03-10T10:47:46+00:00
ad511426-411a-4b80-b1bc-8a76de0c0931,2025082500772,2,0,25,2025-08-25 19:00,2025-08-25 20:00,86307,李封真,陕西省,西安市,鄠邑区,涝渭湿地公园,ad511426-411a-4b80-b1bc-8a76de0c0931,陕西,西安,,,2025-03-01,2026-03-01,2,serial_id,asc,23,2026-03-10T10:47:46+00:00
15ca9fc1-b459-4a22-a484-f6465555119e,2025082600546,2,0,9,2025-08-26 14:00,2025-08-26 15:00,83779,叶安,陕西省,西安市,碑林区,碑林区兴庆宫公园(兴庆宫公园通阳门西北100米),15ca9fc1-b459-4a22-a484-f6465555119e,陕西,西安,,,2025-03-01,2026-03-01,2,serial_id,asc,23,2026-03-10T10:47:46+00:00
1f9f1e9e-27ed-448f-a24f-902cfa080653,2025082700444,2,0,5,2025-08-27 13:00,2025-08-27 14:00,83779,叶安,陕西省,西安市,长安区,黎园坪村,1f9f1e9e-27ed-448f-a24f-902cfa080653,陕西,西安,,,2025-03-01,2026-03-01,2,serial_id,asc,23,2026-03-10T10:47:46+00:00
135f8421-4526-4f58-9d16-7b32ced55446,2025082800048,2,0,25,2025-08-28 07:00,2025-08-28 08:00,80911,小睡,陕西省,西安市,长安区,长安区樊川公园(潏河路南200米),135f8421-4526-4f58-9d16-7b32ced55446,陕西,西安,,,2025-03-01,2026-03-01,2,serial_id,asc,23,2026-03-10T10:47:46+00:00
b50c257b-e2a2-406d-b853-74af654653e3,2025082800592,2,0,11,2025-08-28 17:00,2025-08-28 20:00,54636,鹊影,陕西省,西安市,新城区,大明宫国家遗址公园,b50c257b-e2a2-406d-b853-74af654653e3,陕西,西安,,,2025-03-01,2026-03-01,2,serial_id,asc,24,2026-03-10T10:47:49+00:00
0a6b7f07-1266-4a0b-90e9-40f6ce28c171,2025082900443,2,0,25,2025-08-29 16:00,2025-08-29 17:00,86307,李封真,陕西省,西安市,鄠邑区,涝渭湿地公园,0a6b7f07-1266-4a0b-90e9-40f6ce28c171,陕西,西安,,,2025-03-01,2026-03-01,2,serial_id,asc,24,2026-03-10T10:47:49+00:00
052eaf4b-1985-453f-835a-67053832699b,2025082900671,2,0,12,2025-08-29 17:55,2025-08-29 19:30,54636,鹊影,陕西省,西安市,灞桥区,中亚公园,052eaf4b-1985-453f-835a-67053832699b,陕西,西安,,,2025-03-01,2026-03-01,2,serial_id,asc,24,2026-03-10T10:47:49+00:00
cc7b9d89-46fe-4819-b3a8-bce7d71c9595,2025083000440,2,0,7,2025-08-30 13:00,2025-08-30 14:00,87715,juzi橘子0448,陕西省,西安市,未央区,未央区西安浐灞国家湿地公园,cc7b9d89-46fe-4819-b3a8-bce7d71c9595,陕西,西安,,,2025-03-01,2026-03-01,2,serial_id,asc,24,2026-03-10T10:47:49+00:00
b122dc05-8fb5-49db-95c4-ed867494a5f4,2025083000486,2,0,6,2025-08-30 14:00,2025-08-30 15:00,36686,尊敬的猫猫头用户,陕西省,西安市,莲湖区,丰庆公园,b122dc05-8fb5-49db-95c4-ed867494a5f4,陕西,西安,,,2025-03-01,2026-03-01,2,serial_id,asc,24,2026-03-10T10:47:49+00:00
a80cf5fc-e99c-49b0-aa98-73187de27eb5,2025083000705,2,0,1,2025-08-30 17:00,2025-08-30 18:00,85816,Moring,陕西省,西安市,未央区,西工新苑,a80cf5fc-e99c-49b0-aa98-73187de27eb5,陕西,西安,,,2025-03-01,2026-03-01,2,serial_id,asc,24,2026-03-10T10:47:49+00:00
ebdaa5e1-3238-484e-82d4-ba1058494092,2025083100171,2,0,25,2025-08-31 08:44,2025-08-31 10:44,44883,秦睿梓,陕西省,西安市,灞桥区,西安世博园,ebdaa5e1-3238-484e-82d4-ba1058494092,陕西,西安,,,2025-03-01,2026-03-01,2,serial_id,asc,24,2026-03-10T10:47:49+00:00
0238a5e9-a646-44ef-bf32-803f7feca4fb,2025083100352,2,0,21,2025-08-31 08:00,2025-08-31 09:00,93449,小小小豹子,陕西省,西安市,灞桥区,西安世博园,0238a5e9-a646-44ef-bf32-803f7feca4fb,陕西,西安,,,2025-03-01,2026-03-01,2,serial_id,asc,24,2026-03-10T10:47:49+00:00
65d8e9af-f13a-416e-9f34-40d9838c465d,2025083100363,2,0,24,2025-08-31 08:44,2025-08-31 10:44,92807,柴顺顺,陕西省,西安市,灞桥区,西安世博园,65d8e9af-f13a-416e-9f34-40d9838c465d,陕西,西安,,,2025-03-01,2026-03-01,2,serial_id,asc,24,2026-03-10T10:47:49+00:00
1e689614-a4e1-4c12-9acd-083088309293,2025083100368,2,0,24,2025-08-31 08:44,2025-08-31 10:44,34092,黎明守护,陕西省,西安市,灞桥区,西安世博园,1e689614-a4e1-4c12-9acd-083088309293,陕西,西安,,,2025-03-01,2026-03-01,2,serial_id,asc,24,2026-03-10T10:47:49+00:00
3f785d07-5ff0-454a-883b-ffd9d8f3b0eb,2025083100403,2,0,19,2025-08-31 08:00,2025-08-31 09:00,69205,伊犁鼠兔,陕西省,西安市,鄠邑区,涝渭湿地公园,3f785d07-5ff0-454a-883b-ffd9d8f3b0eb,陕西,西安,,,2025-03-01,2026-03-01,2,serial_id,asc,24,2026-03-10T10:47:49+00:00
c0fb5fc3-76d1-4c4b-a0cc-a38bb602f817,2025083100461,2,0,14,2025-08-31 11:00,2025-08-31 12:00,70302,烛影摇红,陕西省,西安市,鄠邑区,涝渭湿地公园,c0fb5fc3-76d1-4c4b-a0cc-a38bb602f817,陕西,西安,,,2025-03-01,2026-03-01,2,serial_id,asc,24,2026-03-10T10:47:49+00:00
a01320fa-f47a-488c-acf8-febc1348d086,2025083100511,2,0,25,2025-08-31 08:30,2025-08-31 11:30,5841,绿队可乐,陕西省,西安市,灞桥区,西安世博园,a01320fa-f47a-488c-acf8-febc1348d086,陕西,西安,,,2025-03-01,2026-03-01,2,serial_id,asc,24,2026-03-10T10:47:49+00:00
1e3d58e8-1777-49a4-8c2c-96ade3b67b9a,2025083100521,2,0,25,2025-08-31 08:44,2025-08-31 10:44,8668,梦翔五月天,陕西省,西安市,灞桥区,西安世博园,1e3d58e8-1777-49a4-8c2c-96ade3b67b9a,陕西,西安,,,2025-03-01,2026-03-01,2,serial_id,asc,24,2026-03-10T10:47:49+00:00
ea75e250-8d65-4c82-a2b3-0754e422c532,2025083100574,2,0,13,2025-08-31 09:10,2025-08-31 11:10,81517,MGC6543,陕西省,西安市,鄠邑区,涝渭湿地公园,ea75e250-8d65-4c82-a2b3-0754e422c532,陕西,西安,,,2025-03-01,2026-03-01,2,serial_id,asc,24,2026-03-10T10:47:49+00:00
61730e8b-df2f-4506-9e73-1153d0bbf9e3,2025083100813,2,0,1,2025-08-31 16:00,2025-08-31 17:00,74437,chaaaaaos,陕西省,西安市,灞桥区,中亚公园,61730e8b-df2f-4506-9e73-1153d0bbf9e3,陕西,西安,,,2025-03-01,2026-03-01,2,serial_id,asc,24,2026-03-10T10:47:49+00:00
b06caf5d-b41e-4fb3-95ee-f550d387190e,2025083101047,2,0,7,2025-08-31 18:00,2025-08-31 19:00,57418,折若木,陕西省,西安市,长安区,长安区洨河湿地公园(洨河北路南300米),b06caf5d-b41e-4fb3-95ee-f550d387190e,陕西,西安,,,2025-03-01,2026-03-01,2,serial_id,asc,24,2026-03-10T10:47:49+00:00
0f3762c8-038e-4dbb-8a32-b3103f79f12d,2025083101186,2,0,7,2025-08-31 09:00,2025-08-31 12:34,87715,juzi橘子0448,陕西省,西安市,高陵区,高陵泾渭湿地观光园(高陵区鹿苑大道南),0f3762c8-038e-4dbb-8a32-b3103f79f12d,陕西,西安,,,2025-03-01,2026-03-01,2,serial_id,asc,24,2026-03-10T10:47:49+00:00
258ba016-7ffa-432e-af2b-29295eb33512,2025083101204,2,0,2,2025-08-31 13:00,2025-08-31 14:00,87715,juzi橘子0448,陕西省,西安市,未央区,浐灞国家湿地公园,258ba016-7ffa-432e-af2b-29295eb33512,陕西,西安,,,2025-03-01,2026-03-01,2,serial_id,asc,24,2026-03-10T10:47:49+00:00
810473b1-70a9-42c9-8048-88698a0c8756,2025083101349,2,0,5,2025-08-31 15:14,2025-08-31 18:14,71401,高蓓,陕西省,西安市,长安区,长安区大兆街道友联村,810473b1-70a9-42c9-8048-88698a0c8756,陕西,西安,,,2025-03-01,2026-03-01,2,serial_id,asc,24,2026-03-10T10:47:49+00:00
68efc5a5-c95d-4cd2-9760-ef7617c04b7a,2025083101364,2,0,40,2025-08-31 08:00,2025-08-31 10:00,30320,户外农夫,陕西省,西安市,阎良区,西安市阎良石川河,68efc5a5-c95d-4cd2-9760-ef7617c04b7a,陕西,西安,,,2025-03-01,2026-03-01,2,serial_id,asc,24,2026-03-10T10:47:49+00:00
cd69e785-ad26-4c2f-8d92-b01119f0bc89,2025083101392,2,0,23,2025-08-31 09:00,2025-08-31 10:00,72904,李辉,陕西省,西安市,鄠邑区,涝渭湿地公园,cd69e785-ad26-4c2f-8d92-b01119f0bc89,陕西,西安,,,2025-03-01,2026-03-01,2,serial_id,asc,24,2026-03-10T10:47:49+00:00
c5b1ea5e-b338-442d-84e1-9722e58427f4,2025083101477,2,0,17,2025-08-31 09:30,2025-08-31 13:22,54093,风的自然,陕西省,西安市,鄠邑区,涝渭湿地公园,c5b1ea5e-b338-442d-84e1-9722e58427f4,陕西,西安,,,2025-03-01,2026-03-01,2,serial_id,asc,24,2026-03-10T10:47:49+00:00
cc8f1281-0d51-4596-86ec-8e3cf06284d8,2025083101480,2,0,10,2025-07-10 13:30,2025-07-10 16:27,54093,风的自然,陕西省,西安市,长安区,樊川公园,cc8f1281-0d51-4596-86ec-8e3cf06284d8,陕西,西安,,,2025-03-01,2026-03-01,2,serial_id,asc,24,2026-03-10T10:47:49+00:00
4e6ae3f8-01e8-4fa9-b926-e6b1e319912f,2025090100010,2,0,19,2025-08-31 08:30,2025-08-31 11:30,57607,西石大绿源白鱀豚,陕西省,西安市,鄠邑区,涝渭湿地公园,4e6ae3f8-01e8-4fa9-b926-e6b1e319912f,陕西,西安,,,2025-03-01,2026-03-01,2,serial_id,asc,24,2026-03-10T10:47:49+00:00
ff57f853-7d46-4538-98d6-1e5b0148adab,2025090100153,2,0,16,2025-09-01 10:00,2025-09-01 11:00,57418,折若木,陕西省,西安市,灞桥区,汉文帝霸陵,ff57f853-7d46-4538-98d6-1e5b0148adab,陕西,西安,,,2025-03-01,2026-03-01,2,serial_id,asc,24,2026-03-10T10:47:49+00:00
e819e9bf-f06e-472e-9960-61334cb9c94e,2025090100475,2,0,8,2025-09-01 11:07,2025-09-01 13:07,64371,李大顺,陕西省,西安市,雁塔区,西安植物园,e819e9bf-f06e-472e-9960-61334cb9c94e,陕西,西安,,,2025-03-01,2026-03-01,2,serial_id,asc,24,2026-03-10T10:47:49+00:00
e658205e-709f-4166-801e-76bb171fa06b,2025090100620,2,0,21,2025-09-01 18:00,2025-09-01 19:00,86307,李封真,陕西省,西安市,鄠邑区,涝渭湿地公园,e658205e-709f-4166-801e-76bb171fa06b,陕西,西安,,,2025-03-01,2026-03-01,2,serial_id,asc,24,2026-03-10T10:47:49+00:00
68ca1615-5123-49ae-90e5-28e8bcb11a9b,2025090100766,2,0,4,2025-08-31 08:14,2025-08-31 09:26,60552,wzob,陕西省,西安市,莲湖区,尚武门,68ca1615-5123-49ae-90e5-28e8bcb11a9b,陕西,西安,,,2025-03-01,2026-03-01,2,serial_id,asc,24,2026-03-10T10:47:49+00:00
22538558-63b7-4066-87f5-dd3b1e734a31,2025090200168,2,0,19,2025-08-02 09:59,2025-08-31 13:59,73666,春水云上,陕西省,西安市,鄠邑区,涝渭湿地公园,22538558-63b7-4066-87f5-dd3b1e734a31,陕西,西安,,,2025-03-01,2026-03-01,2,serial_id,asc,24,2026-03-10T10:47:49+00:00
5634072e-d4eb-4280-a98a-18db997cf9ac,2025090200398,2,0,10,2025-09-02 13:00,2025-09-02 14:00,86307,李封真,陕西省,西安市,灞桥区,灞渭桥车游湿地公园,5634072e-d4eb-4280-a98a-18db997cf9ac,陕西,西安,,,2025-03-01,2026-03-01,2,serial_id,asc,24,2026-03-10T10:47:49+00:00
5840b1da-8cf0-47e0-aacf-d44a67417ecd,2025090200402,2,0,1,2025-08-31 13:53,2025-08-31 14:53,71401,高蓓,陕西省,西安市,长安区,樊川公园,5840b1da-8cf0-47e0-aacf-d44a67417ecd,陕西,西安,,,2025-03-01,2026-03-01,2,serial_id,asc,24,2026-03-10T10:47:49+00:00
0660608d-36a8-4182-bc15-c6fd94f81456,2025090200863,2,0,23,2025-03-29 09:23,2025-03-29 20:23,64371,李大顺,陕西省,西安市,未央区,浐灞湿地公园,0660608d-36a8-4182-bc15-c6fd94f81456,陕西,西安,,,2025-03-01,2026-03-01,2,serial_id,asc,24,2026-03-10T10:47:49+00:00
73c16813-5353-4bd6-bdeb-260dea667b79,2025090201064,2,0,1,2025-09-01 10:40,2025-09-01 10:50,92103,二瑶,陕西省,西安市,阎良区,蓝波湾小区,73c16813-5353-4bd6-bdeb-260dea667b79,陕西,西安,,,2025-03-01,2026-03-01,2,serial_id,asc,24,2026-03-10T10:47:49+00:00
e27c2e12-bcc1-4a53-b8d1-ddbeb5b41f2b,2025090300249,2,0,22,2025-09-03 08:15,2025-09-03 09:15,33447,血糕粉浆饭,陕西省,西安市,长安区,长安区昆明池·七夕公园,e27c2e12-bcc1-4a53-b8d1-ddbeb5b41f2b,陕西,西安,,,2025-03-01,2026-03-01,2,serial_id,asc,24,2026-03-10T10:47:49+00:00
de49ad30-dce2-4055-a55b-9ff24f68a76a,2025090300287,2,0,20,2025-09-01 17:00,2025-09-01 19:00,15090,刑小天在西交创新港,陕西省,西安市,长安区,创新港及渭河湿地,de49ad30-dce2-4055-a55b-9ff24f68a76a,陕西,西安,,,2025-03-01,2026-03-01,2,serial_id,asc,24,2026-03-10T10:47:49+00:00
6d924d74-bbf7-4026-9cbd-b66e0b2411cf,2025090300762,2,0,7,2025-09-01 18:30,2025-09-01 19:30,64371,李大顺,陕西省,西安市,雁塔区,雁南公园,6d924d74-bbf7-4026-9cbd-b66e0b2411cf,陕西,西安,,,2025-03-01,2026-03-01,2,serial_id,asc,24,2026-03-10T10:47:49+00:00
f5a99c4a-3a69-482f-baa9-6641a8986c5c,2025090300764,2,0,5,2025-09-01 12:04,2025-09-01 13:14,64371,李大顺,陕西省,西安市,雁塔区,西安植物园,f5a99c4a-3a69-482f-baa9-6641a8986c5c,陕西,西安,,,2025-03-01,2026-03-01,2,serial_id,asc,24,2026-03-10T10:47:49+00:00
799d558a-8dab-4ed3-be14-b6241fef9a82,2025090400296,2,0,21,2025-09-04 11:00,2025-09-04 13:00,33447,血糕粉浆饭,陕西省,西安市,雁塔区,雁南公园,799d558a-8dab-4ed3-be14-b6241fef9a82,陕西,西安,,,2025-03-01,2026-03-01,2,serial_id,asc,24,2026-03-10T10:47:49+00:00
da5ddef0-5900-4800-ba23-213c71d9a2e9,2025090400604,2,0,1,2025-09-04 21:00,2025-09-04 22:00,86441,silverash42,陕西省,西安市,长安区,西安电子科技大学(南校区),da5ddef0-5900-4800-ba23-213c71d9a2e9,陕西,西安,,,2025-03-01,2026-03-01,2,serial_id,asc,24,2026-03-10T10:47:49+00:00
098b6a01-6345-4ef8-a528-94f311b72044,2025090400619,2,0,1,2025-09-04 21:00,2025-09-04 22:00,53920,Ouzel,陕西省,西安市,碑林区,西安交通大学兴庆校区胭脂坡,098b6a01-6345-4ef8-a528-94f311b72044,陕西,西安,,,2025-03-01,2026-03-01,2,serial_id,asc,24,2026-03-10T10:47:49+00:00
1e1e1d9e-9e46-4a39-891b-c928b1a49234,2025090400673,2,0,12,2025-09-04 12:30,2025-09-04 13:30,64371,李大顺,陕西省,西安市,雁塔区,雁南公园,1e1e1d9e-9e46-4a39-891b-c928b1a49234,陕西,西安,,,2025-03-01,2026-03-01,2,serial_id,asc,24,2026-03-10T10:47:49+00:00
15bc2172-ad46-40be-bb0f-813031dda134,2025090500515,2,0,13,2025-09-04 17:30,2025-09-04 19:30,71440,meowto,陕西省,西安市,灞桥区,西安世博园,15bc2172-ad46-40be-bb0f-813031dda134,陕西,西安,,,2025-03-01,2026-03-01,2,serial_id,asc,24,2026-03-10T10:47:49+00:00
ba8c9ad8-f962-40c8-913a-844202ff95ac,2025090600345,2,0,3,2025-09-06 08:50,2025-09-06 09:10,53920,Ouzel,陕西省,西安市,碑林区,西安交通大学兴庆校区胭脂坡,ba8c9ad8-f962-40c8-913a-844202ff95ac,陕西,西安,,,2025-03-01,2026-03-01,2,serial_id,asc,24,2026-03-10T10:47:49+00:00
a3fa888f-86ca-4153-b426-7debe7665641,2025090600355,2,0,2,2025-09-06 10:00,2025-09-06 11:00,57964,lesserpanda129,陕西省,西安市,莲湖区,莲湖区儿童公园(早慈巷西),a3fa888f-86ca-4153-b426-7debe7665641,陕西,西安,,,2025-03-01,2026-03-01,2,serial_id,asc,24,2026-03-10T10:47:49+00:00
f8bfdc9e-7a16-41bd-b353-2121d8ba9c25,2025090600435,2,0,23,2025-09-06 11:00,2025-09-06 12:00,22366,688chxiuq,陕西省,西安市,长安区,长安区王莽街道刘秀村,f8bfdc9e-7a16-41bd-b353-2121d8ba9c25,陕西,西安,,,2025-03-01,2026-03-01,2,serial_id,asc,24,2026-03-10T10:47:49+00:00
e449153a-690c-4acb-9cea-cca3a1fb37f5,2025090600497,2,0,7,2025-09-06 12:00,2025-09-06 15:30,76731,春天的鼹鼠,陕西省,西安市,莲湖区,丰庆公园,e449153a-690c-4acb-9cea-cca3a1fb37f5,陕西,西安,,,2025-03-01,2026-03-01,2,serial_id,asc,24,2026-03-10T10:47:49+00:00
34f7191f-ca64-482c-8471-a43e04dc0231,2025090600511,2,0,5,2025-09-06 11:00,2025-09-06 12:00,22345,山丘,陕西省,西安市,长安区,长安区王莽街道刘秀村,34f7191f-ca64-482c-8471-a43e04dc0231,陕西,西安,,,2025-03-01,2026-03-01,2,serial_id,asc,24,2026-03-10T10:47:49+00:00
dc90c916-0f60-4c34-b989-8ac6cf46132c,2025090600517,2,0,1,2025-09-06 12:00,2025-09-06 13:00,92659,陇客,陕西省,西安市,碑林区,自在广场,dc90c916-0f60-4c34-b989-8ac6cf46132c,陕西,西安,,,2025-03-01,2026-03-01,2,serial_id,asc,24,2026-03-10T10:47:49+00:00
dce550d0-3f36-44b5-a7cc-e3b4ced944b8,2025090600598,2,0,19,2025-09-06 09:52,2025-09-06 13:00,63633,吃些乌桕子,陕西省,西安市,长安区,长安区杜曲街道小江村,dce550d0-3f36-44b5-a7cc-e3b4ced944b8,陕西,西安,,,2025-03-01,2026-03-01,2,serial_id,asc,24,2026-03-10T10:47:49+00:00
e779172f-f7b1-48ec-a182-1dc066ecd3c0,2025090600788,2,0,14,2025-09-06 15:00,2025-09-06 16:00,22366,688chxiuq,陕西省,西安市,长安区,库峪驿露营基地,e779172f-f7b1-48ec-a182-1dc066ecd3c0,陕西,西安,,,2025-03-01,2026-03-01,2,serial_id,asc,25,2026-03-10T10:47:51+00:00
24705f6a-d638-4115-9663-b82103810cf5,2025090600798,2,0,26,2025-09-06 14:00,2025-09-06 15:00,47058,寄居蟹,陕西省,西安市,长安区,高冠河,24705f6a-d638-4115-9663-b82103810cf5,陕西,西安,,,2025-03-01,2026-03-01,2,serial_id,asc,25,2026-03-10T10:47:51+00:00
b2802cc6-3f94-476b-a9f8-ca74e706f7b7,2025090600966,2,0,3,2025-09-06 17:00,2025-09-06 18:00,53920,Ouzel,陕西省,西安市,碑林区,西安交通大学兴庆校区胭脂坡,b2802cc6-3f94-476b-a9f8-ca74e706f7b7,陕西,西安,,,2025-03-01,2026-03-01,2,serial_id,asc,25,2026-03-10T10:47:51+00:00
482af54e-f081-4cd0-8a3b-c73237d5b8db,2025090601050,2,0,14,2025-09-06 18:00,2025-09-06 19:00,45365,亮亮的观鸟日常,陕西省,西安市,碑林区,兴庆宫公园,482af54e-f081-4cd0-8a3b-c73237d5b8db,陕西,西安,,,2025-03-01,2026-03-01,2,serial_id,asc,25,2026-03-10T10:47:51+00:00
4347e708-478f-44f8-b1cd-fede2920cca9,2025090601416,2,0,8,2025-09-06 21:00,2025-09-06 22:00,86307,李封真,陕西省,西安市,雁塔区,曲江池遗址公园,4347e708-478f-44f8-b1cd-fede2920cca9,陕西,西安,,,2025-03-01,2026-03-01,2,serial_id,asc,25,2026-03-10T10:47:51+00:00
3465d130-de50-4df1-b603-d1bde7e14603,2025090601590,2,0,20,2025-09-06 08:01,2025-09-06 15:03,74437,chaaaaaos,陕西省,西安市,未央区,浐灞国家湿地公园,3465d130-de50-4df1-b603-d1bde7e14603,陕西,西安,,,2025-03-01,2026-03-01,2,serial_id,asc,25,2026-03-10T10:47:51+00:00
f2270e54-fb23-4590-b9cb-7d5837c392c0,2025090700035,2,0,13,2025-09-06 15:00,2025-09-06 18:00,92707,XJTUGXY,陕西省,西安市,鄠邑区,涝渭湿地公园,f2270e54-fb23-4590-b9cb-7d5837c392c0,陕西,西安,,,2025-03-01,2026-03-01,2,serial_id,asc,25,2026-03-10T10:47:51+00:00
d0e8e449-b606-42cc-8e59-7f9e8f8bab2b,2025090700228,2,0,39,2025-09-07 09:00,2025-09-07 10:00,45365,亮亮的观鸟日常,陕西省,西安市,高陵区,高陵区泾渭湿地观光园,d0e8e449-b606-42cc-8e59-7f9e8f8bab2b,陕西,西安,,,2025-03-01,2026-03-01,2,serial_id,asc,25,2026-03-10T10:47:51+00:00
1aa7cdba-632f-435a-8cb4-69ebced67471,2025090700502,2,0,11,2025-09-07 10:00,2025-09-07 11:47,54636,鹊影,陕西省,西安市,莲湖区,丰庆公园,1aa7cdba-632f-435a-8cb4-69ebced67471,陕西,西安,,,2025-03-01,2026-03-01,2,serial_id,asc,25,2026-03-10T10:47:51+00:00
da16c8d3-1e01-46d7-b238-d2e17214e6ac,2025090700505,2,0,1,2025-09-07 11:00,2025-09-07 12:00,92659,陇客,陕西省,西安市,碑林区,自在广场,da16c8d3-1e01-46d7-b238-d2e17214e6ac,陕西,西安,,,2025-03-01,2026-03-01,2,serial_id,asc,25,2026-03-10T10:47:51+00:00
7377568b-cef5-486b-9ac5-78e80543553d,2025090700601,2,0,15,2025-09-07 09:00,2025-09-07 11:00,78662,绿翅旋壁雀,陕西省,西安市,长安区,樊川公园,7377568b-cef5-486b-9ac5-78e80543553d,陕西,西安,,,2025-03-01,2026-03-01,2,serial_id,asc,25,2026-03-10T10:47:51+00:00
01c55014-b0d4-4f66-954a-c83802559af0,2025090701063,2,0,11,2025-09-07 07:50,2025-09-07 11:00,87715,juzi橘子0448,陕西省,西安市,长安区,樊川公园,01c55014-b0d4-4f66-954a-c83802559af0,陕西,西安,,,2025-03-01,2026-03-01,2,serial_id,asc,25,2026-03-10T10:47:51+00:00
937aecca-db08-40fd-94d7-f98636d8eb00,2025090800100,2,0,8,2025-09-08 07:00,2025-09-08 08:00,54689,WhentheLEVEEbreaks,陕西省,西安市,雁塔区,雁塔区雁南公园(沈家桥一路东100米),937aecca-db08-40fd-94d7-f98636d8eb00,陕西,西安,,,2025-03-01,2026-03-01,2,serial_id,asc,25,2026-03-10T10:47:51+00:00
cfb308a8-82dc-445f-9f88-feb414b98d33,2025090800590,2,0,3,2025-09-07 09:00,2025-09-07 11:30,92807,柴顺顺,陕西省,西安市,未央区,浐灞湿地公园,cfb308a8-82dc-445f-9f88-feb414b98d33,陕西,西安,,,2025-03-01,2026-03-01,2,serial_id,asc,25,2026-03-10T10:47:51+00:00
2c8000a5-087e-46b0-97d0-1f46048b2ccd,2025090800947,2,0,12,2025-09-06 16:33,2025-09-06 18:33,69634,伊羊肉卷,陕西省,西安市,长安区,渭河湿地,2c8000a5-087e-46b0-97d0-1f46048b2ccd,陕西,西安,,,2025-03-01,2026-03-01,2,serial_id,asc,25,2026-03-10T10:47:51+00:00
bfe89fe2-d7fc-4d9e-b15b-fdedb7cef024,2025090900097,2,0,8,2025-09-09 06:00,2025-09-09 07:00,57607,西石大绿源白鱀豚,陕西省,西安市,鄠邑区,西安石油大学(鄠邑校区),bfe89fe2-d7fc-4d9e-b15b-fdedb7cef024,陕西,西安,,,2025-03-01,2026-03-01,2,serial_id,asc,25,2026-03-10T10:47:51+00:00
c1a19034-0f4c-4db1-b7c6-0c7a1d9071b1,2025090900297,2,0,17,2025-09-09 11:00,2025-09-09 12:00,22366,688chxiuq,陕西省,西安市,蓝田县,蓝田县蓝关古道,c1a19034-0f4c-4db1-b7c6-0c7a1d9071b1,陕西,西安,,,2025-03-01,2026-03-01,2,serial_id,asc,25,2026-03-10T10:47:51+00:00
3287a1a0-605f-4c68-9b71-f017da7c070b,2025090900298,2,0,5,2025-09-06 14:00,2025-09-06 15:00,22366,688chxiuq,陕西省,西安市,长安区,汪峪村,3287a1a0-605f-4c68-9b71-f017da7c070b,陕西,西安,,,2025-03-01,2026-03-01,2,serial_id,asc,25,2026-03-10T10:47:51+00:00
350a9745-2a38-429c-8fba-532a00cdf3cc,2025090900458,2,0,20,2025-09-09 14:00,2025-09-09 15:00,47058,寄居蟹,陕西省,西安市,长安区,圭峰寺-高冠峪,350a9745-2a38-429c-8fba-532a00cdf3cc,陕西,西安,,,2025-03-01,2026-03-01,2,serial_id,asc,25,2026-03-10T10:47:51+00:00
d4c5568c-55fb-4975-86fe-cd19a07c48de,2025090900604,2,0,17,2025-09-09 18:00,2025-09-09 19:00,75204,雪子哥,陕西省,西安市,长安区,西安交通大学科技创新港科创基地,d4c5568c-55fb-4975-86fe-cd19a07c48de,陕西,西安,,,2025-03-01,2026-03-01,2,serial_id,asc,25,2026-03-10T10:47:51+00:00
7a75ca65-7837-40dc-ae8d-120260e7eccd,2025090900847,2,0,10,2025-09-08 17:00,2025-09-08 18:15,15090,刑小天在西交创新港,陕西省,西安市,长安区,创新港及渭河湿地,7a75ca65-7837-40dc-ae8d-120260e7eccd,陕西,西安,,,2025-03-01,2026-03-01,2,serial_id,asc,25,2026-03-10T10:47:51+00:00
43e9c097-4b8d-4430-aeeb-6ae895312c7a,2025091000168,2,0,1,2025-09-09 10:03,2025-09-09 11:17,84511,yurrrx,陕西省,西安市,雁塔区,陕西师范大学(雁塔校区),43e9c097-4b8d-4430-aeeb-6ae895312c7a,陕西,西安,,,2025-03-01,2026-03-01,2,serial_id,asc,25,2026-03-10T10:47:51+00:00
19c0a044-02cb-4ef9-ba7d-5ef8b3bb2307,2025091000539,2,0,14,2025-09-10 14:06,2025-09-10 15:30,83066,yuehanl,陕西省,西安市,灞桥区,西安世博园,19c0a044-02cb-4ef9-ba7d-5ef8b3bb2307,陕西,西安,,,2025-03-01,2026-03-01,2,serial_id,asc,25,2026-03-10T10:47:51+00:00
b7030c1e-df53-4fdc-ad15-307a73e0075a,2025091000711,2,0,39,2025-09-10 07:32,2025-09-10 10:35,8668,梦翔五月天,陕西省,西安市,长安区,创新港及渭河湿地,b7030c1e-df53-4fdc-ad15-307a73e0075a,陕西,西安,,,2025-03-01,2026-03-01,2,serial_id,asc,25,2026-03-10T10:47:51+00:00
d4b112e7-fe50-4f6b-b924-23723674848c,2025091100045,2,0,7,2025-09-10 10:25,2025-09-10 17:25,68308,yeli,陕西省,西安市,碑林区,兴庆公园,d4b112e7-fe50-4f6b-b924-23723674848c,陕西,西安,,,2025-03-01,2026-03-01,2,serial_id,asc,25,2026-03-10T10:47:51+00:00
806b36d1-22d0-4c81-aa85-55135a936030,2025091200013,2,0,9,2025-09-11 05:00,2025-09-11 06:00,92707,XJTUGXY,陕西省,西安市,鄠邑区,涝渭湿地公园,806b36d1-22d0-4c81-aa85-55135a936030,陕西,西安,,,2025-03-01,2026-03-01,2,serial_id,asc,25,2026-03-10T10:47:51+00:00
445a7f3e-514a-48ff-8d2d-959db990cd9a,2025091200100,2,0,19,2025-09-12 07:00,2025-09-12 08:00,86307,李封真,陕西省,西安市,长安区,长安区樊川公园,445a7f3e-514a-48ff-8d2d-959db990cd9a,陕西,西安,,,2025-03-01,2026-03-01,2,serial_id,asc,25,2026-03-10T10:47:51+00:00
875f1ada-dad8-4971-812f-6fbcb8978e12,2025091200195,2,0,1,2025-09-07 09:00,2025-09-07 11:30,74305,oo1201,陕西省,西安市,长安区,樊川公园,875f1ada-dad8-4971-812f-6fbcb8978e12,陕西,西安,,,2025-03-01,2026-03-01,2,serial_id,asc,25,2026-03-10T10:47:51+00:00
40f83591-b11a-4764-93f2-486c4ffe1e98,2025091200221,2,0,15,2025-09-12 10:00,2025-09-12 11:00,86307,李封真,陕西省,西安市,新城区,大明宫国家遗址公园,40f83591-b11a-4764-93f2-486c4ffe1e98,陕西,西安,,,2025-03-01,2026-03-01,2,serial_id,asc,25,2026-03-10T10:47:51+00:00
1180c166-15a1-4a26-8610-a708ee2f80d9,2025091200322,2,0,2,2025-09-12 14:00,2025-09-12 14:15,92103,二瑶,陕西省,西安市,阎良区,阎良区西安航空职业技术学院(南区),1180c166-15a1-4a26-8610-a708ee2f80d9,陕西,西安,,,2025-03-01,2026-03-01,2,serial_id,asc,25,2026-03-10T10:47:51+00:00
b3a5a030-1a5a-41a3-811b-c172ce9c9d93,2025091200457,2,0,9,2025-09-12 15:00,2025-09-12 16:00,86307,李封真,陕西省,西安市,莲湖区,丰庆公园,b3a5a030-1a5a-41a3-811b-c172ce9c9d93,陕西,西安,,,2025-03-01,2026-03-01,2,serial_id,asc,25,2026-03-10T10:47:51+00:00
578185ec-7b8f-4329-8233-9d3aa9f0e2f5,2025091200646,2,0,13,2025-09-12 16:30,2025-09-12 18:30,88227,池小白,陕西省,西安市,长安区,长安区樊川公园(潏河路南200米),578185ec-7b8f-4329-8233-9d3aa9f0e2f5,陕西,西安,,,2025-03-01,2026-03-01,2,serial_id,asc,25,2026-03-10T10:47:51+00:00
4e8e15c3-7fb3-410c-b8b4-32fb7defd162,2025091200678,2,0,12,2025-09-12 11:27,2025-09-12 16:27,22366,688chxiuq,陕西省,西安市,蓝田县,蓝关古道,4e8e15c3-7fb3-410c-b8b4-32fb7defd162,陕西,西安,,,2025-03-01,2026-03-01,2,serial_id,asc,25,2026-03-10T10:47:51+00:00
4125f207-4fc8-47af-a8d9-d6c9dd2224e7,2025091300038,2,0,1,2025-09-13 07:05,2025-09-13 08:00,39128,liulaom,陕西省,西安市,未央区,陕西省西安中学,4125f207-4fc8-47af-a8d9-d6c9dd2224e7,陕西,西安,,,2025-03-01,2026-03-01,2,serial_id,asc,25,2026-03-10T10:47:51+00:00
fa73f6eb-08ce-4cb8-a7b7-f928d22290a8,2025091300053,2,0,14,2025-09-13 06:25,2025-09-13 07:25,39107,happy张,陕西省,西安市,长安区,子午峪,fa73f6eb-08ce-4cb8-a7b7-f928d22290a8,陕西,西安,,,2025-03-01,2026-03-01,2,serial_id,asc,25,2026-03-10T10:47:51+00:00
c99ca3bc-81ca-499c-b86d-a58cc77fe972,2025091300219,2,0,3,2025-09-13 09:00,2025-09-13 10:00,53920,Ouzel,陕西省,西安市,碑林区,西安交通大学兴庆校区,c99ca3bc-81ca-499c-b86d-a58cc77fe972,陕西,西安,,,2025-03-01,2026-03-01,2,serial_id,asc,25,2026-03-10T10:47:51+00:00
8d4da315-1375-4a74-a46b-b46a4af795c8,2025091300240,2,0,1,2025-09-13 09:00,2025-09-13 10:00,69205,伊犁鼠兔,陕西省,西安市,鄠邑区,西安石油大学(鄠邑校区),8d4da315-1375-4a74-a46b-b46a4af795c8,陕西,西安,,,2025-03-01,2026-03-01,2,serial_id,asc,25,2026-03-10T10:47:51+00:00
d0a63aed-8f58-4e17-943a-81a58d17bece,2025091300465,2,0,14,2025-09-13 09:58,2025-09-13 12:00,63633,吃些乌桕子,陕西省,西安市,长安区,祥峪沟村小河,d0a63aed-8f58-4e17-943a-81a58d17bece,陕西,西安,,,2025-03-01,2026-03-01,2,serial_id,asc,25,2026-03-10T10:47:51+00:00
5ba88bae-a7d4-490b-9553-272031098af8,2025091300731,2,0,17,2025-09-13 10:00,2025-09-13 11:30,88227,池小白,陕西省,西安市,长安区,长安区王莽街道刘秀村,5ba88bae-a7d4-490b-9553-272031098af8,陕西,西安,,,2025-03-01,2026-03-01,2,serial_id,asc,25,2026-03-10T10:47:51+00:00
31f85c17-3229-4179-80d5-f4d4b4c07da3,2025091300961,2,0,4,2025-09-13 15:00,2025-09-13 17:00,92707,XJTUGXY,陕西省,西安市,莲湖区,丰庆公园,31f85c17-3229-4179-80d5-f4d4b4c07da3,陕西,西安,,,2025-03-01,2026-03-01,2,serial_id,asc,25,2026-03-10T10:47:51+00:00
dde54838-6b36-4973-bd7a-747051775046,2025091301051,2,0,7,2025-09-13 16:00,2025-09-13 17:00,69205,伊犁鼠兔,陕西省,西安市,鄠邑区,渼陂湖,dde54838-6b36-4973-bd7a-747051775046,陕西,西安,,,2025-03-01,2026-03-01,2,serial_id,asc,25,2026-03-10T10:47:51+00:00
ae6eb830-772f-48c1-a04a-094f0e033b92,2025091301262,2,0,15,2025-09-13 13:30,2025-09-13 15:30,12692,maixiangliulian,陕西省,西安市,鄠邑区,利君制药东北谭滨河沿线,ae6eb830-772f-48c1-a04a-094f0e033b92,陕西,西安,,,2025-03-01,2026-03-01,2,serial_id,asc,25,2026-03-10T10:47:51+00:00
39e506d4-2cc1-4be4-8cb2-3438937f8bcb,2025091301315,2,0,29,2025-09-13 17:00,2025-09-13 19:00,30320,户外农夫,陕西省,西安市,阎良区,西安市阎良石川河,39e506d4-2cc1-4be4-8cb2-3438937f8bcb,陕西,西安,,,2025-03-01,2026-03-01,2,serial_id,asc,25,2026-03-10T10:47:51+00:00
7276c327-f0eb-477b-8fea-73a49366109d,2025091301327,2,0,12,2025-09-13 17:45,2025-09-13 21:00,71440,meowto,陕西省,西安市,碑林区,兴庆宫,7276c327-f0eb-477b-8fea-73a49366109d,陕西,西安,,,2025-03-01,2026-03-01,2,serial_id,asc,25,2026-03-10T10:47:51+00:00
7b006d20-741d-4801-921a-5341a668fc6e,2025091301418,2,0,30,2025-09-13 21:00,2025-09-13 22:00,75204,雪子哥,陕西省,西安市,鄠邑区,涝渭湿地公园,7b006d20-741d-4801-921a-5341a668fc6e,陕西,西安,,,2025-03-01,2026-03-01,2,serial_id,asc,25,2026-03-10T10:47:51+00:00
41fda024-e1da-4ad3-929d-0f868515e0ce,2025091400783,2,0,13,2025-09-13 09:04,2025-09-13 13:04,74437,chaaaaaos,陕西省,西安市,长安区,圭峰山,41fda024-e1da-4ad3-929d-0f868515e0ce,陕西,西安,,,2025-03-01,2026-03-01,2,serial_id,asc,25,2026-03-10T10:47:51+00:00
e4d0eee3-2295-4413-a85c-38025371e5e1,2025091401066,2,0,2,2025-09-14 09:30,2025-09-14 10:30,53920,Ouzel,陕西省,西安市,碑林区,西安交通大学兴庆校区,e4d0eee3-2295-4413-a85c-38025371e5e1,陕西,西安,,,2025-03-01,2026-03-01,2,serial_id,asc,25,2026-03-10T10:47:51+00:00
a9a7e0e8-ead7-4199-a7cf-6e50ba5057b8,2025091401466,2,0,10,2025-09-14 15:34,2025-09-14 17:34,77389,邱邱,陕西省,西安市,莲湖区,丰庆公园,a9a7e0e8-ead7-4199-a7cf-6e50ba5057b8,陕西,西安,,,2025-03-01,2026-03-01,2,serial_id,asc,25,2026-03-10T10:47:51+00:00
bf5199fd-1213-4887-abf6-e4f1d809f672,2025091401549,2,0,8,2025-09-14 16:00,2025-09-14 18:00,54636,鹊影,陕西省,西安市,未央区,天玑湖,bf5199fd-1213-4887-abf6-e4f1d809f672,陕西,西安,,,2025-03-01,2026-03-01,2,serial_id,asc,25,2026-03-10T10:47:51+00:00
1dc6c18d-7b94-42b9-aff0-bfced121c8eb,2025091500345,2,0,11,2025-09-14 09:30,2025-09-14 11:00,59244,选择困难症,陕西省,西安市,蓝田县,蓝关古道,1dc6c18d-7b94-42b9-aff0-bfced121c8eb,陕西,西安,,,2025-03-01,2026-03-01,2,serial_id,asc,25,2026-03-10T10:47:51+00:00
7850a9b9-e212-4fff-a901-50751a962a8e,2025091500350,2,0,10,2025-09-15 09:22,2025-09-15 12:00,39107,happy张,陕西省,西安市,莲湖区,丰庆公园,7850a9b9-e212-4fff-a901-50751a962a8e,陕西,西安,,,2025-03-01,2026-03-01,2,serial_id,asc,26,2026-03-10T10:47:53+00:00
a7697031-b567-492d-b559-48c9fd33bb8e,2025091500738,2,0,5,2025-09-15 17:00,2025-09-15 18:00,53920,Ouzel,陕西省,西安市,碑林区,西安交通大学兴庆校区,a7697031-b567-492d-b559-48c9fd33bb8e,陕西,西安,,,2025-03-01,2026-03-01,2,serial_id,asc,26,2026-03-10T10:47:53+00:00
02424a9b-2ad8-441f-a258-c009f4e29594,2025091500768,2,0,7,2025-09-15 18:00,2025-09-15 19:00,69205,伊犁鼠兔,陕西省,西安市,鄠邑区,潭峪河,02424a9b-2ad8-441f-a258-c009f4e29594,陕西,西安,,,2025-03-01,2026-03-01,2,serial_id,asc,26,2026-03-10T10:47:53+00:00
4d46997d-2e22-4e9a-a460-392d1a1ac810,2025091500884,2,0,6,2025-09-07 09:06,2025-09-07 14:00,63026,gallups,陕西省,西安市,未央区,皂河大桥,4d46997d-2e22-4e9a-a460-392d1a1ac810,陕西,西安,,,2025-03-01,2026-03-01,2,serial_id,asc,26,2026-03-10T10:47:53+00:00
a633461f-b9a4-490d-9bda-86dc0de7d554,2025091500915,2,0,16,2025-09-13 11:04,2025-09-13 15:08,22366,688chxiuq,陕西省,西安市,临潼区,临潼区新丰街道姚家村,a633461f-b9a4-490d-9bda-86dc0de7d554,陕西,西安,,,2025-03-01,2026-03-01,2,serial_id,asc,26,2026-03-10T10:47:53+00:00
322bb064-f73c-4c71-9e7b-b8fb3d78da68,2025091500925,2,0,13,2025-09-15 09:50,2025-09-15 15:40,22366,688chxiuq,陕西省,西安市,蓝田县,蓝关古道观景台,322bb064-f73c-4c71-9e7b-b8fb3d78da68,陕西,西安,,,2025-03-01,2026-03-01,2,serial_id,asc,26,2026-03-10T10:47:53+00:00
f5b3baaf-9e96-4a3b-b48f-8ab7b8c6f7d7,2025091900406,2,0,5,2025-09-19 13:00,2025-09-19 14:00,53920,Ouzel,陕西省,西安市,碑林区,西安交通大学兴庆校区胭脂坡,f5b3baaf-9e96-4a3b-b48f-8ab7b8c6f7d7,陕西,西安,,,2025-03-01,2026-03-01,2,serial_id,asc,26,2026-03-10T10:47:53+00:00
6c1cf0b2-6dad-4150-ad44-c16758f4d7e2,2025091900496,2,0,20,2025-09-19 15:00,2025-09-19 16:00,22366,688chxiuq,陕西省,西安市,长安区,刘秀村西南535米,6c1cf0b2-6dad-4150-ad44-c16758f4d7e2,陕西,西安,,,2025-03-01,2026-03-01,2,serial_id,asc,26,2026-03-10T10:47:53+00:00
f828c6a5-0ebe-46eb-8bed-33218326a9ff,2025091900857,2,0,12,2025-09-17 15:00,2025-09-17 17:00,61001,小伯,陕西省,西安市,碑林区,兴庆宫公园,f828c6a5-0ebe-46eb-8bed-33218326a9ff,陕西,西安,,,2025-03-01,2026-03-01,2,serial_id,asc,26,2026-03-10T10:47:53+00:00
18852318-0cdf-4b28-a573-db38673a5775,2025091900861,2,0,15,2025-09-19 22:00,2025-09-19 23:00,61001,小伯,陕西省,西安市,新城区,大明宫国家遗址公园,18852318-0cdf-4b28-a573-db38673a5775,陕西,西安,,,2025-03-01,2026-03-01,2,serial_id,asc,26,2026-03-10T10:47:53+00:00
695d1a00-6823-4b72-8f4b-d1e0f7bd996e,2025092000526,2,0,22,2025-09-20 11:00,2025-09-20 12:00,74437,chaaaaaos,陕西省,西安市,长安区,潏河湿地公园,695d1a00-6823-4b72-8f4b-d1e0f7bd996e,陕西,西安,,,2025-03-01,2026-03-01,2,serial_id,asc,26,2026-03-10T10:47:53+00:00
1f322a66-4a7e-46d8-8020-45c0d141f27f,2025092000817,2,0,6,2025-09-20 14:00,2025-09-20 15:00,63026,gallups,陕西省,西安市,蓝田县,蓝关古道,1f322a66-4a7e-46d8-8020-45c0d141f27f,陕西,西安,,,2025-03-01,2026-03-01,2,serial_id,asc,26,2026-03-10T10:47:53+00:00
ad6ba921-c12e-4695-808c-2424032b7903,2025092000990,2,0,15,2025-09-20 14:00,2025-09-20 15:00,69205,伊犁鼠兔,陕西省,西安市,长安区,长安区昆明池·七夕公园,ad6ba921-c12e-4695-808c-2424032b7903,陕西,西安,,,2025-03-01,2026-03-01,2,serial_id,asc,26,2026-03-10T10:47:53+00:00
17ca0b24-f9a4-4856-81c0-3916c5ad9ade,2025092001087,2,0,9,2025-09-20 16:00,2025-09-20 17:00,22366,688chxiuq,陕西省,西安市,蓝田县,祝国寺文峰塔,17ca0b24-f9a4-4856-81c0-3916c5ad9ade,陕西,西安,,,2025-03-01,2026-03-01,2,serial_id,asc,26,2026-03-10T10:47:53+00:00
17d5bb31-9e28-48b5-b148-5fe6f1bba74e,2025092001302,2,0,11,2025-09-20 14:45,2025-09-20 18:45,57607,西石大绿源白鱀豚,陕西省,西安市,长安区,昆明池·七夕公园,17d5bb31-9e28-48b5-b148-5fe6f1bba74e,陕西,西安,,,2025-03-01,2026-03-01,2,serial_id,asc,26,2026-03-10T10:47:53+00:00
b640ed3f-8a07-47d6-9376-b36a411242af,2025092101128,2,0,35,2025-09-20 16:00,2025-09-20 18:30,30320,户外农夫,陕西省,西安市,阎良区,西安市阎良石川河,b640ed3f-8a07-47d6-9376-b36a411242af,陕西,西安,,,2025-03-01,2026-03-01,2,serial_id,asc,26,2026-03-10T10:47:53+00:00
ed3d7ff4-754b-486e-873b-ec318fa6ff95,2025092200412,2,0,3,2025-09-22 11:00,2025-09-22 12:00,53920,Ouzel,陕西省,西安市,碑林区,西安交通大学兴庆校区胭脂坡,ed3d7ff4-754b-486e-873b-ec318fa6ff95,陕西,西安,,,2025-03-01,2026-03-01,2,serial_id,asc,26,2026-03-10T10:47:53+00:00
016c95a5-7377-416e-869e-b849b6e0a34a,2025092400006,2,0,8,2025-09-23 14:00,2025-09-23 18:00,92707,XJTUGXY,陕西省,西安市,鄠邑区,涝渭湿地公园,016c95a5-7377-416e-869e-b849b6e0a34a,陕西,西安,,,2025-03-01,2026-03-01,2,serial_id,asc,26,2026-03-10T10:47:53+00:00
e1149412-aaf2-4d15-8b58-992e45f4fc21,2025092400748,2,0,18,2025-09-24 15:00,2025-09-24 16:00,86307,李封真,陕西省,西安市,鄠邑区,涝渭湿地公园,e1149412-aaf2-4d15-8b58-992e45f4fc21,陕西,西安,,,2025-03-01,2026-03-01,2,serial_id,asc,26,2026-03-10T10:47:53+00:00
a2d7f413-d1d8-487c-a2b7-d0f4a217fe6d,2025092400837,2,0,1,2025-09-24 12:30,2025-09-24 13:00,53920,Ouzel,陕西省,西安市,碑林区,西安交通大学兴庆校区胭脂坡,a2d7f413-d1d8-487c-a2b7-d0f4a217fe6d,陕西,西安,,,2025-03-01,2026-03-01,2,serial_id,asc,26,2026-03-10T10:47:53+00:00
4c97a0f2-1469-43ac-9281-aee0dd00b251,2025092500398,2,0,35,2025-09-25 08:00,2025-09-25 09:00,47058,寄居蟹,陕西省,西安市,长安区,圭峰寺,4c97a0f2-1469-43ac-9281-aee0dd00b251,陕西,西安,,,2025-03-01,2026-03-01,2,serial_id,asc,26,2026-03-10T10:47:53+00:00
0ff75142-e606-4afd-9c11-5d981f79f50c,2025092500607,2,0,17,2025-09-24 15:47,2025-09-24 17:47,63633,吃些乌桕子,陕西省,西安市,雁塔区,雁塔区电子城街道齐王村,0ff75142-e606-4afd-9c11-5d981f79f50c,陕西,西安,,,2025-03-01,2026-03-01,2,serial_id,asc,26,2026-03-10T10:47:53+00:00
d8c6e702-3960-4a08-a7a0-fb00ff9b95fd,2025092500726,2,0,1,2025-09-25 14:00,2025-09-25 15:00,53920,Ouzel,陕西省,西安市,碑林区,西安交通大学(兴庆校区)东10南侧小树林,d8c6e702-3960-4a08-a7a0-fb00ff9b95fd,陕西,西安,,,2025-03-01,2026-03-01,2,serial_id,asc,26,2026-03-10T10:47:53+00:00
ae562588-8750-4933-9c31-7a07aaa00679,2025092500790,2,0,2,2025-09-25 15:00,2025-09-25 16:00,53920,Ouzel,陕西省,西安市,碑林区,西安交通大学兴庆校区胭脂坡,ae562588-8750-4933-9c31-7a07aaa00679,陕西,西安,,,2025-03-01,2026-03-01,2,serial_id,asc,26,2026-03-10T10:47:53+00:00
a7e9aa62-7cee-4c96-8b7b-717d4f374059,2025092600451,2,0,3,2025-09-09 11:00,2025-09-09 12:00,22345,山丘,陕西省,西安市,蓝田县,蓝田县蓝关古道,a7e9aa62-7cee-4c96-8b7b-717d4f374059,陕西,西安,,,2025-03-01,2026-03-01,2,serial_id,asc,26,2026-03-10T10:47:53+00:00
04e7f23e-81b4-4726-a05e-a58a6ae171d1,2025092600474,2,0,2,2025-09-26 13:30,2025-09-26 14:00,53920,Ouzel,陕西省,西安市,碑林区,西安交通大学兴庆校区胭脂坡,04e7f23e-81b4-4726-a05e-a58a6ae171d1,陕西,西安,,,2025-03-01,2026-03-01,2,serial_id,asc,26,2026-03-10T10:47:53+00:00
73a8ad87-4b63-41bf-a7cd-9da1e4695bbc,2025092600475,2,0,1,2025-09-26 13:00,2025-09-26 13:30,53920,Ouzel,陕西省,西安市,碑林区,西安交通大学兴庆校区东西花园,73a8ad87-4b63-41bf-a7cd-9da1e4695bbc,陕西,西安,,,2025-03-01,2026-03-01,2,serial_id,asc,26,2026-03-10T10:47:53+00:00
94f997ab-67dd-45d8-99f2-7e73d59ae8cb,2025092600982,2,0,11,2025-09-26 21:00,2025-09-26 22:00,66398,香香鸡贴贴,陕西省,西安市,长安区,西工大长安校区,94f997ab-67dd-45d8-99f2-7e73d59ae8cb,陕西,西安,,,2025-03-01,2026-03-01,2,serial_id,asc,26,2026-03-10T10:47:53+00:00
0188cab6-f370-4b0b-b3e7-93ef49779bf5,2025092601083,2,0,17,2025-09-26 15:18,2025-09-26 18:38,74457,July333,陕西省,西安市,未央区,浐灞国家湿地公园,0188cab6-f370-4b0b-b3e7-93ef49779bf5,陕西,西安,,,2025-03-01,2026-03-01,2,serial_id,asc,26,2026-03-10T10:47:53+00:00
e5a3befc-3ede-4952-8d11-1938ddc697cd,2025092700423,2,0,12,2025-09-27 09:30,2025-09-27 11:00,71401,高蓓,陕西省,西安市,长安区,长安区昆明池·七夕公园(鱼斗路南150米),e5a3befc-3ede-4952-8d11-1938ddc697cd,陕西,西安,,,2025-03-01,2026-03-01,2,serial_id,asc,26,2026-03-10T10:47:53+00:00
a13c71d3-3edb-4165-95a5-e50ff186174a,2025092700505,2,0,18,2025-09-27 09:00,2025-09-27 10:00,66869,移动不动的夜鹭,陕西省,西安市,长安区,西北工业大学长安校区,a13c71d3-3edb-4165-95a5-e50ff186174a,陕西,西安,,,2025-03-01,2026-03-01,2,serial_id,asc,26,2026-03-10T10:47:53+00:00
ffc25d41-37d4-4884-82ab-a38cf1e7e81f,2025092700514,2,0,17,2025-09-27 09:00,2025-09-27 10:00,66388,洋甘菊,陕西省,西安市,长安区,西北工业大学长安校区,ffc25d41-37d4-4884-82ab-a38cf1e7e81f,陕西,西安,,,2025-03-01,2026-03-01,2,serial_id,asc,26,2026-03-10T10:47:53+00:00
f953c237-e91e-491d-95ec-5f02c9840f62,2025092700856,2,0,3,2025-08-08 08:00,2025-08-08 09:00,91485,龟仙毛毛虫,陕西省,西安市,临潼区,秦始皇兵马俑博物馆,f953c237-e91e-491d-95ec-5f02c9840f62,陕西,西安,,,2025-03-01,2026-03-01,2,serial_id,asc,26,2026-03-10T10:47:53+00:00
f3512590-cd8e-4935-b684-6cb847266a20,2025092700925,2,0,1,2025-09-27 15:00,2025-09-27 16:00,50271,张弱水,陕西省,西安市,长安区,航天基地水生态循环公园,f3512590-cd8e-4935-b684-6cb847266a20,陕西,西安,,,2025-03-01,2026-03-01,2,serial_id,asc,26,2026-03-10T10:47:53+00:00
6a471a7c-cacb-4328-ad1d-335c13fcaaab,2025092700930,2,0,1,2025-09-27 15:00,2025-09-27 16:00,50271,张弱水,陕西省,西安市,长安区,航天基地水生态循环公园,6a471a7c-cacb-4328-ad1d-335c13fcaaab,陕西,西安,,,2025-03-01,2026-03-01,2,serial_id,asc,26,2026-03-10T10:47:53+00:00
9c1c5db6-6147-40db-8769-22368e34b804,2025092701242,2,0,23,2025-09-27 13:55,2025-09-27 17:25,54636,鹊影,陕西省,西安市,鄠邑区,涝渭湿地公园,9c1c5db6-6147-40db-8769-22368e34b804,陕西,西安,,,2025-03-01,2026-03-01,2,serial_id,asc,26,2026-03-10T10:47:53+00:00
79ee86d1-f89f-46fc-90cc-e2b39266cbe6,2025092701408,2,0,31,2025-09-26 09:20,2025-09-26 11:00,30320,户外农夫,陕西省,西安市,阎良区,西安市阎良石川河,79ee86d1-f89f-46fc-90cc-e2b39266cbe6,陕西,西安,,,2025-03-01,2026-03-01,2,serial_id,asc,26,2026-03-10T10:47:53+00:00
ce6e8331-1d6b-4b39-989f-c426d367406d,2025092900342,2,0,10,2025-09-29 08:00,2025-09-29 09:00,70302,烛影摇红,陕西省,西安市,鄠邑区,渭丰镇河堤路南500米,ce6e8331-1d6b-4b39-989f-c426d367406d,陕西,西安,,,2025-03-01,2026-03-01,2,serial_id,asc,26,2026-03-10T10:47:53+00:00
dd8fd8d9-e5e3-488e-8bef-20cac5f52c4f,2025093000349,2,0,34,2025-09-30 08:00,2025-09-30 09:00,47058,寄居蟹,陕西省,西安市,长安区,圭峰寺,dd8fd8d9-e5e3-488e-8bef-20cac5f52c4f,陕西,西安,,,2025-03-01,2026-03-01,2,serial_id,asc,26,2026-03-10T10:47:53+00:00
da0e3fae-7f28-437a-8b04-084ad95344cc,2025100101029,2,0,9,2025-10-01 15:00,2025-10-01 15:57,66869,移动不动的夜鹭,陕西省,西安市,碑林区,碑林区兴庆宫公园(兴庆宫公园通阳门东北150米),da0e3fae-7f28-437a-8b04-084ad95344cc,陕西,西安,,,2025-03-01,2026-03-01,2,serial_id,asc,26,2026-03-10T10:47:53+00:00
4c49fdac-4cbf-464a-b5ba-031dfb0eb0a9,2025100101783,2,0,19,2025-10-01 09:00,2025-10-01 10:00,66869,移动不动的夜鹭,陕西省,西安市,未央区,未央区西安浐灞国家湿地公园芦曲南湖东100米,4c49fdac-4cbf-464a-b5ba-031dfb0eb0a9,陕西,西安,,,2025-03-01,2026-03-01,2,serial_id,asc,26,2026-03-10T10:47:53+00:00
9cc61c60-c5c1-43f3-b42a-c159b97301a6,2025100101931,2,0,9,2025-08-31 09:00,2025-08-31 11:41,45081,阿七同学,陕西省,西安市,阎良区,西安市阎良石川河,9cc61c60-c5c1-43f3-b42a-c159b97301a6,陕西,西安,,,2025-03-01,2026-03-01,2,serial_id,asc,26,2026-03-10T10:47:53+00:00
4b9cd0c9-f71b-4fa5-b3e4-238fb214b427,2025100200651,2,0,3,2025-10-02 11:00,2025-10-02 12:00,37924,延河,陕西省,西安市,鄠邑区,鄠邑区庞光街道方家凹,4b9cd0c9-f71b-4fa5-b3e4-238fb214b427,陕西,西安,,,2025-03-01,2026-03-01,2,serial_id,asc,26,2026-03-10T10:47:53+00:00
302a0727-cbee-4c79-853c-14214e8d7631,2025100300429,2,0,3,2025-10-01 16:00,2025-10-01 17:00,14422,Zyf2019,陕西省,西安市,周至县,周至县富仁镇人民政府北800米(康竹路),302a0727-cbee-4c79-853c-14214e8d7631,陕西,西安,,,2025-03-01,2026-03-01,2,serial_id,asc,26,2026-03-10T10:47:53+00:00
e55be5e9-2dec-4877-8974-59355b11baac,2025100300434,2,0,3,2025-10-03 09:00,2025-10-03 10:00,14422,Zyf2019,陕西省,西安市,周至县,秦岭四宝科学公园,e55be5e9-2dec-4877-8974-59355b11baac,陕西,西安,,,2025-03-01,2026-03-01,2,serial_id,asc,26,2026-03-10T10:47:53+00:00
df392f5f-6e4f-4f75-bd84-aa8c932b113c,2025100400063,2,0,2,2025-10-04 01:00,2025-10-04 02:00,86441,silverash42,陕西省,西安市,雁塔区,曲江池遗址公园(片云桥),df392f5f-6e4f-4f75-bd84-aa8c932b113c,陕西,西安,,,2025-03-01,2026-03-01,2,serial_id,asc,26,2026-03-10T10:47:53+00:00
f1fcc539-af11-47cf-b0ec-73a1cc8f11cc,2025100400072,2,0,5,2025-10-04 01:00,2025-10-04 02:00,86441,silverash42,陕西省,西安市,碑林区,西安碑林博物馆,f1fcc539-af11-47cf-b0ec-73a1cc8f11cc,陕西,西安,,,2025-03-01,2026-03-01,2,serial_id,asc,26,2026-03-10T10:47:53+00:00
2ed64185-e8ed-46bd-917f-64da8929ebef,2025100400075,2,0,1,2025-10-04 01:00,2025-10-04 02:00,86441,silverash42,陕西省,西安市,长安区,未来之瞳大剧院,2ed64185-e8ed-46bd-917f-64da8929ebef,陕西,西安,,,2025-03-01,2026-03-01,2,serial_id,asc,26,2026-03-10T10:47:53+00:00
1363817e-326c-4b07-8fbe-59d5a8eaf42a,2025100400982,2,0,8,2025-04-27 09:00,2025-04-27 10:00,69890,yushi,陕西省,西安市,临潼区,秦始皇兵马俑博物馆,1363817e-326c-4b07-8fbe-59d5a8eaf42a,陕西,西安,,,2025-03-01,2026-03-01,2,serial_id,asc,26,2026-03-10T10:47:53+00:00
eb3a83c6-b33d-4988-b038-04031b495bff,2025100400984,2,0,2,2025-04-29 12:00,2025-04-29 13:00,69890,yushi,陕西省,西安市,长安区,陕西考古博物馆,eb3a83c6-b33d-4988-b038-04031b495bff,陕西,西安,,,2025-03-01,2026-03-01,2,serial_id,asc,26,2026-03-10T10:47:53+00:00
344ad58e-ffcf-4e53-a0d8-37a1e62b1a04,2025100401127,2,0,14,2025-10-04 11:00,2025-10-04 13:00,73201,红彤彤的文青birder形态,陕西省,西安市,长安区,沣河梁家滩湿地,344ad58e-ffcf-4e53-a0d8-37a1e62b1a04,陕西,西安,,,2025-03-01,2026-03-01,2,serial_id,asc,27,2026-03-10T10:47:56+00:00
62e6270b-5191-4ab3-a210-be72505ddce6,2025100501176,2,0,1,2025-10-05 15:00,2025-10-05 16:00,64100,SamZ,陕西省,西安市,临潼区,西坪村,62e6270b-5191-4ab3-a210-be72505ddce6,陕西,西安,,,2025-03-01,2026-03-01,2,serial_id,asc,27,2026-03-10T10:47:56+00:00
4b1bb6b2-ea6f-429e-9d7c-a08387cca23e,2025100501788,2,0,5,2025-10-05 18:00,2025-10-05 19:00,94896,Joppa233,陕西省,西安市,莲湖区,丰庆公园,4b1bb6b2-ea6f-429e-9d7c-a08387cca23e,陕西,西安,,,2025-03-01,2026-03-01,2,serial_id,asc,27,2026-03-10T10:47:56+00:00
7d97a5d9-5b35-4d3e-ac50-321a5bbd4cb0,2025100600385,2,0,3,2025-10-06 10:00,2025-10-06 11:00,56497,moli,陕西省,西安市,莲湖区,蓮湖公園,7d97a5d9-5b35-4d3e-ac50-321a5bbd4cb0,陕西,西安,,,2025-03-01,2026-03-01,2,serial_id,asc,27,2026-03-10T10:47:56+00:00
52b8e157-7420-4148-9210-543f4dc7c07c,2025100601355,2,0,2,2025-10-06 15:00,2025-10-06 16:00,61744,王小浪,陕西省,西安市,周至县,秦岭国家植物园,52b8e157-7420-4148-9210-543f4dc7c07c,陕西,西安,,,2025-03-01,2026-03-01,2,serial_id,asc,27,2026-03-10T10:47:56+00:00
f632c237-54f2-4e05-b4a1-709688c411bd,2025100601368,2,0,1,2025-10-06 17:00,2025-10-06 18:00,84511,yurrrx,陕西省,西安市,雁塔区,陕西师范大学(雁塔校区),f632c237-54f2-4e05-b4a1-709688c411bd,陕西,西安,,,2025-03-01,2026-03-01,2,serial_id,asc,27,2026-03-10T10:47:56+00:00
d96d6137-2588-4b47-b574-480c97d228fc,2025100700326,2,0,6,2025-10-06 12:43,2025-10-06 14:00,29909,🐘,陕西省,西安市,新城区,镇坪县城附近,d96d6137-2588-4b47-b574-480c97d228fc,陕西,西安,,,2025-03-01,2026-03-01,2,serial_id,asc,27,2026-03-10T10:47:56+00:00
5aafa36a-c9ab-4ba7-8139-fc0dd0a0adc9,2025100701292,2,0,2,2025-10-07 12:30,2025-10-07 13:30,95682,鲸鱼Ren,陕西省,西安市,鄠邑区,涝渭湿地公园,5aafa36a-c9ab-4ba7-8139-fc0dd0a0adc9,陕西,西安,,,2025-03-01,2026-03-01,2,serial_id,asc,27,2026-03-10T10:47:56+00:00
a1e52334-b1d2-4dfa-995e-d183ad54c804,2025100800162,2,0,7,2025-10-08 08:00,2025-10-08 09:00,56801,franksc,陕西省,西安市,长安区,樊川公园,a1e52334-b1d2-4dfa-995e-d183ad54c804,陕西,西安,,,2025-03-01,2026-03-01,2,serial_id,asc,27,2026-03-10T10:47:56+00:00
a8c8cd7b-a556-454b-96ae-590b3bdff617,2025100800401,2,0,7,2025-10-07 09:57,2025-10-07 10:57,71440,meowto,陕西省,西安市,临潼区,骊山半山腰,a8c8cd7b-a556-454b-96ae-590b3bdff617,陕西,西安,,,2025-03-01,2026-03-01,2,serial_id,asc,27,2026-03-10T10:47:56+00:00
f27c9cdf-9d60-472c-ab6a-59d1fa76ff17,2025100800664,2,0,1,2025-10-08 13:00,2025-10-08 14:00,86307,李封真,陕西省,西安市,长安区,西安交通大学科技创新港科创基地,f27c9cdf-9d60-472c-ab6a-59d1fa76ff17,陕西,西安,,,2025-03-01,2026-03-01,2,serial_id,asc,27,2026-03-10T10:47:56+00:00
140e475e-a9e3-4e03-8dc6-d0dc2522f791,2025100800954,2,0,17,2025-10-08 15:00,2025-10-08 16:00,57998,Peter鸺鹠,陕西省,西安市,未央区,浐灞国家湿地公园,140e475e-a9e3-4e03-8dc6-d0dc2522f791,陕西,西安,,,2025-03-01,2026-03-01,2,serial_id,asc,27,2026-03-10T10:47:56+00:00
5eb31320-a8dd-4d75-af6f-81ed6f38d105,2025100801036,2,0,34,2025-10-08 07:00,2025-10-08 09:00,30320,户外农夫,陕西省,西安市,阎良区,西安市阎良石川河,5eb31320-a8dd-4d75-af6f-81ed6f38d105,陕西,西安,,,2025-03-01,2026-03-01,2,serial_id,asc,27,2026-03-10T10:47:56+00:00
1621ff36-deca-4612-b258-ffcd26e8c28f,2025100801102,2,0,1,2025-10-08 17:00,2025-10-08 18:00,58868,snakefish,陕西省,西安市,长安区,南营(咸阳市秦都区),1621ff36-deca-4612-b258-ffcd26e8c28f,陕西,西安,,,2025-03-01,2026-03-01,2,serial_id,asc,27,2026-03-10T10:47:56+00:00
3bca5e30-586d-497e-97a3-c5ba32fb8be0,2025100801299,2,0,34,2025-10-08 15:00,2025-10-08 17:00,59244,选择困难症,陕西省,西安市,长安区,樊川公园,3bca5e30-586d-497e-97a3-c5ba32fb8be0,陕西,西安,,,2025-03-01,2026-03-01,2,serial_id,asc,27,2026-03-10T10:47:56+00:00
3176cb09-dcb2-4779-bd3e-349241450374,2025100801526,2,0,10,2025-10-06 16:56,2025-10-07 10:30,48103,widea,陕西省,西安市,长安区,圭峰寺,3176cb09-dcb2-4779-bd3e-349241450374,陕西,西安,,,2025-03-01,2026-03-01,2,serial_id,asc,27,2026-03-10T10:47:56+00:00
e5c30e24-0c91-401e-bac7-d35e85c4a7d5,2025100900049,2,0,3,2025-10-09 07:00,2025-10-09 08:00,56497,moli,陕西省,西安市,雁塔区,陕西师范大学(雁塔校区),e5c30e24-0c91-401e-bac7-d35e85c4a7d5,陕西,西安,,,2025-03-01,2026-03-01,2,serial_id,asc,27,2026-03-10T10:47:56+00:00
2a9016b2-3147-44bc-a23e-95f2a2916dd9,2025100900399,2,0,7,2025-10-09 12:30,2025-10-09 13:11,57998,Peter鸺鹠,陕西省,西安市,临潼区,秦始皇兵马俑博物馆,2a9016b2-3147-44bc-a23e-95f2a2916dd9,陕西,西安,,,2025-03-01,2026-03-01,2,serial_id,asc,27,2026-03-10T10:47:56+00:00
fe2eef19-0e04-4355-859e-9305458ed5bf,2025100900728,2,0,5,2025-10-09 16:00,2025-10-09 16:40,22753,Douting,陕西省,西安市,高陵区,泾渭分明,fe2eef19-0e04-4355-859e-9305458ed5bf,陕西,西安,,,2025-03-01,2026-03-01,2,serial_id,asc,27,2026-03-10T10:47:56+00:00
426126da-a8de-4e11-92f4-0593c88a7736,2025100900733,2,0,8,2025-10-08 17:16,2025-10-08 18:30,22753,Douting,陕西省,西安市,灞桥区,灞桥区高陵泾渭湿地观光园浐灞湖西南(河堤路北),426126da-a8de-4e11-92f4-0593c88a7736,陕西,西安,,,2025-03-01,2026-03-01,2,serial_id,asc,27,2026-03-10T10:47:56+00:00
66869e0e-054b-4778-b91b-a8eac2846cd4,2025101000210,2,0,1,2025-10-10 10:00,2025-10-10 11:00,69634,伊羊肉卷,陕西省,西安市,长安区,西安交通大学科技创新港科创基地,66869e0e-054b-4778-b91b-a8eac2846cd4,陕西,西安,,,2025-03-01,2026-03-01,2,serial_id,asc,27,2026-03-10T10:47:56+00:00
b7651fe6-1d46-4184-946c-29e755870a33,2025101000341,2,0,21,2025-10-08 10:00,2025-10-08 15:00,12692,maixiangliulian,陕西省,西安市,鄠邑区,涝河,b7651fe6-1d46-4184-946c-29e755870a33,陕西,西安,,,2025-03-01,2026-03-01,2,serial_id,asc,27,2026-03-10T10:47:56+00:00
c938c00c-d2cf-49e9-96b5-1b95f8670eb5,2025101000345,2,0,4,2025-10-10 12:00,2025-10-10 13:00,73554,白鹡鸰早起去观鸟,陕西省,西安市,碑林区,西安理工大学(金花校区),c938c00c-d2cf-49e9-96b5-1b95f8670eb5,陕西,西安,,,2025-03-01,2026-03-01,2,serial_id,asc,27,2026-03-10T10:47:56+00:00
ff483c4e-0071-425c-b24a-f98d78dc8a40,2025101000960,2,0,1,2025-10-10 13:00,2025-10-10 14:00,53920,Ouzel,陕西省,西安市,碑林区,西安交通大学兴庆校区胭脂坡,ff483c4e-0071-425c-b24a-f98d78dc8a40,陕西,西安,,,2025-03-01,2026-03-01,2,serial_id,asc,27,2026-03-10T10:47:56+00:00
0982ce54-5a77-4e7d-af41-6e9fd95f3415,2025101001046,2,0,16,2025-10-10 15:30,2025-10-10 18:00,54797,yuyu114514,陕西省,西安市,高陵区,灞渭桥车游湿地,0982ce54-5a77-4e7d-af41-6e9fd95f3415,陕西,西安,,,2025-03-01,2026-03-01,2,serial_id,asc,27,2026-03-10T10:47:56+00:00
63ffb84b-8892-41d0-bd5f-18b756f7f999,2025101100535,2,0,6,2025-10-10 17:15,2025-10-10 18:15,71440,meowto,陕西省,西安市,新城区,长乐公园,63ffb84b-8892-41d0-bd5f-18b756f7f999,陕西,西安,,,2025-03-01,2026-03-01,2,serial_id,asc,27,2026-03-10T10:47:56+00:00
195cbedb-9361-42b8-9c5c-2ce38f1ca2f2,2025101100551,2,0,13,2025-10-11 11:00,2025-10-11 12:00,66869,移动不动的夜鹭,陕西省,西安市,长安区,西工大长安校区,195cbedb-9361-42b8-9c5c-2ce38f1ca2f2,陕西,西安,,,2025-03-01,2026-03-01,2,serial_id,asc,27,2026-03-10T10:47:56+00:00
b308aec4-8201-49aa-b53f-0f7ba877a170,2025101100621,2,0,1,2025-10-11 12:00,2025-10-11 13:00,86307,李封真,陕西省,西安市,长安区,西安交通大学南区学生公寓(畅园),b308aec4-8201-49aa-b53f-0f7ba877a170,陕西,西安,,,2025-03-01,2026-03-01,2,serial_id,asc,27,2026-03-10T10:47:56+00:00
ca35406d-8447-42a9-abf5-6eec4d47ae24,2025101300505,2,0,8,2025-10-13 13:00,2025-10-13 14:00,87138,我爱吃盐筋,陕西省,西安市,鄠邑区,涝渭湿地公园,ca35406d-8447-42a9-abf5-6eec4d47ae24,陕西,西安,,,2025-03-01,2026-03-01,2,serial_id,asc,27,2026-03-10T10:47:56+00:00
bea28b1f-8bc5-45d9-8e02-f0a548f4af42,2025101300536,2,0,19,2025-10-13 11:27,2025-10-13 13:27,15366,yassinlong,陕西省,西安市,新城区,大明宫国家遗址公园,bea28b1f-8bc5-45d9-8e02-f0a548f4af42,陕西,西安,,,2025-03-01,2026-03-01,2,serial_id,asc,27,2026-03-10T10:47:56+00:00
ecab85e5-ef70-4c1a-843c-f54965b88a70,2025101300556,2,0,4,2025-10-13 14:00,2025-10-13 15:00,48078,周开叙,陕西省,西安市,雁塔区,陕西师范大学(雁塔校区),ecab85e5-ef70-4c1a-843c-f54965b88a70,陕西,西安,,,2025-03-01,2026-03-01,2,serial_id,asc,27,2026-03-10T10:47:56+00:00
e5982db4-8ad5-48b2-b350-6eb91a67ccce,2025101300963,2,0,1,2025-10-13 10:52,2025-10-13 12:00,72241,小米1228,陕西省,西安市,长安区,长安区王莽街道刘秀村,e5982db4-8ad5-48b2-b350-6eb91a67ccce,陕西,西安,,,2025-03-01,2026-03-01,2,serial_id,asc,27,2026-03-10T10:47:56+00:00
7e5d0100-c4b8-490d-aa19-1444d1128aee,2025101400312,2,0,8,2025-10-13 09:00,2025-10-13 12:00,74505,ppop,陕西省,西安市,灞桥区,灞渭桥车游湿地公园,7e5d0100-c4b8-490d-aa19-1444d1128aee,陕西,西安,,,2025-03-01,2026-03-01,2,serial_id,asc,27,2026-03-10T10:47:56+00:00
05b19dda-4a0b-4397-bc20-58baee9bf1f5,2025101400746,2,0,5,2025-10-14 18:00,2025-10-14 19:00,87138,我爱吃盐筋,陕西省,西安市,碑林区,兴庆宫公园,05b19dda-4a0b-4397-bc20-58baee9bf1f5,陕西,西安,,,2025-03-01,2026-03-01,2,serial_id,asc,27,2026-03-10T10:47:56+00:00
0087ef35-1b79-40a1-87c6-8e9fe7e6b33d,2025101400891,2,0,27,2025-10-14 08:30,2025-10-14 11:47,22527,稻稻,陕西省,西安市,碑林区,兴庆公园,0087ef35-1b79-40a1-87c6-8e9fe7e6b33d,陕西,西安,,,2025-03-01,2026-03-01,2,serial_id,asc,27,2026-03-10T10:47:56+00:00
91a66d27-e5e6-4f16-9f87-82ff007dc4b6,2025101400898,2,0,9,2025-10-14 15:30,2025-10-14 17:00,44729,zizi,陕西省,西安市,雁塔区,西安大慈恩寺景区,91a66d27-e5e6-4f16-9f87-82ff007dc4b6,陕西,西安,,,2025-03-01,2026-03-01,2,serial_id,asc,27,2026-03-10T10:47:56+00:00
1488a649-fddd-4b87-b97e-c84cb17dc49d,2025101500783,2,0,11,2025-10-15 15:00,2025-10-15 17:22,81148,qwer,陕西省,西安市,莲湖区,丰庆公园,1488a649-fddd-4b87-b97e-c84cb17dc49d,陕西,西安,,,2025-03-01,2026-03-01,2,serial_id,asc,27,2026-03-10T10:47:56+00:00
52a4bb01-9eb8-4aad-941d-79e9fc9d9fc6,2025101500830,2,0,9,2025-10-15 18:00,2025-10-15 19:00,73554,白鹡鸰早起去观鸟,陕西省,西安市,雁塔区,雁塔区浐灞生态区雁鸣湖湿地(浐河西路西),52a4bb01-9eb8-4aad-941d-79e9fc9d9fc6,陕西,西安,,,2025-03-01,2026-03-01,2,serial_id,asc,27,2026-03-10T10:47:56+00:00
604a6b24-b2db-4e60-bce6-33992ce43541,2025101500906,2,0,1,2025-08-20 07:40,2025-08-20 09:40,92707,XJTUGXY,陕西省,西安市,鄠邑区,涝渭湿地公园,604a6b24-b2db-4e60-bce6-33992ce43541,陕西,西安,,,2025-03-01,2026-03-01,2,serial_id,asc,27,2026-03-10T10:47:56+00:00
fe6a6339-ffcb-4a92-ae43-04bdd079ff74,2025101501064,2,0,1,2025-10-15 09:57,2025-10-15 10:12,25285,春风十里,陕西省,西安市,临潼区,秦始皇帝陵博物院丽山园,fe6a6339-ffcb-4a92-ae43-04bdd079ff74,陕西,西安,,,2025-03-01,2026-03-01,2,serial_id,asc,27,2026-03-10T10:47:56+00:00
711cffa9-e902-4726-a3c1-e02a9d9cef74,2025101600217,2,0,1,2025-10-16 10:56,2025-10-16 10:56,53920,Ouzel,陕西省,西安市,碑林区,西安交通大学兴庆校区,711cffa9-e902-4726-a3c1-e02a9d9cef74,陕西,西安,,,2025-03-01,2026-03-01,2,serial_id,asc,27,2026-03-10T10:47:56+00:00
462d585c-bff0-47a2-a959-f0b75c79b533,2025101600362,2,0,12,2025-10-16 13:00,2025-10-16 14:00,80145,李自在,陕西省,西安市,新城区,大明宫国家遗址公园,462d585c-bff0-47a2-a959-f0b75c79b533,陕西,西安,,,2025-03-01,2026-03-01,2,serial_id,asc,27,2026-03-10T10:47:56+00:00
b84299e1-101b-43e4-bd2c-83b224f6efa2,2025101600563,2,0,5,2025-10-16 17:00,2025-10-16 18:00,86307,李封真,陕西省,西安市,雁塔区,西安新植物园,b84299e1-101b-43e4-bd2c-83b224f6efa2,陕西,西安,,,2025-03-01,2026-03-01,2,serial_id,asc,27,2026-03-10T10:47:56+00:00
a1fad5d0-b6bb-417c-bfbd-ee535439a8d7,2025101600857,2,0,17,2025-10-16 23:00,2025-10-17 00:00,66398,香香鸡贴贴,陕西省,西安市,长安区,西工大长安校区,a1fad5d0-b6bb-417c-bfbd-ee535439a8d7,陕西,西安,,,2025-03-01,2026-03-01,2,serial_id,asc,27,2026-03-10T10:47:56+00:00
00344689-b38d-40ad-97fe-04a7858a6c35,2025101600864,2,0,12,2025-10-11 08:00,2025-10-11 11:00,66398,香香鸡贴贴,陕西省,西安市,长安区,西工大长安校区,00344689-b38d-40ad-97fe-04a7858a6c35,陕西,西安,,,2025-03-01,2026-03-01,2,serial_id,asc,27,2026-03-10T10:47:56+00:00
ebd44942-0857-4578-8edf-56233824ced7,2025101800178,2,0,15,2025-07-27 17:00,2025-07-27 18:00,73973,fly,陕西省,西安市,长安区,长安区大兆街道友联村,ebd44942-0857-4578-8edf-56233824ced7,陕西,西安,,,2025-03-01,2026-03-01,2,serial_id,asc,27,2026-03-10T10:47:56+00:00
d1845e60-f32f-48d4-b715-337f323fe9ee,2025101800181,2,0,10,2025-09-19 16:00,2025-09-19 17:00,73973,fly,陕西省,西安市,新城区,大明宫国家遗址公园,d1845e60-f32f-48d4-b715-337f323fe9ee,陕西,西安,,,2025-03-01,2026-03-01,2,serial_id,asc,27,2026-03-10T10:47:56+00:00
29dd9adf-eefc-4c99-a0ef-12b68b76093a,2025101800182,2,0,6,2025-10-15 16:00,2025-10-15 17:58,73973,fly,陕西省,西安市,雁塔区,西安交通大学(雁塔校区),29dd9adf-eefc-4c99-a0ef-12b68b76093a,陕西,西安,,,2025-03-01,2026-03-01,2,serial_id,asc,27,2026-03-10T10:47:56+00:00
830db9ce-23fd-427d-9219-46d6fc600b30,2025101800413,2,0,1,2025-10-18 11:00,2025-10-18 12:00,58868,snakefish,陕西省,西安市,灞桥区,灞河特大桥-西安三河一山步道,830db9ce-23fd-427d-9219-46d6fc600b30,陕西,西安,,,2025-03-01,2026-03-01,2,serial_id,asc,27,2026-03-10T10:47:56+00:00
208366f1-14c3-45de-911e-1fe5e11e605e,2025101800616,2,0,12,2025-10-18 13:00,2025-10-18 14:00,96340,羊羽,陕西省,西安市,莲湖区,丰庆公园,208366f1-14c3-45de-911e-1fe5e11e605e,陕西,西安,,,2025-03-01,2026-03-01,2,serial_id,asc,27,2026-03-10T10:47:56+00:00
a1deafc6-fd7b-474f-b022-9a776c8a0cc0,2025101800650,2,0,1,2025-10-18 13:50,2025-10-18 14:00,53920,Ouzel,陕西省,西安市,碑林区,西安交通大学兴庆校区东西花园,a1deafc6-fd7b-474f-b022-9a776c8a0cc0,陕西,西安,,,2025-03-01,2026-03-01,2,serial_id,asc,28,2026-03-10T10:47:58+00:00
10855f3c-6214-4d6c-9a23-3b1b10293d06,2025101800696,2,0,4,2025-10-18 13:00,2025-10-18 14:00,69634,伊羊肉卷,陕西省,西安市,鄠邑区,涝渭湿地公园,10855f3c-6214-4d6c-9a23-3b1b10293d06,陕西,西安,,,2025-03-01,2026-03-01,2,serial_id,asc,28,2026-03-10T10:47:58+00:00
c1a2e0a6-70c4-46ce-82b5-ca04158fa519,2025101800701,2,0,9,2025-10-18 10:00,2025-10-18 11:00,70302,烛影摇红,陕西省,西安市,鄠邑区,渭丰镇河堤路南500米,c1a2e0a6-70c4-46ce-82b5-ca04158fa519,陕西,西安,,,2025-03-01,2026-03-01,2,serial_id,asc,28,2026-03-10T10:47:58+00:00
4e23a6eb-67dd-45ad-937b-fa4b379557a0,2025101800820,2,0,19,2025-10-18 14:18,2025-10-18 16:00,96507,小冰的观鸟记录,陕西省,西安市,灞桥区,灞桥区西安浐灞桃花潭公园(浐河东路西),4e23a6eb-67dd-45ad-937b-fa4b379557a0,陕西,西安,,,2025-03-01,2026-03-01,2,serial_id,asc,28,2026-03-10T10:47:58+00:00
22c350c0-0d0c-4dc5-8460-8edaeb50540b,2025101800927,2,0,34,2025-10-18 07:00,2025-10-18 09:00,30320,户外农夫,陕西省,西安市,阎良区,西安市阎良石川河,22c350c0-0d0c-4dc5-8460-8edaeb50540b,陕西,西安,,,2025-03-01,2026-03-01,2,serial_id,asc,28,2026-03-10T10:47:58+00:00
70afac35-1bd4-4c54-9192-8e1503815621,2025101801046,2,0,24,2025-10-18 09:00,2025-10-18 10:00,66869,移动不动的夜鹭,陕西省,西安市,长安区,高冠河,70afac35-1bd4-4c54-9192-8e1503815621,陕西,西安,,,2025-03-01,2026-03-01,2,serial_id,asc,28,2026-03-10T10:47:58+00:00
a9327935-1546-4fe5-afa1-43a4f23c3b6f,2025101801055,2,0,25,2025-10-18 17:00,2025-10-18 18:00,75204,雪子哥,陕西省,西安市,鄠邑区,涝渭湿地公园,a9327935-1546-4fe5-afa1-43a4f23c3b6f,陕西,西安,,,2025-03-01,2026-03-01,2,serial_id,asc,28,2026-03-10T10:47:58+00:00
1329ae2e-26a2-4285-aeb6-514de6b5b7d5,2025101801228,2,0,1,2025-10-18 19:00,2025-10-18 20:00,96014,larry,陕西省,西安市,长安区,樊川公园,1329ae2e-26a2-4285-aeb6-514de6b5b7d5,陕西,西安,,,2025-03-01,2026-03-01,2,serial_id,asc,28,2026-03-10T10:47:58+00:00
5746e549-8ae2-45dc-a84c-abef88a0c854,2025101900018,2,0,16,2025-10-18 09:00,2025-10-18 13:00,87715,juzi橘子0448,陕西省,西安市,新城区,大明宫国家遗址公园,5746e549-8ae2-45dc-a84c-abef88a0c854,陕西,西安,,,2025-03-01,2026-03-01,2,serial_id,asc,28,2026-03-10T10:47:58+00:00
6e5ca12a-1bda-4505-a4cd-4a086ddb3080,2025101900194,2,0,4,2025-10-19 09:00,2025-10-19 10:00,72654,风亭,陕西省,西安市,周至县,周至县黑河管理站马召楼观管理段,6e5ca12a-1bda-4505-a4cd-4a086ddb3080,陕西,西安,,,2025-03-01,2026-03-01,2,serial_id,asc,28,2026-03-10T10:47:58+00:00
3fb73f01-c015-4097-a803-dc3d0d0ccc8e,2025101900669,2,0,1,2025-10-19 12:23,2025-10-19 12:54,76892,随便起个名字的路人甲,陕西省,西安市,未央区,未央区西安浐灞国家湿地公园湿地码头东北300米,3fb73f01-c015-4097-a803-dc3d0d0ccc8e,陕西,西安,,,2025-03-01,2026-03-01,2,serial_id,asc,28,2026-03-10T10:47:58+00:00
8e8e0c4c-085b-47da-91f5-0134f94678d9,2025101900708,2,0,17,2025-10-18 07:31,2025-10-18 18:31,68854,甜心大马猴,陕西省,西安市,鄠邑区,涝渭湿地公园,8e8e0c4c-085b-47da-91f5-0134f94678d9,陕西,西安,,,2025-03-01,2026-03-01,2,serial_id,asc,28,2026-03-10T10:47:58+00:00
eca06621-386d-4476-bbc5-3cee37ec1a48,2025101900847,2,0,4,2025-10-19 13:00,2025-10-19 14:00,22345,山丘,陕西省,西安市,蓝田县,蓝田县祝国寺文峰塔,eca06621-386d-4476-bbc5-3cee37ec1a48,陕西,西安,,,2025-03-01,2026-03-01,2,serial_id,asc,28,2026-03-10T10:47:58+00:00
cd8e1813-ccd1-4f98-9bc0-9856a2f00a87,2025101900923,2,0,14,2025-10-19 15:00,2025-10-19 16:00,22366,688chxiuq,陕西省,西安市,蓝田县,祝国寺文峰塔,cd8e1813-ccd1-4f98-9bc0-9856a2f00a87,陕西,西安,,,2025-03-01,2026-03-01,2,serial_id,asc,28,2026-03-10T10:47:58+00:00
a054c431-87c8-4cc8-9d8e-2a05fb9c98a1,2025101900972,2,0,9,2025-10-19 14:20,2025-10-19 15:54,57607,西石大绿源白鱀豚,陕西省,西安市,鄠邑区,西安石油大学(鄠邑校区),a054c431-87c8-4cc8-9d8e-2a05fb9c98a1,陕西,西安,,,2025-03-01,2026-03-01,2,serial_id,asc,28,2026-03-10T10:47:58+00:00
d612af92-2131-49f9-b3b5-5c6e97ff5df1,2025101901208,2,0,18,2025-10-19 16:00,2025-10-19 17:00,86307,李封真,陕西省,西安市,鄠邑区,涝渭湿地公园,d612af92-2131-49f9-b3b5-5c6e97ff5df1,陕西,西安,,,2025-03-01,2026-03-01,2,serial_id,asc,28,2026-03-10T10:47:58+00:00
ff9b0e66-f371-4cd0-bd6b-21d6d070e84f,2025102000039,2,0,4,2025-10-19 14:00,2025-10-19 15:30,93367,洛霆,陕西省,西安市,莲湖区,丰庆公园,ff9b0e66-f371-4cd0-bd6b-21d6d070e84f,陕西,西安,,,2025-03-01,2026-03-01,2,serial_id,asc,28,2026-03-10T10:47:58+00:00
3a58658a-3ac5-4c85-ba6b-8f39b365c839,2025102000108,2,0,4,2025-10-19 12:50,2025-10-19 13:00,73973,fly,陕西省,西安市,雁塔区,西安交通大学(雁塔校区),3a58658a-3ac5-4c85-ba6b-8f39b365c839,陕西,西安,,,2025-03-01,2026-03-01,2,serial_id,asc,28,2026-03-10T10:47:58+00:00
38469154-73e6-42af-ab95-c50e34865cd9,2025102000189,2,0,8,2025-10-19 16:00,2025-10-19 17:30,92807,柴顺顺,陕西省,西安市,碑林区,兴庆公园,38469154-73e6-42af-ab95-c50e34865cd9,陕西,西安,,,2025-03-01,2026-03-01,2,serial_id,asc,28,2026-03-10T10:47:58+00:00
74825d9c-2852-4e70-a41e-aaf72b609749,2025102000395,2,0,6,2025-09-27 13:30,2025-09-27 16:30,92807,柴顺顺,陕西省,西安市,长安区,樊川公园,74825d9c-2852-4e70-a41e-aaf72b609749,陕西,西安,,,2025-03-01,2026-03-01,2,serial_id,asc,28,2026-03-10T10:47:58+00:00
a2228414-4ca9-4256-abbb-9a7d4245caeb,2025102100112,2,0,25,2025-10-21 09:00,2025-10-21 10:00,80145,李自在,陕西省,西安市,鄠邑区,涝渭湿地公园,a2228414-4ca9-4256-abbb-9a7d4245caeb,陕西,西安,,,2025-03-01,2026-03-01,2,serial_id,asc,28,2026-03-10T10:47:58+00:00
ca2b1253-d10a-4583-8b81-bba083797b28,2025102100204,2,0,10,2025-10-21 08:30,2025-10-21 11:00,78662,绿翅旋壁雀,陕西省,西安市,灞桥区,灞柳西路B坝广场,ca2b1253-d10a-4583-8b81-bba083797b28,陕西,西安,,,2025-03-01,2026-03-01,2,serial_id,asc,28,2026-03-10T10:47:58+00:00
5df22b89-44f9-42dc-afc8-3a9f33dc7cdb,2025102100275,2,0,1,2025-10-21 11:00,2025-10-21 12:00,78662,绿翅旋壁雀,陕西省,西安市,新城区,西安钟楼,5df22b89-44f9-42dc-afc8-3a9f33dc7cdb,陕西,西安,,,2025-03-01,2026-03-01,2,serial_id,asc,28,2026-03-10T10:47:58+00:00
73e73886-c593-4ae3-abf4-ceb6647e960e,2025102100391,2,0,3,2025-10-21 12:00,2025-10-21 13:00,76379,紫玉儿,陕西省,西安市,临潼区,秦始皇帝陵博物院丽山园,73e73886-c593-4ae3-abf4-ceb6647e960e,陕西,西安,,,2025-03-01,2026-03-01,2,serial_id,asc,28,2026-03-10T10:47:58+00:00
3ca93d10-89a7-4800-aa1f-05e6ccf922b1,2025102100637,2,0,16,2025-10-21 11:00,2025-10-21 12:00,23582,刘新建,陕西省,西安市,蓝田县,蓝关古道,3ca93d10-89a7-4800-aa1f-05e6ccf922b1,陕西,西安,,,2025-03-01,2026-03-01,2,serial_id,asc,28,2026-03-10T10:47:58+00:00
02c9392f-a7ba-41a9-8ae6-6c9808460131,2025102100734,2,0,11,2025-10-21 15:13,2025-10-21 17:20,57607,西石大绿源白鱀豚,陕西省,西安市,长安区,樊川公园,02c9392f-a7ba-41a9-8ae6-6c9808460131,陕西,西安,,,2025-03-01,2026-03-01,2,serial_id,asc,28,2026-03-10T10:47:58+00:00
6eee25d4-0bca-4c37-9bd3-7bd6a9455fb5,2025102100819,2,0,8,2025-10-21 09:08,2025-10-21 11:08,57573,鱼小白,陕西省,西安市,临潼区,华清池,6eee25d4-0bca-4c37-9bd3-7bd6a9455fb5,陕西,西安,,,2025-03-01,2026-03-01,2,serial_id,asc,28,2026-03-10T10:47:58+00:00
19f752ab-5364-4eea-854d-e3a81c865b48,2025102100820,2,0,5,2025-10-21 13:09,2025-10-21 16:09,57573,鱼小白,陕西省,西安市,临潼区,秦始皇兵马俑博物馆,19f752ab-5364-4eea-854d-e3a81c865b48,陕西,西安,,,2025-03-01,2026-03-01,2,serial_id,asc,28,2026-03-10T10:47:58+00:00
a6497109-8c68-412a-85c3-af8ecda2f1ad,2025102100840,2,0,9,2025-10-21 19:00,2025-10-21 20:00,69634,伊羊肉卷,陕西省,西安市,鄠邑区,涝渭湿地公园,a6497109-8c68-412a-85c3-af8ecda2f1ad,陕西,西安,,,2025-03-01,2026-03-01,2,serial_id,asc,28,2026-03-10T10:47:58+00:00
22ca6f1d-854e-414f-9a41-6453813f79f8,2025102100883,2,0,6,2025-10-21 13:09,2025-10-21 16:08,87894,jhzyy486,陕西省,西安市,临潼区,秦始皇兵马俑博物馆,22ca6f1d-854e-414f-9a41-6453813f79f8,陕西,西安,,,2025-03-01,2026-03-01,2,serial_id,asc,28,2026-03-10T10:47:58+00:00
239b2dac-eddf-4e7a-aa6f-b49663c60dc7,2025102100912,2,0,1,2025-10-21 20:00,2025-10-21 21:00,89981,Likunfeng,陕西省,西安市,灞桥区,西安浐灞桃花潭公园,239b2dac-eddf-4e7a-aa6f-b49663c60dc7,陕西,西安,,,2025-03-01,2026-03-01,2,serial_id,asc,28,2026-03-10T10:47:58+00:00
d4937069-3c31-4588-9e50-86cf46c742b8,2025102200005,2,0,24,2025-10-21 14:08,2025-10-21 17:08,92707,XJTUGXY,陕西省,西安市,鄠邑区,涝渭湿地公园,d4937069-3c31-4588-9e50-86cf46c742b8,陕西,西安,,,2025-03-01,2026-03-01,2,serial_id,asc,28,2026-03-10T10:47:58+00:00
a3d7db2c-8d6e-4e56-8a17-c15823f07b61,2025102200234,2,0,12,2025-10-22 08:26,2025-10-22 10:13,57573,鱼小白,陕西省,西安市,新城区,大明宫国家遗址公园,a3d7db2c-8d6e-4e56-8a17-c15823f07b61,陕西,西安,,,2025-03-01,2026-03-01,2,serial_id,asc,28,2026-03-10T10:47:58+00:00
e2d51e03-86e6-492c-933f-0677d6cd48d9,2025102200273,2,0,32,2025-10-22 11:00,2025-10-22 12:00,76379,紫玉儿,陕西省,西安市,未央区,浐灞国家湿地公园,e2d51e03-86e6-492c-933f-0677d6cd48d9,陕西,西安,,,2025-03-01,2026-03-01,2,serial_id,asc,28,2026-03-10T10:47:58+00:00
a0842b27-ff19-4e4a-b7b1-7f95773d9687,2025102200390,2,0,32,2025-10-22 11:00,2025-10-22 12:00,87894,jhzyy486,陕西省,西安市,未央区,浐灞国家湿地公园,a0842b27-ff19-4e4a-b7b1-7f95773d9687,陕西,西安,,,2025-03-01,2026-03-01,2,serial_id,asc,28,2026-03-10T10:47:58+00:00
779417aa-7548-41a4-b495-e4f2dc3d5223,2025102200589,2,0,5,2025-10-22 14:00,2025-10-22 15:00,47058,寄居蟹,陕西省,西安市,长安区,西北工业大学(长安校区)理学院,779417aa-7548-41a4-b495-e4f2dc3d5223,陕西,西安,,,2025-03-01,2026-03-01,2,serial_id,asc,28,2026-03-10T10:47:58+00:00
aa84f7b6-2cbe-4d57-b264-2f720b18e4d7,2025102200763,2,0,12,2025-10-22 16:00,2025-10-22 17:00,23582,刘新建,陕西省,西安市,新城区,大明宫国家遗址公园,aa84f7b6-2cbe-4d57-b264-2f720b18e4d7,陕西,西安,,,2025-03-01,2026-03-01,2,serial_id,asc,28,2026-03-10T10:47:58+00:00
827c1055-0168-4211-ab41-9999e0b01e6f,2025102200872,2,0,7,2025-10-22 12:30,2025-10-22 13:33,27695,JuZ1Nin,陕西省,西安市,长安区,西北工业大学长安校区海天苑,827c1055-0168-4211-ab41-9999e0b01e6f,陕西,西安,,,2025-03-01,2026-03-01,2,serial_id,asc,28,2026-03-10T10:47:58+00:00
9134a5e4-7bd4-47fd-8d4f-7bb8ba229676,2025102201045,2,0,1,2025-10-22 21:00,2025-10-22 22:00,89981,Likunfeng,陕西省,西安市,灞桥区,西安世博园,9134a5e4-7bd4-47fd-8d4f-7bb8ba229676,陕西,西安,,,2025-03-01,2026-03-01,2,serial_id,asc,28,2026-03-10T10:47:58+00:00
3efc4281-8899-494c-af5f-e9179db614dd,2025102300630,2,0,2,2025-10-23 14:00,2025-10-23 14:20,76892,随便起个名字的路人甲,陕西省,西安市,未央区,太液池·蓬莱岛遗址(西安市未央区),3efc4281-8899-494c-af5f-e9179db614dd,陕西,西安,,,2025-03-01,2026-03-01,2,serial_id,asc,28,2026-03-10T10:47:58+00:00
d6be3619-689f-43cd-a36a-6d9947120011,2025102300848,2,0,13,2025-10-23 16:00,2025-10-23 17:00,69634,伊羊肉卷,陕西省,西安市,长安区,西安交通大学科技创新港科创基地,d6be3619-689f-43cd-a36a-6d9947120011,陕西,西安,,,2025-03-01,2026-03-01,2,serial_id,asc,28,2026-03-10T10:47:58+00:00
f1a41b85-38cd-4bdc-b173-59cdc375a6bc,2025102301101,2,0,4,2025-10-21 16:00,2025-10-21 18:00,96881,LunaticVoyager,陕西省,西安市,鄠邑区,涝渭湿地公园,f1a41b85-38cd-4bdc-b173-59cdc375a6bc,陕西,西安,,,2025-03-01,2026-03-01,2,serial_id,asc,28,2026-03-10T10:47:58+00:00
3ee53146-d1a9-4416-94d5-4ed738ef4a43,2025102301187,2,0,3,2025-10-22 14:43,2025-10-22 15:43,72241,小米1228,陕西省,西安市,长安区,刘秀村,3ee53146-d1a9-4416-94d5-4ed738ef4a43,陕西,西安,,,2025-03-01,2026-03-01,2,serial_id,asc,28,2026-03-10T10:47:58+00:00
6019b41f-c4a7-466e-afb4-58a30df99b96,2025102301191,2,0,3,2025-10-22 10:32,2025-10-22 12:47,72241,小米1228,陕西省,西安市,长安区,圭峰寺,6019b41f-c4a7-466e-afb4-58a30df99b96,陕西,西安,,,2025-03-01,2026-03-01,2,serial_id,asc,28,2026-03-10T10:47:58+00:00
b8d36094-5c2e-421b-9046-c02b1bc0fbd1,2025102301223,2,0,5,2025-10-23 16:01,2025-10-23 17:25,64371,李大顺,陕西省,西安市,莲湖区,丰庆公园,b8d36094-5c2e-421b-9046-c02b1bc0fbd1,陕西,西安,,,2025-03-01,2026-03-01,2,serial_id,asc,28,2026-03-10T10:47:58+00:00
dfcbe07b-42d7-4e13-9189-4ab024924ba9,2025102400093,2,0,9,2025-10-23 11:24,2025-10-23 13:50,79451,鹅西子,陕西省,西安市,长安区,西安电子科技大学(南校区),dfcbe07b-42d7-4e13-9189-4ab024924ba9,陕西,西安,,,2025-03-01,2026-03-01,2,serial_id,asc,28,2026-03-10T10:47:58+00:00
4f126bca-2b2d-4d46-b2aa-2c8549394e88,2025102400751,2,0,1,2025-10-24 15:00,2025-10-24 16:00,72241,小米1228,陕西省,西安市,莲湖区,丰庆公园,4f126bca-2b2d-4d46-b2aa-2c8549394e88,陕西,西安,,,2025-03-01,2026-03-01,2,serial_id,asc,28,2026-03-10T10:47:58+00:00
e2d0961b-8dbc-44a0-bdd3-b61a71bdf668,2025102401173,2,0,12,2025-10-18 13:18,2025-10-18 17:30,22753,Douting,陕西省,西安市,长安区,樊川公园,e2d0961b-8dbc-44a0-bdd3-b61a71bdf668,陕西,西安,,,2025-03-01,2026-03-01,2,serial_id,asc,28,2026-03-10T10:47:58+00:00
1e2ad971-8c95-46b7-accb-ee2a617cd4aa,2025102401356,2,0,1,2025-10-24 17:10,2025-10-24 17:20,92103,二瑶,陕西省,西安市,阎良区,西飞广场,1e2ad971-8c95-46b7-accb-ee2a617cd4aa,陕西,西安,,,2025-03-01,2026-03-01,2,serial_id,asc,28,2026-03-10T10:47:58+00:00
a353285e-d015-4945-a6dd-85fe11c624c7,2025102500306,2,0,4,2025-10-25 07:10,2025-10-25 07:50,94979,蜥咕噜,陕西省,西安市,莲湖区,丰庆公园,a353285e-d015-4945-a6dd-85fe11c624c7,陕西,西安,,,2025-03-01,2026-03-01,2,serial_id,asc,28,2026-03-10T10:47:58+00:00
2f060409-73ab-4d63-bf1b-e11b1a64849f,2025102500308,2,0,55,2025-10-25 09:00,2025-10-25 10:00,45365,亮亮的观鸟日常,陕西省,西安市,鄠邑区,涝渭湿地公园,2f060409-73ab-4d63-bf1b-e11b1a64849f,陕西,西安,,,2025-03-01,2026-03-01,2,serial_id,asc,29,2026-03-10T10:48:00+00:00
f046f1d6-6254-4950-85ec-1a9dd1c78e5f,2025102500729,2,0,16,2025-10-25 09:00,2025-10-25 10:00,23582,刘新建,陕西省,西安市,灞桥区,席王街道南624米,f046f1d6-6254-4950-85ec-1a9dd1c78e5f,陕西,西安,,,2025-03-01,2026-03-01,2,serial_id,asc,29,2026-03-10T10:48:00+00:00
d3774e3a-cfd7-4b9c-bf24-dbc72f4faa07,2025102500771,2,0,7,2025-10-25 12:00,2025-10-25 13:00,25285,春风十里,陕西省,西安市,未央区,西安北站,d3774e3a-cfd7-4b9c-bf24-dbc72f4faa07,陕西,西安,,,2025-03-01,2026-03-01,2,serial_id,asc,29,2026-03-10T10:48:00+00:00
82bb88e7-fdbc-47e1-939b-1eee5d8592ce,2025102501118,2,0,9,2025-10-25 15:00,2025-10-25 16:00,66869,移动不动的夜鹭,陕西省,西安市,长安区,EMO山(勇毅山),82bb88e7-fdbc-47e1-939b-1eee5d8592ce,陕西,西安,,,2025-03-01,2026-03-01,2,serial_id,asc,29,2026-03-10T10:48:00+00:00
64a7fef3-1b6c-4ddc-a479-8c4ed2be1e98,2025102501346,2,0,9,2025-10-25 14:00,2025-10-25 16:53,95764,snowmob,陕西省,西安市,未央区,未央区西安浐灞国家湿地公园,64a7fef3-1b6c-4ddc-a479-8c4ed2be1e98,陕西,西安,,,2025-03-01,2026-03-01,2,serial_id,asc,29,2026-03-10T10:48:00+00:00
a09d28c0-3841-4900-a676-c9d2e861f216,2025102501363,2,0,6,2025-10-25 16:00,2025-10-25 17:00,97014,ranales,陕西省,西安市,未央区,浐灞国家湿地公园内北门至西门,a09d28c0-3841-4900-a676-c9d2e861f216,陕西,西安,,,2025-03-01,2026-03-01,2,serial_id,asc,29,2026-03-10T10:48:00+00:00
a804597c-3edb-46b2-87c5-d2a97ce2df17,2025102501441,2,0,54,2025-10-25 09:00,2025-10-25 10:00,75204,雪子哥,陕西省,西安市,鄠邑区,涝渭湿地公园,a804597c-3edb-46b2-87c5-d2a97ce2df17,陕西,西安,,,2025-03-01,2026-03-01,2,serial_id,asc,29,2026-03-10T10:48:00+00:00
ebd87b5e-08a6-4309-b087-e7a31c81e5c6,2025102501447,2,0,10,2025-10-25 16:00,2025-10-25 17:10,73973,fly,陕西省,西安市,长安区,航天中湖公园,ebd87b5e-08a6-4309-b087-e7a31c81e5c6,陕西,西安,,,2025-03-01,2026-03-01,2,serial_id,asc,29,2026-03-10T10:48:00+00:00
458900fd-36ab-4467-90b1-2f1a456ca155,2025102501577,2,0,14,2025-10-25 11:02,2025-10-25 13:02,63633,吃些乌桕子,陕西省,西安市,未央区,西安湖公园及北侧渭河,458900fd-36ab-4467-90b1-2f1a456ca155,陕西,西安,,,2025-03-01,2026-03-01,2,serial_id,asc,29,2026-03-10T10:48:00+00:00
a67666b2-c45d-497c-b3bf-5e1f86878034,2025102501672,2,0,4,2025-10-20 15:00,2025-10-20 16:00,73973,fly,陕西省,西安市,雁塔区,西安交通大学(雁塔校区),a67666b2-c45d-497c-b3bf-5e1f86878034,陕西,西安,,,2025-03-01,2026-03-01,2,serial_id,asc,29,2026-03-10T10:48:00+00:00
44aab927-477b-49b9-ade2-ccc4fe2670c8,2025102501876,2,0,2,2025-10-25 19:00,2025-10-25 20:00,23582,刘新建,陕西省,西安市,碑林区,兴庆宫公园,44aab927-477b-49b9-ade2-ccc4fe2670c8,陕西,西安,,,2025-03-01,2026-03-01,2,serial_id,asc,29,2026-03-10T10:48:00+00:00
1aac811f-03e5-424b-bc6b-eb85da4fc0c3,2025102501913,2,0,5,2025-10-25 16:08,2025-10-25 18:08,96340,羊羽,陕西省,西安市,长安区,樊川公园,1aac811f-03e5-424b-bc6b-eb85da4fc0c3,陕西,西安,,,2025-03-01,2026-03-01,2,serial_id,asc,29,2026-03-10T10:48:00+00:00
894cb2f5-a79c-4e15-843c-d47e731b4ac5,2025102501925,2,0,6,2025-10-25 14:00,2025-10-25 16:30,96881,LunaticVoyager,陕西省,西安市,莲湖区,丰庆公园,894cb2f5-a79c-4e15-843c-d47e731b4ac5,陕西,西安,,,2025-03-01,2026-03-01,2,serial_id,asc,29,2026-03-10T10:48:00+00:00
ab5a09b9-0a71-4d79-9e83-d5ea84220391,2025102600260,2,0,9,2025-10-26 08:32,2025-10-26 09:03,28819,鸢GYing,陕西省,西安市,灞桥区,西安世博园,ab5a09b9-0a71-4d79-9e83-d5ea84220391,陕西,西安,,,2025-03-01,2026-03-01,2,serial_id,asc,29,2026-03-10T10:48:00+00:00
8c364979-17a7-4598-ad48-c8a360685e2e,2025102601005,2,0,28,2025-10-26 14:00,2025-10-26 15:00,69634,伊羊肉卷,陕西省,西安市,鄠邑区,涝渭湿地公园,8c364979-17a7-4598-ad48-c8a360685e2e,陕西,西安,,,2025-03-01,2026-03-01,2,serial_id,asc,29,2026-03-10T10:48:00+00:00
3989ea99-f566-4a02-a567-a58de485c0fc,2025102601096,2,0,1,2025-10-26 14:00,2025-10-26 15:00,43432,儿树,陕西省,西安市,碑林区,西安建筑科技大学,3989ea99-f566-4a02-a567-a58de485c0fc,陕西,西安,,,2025-03-01,2026-03-01,2,serial_id,asc,29,2026-03-10T10:48:00+00:00
da11ae3b-dec1-444e-a79e-b3df1e5a44db,2025102601233,2,0,28,2025-10-26 08:33,2025-10-26 11:00,66869,移动不动的夜鹭,陕西省,西安市,长安区,高冠河,da11ae3b-dec1-444e-a79e-b3df1e5a44db,陕西,西安,,,2025-03-01,2026-03-01,2,serial_id,asc,29,2026-03-10T10:48:00+00:00
7a6232f2-7477-4ca1-a249-905571640459,2025102601244,2,0,13,2025-10-26 15:00,2025-10-27 16:00,97095,焦未对鸟已飞,陕西省,西安市,雁塔区,雁塔区吉美公寓(西安美术学院),7a6232f2-7477-4ca1-a249-905571640459,陕西,西安,,,2025-03-01,2026-03-01,2,serial_id,asc,29,2026-03-10T10:48:00+00:00
bb810f7e-9932-464e-84a6-f282ab023444,2025102601268,2,0,7,2025-10-26 12:00,2025-10-26 15:00,96881,LunaticVoyager,陕西省,西安市,鄠邑区,涝渭湿地公园,bb810f7e-9932-464e-84a6-f282ab023444,陕西,西安,,,2025-03-01,2026-03-01,2,serial_id,asc,29,2026-03-10T10:48:00+00:00
647cd443-75f0-45df-b6cc-2dd523faf29b,2025102601288,2,0,13,2025-10-26 12:00,2025-10-26 13:00,28819,鸢GYing,陕西省,西安市,灞桥区,西安世博园,647cd443-75f0-45df-b6cc-2dd523faf29b,陕西,西安,,,2025-03-01,2026-03-01,2,serial_id,asc,29,2026-03-10T10:48:00+00:00
04778569-0e67-4318-806a-fb32d9c4bc9a,2025102601613,2,0,18,2025-10-26 15:13,2025-10-26 18:00,63633,吃些乌桕子,陕西省,西安市,长安区,长安区杜曲街道小江村,04778569-0e67-4318-806a-fb32d9c4bc9a,陕西,西安,,,2025-03-01,2026-03-01,2,serial_id,asc,29,2026-03-10T10:48:00+00:00
ccf03a38-65de-4558-bd0d-46652f37fb65,2025102601760,2,0,10,2025-10-26 09:00,2025-10-26 12:00,87715,juzi橘子0448,陕西省,西安市,鄠邑区,涝渭湿地公园,ccf03a38-65de-4558-bd0d-46652f37fb65,陕西,西安,,,2025-03-01,2026-03-01,2,serial_id,asc,29,2026-03-10T10:48:00+00:00
a16fe82f-ff97-407a-8936-3cd37477cf26,2025102602109,2,0,3,2025-10-26 21:00,2025-10-26 22:00,94979,蜥咕噜,陕西省,西安市,长安区,西安秦岭野生动物园,a16fe82f-ff97-407a-8936-3cd37477cf26,陕西,西安,,,2025-03-01,2026-03-01,2,serial_id,asc,29,2026-03-10T10:48:00+00:00
d1436739-24f8-4f88-90ea-761d8e9eb49d,2025102602126,2,0,13,2025-10-26 12:00,2025-10-26 16:30,45081,阿七同学,陕西省,西安市,碑林区,兴庆公园,d1436739-24f8-4f88-90ea-761d8e9eb49d,陕西,西安,,,2025-03-01,2026-03-01,2,serial_id,asc,29,2026-03-10T10:48:00+00:00
2c981bfb-83e2-467a-b253-42b0cdcbc846,2025102602222,2,0,11,2025-10-26 10:00,2025-10-26 11:30,73973,fly,陕西省,西安市,长安区,三联村(西安市长安区),2c981bfb-83e2-467a-b253-42b0cdcbc846,陕西,西安,,,2025-03-01,2026-03-01,2,serial_id,asc,29,2026-03-10T10:48:00+00:00
9cd701e6-3dba-4a8d-a5d0-7e3c38379640,2025102602315,2,0,7,2025-10-26 08:05,2025-10-26 10:05,92707,XJTUGXY,陕西省,西安市,鄠邑区,涝渭湿地公园,9cd701e6-3dba-4a8d-a5d0-7e3c38379640,陕西,西安,,,2025-03-01,2026-03-01,2,serial_id,asc,29,2026-03-10T10:48:00+00:00
8c9af9d1-2326-4adb-acef-1e3448d0bae2,2025102700506,2,0,3,2025-10-26 16:30,2025-10-27 17:30,92807,柴顺顺,陕西省,西安市,莲湖区,丰庆公园,8c9af9d1-2326-4adb-acef-1e3448d0bae2,陕西,西安,,,2025-03-01,2026-03-01,2,serial_id,asc,29,2026-03-10T10:48:00+00:00
36d2252f-ddc3-4449-af78-6aafbc6ee58f,2025102700650,2,0,14,2025-10-27 13:00,2025-10-27 14:00,25285,春风十里,陕西省,西安市,未央区,西安市文景山公园,36d2252f-ddc3-4449-af78-6aafbc6ee58f,陕西,西安,,,2025-03-01,2026-03-01,2,serial_id,asc,29,2026-03-10T10:48:00+00:00
c499d483-81ef-43e8-af1b-7c2d8a9f89b0,2025102700726,2,0,31,2025-10-27 11:00,2025-10-27 12:00,86307,李封真,陕西省,西安市,鄠邑区,涝渭湿地公园,c499d483-81ef-43e8-af1b-7c2d8a9f89b0,陕西,西安,,,2025-03-01,2026-03-01,2,serial_id,asc,29,2026-03-10T10:48:00+00:00
7daa33d3-8649-4087-bddf-7e7171825e87,2025102700897,2,0,4,2025-10-27 15:00,2025-10-27 16:00,97224,戴胜公主,陕西省,西安市,碑林区,西安建筑科技大学(雁塔校区)定点14,7daa33d3-8649-4087-bddf-7e7171825e87,陕西,西安,,,2025-03-01,2026-03-01,2,serial_id,asc,29,2026-03-10T10:48:00+00:00
9a9e41f0-f450-4b8c-815e-e398caea0f03,2025102700898,2,0,4,2025-10-27 15:00,2025-10-27 16:00,43432,儿树,陕西省,西安市,碑林区,西安建筑科技大学(雁塔校区)定点14,9a9e41f0-f450-4b8c-815e-e398caea0f03,陕西,西安,,,2025-03-01,2026-03-01,2,serial_id,asc,29,2026-03-10T10:48:00+00:00
b38539c8-892f-4cf9-b57f-4f4bd5505aab,2025102700911,2,0,2,2025-10-27 15:00,2025-10-27 16:00,43432,儿树,陕西省,西安市,碑林区,西安建筑科技大学(雁塔校区)定点1,b38539c8-892f-4cf9-b57f-4f4bd5505aab,陕西,西安,,,2025-03-01,2026-03-01,2,serial_id,asc,29,2026-03-10T10:48:00+00:00
a615caff-8e4f-4cac-8d13-acf39f094bfd,2025102700914,2,0,4,2025-10-27 15:00,2025-10-27 16:00,97224,戴胜公主,陕西省,西安市,碑林区,西安建筑科技大学(雁塔校区)教学西楼,a615caff-8e4f-4cac-8d13-acf39f094bfd,陕西,西安,,,2025-03-01,2026-03-01,2,serial_id,asc,29,2026-03-10T10:48:00+00:00
03d5e8b3-6493-442f-90bd-5fb411bd207f,2025102700917,2,0,2,2025-10-27 16:00,2025-10-27 17:00,69716,Licrange,陕西省,西安市,碑林区,西安建筑科技大学(雁塔校区)南阶教学楼南侧,03d5e8b3-6493-442f-90bd-5fb411bd207f,陕西,西安,,,2025-03-01,2026-03-01,2,serial_id,asc,29,2026-03-10T10:48:00+00:00
edcb04c0-3d55-43ee-b167-a3257d1ae3d8,2025102700943,2,0,2,2025-10-27 16:00,2025-10-27 17:00,69716,Licrange,陕西省,西安市,碑林区,西安建筑科技大学图书馆,edcb04c0-3d55-43ee-b167-a3257d1ae3d8,陕西,西安,,,2025-03-01,2026-03-01,2,serial_id,asc,29,2026-03-10T10:48:00+00:00
7042d5a6-6096-42e6-ba3e-20d6d8a1b97e,2025102700951,2,0,10,2025-10-27 07:50,2025-10-27 09:55,73973,fly,陕西省,西安市,雁塔区,西安交通大学(雁塔校区),7042d5a6-6096-42e6-ba3e-20d6d8a1b97e,陕西,西安,,,2025-03-01,2026-03-01,2,serial_id,asc,29,2026-03-10T10:48:00+00:00
7f68d38d-dc90-4a0b-ae28-9fe2d2e364c5,2025102700962,2,0,4,2025-10-27 15:00,2025-10-27 16:00,97224,戴胜公主,陕西省,西安市,碑林区,西安建筑科技大学(雁塔校区)定点4,7f68d38d-dc90-4a0b-ae28-9fe2d2e364c5,陕西,西安,,,2025-03-01,2026-03-01,2,serial_id,asc,29,2026-03-10T10:48:00+00:00
48c66b95-c7ce-4b27-9330-65d987b53d67,2025102700984,2,0,2,2025-10-27 15:00,2025-10-27 16:00,97224,戴胜公主,陕西省,西安市,碑林区,西安建筑科技大学(雁塔校区)定点3,48c66b95-c7ce-4b27-9330-65d987b53d67,陕西,西安,,,2025-03-01,2026-03-01,2,serial_id,asc,29,2026-03-10T10:48:00+00:00
9749538e-a983-4f40-9e47-5a0d58f8ad2c,2025102700993,2,0,2,2025-10-27 16:00,2025-10-27 17:00,69716,Licrange,陕西省,西安市,碑林区,西安建筑科技大学校史馆,9749538e-a983-4f40-9e47-5a0d58f8ad2c,陕西,西安,,,2025-03-01,2026-03-01,2,serial_id,asc,29,2026-03-10T10:48:00+00:00
d13dcc06-5135-4cc5-986d-412e7f17a989,2025102701005,2,0,1,2025-10-27 16:00,2025-10-27 17:00,69716,Licrange,陕西省,西安市,碑林区,西安建筑科技大学(雁塔校区)教学大楼,d13dcc06-5135-4cc5-986d-412e7f17a989,陕西,西安,,,2025-03-01,2026-03-01,2,serial_id,asc,29,2026-03-10T10:48:00+00:00
ff1a6ceb-e9ca-4bd7-adc2-44990e8f8aea,2025102701007,2,0,3,2025-10-27 15:00,2025-10-27 16:00,97224,戴胜公主,陕西省,西安市,碑林区,西安建筑科技大学(雁塔校区)定点9,ff1a6ceb-e9ca-4bd7-adc2-44990e8f8aea,陕西,西安,,,2025-03-01,2026-03-01,2,serial_id,asc,29,2026-03-10T10:48:00+00:00
06c138c1-5730-4151-b458-cea04a11abc6,2025102701020,2,0,3,2025-10-27 15:00,2025-10-27 16:00,97224,戴胜公主,陕西省,西安市,碑林区,西安建筑科技大学(雁塔校区)定点10,06c138c1-5730-4151-b458-cea04a11abc6,陕西,西安,,,2025-03-01,2026-03-01,2,serial_id,asc,29,2026-03-10T10:48:00+00:00
89094d3b-31b2-4e34-8a47-20c4fa8f0982,2025102701027,2,0,1,2025-10-27 16:00,2025-10-27 17:00,69716,Licrange,陕西省,西安市,碑林区,西安建筑科技大学(雁塔校区)-西门,89094d3b-31b2-4e34-8a47-20c4fa8f0982,陕西,西安,,,2025-03-01,2026-03-01,2,serial_id,asc,29,2026-03-10T10:48:00+00:00
a4005cb2-420c-4844-a97a-80276d5e6479,2025102701031,2,0,1,2025-10-27 16:00,2025-10-27 17:00,69716,Licrange,陕西省,西安市,碑林区,西安建筑科技大学(雁塔校区)3A号楼,a4005cb2-420c-4844-a97a-80276d5e6479,陕西,西安,,,2025-03-01,2026-03-01,2,serial_id,asc,29,2026-03-10T10:48:00+00:00
bc29e5eb-6594-4104-98fb-bc4a123a2bda,2025102701039,2,0,2,2025-10-27 15:00,2025-10-27 16:00,97224,戴胜公主,陕西省,西安市,碑林区,西安建筑科技大学(雁塔校区)定点12,bc29e5eb-6594-4104-98fb-bc4a123a2bda,陕西,西安,,,2025-03-01,2026-03-01,2,serial_id,asc,29,2026-03-10T10:48:00+00:00
9af23a2d-e15a-480e-ba4b-7d59262962af,2025102701055,2,0,2,2025-10-27 15:00,2025-10-27 16:00,97224,戴胜公主,陕西省,西安市,碑林区,西安建筑科技大学(雁塔校区)定点8,9af23a2d-e15a-480e-ba4b-7d59262962af,陕西,西安,,,2025-03-01,2026-03-01,2,serial_id,asc,29,2026-03-10T10:48:00+00:00
2e4a6306-ddd5-4c8c-a388-c1b23ad0aa8a,2025102701063,2,0,1,2025-10-27 15:00,2025-10-27 16:00,97224,戴胜公主,陕西省,西安市,碑林区,西安建筑科技大学(雁塔校区)定点5,2e4a6306-ddd5-4c8c-a388-c1b23ad0aa8a,陕西,西安,,,2025-03-01,2026-03-01,2,serial_id,asc,29,2026-03-10T10:48:00+00:00
17588449-c467-4ec8-b989-143d11546aef,2025102701103,2,0,6,2025-10-27 17:00,2025-10-27 18:00,82765,婉雪,陕西省,西安市,雁塔区,陕西宾馆,17588449-c467-4ec8-b989-143d11546aef,陕西,西安,,,2025-03-01,2026-03-01,2,serial_id,asc,29,2026-03-10T10:48:00+00:00
7483bc9c-4ad5-4cb7-abe7-13b7e71d707c,2025102701345,2,0,5,2025-10-23 13:55,2025-10-23 16:55,96626,BUAALjh,陕西省,西安市,临潼区,秦始皇兵马俑博物馆,7483bc9c-4ad5-4cb7-abe7-13b7e71d707c,陕西,西安,,,2025-03-01,2026-03-01,2,serial_id,asc,29,2026-03-10T10:48:00+00:00
39299418-2d15-4e89-b5aa-47c128c28502,2025102800186,2,0,3,2025-10-28 08:02,2025-10-28 09:02,82765,婉雪,陕西省,西安市,雁塔区,陕西宾馆,39299418-2d15-4e89-b5aa-47c128c28502,陕西,西安,,,2025-03-01,2026-03-01,2,serial_id,asc,29,2026-03-10T10:48:00+00:00
5c7ac7af-33cf-467c-9f40-cabb10276f75,2025102800463,2,0,4,2025-10-27 17:30,2025-10-27 18:20,73554,白鹡鸰早起去观鸟,陕西省,西安市,碑林区,兴庆宫公园,5c7ac7af-33cf-467c-9f40-cabb10276f75,陕西,西安,,,2025-03-01,2026-03-01,2,serial_id,asc,30,2026-03-10T10:48:02+00:00
2c78f95c-01a0-4b27-a86e-0d6789f198c7,2025102800582,2,0,2,2025-10-27 16:00,2025-10-27 17:00,69716,Licrange,陕西省,西安市,碑林区,西安建筑科技大学池塘凉亭,2c78f95c-01a0-4b27-a86e-0d6789f198c7,陕西,西安,,,2025-03-01,2026-03-01,2,serial_id,asc,30,2026-03-10T10:48:02+00:00
8a2abcf7-8ff9-46f4-bfa4-d2e1596470f8,2025102800637,2,0,1,2025-03-13 17:00,2025-03-13 18:00,69716,Licrange,陕西省,西安市,碑林区,西安建筑科技大学池塘凉亭,8a2abcf7-8ff9-46f4-bfa4-d2e1596470f8,陕西,西安,,,2025-03-01,2026-03-01,2,serial_id,asc,30,2026-03-10T10:48:02+00:00
fe7e0779-616d-4c6b-a11e-46dacddaa5bd,2025102800643,2,0,1,2025-03-13 11:00,2025-03-13 12:00,69716,Licrange,陕西省,西安市,碑林区,西安建筑科技大学逸夫楼花园,fe7e0779-616d-4c6b-a11e-46dacddaa5bd,陕西,西安,,,2025-03-01,2026-03-01,2,serial_id,asc,30,2026-03-10T10:48:02+00:00
fb2dc3ad-0183-4557-b68c-a79d210c56fb,2025102800722,2,0,5,2025-10-28 10:20,2025-10-28 12:20,81517,MGC6543,陕西省,西安市,新城区,大明宫国家遗址公园,fb2dc3ad-0183-4557-b68c-a79d210c56fb,陕西,西安,,,2025-03-01,2026-03-01,2,serial_id,asc,30,2026-03-10T10:48:02+00:00
294f976f-e833-417c-bca8-80ec32b28849,2025102800729,2,0,4,2025-10-28 12:05,2025-10-28 13:30,15366,yassinlong,陕西省,西安市,莲湖区,省气象局北关大院,294f976f-e833-417c-bca8-80ec32b28849,陕西,西安,,,2025-03-01,2026-03-01,2,serial_id,asc,30,2026-03-10T10:48:02+00:00
a2213b6b-602d-44fe-8b71-fd32b1ff4d25,2025102800790,2,0,13,2025-10-28 09:20,2025-10-28 11:20,96881,LunaticVoyager,陕西省,西安市,鄠邑区,涝渭湿地公园,a2213b6b-602d-44fe-8b71-fd32b1ff4d25,陕西,西安,,,2025-03-01,2026-03-01,2,serial_id,asc,30,2026-03-10T10:48:02+00:00
63e2fd8c-36d4-4897-a734-ea3b7f6b4d7c,2025102801108,2,0,11,2025-10-28 17:00,2025-10-28 18:00,66398,香香鸡贴贴,陕西省,西安市,长安区,西工大长安校区,63e2fd8c-36d4-4897-a734-ea3b7f6b4d7c,陕西,西安,,,2025-03-01,2026-03-01,2,serial_id,asc,30,2026-03-10T10:48:02+00:00
6f03dd96-9406-476f-8205-981650990dcc,2025102801178,2,0,5,2025-10-28 18:00,2025-10-28 19:00,82765,婉雪,陕西省,西安市,阎良区,西安市阎良石川河,6f03dd96-9406-476f-8205-981650990dcc,陕西,西安,,,2025-03-01,2026-03-01,2,serial_id,asc,30,2026-03-10T10:48:02+00:00
a1191946-b35d-4711-a0a6-d63d377eaafb,2025102801181,2,0,20,2025-10-28 09:00,2025-10-28 17:17,64371,李大顺,陕西省,西安市,长安区,圭峰寺,a1191946-b35d-4711-a0a6-d63d377eaafb,陕西,西安,,,2025-03-01,2026-03-01,2,serial_id,asc,30,2026-03-10T10:48:02+00:00
22b9ecca-5522-43cf-9aa8-7b51ceb12526,2025102801255,2,0,9,2025-10-28 19:00,2025-10-28 20:00,73554,白鹡鸰早起去观鸟,陕西省,西安市,碑林区,兴庆宫公园,22b9ecca-5522-43cf-9aa8-7b51ceb12526,陕西,西安,,,2025-03-01,2026-03-01,2,serial_id,asc,30,2026-03-10T10:48:02+00:00
d56937bc-408c-41ab-92a9-503da1bf1bfb,2025102900999,2,0,7,2025-10-29 16:40,2025-10-29 17:40,82765,婉雪,陕西省,西安市,未央区,西安湖,d56937bc-408c-41ab-92a9-503da1bf1bfb,陕西,西安,,,2025-03-01,2026-03-01,2,serial_id,asc,30,2026-03-10T10:48:02+00:00
2eb4d077-1666-41de-a826-b61b9abc75cf,2025102901355,2,0,1,2025-10-28 14:40,2025-10-28 14:45,92103,二瑶,陕西省,西安市,阎良区,蓝波湾小区,2eb4d077-1666-41de-a826-b61b9abc75cf,陕西,西安,,,2025-03-01,2026-03-01,2,serial_id,asc,30,2026-03-10T10:48:02+00:00
d3316280-cfec-40a9-ab8c-2d5b952a941d,2025103000826,2,0,3,2025-10-30 15:00,2025-10-30 16:00,71401,高蓓,陕西省,西安市,鄠邑区,涝渭湿地公园,d3316280-cfec-40a9-ab8c-2d5b952a941d,陕西,西安,,,2025-03-01,2026-03-01,2,serial_id,asc,30,2026-03-10T10:48:02+00:00
f567bbfb-e08e-42ed-9568-7678d812c7d9,2025103000830,2,0,24,2025-10-30 13:00,2025-10-30 14:00,59244,选择困难症,陕西省,西安市,碑林区,兴庆宫,f567bbfb-e08e-42ed-9568-7678d812c7d9,陕西,西安,,,2025-03-01,2026-03-01,2,serial_id,asc,30,2026-03-10T10:48:02+00:00
ab96c790-e5a2-4135-b75a-336dff184016,2025103000936,2,0,3,2025-10-30 16:00,2025-10-30 17:00,37241,漱石,陕西省,西安市,长安区,西北工业大学(长安校区)理学院,ab96c790-e5a2-4135-b75a-336dff184016,陕西,西安,,,2025-03-01,2026-03-01,2,serial_id,asc,30,2026-03-10T10:48:02+00:00
705250a7-76a8-453c-890e-e09018498751,2025103000954,2,0,1,2025-10-30 16:00,2025-10-30 17:00,86307,李封真,陕西省,西安市,长安区,西安交通大学科技创新港科创基地,705250a7-76a8-453c-890e-e09018498751,陕西,西安,,,2025-03-01,2026-03-01,2,serial_id,asc,30,2026-03-10T10:48:02+00:00
27d0f26a-3b62-44de-992a-8fcc7c5511fc,2025103001029,2,0,10,2025-10-30 15:00,2025-10-30 16:00,69716,Licrange,陕西省,西安市,碑林区,西安建筑科技大学池塘凉亭,27d0f26a-3b62-44de-992a-8fcc7c5511fc,陕西,西安,,,2025-03-01,2026-03-01,2,serial_id,asc,30,2026-03-10T10:48:02+00:00
948025db-c986-49b9-a463-08ef23d7c9cf,2025103001072,2,0,3,2025-10-30 18:00,2025-10-30 19:00,71401,高蓓,陕西省,西安市,长安区,西安交通大学科技创新港科创基地,948025db-c986-49b9-a463-08ef23d7c9cf,陕西,西安,,,2025-03-01,2026-03-01,2,serial_id,asc,30,2026-03-10T10:48:02+00:00
05753ce6-e63c-4468-b3eb-14bc83cd053f,2025103001213,2,0,18,2025-10-30 14:00,2025-10-30 15:00,66398,香香鸡贴贴,陕西省,西安市,长安区,圭峰寺,05753ce6-e63c-4468-b3eb-14bc83cd053f,陕西,西安,,,2025-03-01,2026-03-01,2,serial_id,asc,30,2026-03-10T10:48:02+00:00
d753b31c-6ad4-42ff-9d09-7e502f1627e7,2025103100333,2,0,24,2025-10-31 10:00,2025-10-31 11:00,47058,寄居蟹,陕西省,西安市,长安区,高冠河,d753b31c-6ad4-42ff-9d09-7e502f1627e7,陕西,西安,,,2025-03-01,2026-03-01,2,serial_id,asc,30,2026-03-10T10:48:02+00:00
0606015f-1a73-4433-8cd3-bb36840821b4,2025103100447,2,0,3,2025-10-31 12:00,2025-10-31 13:00,86307,李封真,陕西省,西安市,长安区,西安交通大学南区学生公寓(畅园),0606015f-1a73-4433-8cd3-bb36840821b4,陕西,西安,,,2025-03-01,2026-03-01,2,serial_id,asc,30,2026-03-10T10:48:02+00:00
5eae3ba8-e662-408d-85bc-937d7b0a826a,2025103100579,2,0,27,2025-10-31 13:00,2025-10-31 14:00,80145,李自在,陕西省,西安市,长安区,陕西省西安市长安区沣河东路,5eae3ba8-e662-408d-85bc-937d7b0a826a,陕西,西安,,,2025-03-01,2026-03-01,2,serial_id,asc,30,2026-03-10T10:48:02+00:00
3340d0dd-ed41-488e-a019-4ae3ccfbc203,2025103100692,2,0,8,2025-10-31 15:00,2025-10-31 16:00,80145,李自在,陕西省,西安市,雁塔区,雁塔区中华世纪城中建群贤汇(大寨路南),3340d0dd-ed41-488e-a019-4ae3ccfbc203,陕西,西安,,,2025-03-01,2026-03-01,2,serial_id,asc,30,2026-03-10T10:48:02+00:00
f3240cec-cae4-4f58-aa35-90921bc33048,2025103100952,2,0,15,2025-10-31 16:00,2025-10-31 18:00,73973,fly,陕西省,西安市,碑林区,兴庆公园,f3240cec-cae4-4f58-aa35-90921bc33048,陕西,西安,,,2025-03-01,2026-03-01,2,serial_id,asc,30,2026-03-10T10:48:02+00:00
f2a2f83b-2029-49e8-9ba4-ac173030ca99,2025103100985,2,0,4,2025-10-31 16:00,2025-10-31 16:20,53920,Ouzel,陕西省,西安市,未央区,灞渭桥,f2a2f83b-2029-49e8-9ba4-ac173030ca99,陕西,西安,,,2025-03-01,2026-03-01,2,serial_id,asc,30,2026-03-10T10:48:02+00:00
835fd9cf-112d-4c5f-9a91-2010145ed081,2025103101138,2,0,15,2025-10-31 15:30,2025-10-31 18:00,75152,wjyruc,陕西省,西安市,灞桥区,西安世博园,835fd9cf-112d-4c5f-9a91-2010145ed081,陕西,西安,,,2025-03-01,2026-03-01,2,serial_id,asc,30,2026-03-10T10:48:02+00:00
9a377d0d-4997-491c-8cde-f8c0dc25666d,2025110100127,2,0,5,2025-10-31 10:30,2025-10-31 11:00,54636,鹊影,陕西省,西安市,未央区,陕西省西安中学,9a377d0d-4997-491c-8cde-f8c0dc25666d,陕西,西安,,,2025-03-01,2026-03-01,2,serial_id,asc,30,2026-03-10T10:48:02+00:00
c0a13c15-d356-4cf0-9746-e58ada842f3c,2025110100662,2,0,11,2025-10-31 15:00,2025-10-31 15:40,53920,Ouzel,陕西省,西安市,灞桥区,三河一山绿道-漕渠驿,c0a13c15-d356-4cf0-9746-e58ada842f3c,陕西,西安,,,2025-03-01,2026-03-01,2,serial_id,asc,30,2026-03-10T10:48:02+00:00
4d7417da-f0c1-4811-9824-3e4b3bc19e86,2025110100681,2,0,13,2025-10-31 15:40,2025-10-31 16:00,53920,Ouzel,陕西省,西安市,灞桥区,灞桥区2号游船码头东南100米(河堤路北),4d7417da-f0c1-4811-9824-3e4b3bc19e86,陕西,西安,,,2025-03-01,2026-03-01,2,serial_id,asc,30,2026-03-10T10:48:02+00:00
b9ab59f7-bffd-48d6-9d7f-d735156c8c8c,2025110100698,2,0,9,2025-10-31 16:40,2025-10-31 17:00,53920,Ouzel,陕西省,西安市,未央区,幸福渠二号桥,b9ab59f7-bffd-48d6-9d7f-d735156c8c8c,陕西,西安,,,2025-03-01,2026-03-01,2,serial_id,asc,30,2026-03-10T10:48:02+00:00
c2bc6bbf-6a74-478c-9c77-6ab408958a5c,2025110100813,2,0,13,2025-11-01 10:17,2025-11-01 11:30,78662,绿翅旋壁雀,陕西省,西安市,长安区,樊川公园,c2bc6bbf-6a74-478c-9c77-6ab408958a5c,陕西,西安,,,2025-03-01,2026-03-01,2,serial_id,asc,30,2026-03-10T10:48:02+00:00
94980b5f-7a8b-44df-9e08-0ac82cf77f89,2025110101394,2,0,5,2025-11-01 13:00,2025-11-01 14:00,66900,modi,陕西省,西安市,雁塔区,青龙寺,94980b5f-7a8b-44df-9e08-0ac82cf77f89,陕西,西安,,,2025-03-01,2026-03-01,2,serial_id,asc,30,2026-03-10T10:48:02+00:00
b10d23b2-cc6b-4597-b99a-6dcabb9a03b1,2025110101451,2,0,21,2025-11-01 09:00,2025-11-01 12:00,87715,juzi橘子0448,陕西省,西安市,鄠邑区,涝渭湿地公园,b10d23b2-cc6b-4597-b99a-6dcabb9a03b1,陕西,西安,,,2025-03-01,2026-03-01,2,serial_id,asc,30,2026-03-10T10:48:02+00:00
723d01c4-2a82-4730-8fda-33c76ad1fc5c,2025110101601,2,0,20,2025-11-01 09:00,2025-11-01 11:06,66869,移动不动的夜鹭,陕西省,西安市,长安区,洨河湿地公园,723d01c4-2a82-4730-8fda-33c76ad1fc5c,陕西,西安,,,2025-03-01,2026-03-01,2,serial_id,asc,30,2026-03-10T10:48:02+00:00
fb88491e-ec1d-4242-98fe-83b1f5f9cdd8,2025110101623,2,0,20,2025-11-01 10:30,2025-11-01 13:30,96340,羊羽,陕西省,西安市,鄠邑区,涝渭湿地公园,fb88491e-ec1d-4242-98fe-83b1f5f9cdd8,陕西,西安,,,2025-03-01,2026-03-01,2,serial_id,asc,30,2026-03-10T10:48:02+00:00
da443118-8583-4037-9aa3-b36aad758d2d,2025110101694,2,0,14,2025-11-01 17:00,2025-11-01 18:00,66900,modi,陕西省,西安市,雁塔区,西安新植物园,da443118-8583-4037-9aa3-b36aad758d2d,陕西,西安,,,2025-03-01,2026-03-01,2,serial_id,asc,30,2026-03-10T10:48:02+00:00
4f6ce596-a829-47f6-ab45-c5611971b56a,2025110101748,2,0,8,2025-11-01 12:40,2025-11-01 16:30,57607,西石大绿源白鱀豚,陕西省,西安市,长安区,塔盘沟,4f6ce596-a829-47f6-ab45-c5611971b56a,陕西,西安,,,2025-03-01,2026-03-01,2,serial_id,asc,30,2026-03-10T10:48:02+00:00
15c6fbf6-2a2a-4f73-9d8a-ce543bcf3443,2025110101978,2,0,22,2025-11-01 08:30,2025-11-01 13:30,95682,鲸鱼Ren,陕西省,西安市,周至县,杨凌渭河湿地生态公园,15c6fbf6-2a2a-4f73-9d8a-ce543bcf3443,陕西,西安,,,2025-03-01,2026-03-01,2,serial_id,asc,30,2026-03-10T10:48:02+00:00
ad5ba71b-03e6-40fd-9efb-96456a753911,2025110102087,2,0,1,2025-11-01 10:46,2025-11-01 11:01,72241,小米1228,陕西省,西安市,临潼区,秦始皇兵马俑博物馆,ad5ba71b-03e6-40fd-9efb-96456a753911,陕西,西安,,,2025-03-01,2026-03-01,2,serial_id,asc,30,2026-03-10T10:48:02+00:00
e4b810e0-4077-4a2e-971a-d068f8b4eb74,2025110200288,2,0,15,2025-11-02 08:00,2025-11-02 09:00,45365,亮亮的观鸟日常,陕西省,西安市,鄠邑区,朱雀国家森林公园,e4b810e0-4077-4a2e-971a-d068f8b4eb74,陕西,西安,,,2025-03-01,2026-03-01,2,serial_id,asc,30,2026-03-10T10:48:02+00:00
92e38ab6-1e16-457d-878b-c17d15794cab,2025110200391,2,0,16,2025-11-02 09:00,2025-11-02 10:00,75204,雪子哥,陕西省,西安市,鄠邑区,朱雀国家森岭公园,92e38ab6-1e16-457d-878b-c17d15794cab,陕西,西安,,,2025-03-01,2026-03-01,2,serial_id,asc,30,2026-03-10T10:48:02+00:00
52e251a3-f5af-40fb-bf75-06826054c45e,2025110201157,2,0,18,2025-11-02 09:40,2025-11-02 14:00,73973,fly,陕西省,西安市,长安区,西安祥峪森林公园,52e251a3-f5af-40fb-bf75-06826054c45e,陕西,西安,,,2025-03-01,2026-03-01,2,serial_id,asc,30,2026-03-10T10:48:02+00:00
a7c087aa-dcc7-4b80-bd2d-a5d42eac9018,2025110201241,2,0,8,2025-11-02 09:00,2025-11-02 12:06,87715,juzi橘子0448,陕西省,西安市,灞桥区,灞河特大桥,a7c087aa-dcc7-4b80-bd2d-a5d42eac9018,陕西,西安,,,2025-03-01,2026-03-01,2,serial_id,asc,30,2026-03-10T10:48:02+00:00
c729557e-1fe7-49d2-b32c-976fd364e1f5,2025110201280,2,0,20,2025-11-01 09:00,2025-11-01 12:00,69634,伊羊肉卷,陕西省,西安市,鄠邑区,涝渭湿地公园,c729557e-1fe7-49d2-b32c-976fd364e1f5,陕西,西安,,,2025-03-01,2026-03-01,2,serial_id,asc,30,2026-03-10T10:48:02+00:00
152ede14-c2c3-4ad7-b208-542c2893f0aa,2025110201321,2,0,29,2025-11-02 09:00,2025-11-02 11:20,66869,移动不动的夜鹭,陕西省,西安市,长安区,洨河湿地公园,152ede14-c2c3-4ad7-b208-542c2893f0aa,陕西,西安,,,2025-03-01,2026-03-01,2,serial_id,asc,30,2026-03-10T10:48:02+00:00
d8a019e0-f754-4dff-a82a-872cc977f5c6,2025110201374,2,0,24,2025-11-02 15:00,2025-11-02 16:00,81148,qwer,陕西省,西安市,长安区,西安祥峪森林公园,d8a019e0-f754-4dff-a82a-872cc977f5c6,陕西,西安,,,2025-03-01,2026-03-01,2,serial_id,asc,30,2026-03-10T10:48:02+00:00
5d6ce16b-abba-4c98-b215-3eaadb9d8073,2025110201382,2,0,25,2025-11-02 09:30,2025-11-02 15:00,53920,Ouzel,陕西省,西安市,长安区,祥峪森林公园,5d6ce16b-abba-4c98-b215-3eaadb9d8073,陕西,西安,,,2025-03-01,2026-03-01,2,serial_id,asc,30,2026-03-10T10:48:02+00:00
56aac6c3-9714-499f-997e-5668966921ba,2025110201434,2,0,23,2025-11-02 15:00,2025-11-02 16:00,91736,云木,陕西省,西安市,长安区,西安祥峪森林公园,56aac6c3-9714-499f-997e-5668966921ba,陕西,西安,,,2025-03-01,2026-03-01,2,serial_id,asc,30,2026-03-10T10:48:02+00:00
83f4cb00-5311-4794-94f6-188d1d1c5a40,2025110201436,2,0,11,2025-10-15 15:00,2025-10-15 17:22,91736,云木,陕西省,西安市,莲湖区,丰庆公园,83f4cb00-5311-4794-94f6-188d1d1c5a40,陕西,西安,,,2025-03-01,2026-03-01,2,serial_id,asc,30,2026-03-10T10:48:02+00:00
fc102ca3-13ad-4fa9-a678-27d18a22f3bd,2025110201437,2,0,26,2025-07-22 11:00,2025-07-22 12:00,91736,云木,陕西省,西安市,灞桥区,西安浐灞桃花潭公园,fc102ca3-13ad-4fa9-a678-27d18a22f3bd,陕西,西安,,,2025-03-01,2026-03-01,2,serial_id,asc,31,2026-03-10T10:48:10+00:00
d0e794ff-08c9-40d1-9b38-db541a4bd39b,2025110201632,2,0,23,2025-11-02 15:00,2025-11-02 16:00,97743,云翼,陕西省,西安市,长安区,西安祥峪森林公园,d0e794ff-08c9-40d1-9b38-db541a4bd39b,陕西,西安,,,2025-03-01,2026-03-01,2,serial_id,asc,31,2026-03-10T10:48:10+00:00
33908238-9f54-4734-ab94-fb553074432d,2025110201810,2,0,7,2025-11-02 09:30,2025-11-02 11:30,96881,LunaticVoyager,陕西省,西安市,莲湖区,丰庆公园,33908238-9f54-4734-ab94-fb553074432d,陕西,西安,,,2025-03-01,2026-03-01,2,serial_id,asc,31,2026-03-10T10:48:10+00:00
b86e6766-714a-4b9c-991d-7c2bc0217637,2025110201850,2,0,57,2025-11-02 09:10,2025-11-02 16:00,54636,鹊影,陕西省,西安市,周至县,杨凌渭河湿地生态公园,b86e6766-714a-4b9c-991d-7c2bc0217637,陕西,西安,,,2025-03-01,2026-03-01,2,serial_id,asc,31,2026-03-10T10:48:10+00:00
f1636e6a-ec6b-4964-9489-ff6768360270,2025110202242,2,0,14,2025-11-02 14:30,2025-11-02 18:00,95682,鲸鱼Ren,陕西省,西安市,长安区,樊川公园,f1636e6a-ec6b-4964-9489-ff6768360270,陕西,西安,,,2025-03-01,2026-03-01,2,serial_id,asc,31,2026-03-10T10:48:10+00:00
3116618b-ff12-45bc-a811-8e62065c0744,2025110300196,2,0,1,2025-11-03 10:00,2025-11-03 11:00,95835,lucyzhang,陕西省,西安市,长安区,陝西師範大學(長安校區),3116618b-ff12-45bc-a811-8e62065c0744,陕西,西安,,,2025-03-01,2026-03-01,2,serial_id,asc,31,2026-03-10T10:48:10+00:00
777a3cc4-dbfe-462f-a119-e02345f85395,2025110300198,2,0,21,2025-11-01 10:04,2025-11-01 17:00,64371,李大顺,陕西省,西安市,长安区,圭峰寺,777a3cc4-dbfe-462f-a119-e02345f85395,陕西,西安,,,2025-03-01,2026-03-01,2,serial_id,asc,31,2026-03-10T10:48:10+00:00
21cec9b1-6030-48db-a5d3-fe6a0ecb7f3e,2025110300204,2,0,8,2025-10-26 14:00,2025-10-26 15:00,2628,zuoluo,陕西省,西安市,蓝田县,蓝田县祝国寺文峰塔,21cec9b1-6030-48db-a5d3-fe6a0ecb7f3e,陕西,西安,,,2025-03-01,2026-03-01,2,serial_id,asc,31,2026-03-10T10:48:10+00:00
22b69d98-f3e2-40b9-8dfd-556171c9f478,2025110300282,2,0,9,2025-11-03 09:15,2025-11-03 11:00,69493,掌心掌心,陕西省,西安市,雁塔区,青龙寺,22b69d98-f3e2-40b9-8dfd-556171c9f478,陕西,西安,,,2025-03-01,2026-03-01,2,serial_id,asc,31,2026-03-10T10:48:10+00:00
2b6cab88-5652-4090-846f-97f1e27b99fc,2025110300392,2,0,24,2025-11-03 12:00,2025-11-03 13:00,75204,雪子哥,陕西省,西安市,长安区,渭河涝河段,2b6cab88-5652-4090-846f-97f1e27b99fc,陕西,西安,,,2025-03-01,2026-03-01,2,serial_id,asc,31,2026-03-10T10:48:10+00:00
ee873637-de5a-4a37-848f-5fce35c6805f,2025110300729,2,0,3,2025-11-03 15:00,2025-11-03 15:30,69493,掌心掌心,陕西省,西安市,碑林区,西安交大兴庆校区,ee873637-de5a-4a37-848f-5fce35c6805f,陕西,西安,,,2025-03-01,2026-03-01,2,serial_id,asc,31,2026-03-10T10:48:10+00:00
80d7f962-d951-4a26-96f3-b8178cb7e2ad,2025110300919,2,0,17,2025-11-03 15:00,2025-11-03 16:00,69716,Licrange,陕西省,西安市,碑林区,龙堂,80d7f962-d951-4a26-96f3-b8178cb7e2ad,陕西,西安,,,2025-03-01,2026-03-01,2,serial_id,asc,31,2026-03-10T10:48:10+00:00
9d77d638-e6ec-40d7-8bcd-c5f465276d30,2025110400261,2,0,16,2025-11-04 10:00,2025-11-04 11:00,96881,LunaticVoyager,陕西省,西安市,鄠邑区,涝渭湿地公园,9d77d638-e6ec-40d7-8bcd-c5f465276d30,陕西,西安,,,2025-03-01,2026-03-01,2,serial_id,asc,31,2026-03-10T10:48:10+00:00
30789f49-add6-46aa-801f-36bbd848bd06,2025110500141,2,0,23,2025-11-05 07:00,2025-11-05 08:00,23582,刘新建,陕西省,西安市,高陵区,陕西泾渭分明湿地博览园湿地保护禽鸟监测岗,30789f49-add6-46aa-801f-36bbd848bd06,陕西,西安,,,2025-03-01,2026-03-01,2,serial_id,asc,31,2026-03-10T10:48:10+00:00
76e2bb48-3965-4639-9365-166d45d81ee7,2025110500878,2,0,10,2025-11-05 16:00,2025-11-05 17:12,78662,绿翅旋壁雀,陕西省,西安市,灞桥区,灞柳西路B坝广场,76e2bb48-3965-4639-9365-166d45d81ee7,陕西,西安,,,2025-03-01,2026-03-01,2,serial_id,asc,31,2026-03-10T10:48:10+00:00
427edf42-7d29-4d16-b79e-130ba6738db3,2025110501138,2,0,1,2025-10-17 16:00,2025-10-17 16:30,53920,Ouzel,陕西省,西安市,碑林区,西安交通大学兴庆校区胭脂坡,427edf42-7d29-4d16-b79e-130ba6738db3,陕西,西安,,,2025-03-01,2026-03-01,2,serial_id,asc,31,2026-03-10T10:48:10+00:00
13c00b57-209f-42b1-8bfb-1041ebe11bed,2025110600726,2,0,1,2025-11-06 16:00,2025-11-06 17:00,32753,董芦笛,陕西省,西安市,碑林区,西安建筑科技大学(雁塔校区)西阶庭院,13c00b57-209f-42b1-8bfb-1041ebe11bed,陕西,西安,,,2025-03-01,2026-03-01,2,serial_id,asc,31,2026-03-10T10:48:10+00:00
fa1a273a-729c-4d92-991b-de555a40cfc8,2025110601171,2,0,10,2025-08-23 08:00,2025-08-23 12:00,87715,juzi橘子0448,陕西省,西安市,鄠邑区,涝渭湿地公园,fa1a273a-729c-4d92-991b-de555a40cfc8,陕西,西安,,,2025-03-01,2026-03-01,2,serial_id,asc,31,2026-03-10T10:48:10+00:00
dc1619fb-453c-4d1b-a23f-8e0694011bdc,2025110700009,2,0,19,2025-11-06 15:45,2025-11-06 17:45,71440,meowto,陕西省,西安市,碑林区,兴庆公园,dc1619fb-453c-4d1b-a23f-8e0694011bdc,陕西,西安,,,2025-03-01,2026-03-01,2,serial_id,asc,31,2026-03-10T10:48:10+00:00
44bb9727-82ad-4c11-98a9-9ca53c68e772,2025110700430,2,0,18,2025-11-07 09:30,2025-11-07 12:00,57607,西石大绿源白鱀豚,陕西省,西安市,长安区,樊川公园,44bb9727-82ad-4c11-98a9-9ca53c68e772,陕西,西安,,,2025-03-01,2026-03-01,2,serial_id,asc,31,2026-03-10T10:48:10+00:00
09519431-717f-48f6-aab6-af69a9bfff55,2025110700634,2,0,1,2025-11-07 14:00,2025-11-07 15:00,69716,Licrange,陕西省,西安市,碑林区,西安建筑科技大学校史馆,09519431-717f-48f6-aab6-af69a9bfff55,陕西,西安,,,2025-03-01,2026-03-01,2,serial_id,asc,31,2026-03-10T10:48:10+00:00
11ca2ca6-8dec-456b-bbbf-1ee579253fe5,2025110800211,2,0,13,2025-08-19 07:30,2025-08-19 09:30,81608,Watson,陕西省,西安市,鄠邑区,涝渭湿地公园,11ca2ca6-8dec-456b-bbbf-1ee579253fe5,陕西,西安,,,2025-03-01,2026-03-01,2,serial_id,asc,31,2026-03-10T10:48:10+00:00
0ca58d42-992f-480c-974f-2d38996c7128,2025110800223,2,0,2,2025-09-14 09:00,2025-09-14 11:00,81608,Watson,陕西省,西安市,周至县,秦岭国家植物园,0ca58d42-992f-480c-974f-2d38996c7128,陕西,西安,,,2025-03-01,2026-03-01,2,serial_id,asc,31,2026-03-10T10:48:10+00:00
954a9cfd-728a-4a39-ab16-627c24db65f2,2025110800470,2,0,3,2025-11-08 11:00,2025-11-08 12:00,22345,山丘,陕西省,西安市,灞桥区,灞桥区新合街道滋三村,954a9cfd-728a-4a39-ab16-627c24db65f2,陕西,西安,,,2025-03-01,2026-03-01,2,serial_id,asc,31,2026-03-10T10:48:10+00:00
75feadc2-903a-43c9-8446-4d3cba48eac1,2025110800514,2,0,8,2025-11-08 12:00,2025-11-08 13:00,22366,688chxiuq,陕西省,西安市,灞桥区,钓点房车营地,75feadc2-903a-43c9-8446-4d3cba48eac1,陕西,西安,,,2025-03-01,2026-03-01,2,serial_id,asc,31,2026-03-10T10:48:10+00:00
ece3093c-739b-40f5-9d7a-ac4ceeee2fa6,2025110801026,2,0,4,2025-09-07 13:00,2025-09-07 14:30,81608,Watson,陕西省,西安市,碑林区,西安博物院,ece3093c-739b-40f5-9d7a-ac4ceeee2fa6,陕西,西安,,,2025-03-01,2026-03-01,2,serial_id,asc,31,2026-03-10T10:48:10+00:00
a8bf0d95-0cb6-442d-99f1-0b721332cb40,2025110801044,2,0,10,2025-10-07 10:30,2025-10-07 13:00,81608,Watson,陕西省,西安市,灞桥区,西安浐灞桃花潭公园(西安市灞桥区),a8bf0d95-0cb6-442d-99f1-0b721332cb40,陕西,西安,,,2025-03-01,2026-03-01,2,serial_id,asc,31,2026-03-10T10:48:10+00:00
3f80453b-ae45-404b-9a74-43d185effc7e,2025110801066,2,0,12,2025-10-25 08:30,2025-10-25 10:30,81608,Watson,陕西省,西安市,长安区,樊川公园,3f80453b-ae45-404b-9a74-43d185effc7e,陕西,西安,,,2025-03-01,2026-03-01,2,serial_id,asc,31,2026-03-10T10:48:10+00:00
4e251ab7-a817-4ab4-8d8b-15ff0696ec60,2025110801332,2,0,27,2025-11-08 17:00,2025-11-08 18:00,75204,雪子哥,陕西省,西安市,鄠邑区,涝渭湿地公园,4e251ab7-a817-4ab4-8d8b-15ff0696ec60,陕西,西安,,,2025-03-01,2026-03-01,2,serial_id,asc,31,2026-03-10T10:48:10+00:00
8559948b-1893-4740-8d3f-dc8ee1dafadb,2025110801733,2,0,1,2025-08-02 08:00,2025-08-02 10:46,87715,juzi橘子0448,陕西省,西安市,长安区,长安区樊川公园,8559948b-1893-4740-8d3f-dc8ee1dafadb,陕西,西安,,,2025-03-01,2026-03-01,2,serial_id,asc,31,2026-03-10T10:48:10+00:00
523aad0c-71e8-442e-babd-3dd700534cfb,2025110900017,2,0,17,2025-11-08 13:00,2025-11-08 14:00,90392,PTJT,陕西省,西安市,周至县,杨凌渭河湿地生态公园,523aad0c-71e8-442e-babd-3dd700534cfb,陕西,西安,,,2025-03-01,2026-03-01,2,serial_id,asc,31,2026-03-10T10:48:10+00:00
3c65ee66-4b99-4806-993b-f3c632a0b5d3,2025110900488,2,0,4,2025-11-09 10:00,2025-11-09 11:00,63026,gallups,陕西省,西安市,雁塔区,省社会科学院家属院,3c65ee66-4b99-4806-993b-f3c632a0b5d3,陕西,西安,,,2025-03-01,2026-03-01,2,serial_id,asc,31,2026-03-10T10:48:10+00:00
04be1457-8835-4792-9bf9-ce975b6c9912,2025110900546,2,0,1,2025-11-09 11:00,2025-11-09 12:00,98162,岛上来信,陕西省,西安市,碑林区,碑林区英发金融中心(雁塔北路),04be1457-8835-4792-9bf9-ce975b6c9912,陕西,西安,,,2025-03-01,2026-03-01,2,serial_id,asc,31,2026-03-10T10:48:10+00:00
957a91a9-51d3-404c-a07d-9911e6ef67e6,2025110900636,2,0,11,2025-11-07 13:03,2025-11-07 16:10,70590,Elim看鸟,陕西省,西安市,鄠邑区,太平国家森林公园,957a91a9-51d3-404c-a07d-9911e6ef67e6,陕西,西安,,,2025-03-01,2026-03-01,2,serial_id,asc,31,2026-03-10T10:48:10+00:00
9ff38981-1df6-4fb7-a5ec-d245cb4e8a8d,2025110901229,2,0,28,2025-11-09 11:00,2025-11-09 12:00,86307,李封真,陕西省,西安市,鄠邑区,涝渭湿地公园,9ff38981-1df6-4fb7-a5ec-d245cb4e8a8d,陕西,西安,,,2025-03-01,2026-03-01,2,serial_id,asc,31,2026-03-10T10:48:10+00:00
bea89572-30af-4335-9fbb-2f1680bde7cb,2025110901542,2,0,13,2025-11-09 14:00,2025-11-09 15:00,66900,modi,陕西省,西安市,灞桥区,中亚公园,bea89572-30af-4335-9fbb-2f1680bde7cb,陕西,西安,,,2025-03-01,2026-03-01,2,serial_id,asc,31,2026-03-10T10:48:10+00:00
b918f69e-4c5d-4ed3-bdb0-95b0615398ab,2025110901568,2,0,11,2025-11-09 14:54,2025-11-09 16:54,85816,Moring,陕西省,西安市,未央区,浐灞国家湿地公园,b918f69e-4c5d-4ed3-bdb0-95b0615398ab,陕西,西安,,,2025-03-01,2026-03-01,2,serial_id,asc,31,2026-03-10T10:48:10+00:00
1fd6ec40-a0f4-43a2-b1d2-1c1eb745126b,2025110901648,2,0,2,2025-11-09 15:32,2025-11-09 16:32,63026,gallups,陕西省,西安市,长安区,樊川公园,1fd6ec40-a0f4-43a2-b1d2-1c1eb745126b,陕西,西安,,,2025-03-01,2026-03-01,2,serial_id,asc,31,2026-03-10T10:48:10+00:00
08d8d1c1-7174-4615-8c37-3bdd2eea4580,2025110901665,2,0,28,2025-11-09 14:00,2025-11-09 17:00,54636,鹊影,陕西省,西安市,长安区,昆明池·七夕公园,08d8d1c1-7174-4615-8c37-3bdd2eea4580,陕西,西安,,,2025-03-01,2026-03-01,2,serial_id,asc,31,2026-03-10T10:48:10+00:00
b89a2edc-eb41-43a1-b1a8-eb6cd9e5bb10,2025110902169,2,0,14,2025-11-09 09:00,2025-11-09 12:00,87715,juzi橘子0448,陕西省,西安市,周至县,杨凌渭河湿地生态公园,b89a2edc-eb41-43a1-b1a8-eb6cd9e5bb10,陕西,西安,,,2025-03-01,2026-03-01,2,serial_id,asc,31,2026-03-10T10:48:10+00:00
4060157f-a26c-4f46-b9bb-74d3a273131d,2025111000159,2,0,3,2025-11-10 15:50,2025-11-10 16:40,53920,Ouzel,陕西省,西安市,碑林区,西安交通大学兴庆校区胭脂坡,4060157f-a26c-4f46-b9bb-74d3a273131d,陕西,西安,,,2025-03-01,2026-03-01,2,serial_id,asc,31,2026-03-10T10:48:10+00:00
5f2e6c78-ae3d-4adb-8f05-b4e1120f2729,2025111000895,2,0,4,2025-11-10 16:00,2025-11-10 17:00,24214,denglongyu,陕西省,西安市,雁塔区,西安植物园,5f2e6c78-ae3d-4adb-8f05-b4e1120f2729,陕西,西安,,,2025-03-01,2026-03-01,2,serial_id,asc,31,2026-03-10T10:48:10+00:00
a4b4bf3b-db31-4e90-a657-3a3245303283,2025111001155,2,0,17,2025-11-10 18:00,2025-11-10 19:00,52903,米酷鹿,陕西省,西安市,鄠邑区,涝渭湿地公园,a4b4bf3b-db31-4e90-a657-3a3245303283,陕西,西安,,,2025-03-01,2026-03-01,2,serial_id,asc,31,2026-03-10T10:48:10+00:00
c0e467a1-c81e-47e9-a0fa-980c7979a9d0,2025111001439,2,0,19,2025-11-10 15:00,2025-11-10 16:00,69716,Licrange,陕西省,西安市,长安区,昆明池·七夕公园,c0e467a1-c81e-47e9-a0fa-980c7979a9d0,陕西,西安,,,2025-03-01,2026-03-01,2,serial_id,asc,31,2026-03-10T10:48:10+00:00
1b4aa23f-15d4-41b4-b891-9aa32e01e5bb,2025111100117,2,0,5,2025-11-06 16:00,2025-11-06 17:00,32753,董芦笛,陕西省,西安市,碑林区,西安建筑科技大学(雁塔校区)西阶庭院,1b4aa23f-15d4-41b4-b891-9aa32e01e5bb,陕西,西安,,,2025-03-01,2026-03-01,2,serial_id,asc,31,2026-03-10T10:48:10+00:00
339a889f-96c5-42e2-a83c-85f74c45dad7,2025111100120,2,0,8,2025-11-11 08:00,2025-11-11 09:00,43432,儿树,陕西省,西安市,碑林区,西安建筑科技大学(雁塔校区)西阶庭院,339a889f-96c5-42e2-a83c-85f74c45dad7,陕西,西安,,,2025-03-01,2026-03-01,2,serial_id,asc,31,2026-03-10T10:48:10+00:00
b44dd75c-e5b5-472c-a255-0eb242956b87,2025111100121,2,0,8,2025-11-11 08:00,2025-11-11 08:30,54386,whaoe,陕西省,西安市,碑林区,西安建筑科技大学(雁塔校区)西阶庭院,b44dd75c-e5b5-472c-a255-0eb242956b87,陕西,西安,,,2025-03-01,2026-03-01,2,serial_id,asc,31,2026-03-10T10:48:10+00:00
c4b87824-290d-4af2-bad8-b62f966b8024,2025111100137,2,0,8,2025-11-11 08:00,2025-11-11 09:00,32753,董芦笛,陕西省,西安市,碑林区,西安建筑科技大学(雁塔校区)西阶庭院,c4b87824-290d-4af2-bad8-b62f966b8024,陕西,西安,,,2025-03-01,2026-03-01,2,serial_id,asc,31,2026-03-10T10:48:10+00:00
e76d5aa7-0932-4566-ad38-d0972f2247a1,2025111100139,2,0,5,2025-11-11 08:00,2025-11-11 09:00,98404,杨鹿,陕西省,西安市,碑林区,西安建筑科技大学(雁塔校区)西阶庭院,e76d5aa7-0932-4566-ad38-d0972f2247a1,陕西,西安,,,2025-03-01,2026-03-01,2,serial_id,asc,31,2026-03-10T10:48:10+00:00
feaa677b-97f3-4a6f-a3ff-04ebc221713b,2025111100163,2,0,2,2025-11-11 08:00,2025-11-11 09:00,32753,董芦笛,陕西省,西安市,碑林区,西安建筑科技大学(雁塔校区),feaa677b-97f3-4a6f-a3ff-04ebc221713b,陕西,西安,,,2025-03-01,2026-03-01,2,serial_id,asc,31,2026-03-10T10:48:10+00:00
650e904e-c160-4184-b072-17dd6a80d5b9,2025111100169,2,0,1,2025-11-11 08:00,2025-11-11 09:00,98402,hydestllo,陕西省,西安市,碑林区,建设路东段建大南阶南侧,650e904e-c160-4184-b072-17dd6a80d5b9,陕西,西安,,,2025-03-01,2026-03-01,2,serial_id,asc,32,2026-03-10T10:48:12+00:00
7f360c98-8fde-4e3f-873a-2bd9db1f9262,2025111100175,2,0,1,2025-11-11 08:48,2025-11-11 09:00,54386,whaoe,陕西省,西安市,碑林区,西安建筑科技大学(雁塔校区)南阶建设路,7f360c98-8fde-4e3f-873a-2bd9db1f9262,陕西,西安,,,2025-03-01,2026-03-01,2,serial_id,asc,32,2026-03-10T10:48:12+00:00
bfcee076-3663-4af7-a7a7-1455a7fab338,2025111100186,2,0,2,2025-11-11 08:00,2025-11-11 09:00,32753,董芦笛,陕西省,西安市,碑林区,西安建筑科技大学(雁塔校区)图书馆前绿地,bfcee076-3663-4af7-a7a7-1455a7fab338,陕西,西安,,,2025-03-01,2026-03-01,2,serial_id,asc,32,2026-03-10T10:48:12+00:00
eaf43b99-9d67-4dd2-9a98-cda76627b413,2025111100187,2,0,4,2025-11-11 09:00,2025-11-11 09:05,54386,whaoe,陕西省,西安市,碑林区,西安建筑科技大学(雁塔校区)图书馆,eaf43b99-9d67-4dd2-9a98-cda76627b413,陕西,西安,,,2025-03-01,2026-03-01,2,serial_id,asc,32,2026-03-10T10:48:12+00:00
1319dca8-65ab-4cc2-b7ca-e067dd342277,2025111100190,2,0,3,2025-11-11 08:00,2025-11-11 09:00,98402,hydestllo,陕西省,西安市,碑林区,西安建筑科技大学(雁塔校区)教学主楼北侧,1319dca8-65ab-4cc2-b7ca-e067dd342277,陕西,西安,,,2025-03-01,2026-03-01,2,serial_id,asc,32,2026-03-10T10:48:12+00:00
39fc01f7-e65d-4f26-a56c-df3bf13e085a,2025111100191,2,0,4,2025-11-11 09:00,2025-11-11 10:00,43432,儿树,陕西省,西安市,碑林区,西安建筑科技大学(雁塔校区)图书馆前绿地,39fc01f7-e65d-4f26-a56c-df3bf13e085a,陕西,西安,,,2025-03-01,2026-03-01,2,serial_id,asc,32,2026-03-10T10:48:12+00:00
1500cb90-1193-429f-8ee7-50e8d6951776,2025111100192,2,0,4,2025-11-11 08:00,2025-11-11 09:00,98404,杨鹿,陕西省,西安市,碑林区,西安建筑科技大学(雁塔校区)图书馆前绿地,1500cb90-1193-429f-8ee7-50e8d6951776,陕西,西安,,,2025-03-01,2026-03-01,2,serial_id,asc,32,2026-03-10T10:48:12+00:00
106dcb77-7287-49e7-aafb-98a0980d97c1,2025111100202,2,0,6,2025-11-11 09:00,2025-11-11 10:00,32753,董芦笛,陕西省,西安市,碑林区,西安建筑科技大学(雁塔校区)主楼后若祁湖,106dcb77-7287-49e7-aafb-98a0980d97c1,陕西,西安,,,2025-03-01,2026-03-01,2,serial_id,asc,32,2026-03-10T10:48:12+00:00
6160c279-134e-421d-bbe5-aed4f7087ad0,2025111100203,2,0,4,2025-11-11 08:00,2025-11-11 09:00,98402,hydestllo,陕西省,西安市,碑林区,西安建筑科技大学(雁塔校区)若祁湖,6160c279-134e-421d-bbe5-aed4f7087ad0,陕西,西安,,,2025-03-01,2026-03-01,2,serial_id,asc,32,2026-03-10T10:48:12+00:00
673a3432-8de7-4e10-99e9-11510cfd43c7,2025111100206,2,0,2,2025-11-11 09:00,2025-11-11 10:00,43432,儿树,陕西省,西安市,碑林区,西安建筑科技大学(雁塔校区)主楼前若祁湖,673a3432-8de7-4e10-99e9-11510cfd43c7,陕西,西安,,,2025-03-01,2026-03-01,2,serial_id,asc,32,2026-03-10T10:48:12+00:00
995f2b51-5f33-4c45-8d9f-8e2feb1775c7,2025111100228,2,0,8,2025-11-11 08:00,2025-11-11 09:00,98402,hydestllo,陕西省,西安市,碑林区,西安建筑科技大学(雁塔校区)工科大楼柿子林,995f2b51-5f33-4c45-8d9f-8e2feb1775c7,陕西,西安,,,2025-03-01,2026-03-01,2,serial_id,asc,32,2026-03-10T10:48:12+00:00
474a7d9c-548b-44f3-8d5d-18f3a383573a,2025111100229,2,0,8,2025-11-11 08:00,2025-11-11 09:00,98407,阿黄,陕西省,西安市,碑林区,西安建筑科技大学(雁塔校区)工科大楼柿子林,474a7d9c-548b-44f3-8d5d-18f3a383573a,陕西,西安,,,2025-03-01,2026-03-01,2,serial_id,asc,32,2026-03-10T10:48:12+00:00
de90f4d4-a5e6-474a-b38b-4c488393cfa2,2025111100234,2,0,8,2025-11-11 09:00,2025-11-11 10:00,32753,董芦笛,陕西省,西安市,碑林区,西安建筑科技大学(雁塔校区)工科大楼柿子林,de90f4d4-a5e6-474a-b38b-4c488393cfa2,陕西,西安,,,2025-03-01,2026-03-01,2,serial_id,asc,32,2026-03-10T10:48:12+00:00
55e1c4cc-de6b-44c8-8164-999b427724f9,2025111100260,2,0,6,2025-11-11 10:00,2025-11-11 11:00,98404,杨鹿,陕西省,西安市,碑林区,西安建筑科技大学(雁塔校区)工科楼前柿子林,55e1c4cc-de6b-44c8-8164-999b427724f9,陕西,西安,,,2025-03-01,2026-03-01,2,serial_id,asc,32,2026-03-10T10:48:12+00:00
dd538386-9bed-4a03-afa4-9d66bd27e1a9,2025111100262,2,0,8,2025-11-11 09:00,2025-11-11 10:00,54386,whaoe,陕西省,西安市,碑林区,西安建筑科技大学(雁塔校区)工科楼柿子林,dd538386-9bed-4a03-afa4-9d66bd27e1a9,陕西,西安,,,2025-03-01,2026-03-01,2,serial_id,asc,32,2026-03-10T10:48:12+00:00
a2b2ebc8-9e5b-4bc3-b568-3905e8523cf8,2025111100273,2,0,1,2025-11-11 10:00,2025-11-11 11:00,98474,康瑞杰,陕西省,西安市,碑林区,西安建筑科技大学西阶),a2b2ebc8-9e5b-4bc3-b568-3905e8523cf8,陕西,西安,,,2025-03-01,2026-03-01,2,serial_id,asc,32,2026-03-10T10:48:12+00:00
3af1b25d-5cf1-49a0-b240-e5e4a17ebfd9,2025111100274,2,0,1,2025-11-11 10:00,2025-11-11 11:00,98444,yyd,陕西省,西安市,碑林区,西阶后,3af1b25d-5cf1-49a0-b240-e5e4a17ebfd9,陕西,西安,,,2025-03-01,2026-03-01,2,serial_id,asc,32,2026-03-10T10:48:12+00:00
8c8b70d2-4e89-4a58-b8d3-b29a08eaf664,2025111100275,2,0,1,2025-11-11 10:00,2025-11-11 11:00,98485,苏琬琪,陕西省,西安市,碑林区,西安建筑科技大学(雁塔校区),8c8b70d2-4e89-4a58-b8d3-b29a08eaf664,陕西,西安,,,2025-03-01,2026-03-01,2,serial_id,asc,32,2026-03-10T10:48:12+00:00
f482714f-c4c1-430f-bfbd-d7bf0da26f42,2025111100277,2,0,3,2025-11-11 10:00,2025-11-11 11:00,98446,15969476941,陕西省,西安市,碑林区,西安建筑科技大学(雁塔校区)西阶教室,f482714f-c4c1-430f-bfbd-d7bf0da26f42,陕西,西安,,,2025-03-01,2026-03-01,2,serial_id,asc,32,2026-03-10T10:48:12+00:00
6e1319de-d937-4bed-ae7c-9eaa1b079a09,2025111100280,2,0,1,2025-11-11 10:00,2025-11-11 11:00,98473,陈可,陕西省,西安市,碑林区,西安建築科技大學(雁塔校區)西阶庭院,6e1319de-d937-4bed-ae7c-9eaa1b079a09,陕西,西安,,,2025-03-01,2026-03-01,2,serial_id,asc,32,2026-03-10T10:48:12+00:00
5cd33b9a-d233-4088-932e-7a934ddcb7c8,2025111100283,2,0,1,2025-11-11 10:00,2025-11-11 11:00,98470,july123,陕西省,西安市,碑林区,西安建筑科技大学(雁塔校区)西阶教室,5cd33b9a-d233-4088-932e-7a934ddcb7c8,陕西,西安,,,2025-03-01,2026-03-01,2,serial_id,asc,32,2026-03-10T10:48:12+00:00
0be3754b-59fb-4b0c-ab95-d640e330238a,2025111100284,2,0,2,2025-11-11 10:00,2025-11-11 11:00,98458,彭雨萱,陕西省,西安市,碑林区,西安建筑科技大学(雁塔校区)西阶庭院,0be3754b-59fb-4b0c-ab95-d640e330238a,陕西,西安,,,2025-03-01,2026-03-01,2,serial_id,asc,32,2026-03-10T10:48:12+00:00
7ceab65e-db71-48ea-941a-2955ee429651,2025111100286,2,0,1,2025-11-11 10:00,2025-11-11 11:00,98491,席商仕程,陕西省,西安市,碑林区,西安建筑科技大学(雁塔校区)西阶教室,7ceab65e-db71-48ea-941a-2955ee429651,陕西,西安,,,2025-03-01,2026-03-01,2,serial_id,asc,32,2026-03-10T10:48:12+00:00
e19deafb-59d0-48c2-a9b8-322a04fa4af8,2025111100287,2,0,2,2025-11-11 10:00,2025-11-11 11:00,98465,朱丽莎,陕西省,西安市,碑林区,西安建筑科技大学(雁塔校区)西阶庭院,e19deafb-59d0-48c2-a9b8-322a04fa4af8,陕西,西安,,,2025-03-01,2026-03-01,2,serial_id,asc,32,2026-03-10T10:48:12+00:00
b8da5477-ac90-4ab4-af95-4e783c30652f,2025111100288,2,0,3,2025-11-11 10:00,2025-11-11 11:00,98444,yyd,陕西省,西安市,碑林区,西阶后,b8da5477-ac90-4ab4-af95-4e783c30652f,陕西,西安,,,2025-03-01,2026-03-01,2,serial_id,asc,32,2026-03-10T10:48:12+00:00
cf1be147-3a6d-48f7-b0cf-ecff6ab1b839,2025111100289,2,0,3,2025-11-11 10:00,2025-11-11 11:00,98419,ljm李金嫚,陕西省,西安市,碑林区,西安建筑科技大学(雁塔校区)西阶教室,cf1be147-3a6d-48f7-b0cf-ecff6ab1b839,陕西,西安,,,2025-03-01,2026-03-01,2,serial_id,asc,32,2026-03-10T10:48:12+00:00
e206b66d-033a-4a0a-b4a6-a93a09fe037a,2025111100290,2,0,3,2025-11-11 10:00,2025-11-11 11:00,98450,李祯臻,陕西省,西安市,碑林区,西安建筑科技大学(雁塔校区)西阶教室,e206b66d-033a-4a0a-b4a6-a93a09fe037a,陕西,西安,,,2025-03-01,2026-03-01,2,serial_id,asc,32,2026-03-10T10:48:12+00:00
6999cc46-2912-4872-bb28-aa01f0bd3e47,2025111100292,2,0,3,2025-11-11 10:00,2025-11-11 11:00,98443,郭韩雨,陕西省,西安市,碑林区,西安建筑科技大学(雁塔校区)西阶,6999cc46-2912-4872-bb28-aa01f0bd3e47,陕西,西安,,,2025-03-01,2026-03-01,2,serial_id,asc,32,2026-03-10T10:48:12+00:00
66a6c4d2-adbf-4855-a9dd-5cb7fe87b041,2025111100293,2,0,3,2025-11-11 10:00,2025-11-11 11:00,98440,马欣蕊,陕西省,西安市,碑林区,西安建筑科技大学(雁塔校区)西阶教室,66a6c4d2-adbf-4855-a9dd-5cb7fe87b041,陕西,西安,,,2025-03-01,2026-03-01,2,serial_id,asc,32,2026-03-10T10:48:12+00:00
ce440f9d-6930-4a2d-a38b-51ca53d987f7,2025111100294,2,0,3,2025-11-11 10:00,2025-11-11 11:00,98449,文洁,陕西省,西安市,碑林区,西安建筑科技大学(雁塔校区)西阶教师,ce440f9d-6930-4a2d-a38b-51ca53d987f7,陕西,西安,,,2025-03-01,2026-03-01,2,serial_id,asc,32,2026-03-10T10:48:12+00:00
1d4c5550-3b9b-4329-b665-4730d41d806a,2025111100295,2,0,2,2025-11-11 10:00,2025-11-11 11:00,98438,莱莱宝,陕西省,西安市,碑林区,西安建筑科技大学(雁塔校区)西阶庭院,1d4c5550-3b9b-4329-b665-4730d41d806a,陕西,西安,,,2025-03-01,2026-03-01,2,serial_id,asc,32,2026-03-10T10:48:12+00:00
d9cb7744-409f-4aa8-bf0c-b297f0460ac7,2025111100296,2,0,3,2025-11-11 10:00,2025-11-11 11:00,98431,笑笑qqy,陕西省,西安市,碑林区,西安建筑科技大学(雁塔校区)西阶教室,d9cb7744-409f-4aa8-bf0c-b297f0460ac7,陕西,西安,,,2025-03-01,2026-03-01,2,serial_id,asc,32,2026-03-10T10:48:12+00:00
87afb829-d2f8-40ce-a3da-ccdbc7305fda,2025111100297,2,0,5,2025-11-11 10:00,2025-11-11 11:00,98476,姬野,陕西省,西安市,碑林区,西安建筑科技大学(雁塔校区)西阶教室,87afb829-d2f8-40ce-a3da-ccdbc7305fda,陕西,西安,,,2025-03-01,2026-03-01,2,serial_id,asc,32,2026-03-10T10:48:12+00:00
d7c83d17-8138-4b16-a2e7-08a08971ad3e,2025111100298,2,0,3,2025-11-11 10:00,2025-11-11 11:00,98447,lyx666,陕西省,西安市,碑林区,西安建筑科技大学(雁塔校区)西阶教室,d7c83d17-8138-4b16-a2e7-08a08971ad3e,陕西,西安,,,2025-03-01,2026-03-01,2,serial_id,asc,32,2026-03-10T10:48:12+00:00
8b2988ed-566d-428f-a0bc-5c1f97028c80,2025111100299,2,0,3,2025-11-11 10:00,2025-11-11 11:00,98445,蒙高磊,陕西省,西安市,碑林区,西安建筑科技大学(雁塔校区),8b2988ed-566d-428f-a0bc-5c1f97028c80,陕西,西安,,,2025-03-01,2026-03-01,2,serial_id,asc,32,2026-03-10T10:48:12+00:00
49bf42be-bb92-4f32-b0a2-d95b14323391,2025111100300,2,0,3,2025-11-11 10:00,2025-11-11 11:00,98454,Gp,陕西省,西安市,碑林区,西安建筑科技大学(雁塔校区)西阶教室,49bf42be-bb92-4f32-b0a2-d95b14323391,陕西,西安,,,2025-03-01,2026-03-01,2,serial_id,asc,32,2026-03-10T10:48:12+00:00
d96164c9-da78-4e98-b92b-abf1d06028ff,2025111100301,2,0,3,2025-11-11 10:00,2025-11-11 11:00,98448,ikai,陕西省,西安市,碑林区,西安建筑科技大学(雁塔校区)西阶教室,d96164c9-da78-4e98-b92b-abf1d06028ff,陕西,西安,,,2025-03-01,2026-03-01,2,serial_id,asc,32,2026-03-10T10:48:12+00:00
38d120b3-4cb4-44e3-b410-4ac1124e5de5,2025111100302,2,0,3,2025-11-11 11:00,2025-11-11 11:00,98420,kroos,陕西省,西安市,碑林区,西安建筑科技大学(雁塔校区),38d120b3-4cb4-44e3-b410-4ac1124e5de5,陕西,西安,,,2025-03-01,2026-03-01,2,serial_id,asc,32,2026-03-10T10:48:12+00:00
aeb7f020-0897-4804-8e70-b6134a632bf9,2025111100303,2,0,2,2025-11-11 10:00,2025-11-11 11:00,98464,陈宇畅,陕西省,西安市,碑林区,西安建筑科技大学(雁塔校区)西阶庭院,aeb7f020-0897-4804-8e70-b6134a632bf9,陕西,西安,,,2025-03-01,2026-03-01,2,serial_id,asc,32,2026-03-10T10:48:12+00:00
13ae726e-602b-45e4-a41c-f059d3373fe4,2025111100304,2,0,1,2025-11-11 10:00,2025-11-11 11:00,98471,第七片海,陕西省,西安市,碑林区,西安建筑科技大学(雁塔校区)西阶教室,13ae726e-602b-45e4-a41c-f059d3373fe4,陕西,西安,,,2025-03-01,2026-03-01,2,serial_id,asc,32,2026-03-10T10:48:12+00:00
394bc0f2-9b61-4b7a-b76f-c2a5aa2f1f11,2025111100305,2,0,1,2025-11-11 10:00,2025-11-11 11:00,98480,何东阁,陕西省,西安市,碑林区,西安建筑科技大学西阶教室,394bc0f2-9b61-4b7a-b76f-c2a5aa2f1f11,陕西,西安,,,2025-03-01,2026-03-01,2,serial_id,asc,32,2026-03-10T10:48:12+00:00
d2c45848-3c80-463a-b5df-e88cda3011ad,2025111100306,2,0,1,2025-11-11 10:00,2025-11-11 11:00,98490,xssc,陕西省,西安市,碑林区,西安建筑科技大学(雁塔校区)西阶教室,d2c45848-3c80-463a-b5df-e88cda3011ad,陕西,西安,,,2025-03-01,2026-03-01,2,serial_id,asc,32,2026-03-10T10:48:12+00:00
b65ef6a0-c24d-45e3-93a7-482979b22538,2025111100307,2,0,1,2025-11-11 10:00,2025-11-11 11:00,98489,youle,陕西省,西安市,碑林区,西安建筑科技大学(雁塔校区)西阶教室,b65ef6a0-c24d-45e3-93a7-482979b22538,陕西,西安,,,2025-03-01,2026-03-01,2,serial_id,asc,32,2026-03-10T10:48:12+00:00
98bfe94b-e3e5-4e8c-b656-208d4b0c5ff3,2025111100308,2,0,1,2025-11-11 10:00,2025-11-11 11:00,98481,袁文博,陕西省,西安市,碑林区,西安建筑科技大学(雁塔校区)西阶教室,98bfe94b-e3e5-4e8c-b656-208d4b0c5ff3,陕西,西安,,,2025-03-01,2026-03-01,2,serial_id,asc,32,2026-03-10T10:48:12+00:00
ae42182c-e62b-42e3-89f0-04da6ad7755a,2025111100309,2,0,1,2025-11-11 10:00,2025-11-11 11:00,98495,常安,陕西省,西安市,碑林区,西安建筑科技大学(雁塔校区)西阶教室,ae42182c-e62b-42e3-89f0-04da6ad7755a,陕西,西安,,,2025-03-01,2026-03-01,2,serial_id,asc,32,2026-03-10T10:48:12+00:00
0cd3eb22-42a3-4a0d-ba5f-a4ce363035da,2025111100311,2,0,1,2025-11-11 10:00,2025-11-11 11:00,98483,马嘉炜,陕西省,西安市,碑林区,西安建筑科技大学，西街教室,0cd3eb22-42a3-4a0d-ba5f-a4ce363035da,陕西,西安,,,2025-03-01,2026-03-01,2,serial_id,asc,32,2026-03-10T10:48:12+00:00
fbfde34b-2cc3-46fa-b56b-01bb062fb037,2025111100313,2,0,1,2025-11-11 10:26,2025-11-11 10:31,98451,王大灯,陕西省,西安市,碑林区,西安建筑科技大学(雁塔校区)西阶西花园,fbfde34b-2cc3-46fa-b56b-01bb062fb037,陕西,西安,,,2025-03-01,2026-03-01,2,serial_id,asc,32,2026-03-10T10:48:12+00:00
d10c6d7d-6a76-4f18-bd9c-cf7e34fe392f,2025111100314,2,0,2,2025-11-11 10:00,2025-11-11 11:00,98414,宋家熙,陕西省,西安市,碑林区,西安建筑科技大学(雁塔校区)西阶庭院,d10c6d7d-6a76-4f18-bd9c-cf7e34fe392f,陕西,西安,,,2025-03-01,2026-03-01,2,serial_id,asc,32,2026-03-10T10:48:12+00:00
1a3fbdea-41ae-4971-9d45-c1b253081a4f,2025111100315,2,0,1,2025-11-11 10:00,2025-11-11 11:00,98475,黄lu,陕西省,西安市,碑林区,西安建筑科技大学(雁塔校区)西阶教室,1a3fbdea-41ae-4971-9d45-c1b253081a4f,陕西,西安,,,2025-03-01,2026-03-01,2,serial_id,asc,32,2026-03-10T10:48:12+00:00
184ec787-2201-44e6-b240-25566a724f05,2025111100316,2,0,1,2025-11-11 10:00,2025-11-11 11:00,98493,青葱鱼块,陕西省,西安市,碑林区,西安建筑科技大学(雁塔校区)西阶教室,184ec787-2201-44e6-b240-25566a724f05,陕西,西安,,,2025-03-01,2026-03-01,2,serial_id,asc,32,2026-03-10T10:48:12+00:00
216e7452-7a26-4021-8642-211fb5a0b6d1,2025111100317,2,0,1,2025-11-11 10:00,2025-11-11 11:00,98494,小小婷,陕西省,西安市,碑林区,西安建筑科技大学(雁塔校区)西阶教室,216e7452-7a26-4021-8642-211fb5a0b6d1,陕西,西安,,,2025-03-01,2026-03-01,2,serial_id,asc,33,2026-03-10T10:48:14+00:00
cc217ca7-f58b-43cd-a070-80358d699bc6,2025111100320,2,0,1,2025-11-11 10:00,2025-11-11 11:00,98435,熊玉菡,陕西省,西安市,碑林区,西安建筑科技大学(雁塔西阶花园),cc217ca7-f58b-43cd-a070-80358d699bc6,陕西,西安,,,2025-03-01,2026-03-01,2,serial_id,asc,33,2026-03-10T10:48:14+00:00
eca33b2f-f558-472e-b5ad-8c0e6ad8239a,2025111100321,2,0,1,2025-11-11 10:00,2025-11-11 11:00,98433,李笑萱,陕西省,西安市,碑林区,西安建筑科技大学(雁塔校区)西街西花园,eca33b2f-f558-472e-b5ad-8c0e6ad8239a,陕西,西安,,,2025-03-01,2026-03-01,2,serial_id,asc,33,2026-03-10T10:48:14+00:00
5be476c1-3bd1-45bb-a2d2-47382b186f47,2025111100324,2,0,3,2025-11-11 10:29,2025-11-11 11:00,98466,蔡济泽,陕西省,西安市,碑林区,西安建筑科技大学(雁塔校区)西阶西花园,5be476c1-3bd1-45bb-a2d2-47382b186f47,陕西,西安,,,2025-03-01,2026-03-01,2,serial_id,asc,33,2026-03-10T10:48:14+00:00
aed456e1-b948-47fd-8bca-c869e0f2c9ea,2025111100325,2,0,2,2025-11-11 10:00,2025-11-11 11:00,98434,猫猫不吃鱼,陕西省,西安市,碑林区,西安建筑科技大学(雁塔校区)西阶庭院,aed456e1-b948-47fd-8bca-c869e0f2c9ea,陕西,西安,,,2025-03-01,2026-03-01,2,serial_id,asc,33,2026-03-10T10:48:14+00:00
aca6b0b8-288e-4349-b817-1d800a94ff2c,2025111100327,2,0,1,2025-11-11 10:30,2025-11-11 10:45,98436,韩啟明,陕西省,西安市,碑林区,西安建筑科技大学(雁塔校区)西阶西花园,aca6b0b8-288e-4349-b817-1d800a94ff2c,陕西,西安,,,2025-03-01,2026-03-01,2,serial_id,asc,33,2026-03-10T10:48:14+00:00
8f7374f4-bfb9-4dba-bd51-b8bc6345e8d1,2025111100329,2,0,1,2025-11-11 10:00,2025-11-11 11:00,98428,孙瑞谦,陕西省,西安市,碑林区,西安建筑科技大学(雁塔校区)西阶,8f7374f4-bfb9-4dba-bd51-b8bc6345e8d1,陕西,西安,,,2025-03-01,2026-03-01,2,serial_id,asc,33,2026-03-10T10:48:14+00:00
7e9de0e7-3b2c-4065-af31-084aaadf2ab6,2025111100330,2,0,2,2025-11-11 10:00,2025-11-11 11:00,98442,李壕,陕西省,西安市,碑林区,西安建筑科技大学(雁塔校区)西阶庭院,7e9de0e7-3b2c-4065-af31-084aaadf2ab6,陕西,西安,,,2025-03-01,2026-03-01,2,serial_id,asc,33,2026-03-10T10:48:14+00:00
04eee477-a92a-4dcf-9cc3-c1d81411b22a,2025111100331,2,0,2,2025-11-11 10:00,2025-11-11 11:00,98463,倪荦檬,陕西省,西安市,碑林区,西安建筑科技大学(雁塔校区)西阶庭院,04eee477-a92a-4dcf-9cc3-c1d81411b22a,陕西,西安,,,2025-03-01,2026-03-01,2,serial_id,asc,33,2026-03-10T10:48:14+00:00
8c004fe7-36fd-4887-aa71-48fcc6c94b9c,2025111100332,2,0,2,2025-11-11 10:00,2025-11-11 11:00,98426,郭欣宇,陕西省,西安市,碑林区,西安建筑科技大学(雁塔校区)西阶庭院,8c004fe7-36fd-4887-aa71-48fcc6c94b9c,陕西,西安,,,2025-03-01,2026-03-01,2,serial_id,asc,33,2026-03-10T10:48:14+00:00
14c057ab-fdfd-40f8-8408-429dda8b2161,2025111100333,2,0,2,2025-11-11 10:00,2025-11-11 11:00,98424,郭亮,陕西省,西安市,碑林区,西安建筑科技大学(雁塔校区)西阶庭院,14c057ab-fdfd-40f8-8408-429dda8b2161,陕西,西安,,,2025-03-01,2026-03-01,2,serial_id,asc,33,2026-03-10T10:48:14+00:00
c6184302-43e1-42f8-bba7-060d6626a3aa,2025111100334,2,0,1,2025-11-11 10:00,2025-11-11 11:00,98467,李楚莹,陕西省,西安市,碑林区,西安建筑科技大学(雁塔校区)西阶庭院,c6184302-43e1-42f8-bba7-060d6626a3aa,陕西,西安,,,2025-03-01,2026-03-01,2,serial_id,asc,33,2026-03-10T10:48:14+00:00
5e242ffe-db48-4fc3-93d1-33312256bb9d,2025111100336,2,0,2,2025-11-11 10:00,2025-11-11 11:00,98427,刘思辰,陕西省,西安市,碑林区,西安建筑科技大学西阶庭院,5e242ffe-db48-4fc3-93d1-33312256bb9d,陕西,西安,,,2025-03-01,2026-03-01,2,serial_id,asc,33,2026-03-10T10:48:14+00:00
f46f11ad-2ef7-4e8c-baf5-589e913b0cc0,2025111100337,2,0,2,2025-11-11 10:00,2025-11-11 11:00,98432,张添慧,陕西省,西安市,碑林区,西安建筑科技大学(雁塔校区)西阶庭院,f46f11ad-2ef7-4e8c-baf5-589e913b0cc0,陕西,西安,,,2025-03-01,2026-03-01,2,serial_id,asc,33,2026-03-10T10:48:14+00:00
fc03dd49-6eb3-4e69-8609-4bc34bd3098f,2025111100339,2,0,2,2025-11-11 10:00,2025-11-11 11:00,98487,王溪媛,陕西省,西安市,碑林区,西安建筑科技大学(雁塔校区)西阶庭院,fc03dd49-6eb3-4e69-8609-4bc34bd3098f,陕西,西安,,,2025-03-01,2026-03-01,2,serial_id,asc,33,2026-03-10T10:48:14+00:00
b0d06d1d-8426-4cbf-b615-88e0bdf62af1,2025111100340,2,0,2,2025-11-11 10:00,2025-11-11 11:00,98472,张玉梦,陕西省,西安市,碑林区,西安建筑科技大学(雁塔校区）西阶庭院,b0d06d1d-8426-4cbf-b615-88e0bdf62af1,陕西,西安,,,2025-03-01,2026-03-01,2,serial_id,asc,33,2026-03-10T10:48:14+00:00
8cc5ab22-9f77-40ad-a75f-5e85bdc056de,2025111100341,2,0,2,2025-11-11 10:00,2025-11-11 11:00,98412,jao,陕西省,西安市,碑林区,西安建筑科技大学(雁塔校区)西阶庭院,8cc5ab22-9f77-40ad-a75f-5e85bdc056de,陕西,西安,,,2025-03-01,2026-03-01,2,serial_id,asc,33,2026-03-10T10:48:14+00:00
f483f966-2d47-4a8e-999c-20bb3b28dde5,2025111100342,2,0,2,2025-11-11 10:00,2025-11-11 11:00,98460,胥雨航,陕西省,西安市,碑林区,西安建筑科技大学(雁塔校区)西阶庭院,f483f966-2d47-4a8e-999c-20bb3b28dde5,陕西,西安,,,2025-03-01,2026-03-01,2,serial_id,asc,33,2026-03-10T10:48:14+00:00
3b6da9bb-3491-45ef-ac08-c5a7929f14f0,2025111100343,2,0,1,2025-11-11 10:00,2025-11-11 11:00,98477,Immortal,陕西省,西安市,碑林区,西安建筑科技大学西阶,3b6da9bb-3491-45ef-ac08-c5a7929f14f0,陕西,西安,,,2025-03-01,2026-03-01,2,serial_id,asc,33,2026-03-10T10:48:14+00:00
83ce8515-ff10-418f-a1e5-faca936067f8,2025111100344,2,0,2,2025-11-11 10:00,2025-11-11 11:00,98418,糯叶,陕西省,西安市,碑林区,西安建筑科技大学(雁塔校区)西阶庭院,83ce8515-ff10-418f-a1e5-faca936067f8,陕西,西安,,,2025-03-01,2026-03-01,2,serial_id,asc,33,2026-03-10T10:48:14+00:00
3e6b1228-5d48-4a1c-986d-618d4ad4a87c,2025111100345,2,0,2,2025-11-11 10:00,2025-11-11 11:00,98413,Jingle,陕西省,西安市,碑林区,西安建筑科技大学(雁塔校区)西阶庭院,3e6b1228-5d48-4a1c-986d-618d4ad4a87c,陕西,西安,,,2025-03-01,2026-03-01,2,serial_id,asc,33,2026-03-10T10:48:14+00:00
bc5eef9f-7f86-4099-befc-460e2cc2c8cd,2025111100346,2,0,2,2025-11-11 10:00,2025-11-11 11:00,98415,蛤蛤呱,陕西省,西安市,碑林区,西安建筑科技大学西街庭院,bc5eef9f-7f86-4099-befc-460e2cc2c8cd,陕西,西安,,,2025-03-01,2026-03-01,2,serial_id,asc,33,2026-03-10T10:48:14+00:00
4941c41c-5dd4-4dc1-a5bc-187cf8f0a12b,2025111100347,2,0,2,2025-11-11 10:00,2025-11-11 11:00,98417,柴子姗,陕西省,西安市,碑林区,西安建筑科技大学(雁塔校区)西阶庭院,4941c41c-5dd4-4dc1-a5bc-187cf8f0a12b,陕西,西安,,,2025-03-01,2026-03-01,2,serial_id,asc,33,2026-03-10T10:48:14+00:00
bb0f6de1-0485-4c45-9c15-f34d95415952,2025111100348,2,0,5,2025-11-11 10:00,2025-11-11 11:00,98461,施菀升,陕西省,西安市,碑林区,西安建筑科技大学(雁塔校区)主楼前绿地,bb0f6de1-0485-4c45-9c15-f34d95415952,陕西,西安,,,2025-03-01,2026-03-01,2,serial_id,asc,33,2026-03-10T10:48:14+00:00
905642e2-b6ba-4b63-b33e-10c0645b32d0,2025111100350,2,0,2,2025-11-11 10:00,2025-11-11 11:00,98423,ellie,陕西省,西安市,碑林区,西安建筑科技大学(雁塔校区)西阶庭院,905642e2-b6ba-4b63-b33e-10c0645b32d0,陕西,西安,,,2025-03-01,2026-03-01,2,serial_id,asc,33,2026-03-10T10:48:14+00:00
714d5305-ed7d-4aae-bb25-5ccb2e17411d,2025111100351,2,0,2,2025-11-11 10:00,2025-11-11 11:00,98459,李月异,陕西省,西安市,碑林区,西安建筑科技大学(雁塔校区)西阶庭院,714d5305-ed7d-4aae-bb25-5ccb2e17411d,陕西,西安,,,2025-03-01,2026-03-01,2,serial_id,asc,33,2026-03-10T10:48:14+00:00
bf987c8a-4594-4863-9285-4c8d9bc8dae0,2025111100352,2,0,2,2025-11-11 10:00,2025-11-11 11:00,98461,施菀升,陕西省,西安市,碑林区,西安建筑科技大学(雁塔校区)西阶庭院,bf987c8a-4594-4863-9285-4c8d9bc8dae0,陕西,西安,,,2025-03-01,2026-03-01,2,serial_id,asc,33,2026-03-10T10:48:14+00:00
0aa58c26-ef2e-499b-88f3-b9e1e061d087,2025111100355,2,0,2,2025-11-11 10:00,2025-11-11 11:00,98469,建筑2302李嘉悦,陕西省,西安市,碑林区,西安建筑科技大学雁塔校区西阶庭院,0aa58c26-ef2e-499b-88f3-b9e1e061d087,陕西,西安,,,2025-03-01,2026-03-01,2,serial_id,asc,33,2026-03-10T10:48:14+00:00
538e3ed7-9949-4746-b76c-9f1baf4e1c98,2025111100357,2,0,2,2025-11-11 09:40,2025-11-11 11:00,98496,刘仁超,陕西省,西安市,碑林区,西安建筑科技大学(雁塔校区),538e3ed7-9949-4746-b76c-9f1baf4e1c98,陕西,西安,,,2025-03-01,2026-03-01,2,serial_id,asc,33,2026-03-10T10:48:14+00:00
09105129-9173-4c78-87b0-26df48008834,2025111100358,2,0,5,2025-11-11 10:00,2025-11-11 11:00,98483,马嘉炜,陕西省,西安市,碑林区,校史馆旁小公园,09105129-9173-4c78-87b0-26df48008834,陕西,西安,,,2025-03-01,2026-03-01,2,serial_id,asc,33,2026-03-10T10:48:14+00:00
47a5b120-31ee-4992-b71e-9b12267a00e3,2025111100360,2,0,1,2025-11-11 10:00,2025-11-11 11:00,98421,适祎,陕西省,西安市,碑林区,西安建筑科技大学图书馆花园,47a5b120-31ee-4992-b71e-9b12267a00e3,陕西,西安,,,2025-03-01,2026-03-01,2,serial_id,asc,33,2026-03-10T10:48:14+00:00
ee6f92ae-37dc-4fcf-9007-402ba5983a21,2025111100361,2,0,1,2025-11-11 10:00,2025-11-11 11:00,98445,蒙高磊,陕西省,西安市,碑林区,西安建筑科技大学图书馆花园,ee6f92ae-37dc-4fcf-9007-402ba5983a21,陕西,西安,,,2025-03-01,2026-03-01,2,serial_id,asc,33,2026-03-10T10:48:14+00:00
e5db35f3-a6c9-4fde-b13e-6f599dd50026,2025111100362,2,0,2,2025-11-11 10:00,2025-11-11 11:00,98447,lyx666,陕西省,西安市,碑林区,西安建筑科技大学图书馆花园,e5db35f3-a6c9-4fde-b13e-6f599dd50026,陕西,西安,,,2025-03-01,2026-03-01,2,serial_id,asc,33,2026-03-10T10:48:14+00:00
5fbc90bc-df69-41b7-848b-654f39a72c5a,2025111100363,2,0,2,2025-11-11 10:00,2025-11-11 11:00,98454,Gp,陕西省,西安市,碑林区,西安建筑科技大学图书馆花园,5fbc90bc-df69-41b7-848b-654f39a72c5a,陕西,西安,,,2025-03-01,2026-03-01,2,serial_id,asc,33,2026-03-10T10:48:14+00:00
c5259dd5-28dc-4adb-9b52-ec6ec1e78df3,2025111100364,2,0,1,2025-11-11 10:00,2025-11-11 11:00,98440,马欣蕊,陕西省,西安市,碑林区,西安建筑科技大学图书馆花园,c5259dd5-28dc-4adb-9b52-ec6ec1e78df3,陕西,西安,,,2025-03-01,2026-03-01,2,serial_id,asc,33,2026-03-10T10:48:14+00:00
06344039-c720-4c9f-85df-38a2ad8a6b90,2025111100365,2,0,1,2025-11-11 10:00,2025-11-11 11:00,98450,李祯臻,陕西省,西安市,碑林区,图书馆花园,06344039-c720-4c9f-85df-38a2ad8a6b90,陕西,西安,,,2025-03-01,2026-03-01,2,serial_id,asc,33,2026-03-10T10:48:14+00:00
8abc7dc5-5f84-4bad-81a8-4f78969a817b,2025111100366,2,0,1,2025-11-11 10:00,2025-11-11 11:00,98443,郭韩雨,陕西省,西安市,碑林区,西安建筑科技大学图书馆花园,8abc7dc5-5f84-4bad-81a8-4f78969a817b,陕西,西安,,,2025-03-01,2026-03-01,2,serial_id,asc,33,2026-03-10T10:48:14+00:00
4fbe55c5-e941-4be2-9490-b2c8d71306ad,2025111100367,2,0,1,2025-11-11 10:00,2025-11-11 11:00,98431,笑笑qqy,陕西省,西安市,碑林区,西安建筑科技大学图书馆花园,4fbe55c5-e941-4be2-9490-b2c8d71306ad,陕西,西安,,,2025-03-01,2026-03-01,2,serial_id,asc,33,2026-03-10T10:48:14+00:00
ded7e970-e823-430a-8854-45519a00492e,2025111100368,2,0,1,2025-11-11 10:00,2025-11-11 11:00,98419,ljm李金嫚,陕西省,西安市,碑林区,西安建筑科技大学图书馆花园,ded7e970-e823-430a-8854-45519a00492e,陕西,西安,,,2025-03-01,2026-03-01,2,serial_id,asc,33,2026-03-10T10:48:14+00:00
baf5a087-636a-4e83-9669-98f4ab6b472b,2025111100369,2,0,1,2025-11-11 10:00,2025-11-11 11:00,98448,ikai,陕西省,西安市,碑林区,西安建筑科技大学图书馆花园,baf5a087-636a-4e83-9669-98f4ab6b472b,陕西,西安,,,2025-03-01,2026-03-01,2,serial_id,asc,33,2026-03-10T10:48:14+00:00
68d08a28-95d9-44a5-859f-27f4bb3ea307,2025111100370,2,0,1,2025-11-11 10:00,2025-11-11 11:00,98446,15969476941,陕西省,西安市,碑林区,西安建筑科技大学主楼前花园,68d08a28-95d9-44a5-859f-27f4bb3ea307,陕西,西安,,,2025-03-01,2026-03-01,2,serial_id,asc,33,2026-03-10T10:48:14+00:00
d667617b-e124-4dc0-b590-16d842a59b0a,2025111100371,2,0,1,2025-11-11 10:00,2025-11-11 11:00,98449,文洁,陕西省,西安市,碑林区,西安建筑科技大学图书馆花园,d667617b-e124-4dc0-b590-16d842a59b0a,陕西,西安,,,2025-03-01,2026-03-01,2,serial_id,asc,33,2026-03-10T10:48:14+00:00
497c5ed3-5ab9-49e6-bb48-eba11ce18fda,2025111100372,2,0,1,2025-11-11 10:00,2025-11-11 11:00,98444,yyd,陕西省,西安市,碑林区,图书馆前花园,497c5ed3-5ab9-49e6-bb48-eba11ce18fda,陕西,西安,,,2025-03-01,2026-03-01,2,serial_id,asc,33,2026-03-10T10:48:14+00:00
62c0c86f-bc32-431b-9c5b-c3e1f568d185,2025111100374,2,0,3,2025-11-11 11:00,2025-11-11 12:00,98432,张添慧,陕西省,西安市,碑林区,西安建筑科技大学(雁塔校区主楼前,62c0c86f-bc32-431b-9c5b-c3e1f568d185,陕西,西安,,,2025-03-01,2026-03-01,2,serial_id,asc,33,2026-03-10T10:48:14+00:00
a2534139-594f-46a6-b6b2-ae189b0a4fb8,2025111100376,2,0,1,2025-11-11 10:00,2025-11-11 11:00,98420,kroos,陕西省,西安市,碑林区,西安建筑科技大学(雁塔校区),a2534139-594f-46a6-b6b2-ae189b0a4fb8,陕西,西安,,,2025-03-01,2026-03-01,2,serial_id,asc,33,2026-03-10T10:48:14+00:00
3a6a4677-0aac-49bc-b18b-0bf1950c1e1b,2025111100380,2,0,1,2025-11-11 10:00,2025-11-11 11:00,98472,张玉梦,陕西省,西安市,碑林区,西安建筑科技大学(雁塔校区)图书馆前绿地,3a6a4677-0aac-49bc-b18b-0bf1950c1e1b,陕西,西安,,,2025-03-01,2026-03-01,2,serial_id,asc,33,2026-03-10T10:48:14+00:00
cc403901-8dd5-4ce7-a2a0-7bc9efead4c7,2025111100381,2,0,2,2025-11-11 10:00,2025-11-11 11:00,98468,李瞳缤玥,陕西省,西安市,碑林区,西安建筑科技大学(雁塔校区)西阶庭院,cc403901-8dd5-4ce7-a2a0-7bc9efead4c7,陕西,西安,,,2025-03-01,2026-03-01,2,serial_id,asc,33,2026-03-10T10:48:14+00:00
440c9de2-28b8-423e-8a41-e095154ef765,2025111100383,2,0,1,2025-11-11 10:00,2025-11-11 11:00,98487,王溪媛,陕西省,西安市,碑林区,西安建筑科技大学图书馆前绿地(雁塔校区),440c9de2-28b8-423e-8a41-e095154ef765,陕西,西安,,,2025-03-01,2026-03-01,2,serial_id,asc,33,2026-03-10T10:48:14+00:00
2930d8b8-65d0-49a9-8678-e3ecb16e2d7a,2025111100384,2,0,1,2025-11-11 10:00,2025-11-11 11:00,98412,jao,陕西省,西安市,碑林区,西安建筑科技大学(雁塔校区)图书馆前绿地,2930d8b8-65d0-49a9-8678-e3ecb16e2d7a,陕西,西安,,,2025-03-01,2026-03-01,2,serial_id,asc,33,2026-03-10T10:48:14+00:00
4eeb85c8-ef69-4e4e-bcde-9b67b88c3609,2025111100387,2,0,4,2025-11-11 10:00,2025-11-11 11:00,98473,陈可,陕西省,西安市,碑林区,西安建築科技大學(雁塔校區)主楼前,4eeb85c8-ef69-4e4e-bcde-9b67b88c3609,陕西,西安,,,2025-03-01,2026-03-01,2,serial_id,asc,33,2026-03-10T10:48:14+00:00
12eb1001-0d58-4f0d-bcea-41a960bb90b0,2025111100388,2,0,1,2025-11-11 10:00,2025-11-11 11:00,98460,胥雨航,陕西省,西安市,碑林区,西安建筑科技大学(雁塔校区)图书馆前绿地,12eb1001-0d58-4f0d-bcea-41a960bb90b0,陕西,西安,,,2025-03-01,2026-03-01,2,serial_id,asc,34,2026-03-10T10:48:17+00:00
485e0a9d-c05e-41fd-8bde-be8027d4412e,2025111100389,2,0,1,2025-11-11 10:00,2025-11-11 11:00,98459,李月异,陕西省,西安市,碑林区,西安建筑科技大学(雁塔校区)图书馆前绿地,485e0a9d-c05e-41fd-8bde-be8027d4412e,陕西,西安,,,2025-03-01,2026-03-01,2,serial_id,asc,34,2026-03-10T10:48:17+00:00
8b54ab1b-dc25-4a2e-b64f-5d8a6f94a992,2025111100390,2,0,5,2025-11-11 10:00,2025-11-11 11:00,98467,李楚莹,陕西省,西安市,碑林区,西安建筑科技大学(雁塔校区)主楼前,8b54ab1b-dc25-4a2e-b64f-5d8a6f94a992,陕西,西安,,,2025-03-01,2026-03-01,2,serial_id,asc,34,2026-03-10T10:48:17+00:00
3bef5fd2-29ad-4e4e-b748-db2b4d4be2ce,2025111100394,2,0,5,2025-11-11 10:00,2025-11-11 11:00,98463,倪荦檬,陕西省,西安市,碑林区,西安建筑科技大学(雁塔校区)主楼前面,3bef5fd2-29ad-4e4e-b748-db2b4d4be2ce,陕西,西安,,,2025-03-01,2026-03-01,2,serial_id,asc,34,2026-03-10T10:48:17+00:00
23fff3b3-e087-4d4c-b6c8-ea2bf285d07a,2025111100396,2,0,5,2025-11-11 10:00,2025-11-11 11:00,98427,刘思辰,陕西省,西安市,碑林区,西安建筑科技大学(雁塔校区)主楼北侧,23fff3b3-e087-4d4c-b6c8-ea2bf285d07a,陕西,西安,,,2025-03-01,2026-03-01,2,serial_id,asc,34,2026-03-10T10:48:17+00:00
e3575dae-a221-4b38-b6af-d17b08140a07,2025111100402,2,0,5,2025-11-11 10:00,2025-11-11 11:00,98496,刘仁超,陕西省,西安市,碑林区,西安建筑科技大学(雁塔校区),e3575dae-a221-4b38-b6af-d17b08140a07,陕西,西安,,,2025-03-01,2026-03-01,2,serial_id,asc,34,2026-03-10T10:48:17+00:00
d3353d45-8b24-42ed-aced-81a3ed691f93,2025111100403,2,0,1,2025-11-11 10:00,2025-11-11 11:00,98417,柴子姗,陕西省,西安市,碑林区,西安建筑科技大学(雁塔校区)图书馆前绿地,d3353d45-8b24-42ed-aced-81a3ed691f93,陕西,西安,,,2025-03-01,2026-03-01,2,serial_id,asc,34,2026-03-10T10:48:17+00:00
d9038c0d-38d1-4e2a-a871-905f5be3ce5d,2025111100404,2,0,2,2025-11-11 10:00,2025-11-11 11:00,98469,建筑2302李嘉悦,陕西省,西安市,碑林区,西安建筑科技大学图书馆前绿地,d9038c0d-38d1-4e2a-a871-905f5be3ce5d,陕西,西安,,,2025-03-01,2026-03-01,2,serial_id,asc,34,2026-03-10T10:48:17+00:00
65176947-ccb1-46c3-a517-193fdd36b006,2025111100405,2,0,2,2025-11-11 10:00,2025-11-11 11:00,98415,蛤蛤呱,陕西省,西安市,碑林区,西安建筑科技大学(雁塔校区)图书馆前绿地,65176947-ccb1-46c3-a517-193fdd36b006,陕西,西安,,,2025-03-01,2026-03-01,2,serial_id,asc,34,2026-03-10T10:48:17+00:00
163dc36e-2f6f-4570-90e4-89b7df71bceb,2025111100406,2,0,2,2025-11-11 10:00,2025-11-11 11:00,98456,王靖宜,陕西省,西安市,碑林区,西安建筑科技大学(雁塔校区)图书馆前绿地,163dc36e-2f6f-4570-90e4-89b7df71bceb,陕西,西安,,,2025-03-01,2026-03-01,2,serial_id,asc,34,2026-03-10T10:48:17+00:00
fb7afd4f-969c-4022-a321-bb7cede7f64e,2025111100407,2,0,2,2025-11-11 10:00,2025-11-11 11:00,98442,李壕,陕西省,西安市,碑林区,西安建筑科技大学(雁塔校区)图书馆前绿地,fb7afd4f-969c-4022-a321-bb7cede7f64e,陕西,西安,,,2025-03-01,2026-03-01,2,serial_id,asc,34,2026-03-10T10:48:17+00:00
dc5987d7-f33c-4dbc-b095-8f91c0baaadf,2025111100408,2,0,5,2025-11-11 10:43,2025-11-11 11:43,98497,112233,陕西省,西安市,碑林区,西安建筑科技大学(雁塔校区),dc5987d7-f33c-4dbc-b095-8f91c0baaadf,陕西,西安,,,2025-03-01,2026-03-01,2,serial_id,asc,34,2026-03-10T10:48:17+00:00
a47ed97a-8204-4460-8849-aacdcd2107e3,2025111100410,2,0,1,2025-11-11 10:00,2025-11-11 11:00,98414,宋家熙,陕西省,西安市,碑林区,西安建筑科技大学(雁塔校区)图书馆前绿地,a47ed97a-8204-4460-8849-aacdcd2107e3,陕西,西安,,,2025-03-01,2026-03-01,2,serial_id,asc,34,2026-03-10T10:48:17+00:00
1171f8ea-9917-48f7-829c-a33c68608ab9,2025111100411,2,0,5,2025-11-11 10:00,2025-11-11 11:00,98491,席商仕程,陕西省,西安市,碑林区,西安建筑科技大学校史馆旁边小花园,1171f8ea-9917-48f7-829c-a33c68608ab9,陕西,西安,,,2025-03-01,2026-03-01,2,serial_id,asc,34,2026-03-10T10:48:17+00:00
934e18ca-27f2-45d1-8c94-c7f950513f17,2025111100412,2,0,2,2025-11-11 10:00,2025-11-11 11:00,98434,猫猫不吃鱼,陕西省,西安市,碑林区,西安建筑科技大学(雁塔校区)图书馆前绿地,934e18ca-27f2-45d1-8c94-c7f950513f17,陕西,西安,,,2025-03-01,2026-03-01,2,serial_id,asc,34,2026-03-10T10:48:17+00:00
18ab8c1d-dc57-45bf-a88b-6868bbc4bb20,2025111100414,2,0,2,2025-11-11 10:00,2025-11-11 11:00,98423,ellie,陕西省,西安市,碑林区,西安建筑科技大学(雁塔校区)图书馆前绿地,18ab8c1d-dc57-45bf-a88b-6868bbc4bb20,陕西,西安,,,2025-03-01,2026-03-01,2,serial_id,asc,34,2026-03-10T10:48:17+00:00
007af3d8-1462-465d-951d-9370aa78d76e,2025111100416,2,0,5,2025-11-11 10:00,2025-11-11 11:00,98455,赵禹萌,陕西省,西安市,碑林区,西安建筑科技大学（雁塔）主楼前,007af3d8-1462-465d-951d-9370aa78d76e,陕西,西安,,,2025-03-01,2026-03-01,2,serial_id,asc,34,2026-03-10T10:48:17+00:00
ffc5b76f-3b31-41f7-9752-3b962b1a48e5,2025111100417,2,0,4,2025-11-11 10:00,2025-11-11 11:00,98451,王大灯,陕西省,西安市,碑林区,逸夫楼花园,ffc5b76f-3b31-41f7-9752-3b962b1a48e5,陕西,西安,,,2025-03-01,2026-03-01,2,serial_id,asc,34,2026-03-10T10:48:17+00:00
c51103a2-6185-4fde-a2f0-d78044bc2bcf,2025111100418,2,0,5,2025-11-11 10:37,2025-11-11 11:00,98466,蔡济泽,陕西省,西安市,碑林区,西安建筑科技大学(雁塔校区)逸夫楼花园,c51103a2-6185-4fde-a2f0-d78044bc2bcf,陕西,西安,,,2025-03-01,2026-03-01,2,serial_id,asc,34,2026-03-10T10:48:17+00:00
8205974c-96e3-4499-a0d6-440552c26275,2025111100419,2,0,5,2025-11-11 10:00,2025-11-11 11:00,98424,郭亮,陕西省,西安市,碑林区,西安建筑科技大学(雁塔校区)主楼前,8205974c-96e3-4499-a0d6-440552c26275,陕西,西安,,,2025-03-01,2026-03-01,2,serial_id,asc,34,2026-03-10T10:48:17+00:00
2b4379f0-3348-40f4-9f70-ce7c00636cec,2025111100420,2,0,4,2025-11-11 10:37,2025-11-11 10:50,98476,姬野,陕西省,西安市,碑林区,西安建筑科技大学逸夫楼花园(雁塔校区),2b4379f0-3348-40f4-9f70-ce7c00636cec,陕西,西安,,,2025-03-01,2026-03-01,2,serial_id,asc,34,2026-03-10T10:48:17+00:00
a87953c4-6403-4a3f-895d-b4559255b275,2025111100421,2,0,3,2025-11-11 10:00,2025-11-11 11:00,98435,熊玉菡,陕西省,西安市,碑林区,西安建筑科技大学(雁塔校区逸夫楼花园),a87953c4-6403-4a3f-895d-b4559255b275,陕西,西安,,,2025-03-01,2026-03-01,2,serial_id,asc,34,2026-03-10T10:48:17+00:00
88162c8f-0793-4168-b3aa-08f6bcf9b1cb,2025111100423,2,0,5,2025-11-11 10:00,2025-11-11 11:00,98426,郭欣宇,陕西省,西安市,碑林区,西安建筑科技大学(雁塔校区)主楼前绿地,88162c8f-0793-4168-b3aa-08f6bcf9b1cb,陕西,西安,,,2025-03-01,2026-03-01,2,serial_id,asc,34,2026-03-10T10:48:17+00:00
7e55095a-0e54-41b0-b5a4-a53f62022a8e,2025111100424,2,0,6,2025-11-11 10:00,2025-11-11 11:00,98495,常安,陕西省,西安市,碑林区,西安建筑科技大学校史馆旁花园,7e55095a-0e54-41b0-b5a4-a53f62022a8e,陕西,西安,,,2025-03-01,2026-03-01,2,serial_id,asc,34,2026-03-10T10:48:17+00:00
90ebf3dd-7ac9-4b0d-980a-192df147f902,2025111100425,2,0,5,2025-11-11 10:00,2025-11-11 11:00,98465,朱丽莎,陕西省,西安市,碑林区,西安建筑科技大学(雁塔校区)主楼前绿地,90ebf3dd-7ac9-4b0d-980a-192df147f902,陕西,西安,,,2025-03-01,2026-03-01,2,serial_id,asc,34,2026-03-10T10:48:17+00:00
a0265f3a-f761-4302-8657-8280dcd1c549,2025111100426,2,0,5,2025-11-11 10:00,2025-11-11 11:00,98458,彭雨萱,陕西省,西安市,碑林区,西安建筑科技大学(雁塔校区)主楼前面绿地,a0265f3a-f761-4302-8657-8280dcd1c549,陕西,西安,,,2025-03-01,2026-03-01,2,serial_id,asc,34,2026-03-10T10:48:17+00:00
ec18c4de-4691-47b1-9ee0-8426274f2612,2025111100427,2,0,5,2025-11-11 10:00,2025-11-11 11:00,98464,陈宇畅,陕西省,西安市,碑林区,西安建筑科技大学(雁塔校区)主楼前院绿地,ec18c4de-4691-47b1-9ee0-8426274f2612,陕西,西安,,,2025-03-01,2026-03-01,2,serial_id,asc,34,2026-03-10T10:48:17+00:00
95626af5-4c03-4898-a091-cadea0ff1773,2025111100429,2,0,3,2025-11-11 10:45,2025-11-11 11:15,98436,韩啟明,陕西省,西安市,碑林区,西安建筑科技大学(雁塔校区)逸夫楼花园,95626af5-4c03-4898-a091-cadea0ff1773,陕西,西安,,,2025-03-01,2026-03-01,2,serial_id,asc,34,2026-03-10T10:48:17+00:00
7f85273d-51d1-4aa3-b8eb-ab6ee70702de,2025111100430,2,0,3,2025-11-11 10:00,2025-11-11 11:00,98433,李笑萱,陕西省,西安市,碑林区,西安建筑科技大学(雁塔校区)逸夫楼花园,7f85273d-51d1-4aa3-b8eb-ab6ee70702de,陕西,西安,,,2025-03-01,2026-03-01,2,serial_id,asc,34,2026-03-10T10:48:17+00:00
7140ce0d-6dad-48dd-976b-c8c3e316f59d,2025111100431,2,0,5,2025-11-11 10:00,2025-11-11 11:00,98480,何东阁,陕西省,西安市,碑林区,西安建筑科技大学校史馆旁小公园,7140ce0d-6dad-48dd-976b-c8c3e316f59d,陕西,西安,,,2025-03-01,2026-03-01,2,serial_id,asc,34,2026-03-10T10:48:17+00:00
0c8678fb-5a7c-466c-abbf-1762f40eb7ae,2025111100432,2,0,2,2025-11-11 10:00,2025-11-11 11:00,98498,13835688077,陕西省,西安市,碑林区,西安建筑科技大学(雁塔校区逸夫楼花园),0c8678fb-5a7c-466c-abbf-1762f40eb7ae,陕西,西安,,,2025-03-01,2026-03-01,2,serial_id,asc,34,2026-03-10T10:48:17+00:00
ab143658-1d37-4fee-bad0-22fba80c0c62,2025111100433,2,0,6,2025-11-11 10:00,2025-11-11 11:00,98475,黄lu,陕西省,西安市,碑林区,西安建筑科技大学校史馆,ab143658-1d37-4fee-bad0-22fba80c0c62,陕西,西安,,,2025-03-01,2026-03-01,2,serial_id,asc,34,2026-03-10T10:48:17+00:00
8332904b-060d-4b52-9c93-3f4f8922bff9,2025111100434,2,0,5,2025-11-11 10:00,2025-11-11 11:00,98413,Jingle,陕西省,西安市,碑林区,西安建筑科技大学(雁塔校区)若祁湖,8332904b-060d-4b52-9c93-3f4f8922bff9,陕西,西安,,,2025-03-01,2026-03-01,2,serial_id,asc,34,2026-03-10T10:48:17+00:00
a662d9e4-b4b7-45b3-a378-fc5954ec5f63,2025111100435,2,0,6,2025-11-11 10:00,2025-11-11 11:00,98471,第七片海,陕西省,西安市,碑林区,西安建筑科技大学校史馆,a662d9e4-b4b7-45b3-a378-fc5954ec5f63,陕西,西安,,,2025-03-01,2026-03-01,2,serial_id,asc,34,2026-03-10T10:48:17+00:00
b552ddb9-cb12-4930-8d1a-2582de42d9d9,2025111100436,2,0,6,2025-11-11 10:00,2025-11-11 11:00,98428,孙瑞谦,陕西省,西安市,碑林区,西安建筑科技大学(雁塔校区)校史馆,b552ddb9-cb12-4930-8d1a-2582de42d9d9,陕西,西安,,,2025-03-01,2026-03-01,2,serial_id,asc,34,2026-03-10T10:48:17+00:00
6c3cc7f8-4232-4ebc-9808-3bd675c55475,2025111100437,2,0,6,2025-11-11 10:00,2025-11-11 11:00,98447,lyx666,陕西省,西安市,碑林区,西安建筑科技大学(雁塔校区)教学主楼若祁湖花园,6c3cc7f8-4232-4ebc-9808-3bd675c55475,陕西,西安,,,2025-03-01,2026-03-01,2,serial_id,asc,34,2026-03-10T10:48:17+00:00
1c015eaf-93ad-411a-b3c1-b5cffba85358,2025111100438,2,0,5,2025-11-11 10:00,2025-11-11 11:00,98440,马欣蕊,陕西省,西安市,碑林区,西安建筑科技大学(雁塔校区)教学主楼若祈湖,1c015eaf-93ad-411a-b3c1-b5cffba85358,陕西,西安,,,2025-03-01,2026-03-01,2,serial_id,asc,34,2026-03-10T10:48:17+00:00
987670c7-86e4-4a14-8086-f7c5d54cd4c8,2025111100439,2,0,6,2025-11-11 10:00,2025-11-11 11:00,98445,蒙高磊,陕西省,西安市,碑林区,若祈湖,987670c7-86e4-4a14-8086-f7c5d54cd4c8,陕西,西安,,,2025-03-01,2026-03-01,2,serial_id,asc,34,2026-03-10T10:48:17+00:00
90ff72cf-17b5-44b2-bb0c-d23173edaab3,2025111100440,2,0,6,2025-11-11 10:00,2025-11-11 11:00,98443,郭韩雨,陕西省,西安市,碑林区,西安建筑科技大学(雁塔校区)若祈湖,90ff72cf-17b5-44b2-bb0c-d23173edaab3,陕西,西安,,,2025-03-01,2026-03-01,2,serial_id,asc,34,2026-03-10T10:48:17+00:00
db1a42c4-168b-4af7-a120-c4785a743860,2025111100441,2,0,6,2025-11-11 10:00,2025-11-11 11:00,98444,yyd,陕西省,西安市,碑林区,主楼若祁胡花园,db1a42c4-168b-4af7-a120-c4785a743860,陕西,西安,,,2025-03-01,2026-03-01,2,serial_id,asc,34,2026-03-10T10:48:17+00:00
f6b69474-7b2f-4d3c-a2bf-5226c01c40c4,2025111100442,2,0,5,2025-11-11 10:00,2025-11-11 11:00,98421,适祎,陕西省,西安市,碑林区,西安建筑科技大学(雁塔校区)教学主楼若祁湖,f6b69474-7b2f-4d3c-a2bf-5226c01c40c4,陕西,西安,,,2025-03-01,2026-03-01,2,serial_id,asc,34,2026-03-10T10:48:17+00:00
55f6fd06-1734-41da-9db9-d4c3b65cf2f9,2025111100443,2,0,5,2025-11-11 10:00,2025-11-11 11:00,98449,文洁,陕西省,西安市,碑林区,若祁湖,55f6fd06-1734-41da-9db9-d4c3b65cf2f9,陕西,西安,,,2025-03-01,2026-03-01,2,serial_id,asc,34,2026-03-10T10:48:17+00:00
ec1ae474-474d-4bc8-bdaa-3806dac74844,2025111100444,2,0,5,2025-11-11 10:00,2025-11-11 11:00,98446,15969476941,陕西省,西安市,碑林区,西安建筑科技大学若祁湖花园,ec1ae474-474d-4bc8-bdaa-3806dac74844,陕西,西安,,,2025-03-01,2026-03-01,2,serial_id,asc,34,2026-03-10T10:48:17+00:00
70161788-8dd1-4fb7-a2f0-0dcaccd621f9,2025111100445,2,0,5,2025-11-11 10:00,2025-11-11 11:00,98454,Gp,陕西省,西安市,碑林区,西安建筑科技大学若祈湖花园,70161788-8dd1-4fb7-a2f0-0dcaccd621f9,陕西,西安,,,2025-03-01,2026-03-01,2,serial_id,asc,34,2026-03-10T10:48:17+00:00
457d2b93-e627-4778-b4b4-c0c281aed774,2025111100446,2,0,5,2025-11-11 10:00,2025-11-11 11:00,98448,ikai,陕西省,西安市,碑林区,若祁湖,457d2b93-e627-4778-b4b4-c0c281aed774,陕西,西安,,,2025-03-01,2026-03-01,2,serial_id,asc,34,2026-03-10T10:48:17+00:00
2ca3f583-81b8-43d7-95c0-a15933ea1091,2025111100447,2,0,7,2025-11-11 10:00,2025-11-11 11:00,98420,kroos,陕西省,西安市,碑林区,西安建筑科技大学若祈湖,2ca3f583-81b8-43d7-95c0-a15933ea1091,陕西,西安,,,2025-03-01,2026-03-01,2,serial_id,asc,34,2026-03-10T10:48:17+00:00
ff56c57e-2dc3-4dca-bd44-4562eed2bd70,2025111100448,2,0,5,2025-11-11 10:00,2025-11-11 11:00,98419,ljm李金嫚,陕西省,西安市,碑林区,西安建筑科技大学(雁塔校区)教学主楼若祁湖花园,ff56c57e-2dc3-4dca-bd44-4562eed2bd70,陕西,西安,,,2025-03-01,2026-03-01,2,serial_id,asc,34,2026-03-10T10:48:17+00:00
86c08fd5-92b1-49d0-aefb-bf43f9bc6ceb,2025111100449,2,0,5,2025-11-11 10:00,2025-11-11 11:00,98450,李祯臻,陕西省,西安市,碑林区,若祁胡,86c08fd5-92b1-49d0-aefb-bf43f9bc6ceb,陕西,西安,,,2025-03-01,2026-03-01,2,serial_id,asc,34,2026-03-10T10:48:17+00:00
e1564a3c-02c1-4f19-9fce-871775750a9b,2025111100451,2,0,6,2025-11-11 10:00,2025-11-11 11:00,65697,羽丶石,陕西省,西安市,灞桥区,灞桥区西安国际会展中心西南300米(灞柳东路北),e1564a3c-02c1-4f19-9fce-871775750a9b,陕西,西安,,,2025-03-01,2026-03-01,2,serial_id,asc,34,2026-03-10T10:48:17+00:00
88e61548-08c8-4111-958c-1f6a6eedad06,2025111100452,2,0,5,2025-11-11 10:00,2025-11-11 11:00,98481,袁文博,陕西省,西安市,碑林区,Xi'anUniversityofArchitectureandTechnology(WildGoosePagodaCampus),88e61548-08c8-4111-958c-1f6a6eedad06,陕西,西安,,,2025-03-01,2026-03-01,2,serial_id,asc,34,2026-03-10T10:48:17+00:00
800e5237-8305-43b7-b108-4ef690bc0e6d,2025111100453,2,0,5,2025-11-11 10:00,2025-11-11 11:00,98481,袁文博,陕西省,西安市,碑林区,Xi'anUniversityofArchitectureandTechnology(WildGoosePagodaCampus),800e5237-8305-43b7-b108-4ef690bc0e6d,陕西,西安,,,2025-03-01,2026-03-01,2,serial_id,asc,35,2026-03-10T10:48:20+00:00
5e388470-1ef0-42aa-957b-e543e59617d1,2025111100455,2,0,6,2025-11-11 10:00,2025-11-11 11:00,98470,july123,陕西省,西安市,碑林区,西安建筑科技大学(雁塔校区)校史馆旁花园,5e388470-1ef0-42aa-957b-e543e59617d1,陕西,西安,,,2025-03-01,2026-03-01,2,serial_id,asc,35,2026-03-10T10:48:20+00:00
83137a65-9a56-4c50-a14b-b664194d621b,2025111100456,2,0,3,2025-11-11 10:00,2025-11-11 11:00,98160,守望,陕西省,西安市,碑林区,西安建筑科技大学(雁塔校区)逸夫楼花园,83137a65-9a56-4c50-a14b-b664194d621b,陕西,西安,,,2025-03-01,2026-03-01,2,serial_id,asc,35,2026-03-10T10:48:20+00:00
3c903d8a-2ecd-4bac-ac3e-073ad2f882bf,2025111100460,2,0,6,2025-11-11 10:00,2025-11-11 11:00,98494,小小婷,陕西省,西安市,碑林区,西安建筑科技大学校史馆,3c903d8a-2ecd-4bac-ac3e-073ad2f882bf,陕西,西安,,,2025-03-01,2026-03-01,2,serial_id,asc,35,2026-03-10T10:48:20+00:00
73b9a5cd-5cbe-4cc2-b86c-e324bdeefa17,2025111100461,2,0,6,2025-11-11 10:00,2025-11-11 11:00,98490,xssc,陕西省,西安市,碑林区,西安建筑科技大学校史馆,73b9a5cd-5cbe-4cc2-b86c-e324bdeefa17,陕西,西安,,,2025-03-01,2026-03-01,2,serial_id,asc,35,2026-03-10T10:48:20+00:00
0a1aee4b-df81-4f63-a089-a3cdef28941c,2025111100462,2,0,6,2025-11-11 10:00,2025-11-11 11:00,98489,youle,陕西省,西安市,碑林区,西安建筑科技大学(雁塔校区)校史馆旁花园,0a1aee4b-df81-4f63-a089-a3cdef28941c,陕西,西安,,,2025-03-01,2026-03-01,2,serial_id,asc,35,2026-03-10T10:48:20+00:00
b94317f2-7477-4e2a-ad0b-9b9c069df2f5,2025111100463,2,0,6,2025-11-11 10:00,2025-11-11 11:00,98477,Immortal,陕西省,西安市,碑林区,西安建筑科技大学校史馆旁花园,b94317f2-7477-4e2a-ad0b-9b9c069df2f5,陕西,西安,,,2025-03-01,2026-03-01,2,serial_id,asc,35,2026-03-10T10:48:20+00:00
3849ca37-ab78-4fc3-ad09-0813ac6b9022,2025111100464,2,0,4,2025-11-11 10:00,2025-11-11 11:00,98431,笑笑qqy,陕西省,西安市,碑林区,西安建筑科技大学(雁塔校区)教学主楼若祈湖,3849ca37-ab78-4fc3-ad09-0813ac6b9022,陕西,西安,,,2025-03-01,2026-03-01,2,serial_id,asc,35,2026-03-10T10:48:20+00:00
c0864a56-68c8-4546-a977-7d53905f8bb6,2025111100466,2,0,6,2025-11-11 10:00,2025-11-11 11:00,98493,青葱鱼块,陕西省,西安市,碑林区,西安建筑科技大学校史馆,c0864a56-68c8-4546-a977-7d53905f8bb6,陕西,西安,,,2025-03-01,2026-03-01,2,serial_id,asc,35,2026-03-10T10:48:20+00:00
a8cebfc8-16f7-4ee1-8ce7-46935cd1b829,2025111100468,2,0,1,2025-11-11 10:00,2025-11-11 11:00,98496,刘仁超,陕西省,西安市,碑林区,西安建筑科技大学(雁塔校区),a8cebfc8-16f7-4ee1-8ce7-46935cd1b829,陕西,西安,,,2025-03-01,2026-03-01,2,serial_id,asc,35,2026-03-10T10:48:20+00:00
d3834648-6949-4953-a1b5-667701abe4ae,2025111100469,2,0,5,2025-11-11 10:00,2025-11-11 11:00,98486,字列,陕西省,西安市,碑林区,西安建筑科技大学(雁塔校区)湖,d3834648-6949-4953-a1b5-667701abe4ae,陕西,西安,,,2025-03-01,2026-03-01,2,serial_id,asc,35,2026-03-10T10:48:20+00:00
1eae2cbc-409f-4b1d-b51f-deb00daa2bcd,2025111100471,2,0,1,2025-11-11 10:51,2025-11-11 11:51,98497,112233,陕西省,西安市,碑林区,西安建筑科技大学(雁塔校区),1eae2cbc-409f-4b1d-b51f-deb00daa2bcd,陕西,西安,,,2025-03-01,2026-03-01,2,serial_id,asc,35,2026-03-10T10:48:20+00:00
b83eeff0-acdd-4ce4-9fd4-8fa1d5b735ac,2025111100474,2,0,6,2025-11-11 10:00,2025-11-11 11:00,98463,倪荦檬,陕西省,西安市,碑林区,西安建筑科技大学(雁塔校区)若祁湖,b83eeff0-acdd-4ce4-9fd4-8fa1d5b735ac,陕西,西安,,,2025-03-01,2026-03-01,2,serial_id,asc,35,2026-03-10T10:48:20+00:00
d9e727e5-979a-4391-ac78-9f58cea335b4,2025111100478,2,0,6,2025-11-11 10:00,2025-11-11 11:00,98434,猫猫不吃鱼,陕西省,西安市,碑林区,西安建筑科技大学(雁塔校区)主楼前若祁湖,d9e727e5-979a-4391-ac78-9f58cea335b4,陕西,西安,,,2025-03-01,2026-03-01,2,serial_id,asc,35,2026-03-10T10:48:20+00:00
c326d20d-c61d-4a34-820c-320354b9f4c2,2025111100480,2,0,7,2025-11-11 10:00,2025-11-11 11:00,98469,建筑2302李嘉悦,陕西省,西安市,碑林区,西安建筑科技大学(雁塔校区)主楼前若祁湖,c326d20d-c61d-4a34-820c-320354b9f4c2,陕西,西安,,,2025-03-01,2026-03-01,2,serial_id,asc,35,2026-03-10T10:48:20+00:00
df9ef909-3f0a-4877-89a3-d12f7edc29e1,2025111100482,2,0,6,2025-11-11 10:00,2025-11-11 11:00,98414,宋家熙,陕西省,西安市,碑林区,西安建筑科技大学(雁塔校区)主楼前若祁湖,df9ef909-3f0a-4877-89a3-d12f7edc29e1,陕西,西安,,,2025-03-01,2026-03-01,2,serial_id,asc,35,2026-03-10T10:48:20+00:00
379a2256-1ac2-4fb4-8111-4a89ad4dfb17,2025111100486,2,0,7,2025-11-11 11:30,2025-11-11 12:00,98451,王大灯,陕西省,西安市,碑林区,校史馆花园,379a2256-1ac2-4fb4-8111-4a89ad4dfb17,陕西,西安,,,2025-03-01,2026-03-01,2,serial_id,asc,35,2026-03-10T10:48:20+00:00
42dc05da-811a-4820-8a55-89481d470906,2025111100487,2,0,4,2025-11-11 10:00,2025-11-11 11:00,98433,李笑萱,陕西省,西安市,碑林区,西安建筑科技大学(雁塔校区)校史馆花园,42dc05da-811a-4820-8a55-89481d470906,陕西,西安,,,2025-03-01,2026-03-01,2,serial_id,asc,35,2026-03-10T10:48:20+00:00
a3a6801a-1388-4067-8af2-0e7e0af022b5,2025111100488,2,0,7,2025-11-11 10:00,2025-11-11 11:00,98460,胥雨航,陕西省,西安市,碑林区,西安建筑科技大学(雁塔校区)主楼后若祁湖,a3a6801a-1388-4067-8af2-0e7e0af022b5,陕西,西安,,,2025-03-01,2026-03-01,2,serial_id,asc,35,2026-03-10T10:48:20+00:00
ff948742-4837-4a89-ab3f-33d3382b3ad2,2025111100489,2,0,5,2025-11-11 10:00,2025-11-11 11:00,98436,韩啟明,陕西省,西安市,碑林区,西安建筑科技大学(雁塔校区校史馆花园),ff948742-4837-4a89-ab3f-33d3382b3ad2,陕西,西安,,,2025-03-01,2026-03-01,2,serial_id,asc,35,2026-03-10T10:48:20+00:00
b379c591-a773-4677-aaa3-98440f63ab37,2025111100490,2,0,4,2025-11-11 10:00,2025-11-11 11:00,98435,熊玉菡,陕西省,西安市,碑林区,西安建筑科技大学(雁塔校区校史馆花园),b379c591-a773-4677-aaa3-98440f63ab37,陕西,西安,,,2025-03-01,2026-03-01,2,serial_id,asc,35,2026-03-10T10:48:20+00:00
3f985085-df7e-4a37-add3-127067ee5029,2025111100491,2,0,5,2025-11-11 10:00,2025-11-11 11:00,98417,柴子姗,陕西省,西安市,碑林区,西安建筑科技大学(雁塔校区)主楼前若祁湖,3f985085-df7e-4a37-add3-127067ee5029,陕西,西安,,,2025-03-01,2026-03-01,2,serial_id,asc,35,2026-03-10T10:48:20+00:00
a97e002f-8b8a-413a-bcae-300c0dd37e36,2025111100493,2,0,6,2025-11-11 10:00,2025-11-11 11:00,98427,刘思辰,陕西省,西安市,碑林区,西安建筑科技大学(雁塔校区)若祁湖,a97e002f-8b8a-413a-bcae-300c0dd37e36,陕西,西安,,,2025-03-01,2026-03-01,2,serial_id,asc,35,2026-03-10T10:48:20+00:00
482716a5-3671-42d3-a43d-0691e3722635,2025111100494,2,0,6,2025-11-11 10:00,2025-11-11 11:00,98442,李壕,陕西省,西安市,碑林区,西安建筑科技大学(雁塔校区)主楼前若祁湖,482716a5-3671-42d3-a43d-0691e3722635,陕西,西安,,,2025-03-01,2026-03-01,2,serial_id,asc,35,2026-03-10T10:48:20+00:00
e950f620-fd4d-4eff-bd2f-16144536536e,2025111100495,2,0,5,2025-11-11 10:00,2025-11-11 11:00,98473,陈可,陕西省,西安市,碑林区,西安建築科技大學(雁塔校區）若祁湖,e950f620-fd4d-4eff-bd2f-16144536536e,陕西,西安,,,2025-03-01,2026-03-01,2,serial_id,asc,35,2026-03-10T10:48:20+00:00
320f1043-440b-4205-8707-75a09bfccdef,2025111100496,2,0,5,2025-11-11 10:52,2025-11-11 11:30,98466,蔡济泽,陕西省,西安市,碑林区,西安建筑科技大学(雁塔校区)校史馆花园,320f1043-440b-4205-8707-75a09bfccdef,陕西,西安,,,2025-03-01,2026-03-01,2,serial_id,asc,35,2026-03-10T10:48:20+00:00
e0d65e6e-24b9-434f-8b6c-99be4b4f2eb5,2025111100497,2,0,3,2025-11-11 10:00,2025-11-11 11:00,98485,苏琬琪,陕西省,西安市,碑林区,若祁湖,e0d65e6e-24b9-434f-8b6c-99be4b4f2eb5,陕西,西安,,,2025-03-01,2026-03-01,2,serial_id,asc,35,2026-03-10T10:48:20+00:00
febabffa-1100-448c-891b-e8a86e592868,2025111100498,2,0,6,2025-11-11 10:00,2025-11-11 11:00,98458,彭雨萱,陕西省,西安市,碑林区,西安建筑科技大学(雁塔校区)若祁湖,febabffa-1100-448c-891b-e8a86e592868,陕西,西安,,,2025-03-01,2026-03-01,2,serial_id,asc,35,2026-03-10T10:48:20+00:00
528309c7-7756-4194-87ba-4949e5b2d27e,2025111100499,2,0,1,2025-11-11 10:00,2025-11-11 11:00,98160,守望,陕西省,西安市,碑林区,西安建筑科技大学(雁塔校区)校史花园,528309c7-7756-4194-87ba-4949e5b2d27e,陕西,西安,,,2025-03-01,2026-03-01,2,serial_id,asc,35,2026-03-10T10:48:20+00:00
4b37f562-cf89-42c4-8d18-63a6370f5bec,2025111100500,2,0,5,2025-11-11 10:00,2025-11-11 11:00,98415,蛤蛤呱,陕西省,西安市,碑林区,西安建筑科技大学(雁塔校区)主楼前若祁湖,4b37f562-cf89-42c4-8d18-63a6370f5bec,陕西,西安,,,2025-03-01,2026-03-01,2,serial_id,asc,35,2026-03-10T10:48:20+00:00
75362cd9-cc1c-4962-bdaf-1721930ea7c8,2025111100501,2,0,5,2025-11-11 10:00,2025-11-11 11:00,98456,王靖宜,陕西省,西安市,碑林区,西安建筑科技大学(雁塔校区)主楼前若祁湖,75362cd9-cc1c-4962-bdaf-1721930ea7c8,陕西,西安,,,2025-03-01,2026-03-01,2,serial_id,asc,35,2026-03-10T10:48:20+00:00
307f0cca-5926-44c9-8756-c9add2e4c647,2025111100503,2,0,3,2025-11-11 10:00,2025-11-11 11:00,98443,郭韩雨,陕西省,西安市,碑林区,西安建筑科技大学(雁塔校区)工科大楼（柿子林）,307f0cca-5926-44c9-8756-c9add2e4c647,陕西,西安,,,2025-03-01,2026-03-01,2,serial_id,asc,35,2026-03-10T10:48:20+00:00
0e1fe526-fac1-4737-a0c2-6b0643f89f9a,2025111100504,2,0,3,2025-11-11 10:00,2025-11-11 11:00,98449,文洁,陕西省,西安市,碑林区,柿子林,0e1fe526-fac1-4737-a0c2-6b0643f89f9a,陕西,西安,,,2025-03-01,2026-03-01,2,serial_id,asc,35,2026-03-10T10:48:20+00:00
b0ba33a6-4ac9-4275-a5af-93b3bed66fdb,2025111100505,2,0,6,2025-11-11 10:00,2025-11-11 11:00,98465,朱丽莎,陕西省,西安市,碑林区,西安建筑科技大学(雁塔校区)若祁湖,b0ba33a6-4ac9-4275-a5af-93b3bed66fdb,陕西,西安,,,2025-03-01,2026-03-01,2,serial_id,asc,35,2026-03-10T10:48:20+00:00
c831c419-bda4-4edd-a0d2-f3735989e829,2025111100506,2,0,3,2025-11-11 10:00,2025-11-11 11:00,98420,kroos,陕西省,西安市,碑林区,西安建筑科技大学(雁塔校区)工科大楼柿子林,c831c419-bda4-4edd-a0d2-f3735989e829,陕西,西安,,,2025-03-01,2026-03-01,2,serial_id,asc,35,2026-03-10T10:48:20+00:00
0cfa539d-d8f0-4f74-9181-6f31402a2798,2025111100507,2,0,4,2025-11-11 10:00,2025-11-11 11:00,98447,lyx666,陕西省,西安市,碑林区,西安建筑科技大学(雁塔校区)工科大楼柿子林,0cfa539d-d8f0-4f74-9181-6f31402a2798,陕西,西安,,,2025-03-01,2026-03-01,2,serial_id,asc,35,2026-03-10T10:48:20+00:00
95967983-dde7-44b0-8448-0f87dfd30571,2025111100508,2,0,6,2025-11-11 10:00,2025-11-11 11:00,98464,陈宇畅,陕西省,西安市,碑林区,西安建筑科技大学(雁塔校区)若祁湖,95967983-dde7-44b0-8448-0f87dfd30571,陕西,西安,,,2025-03-01,2026-03-01,2,serial_id,asc,35,2026-03-10T10:48:20+00:00
478ff765-f145-4b6c-8442-62f3dbdf76e4,2025111100509,2,0,3,2025-11-11 10:00,2025-11-11 11:00,98445,蒙高磊,陕西省,西安市,碑林区,西安建筑科技大学(雁塔校区)工科大楼柿子林,478ff765-f145-4b6c-8442-62f3dbdf76e4,陕西,西安,,,2025-03-01,2026-03-01,2,serial_id,asc,35,2026-03-10T10:48:20+00:00
a95f2323-7768-410e-86c8-6d3e9f849c77,2025111100510,2,0,6,2025-11-11 10:00,2025-11-11 11:00,98467,李楚莹,陕西省,西安市,碑林区,西安建筑科技大学(雁塔校区)若祁湖,a95f2323-7768-410e-86c8-6d3e9f849c77,陕西,西安,,,2025-03-01,2026-03-01,2,serial_id,asc,35,2026-03-10T10:48:20+00:00
138f0c81-1603-427a-bea4-9f9a46a9124f,2025111100513,2,0,6,2025-11-11 10:00,2025-11-11 11:00,98426,郭欣宇,陕西省,西安市,碑林区,西安建筑科技大学(雁塔校区)若祁湖,138f0c81-1603-427a-bea4-9f9a46a9124f,陕西,西安,,,2025-03-01,2026-03-01,2,serial_id,asc,35,2026-03-10T10:48:20+00:00
b814d11e-4f65-44a4-a1e1-58f2afc40538,2025111100514,2,0,6,2025-11-11 10:00,2025-11-11 11:00,98432,张添慧,陕西省,西安市,碑林区,西安建筑科技大学(雁塔校区)若祈湖,b814d11e-4f65-44a4-a1e1-58f2afc40538,陕西,西安,,,2025-03-01,2026-03-01,2,serial_id,asc,35,2026-03-10T10:48:20+00:00
95f6bdb9-84e8-4119-a2d6-2a14c5d0f15b,2025111100515,2,0,3,2025-11-10 09:01,2025-11-11 11:01,13985,bluetooth,陕西省,西安市,临潼区,秦始皇兵马俑博物馆,95f6bdb9-84e8-4119-a2d6-2a14c5d0f15b,陕西,西安,,,2025-03-01,2026-03-01,2,serial_id,asc,35,2026-03-10T10:48:20+00:00
97e604e4-3080-449c-a927-748ac1820633,2025111100516,2,0,3,2025-11-11 10:00,2025-11-11 11:00,98440,马欣蕊,陕西省,西安市,碑林区,西安建筑科技大学(雁塔校区)工科大楼柿子林,97e604e4-3080-449c-a927-748ac1820633,陕西,西安,,,2025-03-01,2026-03-01,2,serial_id,asc,35,2026-03-10T10:48:20+00:00
fb0eee97-4700-4011-9451-4063f5a1d5a8,2025111100517,2,0,4,2025-11-11 10:00,2025-11-11 11:00,98454,Gp,陕西省,西安市,碑林区,西安建筑科技大学(雁塔校区)柿子林,fb0eee97-4700-4011-9451-4063f5a1d5a8,陕西,西安,,,2025-03-01,2026-03-01,2,serial_id,asc,35,2026-03-10T10:48:20+00:00
0cf8c2a0-a953-44ad-810f-dc8c58d8f569,2025111100518,2,0,4,2025-11-11 10:00,2025-11-11 11:00,98421,适祎,陕西省,西安市,碑林区,西安建筑科技大学(雁塔校区)工科大楼柿子林,0cf8c2a0-a953-44ad-810f-dc8c58d8f569,陕西,西安,,,2025-03-01,2026-03-01,2,serial_id,asc,35,2026-03-10T10:48:20+00:00
78df31cd-bbc7-44ef-babd-bd97d5b4a5fc,2025111100519,2,0,4,2025-11-11 10:00,2025-11-11 11:20,98476,姬野,陕西省,西安市,碑林区,西安建筑科技大学校史馆花园(雁塔校区),78df31cd-bbc7-44ef-babd-bd97d5b4a5fc,陕西,西安,,,2025-03-01,2026-03-01,2,serial_id,asc,35,2026-03-10T10:48:20+00:00
2bdbf613-c3ec-42d5-9359-f20d6bbbec45,2025111100520,2,0,3,2025-11-11 10:00,2025-11-11 11:00,98431,笑笑qqy,陕西省,西安市,碑林区,西安建筑科技大学(雁塔校区)工科大楼柿子林,2bdbf613-c3ec-42d5-9359-f20d6bbbec45,陕西,西安,,,2025-03-01,2026-03-01,2,serial_id,asc,35,2026-03-10T10:48:20+00:00
8df12777-a815-42da-bd2d-f08bcf438ba5,2025111100522,2,0,6,2025-11-11 10:00,2025-11-11 11:00,98424,郭亮,陕西省,西安市,碑林区,西安建筑科技大学(雁塔校区)若祁湖,8df12777-a815-42da-bd2d-f08bcf438ba5,陕西,西安,,,2025-03-01,2026-03-01,2,serial_id,asc,35,2026-03-10T10:48:20+00:00
602e1b44-234e-4ec2-a32e-51483760f6db,2025111100523,2,0,6,2025-11-11 10:00,2025-11-11 11:00,98455,赵禹萌,陕西省,西安市,碑林区,西安建筑科技大学(雁塔校区)若祁湖,602e1b44-234e-4ec2-a32e-51483760f6db,陕西,西安,,,2025-03-01,2026-03-01,2,serial_id,asc,35,2026-03-10T10:48:20+00:00
8417aba4-6b7d-4dec-a397-a3eb33216c0e,2025111100524,2,0,3,2025-11-11 10:00,2025-11-11 11:00,98446,15969476941,陕西省,西安市,碑林区,西安建筑科技大学工科大楼柿子林,8417aba4-6b7d-4dec-a397-a3eb33216c0e,陕西,西安,,,2025-03-01,2026-03-01,2,serial_id,asc,35,2026-03-10T10:48:20+00:00
18e10cd9-1424-4632-a8d4-6d8fa5d8a4e6,2025111100526,2,0,4,2025-11-11 10:00,2025-11-11 11:00,98423,ellie,陕西省,西安市,碑林区,西安建筑科技大学(雁塔校区)主楼前若祁湖,18e10cd9-1424-4632-a8d4-6d8fa5d8a4e6,陕西,西安,,,2025-03-01,2026-03-01,2,serial_id,asc,36,2026-03-10T10:48:22+00:00
c8560cb9-84bb-4e73-afc9-5a91bad836ac,2025111100527,2,0,6,2025-11-11 10:00,2025-11-11 11:00,98461,施菀升,陕西省,西安市,碑林区,西安建筑科技大学(雁塔校区)若祁湖,c8560cb9-84bb-4e73-afc9-5a91bad836ac,陕西,西安,,,2025-03-01,2026-03-01,2,serial_id,asc,36,2026-03-10T10:48:22+00:00
f95db1b8-20ea-4680-bc0f-6bf9c5f2d2a1,2025111100529,2,0,3,2025-11-11 10:00,2025-11-11 11:00,98419,ljm李金嫚,陕西省,西安市,碑林区,西安建筑科技大学(雁塔校区)工科大楼柿子林,f95db1b8-20ea-4680-bc0f-6bf9c5f2d2a1,陕西,西安,,,2025-03-01,2026-03-01,2,serial_id,asc,36,2026-03-10T10:48:22+00:00
3a0ea864-c865-4e22-a5eb-0ed1a688b909,2025111100530,2,0,3,2025-11-11 10:00,2025-11-11 11:00,98448,ikai,陕西省,西安市,碑林区,西安建筑科技大学(雁塔校区)工科大楼柿子林,3a0ea864-c865-4e22-a5eb-0ed1a688b909,陕西,西安,,,2025-03-01,2026-03-01,2,serial_id,asc,36,2026-03-10T10:48:22+00:00
69a70b7e-6510-44be-bc76-b84fde49336a,2025111100531,2,0,7,2025-11-11 10:00,2025-11-11 11:00,98487,王溪媛,陕西省,西安市,碑林区,西安建筑科技大学(雁塔校区)主楼后若祁湖,69a70b7e-6510-44be-bc76-b84fde49336a,陕西,西安,,,2025-03-01,2026-03-01,2,serial_id,asc,36,2026-03-10T10:48:22+00:00
c1ea9aec-4a6a-4d31-8bad-0d39ba7bfd41,2025111100533,2,0,7,2025-11-11 10:00,2025-11-11 11:00,98472,张玉梦,陕西省,西安市,碑林区,西安建筑科技大学(雁塔校区)主楼后若祁湖,c1ea9aec-4a6a-4d31-8bad-0d39ba7bfd41,陕西,西安,,,2025-03-01,2026-03-01,2,serial_id,asc,36,2026-03-10T10:48:22+00:00
e08f2d6e-98cf-471a-9c03-5a2821a99f9a,2025111100535,2,0,1,2025-11-11 10:00,2025-11-11 11:00,98418,糯叶,陕西省,西安市,碑林区,西安建筑科技大学(雁塔校区)图书馆前绿地,e08f2d6e-98cf-471a-9c03-5a2821a99f9a,陕西,西安,,,2025-03-01,2026-03-01,2,serial_id,asc,36,2026-03-10T10:48:22+00:00
dd1473a1-a056-4b85-93c4-b93028b676ba,2025111100536,2,0,6,2025-11-11 10:00,2025-11-11 11:00,98471,第七片海,陕西省,西安市,碑林区,西安建筑科技大学(雁塔校区)工科大楼,dd1473a1-a056-4b85-93c4-b93028b676ba,陕西,西安,,,2025-03-01,2026-03-01,2,serial_id,asc,36,2026-03-10T10:48:22+00:00
db43ff21-df66-4f08-898c-affc1c7eebc4,2025111100537,2,0,4,2025-11-11 10:00,2025-11-11 11:00,98483,马嘉炜,陕西省,西安市,碑林区,工科大楼柿子树,db43ff21-df66-4f08-898c-affc1c7eebc4,陕西,西安,,,2025-03-01,2026-03-01,2,serial_id,asc,36,2026-03-10T10:48:22+00:00
ed69635b-8dd1-4094-8f4c-fcc9a415bd5f,2025111100541,2,0,6,2025-11-11 10:00,2025-11-11 11:00,98470,july123,陕西省,西安市,碑林区,西安建筑科技大学(雁塔校区)工科大楼旁花园,ed69635b-8dd1-4094-8f4c-fcc9a415bd5f,陕西,西安,,,2025-03-01,2026-03-01,2,serial_id,asc,36,2026-03-10T10:48:22+00:00
51c49c62-f952-4ec1-a5e7-1b2e1d8da109,2025111100542,2,0,6,2025-11-11 11:30,2025-11-11 12:30,98496,刘仁超,陕西省,西安市,碑林区,西安建筑科技大学(雁塔校区),51c49c62-f952-4ec1-a5e7-1b2e1d8da109,陕西,西安,,,2025-03-01,2026-03-01,2,serial_id,asc,36,2026-03-10T10:48:22+00:00
32809043-54af-4005-882e-8253d593a628,2025111100543,2,0,6,2025-11-11 10:56,2025-11-11 11:56,98497,112233,陕西省,西安市,碑林区,西安建筑科技大学(雁塔校区)工科楼前柿子林,32809043-54af-4005-882e-8253d593a628,陕西,西安,,,2025-03-01,2026-03-01,2,serial_id,asc,36,2026-03-10T10:48:22+00:00
a0c22858-0360-46c0-9324-a5d94324dd2e,2025111100544,2,0,6,2025-11-11 10:00,2025-11-11 11:00,98477,Immortal,陕西省,西安市,碑林区,工科楼旁柿子林,a0c22858-0360-46c0-9324-a5d94324dd2e,陕西,西安,,,2025-03-01,2026-03-01,2,serial_id,asc,36,2026-03-10T10:48:22+00:00
9c7a9479-242a-4d3c-924d-d77e69e29c54,2025111100548,2,0,7,2025-11-11 10:00,2025-11-11 11:00,98495,常安,陕西省,西安市,碑林区,西安建筑科技大学(雁塔校区)工科大楼旁柿子林,9c7a9479-242a-4d3c-924d-d77e69e29c54,陕西,西安,,,2025-03-01,2026-03-01,2,serial_id,asc,36,2026-03-10T10:48:22+00:00
34c1592b-3892-4aa2-ac0b-699ae60104fb,2025111100550,2,0,6,2025-11-11 10:00,2025-11-11 11:00,98489,youle,陕西省,西安市,碑林区,西安建筑科技大学(雁塔校区)工科楼前柿子林,34c1592b-3892-4aa2-ac0b-699ae60104fb,陕西,西安,,,2025-03-01,2026-03-01,2,serial_id,asc,36,2026-03-10T10:48:22+00:00
b5e47850-6b0a-4cdc-8609-d031b3bb32bd,2025111100551,2,0,7,2025-11-11 10:00,2025-11-11 11:00,98490,xssc,陕西省,西安市,碑林区,西安建筑科技大学(雁塔校区)工科大楼,b5e47850-6b0a-4cdc-8609-d031b3bb32bd,陕西,西安,,,2025-03-01,2026-03-01,2,serial_id,asc,36,2026-03-10T10:48:22+00:00
546c9ace-f1d7-4ba4-bb3d-59cfa2151621,2025111100554,2,0,3,2025-11-11 10:00,2025-11-11 11:00,98486,字列,陕西省,西安市,碑林区,西安建筑科技大学(雁塔校区)工科楼柿子林,546c9ace-f1d7-4ba4-bb3d-59cfa2151621,陕西,西安,,,2025-03-01,2026-03-01,2,serial_id,asc,36,2026-03-10T10:48:22+00:00
b9e0a8cd-493d-4144-a398-c4f688025ea6,2025111100556,2,0,6,2025-11-11 10:00,2025-11-11 11:00,98475,黄lu,陕西省,西安市,碑林区,西安建筑科技大学(雁塔校区)工科大楼,b9e0a8cd-493d-4144-a398-c4f688025ea6,陕西,西安,,,2025-03-01,2026-03-01,2,serial_id,asc,36,2026-03-10T10:48:22+00:00
4a0559f6-a7e8-4e10-be99-47a0d21b53fc,2025111100557,2,0,6,2025-11-11 10:00,2025-11-11 11:00,98428,孙瑞谦,陕西省,西安市,碑林区,西安建筑科技大学(雁塔校区)工科楼柿子林,4a0559f6-a7e8-4e10-be99-47a0d21b53fc,陕西,西安,,,2025-03-01,2026-03-01,2,serial_id,asc,36,2026-03-10T10:48:22+00:00
0a0b6ebc-202b-42ee-b911-23c4abdc135a,2025111100558,2,0,3,2025-11-11 11:00,2025-11-11 12:00,98413,Jingle,陕西省,西安市,碑林区,西安建筑科技大学(雁塔校区)工科楼柿子林,0a0b6ebc-202b-42ee-b911-23c4abdc135a,陕西,西安,,,2025-03-01,2026-03-01,2,serial_id,asc,36,2026-03-10T10:48:22+00:00
6038bb3c-414f-45a1-871d-da5df1b5fc19,2025111100559,2,0,3,2025-11-11 10:00,2025-11-11 11:00,98491,席商仕程,陕西省,西安市,碑林区,西安建筑科技大学(雁塔校区)工科大楼前面的柿子树,6038bb3c-414f-45a1-871d-da5df1b5fc19,陕西,西安,,,2025-03-01,2026-03-01,2,serial_id,asc,36,2026-03-10T10:48:22+00:00
e1359b03-e4de-4aec-9adc-8966c5c049f7,2025111100564,2,0,6,2025-11-11 10:00,2025-11-11 11:00,98493,青葱鱼块,陕西省,西安市,碑林区,西安建筑科技大学(雁塔校区)工科大楼,e1359b03-e4de-4aec-9adc-8966c5c049f7,陕西,西安,,,2025-03-01,2026-03-01,2,serial_id,asc,36,2026-03-10T10:48:22+00:00
01c89892-be9f-4ca7-98ed-42d0565023e8,2025111100565,2,0,3,2025-11-11 10:00,2025-11-11 11:00,98463,倪荦檬,陕西省,西安市,碑林区,西安建筑科技大学(雁塔校区)工科大楼,01c89892-be9f-4ca7-98ed-42d0565023e8,陕西,西安,,,2025-03-01,2026-03-01,2,serial_id,asc,36,2026-03-10T10:48:22+00:00
3100e738-2285-4d24-a71b-7ef8937bbcc1,2025111100566,2,0,3,2025-11-11 10:00,2025-11-11 11:00,98424,郭亮,陕西省,西安市,碑林区,西安建筑科技大学(雁塔校区)工科大楼前柿子林,3100e738-2285-4d24-a71b-7ef8937bbcc1,陕西,西安,,,2025-03-01,2026-03-01,2,serial_id,asc,36,2026-03-10T10:48:22+00:00
d842f511-f1b5-4f7c-8350-fadc4f88a507,2025111100568,2,0,3,2025-11-11 10:00,2025-11-11 11:00,98467,李楚莹,陕西省,西安市,碑林区,西安建筑科技大学(雁塔校区)柿子林,d842f511-f1b5-4f7c-8350-fadc4f88a507,陕西,西安,,,2025-03-01,2026-03-01,2,serial_id,asc,36,2026-03-10T10:48:22+00:00
d85c8845-573d-42be-b336-f5dedc3f3b19,2025111100569,2,0,3,2025-11-11 10:00,2025-11-11 11:00,98419,ljm李金嫚,陕西省,西安市,碑林区,西安建筑科技大学校史馆前绿地,d85c8845-573d-42be-b336-f5dedc3f3b19,陕西,西安,,,2025-03-01,2026-03-01,2,serial_id,asc,36,2026-03-10T10:48:22+00:00
3622da9c-4118-4123-a108-0d4aa2f92e09,2025111100571,2,0,8,2025-11-11 10:00,2025-11-11 11:00,98433,李笑萱,陕西省,西安市,碑林区,西安建筑科技大学(雁塔校区)若祁湖,3622da9c-4118-4123-a108-0d4aa2f92e09,陕西,西安,,,2025-03-01,2026-03-01,2,serial_id,asc,36,2026-03-10T10:48:22+00:00
873ba81a-2a01-4570-80f4-5ab2f550543d,2025111100572,2,0,7,2025-11-11 11:05,2025-11-11 11:25,98435,熊玉菡,陕西省,西安市,碑林区,西安建筑科技大学(雁塔校区若祁湖),873ba81a-2a01-4570-80f4-5ab2f550543d,陕西,西安,,,2025-03-01,2026-03-01,2,serial_id,asc,36,2026-03-10T10:48:22+00:00
7ac3dde2-3ce1-40f8-8415-7c3ae4d6dbe5,2025111100573,2,0,3,2025-11-11 10:00,2025-11-11 11:00,98464,陈宇畅,陕西省,西安市,碑林区,西安建筑科技大学(雁塔校区)工科大楼前的柿子林,7ac3dde2-3ce1-40f8-8415-7c3ae4d6dbe5,陕西,西安,,,2025-03-01,2026-03-01,2,serial_id,asc,36,2026-03-10T10:48:22+00:00
c0df9f96-af83-4f14-abb3-290cb36e2a72,2025111100575,2,0,3,2025-11-11 10:00,2025-11-11 11:00,98485,苏琬琪,陕西省,西安市,碑林区,西安建筑科技大学(雁塔校区)工科大楼,c0df9f96-af83-4f14-abb3-290cb36e2a72,陕西,西安,,,2025-03-01,2026-03-01,2,serial_id,asc,36,2026-03-10T10:48:22+00:00
c4a2de69-fa93-461b-923a-05ab4522c332,2025111100576,2,0,3,2025-11-11 10:00,2025-11-11 11:00,98461,施菀升,陕西省,西安市,碑林区,西安建筑科技大学(雁塔校区)柿子林,c4a2de69-fa93-461b-923a-05ab4522c332,陕西,西安,,,2025-03-01,2026-03-01,2,serial_id,asc,36,2026-03-10T10:48:22+00:00
3ebee300-ce75-4916-a8e8-89529eadd42f,2025111100577,2,0,6,2025-11-11 11:15,2025-11-11 11:45,98436,韩啟明,陕西省,西安市,碑林区,西安建筑科技大学(雁塔校区若祁湖),3ebee300-ce75-4916-a8e8-89529eadd42f,陕西,西安,,,2025-03-01,2026-03-01,2,serial_id,asc,36,2026-03-10T10:48:22+00:00
e8bdc958-42bd-462c-a815-e8a33f84fbc2,2025111100581,2,0,2,2025-11-11 10:00,2025-11-11 11:00,98473,陈可,陕西省,西安市,碑林区,西安建筑科技大学(雁塔校区)柿子林,e8bdc958-42bd-462c-a815-e8a33f84fbc2,陕西,西安,,,2025-03-01,2026-03-01,2,serial_id,asc,36,2026-03-10T10:48:22+00:00
0042fd0b-643c-4223-8484-c3489794aba9,2025111100583,2,0,3,2025-11-11 10:00,2025-11-11 11:00,98458,彭雨萱,陕西省,西安市,碑林区,西安建筑科技大学(雁塔校区)工科大楼前的柿子林,0042fd0b-643c-4223-8484-c3489794aba9,陕西,西安,,,2025-03-01,2026-03-01,2,serial_id,asc,36,2026-03-10T10:48:22+00:00
b8a3b2df-dba7-4acd-b242-6a84945a2ddc,2025111100584,2,0,3,2025-11-11 10:00,2025-11-11 11:00,98465,朱丽莎,陕西省,西安市,碑林区,西安建筑科技大学(雁塔校区)工科大楼柿子林,b8a3b2df-dba7-4acd-b242-6a84945a2ddc,陕西,西安,,,2025-03-01,2026-03-01,2,serial_id,asc,36,2026-03-10T10:48:22+00:00
5fb69a11-ec83-4649-8c82-023985be70e6,2025111100585,2,0,3,2025-11-11 10:00,2025-11-11 11:00,98426,郭欣宇,陕西省,西安市,碑林区,西安建筑科技大学(雁塔校区)工科大楼前柿子林,5fb69a11-ec83-4649-8c82-023985be70e6,陕西,西安,,,2025-03-01,2026-03-01,2,serial_id,asc,36,2026-03-10T10:48:22+00:00
5eadf9d0-6485-407c-b0f8-62231d019a10,2025111100586,2,0,3,2025-11-11 10:00,2025-11-11 11:00,98455,赵禹萌,陕西省,西安市,碑林区,西安建筑科技大学(雁塔校区)柿子林,5eadf9d0-6485-407c-b0f8-62231d019a10,陕西,西安,,,2025-03-01,2026-03-01,2,serial_id,asc,36,2026-03-10T10:48:22+00:00
fac082cf-da67-4f64-9073-96ca6e7120c9,2025111100587,2,0,3,2025-11-11 10:00,2025-11-11 11:00,98414,宋家熙,陕西省,西安市,碑林区,西安建筑科技大学(雁塔校区）工科大楼柿子林,fac082cf-da67-4f64-9073-96ca6e7120c9,陕西,西安,,,2025-03-01,2026-03-01,2,serial_id,asc,36,2026-03-10T10:48:22+00:00
5c579434-7437-46f8-abca-9080bb2dd642,2025111100590,2,0,3,2025-11-11 10:00,2025-11-11 11:00,98415,蛤蛤呱,陕西省,西安市,碑林区,西安建筑科技大学(雁塔校区)工科楼柿子林,5c579434-7437-46f8-abca-9080bb2dd642,陕西,西安,,,2025-03-01,2026-03-01,2,serial_id,asc,36,2026-03-10T10:48:22+00:00
5b2eb9a1-4505-4e8d-a3ed-be57b0a78ed9,2025111100592,2,0,3,2025-11-11 11:00,2025-11-11 12:00,98432,张添慧,陕西省,西安市,碑林区,西安建筑科技大学(雁塔校区)柿子林,5b2eb9a1-4505-4e8d-a3ed-be57b0a78ed9,陕西,西安,,,2025-03-01,2026-03-01,2,serial_id,asc,36,2026-03-10T10:48:22+00:00
51df2fee-1fd7-4596-bd4b-96fb3dae4269,2025111100594,2,0,3,2025-11-11 10:00,2025-11-11 11:00,98456,王靖宜,陕西省,西安市,碑林区,西安建筑科技大学(雁塔校区)工科楼柿子林,51df2fee-1fd7-4596-bd4b-96fb3dae4269,陕西,西安,,,2025-03-01,2026-03-01,2,serial_id,asc,36,2026-03-10T10:48:22+00:00
2c097608-6d8b-4c19-a533-8533c0ed6414,2025111100596,2,0,3,2025-11-11 10:00,2025-11-11 11:00,98417,柴子姗,陕西省,西安市,碑林区,西安建筑科技大学(雁塔校区)工科楼柿子林,2c097608-6d8b-4c19-a533-8533c0ed6414,陕西,西安,,,2025-03-01,2026-03-01,2,serial_id,asc,36,2026-03-10T10:48:22+00:00
fc0aeec8-f835-4e33-85cf-049d3e8982bf,2025111100607,2,0,8,2025-11-11 11:00,2025-11-11 11:30,98451,王大灯,陕西省,西安市,碑林区,若祁湖,fc0aeec8-f835-4e33-85cf-049d3e8982bf,陕西,西安,,,2025-03-01,2026-03-01,2,serial_id,asc,36,2026-03-10T10:48:22+00:00
71037d85-388a-43e9-8410-ac88c3ee715f,2025111100609,2,0,2,2025-11-11 10:00,2025-11-11 11:00,98459,李月异,陕西省,西安市,碑林区,西安建筑科技大学(雁塔校区)工科楼柿子林,71037d85-388a-43e9-8410-ac88c3ee715f,陕西,西安,,,2025-03-01,2026-03-01,2,serial_id,asc,36,2026-03-10T10:48:22+00:00
bfcb54c9-171a-4474-aa6f-70ea17725b50,2025111100610,2,0,2,2025-11-11 10:00,2025-11-11 11:00,98487,王溪媛,陕西省,西安市,碑林区,西安建筑科技大学(雁塔校区)工科楼柿子林,bfcb54c9-171a-4474-aa6f-70ea17725b50,陕西,西安,,,2025-03-01,2026-03-01,2,serial_id,asc,36,2026-03-10T10:48:22+00:00
4f638857-5f6a-4eb5-91b3-8c78db847cd8,2025111100611,2,0,2,2025-11-11 10:00,2025-11-11 11:00,98460,胥雨航,陕西省,西安市,碑林区,西安建筑科技大学(雁塔校区)工科楼柿子林,4f638857-5f6a-4eb5-91b3-8c78db847cd8,陕西,西安,,,2025-03-01,2026-03-01,2,serial_id,asc,36,2026-03-10T10:48:22+00:00
2011a30a-035e-4a27-8551-0b1028479fb2,2025111100613,2,0,2,2025-11-11 10:00,2025-11-11 11:00,98472,张玉梦,陕西省,西安市,碑林区,西安建筑科技大学(雁塔校区)工科楼柿子林,2011a30a-035e-4a27-8551-0b1028479fb2,陕西,西安,,,2025-03-01,2026-03-01,2,serial_id,asc,36,2026-03-10T10:48:22+00:00
ac549367-e654-46c8-afcc-1ccfdded0793,2025111100619,2,0,9,2025-11-11 10:00,2025-11-11 11:00,98466,蔡济泽,陕西省,西安市,碑林区,西安建筑科技大学(雁塔校区)若祁湖,ac549367-e654-46c8-afcc-1ccfdded0793,陕西,西安,,,2025-03-01,2026-03-01,2,serial_id,asc,36,2026-03-10T10:48:22+00:00
152d3df1-2856-4c89-bd13-60cf6f25d65f,2025111100623,2,0,8,2025-12-20 12:00,2025-12-20 12:30,98476,姬野,陕西省,西安市,碑林区,西安建筑科技大学若祁湖,152d3df1-2856-4c89-bd13-60cf6f25d65f,陕西,西安,,,2025-03-01,2026-03-01,2,serial_id,asc,36,2026-03-10T10:48:22+00:00
5941d9f8-f1a0-4fe0-86b3-95d0beee8e07,2025111100624,2,0,3,2025-11-11 11:00,2025-11-11 12:00,98423,ellie,陕西省,西安市,碑林区,西安建筑科技大学(雁塔校区)工科楼柿子林,5941d9f8-f1a0-4fe0-86b3-95d0beee8e07,陕西,西安,,,2025-03-01,2026-03-01,2,serial_id,asc,36,2026-03-10T10:48:22+00:00
61f36763-ba6f-40d3-9dde-1c5cd134ecc6,2025111100629,2,0,4,2025-11-11 10:00,2025-11-11 11:00,98442,李壕,陕西省,西安市,碑林区,西安建筑科技大学(雁塔校区)工科楼柿子林,61f36763-ba6f-40d3-9dde-1c5cd134ecc6,陕西,西安,,,2025-03-01,2026-03-01,2,serial_id,asc,37,2026-03-10T10:48:25+00:00
5731a8fe-e8b6-426b-a2e3-5e9471028cbd,2025111100630,2,0,3,2025-11-11 10:00,2025-11-11 11:00,98434,猫猫不吃鱼,陕西省,西安市,碑林区,西安建筑科技大学(雁塔校区)工科楼柿子林,5731a8fe-e8b6-426b-a2e3-5e9471028cbd,陕西,西安,,,2025-03-01,2026-03-01,2,serial_id,asc,37,2026-03-10T10:48:25+00:00
92cef9a7-9cf6-45f7-838b-1683c96f9adf,2025111100634,2,0,3,2025-11-11 10:00,2025-11-11 11:00,98469,建筑2302李嘉悦,陕西省,西安市,碑林区,西安建筑科技大学(雁塔校区)工科大楼柿子林,92cef9a7-9cf6-45f7-838b-1683c96f9adf,陕西,西安,,,2025-03-01,2026-03-01,2,serial_id,asc,37,2026-03-10T10:48:25+00:00
bb714a0e-99ea-419b-8bcf-a188f39895ff,2025111100647,2,0,7,2025-11-11 10:00,2025-11-11 11:00,98478,张谨言,陕西省,西安市,碑林区,西安建筑科技大学(雁塔校区工科楼前柿子树),bb714a0e-99ea-419b-8bcf-a188f39895ff,陕西,西安,,,2025-03-01,2026-03-01,2,serial_id,asc,37,2026-03-10T10:48:25+00:00
a29e5808-9b1f-4261-bdb6-95c6d19a373d,2025111100653,2,0,1,2025-11-11 10:00,2025-11-11 12:27,98478,张谨言,陕西省,西安市,碑林区,西安建筑科技大学,a29e5808-9b1f-4261-bdb6-95c6d19a373d,陕西,西安,,,2025-03-01,2026-03-01,2,serial_id,asc,37,2026-03-10T10:48:25+00:00
da5b6991-977c-447b-ae7a-4d15e986907f,2025111100654,2,0,6,2025-11-11 10:00,2025-11-11 11:00,98478,张谨言,陕西省,西安市,碑林区,西安建筑科技大学(雁塔校区)校史馆,da5b6991-977c-447b-ae7a-4d15e986907f,陕西,西安,,,2025-03-01,2026-03-01,2,serial_id,asc,37,2026-03-10T10:48:25+00:00
e5b2cfe9-df32-43b2-826c-40b82ffea10c,2025111100666,2,0,7,2025-11-11 10:00,2025-11-11 11:00,98474,康瑞杰,陕西省,西安市,碑林区,西安建筑科技大学(雁塔校区)工科大楼,e5b2cfe9-df32-43b2-826c-40b82ffea10c,陕西,西安,,,2025-03-01,2026-03-01,2,serial_id,asc,37,2026-03-10T10:48:25+00:00
079a0724-8bf2-4c5e-a5ec-a1a822811c35,2025111100669,2,0,6,2025-11-11 10:00,2025-11-11 11:00,98474,康瑞杰,陕西省,西安市,碑林区,西安建筑科技大学校史馆,079a0724-8bf2-4c5e-a5ec-a1a822811c35,陕西,西安,,,2025-03-01,2026-03-01,2,serial_id,asc,37,2026-03-10T10:48:25+00:00
f95b4a60-e688-4ecd-8400-85cf3793ceeb,2025111100670,2,0,1,2025-11-11 10:00,2025-11-11 11:00,98474,康瑞杰,陕西省,西安市,碑林区,西安建筑科技大学西阶),f95b4a60-e688-4ecd-8400-85cf3793ceeb,陕西,西安,,,2025-03-01,2026-03-01,2,serial_id,asc,37,2026-03-10T10:48:25+00:00
8dc7b4dc-0031-488c-bebf-8a30b2df9422,2025111100671,2,0,6,2025-11-11 11:00,2025-11-11 12:00,98466,蔡济泽,陕西省,西安市,碑林区,西安建筑科技大学(雁塔校区)工科楼柿子林,8dc7b4dc-0031-488c-bebf-8a30b2df9422,陕西,西安,,,2025-03-01,2026-03-01,2,serial_id,asc,37,2026-03-10T10:48:25+00:00
6890a0e6-3887-4731-8419-b91e33340490,2025111100673,2,0,4,2025-11-11 11:45,2025-11-11 12:00,98436,韩啟明,陕西省,西安市,碑林区,西安建筑科技大学(雁塔校区工科楼柿子林),6890a0e6-3887-4731-8419-b91e33340490,陕西,西安,,,2025-03-01,2026-03-01,2,serial_id,asc,37,2026-03-10T10:48:25+00:00
761c6087-f847-4e09-b7bc-9ff7b16c3666,2025111100675,2,0,4,2025-11-11 10:00,2025-11-11 11:00,98476,姬野,陕西省,西安市,碑林区,西安建筑科技大学柿子林(雁塔校区),761c6087-f847-4e09-b7bc-9ff7b16c3666,陕西,西安,,,2025-03-01,2026-03-01,2,serial_id,asc,37,2026-03-10T10:48:25+00:00
c3254f13-4f63-4fd6-9b78-9af259a01eea,2025111100676,2,0,4,2025-11-11 11:00,2025-11-11 12:00,98451,王大灯,陕西省,西安市,碑林区,西安建筑科技大学(雁塔校区)工科楼柿子林,c3254f13-4f63-4fd6-9b78-9af259a01eea,陕西,西安,,,2025-03-01,2026-03-01,2,serial_id,asc,37,2026-03-10T10:48:25+00:00
be85f705-7aa7-4fec-b72f-47c59b9ffaf0,2025111100677,2,0,4,2025-11-11 10:00,2025-11-11 11:00,98435,熊玉菡,陕西省,西安市,碑林区,西安建筑科技大学(雁塔校区柿子林),be85f705-7aa7-4fec-b72f-47c59b9ffaf0,陕西,西安,,,2025-03-01,2026-03-01,2,serial_id,asc,37,2026-03-10T10:48:25+00:00
bb520936-2182-4311-88f2-1a8e36288e10,2025111100678,2,0,4,2025-11-11 10:00,2025-11-11 11:00,98433,李笑萱,陕西省,西安市,碑林区,西安建筑科技大学(雁塔校区)柿子林,bb520936-2182-4311-88f2-1a8e36288e10,陕西,西安,,,2025-03-01,2026-03-01,2,serial_id,asc,37,2026-03-10T10:48:25+00:00
93a8d6ad-e9d7-47aa-b5a3-ef03fb139416,2025111100721,2,0,6,2025-11-11 10:00,2025-11-11 11:00,98410,雷婷竹,陕西省,西安市,碑林区,西安建筑科技大学校史馆,93a8d6ad-e9d7-47aa-b5a3-ef03fb139416,陕西,西安,,,2025-03-01,2026-03-01,2,serial_id,asc,37,2026-03-10T10:48:25+00:00
2e0ef088-1f5c-4ae1-8ae9-f98ab5cb59cd,2025111100724,2,0,1,2025-11-11 09:00,2025-11-11 11:00,98410,雷婷竹,陕西省,西安市,碑林区,西安建筑科技大学(雁塔校区)西阶,2e0ef088-1f5c-4ae1-8ae9-f98ab5cb59cd,陕西,西安,,,2025-03-01,2026-03-01,2,serial_id,asc,37,2026-03-10T10:48:25+00:00
cd4c6d83-6b9f-4379-8e83-7caf76f0b78b,2025111100726,2,0,6,2025-11-11 10:00,2025-11-11 11:00,98410,雷婷竹,陕西省,西安市,碑林区,西安建筑科技大学(雁塔校区)工科楼前柿子林,cd4c6d83-6b9f-4379-8e83-7caf76f0b78b,陕西,西安,,,2025-03-01,2026-03-01,2,serial_id,asc,37,2026-03-10T10:48:25+00:00
5b15ad86-0897-40ac-b2c4-7edd367f8c97,2025111100765,2,0,2,2025-11-11 10:00,2025-11-11 11:00,98456,王靖宜,陕西省,西安市,碑林区,西安建筑科技大学(雁塔校区)西阶庭院,5b15ad86-0897-40ac-b2c4-7edd367f8c97,陕西,西安,,,2025-03-01,2026-03-01,2,serial_id,asc,37,2026-03-10T10:48:25+00:00
6111aa2c-3cad-454f-860c-d3b72bcd33f3,2025111100766,2,0,2,2025-11-11 15:00,2025-11-11 15:30,98514,零食箱28,陕西省,西安市,碑林区,西安建筑科技大学(雁塔校区),6111aa2c-3cad-454f-860c-d3b72bcd33f3,陕西,西安,,,2025-03-01,2026-03-01,2,serial_id,asc,37,2026-03-10T10:48:25+00:00
963f4beb-ecfe-4b63-8ad5-401c471c2eb9,2025111100775,2,0,1,2025-11-11 10:00,2025-11-11 11:00,98514,零食箱28,陕西省,西安市,碑林区,西安建筑科技大学(雁塔校区),963f4beb-ecfe-4b63-8ad5-401c471c2eb9,陕西,西安,,,2025-03-01,2026-03-01,2,serial_id,asc,37,2026-03-10T10:48:25+00:00
52f9f27a-bc6c-4b14-b7de-cf898237fad3,2025111100776,2,0,6,2025-11-11 11:00,2025-11-11 11:30,98514,零食箱28,陕西省,西安市,碑林区,西安建筑科技大学(雁塔校区),52f9f27a-bc6c-4b14-b7de-cf898237fad3,陕西,西安,,,2025-03-01,2026-03-01,2,serial_id,asc,37,2026-03-10T10:48:25+00:00
54653565-4287-447c-a724-6339bf5c75db,2025111100777,2,0,7,2025-11-11 08:00,2025-11-11 08:30,98514,零食箱28,陕西省,西安市,碑林区,西安建筑科技大学(雁塔校区),54653565-4287-447c-a724-6339bf5c75db,陕西,西安,,,2025-03-01,2026-03-01,2,serial_id,asc,37,2026-03-10T10:48:25+00:00
f184781f-e285-4e7c-9433-1a09b4cbe691,2025111100856,2,0,4,2025-11-11 13:00,2025-11-11 14:00,98518,王怡欣,陕西省,西安市,碑林区,西安建筑科技大学池塘凉亭,f184781f-e285-4e7c-9433-1a09b4cbe691,陕西,西安,,,2025-03-01,2026-03-01,2,serial_id,asc,37,2026-03-10T10:48:25+00:00
e71884bc-31f6-42cf-92a8-a535c9756d8d,2025111100895,2,0,1,2025-11-08 14:00,2025-11-08 14:01,57326,TWILIGHT的小鸡,陕西省,西安市,未央区,浐灞国家湿地公园,e71884bc-31f6-42cf-92a8-a535c9756d8d,陕西,西安,,,2025-03-01,2026-03-01,2,serial_id,asc,37,2026-03-10T10:48:25+00:00
15daf4d4-a89f-49af-878f-9766e6ec03f5,2025111100958,2,0,8,2025-11-11 10:00,2025-11-11 11:00,98452,just,陕西省,西安市,碑林区,西安建筑科技大学若祁湖,15daf4d4-a89f-49af-878f-9766e6ec03f5,陕西,西安,,,2025-03-01,2026-03-01,2,serial_id,asc,37,2026-03-10T10:48:25+00:00
91c8fa3b-30e5-4cf2-8016-c4327b43b677,2025111100965,2,0,4,2025-11-11 10:00,2025-11-11 11:00,98452,just,陕西省,西安市,碑林区,西安建筑科技大学校史馆,91c8fa3b-30e5-4cf2-8016-c4327b43b677,陕西,西安,,,2025-03-01,2026-03-01,2,serial_id,asc,37,2026-03-10T10:48:25+00:00
65c0f221-c0b7-4bea-9e80-a89da963d2f2,2025111100969,2,0,4,2025-11-11 10:00,2025-11-11 11:00,98452,just,陕西省,西安市,碑林区,西安建筑科技大学(雁塔校区),65c0f221-c0b7-4bea-9e80-a89da963d2f2,陕西,西安,,,2025-03-01,2026-03-01,2,serial_id,asc,37,2026-03-10T10:48:25+00:00
3129f48a-0038-47bd-be4e-165e532199e7,2025111100970,2,0,4,2025-11-11 10:00,2025-11-11 11:00,98452,just,陕西省,西安市,碑林区,西安建筑科技大学柿子林,3129f48a-0038-47bd-be4e-165e532199e7,陕西,西安,,,2025-03-01,2026-03-01,2,serial_id,asc,37,2026-03-10T10:48:25+00:00
7340b009-29aa-405f-8115-4630d8764fe8,2025111101109,2,0,26,2025-11-11 15:00,2025-11-11 16:00,47058,寄居蟹,陕西省,西安市,长安区,高冠河,7340b009-29aa-405f-8115-4630d8764fe8,陕西,西安,,,2025-03-01,2026-03-01,2,serial_id,asc,37,2026-03-10T10:48:25+00:00
d350c631-edde-413a-8484-ab0bd5a8f2c7,2025111101609,2,0,4,2025-11-11 10:00,2025-11-11 11:00,32753,董芦笛,陕西省,西安市,碑林区,西安建筑科技大学(雁塔校区)工科大楼柿子林,d350c631-edde-413a-8484-ab0bd5a8f2c7,陕西,西安,,,2025-03-01,2026-03-01,2,serial_id,asc,37,2026-03-10T10:48:25+00:00
91b394bb-3597-42f6-8231-c346b52966e9,2025111200062,2,0,1,2025-11-12 08:00,2025-11-12 09:00,98606,吴俊尧a,陕西省,西安市,鄠邑区,西安建筑科技大学(草堂校区),91b394bb-3597-42f6-8231-c346b52966e9,陕西,西安,,,2025-03-01,2026-03-01,2,serial_id,asc,37,2026-03-10T10:48:25+00:00
9d8fb7d2-1916-4b0b-b9fb-1bbcbcce7190,2025111200066,2,0,2,2025-11-12 08:00,2025-11-12 09:00,98605,梁琪哗,陕西省,西安市,鄠邑区,西安建筑科技大学(草堂校区)西大门,9d8fb7d2-1916-4b0b-b9fb-1bbcbcce7190,陕西,西安,,,2025-03-01,2026-03-01,2,serial_id,asc,37,2026-03-10T10:48:25+00:00
53eb12e7-1fcb-4b91-81c0-3d807ba4f841,2025111200067,2,0,2,2025-11-12 08:00,2025-11-12 09:00,43432,儿树,陕西省,西安市,鄠邑区,西安建筑科技大学(草堂校区)西大门前广场,53eb12e7-1fcb-4b91-81c0-3d807ba4f841,陕西,西安,,,2025-03-01,2026-03-01,2,serial_id,asc,37,2026-03-10T10:48:25+00:00
7b36171a-1837-4544-a114-4e0f7328de65,2025111200068,2,0,2,2025-11-12 08:00,2025-11-12 09:00,98604,lotus555,陕西省,西安市,鄠邑区,西安建筑科技大学(草堂校区)西大门前广场,7b36171a-1837-4544-a114-4e0f7328de65,陕西,西安,,,2025-03-01,2026-03-01,2,serial_id,asc,37,2026-03-10T10:48:25+00:00
8f57e462-6a7b-436c-9560-e859c675b882,2025111200100,2,0,9,2025-11-12 08:00,2025-11-12 09:00,98605,梁琪哗,陕西省,西安市,鄠邑区,西安建筑科技大学(草堂校区)南山书院东北角绿地,8f57e462-6a7b-436c-9560-e859c675b882,陕西,西安,,,2025-03-01,2026-03-01,2,serial_id,asc,37,2026-03-10T10:48:25+00:00
29ccd15e-e243-45b4-9815-01ec4711826d,2025111200102,2,0,8,2025-11-12 08:00,2025-11-12 09:00,98604,lotus555,陕西省,西安市,鄠邑区,西安建筑科技大学(草堂校区)南山书院东北角绿地,29ccd15e-e243-45b4-9815-01ec4711826d,陕西,西安,,,2025-03-01,2026-03-01,2,serial_id,asc,37,2026-03-10T10:48:25+00:00
3d54e2fa-bd51-40e6-a072-9b7b19e5d60b,2025111200103,2,0,8,2025-11-12 08:00,2025-11-12 09:00,43432,儿树,陕西省,西安市,鄠邑区,西安建筑科技大学(草堂校区)南山书院东北角绿地,3d54e2fa-bd51-40e6-a072-9b7b19e5d60b,陕西,西安,,,2025-03-01,2026-03-01,2,serial_id,asc,37,2026-03-10T10:48:25+00:00
f4d6bf0f-2ae5-4145-99f6-dbda58266066,2025111200121,2,0,4,2025-11-12 08:00,2025-11-12 09:00,98605,梁琪哗,陕西省,西安市,鄠邑区,西安建筑科技大学(草堂校区)图书馆西南角绿地,f4d6bf0f-2ae5-4145-99f6-dbda58266066,陕西,西安,,,2025-03-01,2026-03-01,2,serial_id,asc,37,2026-03-10T10:48:25+00:00
88359591-1dcd-48e2-9a7a-3fdacc796f0b,2025111200122,2,0,4,2025-11-12 08:00,2025-11-12 09:00,98604,lotus555,陕西省,西安市,鄠邑区,西安建筑科技大学(草堂校区)图书馆西南角绿地,88359591-1dcd-48e2-9a7a-3fdacc796f0b,陕西,西安,,,2025-03-01,2026-03-01,2,serial_id,asc,37,2026-03-10T10:48:25+00:00
b99caffb-00a7-488c-a9ef-e5816cecf7ea,2025111200124,2,0,4,2025-11-12 09:00,2025-11-12 10:00,43432,儿树,陕西省,西安市,鄠邑区,西安建筑科技大学(草堂校区)西南角绿地,b99caffb-00a7-488c-a9ef-e5816cecf7ea,陕西,西安,,,2025-03-01,2026-03-01,2,serial_id,asc,37,2026-03-10T10:48:25+00:00
056b9b6d-ba9a-489d-8f99-3b95651d0016,2025111200156,2,0,1,2025-11-11 10:00,2025-11-11 11:00,98027,边川银,陕西省,西安市,碑林区,西安建筑科技大学(雁塔校区)西阶,056b9b6d-ba9a-489d-8f99-3b95651d0016,陕西,西安,,,2025-03-01,2026-03-01,2,serial_id,asc,37,2026-03-10T10:48:25+00:00
955347df-77a0-4f04-80b9-efb078a181df,2025111200157,2,0,6,2025-11-15 09:00,2025-11-15 10:00,98027,边川银,陕西省,西安市,碑林区,西安建筑科技大学校史馆,955347df-77a0-4f04-80b9-efb078a181df,陕西,西安,,,2025-03-01,2026-03-01,2,serial_id,asc,37,2026-03-10T10:48:25+00:00
3761ad41-78fe-46d9-9548-d873af520547,2025111200161,2,0,6,2025-11-15 09:00,2025-11-15 10:00,98027,边川银,陕西省,西安市,碑林区,西安建筑科技大学(雁塔校区)工科楼前柿子林,3761ad41-78fe-46d9-9548-d873af520547,陕西,西安,,,2025-03-01,2026-03-01,2,serial_id,asc,37,2026-03-10T10:48:25+00:00
c73743f0-f68c-4636-98b0-8e1a12e263d0,2025111200202,2,0,4,2025-11-12 08:00,2025-11-12 09:00,98604,lotus555,陕西省,西安市,鄠邑区,西安建筑科技大学(草堂校区)学府城北侧绿地,c73743f0-f68c-4636-98b0-8e1a12e263d0,陕西,西安,,,2025-03-01,2026-03-01,2,serial_id,asc,37,2026-03-10T10:48:25+00:00
14ab77c0-80a0-4a2f-ba28-fadd8c72af8c,2025111200203,2,0,3,2025-11-12 08:00,2025-11-12 09:00,98605,梁琪哗,陕西省,西安市,鄠邑区,西安建筑科技大学(草堂校区)学府城北侧绿地,14ab77c0-80a0-4a2f-ba28-fadd8c72af8c,陕西,西安,,,2025-03-01,2026-03-01,2,serial_id,asc,37,2026-03-10T10:48:25+00:00
789a158f-79d7-438b-bfe2-9eb50f25d485,2025111200205,2,0,5,2025-11-12 10:00,2025-11-12 11:00,43432,儿树,陕西省,西安市,鄠邑区,西安建筑科技大学(草堂校区)体育馆东侧绿地,789a158f-79d7-438b-bfe2-9eb50f25d485,陕西,西安,,,2025-03-01,2026-03-01,2,serial_id,asc,37,2026-03-10T10:48:25+00:00
965aed84-cecc-4c6c-bd19-1f093243ffb2,2025111200796,2,0,8,2025-11-12 17:00,2025-11-12 18:00,95835,lucyzhang,陕西省,西安市,长安区,长安区樊川公园,965aed84-cecc-4c6c-bd19-1f093243ffb2,陕西,西安,,,2025-03-01,2026-03-01,2,serial_id,asc,37,2026-03-10T10:48:25+00:00
f5fa4af2-bacd-4585-b220-2c25763fe00f,2025111201102,2,0,8,2025-11-12 17:00,2025-11-12 18:00,49588,向申博,陕西省,西安市,长安区,长安区樊川公园,f5fa4af2-bacd-4585-b220-2c25763fe00f,陕西,西安,,,2025-03-01,2026-03-01,2,serial_id,asc,37,2026-03-10T10:48:25+00:00
5731a08d-c24e-4a30-b662-510df5e0fd14,2025111300157,2,0,11,2025-11-13 08:00,2025-11-13 09:00,72654,风亭,陕西省,西安市,雁塔区,曲江池遗址公园(片云桥),5731a08d-c24e-4a30-b662-510df5e0fd14,陕西,西安,,,2025-03-01,2026-03-01,2,serial_id,asc,37,2026-03-10T10:48:25+00:00
694d34d0-4f12-416c-badf-70a3e3f76fc2,2025111300394,2,0,22,2025-11-13 10:20,2025-11-13 15:50,27455,LDecem,陕西省,西安市,未央区,未央区西安浐灞国家湿地公园,694d34d0-4f12-416c-badf-70a3e3f76fc2,陕西,西安,,,2025-03-01,2026-03-01,2,serial_id,asc,38,2026-03-10T10:48:27+00:00
6f8af927-50a2-436a-adfa-943bee7fc2e5,2025111300832,2,0,21,2025-11-13 16:00,2025-11-13 17:00,47058,寄居蟹,陕西省,西安市,长安区,西北工业大学(长安校区)理学院,6f8af927-50a2-436a-adfa-943bee7fc2e5,陕西,西安,,,2025-03-01,2026-03-01,2,serial_id,asc,38,2026-03-10T10:48:27+00:00
7edb52fa-78e3-4ea8-8da9-1c6f64122e2f,2025111300930,2,0,1,2025-11-13 15:45,2025-11-13 15:50,53920,Ouzel,陕西省,西安市,碑林区,西安交通大学兴庆校区东西花园,7edb52fa-78e3-4ea8-8da9-1c6f64122e2f,陕西,西安,,,2025-03-01,2026-03-01,2,serial_id,asc,38,2026-03-10T10:48:27+00:00
f2b8af76-714f-4cc5-8a88-caafa3bd71c4,2025111301355,2,0,1,2025-11-13 15:50,2025-11-14 00:00,72192,妙师傅,陕西省,西安市,灞桥区,桃花潭,f2b8af76-714f-4cc5-8a88-caafa3bd71c4,陕西,西安,,,2025-03-01,2026-03-01,2,serial_id,asc,38,2026-03-10T10:48:27+00:00
aee3f1b6-294d-4ed6-8592-7c7fb1396af7,2025111400093,2,0,7,2025-11-13 12:37,2025-11-13 17:34,53257,clevershan,陕西省,西安市,临潼区,秦始皇兵马俑博物馆,aee3f1b6-294d-4ed6-8592-7c7fb1396af7,陕西,西安,,,2025-03-01,2026-03-01,2,serial_id,asc,38,2026-03-10T10:48:27+00:00
a82c6ffc-85db-436d-8f47-ab17331f15ec,2025111400206,2,0,2,2025-11-14 10:00,2025-11-14 11:00,98413,Jingle,陕西省,西安市,碑林区,西安建筑科技大学(雁塔校区)南阶西侧,a82c6ffc-85db-436d-8f47-ab17331f15ec,陕西,西安,,,2025-03-01,2026-03-01,2,serial_id,asc,38,2026-03-10T10:48:27+00:00
a58fb903-28a7-41de-8eec-4f58f1fb5e39,2025111400209,2,0,1,2025-11-14 10:00,2025-11-14 11:00,98423,ellie,陕西省,西安市,碑林区,西安建筑科技大学(雁塔校区)南阶西侧,a58fb903-28a7-41de-8eec-4f58f1fb5e39,陕西,西安,,,2025-03-01,2026-03-01,2,serial_id,asc,38,2026-03-10T10:48:27+00:00
b1c96f09-f6fd-4c72-aa8e-c933c5077cb8,2025111400211,2,0,3,2025-11-14 10:00,2025-11-14 11:00,98461,施菀升,陕西省,西安市,碑林区,西安建筑科技大学(雁塔校区)主楼前绿地,b1c96f09-f6fd-4c72-aa8e-c933c5077cb8,陕西,西安,,,2025-03-01,2026-03-01,2,serial_id,asc,38,2026-03-10T10:48:27+00:00
dce108d5-96c6-4b11-bf5e-3f2a6b61a2ab,2025111400216,2,0,1,2025-11-14 10:00,2025-11-14 11:00,98417,柴子姗,陕西省,西安市,碑林区,西安建筑科技大学(雁塔校区)建设路东林带,dce108d5-96c6-4b11-bf5e-3f2a6b61a2ab,陕西,西安,,,2025-03-01,2026-03-01,2,serial_id,asc,38,2026-03-10T10:48:27+00:00
e4c17f27-92c5-41c4-bdd6-4c0947aeb1d7,2025111400217,2,0,1,2025-11-14 10:00,2025-11-14 11:00,98461,施菀升,陕西省,西安市,碑林区,西安建筑科技大学(雁塔校区)西阶庭院,e4c17f27-92c5-41c4-bdd6-4c0947aeb1d7,陕西,西安,,,2025-03-01,2026-03-01,2,serial_id,asc,38,2026-03-10T10:48:27+00:00
4a09bbef-0c10-4ec1-be64-ba259a69ddc2,2025111400226,2,0,5,2025-11-14 10:00,2025-11-14 11:00,98461,施菀升,陕西省,西安市,碑林区,西安建筑科技大学(雁塔校区)若祁湖,4a09bbef-0c10-4ec1-be64-ba259a69ddc2,陕西,西安,,,2025-03-01,2026-03-01,2,serial_id,asc,38,2026-03-10T10:48:27+00:00
b65cbbf3-a8d9-4342-a0f3-ff7ee63cc4c3,2025111400229,2,0,2,2025-11-14 10:00,2025-11-14 11:00,98445,蒙高磊,陕西省,西安市,碑林区,西安建筑科技大学校史馆,b65cbbf3-a8d9-4342-a0f3-ff7ee63cc4c3,陕西,西安,,,2025-03-01,2026-03-01,2,serial_id,asc,38,2026-03-10T10:48:27+00:00
f2fded31-a581-499f-b924-6e8eae20c2e8,2025111400230,2,0,1,2025-11-14 10:00,2025-11-14 11:00,98414,宋家熙,陕西省,西安市,碑林区,西安建筑科技大学(雁塔校区)建设路东林带,f2fded31-a581-499f-b924-6e8eae20c2e8,陕西,西安,,,2025-03-01,2026-03-01,2,serial_id,asc,38,2026-03-10T10:48:27+00:00
e5d6943d-7632-4e04-b16b-db857b192a77,2025111400231,2,0,3,2025-11-14 10:00,2025-11-14 11:00,98461,施菀升,陕西省,西安市,碑林区,西安建筑科技大学(雁塔校区)柿子林,e5d6943d-7632-4e04-b16b-db857b192a77,陕西,西安,,,2025-03-01,2026-03-01,2,serial_id,asc,38,2026-03-10T10:48:27+00:00
0c42c056-6443-4ffb-b854-c1fc1e1a93a9,2025111400236,2,0,5,2025-11-14 10:00,2025-11-14 11:00,98413,Jingle,陕西省,西安市,碑林区,西安建筑科技大学(雁塔校区)校史馆花园,0c42c056-6443-4ffb-b854-c1fc1e1a93a9,陕西,西安,,,2025-03-01,2026-03-01,2,serial_id,asc,38,2026-03-10T10:48:27+00:00
bf7bd4e4-d009-4b2b-972a-dc103dad1023,2025111400240,2,0,2,2025-11-14 10:00,2025-11-14 11:00,98480,何东阁,陕西省,西安市,碑林区,西安建筑科技大学校史馆,bf7bd4e4-d009-4b2b-972a-dc103dad1023,陕西,西安,,,2025-03-01,2026-03-01,2,serial_id,asc,38,2026-03-10T10:48:27+00:00
0ff05781-0388-4b1a-a963-1c36b9cba16b,2025111400243,2,0,4,2025-11-14 10:00,2025-11-14 11:00,98423,ellie,陕西省,西安市,碑林区,西安建筑科技大学(雁塔校区)校史馆花园,0ff05781-0388-4b1a-a963-1c36b9cba16b,陕西,西安,,,2025-03-01,2026-03-01,2,serial_id,asc,38,2026-03-10T10:48:27+00:00
0c89d268-e60b-4e62-a3c3-02e861a94c25,2025111400246,2,0,6,2025-11-14 10:00,2025-11-14 11:00,98456,王靖宜,陕西省,西安市,碑林区,西安建筑科技大学(雁塔校区)工科楼柿子林,0c89d268-e60b-4e62-a3c3-02e861a94c25,陕西,西安,,,2025-03-01,2026-03-01,2,serial_id,asc,38,2026-03-10T10:48:27+00:00
cc21aff9-3a5a-402f-917b-5e5db603d105,2025111400247,2,0,6,2025-11-14 10:00,2025-11-14 11:00,98415,蛤蛤呱,陕西省,西安市,碑林区,西安建筑科技大学(雁塔校区)工科楼柿子林,cc21aff9-3a5a-402f-917b-5e5db603d105,陕西,西安,,,2025-03-01,2026-03-01,2,serial_id,asc,38,2026-03-10T10:48:27+00:00
f8295b1f-9732-47cb-8028-c4604daac138,2025111400252,2,0,3,2025-11-14 10:00,2025-11-14 11:00,98413,Jingle,陕西省,西安市,碑林区,西安建筑科技大学(雁塔校区)逸夫楼花园,f8295b1f-9732-47cb-8028-c4604daac138,陕西,西安,,,2025-03-01,2026-03-01,2,serial_id,asc,38,2026-03-10T10:48:27+00:00
b7f85c3b-4d76-4606-a3a6-32dab6b029ef,2025111400254,2,0,2,2025-11-14 10:00,2025-11-14 11:00,98445,蒙高磊,陕西省,西安市,碑林区,西安建筑科技大学(雁塔校区)逸夫楼银杏树林,b7f85c3b-4d76-4606-a3a6-32dab6b029ef,陕西,西安,,,2025-03-01,2026-03-01,2,serial_id,asc,38,2026-03-10T10:48:27+00:00
7a5f7428-dea1-4140-b0f1-dc5e7970acee,2025111400256,2,0,2,2025-11-14 10:00,2025-11-14 11:00,98469,建筑2302李嘉悦,陕西省,西安市,碑林区,西安建筑科技大学(雁塔校区)西门广场,7a5f7428-dea1-4140-b0f1-dc5e7970acee,陕西,西安,,,2025-03-01,2026-03-01,2,serial_id,asc,38,2026-03-10T10:48:27+00:00
42637bc6-a233-479a-93d1-b2279cd58cf9,2025111400257,2,0,2,2025-11-14 10:00,2025-11-14 11:00,98434,猫猫不吃鱼,陕西省,西安市,碑林区,西安建筑科技大学(雁塔校区)西门广场林带,42637bc6-a233-479a-93d1-b2279cd58cf9,陕西,西安,,,2025-03-01,2026-03-01,2,serial_id,asc,38,2026-03-10T10:48:27+00:00
c8b7fb1c-d7af-4346-8132-639d14890b47,2025111400259,2,0,2,2025-11-14 10:00,2025-11-14 11:00,71401,高蓓,陕西省,西安市,临潼区,国家授时中心生活区,c8b7fb1c-d7af-4346-8132-639d14890b47,陕西,西安,,,2025-03-01,2026-03-01,2,serial_id,asc,38,2026-03-10T10:48:27+00:00
27cce9cf-5c23-45ea-b362-4e5828ad238b,2025111400262,2,0,4,2025-11-14 10:00,2025-11-14 11:00,98417,柴子姗,陕西省,西安市,碑林区,西安建筑科技大学(雁塔校区)若祁湖,27cce9cf-5c23-45ea-b362-4e5828ad238b,陕西,西安,,,2025-03-01,2026-03-01,2,serial_id,asc,38,2026-03-10T10:48:27+00:00
6c244e61-93ad-45a8-ae18-ae8b5d754a78,2025111400263,2,0,5,2025-11-14 10:00,2025-11-14 11:00,98436,韩啟明,陕西省,西安市,碑林区,西安建筑科技大学(雁塔校区若祁糊),6c244e61-93ad-45a8-ae18-ae8b5d754a78,陕西,西安,,,2025-03-01,2026-03-01,2,serial_id,asc,38,2026-03-10T10:48:27+00:00
fc0927b2-1527-46f7-bc90-238e2445f337,2025111400266,2,0,4,2025-11-14 10:00,2025-11-14 11:00,98414,宋家熙,陕西省,西安市,碑林区,西安建筑科技大学若祁湖,fc0927b2-1527-46f7-bc90-238e2445f337,陕西,西安,,,2025-03-01,2026-03-01,2,serial_id,asc,38,2026-03-10T10:48:27+00:00
c71cd22e-cfc7-4217-bbd4-7e4ab83629cb,2025111400267,2,0,5,2025-11-14 10:00,2025-11-14 11:00,98442,李壕,陕西省,西安市,碑林区,西安建筑科技大学(雁塔校区)若祁湖,c71cd22e-cfc7-4217-bbd4-7e4ab83629cb,陕西,西安,,,2025-03-01,2026-03-01,2,serial_id,asc,38,2026-03-10T10:48:27+00:00
1abdecf8-d3b8-4519-bb7e-281d68a5b1eb,2025111400268,2,0,4,2025-11-14 10:00,2025-11-14 11:00,98433,李笑萱,陕西省,西安市,碑林区,西安建筑科技大学(雁塔校区)若祁湖,1abdecf8-d3b8-4519-bb7e-281d68a5b1eb,陕西,西安,,,2025-03-01,2026-03-01,2,serial_id,asc,38,2026-03-10T10:48:27+00:00
91c36c85-21fe-4536-a06c-06f2de998346,2025111400269,2,0,4,2025-11-14 10:00,2025-11-14 11:00,98763,马卉双,陕西省,西安市,碑林区,西安建筑科技大学(雁塔校区若祁湖),91c36c85-21fe-4536-a06c-06f2de998346,陕西,西安,,,2025-03-01,2026-03-01,2,serial_id,asc,38,2026-03-10T10:48:27+00:00
08db9109-e9dc-4077-8100-ced34fbda091,2025111400270,2,0,3,2025-11-14 10:00,2025-11-14 11:00,98423,ellie,陕西省,西安市,碑林区,西安建筑科技大学(雁塔校区)逸夫楼前,08db9109-e9dc-4077-8100-ced34fbda091,陕西,西安,,,2025-03-01,2026-03-01,2,serial_id,asc,38,2026-03-10T10:48:27+00:00
0560ad9d-00bc-4c3c-ae27-e6b7d4796c01,2025111400285,2,0,6,2025-11-14 10:00,2025-11-14 11:00,98433,李笑萱,陕西省,西安市,碑林区,西安建筑科技大学(雁塔校区)校史馆前花园,0560ad9d-00bc-4c3c-ae27-e6b7d4796c01,陕西,西安,,,2025-03-01,2026-03-01,2,serial_id,asc,38,2026-03-10T10:48:27+00:00
0d9e1753-fb0e-40bb-91d8-ff23a83dd649,2025111400288,2,0,7,2025-11-14 10:00,2025-11-14 11:00,98763,马卉双,陕西省,西安市,碑林区,西安建筑科技大学(雁塔校区校史馆花园),0d9e1753-fb0e-40bb-91d8-ff23a83dd649,陕西,西安,,,2025-03-01,2026-03-01,2,serial_id,asc,38,2026-03-10T10:48:27+00:00
017150b5-a441-4bf2-af11-f87617ded356,2025111400290,2,0,6,2025-11-14 10:00,2025-11-14 11:00,98414,宋家熙,陕西省,西安市,碑林区,西安建筑科技大学(雁塔校区)校史馆花园,017150b5-a441-4bf2-af11-f87617ded356,陕西,西安,,,2025-03-01,2026-03-01,2,serial_id,asc,38,2026-03-10T10:48:27+00:00
ad7dd45f-fcec-4dec-a05e-62aba1eda7b0,2025111400291,2,0,2,2025-11-14 10:00,2025-11-14 11:00,98413,Jingle,陕西省,西安市,碑林区,西安建筑科技大学(雁塔校区)体育馆林带,ad7dd45f-fcec-4dec-a05e-62aba1eda7b0,陕西,西安,,,2025-03-01,2026-03-01,2,serial_id,asc,38,2026-03-10T10:48:27+00:00
9c8e1ea6-08d0-4376-bac8-44f05312d901,2025111400292,2,0,3,2025-11-14 10:00,2025-11-14 11:00,98417,柴子姗,陕西省,西安市,碑林区,西安建筑科技大学(雁塔校区)校史馆花园,9c8e1ea6-08d0-4376-bac8-44f05312d901,陕西,西安,,,2025-03-01,2026-03-01,2,serial_id,asc,38,2026-03-10T10:48:27+00:00
66e86b96-d4fe-4657-8181-0544e9a9f103,2025111400295,2,0,3,2025-11-14 10:00,2025-11-14 11:00,98480,何东阁,陕西省,西安市,碑林区,西安建筑科技大学(雁塔校区西街教室),66e86b96-d4fe-4657-8181-0544e9a9f103,陕西,西安,,,2025-03-01,2026-03-01,2,serial_id,asc,38,2026-03-10T10:48:27+00:00
52ac7e9b-cc4b-45d8-a151-96c28fec7152,2025111400301,2,0,2,2025-11-14 11:00,2025-11-14 11:30,98423,ellie,陕西省,西安市,碑林区,西安建筑科技大学(雁塔校区)体育馆林带,52ac7e9b-cc4b-45d8-a151-96c28fec7152,陕西,西安,,,2025-03-01,2026-03-01,2,serial_id,asc,38,2026-03-10T10:48:27+00:00
dfae1ce2-04f6-436a-a9f1-75b2a3aca9b7,2025111400303,2,0,6,2025-11-14 10:00,2025-11-14 11:00,98434,猫猫不吃鱼,陕西省,西安市,碑林区,西安建筑科技大学(雁塔校区)工科大楼,dfae1ce2-04f6-436a-a9f1-75b2a3aca9b7,陕西,西安,,,2025-03-01,2026-03-01,2,serial_id,asc,38,2026-03-10T10:48:27+00:00
ef291c99-a246-4ed7-a272-8f3b220d1389,2025111400305,2,0,7,2025-11-14 10:00,2025-11-14 11:00,98436,韩啟明,陕西省,西安市,碑林区,西安建筑科技大学(雁塔校区校史馆花园),ef291c99-a246-4ed7-a272-8f3b220d1389,陕西,西安,,,2025-03-01,2026-03-01,2,serial_id,asc,38,2026-03-10T10:48:27+00:00
c284822d-0ddb-4434-80aa-0c9876533f98,2025111400308,2,0,6,2025-11-14 10:00,2025-11-14 11:00,98442,李壕,陕西省,西安市,碑林区,西安建筑科技大学(雁塔校区)校史馆前花园,c284822d-0ddb-4434-80aa-0c9876533f98,陕西,西安,,,2025-03-01,2026-03-01,2,serial_id,asc,38,2026-03-10T10:48:27+00:00
4c3bdab8-6749-4981-8d59-771fd57f57f5,2025111400321,2,0,1,2025-11-14 10:00,2025-11-14 11:00,98456,王靖宜,陕西省,西安市,碑林区,西安建筑科技大学(雁塔校区)实验室花园,4c3bdab8-6749-4981-8d59-771fd57f57f5,陕西,西安,,,2025-03-01,2026-03-01,2,serial_id,asc,38,2026-03-10T10:48:27+00:00
0f2c3906-13d6-4378-a09d-470544bbe15c,2025111400322,2,0,1,2025-11-14 10:00,2025-11-14 11:00,98415,蛤蛤呱,陕西省,西安市,碑林区,西安建筑科技大学(雁塔校区)实验室花园,0f2c3906-13d6-4378-a09d-470544bbe15c,陕西,西安,,,2025-03-01,2026-03-01,2,serial_id,asc,38,2026-03-10T10:48:27+00:00
8be40f8a-c4df-4f20-aa4a-b4f168e729e5,2025111400334,2,0,3,2025-11-14 10:00,2025-11-14 11:00,98417,柴子姗,陕西省,西安市,碑林区,西安建筑科技大学(雁塔校区)逸夫楼花园,8be40f8a-c4df-4f20-aa4a-b4f168e729e5,陕西,西安,,,2025-03-01,2026-03-01,2,serial_id,asc,38,2026-03-10T10:48:27+00:00
03ae6314-e132-48b7-bea6-0113c053179e,2025111400335,2,0,3,2025-11-14 10:00,2025-11-14 11:00,98414,宋家熙,陕西省,西安市,碑林区,西安建筑科技大学(雁塔校区)逸夫楼花园,03ae6314-e132-48b7-bea6-0113c053179e,陕西,西安,,,2025-03-01,2026-03-01,2,serial_id,asc,38,2026-03-10T10:48:27+00:00
4af22307-7135-4a8d-94c6-1a74a1e76ac6,2025111400338,2,0,1,2025-11-14 11:00,2025-11-14 12:00,98769,高瑞,陕西省,西安市,碑林区,西安建筑科技大学(雁塔校区)工科大楼,4af22307-7135-4a8d-94c6-1a74a1e76ac6,陕西,西安,,,2025-03-01,2026-03-01,2,serial_id,asc,38,2026-03-10T10:48:27+00:00
644d8fa9-4f28-4652-8025-92f82ef930e6,2025111400340,2,0,4,2025-11-14 11:00,2025-11-14 12:00,98419,ljm李金嫚,陕西省,西安市,碑林区,西安建筑科技大学校史馆前绿地,644d8fa9-4f28-4652-8025-92f82ef930e6,陕西,西安,,,2025-03-01,2026-03-01,2,serial_id,asc,38,2026-03-10T10:48:27+00:00
ce1239b1-e2a1-4411-a3cd-41b8486a0a60,2025111400347,2,0,4,2025-11-14 11:00,2025-11-14 12:00,98027,边川银,陕西省,西安市,碑林区,西安建筑科技大学(雁塔校区)若祁湖,ce1239b1-e2a1-4411-a3cd-41b8486a0a60,陕西,西安,,,2025-03-01,2026-03-01,2,serial_id,asc,38,2026-03-10T10:48:27+00:00
8945f628-e55d-4bcd-aa4b-db2d87241d43,2025111400350,2,0,1,2025-11-14 10:00,2025-11-14 11:00,98414,宋家熙,陕西省,西安市,碑林区,西安建筑科技大学(雁塔校区)西门广场林带,8945f628-e55d-4bcd-aa4b-db2d87241d43,陕西,西安,,,2025-03-01,2026-03-01,2,serial_id,asc,38,2026-03-10T10:48:27+00:00
57419ed2-c6cf-4efe-8139-88019ee4227e,2025111400351,2,0,1,2025-11-14 10:00,2025-11-14 11:00,98417,柴子姗,陕西省,西安市,碑林区,西安建筑科技大学(雁塔校区)西门广场林带,57419ed2-c6cf-4efe-8139-88019ee4227e,陕西,西安,,,2025-03-01,2026-03-01,2,serial_id,asc,38,2026-03-10T10:48:27+00:00
23374c21-a69a-46f0-aa4b-b7f985e00aaf,2025111400353,2,0,4,2025-11-14 11:00,2025-11-14 12:00,98463,倪荦檬,陕西省,西安市,碑林区,西安建筑科技大学(雁塔校区)若祁湖,23374c21-a69a-46f0-aa4b-b7f985e00aaf,陕西,西安,,,2025-03-01,2026-03-01,2,serial_id,asc,39,2026-03-10T10:48:29+00:00
33651a99-a811-4587-b3bd-638eb5bc987f,2025111400354,2,0,3,2025-11-14 11:00,2025-11-14 12:00,98440,马欣蕊,陕西省,西安市,碑林区,西安建筑科技大学(雁塔校区)若祁湖,33651a99-a811-4587-b3bd-638eb5bc987f,陕西,西安,,,2025-03-01,2026-03-01,2,serial_id,asc,39,2026-03-10T10:48:29+00:00
08be033e-5535-4b42-b4e3-f2d6d8fd2d5d,2025111400355,2,0,3,2025-11-14 11:00,2025-11-14 12:00,98771,wsndwyz789,陕西省,西安市,碑林区,西安建筑科技大学(雁塔校区)若祁湖,08be033e-5535-4b42-b4e3-f2d6d8fd2d5d,陕西,西安,,,2025-03-01,2026-03-01,2,serial_id,asc,39,2026-03-10T10:48:29+00:00
af9196ec-64f1-4741-aaca-1bef68f2dbe9,2025111400356,2,0,3,2025-11-14 11:00,2025-11-14 12:00,98449,文洁,陕西省,西安市,碑林区,若祁湖,af9196ec-64f1-4741-aaca-1bef68f2dbe9,陕西,西安,,,2025-03-01,2026-03-01,2,serial_id,asc,39,2026-03-10T10:48:29+00:00
f0dd1f14-0148-4b7d-bb13-f17ac620a33d,2025111400357,2,0,2,2025-11-14 11:00,2025-11-14 12:00,98773,三好小狗,陕西省,西安市,碑林区,西安建筑科技大学(雁塔校区)教学主楼,f0dd1f14-0148-4b7d-bb13-f17ac620a33d,陕西,西安,,,2025-03-01,2026-03-01,2,serial_id,asc,39,2026-03-10T10:48:29+00:00
0a109b17-71af-403a-949f-297f5a86fe27,2025111400358,2,0,2,2025-11-14 11:00,2025-11-14 12:00,98772,张紫贤,陕西省,西安市,碑林区,西安建筑科技大学(雁塔校区)教学主楼,0a109b17-71af-403a-949f-297f5a86fe27,陕西,西安,,,2025-03-01,2026-03-01,2,serial_id,asc,39,2026-03-10T10:48:29+00:00
07043903-eb04-40fb-a4d5-7e17759cc7c4,2025111400360,2,0,4,2025-11-14 11:00,2025-11-14 12:00,98424,郭亮,陕西省,西安市,碑林区,西安建筑科技大学(雁塔校区)若祁湖,07043903-eb04-40fb-a4d5-7e17759cc7c4,陕西,西安,,,2025-03-01,2026-03-01,2,serial_id,asc,39,2026-03-10T10:48:29+00:00
c9dd75ea-2689-4176-8b4e-59c47865e34a,2025111400361,2,0,3,2025-11-14 11:00,2025-11-14 12:00,98419,ljm李金嫚,陕西省,西安市,碑林区,西安建筑科技大学池塘凉亭,c9dd75ea-2689-4176-8b4e-59c47865e34a,陕西,西安,,,2025-03-01,2026-03-01,2,serial_id,asc,39,2026-03-10T10:48:29+00:00
7e79eb40-0548-4d20-9452-3f9bb2cfd10f,2025111400363,2,0,6,2025-11-14 11:00,2025-11-14 12:00,98469,建筑2302李嘉悦,陕西省,西安市,碑林区,西安建筑科技大学池塘凉亭,7e79eb40-0548-4d20-9452-3f9bb2cfd10f,陕西,西安,,,2025-03-01,2026-03-01,2,serial_id,asc,39,2026-03-10T10:48:29+00:00
dd5df7f7-3522-4fb6-a813-29b92e8856b5,2025111400364,2,0,2,2025-11-14 11:00,2025-11-14 12:00,98769,高瑞,陕西省,西安市,碑林区,西安建筑科技大学,dd5df7f7-3522-4fb6-a813-29b92e8856b5,陕西,西安,,,2025-03-01,2026-03-01,2,serial_id,asc,39,2026-03-10T10:48:29+00:00
06c656ce-6fae-4819-8c7a-c27e9463647b,2025111400365,2,0,6,2025-11-14 11:00,2025-11-14 12:00,98424,郭亮,陕西省,西安市,碑林区,西安建筑科技大学(雁塔校区)校史馆,06c656ce-6fae-4819-8c7a-c27e9463647b,陕西,西安,,,2025-03-01,2026-03-01,2,serial_id,asc,39,2026-03-10T10:48:29+00:00
32193fa6-1e89-4010-8f24-025f47205b7b,2025111400366,2,0,5,2025-11-14 11:00,2025-11-14 12:00,98463,倪荦檬,陕西省,西安市,碑林区,西安建筑科技大学(雁塔校区)校史馆,32193fa6-1e89-4010-8f24-025f47205b7b,陕西,西安,,,2025-03-01,2026-03-01,2,serial_id,asc,39,2026-03-10T10:48:29+00:00
16e90fec-de91-470a-bf76-68e102fa74ab,2025111400368,2,0,2,2025-11-14 10:00,2025-11-14 11:00,98417,柴子姗,陕西省,西安市,碑林区,西安建筑科技大学(雁塔校区)实验室花园,16e90fec-de91-470a-bf76-68e102fa74ab,陕西,西安,,,2025-03-01,2026-03-01,2,serial_id,asc,39,2026-03-10T10:48:29+00:00
af9a7f26-f343-4339-9c80-9f41c07e8855,2025111400369,2,0,1,2025-11-14 11:00,2025-11-14 12:00,98769,高瑞,陕西省,西安市,碑林区,西安建筑科技大学,af9a7f26-f343-4339-9c80-9f41c07e8855,陕西,西安,,,2025-03-01,2026-03-01,2,serial_id,asc,39,2026-03-10T10:48:29+00:00
4f4d9f32-47c0-46f1-86f4-14ab8fbd5afa,2025111400370,2,0,2,2025-11-14 10:00,2025-11-14 11:00,98414,宋家熙,陕西省,西安市,碑林区,西安建筑科技大学(雁塔校区)实验室花园,4f4d9f32-47c0-46f1-86f4-14ab8fbd5afa,陕西,西安,,,2025-03-01,2026-03-01,2,serial_id,asc,39,2026-03-10T10:48:29+00:00
de47df31-fefa-4c76-bda3-5fc355ddcf7b,2025111400375,2,0,6,2025-11-14 11:00,2025-11-14 12:00,98027,边川银,陕西省,西安市,碑林区,西安建筑科技大学(雁塔校区)校史馆,de47df31-fefa-4c76-bda3-5fc355ddcf7b,陕西,西安,,,2025-03-01,2026-03-01,2,serial_id,asc,39,2026-03-10T10:48:29+00:00
f3ba4cfb-bf7d-4588-b12f-fbfc4bd1f5d6,2025111400384,2,0,4,2025-11-14 11:00,2025-11-14 12:00,98771,wsndwyz789,陕西省,西安市,碑林区,西安建筑科技大学(雁塔校区)工科大楼柿子林,f3ba4cfb-bf7d-4588-b12f-fbfc4bd1f5d6,陕西,西安,,,2025-03-01,2026-03-01,2,serial_id,asc,39,2026-03-10T10:48:29+00:00
9e599820-6eda-4c83-a2e0-a1967f792b0b,2025111400388,2,0,4,2025-11-14 11:00,2025-11-14 12:00,98440,马欣蕊,陕西省,西安市,碑林区,西安建筑科技大学(雁塔校区)工科大楼柿子林,9e599820-6eda-4c83-a2e0-a1967f792b0b,陕西,西安,,,2025-03-01,2026-03-01,2,serial_id,asc,39,2026-03-10T10:48:29+00:00
983e716a-3a78-4381-8117-b5ec2a0afa21,2025111400389,2,0,4,2025-11-14 11:00,2025-11-14 12:00,98449,文洁,陕西省,西安市,碑林区,西安建筑科技大学(雁塔校区)工科大楼柿子林,983e716a-3a78-4381-8117-b5ec2a0afa21,陕西,西安,,,2025-03-01,2026-03-01,2,serial_id,asc,39,2026-03-10T10:48:29+00:00
c9d40f94-4ab2-4065-bd90-7b7ddfb2bd4d,2025111400390,2,0,4,2025-11-14 11:00,2025-11-14 12:00,98772,张紫贤,陕西省,西安市,碑林区,西安建筑科技大学(雁塔校区)工科大楼柿子林,c9d40f94-4ab2-4065-bd90-7b7ddfb2bd4d,陕西,西安,,,2025-03-01,2026-03-01,2,serial_id,asc,39,2026-03-10T10:48:29+00:00
cfd1325d-bb4e-4ece-bec4-3e1538ef9d96,2025111400391,2,0,4,2025-11-14 11:00,2025-11-14 12:00,98773,三好小狗,陕西省,西安市,碑林区,西安建筑科技大学(雁塔校区)工科大楼柿子林,cfd1325d-bb4e-4ece-bec4-3e1538ef9d96,陕西,西安,,,2025-03-01,2026-03-01,2,serial_id,asc,39,2026-03-10T10:48:29+00:00
7e89294b-1cde-4935-b776-b3ead9e80f61,2025111400396,2,0,5,2025-11-14 11:00,2025-11-14 12:00,98478,张谨言,陕西省,西安市,碑林区,西安建筑科技大学(雁塔校区)校史馆,7e89294b-1cde-4935-b776-b3ead9e80f61,陕西,西安,,,2025-03-01,2026-03-01,2,serial_id,asc,39,2026-03-10T10:48:29+00:00
1b746b90-658c-44aa-ba9f-bcf13369cdb7,2025111400409,2,0,4,2025-11-14 11:00,2025-11-14 12:00,98027,边川银,陕西省,西安市,碑林区,西安建筑科技大学(雁塔校区)柿子林,1b746b90-658c-44aa-ba9f-bcf13369cdb7,陕西,西安,,,2025-03-01,2026-03-01,2,serial_id,asc,39,2026-03-10T10:48:29+00:00
5fcf5e17-97c6-4153-8e33-e3adbca0fe8c,2025111400411,2,0,4,2025-11-14 07:00,2025-11-14 07:30,98514,零食箱28,陕西省,西安市,碑林区,西安建筑科技大学(雁塔校区)工科大楼,5fcf5e17-97c6-4153-8e33-e3adbca0fe8c,陕西,西安,,,2025-03-01,2026-03-01,2,serial_id,asc,39,2026-03-10T10:48:29+00:00
97718375-65fd-483c-aca4-ee9800589565,2025111400416,2,0,4,2025-11-14 15:00,2025-11-14 15:30,98514,零食箱28,陕西省,西安市,碑林区,西安建筑科技大学池塘凉亭,97718375-65fd-483c-aca4-ee9800589565,陕西,西安,,,2025-03-01,2026-03-01,2,serial_id,asc,39,2026-03-10T10:48:29+00:00
13cf8959-05b6-48b8-b6b6-8369d058737b,2025111400423,2,0,5,2025-11-14 11:00,2025-11-14 12:00,98410,雷婷竹,陕西省,西安市,碑林区,西安建筑科技大学(雁塔校区)柿子林,13cf8959-05b6-48b8-b6b6-8369d058737b,陕西,西安,,,2025-03-01,2026-03-01,2,serial_id,asc,39,2026-03-10T10:48:29+00:00
bf3e9891-aa3a-45cb-a360-241f219803ba,2025111400431,2,0,4,2025-11-14 11:01,2025-11-14 12:36,98410,雷婷竹,陕西省,西安市,碑林区,西安建筑科技大学池塘(雁塔校区),bf3e9891-aa3a-45cb-a360-241f219803ba,陕西,西安,,,2025-03-01,2026-03-01,2,serial_id,asc,39,2026-03-10T10:48:29+00:00
ede2fa24-f41e-428c-8965-cfefc1932254,2025111400434,2,0,6,2025-11-14 11:18,2025-11-14 12:35,98410,雷婷竹,陕西省,西安市,碑林区,西安建筑科技大学校史馆(雁塔校区),ede2fa24-f41e-428c-8965-cfefc1932254,陕西,西安,,,2025-03-01,2026-03-01,2,serial_id,asc,39,2026-03-10T10:48:29+00:00
43987352-1883-42ea-94ef-03d81f5a4675,2025111400439,2,0,1,2025-11-14 11:00,2025-11-14 12:00,98469,建筑2302李嘉悦,陕西省,西安市,碑林区,西安建筑科技大学(雁塔校区)建设路林带,43987352-1883-42ea-94ef-03d81f5a4675,陕西,西安,,,2025-03-01,2026-03-01,2,serial_id,asc,39,2026-03-10T10:48:29+00:00
09f66354-1a89-4022-9658-48f7494c71ae,2025111400442,2,0,10,2025-11-14 10:00,2025-11-14 11:00,72654,风亭,陕西省,西安市,雁塔区,青龙寺遗址公园,09f66354-1a89-4022-9658-48f7494c71ae,陕西,西安,,,2025-03-01,2026-03-01,2,serial_id,asc,39,2026-03-10T10:48:29+00:00
3c874005-f60d-4734-a5c6-356e54e55900,2025111400613,2,0,34,2025-11-14 10:00,2025-11-14 11:00,86307,李封真,陕西省,西安市,鄠邑区,涝渭湿地公园,3c874005-f60d-4734-a5c6-356e54e55900,陕西,西安,,,2025-03-01,2026-03-01,2,serial_id,asc,39,2026-03-10T10:48:29+00:00
b18f1d26-5c1c-4258-a551-cdba81c97214,2025111400872,2,0,13,2025-11-14 14:00,2025-11-14 16:30,57607,西石大绿源白鱀豚,陕西省,西安市,鄠邑区,渼陂湖,b18f1d26-5c1c-4258-a551-cdba81c97214,陕西,西安,,,2025-03-01,2026-03-01,2,serial_id,asc,39,2026-03-10T10:48:29+00:00
74ffe086-120f-4c74-b084-ad610235788a,2025111401304,2,0,13,2025-11-14 15:50,2025-11-14 17:20,53920,Ouzel,陕西省,西安市,碑林区,西安交通大学兴庆校区东西花园,74ffe086-120f-4c74-b084-ad610235788a,陕西,西安,,,2025-03-01,2026-03-01,2,serial_id,asc,39,2026-03-10T10:48:29+00:00
f2419430-eb0b-43cf-a177-051f2ae6f3be,2025111401367,2,0,6,2025-11-14 16:28,2025-11-14 18:28,40098,QQWZYTJH,陕西省,西安市,鄠邑区,圭峰山,f2419430-eb0b-43cf-a177-051f2ae6f3be,陕西,西安,,,2025-03-01,2026-03-01,2,serial_id,asc,39,2026-03-10T10:48:29+00:00
9cfebc60-0f5c-4cfa-840f-2ba91c0ea456,2025111500749,2,0,18,2025-11-15 12:00,2025-11-15 13:00,22366,688chxiuq,陕西省,西安市,临潼区,樊赵水利牛场西北745米,9cfebc60-0f5c-4cfa-840f-2ba91c0ea456,陕西,西安,,,2025-03-01,2026-03-01,2,serial_id,asc,39,2026-03-10T10:48:29+00:00
a14b65cf-b70a-409f-adfe-4e4b5db594d2,2025111501056,2,0,9,2025-11-15 14:00,2025-11-15 15:00,22345,山丘,陕西省,西安市,临潼区,临潼区河堤路入口(北向)东150米,a14b65cf-b70a-409f-adfe-4e4b5db594d2,陕西,西安,,,2025-03-01,2026-03-01,2,serial_id,asc,39,2026-03-10T10:48:29+00:00
12f6e55d-df35-4439-aced-2fdb563d090b,2025111501131,2,0,10,2025-11-15 12:00,2025-11-15 13:00,22366,688chxiuq,陕西省,西安市,临潼区,河堤路入口(北向)北379米,12f6e55d-df35-4439-aced-2fdb563d090b,陕西,西安,,,2025-03-01,2026-03-01,2,serial_id,asc,39,2026-03-10T10:48:29+00:00
6472865f-60ce-47e8-81e7-48c7ed168433,2025111501578,2,0,34,2025-11-15 15:00,2025-11-15 16:00,47058,寄居蟹,陕西省,西安市,长安区,高冠河,6472865f-60ce-47e8-81e7-48c7ed168433,陕西,西安,,,2025-03-01,2026-03-01,2,serial_id,asc,39,2026-03-10T10:48:29+00:00
bbd30902-4d78-48b9-a48f-c766e5cbd19f,2025111502247,2,0,31,2025-11-15 08:00,2025-11-15 18:04,52903,米酷鹿,陕西省,西安市,长安区,昆明池·七夕公园,bbd30902-4d78-48b9-a48f-c766e5cbd19f,陕西,西安,,,2025-03-01,2026-03-01,2,serial_id,asc,39,2026-03-10T10:48:29+00:00
7bb843de-5d94-4fe8-a7dd-2ed525d870f7,2025111600534,2,0,33,2025-11-16 07:00,2025-11-16 08:00,23582,刘新建,陕西省,西安市,未央区,北辰湖,7bb843de-5d94-4fe8-a7dd-2ed525d870f7,陕西,西安,,,2025-03-01,2026-03-01,2,serial_id,asc,39,2026-03-10T10:48:29+00:00
2d2f3100-ac1b-431b-bc0c-8988f39176ac,2025111600540,2,0,13,2025-11-15 12:00,2025-11-15 17:00,92807,柴顺顺,陕西省,西安市,长安区,沣河生态湿地公园,2d2f3100-ac1b-431b-bc0c-8988f39176ac,陕西,西安,,,2025-03-01,2026-03-01,2,serial_id,asc,39,2026-03-10T10:48:29+00:00
b57efe48-dd88-4fc9-a878-64084a24fea3,2025111600549,2,0,3,2025-11-14 11:40,2025-11-14 11:55,92807,柴顺顺,陕西省,西安市,未央区,万科·幸福臻园,b57efe48-dd88-4fc9-a878-64084a24fea3,陕西,西安,,,2025-03-01,2026-03-01,2,serial_id,asc,39,2026-03-10T10:48:29+00:00
f7c6741d-a14b-4868-8f79-ff755f904c22,2025111600799,2,0,9,2025-11-15 08:30,2025-11-15 12:30,15090,刑小天在西交创新港,陕西省,西安市,长安区,昆明池·七夕公园,f7c6741d-a14b-4868-8f79-ff755f904c22,陕西,西安,,,2025-03-01,2026-03-01,2,serial_id,asc,39,2026-03-10T10:48:29+00:00
1b23433b-1e52-4402-82f3-19cb5b3fcc79,2025111600916,2,0,27,2025-11-16 11:55,2025-11-16 12:35,30941,WJC,陕西省,西安市,蓝田县,水陆庵,1b23433b-1e52-4402-82f3-19cb5b3fcc79,陕西,西安,,,2025-03-01,2026-03-01,2,serial_id,asc,39,2026-03-10T10:48:29+00:00
aaec5913-c586-4760-8e9c-cdc73aa5f2fb,2025111600928,2,0,22,2025-11-16 10:44,2025-11-16 13:10,57607,西石大绿源白鱀豚,陕西省,西安市,未央区,未央区西安浐灞国家湿地公园(灞河西路北),aaec5913-c586-4760-8e9c-cdc73aa5f2fb,陕西,西安,,,2025-03-01,2026-03-01,2,serial_id,asc,39,2026-03-10T10:48:29+00:00
df92136e-7aa9-44da-bd36-63de780c307f,2025111601025,2,0,25,2025-11-16 13:00,2025-11-16 14:00,66398,香香鸡贴贴,陕西省,西安市,长安区,西工大长安校区,df92136e-7aa9-44da-bd36-63de780c307f,陕西,西安,,,2025-03-01,2026-03-01,2,serial_id,asc,39,2026-03-10T10:48:29+00:00
917b54a0-6781-4f37-ad05-e3fbe7aa2307,2025111601578,2,0,32,2025-11-16 09:30,2025-11-16 12:00,12692,maixiangliulian,陕西省,西安市,长安区,昆明池·七夕公园,917b54a0-6781-4f37-ad05-e3fbe7aa2307,陕西,西安,,,2025-03-01,2026-03-01,2,serial_id,asc,39,2026-03-10T10:48:29+00:00
b7a09787-6cd5-4103-aa07-3364c106846d,2025111601600,2,0,36,2025-11-16 13:00,2025-11-16 16:39,54636,鹊影,陕西省,西安市,长安区,长安区昆明池·七夕公园,b7a09787-6cd5-4103-aa07-3364c106846d,陕西,西安,,,2025-03-01,2026-03-01,2,serial_id,asc,39,2026-03-10T10:48:29+00:00
8aded59d-069d-4b5f-943a-fb5475fa4a60,2025111602480,2,0,43,2025-11-15 08:00,2025-11-15 18:00,30320,户外农夫,陕西省,西安市,阎良区,西安市阎良石川河,8aded59d-069d-4b5f-943a-fb5475fa4a60,陕西,西安,,,2025-03-01,2026-03-01,2,serial_id,asc,39,2026-03-10T10:48:29+00:00
332861ce-1563-4464-96df-a86d37c67b17,2025111700065,2,0,5,2025-06-07 12:02,2025-06-07 16:35,55659,冷炻,陕西省,西安市,长安区,长安区大兆街道友联村,332861ce-1563-4464-96df-a86d37c67b17,陕西,西安,,,2025-03-01,2026-03-01,2,serial_id,asc,39,2026-03-10T10:48:29+00:00
35281b93-b103-41eb-ae36-8d958605eec2,2025111700603,2,0,9,2025-11-15 10:00,2025-11-15 11:30,73973,fly,陕西省,西安市,鄠邑区,涝渭湿地公园,35281b93-b103-41eb-ae36-8d958605eec2,陕西,西安,,,2025-03-01,2026-03-01,2,serial_id,asc,40,2026-03-10T10:48:31+00:00
dc527995-ea18-408d-beca-669ac7fd3b40,2025111701080,2,0,30,2025-11-15 11:00,2025-11-15 17:00,31352,菇菇,陕西省,西安市,鄠邑区,涝渭湿地公园,dc527995-ea18-408d-beca-669ac7fd3b40,陕西,西安,,,2025-03-01,2026-03-01,2,serial_id,asc,40,2026-03-10T10:48:31+00:00
5eb2b73b-0573-4fdf-a02f-63662bc4d43c,2025111800108,2,0,19,2025-11-16 14:45,2025-11-16 17:00,96881,LunaticVoyager,陕西省,西安市,鄠邑区,涝渭湿地公园,5eb2b73b-0573-4fdf-a02f-63662bc4d43c,陕西,西安,,,2025-03-01,2026-03-01,2,serial_id,asc,40,2026-03-10T10:48:31+00:00
29525f23-3a74-48f1-a940-a9b55e049312,2025111800165,2,0,4,2025-11-18 10:00,2025-11-18 11:00,98489,youle,陕西省,西安市,碑林区,西安建筑科技大学(雁塔校区)池塘凉亭,29525f23-3a74-48f1-a940-a9b55e049312,陕西,西安,,,2025-03-01,2026-03-01,2,serial_id,asc,40,2026-03-10T10:48:31+00:00
8f7613fa-9b9b-4b53-a0d5-024f37a3413f,2025111800196,2,0,7,2025-11-04 16:30,2025-11-04 17:00,73973,fly,陕西省,西安市,雁塔区,西安交通大学(雁塔校区),8f7613fa-9b9b-4b53-a0d5-024f37a3413f,陕西,西安,,,2025-03-01,2026-03-01,2,serial_id,asc,40,2026-03-10T10:48:31+00:00
57cc1fa0-8b84-43bb-9c0b-12f39d7495cd,2025111800272,2,0,5,2025-11-18 11:00,2025-11-18 12:00,22366,688chxiuq,陕西省,西安市,长安区,库峪河,57cc1fa0-8b84-43bb-9c0b-12f39d7495cd,陕西,西安,,,2025-03-01,2026-03-01,2,serial_id,asc,40,2026-03-10T10:48:31+00:00
ed240e78-1834-421b-a1ab-266f25b9c6b0,2025111800650,2,0,8,2025-11-18 10:00,2025-11-18 11:00,73973,fly,陕西省,西安市,雁塔区,西安交通大学(雁塔校区),ed240e78-1834-421b-a1ab-266f25b9c6b0,陕西,西安,,,2025-03-01,2026-03-01,2,serial_id,asc,40,2026-03-10T10:48:31+00:00
a7167b30-6bbe-486b-bd1d-e6cd65b351a3,2025111801024,2,0,28,2025-11-18 07:30,2025-11-18 08:30,33447,血糕粉浆饭,陕西省,西安市,雁塔区,雁南公园,a7167b30-6bbe-486b-bd1d-e6cd65b351a3,陕西,西安,,,2025-03-01,2026-03-01,2,serial_id,asc,40,2026-03-10T10:48:31+00:00
4a1fdfd0-ccf4-4071-b05e-91516ebef5ee,2025111801119,2,0,10,2025-11-18 21:00,2025-11-18 22:00,45951,回声,陕西省,西安市,长安区,洨河湿地公园,4a1fdfd0-ccf4-4071-b05e-91516ebef5ee,陕西,西安,,,2025-03-01,2026-03-01,2,serial_id,asc,40,2026-03-10T10:48:31+00:00
3e2a290a-1615-4a97-a9d8-0d9c8af75c24,2025111900334,2,0,1,2025-11-19 12:00,2025-11-19 13:00,76892,随便起个名字的路人甲,陕西省,西安市,新城区,雁塔区等驾坡幸福林带·秦创智谷(万寿南路东50米),3e2a290a-1615-4a97-a9d8-0d9c8af75c24,陕西,西安,,,2025-03-01,2026-03-01,2,serial_id,asc,40,2026-03-10T10:48:31+00:00
724b1223-9734-4559-b9ae-fb071a99696c,2025111901116,2,0,24,2025-11-19 07:30,2025-11-19 09:00,33447,血糕粉浆饭,陕西省,西安市,长安区,长安区昆明池·七夕公园,724b1223-9734-4559-b9ae-fb071a99696c,陕西,西安,,,2025-03-01,2026-03-01,2,serial_id,asc,40,2026-03-10T10:48:31+00:00
39d024a8-e5b5-4ff8-a585-20c8776eff92,2025112000375,2,0,9,2025-11-20 12:00,2025-11-20 13:00,64240,观鸟的修路路2024,陕西省,西安市,长安区,陕西翠华山国家地质公园,39d024a8-e5b5-4ff8-a585-20c8776eff92,陕西,西安,,,2025-03-01,2026-03-01,2,serial_id,asc,40,2026-03-10T10:48:31+00:00
4e75fe5d-cd36-43bb-9473-a591f0fa4b19,2025112001100,2,0,12,2025-11-20 15:00,2025-11-20 17:00,92707,XJTUGXY,陕西省,西安市,鄠邑区,涝渭湿地公园,4e75fe5d-cd36-43bb-9473-a591f0fa4b19,陕西,西安,,,2025-03-01,2026-03-01,2,serial_id,asc,40,2026-03-10T10:48:31+00:00
2d3155b8-88a2-4b7b-8dbc-c17b4e548b44,2025112001240,2,0,20,2025-11-20 07:30,2025-11-20 08:30,33447,血糕粉浆饭,陕西省,西安市,长安区,沣河梁家滩运动公园停车点,2d3155b8-88a2-4b7b-8dbc-c17b4e548b44,陕西,西安,,,2025-03-01,2026-03-01,2,serial_id,asc,40,2026-03-10T10:48:31+00:00
22663148-309d-41ed-bd9d-bf7b48d628e6,2025112100500,2,0,27,2025-11-21 11:00,2025-11-21 12:00,86307,李封真,陕西省,西安市,鄠邑区,涝渭湿地公园,22663148-309d-41ed-bd9d-bf7b48d628e6,陕西,西安,,,2025-03-01,2026-03-01,2,serial_id,asc,40,2026-03-10T10:48:31+00:00
f2659947-95af-45e4-ac4c-baaf286ba95d,2025112100610,2,0,2,2025-11-21 14:00,2025-11-21 15:00,99437,尹凯心,陕西省,西安市,碑林区,西安建筑科技大学(雁塔校区),f2659947-95af-45e4-ac4c-baaf286ba95d,陕西,西安,,,2025-03-01,2026-03-01,2,serial_id,asc,40,2026-03-10T10:48:31+00:00
d9a446cb-0810-4c49-80df-b47d9e351e82,2025112100616,2,0,2,2025-11-21 14:00,2025-11-21 15:00,99447,井笑笑,陕西省,西安市,碑林区,西安建筑科技大学(雁塔校区),d9a446cb-0810-4c49-80df-b47d9e351e82,陕西,西安,,,2025-03-01,2026-03-01,2,serial_id,asc,40,2026-03-10T10:48:31+00:00
b4e52aac-4461-490a-a081-10ca366ac3f2,2025112100617,2,0,2,2025-11-21 14:00,2025-11-21 15:00,99443,牛欣宇,陕西省,西安市,碑林区,西安建筑科技大学(雁塔校区),b4e52aac-4461-490a-a081-10ca366ac3f2,陕西,西安,,,2025-03-01,2026-03-01,2,serial_id,asc,40,2026-03-10T10:48:31+00:00
b96f1c22-e5cc-4e0c-8a11-04a1c4cda324,2025112100618,2,0,2,2025-11-21 14:00,2025-11-21 15:00,99440,李静怡,陕西省,西安市,碑林区,西安建筑科技大学(雁塔校区）,b96f1c22-e5cc-4e0c-8a11-04a1c4cda324,陕西,西安,,,2025-03-01,2026-03-01,2,serial_id,asc,40,2026-03-10T10:48:31+00:00
d7f656ed-6ac0-4d52-8b16-74399883d356,2025112100627,2,0,2,2025-11-21 14:00,2025-11-21 15:00,99438,李若茜,陕西省,西安市,碑林区,西安建筑科技大学(雁塔校区)西阶庭院,d7f656ed-6ac0-4d52-8b16-74399883d356,陕西,西安,,,2025-03-01,2026-03-01,2,serial_id,asc,40,2026-03-10T10:48:31+00:00
c2bc4131-9481-4a31-9dfb-40a09001de32,2025112100628,2,0,2,2025-11-21 14:00,2025-11-21 15:00,99436,樊思晗,陕西省,西安市,碑林区,西安建筑科技大学(雁塔校区)西阶庭院,c2bc4131-9481-4a31-9dfb-40a09001de32,陕西,西安,,,2025-03-01,2026-03-01,2,serial_id,asc,40,2026-03-10T10:48:31+00:00
01684ed5-a819-47c5-85bc-e1bb8270c18d,2025112100630,2,0,1,2025-11-21 14:00,2025-11-21 15:00,99422,7X,陕西省,西安市,碑林区,西安建筑科技大学(雁塔校区),01684ed5-a819-47c5-85bc-e1bb8270c18d,陕西,西安,,,2025-03-01,2026-03-01,2,serial_id,asc,40,2026-03-10T10:48:31+00:00
d452e367-8fa2-48fe-a12a-f85d8172bc81,2025112100631,2,0,2,2025-11-21 14:00,2025-11-21 15:00,99441,付佳琪,陕西省,西安市,碑林区,西安建筑科技大学(雁塔校区)西阶庭院,d452e367-8fa2-48fe-a12a-f85d8172bc81,陕西,西安,,,2025-03-01,2026-03-01,2,serial_id,asc,40,2026-03-10T10:48:31+00:00
528c13d0-8730-4049-8a3d-040e6eac08c9,2025112100633,2,0,1,2025-11-21 14:00,2025-11-21 15:00,99444,王明丽,陕西省,西安市,碑林区,西安建筑科技大学(雁塔校区）主楼后花园,528c13d0-8730-4049-8a3d-040e6eac08c9,陕西,西安,,,2025-03-01,2026-03-01,2,serial_id,asc,40,2026-03-10T10:48:31+00:00
6eb43cc0-0029-416e-81ce-738c4983a5f5,2025112100635,2,0,4,2025-11-21 14:00,2025-11-21 15:00,99442,周艳涵,陕西省,西安市,碑林区,西安建筑科技大学西阶,6eb43cc0-0029-416e-81ce-738c4983a5f5,陕西,西安,,,2025-03-01,2026-03-01,2,serial_id,asc,40,2026-03-10T10:48:31+00:00
0064d88e-a154-4e59-8af2-58eb22abf351,2025112100636,2,0,4,2025-11-21 14:00,2025-11-21 15:00,99435,罗泓迪,陕西省,西安市,碑林区,西建大西阶,0064d88e-a154-4e59-8af2-58eb22abf351,陕西,西安,,,2025-03-01,2026-03-01,2,serial_id,asc,40,2026-03-10T10:48:31+00:00
b532d5ee-59fa-451b-92c9-6bb42ff9207d,2025112100637,2,0,4,2025-11-21 14:00,2025-11-21 15:00,99426,张书玮,陕西省,西安市,碑林区,西安建筑科技大学(雁塔校区)西阶,b532d5ee-59fa-451b-92c9-6bb42ff9207d,陕西,西安,,,2025-03-01,2026-03-01,2,serial_id,asc,40,2026-03-10T10:48:31+00:00
29cbea85-759d-46f8-965d-167622e19b4a,2025112100638,2,0,4,2025-11-21 14:00,2025-11-21 15:00,99448,吴佳芮,陕西省,西安市,碑林区,西安建筑科技大学(雁塔校区)西阶,29cbea85-759d-46f8-965d-167622e19b4a,陕西,西安,,,2025-03-01,2026-03-01,2,serial_id,asc,40,2026-03-10T10:48:31+00:00
189f457a-dea6-489f-bd59-05a2c15c245a,2025112100639,2,0,4,2025-11-21 14:00,2025-11-21 15:00,99432,张家怡,陕西省,西安市,碑林区,西安建筑科技大学(雁塔校区)西阶,189f457a-dea6-489f-bd59-05a2c15c245a,陕西,西安,,,2025-03-01,2026-03-01,2,serial_id,asc,40,2026-03-10T10:48:31+00:00
4491bcbb-d6d2-40c1-8624-9da0ed1732e8,2025112100641,2,0,4,2025-11-21 14:00,2025-11-21 15:00,99428,张皓然,陕西省,西安市,碑林区,西安建筑科技大学(雁塔校区)西阶,4491bcbb-d6d2-40c1-8624-9da0ed1732e8,陕西,西安,,,2025-03-01,2026-03-01,2,serial_id,asc,40,2026-03-10T10:48:31+00:00
aa593972-e6f9-4c3b-a629-b6b2d8b49920,2025112100642,2,0,4,2025-11-21 14:00,2025-11-21 15:00,99431,周贺权,陕西省,西安市,碑林区,西安建筑科技大学(雁塔校区)西阶,aa593972-e6f9-4c3b-a629-b6b2d8b49920,陕西,西安,,,2025-03-01,2026-03-01,2,serial_id,asc,40,2026-03-10T10:48:31+00:00
0a768100-32eb-4341-89a8-1df8e289aa42,2025112100643,2,0,4,2025-11-21 14:00,2025-11-21 15:00,99425,顾嘉杰,陕西省,西安市,碑林区,西安建筑科技大学(雁塔校区)西阶,0a768100-32eb-4341-89a8-1df8e289aa42,陕西,西安,,,2025-03-01,2026-03-01,2,serial_id,asc,40,2026-03-10T10:48:31+00:00
c6670b85-1ac1-4c60-bc77-a5364a343448,2025112100644,2,0,4,2025-11-21 14:00,2025-11-21 15:00,99430,钟晶晶,陕西省,西安市,碑林区,西安建筑科技大学(雁塔校区)西阶教室,c6670b85-1ac1-4c60-bc77-a5364a343448,陕西,西安,,,2025-03-01,2026-03-01,2,serial_id,asc,40,2026-03-10T10:48:31+00:00
a68d5abe-78f1-4f3d-b7d9-58e492f34576,2025112100646,2,0,3,2025-11-21 14:00,2025-11-21 15:00,99424,付诗娜,陕西省,西安市,碑林区,西阶西花园,a68d5abe-78f1-4f3d-b7d9-58e492f34576,陕西,西安,,,2025-03-01,2026-03-01,2,serial_id,asc,40,2026-03-10T10:48:31+00:00
109b2dd4-57f2-4530-a053-2dd0611bae08,2025112100647,2,0,3,2025-11-21 14:00,2025-11-21 15:00,99429,惠嘉泽,陕西省,西安市,碑林区,西安建筑科技大学(雁塔校区)西阶西花园,109b2dd4-57f2-4530-a053-2dd0611bae08,陕西,西安,,,2025-03-01,2026-03-01,2,serial_id,asc,40,2026-03-10T10:48:31+00:00
2ac0d858-a09e-466a-8ed0-8d5211bf7bc4,2025112100648,2,0,4,2025-11-21 14:00,2025-11-21 15:00,99409,lxw,陕西省,西安市,碑林区,西安建筑科技大学(雁塔校区)西阶西花园,2ac0d858-a09e-466a-8ed0-8d5211bf7bc4,陕西,西安,,,2025-03-01,2026-03-01,2,serial_id,asc,40,2026-03-10T10:48:31+00:00
a5a9154c-0ab3-4e15-bf69-ad512da9b44e,2025112100649,2,0,4,2025-11-21 14:00,2025-11-21 15:00,99434,孟庆一,陕西省,西安市,碑林区,西安建筑科技大学西阶,a5a9154c-0ab3-4e15-bf69-ad512da9b44e,陕西,西安,,,2025-03-01,2026-03-01,2,serial_id,asc,40,2026-03-10T10:48:31+00:00
e33d48fc-827f-4878-87fd-1d31ddd262e3,2025112100650,2,0,2,2025-11-21 14:00,2025-11-21 15:00,99455,瓜栗,陕西省,西安市,碑林区,西安建筑科技大学(雁塔校区）主楼后花园,e33d48fc-827f-4878-87fd-1d31ddd262e3,陕西,西安,,,2025-03-01,2026-03-01,2,serial_id,asc,40,2026-03-10T10:48:31+00:00
d8e65e39-0436-44a7-8911-71fec91bd7b8,2025112100651,2,0,4,2025-11-21 14:00,2025-11-21 15:00,99433,邓怡宁,陕西省,西安市,碑林区,西安建筑科技大学(雁塔校区)西阶西花园,d8e65e39-0436-44a7-8911-71fec91bd7b8,陕西,西安,,,2025-03-01,2026-03-01,2,serial_id,asc,40,2026-03-10T10:48:31+00:00
1ded4b49-afe9-4f6d-be10-c3c2bffd2bde,2025112100653,2,0,3,2025-11-21 14:00,2025-11-21 15:00,99449,Cckzr,陕西省,西安市,碑林区,西安建筑科技大学西阶西花园,1ded4b49-afe9-4f6d-be10-c3c2bffd2bde,陕西,西安,,,2025-03-01,2026-03-01,2,serial_id,asc,40,2026-03-10T10:48:31+00:00
8473fb44-a76d-4f6e-9f42-8950b6e44b36,2025112100654,2,0,3,2025-11-21 14:00,2025-11-21 15:00,99423,田亦佳,陕西省,西安市,碑林区,西安建筑科技大学(雁塔校区)（西阶西花园）,8473fb44-a76d-4f6e-9f42-8950b6e44b36,陕西,西安,,,2025-03-01,2026-03-01,2,serial_id,asc,40,2026-03-10T10:48:31+00:00
5fbabbe1-95d7-4edc-bdaf-03cf55a459e8,2025112100655,2,0,4,2025-11-21 14:00,2025-11-21 15:00,99427,马天悦,陕西省,西安市,碑林区,西安建筑科技大学(雁塔校区)西阶西花园,5fbabbe1-95d7-4edc-bdaf-03cf55a459e8,陕西,西安,,,2025-03-01,2026-03-01,2,serial_id,asc,40,2026-03-10T10:48:31+00:00
9137f690-99c1-4095-b4a1-142210e57196,2025112100656,2,0,3,2025-11-21 14:00,2025-11-21 15:00,99446,童博,陕西省,西安市,碑林区,西安建筑科技大学(雁塔校区)西阶西花园,9137f690-99c1-4095-b4a1-142210e57196,陕西,西安,,,2025-03-01,2026-03-01,2,serial_id,asc,40,2026-03-10T10:48:31+00:00
c60e72d5-d06d-4600-a757-fd1f6c54ba92,2025112100657,2,0,2,2025-11-21 14:00,2025-11-21 15:00,99444,王明丽,陕西省,西安市,碑林区,西安建筑科技大学(雁塔校区)西阶,c60e72d5-d06d-4600-a757-fd1f6c54ba92,陕西,西安,,,2025-03-01,2026-03-01,2,serial_id,asc,40,2026-03-10T10:48:31+00:00
ded50431-18f7-4fe8-ae90-46a9b67b5623,2025112100658,2,0,1,2025-11-21 14:00,2025-11-21 15:00,99456,Niii,陕西省,西安市,碑林区,西安建筑科技大学主楼后花园,ded50431-18f7-4fe8-ae90-46a9b67b5623,陕西,西安,,,2025-03-01,2026-03-01,2,serial_id,asc,40,2026-03-10T10:48:31+00:00
28f0f35c-dcdf-4230-aa4f-8dfa87744d74,2025112100660,2,0,2,2025-11-21 14:00,2025-11-21 15:00,99453,随说,陕西省,西安市,碑林区,西安建筑科技大学(雁塔校区)教学主楼,28f0f35c-dcdf-4230-aa4f-8dfa87744d74,陕西,西安,,,2025-03-01,2026-03-01,2,serial_id,asc,40,2026-03-10T10:48:31+00:00
728c15d6-d64b-424c-8570-78c14fe93f67,2025112100661,2,0,1,2025-11-21 14:00,2025-11-21 15:00,99422,7X,陕西省,西安市,碑林区,西安建筑科技大学(雁塔校区),728c15d6-d64b-424c-8570-78c14fe93f67,陕西,西安,,,2025-03-01,2026-03-01,2,serial_id,asc,40,2026-03-10T10:48:31+00:00
e09f0ac2-d3b3-4a39-a015-4721a5e3643d,2025112100663,2,0,2,2025-11-21 14:00,2025-11-21 15:00,99455,瓜栗,陕西省,西安市,碑林区,西安建筑科技大学(雁塔校区)西阶,e09f0ac2-d3b3-4a39-a015-4721a5e3643d,陕西,西安,,,2025-03-01,2026-03-01,2,serial_id,asc,40,2026-03-10T10:48:31+00:00
2e48f213-9b3e-4517-ad09-7253812bf1fb,2025112100665,2,0,4,2025-11-21 14:00,2025-11-21 15:00,99456,Niii,陕西省,西安市,碑林区,西安建筑科技大学西阶庭院,2e48f213-9b3e-4517-ad09-7253812bf1fb,陕西,西安,,,2025-03-01,2026-03-01,2,serial_id,asc,40,2026-03-10T10:48:31+00:00
392330b2-a197-445b-a25c-6c1f6428e863,2025112100666,2,0,4,2025-11-21 14:00,2025-11-21 15:00,99439,陈柳夷,陕西省,西安市,碑林区,西安建筑科技大学(雁塔校区)教学主楼绿地,392330b2-a197-445b-a25c-6c1f6428e863,陕西,西安,,,2025-03-01,2026-03-01,2,serial_id,asc,40,2026-03-10T10:48:31+00:00
781f828c-2714-4b4c-be98-53f217c51a46,2025112100667,2,0,4,2025-11-21 14:00,2025-11-21 15:00,99447,井笑笑,陕西省,西安市,碑林区,西安建筑科技大学(雁塔校区)主楼绿地,781f828c-2714-4b4c-be98-53f217c51a46,陕西,西安,,,2025-03-01,2026-03-01,2,serial_id,asc,41,2026-03-10T10:48:34+00:00
25456917-7df2-4dab-abbd-84c7bc4724bc,2025112100668,2,0,4,2025-11-21 14:00,2025-11-21 15:00,99437,尹凯心,陕西省,西安市,碑林区,西安建筑科技大学(雁塔校区)主楼绿地,25456917-7df2-4dab-abbd-84c7bc4724bc,陕西,西安,,,2025-03-01,2026-03-01,2,serial_id,asc,41,2026-03-10T10:48:34+00:00
f6035759-785e-424f-9c4e-978d6383e5d1,2025112100669,2,0,2,2025-11-21 14:00,2025-11-21 15:00,99439,陈柳夷,陕西省,西安市,碑林区,西安建築科技大學(雁塔校區),f6035759-785e-424f-9c4e-978d6383e5d1,陕西,西安,,,2025-03-01,2026-03-01,2,serial_id,asc,41,2026-03-10T10:48:34+00:00
1aed7e53-af97-4c1d-b606-044bd535b07f,2025112100672,2,0,4,2025-11-21 14:00,2025-11-21 15:00,99443,牛欣宇,陕西省,西安市,碑林区,西安建筑科技大学(雁塔校区)主楼绿地,1aed7e53-af97-4c1d-b606-044bd535b07f,陕西,西安,,,2025-03-01,2026-03-01,2,serial_id,asc,41,2026-03-10T10:48:34+00:00
15d8358b-1f65-4e2d-86f7-9aadc0350632,2025112100673,2,0,3,2025-11-21 14:00,2025-11-21 15:00,99436,樊思晗,陕西省,西安市,碑林区,西安建筑科技大学(雁塔校区)主楼后绿地,15d8358b-1f65-4e2d-86f7-9aadc0350632,陕西,西安,,,2025-03-01,2026-03-01,2,serial_id,asc,41,2026-03-10T10:48:34+00:00
f7a78e32-0f6b-4405-bc18-5dac36cb02a1,2025112100674,2,0,5,2025-11-21 14:00,2025-11-21 15:00,99438,李若茜,陕西省,西安市,碑林区,西安建筑科技大学(雁塔校区)主楼后绿地,f7a78e32-0f6b-4405-bc18-5dac36cb02a1,陕西,西安,,,2025-03-01,2026-03-01,2,serial_id,asc,41,2026-03-10T10:48:34+00:00
1f89a240-2a5b-45ce-8001-b4bde6e5a7f3,2025112100676,2,0,4,2025-11-21 14:00,2025-11-21 15:00,99440,李静怡,陕西省,西安市,碑林区,西安建筑科技大学(雁塔校区)主楼绿地,1f89a240-2a5b-45ce-8001-b4bde6e5a7f3,陕西,西安,,,2025-03-01,2026-03-01,2,serial_id,asc,41,2026-03-10T10:48:34+00:00
c62d5068-01f5-46ce-be12-9d9389fc069a,2025112100677,2,0,1,2025-11-21 14:00,2025-11-21 15:00,99409,lxw,陕西省,西安市,碑林区,西安建筑科技大学(雁塔校区)建设路西林带,c62d5068-01f5-46ce-be12-9d9389fc069a,陕西,西安,,,2025-03-01,2026-03-01,2,serial_id,asc,41,2026-03-10T10:48:34+00:00
7b4902e9-9971-477b-857d-b69a843c9629,2025112100678,2,0,1,2025-11-21 14:00,2025-11-21 15:00,99429,惠嘉泽,陕西省,西安市,碑林区,西安建筑科技大学(雁塔校区)建设路西林带,7b4902e9-9971-477b-857d-b69a843c9629,陕西,西安,,,2025-03-01,2026-03-01,2,serial_id,asc,41,2026-03-10T10:48:34+00:00
5e43fc17-93ed-4e54-b3b1-a7914b981426,2025112100679,2,0,1,2025-11-21 14:00,2025-11-21 15:00,99423,田亦佳,陕西省,西安市,碑林区,西安建筑科技大学(雁塔校区)（建设路西林带）,5e43fc17-93ed-4e54-b3b1-a7914b981426,陕西,西安,,,2025-03-01,2026-03-01,2,serial_id,asc,41,2026-03-10T10:48:34+00:00
f93c2bf6-162c-4a27-a472-a5205c8d6872,2025112100682,2,0,5,2025-11-21 14:00,2025-11-21 15:00,99441,付佳琪,陕西省,西安市,碑林区,西安建筑科技大学(雁塔校区)主楼后绿地,f93c2bf6-162c-4a27-a472-a5205c8d6872,陕西,西安,,,2025-03-01,2026-03-01,2,serial_id,asc,41,2026-03-10T10:48:34+00:00
875a0340-578a-4118-8baf-057038369637,2025112100683,2,0,1,2025-11-21 14:00,2025-11-21 15:00,99433,邓怡宁,陕西省,西安市,碑林区,西安建筑科技大学(雁塔校区)建设路西林带,875a0340-578a-4118-8baf-057038369637,陕西,西安,,,2025-03-01,2026-03-01,2,serial_id,asc,41,2026-03-10T10:48:34+00:00
aa26ed7e-5a04-4156-973c-fa245ab992e9,2025112100695,2,0,2,2025-11-21 14:00,2025-11-21 15:00,99436,樊思晗,陕西省,西安市,碑林区,西安建筑科技大学(雁塔校区)主楼后绿地,aa26ed7e-5a04-4156-973c-fa245ab992e9,陕西,西安,,,2025-03-01,2026-03-01,2,serial_id,asc,41,2026-03-10T10:48:34+00:00
374680ec-0f2b-4bf6-8d2d-8bb21acda959,2025112100700,2,0,1,2025-11-21 14:00,2025-11-21 15:00,99444,王明丽,陕西省,西安市,碑林区,西安建筑科技大学(雁塔校区)若祁湖,374680ec-0f2b-4bf6-8d2d-8bb21acda959,陕西,西安,,,2025-03-01,2026-03-01,2,serial_id,asc,41,2026-03-10T10:48:34+00:00
38043696-4dba-49f0-804f-001c345076fc,2025112100708,2,0,4,2025-11-21 14:00,2025-11-21 15:00,99455,瓜栗,陕西省,西安市,碑林区,西安建筑科技大学(雁塔校区)若祈湖,38043696-4dba-49f0-804f-001c345076fc,陕西,西安,,,2025-03-01,2026-03-01,2,serial_id,asc,41,2026-03-10T10:48:34+00:00
d1ce4f73-a938-4318-b5fa-49b8cc6bc3ff,2025112100712,2,0,5,2025-11-21 14:00,2025-11-21 15:00,99439,陈柳夷,陕西省,西安市,碑林区,西安建筑科技大学池塘凉亭,d1ce4f73-a938-4318-b5fa-49b8cc6bc3ff,陕西,西安,,,2025-03-01,2026-03-01,2,serial_id,asc,41,2026-03-10T10:48:34+00:00
870ce21c-5ea9-4aa0-9f5a-5ac92dab4074,2025112100713,2,0,5,2025-11-21 14:00,2025-11-21 15:00,99432,张家怡,陕西省,西安市,碑林区,西安建筑科技大学(雁塔校区)若祁湖,870ce21c-5ea9-4aa0-9f5a-5ac92dab4074,陕西,西安,,,2025-03-01,2026-03-01,2,serial_id,asc,41,2026-03-10T10:48:34+00:00
f9184a03-47c9-46ab-9a19-5a281528f44e,2025112100714,2,0,5,2025-11-21 14:00,2025-11-21 15:00,99448,吴佳芮,陕西省,西安市,碑林区,西安建筑科技大学池塘凉亭,f9184a03-47c9-46ab-9a19-5a281528f44e,陕西,西安,,,2025-03-01,2026-03-01,2,serial_id,asc,41,2026-03-10T10:48:34+00:00
2c245101-0229-4b0c-8774-0079894df45b,2025112100715,2,0,5,2025-11-21 14:00,2025-11-21 15:00,99430,钟晶晶,陕西省,西安市,碑林区,西安建筑科技大学(雁塔校区)池塘凉亭,2c245101-0229-4b0c-8774-0079894df45b,陕西,西安,,,2025-03-01,2026-03-01,2,serial_id,asc,41,2026-03-10T10:48:34+00:00
141fa368-2bbf-4cd3-94cd-af276e62a720,2025112100725,2,0,5,2025-11-21 14:00,2025-11-21 15:00,99437,尹凯心,陕西省,西安市,碑林区,西安建筑科技大学(雁塔校区)凉亭,141fa368-2bbf-4cd3-94cd-af276e62a720,陕西,西安,,,2025-03-01,2026-03-01,2,serial_id,asc,41,2026-03-10T10:48:34+00:00
fad20d5c-5ae9-4637-9459-fc1b9a643108,2025112100726,2,0,5,2025-11-21 14:00,2025-11-21 15:00,99443,牛欣宇,陕西省,西安市,碑林区,西安建筑科技大学池塘凉亭,fad20d5c-5ae9-4637-9459-fc1b9a643108,陕西,西安,,,2025-03-01,2026-03-01,2,serial_id,asc,41,2026-03-10T10:48:34+00:00
1d964955-b98d-40b3-858d-970000b09a8c,2025112100729,2,0,5,2025-11-21 14:00,2025-11-21 15:00,99441,付佳琪,陕西省,西安市,碑林区,西安建筑科技大学(雁塔校区)若祁湖,1d964955-b98d-40b3-858d-970000b09a8c,陕西,西安,,,2025-03-01,2026-03-01,2,serial_id,asc,41,2026-03-10T10:48:34+00:00
dc636c5d-03b8-41d9-943d-af95189cbf13,2025112100730,2,0,5,2025-11-21 14:00,2025-11-21 15:00,99440,李静怡,陕西省,西安市,碑林区,西安建筑科技大学(雁塔校区)池塘凉亭,dc636c5d-03b8-41d9-943d-af95189cbf13,陕西,西安,,,2025-03-01,2026-03-01,2,serial_id,asc,41,2026-03-10T10:48:34+00:00
2d9a2eab-305f-4037-9b26-1d3ea4b5c8d6,2025112100731,2,0,5,2025-11-21 14:00,2025-11-21 15:00,99438,李若茜,陕西省,西安市,碑林区,西安建筑科技大学(雁塔校区)若祁湖,2d9a2eab-305f-4037-9b26-1d3ea4b5c8d6,陕西,西安,,,2025-03-01,2026-03-01,2,serial_id,asc,41,2026-03-10T10:48:34+00:00
72957713-74cd-4c62-a30a-069af4dde802,2025112100732,2,0,5,2025-11-21 14:00,2025-11-21 15:00,99447,井笑笑,陕西省,西安市,碑林区,西安建筑科技大学(雁塔校区)若溪湖,72957713-74cd-4c62-a30a-069af4dde802,陕西,西安,,,2025-03-01,2026-03-01,2,serial_id,asc,41,2026-03-10T10:48:34+00:00
3386489f-e87e-4eb9-888c-86f5432d188d,2025112100734,2,0,5,2025-11-21 14:00,2025-11-21 15:00,99425,顾嘉杰,陕西省,西安市,碑林区,西安建筑科技大学(雁塔校区)若祁湖,3386489f-e87e-4eb9-888c-86f5432d188d,陕西,西安,,,2025-03-01,2026-03-01,2,serial_id,asc,41,2026-03-10T10:48:34+00:00
0d5060e8-e6c2-4a66-9b79-28d6652f8449,2025112100736,2,0,5,2025-11-21 14:00,2025-11-21 15:00,99435,罗泓迪,陕西省,西安市,碑林区,若祁湖,0d5060e8-e6c2-4a66-9b79-28d6652f8449,陕西,西安,,,2025-03-01,2026-03-01,2,serial_id,asc,41,2026-03-10T10:48:34+00:00
e8e62e31-f5bf-4222-b910-bb32c78e346e,2025112100737,2,0,3,2025-11-21 14:00,2025-11-21 15:00,99436,樊思晗,陕西省,西安市,碑林区,西安建筑科技大学(雁塔校区)若祁湖,e8e62e31-f5bf-4222-b910-bb32c78e346e,陕西,西安,,,2025-03-01,2026-03-01,2,serial_id,asc,41,2026-03-10T10:48:34+00:00
bc56bb16-0b74-49f3-8c22-168b6790488f,2025112100738,2,0,5,2025-11-21 14:00,2025-11-21 15:00,99442,周艳涵,陕西省,西安市,碑林区,西安建筑科技大学若祁湖,bc56bb16-0b74-49f3-8c22-168b6790488f,陕西,西安,,,2025-03-01,2026-03-01,2,serial_id,asc,41,2026-03-10T10:48:34+00:00
edcfb473-61cf-413a-8ed1-3323ff556c38,2025112100739,2,0,5,2025-11-21 14:00,2025-11-21 15:00,99426,张书玮,陕西省,西安市,碑林区,西安建筑科技大学若祁湖,edcfb473-61cf-413a-8ed1-3323ff556c38,陕西,西安,,,2025-03-01,2026-03-01,2,serial_id,asc,41,2026-03-10T10:48:34+00:00
c50c1673-f6a9-4785-bd7c-f10d7027c081,2025112100740,2,0,5,2025-11-21 14:00,2025-11-21 15:00,99428,张皓然,陕西省,西安市,碑林区,西安建筑科技大学(雁塔校区)若祁湖,c50c1673-f6a9-4785-bd7c-f10d7027c081,陕西,西安,,,2025-03-01,2026-03-01,2,serial_id,asc,41,2026-03-10T10:48:34+00:00
b493398b-d4ef-4607-a721-a2ef957cad29,2025112100741,2,0,5,2025-11-21 14:00,2025-11-21 15:00,99431,周贺权,陕西省,西安市,碑林区,西安建筑科技大学(雁塔校区)若祁湖,b493398b-d4ef-4607-a721-a2ef957cad29,陕西,西安,,,2025-03-01,2026-03-01,2,serial_id,asc,41,2026-03-10T10:48:34+00:00
df769bde-8774-42d7-9d9d-3c317c13ef18,2025112100742,2,0,5,2025-11-21 14:00,2025-11-21 15:00,99434,孟庆一,陕西省,西安市,碑林区,西安建筑科技大学人工湖,df769bde-8774-42d7-9d9d-3c317c13ef18,陕西,西安,,,2025-03-01,2026-03-01,2,serial_id,asc,41,2026-03-10T10:48:34+00:00
b00b61cc-c483-4646-9165-cdcbb8cb5235,2025112100748,2,0,4,2025-11-21 14:00,2025-11-21 15:00,99449,Cckzr,陕西省,西安市,碑林区,西安建筑科技大学图书馆(湖),b00b61cc-c483-4646-9165-cdcbb8cb5235,陕西,西安,,,2025-03-01,2026-03-01,2,serial_id,asc,41,2026-03-10T10:48:34+00:00
af367378-2a8a-455b-8b1a-7e140029f947,2025112100755,2,0,4,2025-11-21 14:00,2025-11-21 15:00,99409,lxw,陕西省,西安市,碑林区,西安建筑科技大学(雁塔校区)若祁湖,af367378-2a8a-455b-8b1a-7e140029f947,陕西,西安,,,2025-03-01,2026-03-01,2,serial_id,asc,41,2026-03-10T10:48:34+00:00
440c26e1-5f80-4ee0-9c0a-ac695ce58301,2025112100756,2,0,4,2025-11-21 14:00,2025-11-21 15:00,99423,田亦佳,陕西省,西安市,碑林区,西安建筑科技大学(雁塔校区)（若祁湖）,440c26e1-5f80-4ee0-9c0a-ac695ce58301,陕西,西安,,,2025-03-01,2026-03-01,2,serial_id,asc,41,2026-03-10T10:48:34+00:00
98c48476-9d0d-4bcf-9c2c-824396179d9a,2025112100757,2,0,4,2025-11-21 15:00,2025-11-21 16:00,99446,童博,陕西省,西安市,碑林区,西安建筑科技大学(雁塔校区)落祁湖,98c48476-9d0d-4bcf-9c2c-824396179d9a,陕西,西安,,,2025-03-01,2026-03-01,2,serial_id,asc,41,2026-03-10T10:48:34+00:00
48eba245-4fa6-4be6-9735-c73fc3fdf70e,2025112100759,2,0,2,2025-11-21 14:00,2025-11-21 15:00,99429,惠嘉泽,陕西省,西安市,碑林区,西安建筑科技大学(雁塔校区)图书馆花园,48eba245-4fa6-4be6-9735-c73fc3fdf70e,陕西,西安,,,2025-03-01,2026-03-01,2,serial_id,asc,41,2026-03-10T10:48:34+00:00
d15d2f0a-40ba-4b44-a4a3-153ee0e2665c,2025112100760,2,0,4,2025-11-21 14:00,2025-11-21 15:00,99433,邓怡宁,陕西省,西安市,碑林区,西安建筑科技大学(雁塔校区)落祁湖,d15d2f0a-40ba-4b44-a4a3-153ee0e2665c,陕西,西安,,,2025-03-01,2026-03-01,2,serial_id,asc,41,2026-03-10T10:48:34+00:00
8b8cc69b-57be-4006-9cc7-934c1aaeab69,2025112100762,2,0,4,2025-11-21 14:00,2025-11-21 15:00,99427,马天悦,陕西省,西安市,碑林区,西安建筑科技大学(雁塔校区)落祁湖,8b8cc69b-57be-4006-9cc7-934c1aaeab69,陕西,西安,,,2025-03-01,2026-03-01,2,serial_id,asc,41,2026-03-10T10:48:34+00:00
3502fe16-9b9d-4a2b-923d-2a9fd6814462,2025112100763,2,0,2,2025-11-21 14:00,2025-11-21 15:00,99424,付诗娜,陕西省,西安市,碑林区,西安建筑科技大学(雁塔校区)若祁湖,3502fe16-9b9d-4a2b-923d-2a9fd6814462,陕西,西安,,,2025-03-01,2026-03-01,2,serial_id,asc,41,2026-03-10T10:48:34+00:00
1f52641b-b4b1-4d2e-ace0-004b6b8fe568,2025112100765,2,0,3,2025-11-21 14:00,2025-11-21 15:00,99448,吴佳芮,陕西省,西安市,碑林区,西安建筑科技大学(雁塔校区)工科楼前柿子林,1f52641b-b4b1-4d2e-ace0-004b6b8fe568,陕西,西安,,,2025-03-01,2026-03-01,2,serial_id,asc,41,2026-03-10T10:48:34+00:00
32eac413-91ab-4b74-8771-4bca455e3455,2025112100772,2,0,4,2025-11-21 14:00,2025-11-21 15:00,99439,陈柳夷,陕西省,西安市,碑林区,西安建筑科技大学(雁塔校区)工科大楼柿子林,32eac413-91ab-4b74-8771-4bca455e3455,陕西,西安,,,2025-03-01,2026-03-01,2,serial_id,asc,41,2026-03-10T10:48:34+00:00
a3ffb87a-138b-4b3b-bb61-869c21e447c0,2025112100783,2,0,2,2025-11-21 14:00,2025-11-21 15:00,99436,樊思晗,陕西省,西安市,碑林区,西安建筑科技大学(雁塔校区)工科楼柿子林,a3ffb87a-138b-4b3b-bb61-869c21e447c0,陕西,西安,,,2025-03-01,2026-03-01,2,serial_id,asc,41,2026-03-10T10:48:34+00:00
e2de1d63-4225-4cac-b271-06cb2d09d69f,2025112100791,2,0,3,2025-11-21 14:00,2025-11-21 15:00,99435,罗泓迪,陕西省,西安市,碑林区,工科楼柿子林,e2de1d63-4225-4cac-b271-06cb2d09d69f,陕西,西安,,,2025-03-01,2026-03-01,2,serial_id,asc,41,2026-03-10T10:48:34+00:00
43e70af3-f2ed-4f27-99e8-ee1ad4f3acd7,2025112100792,2,0,3,2025-11-21 15:00,2025-11-21 16:00,99442,周艳涵,陕西省,西安市,碑林区,西安建筑科技大学(雁塔校区)柿子林,43e70af3-f2ed-4f27-99e8-ee1ad4f3acd7,陕西,西安,,,2025-03-01,2026-03-01,2,serial_id,asc,41,2026-03-10T10:48:34+00:00
b6af9c5d-1911-4ede-8ad2-d227e3bc15ea,2025112100793,2,0,3,2025-11-21 14:00,2025-11-21 15:00,99426,张书玮,陕西省,西安市,碑林区,西安建筑科技大学工科大楼前的柿子林,b6af9c5d-1911-4ede-8ad2-d227e3bc15ea,陕西,西安,,,2025-03-01,2026-03-01,2,serial_id,asc,41,2026-03-10T10:48:34+00:00
84bfec4b-45bc-441e-b8be-ac981ace49c4,2025112100794,2,0,3,2025-11-21 14:00,2025-11-21 15:00,99432,张家怡,陕西省,西安市,碑林区,西安建筑科技大学(雁塔校区)工科大楼前柿子林,84bfec4b-45bc-441e-b8be-ac981ace49c4,陕西,西安,,,2025-03-01,2026-03-01,2,serial_id,asc,41,2026-03-10T10:48:34+00:00
62589aa7-897d-425d-b88f-c4601b856ea3,2025112100795,2,0,3,2025-11-21 14:00,2025-11-21 15:00,99428,张皓然,陕西省,西安市,碑林区,西安建筑科技大学(雁塔校区)工科大楼前柿子林,62589aa7-897d-425d-b88f-c4601b856ea3,陕西,西安,,,2025-03-01,2026-03-01,2,serial_id,asc,41,2026-03-10T10:48:34+00:00
2883d6c8-dea8-49e3-91d0-8481ce40095f,2025112100796,2,0,3,2025-11-21 15:00,2025-11-21 16:00,99430,钟晶晶,陕西省,西安市,碑林区,西安建筑科技大学(雁塔校区)工科楼前的柿子林,2883d6c8-dea8-49e3-91d0-8481ce40095f,陕西,西安,,,2025-03-01,2026-03-01,2,serial_id,asc,41,2026-03-10T10:48:34+00:00
546e036d-140c-4324-b931-df5ec7312168,2025112100798,2,0,3,2025-11-21 14:00,2025-11-21 15:00,99425,顾嘉杰,陕西省,西安市,碑林区,西安建筑科技大学(雁塔校区)工科大楼柿子林,546e036d-140c-4324-b931-df5ec7312168,陕西,西安,,,2025-03-01,2026-03-01,2,serial_id,asc,42,2026-03-10T10:49:25+00:00
35e50a68-99da-4abe-bacc-b203fffc684c,2025112100801,2,0,3,2025-11-21 14:00,2025-11-21 15:00,99434,孟庆一,陕西省,西安市,碑林区,西安建筑科技大学(雁塔校区)工科大楼柿子林,35e50a68-99da-4abe-bacc-b203fffc684c,陕西,西安,,,2025-03-01,2026-03-01,2,serial_id,asc,42,2026-03-10T10:49:25+00:00
d876510a-635d-472e-a3df-46fb212e4384,2025112100802,2,0,2,2025-11-21 14:00,2025-11-21 15:00,99443,牛欣宇,陕西省,西安市,碑林区,西安建筑科技大学(雁塔校区)工科大楼柿子林,d876510a-635d-472e-a3df-46fb212e4384,陕西,西安,,,2025-03-01,2026-03-01,2,serial_id,asc,42,2026-03-10T10:49:25+00:00
501c0741-1664-458d-b065-f87d5f72b24e,2025112100804,2,0,3,2025-11-21 14:00,2025-11-21 15:00,99440,李静怡,陕西省,西安市,碑林区,西安建筑科技大学(雁塔校区)工科大楼柿子林,501c0741-1664-458d-b065-f87d5f72b24e,陕西,西安,,,2025-03-01,2026-03-01,2,serial_id,asc,42,2026-03-10T10:49:25+00:00
76603646-5d84-494b-8497-88ece663304e,2025112100807,2,0,3,2025-11-21 14:00,2025-11-21 15:00,99431,周贺权,陕西省,西安市,碑林区,西安建筑科技大学(雁塔校区工科楼前柿子林,76603646-5d84-494b-8497-88ece663304e,陕西,西安,,,2025-03-01,2026-03-01,2,serial_id,asc,42,2026-03-10T10:49:25+00:00
15a6a606-8453-4bf5-a4d8-dd4bcbf21830,2025112100814,2,0,3,2025-11-21 14:00,2025-11-21 15:00,99441,付佳琪,陕西省,西安市,碑林区,西安建筑科技大学(雁塔校区)工科楼柿子林,15a6a606-8453-4bf5-a4d8-dd4bcbf21830,陕西,西安,,,2025-03-01,2026-03-01,2,serial_id,asc,42,2026-03-10T10:49:25+00:00
1190972d-7f40-4b39-80e5-e8476b4549da,2025112100815,2,0,3,2025-11-21 14:00,2025-11-21 15:00,99438,李若茜,陕西省,西安市,碑林区,西安建筑科技大学(雁塔校区)柿子林,1190972d-7f40-4b39-80e5-e8476b4549da,陕西,西安,,,2025-03-01,2026-03-01,2,serial_id,asc,42,2026-03-10T10:49:25+00:00
77cdd8f0-2551-4e06-8f4f-9ff8162343b2,2025112100819,2,0,3,2025-11-21 14:00,2025-11-21 15:00,99447,井笑笑,陕西省,西安市,碑林区,西安建筑科技大学(雁塔校区)工科楼柿子林,77cdd8f0-2551-4e06-8f4f-9ff8162343b2,陕西,西安,,,2025-03-01,2026-03-01,2,serial_id,asc,42,2026-03-10T10:49:25+00:00
bdfb4363-792e-4f64-96f5-426796073ed2,2025112100832,2,0,1,2025-11-21 14:00,2025-11-21 15:00,99444,王明丽,陕西省,西安市,碑林区,西安建筑科技大学(雁塔校区)校史馆,bdfb4363-792e-4f64-96f5-426796073ed2,陕西,西安,,,2025-03-01,2026-03-01,2,serial_id,asc,42,2026-03-10T10:49:25+00:00
e6f6a82d-865f-423a-aed3-4461c0286319,2025112100840,2,0,2,2025-11-21 14:00,2025-11-21 15:00,99409,lxw,陕西省,西安市,碑林区,西安建筑科技大学(雁塔校区)柿子林,e6f6a82d-865f-423a-aed3-4461c0286319,陕西,西安,,,2025-03-01,2026-03-01,2,serial_id,asc,42,2026-03-10T10:49:25+00:00
3fab5fe9-3304-4cf9-9d37-4002f9ec1630,2025112100841,2,0,1,2025-11-21 14:00,2025-11-21 15:00,99449,Cckzr,陕西省,西安市,碑林区,西安建筑科技大学(雁塔校区柿子林),3fab5fe9-3304-4cf9-9d37-4002f9ec1630,陕西,西安,,,2025-03-01,2026-03-01,2,serial_id,asc,42,2026-03-10T10:49:25+00:00
b4aa1331-8a1b-48e4-b84b-995195608410,2025112100845,2,0,2,2025-11-21 14:00,2025-11-21 15:00,99427,马天悦,陕西省,西安市,碑林区,西安建筑科技大学(雁塔校区)柿子林,b4aa1331-8a1b-48e4-b84b-995195608410,陕西,西安,,,2025-03-01,2026-03-01,2,serial_id,asc,42,2026-03-10T10:49:25+00:00
141c4f27-1740-443b-ad47-1f81c02ce81d,2025112100847,2,0,2,2025-11-21 14:00,2025-11-21 15:00,99433,邓怡宁,陕西省,西安市,碑林区,西安建筑科技大学(雁塔校区)柿子林,141c4f27-1740-443b-ad47-1f81c02ce81d,陕西,西安,,,2025-03-01,2026-03-01,2,serial_id,asc,42,2026-03-10T10:49:25+00:00
c65bdea0-1f70-4652-9cf0-ab09b461799b,2025112100848,2,0,2,2025-11-21 14:00,2025-11-21 15:00,99429,惠嘉泽,陕西省,西安市,碑林区,西安建筑科技大学(雁塔校区)柿子林,c65bdea0-1f70-4652-9cf0-ab09b461799b,陕西,西安,,,2025-03-01,2026-03-01,2,serial_id,asc,42,2026-03-10T10:49:25+00:00
bc862e6b-f92b-4ef8-9ee3-e5f8bf1f2169,2025112100850,2,0,2,2025-11-21 14:00,2025-11-21 15:00,99448,吴佳芮,陕西省,西安市,碑林区,西安建筑科技大学(雁塔校区)校史馆旁花园,bc862e6b-f92b-4ef8-9ee3-e5f8bf1f2169,陕西,西安,,,2025-03-01,2026-03-01,2,serial_id,asc,42,2026-03-10T10:49:25+00:00
7bcf9fd5-b802-4082-81aa-6c85a8a3fd3a,2025112100852,2,0,2,2025-11-21 14:00,2025-11-21 15:00,99423,田亦佳,陕西省,西安市,碑林区,西安建筑科技大学(雁塔校区)（柿子林）,7bcf9fd5-b802-4082-81aa-6c85a8a3fd3a,陕西,西安,,,2025-03-01,2026-03-01,2,serial_id,asc,42,2026-03-10T10:49:25+00:00
c6f433a2-68da-4100-b494-6aac688416c8,2025112100857,2,0,2,2025-11-21 15:00,2025-11-21 16:00,99432,张家怡,陕西省,西安市,碑林区,西安建筑科技大学校史馆花园,c6f433a2-68da-4100-b494-6aac688416c8,陕西,西安,,,2025-03-01,2026-03-01,2,serial_id,asc,42,2026-03-10T10:49:25+00:00
bdcc14ba-85d0-44fc-b213-9233ff150c11,2025112100859,2,0,2,2025-11-21 15:00,2025-11-21 16:00,99442,周艳涵,陕西省,西安市,碑林区,西安建筑科技大学(雁塔校区)校史馆,bdcc14ba-85d0-44fc-b213-9233ff150c11,陕西,西安,,,2025-03-01,2026-03-01,2,serial_id,asc,42,2026-03-10T10:49:25+00:00
88f43d96-5c60-4df0-8df3-88c9e44107eb,2025112100860,2,0,2,2025-11-21 15:00,2025-11-21 16:00,99428,张皓然,陕西省,西安市,碑林区,西安建筑科技大学(雁塔校区)校史馆旁树林,88f43d96-5c60-4df0-8df3-88c9e44107eb,陕西,西安,,,2025-03-01,2026-03-01,2,serial_id,asc,42,2026-03-10T10:49:25+00:00
b4a39da7-2ca1-4acb-bd64-3318d1573705,2025112100861,2,0,2,2025-11-21 15:00,2025-11-21 16:00,99426,张书玮,陕西省,西安市,碑林区,西安建筑科技大学校史馆旁花园,b4a39da7-2ca1-4acb-bd64-3318d1573705,陕西,西安,,,2025-03-01,2026-03-01,2,serial_id,asc,42,2026-03-10T10:49:25+00:00
e6faa191-a2ec-4b5b-a57c-521c986bf6e2,2025112100862,2,0,2,2025-11-21 14:00,2025-11-21 15:00,99431,周贺权,陕西省,西安市,碑林区,西安建筑科技大学(雁塔校区)校史馆,e6faa191-a2ec-4b5b-a57c-521c986bf6e2,陕西,西安,,,2025-03-01,2026-03-01,2,serial_id,asc,42,2026-03-10T10:49:25+00:00
594b02a7-e15b-49f5-9bb9-462762d165b5,2025112100863,2,0,2,2025-11-21 15:00,2025-11-21 16:00,99430,钟晶晶,陕西省,西安市,碑林区,西安建筑科技大学雁塔校区校史馆前的花园,594b02a7-e15b-49f5-9bb9-462762d165b5,陕西,西安,,,2025-03-01,2026-03-01,2,serial_id,asc,42,2026-03-10T10:49:25+00:00
f4319506-e77e-4e68-b8f8-57806b98af3e,2025112100864,2,0,2,2025-11-21 14:00,2025-11-21 15:00,99434,孟庆一,陕西省,西安市,碑林区,西安建筑科技大学(雁塔校区)校史馆,f4319506-e77e-4e68-b8f8-57806b98af3e,陕西,西安,,,2025-03-01,2026-03-01,2,serial_id,asc,42,2026-03-10T10:49:25+00:00
8c504d35-1b3c-49e9-b3b8-ddfb0037ebba,2025112100870,2,0,2,2025-11-21 14:00,2025-11-21 15:00,99425,顾嘉杰,陕西省,西安市,碑林区,西安建筑科技大学(雁塔校区)校史馆旁,8c504d35-1b3c-49e9-b3b8-ddfb0037ebba,陕西,西安,,,2025-03-01,2026-03-01,2,serial_id,asc,42,2026-03-10T10:49:25+00:00
c72faf91-f48e-439e-bfe6-634fa44532be,2025112100877,2,0,1,2025-11-21 14:00,2025-11-21 15:00,99444,王明丽,陕西省,西安市,碑林区,西安建筑科技大学(雁塔校区)教学大楼,c72faf91-f48e-439e-bfe6-634fa44532be,陕西,西安,,,2025-03-01,2026-03-01,2,serial_id,asc,42,2026-03-10T10:49:25+00:00
a32f0d00-ac13-4ae6-980b-6d072d8428a6,2025112100882,2,0,1,2025-11-21 14:00,2025-11-21 15:00,99439,陈柳夷,陕西省,西安市,碑林区,西安建筑科技大学(雁塔校区)教学大楼前绿地,a32f0d00-ac13-4ae6-980b-6d072d8428a6,陕西,西安,,,2025-03-01,2026-03-01,2,serial_id,asc,42,2026-03-10T10:49:25+00:00
0b5cd6d2-0ef8-4f49-88c3-fadc0b9ba9b3,2025112100883,2,0,4,2025-11-21 14:00,2025-11-21 15:00,99448,吴佳芮,陕西省,西安市,碑林区,西安建筑科技大学(雁塔校区)逸夫楼花园,0b5cd6d2-0ef8-4f49-88c3-fadc0b9ba9b3,陕西,西安,,,2025-03-01,2026-03-01,2,serial_id,asc,42,2026-03-10T10:49:25+00:00
eb4f751d-d616-4285-952a-1b874b8af76f,2025112100887,2,0,2,2025-11-21 14:00,2025-11-21 15:00,99429,惠嘉泽,陕西省,西安市,碑林区,西安建筑科技大学(雁塔校区)校史馆花园,eb4f751d-d616-4285-952a-1b874b8af76f,陕西,西安,,,2025-03-01,2026-03-01,2,serial_id,asc,42,2026-03-10T10:49:25+00:00
59337148-2afa-4ade-9e9b-32fecd04f1bc,2025112100888,2,0,1,2025-11-21 15:00,2025-11-21 16:00,99456,Niii,陕西省,西安市,碑林区,西安建筑科技大学图书馆花园,59337148-2afa-4ade-9e9b-32fecd04f1bc,陕西,西安,,,2025-03-01,2026-03-01,2,serial_id,asc,42,2026-03-10T10:49:25+00:00
0f9c5e4f-7dff-4cab-85df-25d8a5a1143b,2025112100889,2,0,2,2025-11-21 14:00,2025-11-21 15:00,99409,lxw,陕西省,西安市,碑林区,西安建筑科技大学(雁塔校区)校史馆花园,0f9c5e4f-7dff-4cab-85df-25d8a5a1143b,陕西,西安,,,2025-03-01,2026-03-01,2,serial_id,asc,42,2026-03-10T10:49:25+00:00
2b1024ae-1545-4a99-abee-2b9a042d8cc6,2025112100890,2,0,1,2025-11-21 15:00,2025-11-21 16:00,99455,瓜栗,陕西省,西安市,碑林区,西安建筑科技大学(雁塔校区)图书馆后,2b1024ae-1545-4a99-abee-2b9a042d8cc6,陕西,西安,,,2025-03-01,2026-03-01,2,serial_id,asc,42,2026-03-10T10:49:25+00:00
332dac17-f042-4f31-86b6-a99ebfef1eda,2025112100891,2,0,1,2025-11-21 15:00,2025-11-21 16:00,99456,Niii,陕西省,西安市,碑林区,西安建筑科技大学(雁塔校区)柿子林,332dac17-f042-4f31-86b6-a99ebfef1eda,陕西,西安,,,2025-03-01,2026-03-01,2,serial_id,asc,42,2026-03-10T10:49:25+00:00
1c27be06-ffbb-4ce0-9ae9-feb4fa2ca08f,2025112100892,2,0,4,2025-11-21 14:00,2025-11-21 15:00,99425,顾嘉杰,陕西省,西安市,碑林区,西安建筑科技大学(雁塔校区)逸夫楼花园,1c27be06-ffbb-4ce0-9ae9-feb4fa2ca08f,陕西,西安,,,2025-03-01,2026-03-01,2,serial_id,asc,42,2026-03-10T10:49:25+00:00
6d049069-0432-4521-bffb-aee0d4c3ce7c,2025112100893,2,0,2,2025-11-21 14:00,2025-11-21 15:00,99449,Cckzr,陕西省,西安市,碑林区,西安建筑科技大学(雁塔校区校史馆花园),6d049069-0432-4521-bffb-aee0d4c3ce7c,陕西,西安,,,2025-03-01,2026-03-01,2,serial_id,asc,42,2026-03-10T10:49:25+00:00
3121c728-c514-483c-904a-3eb7e98d388b,2025112100894,2,0,1,2025-11-21 15:00,2025-11-21 16:00,99446,童博,陕西省,西安市,碑林区,西安建筑科技大学(雁塔校区)校史馆花园,3121c728-c514-483c-904a-3eb7e98d388b,陕西,西安,,,2025-03-01,2026-03-01,2,serial_id,asc,42,2026-03-10T10:49:25+00:00
1b154714-ba54-489a-b54a-d8a399402964,2025112100895,2,0,4,2025-11-21 15:00,2025-11-21 16:00,99442,周艳涵,陕西省,西安市,碑林区,西安建筑科技大学(雁塔校区)逸夫楼花园,1b154714-ba54-489a-b54a-d8a399402964,陕西,西安,,,2025-03-01,2026-03-01,2,serial_id,asc,42,2026-03-10T10:49:25+00:00
fc7ba29f-9107-449a-9162-e78a17205439,2025112100896,2,0,4,2025-11-21 14:00,2025-11-21 15:00,99435,罗泓迪,陕西省,西安市,碑林区,逸夫楼花园,fc7ba29f-9107-449a-9162-e78a17205439,陕西,西安,,,2025-03-01,2026-03-01,2,serial_id,asc,42,2026-03-10T10:49:25+00:00
7733a959-5745-44e8-800d-1ac1a6514bf0,2025112100897,2,0,4,2025-11-21 15:00,2025-11-21 16:00,99426,张书玮,陕西省,西安市,碑林区,西安建筑科技大学(雁塔校区)逸夫楼花园,7733a959-5745-44e8-800d-1ac1a6514bf0,陕西,西安,,,2025-03-01,2026-03-01,2,serial_id,asc,42,2026-03-10T10:49:25+00:00
718dd92d-509d-4105-9a7e-5ac3e9562f68,2025112100898,2,0,4,2025-11-21 15:00,2025-11-21 16:00,99428,张皓然,陕西省,西安市,碑林区,西安建筑科技大学(雁塔校区)逸夫楼花园,718dd92d-509d-4105-9a7e-5ac3e9562f68,陕西,西安,,,2025-03-01,2026-03-01,2,serial_id,asc,42,2026-03-10T10:49:25+00:00
952c0ac1-10e3-45c4-a25b-65785e120101,2025112100899,2,0,5,2025-11-21 15:00,2025-11-21 16:00,99430,钟晶晶,陕西省,西安市,碑林区,西安建筑科技大学(雁塔校区)逸夫楼花园,952c0ac1-10e3-45c4-a25b-65785e120101,陕西,西安,,,2025-03-01,2026-03-01,2,serial_id,asc,42,2026-03-10T10:49:25+00:00
6240db57-46ba-4128-98cc-9bd2aaaade5e,2025112100900,2,0,4,2025-11-21 14:00,2025-11-21 15:00,99434,孟庆一,陕西省,西安市,碑林区,西安建筑科技大学(雁塔校区)银杏广场,6240db57-46ba-4128-98cc-9bd2aaaade5e,陕西,西安,,,2025-03-01,2026-03-01,2,serial_id,asc,42,2026-03-10T10:49:25+00:00
42a5dfd4-8970-47da-895d-8f7d6a88ae75,2025112100901,2,0,5,2025-11-21 15:00,2025-11-21 16:00,99432,张家怡,陕西省,西安市,碑林区,西安建筑科技大学(雁塔校区)逸夫楼,42a5dfd4-8970-47da-895d-8f7d6a88ae75,陕西,西安,,,2025-03-01,2026-03-01,2,serial_id,asc,42,2026-03-10T10:49:25+00:00
8a1cb1cd-b1ce-4d18-817d-73c33ecefa8f,2025112100903,2,0,4,2025-11-21 14:00,2025-11-21 15:00,99431,周贺权,陕西省,西安市,碑林区,西安建筑科技大学(雁塔校区)逸夫楼花园,8a1cb1cd-b1ce-4d18-817d-73c33ecefa8f,陕西,西安,,,2025-03-01,2026-03-01,2,serial_id,asc,42,2026-03-10T10:49:25+00:00
2df6a92e-013c-49a0-833f-2a669938d216,2025112100905,2,0,3,2025-11-21 14:00,2025-11-21 15:00,99424,付诗娜,陕西省,西安市,碑林区,西安建筑科技大学(雁塔校区)柿子林,2df6a92e-013c-49a0-833f-2a669938d216,陕西,西安,,,2025-03-01,2026-03-01,2,serial_id,asc,42,2026-03-10T10:49:25+00:00
d135caf5-742a-4c7f-820a-c9add605c2e1,2025112100907,2,0,2,2025-11-21 14:00,2025-11-21 15:00,99423,田亦佳,陕西省,西安市,碑林区,西安建筑科技大学(雁塔校区)（校史花园）,d135caf5-742a-4c7f-820a-c9add605c2e1,陕西,西安,,,2025-03-01,2026-03-01,2,serial_id,asc,42,2026-03-10T10:49:25+00:00
c82007ea-465b-4935-b1b4-844bb909cd84,2025112100908,2,0,1,2025-11-21 15:00,2025-11-21 16:00,99455,瓜栗,陕西省,西安市,碑林区,西安建筑科技大学(雁塔校区)柿子林,c82007ea-465b-4935-b1b4-844bb909cd84,陕西,西安,,,2025-03-01,2026-03-01,2,serial_id,asc,42,2026-03-10T10:49:25+00:00
3e1bf90f-86f1-430f-b66d-cc6f41f9163e,2025112100909,2,0,2,2025-11-21 14:00,2025-11-21 15:00,99433,邓怡宁,陕西省,西安市,碑林区,西安建筑科技大学(雁塔校区)校史馆花园,3e1bf90f-86f1-430f-b66d-cc6f41f9163e,陕西,西安,,,2025-03-01,2026-03-01,2,serial_id,asc,42,2026-03-10T10:49:25+00:00
f7d34a1a-ad90-44ab-a0bb-753c4877be9f,2025112100911,2,0,2,2025-11-21 14:00,2025-11-21 15:00,99427,马天悦,陕西省,西安市,碑林区,西安建筑科技大学(雁塔校区)校史馆花园,f7d34a1a-ad90-44ab-a0bb-753c4877be9f,陕西,西安,,,2025-03-01,2026-03-01,2,serial_id,asc,42,2026-03-10T10:49:25+00:00
c5eedb18-7449-4908-a819-3c341deee199,2025112100912,2,0,2,2025-11-21 14:00,2025-11-21 15:00,99409,lxw,陕西省,西安市,碑林区,西安建筑科技大学(雁塔校区)逸夫楼花园,c5eedb18-7449-4908-a819-3c341deee199,陕西,西安,,,2025-03-01,2026-03-01,2,serial_id,asc,42,2026-03-10T10:49:25+00:00
03e7ab65-8271-46b0-a2b6-dc0a57bb2000,2025112100913,2,0,2,2025-11-21 14:00,2025-11-21 15:00,99429,惠嘉泽,陕西省,西安市,碑林区,西安建筑科技大学(雁塔校区)逸夫楼花园,03e7ab65-8271-46b0-a2b6-dc0a57bb2000,陕西,西安,,,2025-03-01,2026-03-01,2,serial_id,asc,42,2026-03-10T10:49:25+00:00
d8927699-a108-48b1-bf91-996dd6893558,2025112100914,2,0,2,2025-11-21 14:00,2025-11-21 15:00,99423,田亦佳,陕西省,西安市,碑林区,西安建筑科技大学(雁塔校区)（逸夫楼花园）,d8927699-a108-48b1-bf91-996dd6893558,陕西,西安,,,2025-03-01,2026-03-01,2,serial_id,asc,43,2026-03-10T10:49:27+00:00
06fd77b6-d596-4412-8486-bd7c946e4a24,2025112100915,2,0,2,2025-11-21 14:00,2025-11-21 15:00,99433,邓怡宁,陕西省,西安市,碑林区,西安建筑科技大学(雁塔校区)逸夫楼花园,06fd77b6-d596-4412-8486-bd7c946e4a24,陕西,西安,,,2025-03-01,2026-03-01,2,serial_id,asc,43,2026-03-10T10:49:27+00:00
56052985-f2bf-4e35-96bb-2cf7cbdb1a8a,2025112100916,2,0,2,2025-11-21 14:00,2025-11-21 15:00,99427,马天悦,陕西省,西安市,碑林区,西安建筑科技大学(雁塔校区)逸夫楼花园,56052985-f2bf-4e35-96bb-2cf7cbdb1a8a,陕西,西安,,,2025-03-01,2026-03-01,2,serial_id,asc,43,2026-03-10T10:49:27+00:00
3b7c9522-3331-440a-828b-cf2680a31718,2025112100917,2,0,2,2025-11-21 14:00,2025-11-21 15:00,99449,Cckzr,陕西省,西安市,碑林区,西安建筑科技大学(雁塔校区逸夫楼花园),3b7c9522-3331-440a-828b-cf2680a31718,陕西,西安,,,2025-03-01,2026-03-01,2,serial_id,asc,43,2026-03-10T10:49:27+00:00
8dc8a12c-73b6-409a-8c61-e1f939b97478,2025112100920,2,0,1,2025-11-21 14:00,2025-11-21 15:00,99447,井笑笑,陕西省,西安市,碑林区,西安建筑科技大学(雁塔校区)教学大楼,8dc8a12c-73b6-409a-8c61-e1f939b97478,陕西,西安,,,2025-03-01,2026-03-01,2,serial_id,asc,43,2026-03-10T10:49:27+00:00
778539ee-f2a6-4162-b26c-66f4ddc5f9f0,2025112100921,2,0,2,2025-11-21 15:00,2025-11-21 16:00,99446,童博,陕西省,西安市,碑林区,西安建筑科技大学(雁塔校区)逸夫楼花园,778539ee-f2a6-4162-b26c-66f4ddc5f9f0,陕西,西安,,,2025-03-01,2026-03-01,2,serial_id,asc,43,2026-03-10T10:49:27+00:00
f66b2210-b3ba-4900-b719-28a54ae9202e,2025112100922,2,0,1,2025-11-21 14:00,2025-11-21 15:00,99424,付诗娜,陕西省,西安市,碑林区,西安建筑科技大学(雁塔校区逸夫楼花园),f66b2210-b3ba-4900-b719-28a54ae9202e,陕西,西安,,,2025-03-01,2026-03-01,2,serial_id,asc,43,2026-03-10T10:49:27+00:00
62b3c481-404a-4982-8c60-bef90ff67ce5,2025112100923,2,0,1,2025-11-21 14:00,2025-11-21 15:00,99435,罗泓迪,陕西省,西安市,碑林区,西门广场,62b3c481-404a-4982-8c60-bef90ff67ce5,陕西,西安,,,2025-03-01,2026-03-01,2,serial_id,asc,43,2026-03-10T10:49:27+00:00
d0f04cd2-0dc5-4be3-b5a6-4230439b73ca,2025112100924,2,0,1,2025-11-21 15:00,2025-11-21 16:00,99430,钟晶晶,陕西省,西安市,碑林区,西安建筑科技大学(雁塔校区)西门广场林,d0f04cd2-0dc5-4be3-b5a6-4230439b73ca,陕西,西安,,,2025-03-01,2026-03-01,2,serial_id,asc,43,2026-03-10T10:49:27+00:00
f520fb22-a400-4a28-9a3c-c73ac52ec0bd,2025112100925,2,0,1,2025-11-21 14:00,2025-11-21 15:00,99431,周贺权,陕西省,西安市,碑林区,西安建筑科技大学(雁塔校区)西门广场林,f520fb22-a400-4a28-9a3c-c73ac52ec0bd,陕西,西安,,,2025-03-01,2026-03-01,2,serial_id,asc,43,2026-03-10T10:49:27+00:00
85912c13-55ae-48a4-8d6b-238a9d85f9da,2025112100926,2,0,1,2025-11-21 14:00,2025-11-21 15:00,99448,吴佳芮,陕西省,西安市,碑林区,西安建筑科技大学(雁塔校区)西门广场林,85912c13-55ae-48a4-8d6b-238a9d85f9da,陕西,西安,,,2025-03-01,2026-03-01,2,serial_id,asc,43,2026-03-10T10:49:27+00:00
f52402af-5d28-43f1-b049-bf33c5069e83,2025112100927,2,0,1,2025-11-21 15:00,2025-11-21 16:00,99428,张皓然,陕西省,西安市,碑林区,西安建筑科技大学(雁塔校区)西门广场林,f52402af-5d28-43f1-b049-bf33c5069e83,陕西,西安,,,2025-03-01,2026-03-01,2,serial_id,asc,43,2026-03-10T10:49:27+00:00
ad72256c-63fa-4dc9-aafd-e6bb0b3f99a4,2025112100928,2,0,1,2025-11-21 14:00,2025-11-21 15:00,99435,罗泓迪,陕西省,西安市,碑林区,西门广场,ad72256c-63fa-4dc9-aafd-e6bb0b3f99a4,陕西,西安,,,2025-03-01,2026-03-01,2,serial_id,asc,43,2026-03-10T10:49:27+00:00
755aa4e7-d834-431f-ab5f-046266613000,2025112100929,2,0,1,2025-11-21 15:00,2025-11-21 16:00,99426,张书玮,陕西省,西安市,碑林区,西安建筑科技大学西门广场林,755aa4e7-d834-431f-ab5f-046266613000,陕西,西安,,,2025-03-01,2026-03-01,2,serial_id,asc,43,2026-03-10T10:49:27+00:00
a59db8fb-3ee2-4ce6-a5d5-2cb9e6afceb3,2025112100930,2,0,1,2025-11-21 15:00,2025-11-21 16:00,99432,张家怡,陕西省,西安市,碑林区,西安建筑科技大学(雁塔校区)西门广场林,a59db8fb-3ee2-4ce6-a5d5-2cb9e6afceb3,陕西,西安,,,2025-03-01,2026-03-01,2,serial_id,asc,43,2026-03-10T10:49:27+00:00
8ea14092-8cfd-4de6-9da9-02ac245d6d31,2025112100931,2,0,1,2025-11-21 15:00,2025-11-21 16:00,99442,周艳涵,陕西省,西安市,碑林区,西安建筑科技大学(雁塔校区)西门广场,8ea14092-8cfd-4de6-9da9-02ac245d6d31,陕西,西安,,,2025-03-01,2026-03-01,2,serial_id,asc,43,2026-03-10T10:49:27+00:00
f1629271-ec1b-4153-95cb-201656140e3a,2025112100932,2,0,1,2025-11-21 14:00,2025-11-21 15:00,99434,孟庆一,陕西省,西安市,碑林区,西安建筑科技大学(雁塔校区)西门书阵广场,f1629271-ec1b-4153-95cb-201656140e3a,陕西,西安,,,2025-03-01,2026-03-01,2,serial_id,asc,43,2026-03-10T10:49:27+00:00
f4f62b4f-7db8-4a12-885f-582ddb47539b,2025112100934,2,0,1,2025-11-21 14:00,2025-11-21 15:00,99425,顾嘉杰,陕西省,西安市,碑林区,西安建筑科技大学(雁塔校区)西门广场林,f4f62b4f-7db8-4a12-885f-582ddb47539b,陕西,西安,,,2025-03-01,2026-03-01,2,serial_id,asc,43,2026-03-10T10:49:27+00:00
2f443c58-8d36-44ad-84b3-e4410dbc4b20,2025112100937,2,0,1,2025-11-21 14:00,2025-11-21 15:00,99443,牛欣宇,陕西省,西安市,碑林区,西安建筑科技大学(雁塔校区)大楼空地,2f443c58-8d36-44ad-84b3-e4410dbc4b20,陕西,西安,,,2025-03-01,2026-03-01,2,serial_id,asc,43,2026-03-10T10:49:27+00:00
35a07487-446c-4113-8af9-fa5ce103d6cd,2025112100938,2,0,2,2025-11-21 14:00,2025-11-21 15:00,99441,付佳琪,陕西省,西安市,碑林区,西安建筑科技大学(雁塔校区)教学大楼,35a07487-446c-4113-8af9-fa5ce103d6cd,陕西,西安,,,2025-03-01,2026-03-01,2,serial_id,asc,43,2026-03-10T10:49:27+00:00
76d83b92-72e6-4ea6-a02e-5567c43a5f2b,2025112100939,2,0,2,2025-11-21 14:00,2025-11-21 15:00,99447,井笑笑,陕西省,西安市,碑林区,西安建筑科技大学(雁塔校区)西门,76d83b92-72e6-4ea6-a02e-5567c43a5f2b,陕西,西安,,,2025-03-01,2026-03-01,2,serial_id,asc,43,2026-03-10T10:49:27+00:00
82eb50a9-56a5-4f5e-bb61-92de3b8be7c2,2025112100940,2,0,2,2025-11-21 15:00,2025-11-21 16:00,99446,童博,陕西省,西安市,碑林区,西安建筑科技大学(雁塔校区)柿子林,82eb50a9-56a5-4f5e-bb61-92de3b8be7c2,陕西,西安,,,2025-03-01,2026-03-01,2,serial_id,asc,43,2026-03-10T10:49:27+00:00
fb95ea23-e264-4532-8ccd-15fd2e5cf1a7,2025112101159,2,0,4,2025-11-21 16:00,2025-11-21 17:00,69205,伊犁鼠兔,陕西省,西安市,鄠邑区,西安石油大学(鄠邑校区),fb95ea23-e264-4532-8ccd-15fd2e5cf1a7,陕西,西安,,,2025-03-01,2026-03-01,2,serial_id,asc,43,2026-03-10T10:49:27+00:00
ed2e3c21-615f-43be-8286-f48b75fb3f18,2025112101253,2,0,14,2025-11-21 16:40,2025-11-21 17:30,92707,XJTUGXY,陕西省,西安市,鄠邑区,涝渭湿地公园,ed2e3c21-615f-43be-8286-f48b75fb3f18,陕西,西安,,,2025-03-01,2026-03-01,2,serial_id,asc,43,2026-03-10T10:49:27+00:00
1c641045-921f-499c-9be2-ff7d41e9d0c8,2025112200286,2,0,5,2025-11-22 10:00,2025-11-22 11:00,86307,李封真,陕西省,西安市,蓝田县,葛牌古镇,1c641045-921f-499c-9be2-ff7d41e9d0c8,陕西,西安,,,2025-03-01,2026-03-01,2,serial_id,asc,43,2026-03-10T10:49:27+00:00
66604388-2d4e-49c9-9b5a-06d454e1b6d9,2025112200460,2,0,19,2025-11-22 06:30,2025-11-22 09:20,53920,Ouzel,陕西省,西安市,灞桥区,灞河1号坝,66604388-2d4e-49c9-9b5a-06d454e1b6d9,陕西,西安,,,2025-03-01,2026-03-01,2,serial_id,asc,43,2026-03-10T10:49:27+00:00
3f150969-f955-4ef2-91c3-fe77951ce0a0,2025112200908,2,0,3,2025-11-22 13:00,2025-11-22 14:00,86307,李封真,陕西省,西安市,蓝田县,汪锋故居纪念馆,3f150969-f955-4ef2-91c3-fe77951ce0a0,陕西,西安,,,2025-03-01,2026-03-01,2,serial_id,asc,43,2026-03-10T10:49:27+00:00
04f2e7f1-f953-4c15-bd9c-373c988b4f4f,2025112202068,2,0,17,2025-11-22 11:19,2025-11-22 13:01,15366,yassinlong,陕西省,西安市,新城区,大明宫国家遗址公园,04f2e7f1-f953-4c15-bd9c-373c988b4f4f,陕西,西安,,,2025-03-01,2026-03-01,2,serial_id,asc,43,2026-03-10T10:49:27+00:00
84a55fd7-30ae-49e7-84a2-3fb7657a9424,2025112202686,2,0,37,2025-11-22 08:00,2025-11-22 12:16,87715,juzi橘子0448,陕西省,西安市,周至县,杨凌渭河湿地生态公园,84a55fd7-30ae-49e7-84a2-3fb7657a9424,陕西,西安,,,2025-03-01,2026-03-01,2,serial_id,asc,43,2026-03-10T10:49:27+00:00
23dc16b0-88b0-4a11-a4d7-e16120af0a25,2025112300529,2,0,6,2025-11-18 14:00,2025-11-18 15:00,86307,李封真,陕西省,西安市,长安区,西安交通大学科技创新港科创基地,23dc16b0-88b0-4a11-a4d7-e16120af0a25,陕西,西安,,,2025-03-01,2026-03-01,2,serial_id,asc,43,2026-03-10T10:49:27+00:00
aef18d30-4e5e-4043-a6c3-497d8975486c,2025112301286,2,0,24,2025-11-23 08:00,2025-11-23 11:30,66388,洋甘菊,陕西省,西安市,长安区,高冠河,aef18d30-4e5e-4043-a6c3-497d8975486c,陕西,西安,,,2025-03-01,2026-03-01,2,serial_id,asc,43,2026-03-10T10:49:27+00:00
0dadd438-d220-4a82-be70-5be321c19d11,2025112301621,2,0,25,2025-11-23 16:00,2025-11-23 17:00,86307,李封真,陕西省,西安市,鄠邑区,涝渭湿地公园,0dadd438-d220-4a82-be70-5be321c19d11,陕西,西安,,,2025-03-01,2026-03-01,2,serial_id,asc,43,2026-03-10T10:49:27+00:00
275cdea2-9ce4-48e3-8c6d-3ef97b408744,2025112301721,2,0,20,2025-11-23 08:00,2025-11-23 09:00,69716,Licrange,陕西省,西安市,长安区,昆明池·七夕公园,275cdea2-9ce4-48e3-8c6d-3ef97b408744,陕西,西安,,,2025-03-01,2026-03-01,2,serial_id,asc,43,2026-03-10T10:49:27+00:00
bd78720b-5b69-4903-ad63-2569119bac67,2025112301955,2,0,20,2025-11-23 10:00,2025-11-23 18:00,76518,薛遇安,陕西省,西安市,雁塔区,曲江池遗址公园,bd78720b-5b69-4903-ad63-2569119bac67,陕西,西安,,,2025-03-01,2026-03-01,2,serial_id,asc,43,2026-03-10T10:49:27+00:00
92afddb9-c270-4d90-8499-5402c1a5a03e,2025112301958,2,0,20,2025-11-23 10:54,2025-11-23 18:00,73554,白鹡鸰早起去观鸟,陕西省,西安市,雁塔区,曲江池遗址公园,92afddb9-c270-4d90-8499-5402c1a5a03e,陕西,西安,,,2025-03-01,2026-03-01,2,serial_id,asc,43,2026-03-10T10:49:27+00:00
25cf54c0-b8c0-431f-937d-3385bb077751,2025112302249,2,0,20,2025-11-23 14:30,2025-11-23 17:20,64371,李大顺,陕西省,西安市,长安区,昆明池·七夕公园,25cf54c0-b8c0-431f-937d-3385bb077751,陕西,西安,,,2025-03-01,2026-03-01,2,serial_id,asc,43,2026-03-10T10:49:27+00:00
8e053a29-7a65-45cb-8260-eae7a9aed4de,2025112302641,2,0,15,2025-11-23 13:20,2025-11-23 16:20,5841,绿队可乐,陕西省,西安市,灞桥区,永宁坝,8e053a29-7a65-45cb-8260-eae7a9aed4de,陕西,西安,,,2025-03-01,2026-03-01,2,serial_id,asc,43,2026-03-10T10:49:27+00:00
2c6d8c73-c030-4b41-94ec-61b2e6ffa512,2025112302660,2,0,63,2025-11-23 09:00,2025-11-23 11:00,59244,选择困难症,陕西省,西安市,周至县,杨凌渭河湿地生态公园,2c6d8c73-c030-4b41-94ec-61b2e6ffa512,陕西,西安,,,2025-03-01,2026-03-01,2,serial_id,asc,43,2026-03-10T10:49:27+00:00
87f5b6f8-d028-4d01-8118-49dd4e279de8,2025112302956,2,0,24,2025-11-23 11:00,2025-11-23 15:30,73758,朝霧凌,陕西省,西安市,鄠邑区,涝渭湿地公园,87f5b6f8-d028-4d01-8118-49dd4e279de8,陕西,西安,,,2025-03-01,2026-03-01,2,serial_id,asc,43,2026-03-10T10:49:27+00:00
69e0f205-3a7a-4a37-9808-bb85532c8d01,2025112400295,2,0,6,2025-11-16 13:00,2025-11-16 16:21,73758,朝霧凌,陕西省,西安市,雁塔区,西安植物园,69e0f205-3a7a-4a37-9808-bb85532c8d01,陕西,西安,,,2025-03-01,2026-03-01,2,serial_id,asc,43,2026-03-10T10:49:27+00:00
1fbba84a-6afd-452e-8fe3-272290b199e2,2025112400417,2,0,1,2025-11-24 10:00,2025-11-24 11:00,91741,珠颈斑鸠单推人,陕西省,西安市,长安区,长安区昆明池·七夕公园,1fbba84a-6afd-452e-8fe3-272290b199e2,陕西,西安,,,2025-03-01,2026-03-01,2,serial_id,asc,43,2026-03-10T10:49:27+00:00
6b6aa390-57ac-4830-8ad0-e26a2f9a9b4b,2025112400431,2,0,18,2025-11-23 14:00,2025-11-23 17:00,99778,xietemmie,陕西省,西安市,长安区,昆明池·七夕公园,6b6aa390-57ac-4830-8ad0-e26a2f9a9b4b,陕西,西安,,,2025-03-01,2026-03-01,2,serial_id,asc,43,2026-03-10T10:49:27+00:00
3210c1c7-8edf-4613-b568-a32077d738fb,2025112400442,2,0,12,2025-11-22 09:00,2025-11-22 12:00,99778,xietemmie,陕西省,西安市,长安区,陕西师范大学(长安校区),3210c1c7-8edf-4613-b568-a32077d738fb,陕西,西安,,,2025-03-01,2026-03-01,2,serial_id,asc,43,2026-03-10T10:49:27+00:00
6ebeacaf-6e2d-4b2c-86dd-16fab6de7679,2025112400445,2,0,8,2025-11-19 15:00,2025-11-19 17:00,99778,xietemmie,陕西省,西安市,雁塔区,曲江池遗址公园,6ebeacaf-6e2d-4b2c-86dd-16fab6de7679,陕西,西安,,,2025-03-01,2026-03-01,2,serial_id,asc,43,2026-03-10T10:49:27+00:00
cdd11170-251f-4824-b06e-1f5d4b0836c9,2025112400453,2,0,4,2025-11-04 14:00,2025-11-04 17:30,99778,xietemmie,陕西省,西安市,长安区,樊川公园,cdd11170-251f-4824-b06e-1f5d4b0836c9,陕西,西安,,,2025-03-01,2026-03-01,2,serial_id,asc,43,2026-03-10T10:49:27+00:00
b025739e-16c8-4db9-8771-5bb0e164b2c8,2025112400461,2,0,1,2025-10-30 12:35,2025-10-30 17:50,99778,xietemmie,陕西省,西安市,长安区,陕西师范大学(长安校区),b025739e-16c8-4db9-8771-5bb0e164b2c8,陕西,西安,,,2025-03-01,2026-03-01,2,serial_id,asc,43,2026-03-10T10:49:27+00:00
137ff3e6-7307-45f2-874a-0a39b5552d5a,2025112400478,2,0,6,2025-10-28 13:40,2025-10-28 18:20,99778,xietemmie,陕西省,西安市,未央区,浐灞国家湿地公园,137ff3e6-7307-45f2-874a-0a39b5552d5a,陕西,西安,,,2025-03-01,2026-03-01,2,serial_id,asc,43,2026-03-10T10:49:27+00:00
e545e8af-d35a-45dc-b682-6d54a35b839d,2025112400485,2,0,5,2025-10-27 10:43,2025-10-27 17:20,99778,xietemmie,陕西省,西安市,长安区,陕西师范大学(长安校区),e545e8af-d35a-45dc-b682-6d54a35b839d,陕西,西安,,,2025-03-01,2026-03-01,2,serial_id,asc,43,2026-03-10T10:49:27+00:00
0cff9dad-cc56-4615-9555-232f41acce31,2025112400516,2,0,1,2025-11-12 14:30,2025-11-12 16:30,99778,xietemmie,陕西省,西安市,雁塔区,曲江池遗址公园,0cff9dad-cc56-4615-9555-232f41acce31,陕西,西安,,,2025-03-01,2026-03-01,2,serial_id,asc,43,2026-03-10T10:49:27+00:00
05bb689a-bc3b-4bbc-86ff-7248850b9519,2025112400563,2,0,2,2025-11-24 11:00,2025-11-24 12:00,95744,wjbfan,陕西省,西安市,莲湖区,丰庆公园,05bb689a-bc3b-4bbc-86ff-7248850b9519,陕西,西安,,,2025-03-01,2026-03-01,2,serial_id,asc,43,2026-03-10T10:49:27+00:00
06f7e54e-f048-4865-a07d-06b635c2e14c,2025112400579,2,0,6,2025-11-24 11:00,2025-11-24 12:00,95744,wjbfan,陕西省,西安市,莲湖区,丰庆公园,06f7e54e-f048-4865-a07d-06b635c2e14c,陕西,西安,,,2025-03-01,2026-03-01,2,serial_id,asc,44,2026-03-10T10:49:30+00:00
831372a9-2ccc-41f6-8c90-caa51df95c54,2025112400585,2,0,13,2025-11-23 15:01,2025-11-23 17:18,54466,横云kk,陕西省,西安市,长安区,长安区樊川公园,831372a9-2ccc-41f6-8c90-caa51df95c54,陕西,西安,,,2025-03-01,2026-03-01,2,serial_id,asc,44,2026-03-10T10:49:30+00:00
ac17902e-1e94-4ae8-ac5a-9e3081657b17,2025112400596,2,0,1,2025-11-24 11:00,2025-11-24 12:00,95744,wjbfan,陕西省,西安市,未央区,西安浐灞国家湿地公园,ac17902e-1e94-4ae8-ac5a-9e3081657b17,陕西,西安,,,2025-03-01,2026-03-01,2,serial_id,asc,44,2026-03-10T10:49:30+00:00
6c068e72-4523-44fa-a5a7-fdc2d495bb80,2025112400777,2,0,20,2025-11-22 12:46,2025-11-22 16:30,92807,柴顺顺,陕西省,西安市,灞桥区,中亚公园,6c068e72-4523-44fa-a5a7-fdc2d495bb80,陕西,西安,,,2025-03-01,2026-03-01,2,serial_id,asc,44,2026-03-10T10:49:30+00:00
a622e358-a0fe-4776-9da5-fd0e102ebbe4,2025112401094,2,0,17,2025-11-24 15:00,2025-11-24 16:00,86307,李封真,陕西省,西安市,长安区,西安交通大学科技创新港科创基地,a622e358-a0fe-4776-9da5-fd0e102ebbe4,陕西,西安,,,2025-03-01,2026-03-01,2,serial_id,asc,44,2026-03-10T10:49:30+00:00
c907d57a-7503-488a-9e5a-d43e16ab2038,2025112500074,2,0,13,2025-11-23 14:30,2025-11-23 17:30,87423,糕糕在上的高高鸡,陕西省,西安市,长安区,昆明池·七夕公园,c907d57a-7503-488a-9e5a-d43e16ab2038,陕西,西安,,,2025-03-01,2026-03-01,2,serial_id,asc,44,2026-03-10T10:49:30+00:00
e0ece078-6b08-478e-9759-23b30d0d9c55,2025112500076,2,0,3,2025-11-22 16:20,2025-11-22 18:00,87423,糕糕在上的高高鸡,陕西省,西安市,雁塔区,曲江池遗址公园,e0ece078-6b08-478e-9759-23b30d0d9c55,陕西,西安,,,2025-03-01,2026-03-01,2,serial_id,asc,44,2026-03-10T10:49:30+00:00
70aa53cf-1517-4ad8-b20d-3be0b5bd2ffd,2025112500084,2,0,29,2025-11-22 09:00,2025-11-22 15:00,87423,糕糕在上的高高鸡,陕西省,西安市,长安区,祥峪森林公园,70aa53cf-1517-4ad8-b20d-3be0b5bd2ffd,陕西,西安,,,2025-03-01,2026-03-01,2,serial_id,asc,44,2026-03-10T10:49:30+00:00
81c056b4-0a7d-46f9-8fd0-7eca4681d994,2025112500099,2,0,6,2025-10-07 10:35,2025-10-07 12:35,78317,小明子比心rf,陕西省,西安市,长安区,樊川公园,81c056b4-0a7d-46f9-8fd0-7eca4681d994,陕西,西安,,,2025-03-01,2026-03-01,2,serial_id,asc,44,2026-03-10T10:49:30+00:00
15c2ff1e-6808-43f0-9661-4a65af2722e0,2025112500100,2,0,6,2025-10-08 17:41,2025-10-08 18:15,78317,小明子比心rf,陕西省,西安市,雁塔区,曲江池遗址公园,15c2ff1e-6808-43f0-9661-4a65af2722e0,陕西,西安,,,2025-03-01,2026-03-01,2,serial_id,asc,44,2026-03-10T10:49:30+00:00
81970de3-ad1e-471b-894b-88c9a299f2d0,2025112500141,2,0,10,2025-11-25 08:00,2025-11-25 09:00,78662,绿翅旋壁雀,陕西省,西安市,新城区,革命公园,81970de3-ad1e-471b-894b-88c9a299f2d0,陕西,西安,,,2025-03-01,2026-03-01,2,serial_id,asc,44,2026-03-10T10:49:30+00:00
edacb47e-90d4-4ddc-8494-47de85c15e2a,2025112500451,2,0,43,2025-11-25 08:00,2025-11-25 11:00,66869,移动不动的夜鹭,陕西省,西安市,鄠邑区,涝渭湿地公园,edacb47e-90d4-4ddc-8494-47de85c15e2a,陕西,西安,,,2025-03-01,2026-03-01,2,serial_id,asc,44,2026-03-10T10:49:30+00:00
2c5ab30b-c0e2-4e78-9843-22b8d59cf4b5,2025112500801,2,0,24,2025-11-24 14:00,2025-11-24 15:00,54386,whaoe,陕西省,西安市,未央区,未央区西安浐灞国家湿地公园(广运潭大道东),2c5ab30b-c0e2-4e78-9843-22b8d59cf4b5,陕西,西安,,,2025-03-01,2026-03-01,2,serial_id,asc,44,2026-03-10T10:49:30+00:00
bd11dba0-969b-4842-a100-a427ced65095,2025112500842,2,0,24,2025-11-24 14:00,2025-11-24 15:00,69716,Licrange,陕西省,西安市,未央区,浐灞国家湿地公园,bd11dba0-969b-4842-a100-a427ced65095,陕西,西安,,,2025-03-01,2026-03-01,2,serial_id,asc,44,2026-03-10T10:49:30+00:00
5ce66ef0-7e69-4ec3-a746-f009b05bb9b3,2025112501090,2,0,1,2025-11-25 13:31,2025-11-25 14:19,99778,xietemmie,陕西省,西安市,长安区,陕西师范大学(长安校区),5ce66ef0-7e69-4ec3-a746-f009b05bb9b3,陕西,西安,,,2025-03-01,2026-03-01,2,serial_id,asc,44,2026-03-10T10:49:30+00:00
3db778e5-1d0d-46b6-8575-6d2f83e0863d,2025112600389,2,0,29,2025-11-26 08:45,2025-11-26 09:26,69634,伊羊肉卷,陕西省,西安市,鄠邑区,涝渭湿地公园,3db778e5-1d0d-46b6-8575-6d2f83e0863d,陕西,西安,,,2025-03-01,2026-03-01,2,serial_id,asc,44,2026-03-10T10:49:30+00:00
fd3d972f-96a5-416a-9365-485bec67e023,2025112600409,2,0,16,2025-11-26 11:38,2025-11-26 12:46,99778,xietemmie,陕西省,西安市,未央区,浐灞国家湿地公园,fd3d972f-96a5-416a-9365-485bec67e023,陕西,西安,,,2025-03-01,2026-03-01,2,serial_id,asc,44,2026-03-10T10:49:30+00:00
55645d92-19c5-484e-8109-288638cb7697,2025112601016,2,0,5,2025-11-26 16:00,2025-11-26 17:00,63026,gallups,陕西省,西安市,雁塔区,西安植物园,55645d92-19c5-484e-8109-288638cb7697,陕西,西安,,,2025-03-01,2026-03-01,2,serial_id,asc,44,2026-03-10T10:49:30+00:00
bad816cd-9708-40e0-90f1-74837acbec50,2025112601038,2,0,45,2025-11-26 08:00,2025-11-26 11:30,33447,血糕粉浆饭,陕西省,西安市,鄠邑区,涝渭湿地公园,bad816cd-9708-40e0-90f1-74837acbec50,陕西,西安,,,2025-03-01,2026-03-01,2,serial_id,asc,44,2026-03-10T10:49:30+00:00
723f2ffb-fc1c-40f2-b860-8036881b0444,2025112700168,2,0,1,2025-11-27 09:23,2025-11-27 09:26,83426,江晚,陕西省,西安市,雁塔区,陕西历史博物馆,723f2ffb-fc1c-40f2-b860-8036881b0444,陕西,西安,,,2025-03-01,2026-03-01,2,serial_id,asc,44,2026-03-10T10:49:30+00:00
92906364-4d29-4974-86df-4ade682d570b,2025112700257,2,0,1,2025-11-27 11:00,2025-11-27 12:00,11628,石海红,陕西省,西安市,灞桥区,灞河特大桥东北168米,92906364-4d29-4974-86df-4ade682d570b,陕西,西安,,,2025-03-01,2026-03-01,2,serial_id,asc,44,2026-03-10T10:49:30+00:00
d13886f5-28ea-43aa-a2de-0c6228a9a34a,2025112700267,2,0,26,2025-11-27 11:00,2025-11-27 12:00,75204,雪子哥,陕西省,西安市,鄠邑区,涝渭湿地公园,d13886f5-28ea-43aa-a2de-0c6228a9a34a,陕西,西安,,,2025-03-01,2026-03-01,2,serial_id,asc,44,2026-03-10T10:49:30+00:00
e28f58ec-98d2-43b6-81ea-fdc73cdb125d,2025112700276,2,0,8,2025-11-27 11:00,2025-11-27 12:00,11628,石海红,陕西省,西安市,灞桥区,灞河特大桥,e28f58ec-98d2-43b6-81ea-fdc73cdb125d,陕西,西安,,,2025-03-01,2026-03-01,2,serial_id,asc,44,2026-03-10T10:49:30+00:00
b44f3edc-3880-4b7e-aecf-3484dd7e9f41,2025112700353,2,0,8,2025-11-27 12:00,2025-11-27 13:00,11628,石海红,陕西省,西安市,未央区,渭河天玑湖,b44f3edc-3880-4b7e-aecf-3484dd7e9f41,陕西,西安,,,2025-03-01,2026-03-01,2,serial_id,asc,44,2026-03-10T10:49:30+00:00
77fef018-5e00-4024-9f45-34e35e9298b5,2025112700437,2,0,4,2025-11-27 13:00,2025-11-27 14:00,11628,石海红,陕西省,西安市,未央区,沣渭生态景观区,77fef018-5e00-4024-9f45-34e35e9298b5,陕西,西安,,,2025-03-01,2026-03-01,2,serial_id,asc,44,2026-03-10T10:49:30+00:00
139ca979-665b-4887-8439-64ba5a1f649b,2025112700542,2,0,41,2025-11-27 08:00,2025-11-27 13:00,92707,XJTUGXY,陕西省,西安市,鄠邑区,涝渭湿地公园,139ca979-665b-4887-8439-64ba5a1f649b,陕西,西安,,,2025-03-01,2026-03-01,2,serial_id,asc,44,2026-03-10T10:49:30+00:00
7c465b93-e714-416e-856c-57319f12e60e,2025112700574,2,0,8,2025-11-27 15:00,2025-11-27 16:00,2628,zuoluo,陕西省,西安市,雁塔区,雁鸣湖四号湖,7c465b93-e714-416e-856c-57319f12e60e,陕西,西安,,,2025-03-01,2026-03-01,2,serial_id,asc,44,2026-03-10T10:49:30+00:00
68d8c4ee-2f70-42f5-8256-000367baec63,2025112700608,2,0,21,2025-11-27 14:00,2025-11-27 15:00,69205,伊犁鼠兔,陕西省,西安市,鄠邑区,渼陂湖,68d8c4ee-2f70-42f5-8256-000367baec63,陕西,西安,,,2025-03-01,2026-03-01,2,serial_id,asc,44,2026-03-10T10:49:30+00:00
23aaf7d7-7569-4aa4-8491-ef4f0641d03f,2025112700640,2,0,12,2025-11-15 09:20,2025-11-15 18:20,72429,鹎观的小鸟,陕西省,西安市,长安区,陕西师范大学(长安校区),23aaf7d7-7569-4aa4-8491-ef4f0641d03f,陕西,西安,,,2025-03-01,2026-03-01,2,serial_id,asc,44,2026-03-10T10:49:30+00:00
f5206ae8-4b31-4e8b-a702-217a30a076d6,2025112700723,2,0,1,2025-11-27 17:00,2025-11-27 17:25,99778,xietemmie,陕西省,西安市,长安区,陕西师范大学(长安校区),f5206ae8-4b31-4e8b-a702-217a30a076d6,陕西,西安,,,2025-03-01,2026-03-01,2,serial_id,asc,44,2026-03-10T10:49:30+00:00
48c4d691-0a3e-4cc8-8b2e-96a6aa691a21,2025112700808,2,0,3,2025-11-27 15:00,2025-11-27 18:17,89212,Minalay,陕西省,西安市,碑林区,西安博物院,48c4d691-0a3e-4cc8-8b2e-96a6aa691a21,陕西,西安,,,2025-03-01,2026-03-01,2,serial_id,asc,44,2026-03-10T10:49:30+00:00
3ef14ad7-2d3e-436a-bfc5-13251a4e4fe6,2025112700905,2,0,2,2025-11-27 12:25,2025-11-27 13:25,29753,孤狼ylem,陕西省,西安市,雁塔区,西安大慈恩寺景区,3ef14ad7-2d3e-436a-bfc5-13251a4e4fe6,陕西,西安,,,2025-03-01,2026-03-01,2,serial_id,asc,44,2026-03-10T10:49:30+00:00
5ac6da6e-b003-42ae-922e-613ba605d6f1,2025112700912,2,0,7,2025-11-13 12:37,2025-11-13 17:34,73906,壹壹,陕西省,西安市,临潼区,秦始皇兵马俑博物馆,5ac6da6e-b003-42ae-922e-613ba605d6f1,陕西,西安,,,2025-03-01,2026-03-01,2,serial_id,asc,44,2026-03-10T10:49:30+00:00
bfaa5342-6e88-47a4-b2ff-e83dca985859,2025112701050,2,0,18,2025-11-27 19:00,2025-11-27 20:00,70302,烛影摇红,陕西省,西安市,鄠邑区,涝渭湿地公园,bfaa5342-6e88-47a4-b2ff-e83dca985859,陕西,西安,,,2025-03-01,2026-03-01,2,serial_id,asc,44,2026-03-10T10:49:30+00:00
3b89bdc7-23a6-477a-bf5a-0ab144000682,2025112701270,2,0,37,2025-11-27 21:00,2025-11-27 22:00,86307,李封真,陕西省,西安市,鄠邑区,涝渭湿地公园,3b89bdc7-23a6-477a-bf5a-0ab144000682,陕西,西安,,,2025-03-01,2026-03-01,2,serial_id,asc,44,2026-03-10T10:49:30+00:00
19c0444e-3238-4320-b756-aaf3ad14f42e,2025112800192,2,0,24,2025-11-26 15:30,2025-11-26 18:30,87423,糕糕在上的高高鸡,陕西省,西安市,鄠邑区,涝渭湿地公园,19c0444e-3238-4320-b756-aaf3ad14f42e,陕西,西安,,,2025-03-01,2026-03-01,2,serial_id,asc,44,2026-03-10T10:49:30+00:00
c960640e-7c21-4d22-8cd3-3da50e4f4659,2025112800353,2,0,1,2025-11-28 11:13,2025-11-28 12:00,89212,Minalay,陕西省,西安市,临潼区,秦始皇兵马俑博物馆,c960640e-7c21-4d22-8cd3-3da50e4f4659,陕西,西安,,,2025-03-01,2026-03-01,2,serial_id,asc,44,2026-03-10T10:49:30+00:00
42676adb-b9ef-439b-a2b1-39012b22b7e8,2025112800445,2,0,1,2025-11-28 13:00,2025-11-28 14:00,95744,wjbfan,陕西省,西安市,灞桥区,灞河1号坝,42676adb-b9ef-439b-a2b1-39012b22b7e8,陕西,西安,,,2025-03-01,2026-03-01,2,serial_id,asc,44,2026-03-10T10:49:30+00:00
b186cdda-6015-491c-abf6-4ddf246bd17b,2025112800448,2,0,1,2025-11-28 13:00,2025-11-28 14:00,95744,wjbfan,陕西省,西安市,灞桥区,灞河1号坝,b186cdda-6015-491c-abf6-4ddf246bd17b,陕西,西安,,,2025-03-01,2026-03-01,2,serial_id,asc,44,2026-03-10T10:49:30+00:00
021f62b2-6860-4e30-8436-c173e75123fb,2025112800807,2,0,3,2025-11-28 16:00,2025-11-28 17:00,43432,儿树,陕西省,西安市,碑林区,西安建筑科技大学(雁塔校区)西阶庭院,021f62b2-6860-4e30-8436-c173e75123fb,陕西,西安,,,2025-03-01,2026-03-01,2,serial_id,asc,44,2026-03-10T10:49:30+00:00
b7f9a653-de29-4b61-a03e-9d9829fbcdd5,2025112801005,2,0,27,2025-11-27 09:00,2025-11-27 17:45,12692,maixiangliulian,陕西省,西安市,鄠邑区,金龙峡风景区,b7f9a653-de29-4b61-a03e-9d9829fbcdd5,陕西,西安,,,2025-03-01,2026-03-01,2,serial_id,asc,44,2026-03-10T10:49:30+00:00
9b282508-c58d-4361-aa39-47dcbe995920,2025112801228,2,0,28,2025-11-28 07:30,2025-11-28 09:00,33447,血糕粉浆饭,陕西省,西安市,雁塔区,雁南公园,9b282508-c58d-4361-aa39-47dcbe995920,陕西,西安,,,2025-03-01,2026-03-01,2,serial_id,asc,44,2026-03-10T10:49:30+00:00
f317bdaf-9bdb-49a6-b5b7-91568b8c48c9,2025112900126,2,0,3,2025-11-29 08:00,2025-11-29 09:00,32202,2N3501,陕西省,西安市,长安区,西安航天基地,f317bdaf-9bdb-49a6-b5b7-91568b8c48c9,陕西,西安,,,2025-03-01,2026-03-01,2,serial_id,asc,44,2026-03-10T10:49:30+00:00
7286deee-d47d-4df4-990d-c071d30860de,2025112900314,2,0,22,2025-11-29 08:00,2025-11-29 09:00,43432,儿树,陕西省,西安市,灞桥区,西安浐灞桃花潭公园,7286deee-d47d-4df4-990d-c071d30860de,陕西,西安,,,2025-03-01,2026-03-01,2,serial_id,asc,44,2026-03-10T10:49:30+00:00
c3c0a374-992f-4db5-919a-001b0b644212,2025112900316,2,0,23,2025-11-29 08:00,2025-11-29 09:00,54386,whaoe,陕西省,西安市,灞桥区,灞桥区西安浐灞桃花潭公园(浐河东路西),c3c0a374-992f-4db5-919a-001b0b644212,陕西,西安,,,2025-03-01,2026-03-01,2,serial_id,asc,44,2026-03-10T10:49:30+00:00
c54eaf0f-26c3-45d8-b0c6-4801a322dca6,2025112900399,2,0,9,2025-11-29 09:00,2025-11-29 10:41,29753,孤狼ylem,陕西省,西安市,碑林区,西安博物院,c54eaf0f-26c3-45d8-b0c6-4801a322dca6,陕西,西安,,,2025-03-01,2026-03-01,2,serial_id,asc,44,2026-03-10T10:49:30+00:00
7023092c-ec37-4618-967d-3b20dbcd3615,2025112900501,2,0,11,2025-11-29 10:00,2025-11-29 11:20,73973,fly,陕西省,西安市,雁塔区,雁鸣湖3号湖,7023092c-ec37-4618-967d-3b20dbcd3615,陕西,西安,,,2025-03-01,2026-03-01,2,serial_id,asc,44,2026-03-10T10:49:30+00:00
40a94c9a-5115-4628-b7a4-f39a5e19dc9b,2025112900502,2,0,8,2025-11-29 09:35,2025-11-29 10:00,73973,fly,陕西省,西安市,灞桥区,雁鸣湖休闲公园,40a94c9a-5115-4628-b7a4-f39a5e19dc9b,陕西,西安,,,2025-03-01,2026-03-01,2,serial_id,asc,44,2026-03-10T10:49:30+00:00
574dc1fa-30aa-4fe4-93cc-c681e01917f8,2025112900503,2,0,10,2025-11-18 16:07,2025-11-18 18:00,73973,fly,陕西省,西安市,雁塔区,西安交通大学(雁塔校区),574dc1fa-30aa-4fe4-93cc-c681e01917f8,陕西,西安,,,2025-03-01,2026-03-01,2,serial_id,asc,44,2026-03-10T10:49:30+00:00
c3863024-1e70-4a1f-8cfa-8bbddd2db422,2025112900532,2,0,8,2025-11-29 11:00,2025-11-29 12:00,11628,石海红,陕西省,西安市,周至县,裕盛村东北859米,c3863024-1e70-4a1f-8cfa-8bbddd2db422,陕西,西安,,,2025-03-01,2026-03-01,2,serial_id,asc,44,2026-03-10T10:49:30+00:00
fc9fe9d7-b4c8-467c-80b6-82718d72bfe6,2025112900626,2,0,28,2025-11-29 08:00,2025-11-29 12:00,97223,11Ariana,陕西省,西安市,灞桥区,西安浐灞桃花潭公园,fc9fe9d7-b4c8-467c-80b6-82718d72bfe6,陕西,西安,,,2025-03-01,2026-03-01,2,serial_id,asc,45,2026-03-10T10:49:33+00:00
08d51304-dbf9-4c65-83a6-6ef0a9671087,2025112900673,2,0,24,2025-11-29 09:00,2025-11-29 11:30,78662,绿翅旋壁雀,陕西省,西安市,灞桥区,灞柳西路B坝广场,08d51304-dbf9-4c65-83a6-6ef0a9671087,陕西,西安,,,2025-03-01,2026-03-01,2,serial_id,asc,45,2026-03-10T10:49:33+00:00
30fa8d09-3ff5-4fe4-bc5d-5424a63d1ee6,2025112901089,2,0,22,2025-11-29 08:30,2025-11-29 10:30,22527,稻稻,陕西省,西安市,灞桥区,西安浐灞桃花潭公园,30fa8d09-3ff5-4fe4-bc5d-5424a63d1ee6,陕西,西安,,,2025-03-01,2026-03-01,2,serial_id,asc,45,2026-03-10T10:49:33+00:00
87e63b41-ce50-4b0d-8b19-1dfc231e67ea,2025112901113,2,0,26,2025-11-29 10:30,2025-11-29 12:00,22527,稻稻,陕西省,西安市,灞桥区,西安浐灞桃花潭公园,87e63b41-ce50-4b0d-8b19-1dfc231e67ea,陕西,西安,,,2025-03-01,2026-03-01,2,serial_id,asc,45,2026-03-10T10:49:33+00:00
0ca88b2c-5416-42f3-9f17-7c0f96cc0229,2025112901125,2,0,20,2025-11-29 10:30,2025-11-29 12:00,22527,稻稻,陕西省,西安市,灞桥区,西安浐灞桃花潭公园,0ca88b2c-5416-42f3-9f17-7c0f96cc0229,陕西,西安,,,2025-03-01,2026-03-01,2,serial_id,asc,45,2026-03-10T10:49:33+00:00
eca2d813-bcfd-4b40-a1a5-c379a8d67f59,2025112901144,2,0,35,2025-11-29 08:30,2025-11-29 12:00,22527,稻稻,陕西省,西安市,灞桥区,西安浐灞桃花潭公园,eca2d813-bcfd-4b40-a1a5-c379a8d67f59,陕西,西安,,,2025-03-01,2026-03-01,2,serial_id,asc,45,2026-03-10T10:49:33+00:00
f0260f48-a519-4cf3-87f9-95a36d1f8482,2025112901254,2,0,3,2025-11-29 16:00,2025-11-29 17:00,100259,realElvis,陕西省,西安市,未央区,浐灞湿地公园,f0260f48-a519-4cf3-87f9-95a36d1f8482,陕西,西安,,,2025-03-01,2026-03-01,2,serial_id,asc,45,2026-03-10T10:49:33+00:00
11004262-4eb7-449c-9a46-38ab25e940c8,2025112901300,2,0,8,2025-11-29 13:21,2025-11-29 17:00,99778,xietemmie,陕西省,西安市,长安区,樊川公园,11004262-4eb7-449c-9a46-38ab25e940c8,陕西,西安,,,2025-03-01,2026-03-01,2,serial_id,asc,45,2026-03-10T10:49:33+00:00
a8b46a31-8969-48be-a5f5-11bfddca79aa,2025112901322,2,0,8,2025-11-29 09:40,2025-11-29 15:45,64371,李大顺,陕西省,西安市,鄠邑区,朱雀国家森岭公园,a8b46a31-8969-48be-a5f5-11bfddca79aa,陕西,西安,,,2025-03-01,2026-03-01,2,serial_id,asc,45,2026-03-10T10:49:33+00:00
5aefafd5-e561-4f4e-8ada-6aa21b0bd383,2025112901579,2,0,20,2025-11-29 08:00,2025-11-29 11:00,66388,洋甘菊,陕西省,西安市,长安区,祥峪沟村,5aefafd5-e561-4f4e-8ada-6aa21b0bd383,陕西,西安,,,2025-03-01,2026-03-01,2,serial_id,asc,45,2026-03-10T10:49:33+00:00
c85ef2e6-2f5c-4179-bebe-b876051d996e,2025112902077,2,0,15,2025-11-29 08:00,2025-11-29 11:30,15090,刑小天在西交创新港,陕西省,西安市,长安区,创新港及渭河湿地,c85ef2e6-2f5c-4179-bebe-b876051d996e,陕西,西安,,,2025-03-01,2026-03-01,2,serial_id,asc,45,2026-03-10T10:49:33+00:00
e1f9e18f-daf9-4615-9cf7-74e2ebfe1bc7,2025112902171,2,0,1,2025-11-29 21:00,2025-11-29 22:00,95744,wjbfan,陕西省,西安市,莲湖区,丰庆公园,e1f9e18f-daf9-4615-9cf7-74e2ebfe1bc7,陕西,西安,,,2025-03-01,2026-03-01,2,serial_id,asc,45,2026-03-10T10:49:33+00:00
657ea2d5-ec39-483c-aaaa-e61fae5e3d4c,2025112902211,2,0,20,2025-11-29 21:00,2025-11-29 22:00,86307,李封真,陕西省,西安市,长安区,西安交通大学科技创新港科创基地,657ea2d5-ec39-483c-aaaa-e61fae5e3d4c,陕西,西安,,,2025-03-01,2026-03-01,2,serial_id,asc,45,2026-03-10T10:49:33+00:00
1c6d411b-7f69-4c07-92ce-a765f080eed1,2025112902313,2,0,1,2025-11-29 22:00,2025-11-29 23:00,95744,wjbfan,陕西省,西安市,莲湖区,丰庆公园,1c6d411b-7f69-4c07-92ce-a765f080eed1,陕西,西安,,,2025-03-01,2026-03-01,2,serial_id,asc,45,2026-03-10T10:49:33+00:00
63c89a68-8bb6-4373-9b51-b5e2fc3ece7f,2025112902380,2,0,35,2025-11-29 22:00,2025-11-29 23:00,75204,雪子哥,陕西省,西安市,长安区,渭河沣西段,63c89a68-8bb6-4373-9b51-b5e2fc3ece7f,陕西,西安,,,2025-03-01,2026-03-01,2,serial_id,asc,45,2026-03-10T10:49:33+00:00
ae975c50-6956-4d7d-a4ff-d096b98c9f5d,2025113000040,2,0,1,2025-11-30 00:00,2025-11-30 01:00,95744,wjbfan,陕西省,西安市,莲湖区,丰庆公园,ae975c50-6956-4d7d-a4ff-d096b98c9f5d,陕西,西安,,,2025-03-01,2026-03-01,2,serial_id,asc,45,2026-03-10T10:49:33+00:00
17c34a30-dfcc-48ae-a6da-dcfb4ff65cb6,2025113000080,2,0,6,2025-11-29 01:07,2025-11-29 15:24,83426,江晚,陕西省,西安市,碑林区,兴庆公园,17c34a30-dfcc-48ae-a6da-dcfb4ff65cb6,陕西,西安,,,2025-03-01,2026-03-01,2,serial_id,asc,45,2026-03-10T10:49:33+00:00
c0fb645f-3523-4574-8035-79174aff2b62,2025113000579,2,0,30,2025-11-30 08:00,2025-11-30 10:35,66869,移动不动的夜鹭,陕西省,西安市,长安区,祥峪沟村小河,c0fb645f-3523-4574-8035-79174aff2b62,陕西,西安,,,2025-03-01,2026-03-01,2,serial_id,asc,45,2026-03-10T10:49:33+00:00
6bbcb793-28bb-4617-bb2f-81f73fbb95a9,2025113000702,2,0,1,2025-11-30 11:30,2025-11-30 12:08,89212,Minalay,陕西省,西安市,蓝田县,水陆庵,6bbcb793-28bb-4617-bb2f-81f73fbb95a9,陕西,西安,,,2025-03-01,2026-03-01,2,serial_id,asc,45,2026-03-10T10:49:33+00:00
e4743067-8e1a-478a-a4d0-5fbf45c50f4a,2025113000999,2,0,73,2025-11-30 08:30,2025-11-30 17:00,90392,PTJT,陕西省,西安市,周至县,杨凌渭河湿地生态公园,e4743067-8e1a-478a-a4d0-5fbf45c50f4a,陕西,西安,,,2025-03-01,2026-03-01,2,serial_id,asc,45,2026-03-10T10:49:33+00:00
f2affb0b-8ba5-45cc-8ef0-d21291db3702,2025113001478,2,0,75,2025-11-30 08:00,2025-11-30 18:00,67225,落林,陕西省,西安市,周至县,杨凌渭河湿地生态公园,f2affb0b-8ba5-45cc-8ef0-d21291db3702,陕西,西安,,,2025-03-01,2026-03-01,2,serial_id,asc,45,2026-03-10T10:49:33+00:00
89dd2dfc-ab9f-4a0c-b7c2-74e00409939c,2025113001856,2,0,13,2025-11-30 15:30,2025-11-30 19:00,54636,鹊影,陕西省,西安市,新城区,大明宫国家遗址公园,89dd2dfc-ab9f-4a0c-b7c2-74e00409939c,陕西,西安,,,2025-03-01,2026-03-01,2,serial_id,asc,45,2026-03-10T10:49:33+00:00
cae05d6f-26ed-4a60-9895-43a9568de7c2,2025113001899,2,0,3,2025-11-30 18:00,2025-11-30 19:00,65979,我都瘸子了就让我拍到小鸟吧,陕西省,西安市,临潼区,西安科技大学(临潼校区),cae05d6f-26ed-4a60-9895-43a9568de7c2,陕西,西安,,,2025-03-01,2026-03-01,2,serial_id,asc,45,2026-03-10T10:49:33+00:00
5ef728c0-4f87-4051-873a-86bec3ffe0a9,2025113002170,2,0,9,2025-11-30 09:30,2025-11-30 13:30,70590,Elim看鸟,陕西省,西安市,鄠邑区,朱雀国家森岭公园,5ef728c0-4f87-4051-873a-86bec3ffe0a9,陕西,西安,,,2025-03-01,2026-03-01,2,serial_id,asc,45,2026-03-10T10:49:33+00:00
68a6b07b-e10d-4b75-95ef-85c19fe06454,2025113002507,2,0,17,2025-11-30 09:00,2025-11-30 10:00,72904,李辉,陕西省,西安市,长安区,圭峰寺,68a6b07b-e10d-4b75-95ef-85c19fe06454,陕西,西安,,,2025-03-01,2026-03-01,2,serial_id,asc,45,2026-03-10T10:49:33+00:00
cf5cc644-889a-4524-8914-fd0fe63c0a12,2025120100529,2,0,20,2025-12-01 09:00,2025-12-01 10:00,33940,白胜荣,陕西省,西安市,灞桥区,灞桥区新合街道三郎村,cf5cc644-889a-4524-8914-fd0fe63c0a12,陕西,西安,,,2025-03-01,2026-03-01,2,serial_id,asc,45,2026-03-10T10:49:33+00:00
ec1aa758-a939-4802-bf81-51ea17105160,2025120100861,2,0,15,2025-12-01 14:00,2025-12-01 15:00,37924,延河,陕西省,西安市,未央区,北辰湖,ec1aa758-a939-4802-bf81-51ea17105160,陕西,西安,,,2025-03-01,2026-03-01,2,serial_id,asc,45,2026-03-10T10:49:33+00:00
c71aab81-0abb-4f5f-bf0c-38a79e729b23,2025120100917,2,0,15,2025-12-01 13:00,2025-12-01 14:00,33940,白胜荣,陕西省,西安市,未央区,未央区西安浐灞国家湿地公园(河堤路南),c71aab81-0abb-4f5f-bf0c-38a79e729b23,陕西,西安,,,2025-03-01,2026-03-01,2,serial_id,asc,45,2026-03-10T10:49:33+00:00
576f0277-79e0-4e2c-af4f-de0e89ffd86f,2025120100968,2,0,34,2025-12-01 14:00,2025-12-01 15:00,75204,雪子哥,陕西省,西安市,鄠邑区,涝渭湿地公园,576f0277-79e0-4e2c-af4f-de0e89ffd86f,陕西,西安,,,2025-03-01,2026-03-01,2,serial_id,asc,45,2026-03-10T10:49:33+00:00
da89a281-387b-4f9a-8b5c-40b0e675ec28,2025120101003,2,0,8,2025-12-01 13:00,2025-12-01 14:00,33940,白胜荣,陕西省,西安市,灞桥区,河堤路,da89a281-387b-4f9a-8b5c-40b0e675ec28,陕西,西安,,,2025-03-01,2026-03-01,2,serial_id,asc,45,2026-03-10T10:49:33+00:00
ccc175dd-678a-432e-aad3-eb1d382e0dc4,2025120101090,2,0,11,2025-12-01 16:00,2025-12-01 17:00,37924,延河,陕西省,西安市,未央区,西安5豪酒店(西安国际会展中心浐灞保利大剧院店),ccc175dd-678a-432e-aad3-eb1d382e0dc4,陕西,西安,,,2025-03-01,2026-03-01,2,serial_id,asc,45,2026-03-10T10:49:33+00:00
b66a739b-1f33-4fa2-ac56-33a88903eb8a,2025120101148,2,0,6,2025-12-01 15:00,2025-12-01 16:00,33940,白胜荣,陕西省,西安市,未央区,上实自然界·河山(灞柳西路),b66a739b-1f33-4fa2-ac56-33a88903eb8a,陕西,西安,,,2025-03-01,2026-03-01,2,serial_id,asc,45,2026-03-10T10:49:33+00:00
de4a50a9-015f-46d4-93f4-93cef5f575c2,2025120101248,2,0,10,2025-12-01 16:00,2025-12-01 17:00,33940,白胜荣,陕西省,西安市,灞桥区,灞桥区灞河西岸滨河公园(灞柳西路北),de4a50a9-015f-46d4-93f4-93cef5f575c2,陕西,西安,,,2025-03-01,2026-03-01,2,serial_id,asc,45,2026-03-10T10:49:33+00:00
c0764bd7-571d-40b0-91cd-a285068a9e51,2025120101296,2,0,6,2025-12-01 16:30,2025-12-01 17:30,53920,Ouzel,陕西省,西安市,碑林区,西安交通大学兴庆校区东西花园,c0764bd7-571d-40b0-91cd-a285068a9e51,陕西,西安,,,2025-03-01,2026-03-01,2,serial_id,asc,45,2026-03-10T10:49:33+00:00
7458490d-b696-4dcb-8b5a-a5d3f5376647,2025120101350,2,0,22,2025-11-30 09:30,2025-12-01 17:30,15090,刑小天在西交创新港,陕西省,西安市,临潼区,渭河临潼段,7458490d-b696-4dcb-8b5a-a5d3f5376647,陕西,西安,,,2025-03-01,2026-03-01,2,serial_id,asc,45,2026-03-10T10:49:33+00:00
bf1b6341-7677-492c-b9b4-abdc95673fc9,2025120101402,2,0,10,2025-12-01 18:00,2025-12-01 19:00,96668,Volker,陕西省,西安市,长安区,昆明池·七夕公园,bf1b6341-7677-492c-b9b4-abdc95673fc9,陕西,西安,,,2025-03-01,2026-03-01,2,serial_id,asc,45,2026-03-10T10:49:33+00:00
7fc15672-7e07-4191-8096-b316af655c5f,2025120101531,2,0,27,2025-11-30 11:30,2025-11-30 16:30,12692,maixiangliulian,陕西省,西安市,鄠邑区,涝渭湿地公园,7fc15672-7e07-4191-8096-b316af655c5f,陕西,西安,,,2025-03-01,2026-03-01,2,serial_id,asc,45,2026-03-10T10:49:33+00:00
d1b62cfd-ae6d-42ce-8700-5add3e03d1f1,2025120101561,2,0,33,2025-11-30 09:00,2025-11-30 12:30,53920,Ouzel,陕西省,西安市,鄠邑区,涝渭湿地公园,d1b62cfd-ae6d-42ce-8700-5add3e03d1f1,陕西,西安,,,2025-03-01,2026-03-01,2,serial_id,asc,45,2026-03-10T10:49:33+00:00
afedd615-2f73-4ddc-9d9c-50f30df88e47,2025120101810,2,0,14,2025-12-01 15:00,2025-12-01 18:00,69716,Licrange,陕西省,西安市,莲湖区,丰庆公园,afedd615-2f73-4ddc-9d9c-50f30df88e47,陕西,西安,,,2025-03-01,2026-03-01,2,serial_id,asc,45,2026-03-10T10:49:33+00:00
0f9de87c-469f-44fd-acd1-ac53339fb88e,2025120101816,2,0,17,2025-11-29 09:00,2025-11-29 10:00,69716,Licrange,陕西省,西安市,灞桥区,西安浐灞桃花潭公园(西安市灞桥区),0f9de87c-469f-44fd-acd1-ac53339fb88e,陕西,西安,,,2025-03-01,2026-03-01,2,serial_id,asc,45,2026-03-10T10:49:33+00:00
7abbadf1-3999-40b9-8ab7-ec00677b74ec,2025120200076,2,0,4,2025-12-01 17:30,2025-12-02 17:50,87423,糕糕在上的高高鸡,陕西省,西安市,临潼区,骊山国家森林公园(临潼区环城东路3号),7abbadf1-3999-40b9-8ab7-ec00677b74ec,陕西,西安,,,2025-03-01,2026-03-01,2,serial_id,asc,45,2026-03-10T10:49:33+00:00
0e13cf31-d9e7-480d-a3e1-4e56aed9c11f,2025120200118,2,0,8,2025-12-02 09:00,2025-12-02 10:00,37924,延河,陕西省,西安市,灞桥区,三郎村(灞河东路),0e13cf31-d9e7-480d-a3e1-4e56aed9c11f,陕西,西安,,,2025-03-01,2026-03-01,2,serial_id,asc,45,2026-03-10T10:49:33+00:00
12a48714-74ce-4cd2-bf78-d90636c85e93,2025120200160,2,0,27,2025-12-02 07:40,2025-12-02 12:40,33940,白胜荣,陕西省,西安市,灞桥区,灞桥区新合街道三郎村,12a48714-74ce-4cd2-bf78-d90636c85e93,陕西,西安,,,2025-03-01,2026-03-01,2,serial_id,asc,45,2026-03-10T10:49:33+00:00
178e81c0-e730-437a-a1c5-5356c2145dc9,2025120200572,2,0,14,2025-12-02 13:00,2025-12-02 14:00,73554,白鹡鸰早起去观鸟,陕西省,西安市,碑林区,兴庆宫公园,178e81c0-e730-437a-a1c5-5356c2145dc9,陕西,西安,,,2025-03-01,2026-03-01,2,serial_id,asc,45,2026-03-10T10:49:33+00:00
78c046b9-fc15-4c57-9eca-d11a1ea2ade8,2025120200843,2,0,10,2025-12-02 16:00,2025-12-02 17:00,73554,白鹡鸰早起去观鸟,陕西省,西安市,碑林区,西安理工大学(金花校区),78c046b9-fc15-4c57-9eca-d11a1ea2ade8,陕西,西安,,,2025-03-01,2026-03-01,2,serial_id,asc,45,2026-03-10T10:49:33+00:00
f807f2ef-f446-4239-9a5d-62c524d98172,2025120200952,2,0,2,2025-11-30 10:00,2025-11-30 12:00,92707,XJTUGXY,陕西省,西安市,鄠邑区,太平国家森林公园,f807f2ef-f446-4239-9a5d-62c524d98172,陕西,西安,,,2025-03-01,2026-03-01,2,serial_id,asc,45,2026-03-10T10:49:33+00:00
6af4a416-9aaf-4e2d-85bc-5b627fbf271b,2025120300809,2,0,28,2025-12-03 07:30,2025-12-03 09:00,33447,血糕粉浆饭,陕西省,西安市,长安区,长安区昆明池·七夕公园,6af4a416-9aaf-4e2d-85bc-5b627fbf271b,陕西,西安,,,2025-03-01,2026-03-01,2,serial_id,asc,45,2026-03-10T10:49:33+00:00
32c9808c-9a7b-49d2-a27d-99e68d6fd360,2025120301015,2,0,1,2025-12-03 14:00,2025-12-03 14:35,92103,二瑶,陕西省,西安市,阎良区,蓝波湾小区,32c9808c-9a7b-49d2-a27d-99e68d6fd360,陕西,西安,,,2025-03-01,2026-03-01,2,serial_id,asc,45,2026-03-10T10:49:33+00:00
cf7a1834-d4ad-4bdc-8671-f05412c42ff1,2025120400203,2,0,38,2025-12-04 08:00,2025-12-04 09:00,23582,刘新建,陕西省,西安市,未央区,未央区皂河大桥北300米(河堤路北),cf7a1834-d4ad-4bdc-8671-f05412c42ff1,陕西,西安,,,2025-03-01,2026-03-01,2,serial_id,asc,45,2026-03-10T10:49:33+00:00
68658a7e-a605-4604-b013-838cecbd8c75,2025120400353,2,0,26,2025-12-04 07:30,2025-12-04 09:00,33447,血糕粉浆饭,陕西省,西安市,雁塔区,雁南公园,68658a7e-a605-4604-b013-838cecbd8c75,陕西,西安,,,2025-03-01,2026-03-01,2,serial_id,asc,45,2026-03-10T10:49:33+00:00
78c90f0f-e423-4200-9d01-eac32340653b,2025120400505,2,0,10,2025-12-04 13:00,2025-12-04 14:00,73554,白鹡鸰早起去观鸟,陕西省,西安市,碑林区,兴庆宫公园,78c90f0f-e423-4200-9d01-eac32340653b,陕西,西安,,,2025-03-01,2026-03-01,2,serial_id,asc,46,2026-03-10T10:49:35+00:00
75396e01-8056-4fa9-b05a-a6a2616b593d,2025120400987,2,0,26,2025-11-25 09:00,2025-11-25 11:00,96881,LunaticVoyager,陕西省,西安市,鄠邑区,涝渭湿地公园,75396e01-8056-4fa9-b05a-a6a2616b593d,陕西,西安,,,2025-03-01,2026-03-01,2,serial_id,asc,46,2026-03-10T10:49:35+00:00
16fe4ed9-faf5-49fc-b5ad-7594f34f6203,2025120501397,2,0,23,2025-12-05 21:00,2025-12-05 22:00,96340,羊羽,陕西省,西安市,长安区,仪祉湖水利风景区,16fe4ed9-faf5-49fc-b5ad-7594f34f6203,陕西,西安,,,2025-03-01,2026-03-01,2,serial_id,asc,46,2026-03-10T10:49:35+00:00
9a7ff8ad-86be-43a3-a086-29f52ad73ae4,2025120600580,2,0,38,2025-12-06 08:00,2025-12-06 12:02,97223,11Ariana,陕西省,西安市,长安区,昆明池·七夕公园,9a7ff8ad-86be-43a3-a086-29f52ad73ae4,陕西,西安,,,2025-03-01,2026-03-01,2,serial_id,asc,46,2026-03-10T10:49:35+00:00
65d914ce-1ef3-43cf-8ca1-afaccc6a837b,2025120600889,2,0,36,2025-12-06 08:00,2025-12-06 09:00,69716,Licrange,陕西省,西安市,长安区,昆明池·七夕公园,65d914ce-1ef3-43cf-8ca1-afaccc6a837b,陕西,西安,,,2025-03-01,2026-03-01,2,serial_id,asc,46,2026-03-10T10:49:35+00:00
256ab248-3aa4-4559-a05e-24ed0e191272,2025120600972,2,0,38,2025-12-06 09:30,2025-12-06 11:30,59244,选择困难症,陕西省,西安市,鄠邑区,涝渭湿地公园,256ab248-3aa4-4559-a05e-24ed0e191272,陕西,西安,,,2025-03-01,2026-03-01,2,serial_id,asc,46,2026-03-10T10:49:35+00:00
926147e5-7ff9-4a5b-9816-548da850a320,2025120601156,2,0,16,2025-12-05 14:00,2025-12-05 15:00,86307,李封真,陕西省,西安市,长安区,秦岭终南山世界地质公园南五台景区,926147e5-7ff9-4a5b-9816-548da850a320,陕西,西安,,,2025-03-01,2026-03-01,2,serial_id,asc,46,2026-03-10T10:49:35+00:00
232ea277-93da-4bf1-8e71-f1227d424143,2025120601380,2,0,13,2025-12-06 16:00,2025-12-06 17:00,99778,xietemmie,陕西省,西安市,鄠邑区,高冠瀑布,232ea277-93da-4bf1-8e71-f1227d424143,陕西,西安,,,2025-03-01,2026-03-01,2,serial_id,asc,46,2026-03-10T10:49:35+00:00
4245ae72-8df3-4371-bd9b-922778f3a21a,2025120601702,2,0,20,2025-12-06 08:00,2025-12-06 11:00,66388,洋甘菊,陕西省,西安市,长安区,圭峰寺,4245ae72-8df3-4371-bd9b-922778f3a21a,陕西,西安,,,2025-03-01,2026-03-01,2,serial_id,asc,46,2026-03-10T10:49:35+00:00
570b148f-a4ed-4b3f-b93e-02664d5a0673,2025120602157,2,0,41,2025-12-06 08:30,2025-12-06 12:00,30320,户外农夫,陕西省,西安市,阎良区,西安市阎良石川河,570b148f-a4ed-4b3f-b93e-02664d5a0673,陕西,西安,,,2025-03-01,2026-03-01,2,serial_id,asc,46,2026-03-10T10:49:35+00:00
003b0d84-26dd-44ff-a10d-96cad74a52ba,2025120700439,2,0,16,2025-12-07 11:00,2025-12-07 12:00,3975,稷朝,陕西省,西安市,长安区,西安王不歪食品有限公司(工厂),003b0d84-26dd-44ff-a10d-96cad74a52ba,陕西,西安,,,2025-03-01,2026-03-01,2,serial_id,asc,46,2026-03-10T10:49:35+00:00
9f7e8c28-00a7-48c4-9896-01a29c3293ce,2025120700506,2,0,18,2025-12-07 09:38,2025-12-07 11:41,54386,whaoe,陕西省,西安市,莲湖区,丰庆公园,9f7e8c28-00a7-48c4-9896-01a29c3293ce,陕西,西安,,,2025-03-01,2026-03-01,2,serial_id,asc,46,2026-03-10T10:49:35+00:00
cf033340-6d7f-489e-b2e4-c0ca9b6fcc74,2025120700544,2,0,25,2025-12-07 08:20,2025-12-07 10:30,44761,Kay,陕西省,西安市,长安区,樊川公园,cf033340-6d7f-489e-b2e4-c0ca9b6fcc74,陕西,西安,,,2025-03-01,2026-03-01,2,serial_id,asc,46,2026-03-10T10:49:35+00:00
babae200-5c19-49fc-8022-62bfb8cc008a,2025120700695,2,0,8,2025-12-07 12:00,2025-12-07 13:00,45951,回声,陕西省,西安市,雁塔区,清凉山森林公园,babae200-5c19-49fc-8022-62bfb8cc008a,陕西,西安,,,2025-03-01,2026-03-01,2,serial_id,asc,46,2026-03-10T10:49:35+00:00
e5b02768-da52-4f4d-8127-2b8ddfb47bae,2025120700952,2,0,31,2025-12-06 09:00,2025-12-07 13:00,78662,绿翅旋壁雀,陕西省,西安市,灞桥区,灞柳西路B坝广场,e5b02768-da52-4f4d-8127-2b8ddfb47bae,陕西,西安,,,2025-03-01,2026-03-01,2,serial_id,asc,46,2026-03-10T10:49:35+00:00
e899ce60-ed59-4416-9fd7-94f13f9ecde1,2025120700988,2,0,1,2025-12-02 13:05,2025-12-02 13:35,92103,二瑶,陕西省,西安市,阎良区,蓝波湾小区,e899ce60-ed59-4416-9fd7-94f13f9ecde1,陕西,西安,,,2025-03-01,2026-03-01,2,serial_id,asc,46,2026-03-10T10:49:35+00:00
33675fa6-795b-46da-a95e-82ca2349a704,2025120701513,2,0,32,2025-12-07 15:00,2025-12-07 16:00,47058,寄居蟹,陕西省,西安市,长安区,高冠河,33675fa6-795b-46da-a95e-82ca2349a704,陕西,西安,,,2025-03-01,2026-03-01,2,serial_id,asc,46,2026-03-10T10:49:35+00:00
66eb6257-495f-4b09-99dc-1c29b549dcb4,2025120701722,2,0,23,2025-12-07 16:00,2025-12-07 17:00,73554,白鹡鸰早起去观鸟,陕西省,西安市,长安区,樊川公园,66eb6257-495f-4b09-99dc-1c29b549dcb4,陕西,西安,,,2025-03-01,2026-03-01,2,serial_id,asc,46,2026-03-10T10:49:35+00:00
3a75f432-59ae-4444-883b-ac2d1d337470,2025120701908,2,0,13,2025-12-07 16:00,2025-12-07 18:00,95682,鲸鱼Ren,陕西省,西安市,鄠邑区,涝渭湿地公园,3a75f432-59ae-4444-883b-ac2d1d337470,陕西,西安,,,2025-03-01,2026-03-01,2,serial_id,asc,46,2026-03-10T10:49:35+00:00
ff2698f4-125f-49c1-bfc2-b1a318c59ba1,2025120701932,2,0,18,2025-12-07 14:15,2025-12-07 16:30,12692,maixiangliulian,陕西省,西安市,鄠邑区,利君制药东北谭滨河沿线,ff2698f4-125f-49c1-bfc2-b1a318c59ba1,陕西,西安,,,2025-03-01,2026-03-01,2,serial_id,asc,46,2026-03-10T10:49:35+00:00
48367e88-11c1-4415-98b1-f9774a384f8f,2025120702198,2,0,38,2025-12-07 08:00,2025-12-07 17:00,30320,户外农夫,陕西省,西安市,长安区,西安市长安县二郎山,48367e88-11c1-4415-98b1-f9774a384f8f,陕西,西安,,,2025-03-01,2026-03-01,2,serial_id,asc,46,2026-03-10T10:49:35+00:00
990f0043-6c0c-4846-ad50-7a5b295f3acd,2025120702358,2,0,5,2025-11-12 10:37,2025-11-12 17:37,40098,QQWZYTJH,陕西省,西安市,长安区,昆明池·七夕公园,990f0043-6c0c-4846-ad50-7a5b295f3acd,陕西,西安,,,2025-03-01,2026-03-01,2,serial_id,asc,46,2026-03-10T10:49:35+00:00
b2e45a69-31b6-4dda-91b9-f505ce4282a7,2025120702606,2,0,2,2025-12-06 14:29,2025-12-06 17:29,80846,金鱼灯,陕西省,西安市,新城区,大明宫国家遗址公园,b2e45a69-31b6-4dda-91b9-f505ce4282a7,陕西,西安,,,2025-03-01,2026-03-01,2,serial_id,asc,46,2026-03-10T10:49:35+00:00
f112ce6a-d40e-4d95-9707-1bc42859666a,2025120702616,2,0,17,2025-12-07 14:00,2025-12-07 15:00,69716,Licrange,陕西省,西安市,雁塔区,陕西省西安市西安植物园新区,f112ce6a-d40e-4d95-9707-1bc42859666a,陕西,西安,,,2025-03-01,2026-03-01,2,serial_id,asc,46,2026-03-10T10:49:35+00:00
0f84ab4b-e3cd-4a8c-89be-26ff38fff747,2025120702618,2,0,14,2025-12-07 09:13,2025-12-07 12:01,69716,Licrange,陕西省,西安市,莲湖区,丰庆公园,0f84ab4b-e3cd-4a8c-89be-26ff38fff747,陕西,西安,,,2025-03-01,2026-03-01,2,serial_id,asc,46,2026-03-10T10:49:35+00:00
101d4396-57ad-4b64-be6e-6e43b9075bb5,2025120800008,2,0,4,2025-11-30 09:00,2025-11-30 12:00,100963,三文鱼暴食者,陕西省,西安市,鄠邑区,涝渭湿地公园,101d4396-57ad-4b64-be6e-6e43b9075bb5,陕西,西安,,,2025-03-01,2026-03-01,2,serial_id,asc,46,2026-03-10T10:49:35+00:00
570ae5a4-ddc2-4a0f-8449-e87dea3c7c1d,2025120800042,2,0,15,2025-11-27 10:15,2025-11-27 16:15,100662,clouds,陕西省,西安市,长安区,樊川公园,570ae5a4-ddc2-4a0f-8449-e87dea3c7c1d,陕西,西安,,,2025-03-01,2026-03-01,2,serial_id,asc,46,2026-03-10T10:49:35+00:00
c013d4b3-3492-4f85-b0ad-e922eba4f54a,2025120800386,2,0,27,2025-12-08 09:00,2025-12-08 10:00,45951,回声,陕西省,西安市,长安区,长安区杜曲街道杨万坡,c013d4b3-3492-4f85-b0ad-e922eba4f54a,陕西,西安,,,2025-03-01,2026-03-01,2,serial_id,asc,46,2026-03-10T10:49:35+00:00
27d6ef12-c849-44e1-82be-3fd2130343d6,2025120801481,2,0,16,2025-12-08 10:50,2025-12-08 12:00,69716,Licrange,陕西省,西安市,莲湖区,丰庆公园,27d6ef12-c849-44e1-82be-3fd2130343d6,陕西,西安,,,2025-03-01,2026-03-01,2,serial_id,asc,46,2026-03-10T10:49:35+00:00
084f2a7f-8594-4668-bdcc-c69072641cbf,2025120801492,2,0,23,2025-12-08 14:00,2025-12-08 18:00,69716,Licrange,陕西省,西安市,长安区,十里蛤蟆滩稻花乡里农业景区,084f2a7f-8594-4668-bdcc-c69072641cbf,陕西,西安,,,2025-03-01,2026-03-01,2,serial_id,asc,46,2026-03-10T10:49:35+00:00
68943e42-9db9-467a-8350-c22093011cd1,2025120801617,2,0,12,2025-12-08 15:00,2025-12-08 18:02,97223,11Ariana,陕西省,西安市,长安区,十里蛤蟆滩稻花乡里农业景区,68943e42-9db9-467a-8350-c22093011cd1,陕西,西安,,,2025-03-01,2026-03-01,2,serial_id,asc,46,2026-03-10T10:49:35+00:00
a27d5e34-6979-479f-a890-20c74457a800,2025120900100,2,0,29,2025-12-09 08:00,2025-12-09 09:00,45951,回声,陕西省,西安市,长安区,长安区东大街道圭峰山,a27d5e34-6979-479f-a890-20c74457a800,陕西,西安,,,2025-03-01,2026-03-01,2,serial_id,asc,46,2026-03-10T10:49:35+00:00
f7ef8781-0bdb-4e77-84c6-7583e5cfe076,2025120900308,2,0,43,2025-12-09 07:00,2025-12-09 08:00,47058,寄居蟹,陕西省,西安市,长安区,圭峰寺-高冠峪,f7ef8781-0bdb-4e77-84c6-7583e5cfe076,陕西,西安,,,2025-03-01,2026-03-01,2,serial_id,asc,46,2026-03-10T10:49:35+00:00
9ccaaf1f-d7d2-4c73-9ad2-824917373127,2025120900420,2,0,40,2025-12-09 08:00,2025-12-09 11:10,66371,决明子,陕西省,西安市,长安区,圭峰寺-高冠峪,9ccaaf1f-d7d2-4c73-9ad2-824917373127,陕西,西安,,,2025-03-01,2026-03-01,2,serial_id,asc,46,2026-03-10T10:49:35+00:00
143e9dc2-120d-416c-9766-259defec4600,2025120901456,2,0,7,2025-12-08 16:00,2025-12-08 17:00,87138,我爱吃盐筋,陕西省,西安市,鄠邑区,涝渭湿地公园,143e9dc2-120d-416c-9766-259defec4600,陕西,西安,,,2025-03-01,2026-03-01,2,serial_id,asc,46,2026-03-10T10:49:35+00:00
2a69db74-de59-4aaa-9765-e1ed93467437,2025121000336,2,0,8,2025-12-10 11:00,2025-12-10 12:00,11628,石海红,陕西省,西安市,鄠邑区,鄠邑区涝峪河,2a69db74-de59-4aaa-9765-e1ed93467437,陕西,西安,,,2025-03-01,2026-03-01,2,serial_id,asc,46,2026-03-10T10:49:35+00:00
e6d2d91b-8e78-4f15-9a8f-791500a203e6,2025121000625,2,0,12,2025-11-15 09:20,2025-11-15 18:20,89159,兰大绿队冰神瞳,陕西省,西安市,长安区,陕西师范大学(长安校区),e6d2d91b-8e78-4f15-9a8f-791500a203e6,陕西,西安,,,2025-03-01,2026-03-01,2,serial_id,asc,46,2026-03-10T10:49:35+00:00
235c73d5-1894-4f03-b3a4-0c3945449a62,2025121000645,2,0,30,2025-12-09 08:34,2025-12-09 11:34,49593,云狸轩,陕西省,西安市,长安区,圭峰寺,235c73d5-1894-4f03-b3a4-0c3945449a62,陕西,西安,,,2025-03-01,2026-03-01,2,serial_id,asc,46,2026-03-10T10:49:35+00:00
45600525-7e59-4419-a113-6bce796942b1,2025121001420,2,0,25,2025-12-10 07:30,2025-12-10 09:00,33447,血糕粉浆饭,陕西省,西安市,雁塔区,雁南公园,45600525-7e59-4419-a113-6bce796942b1,陕西,西安,,,2025-03-01,2026-03-01,2,serial_id,asc,46,2026-03-10T10:49:35+00:00
1b38e43c-1231-4af0-b85f-04e63be86934,2025121100251,2,0,9,2025-12-11 10:00,2025-12-11 11:00,71401,高蓓,陕西省,西安市,鄠邑区,涝渭湿地公园,1b38e43c-1231-4af0-b85f-04e63be86934,陕西,西安,,,2025-03-01,2026-03-01,2,serial_id,asc,46,2026-03-10T10:49:35+00:00
31ed7566-0be7-4f52-b6da-1587cfee5093,2025121101218,2,0,24,2025-12-11 18:00,2025-12-11 19:00,66398,香香鸡贴贴,陕西省,西安市,长安区,祥峪沟村,31ed7566-0be7-4f52-b6da-1587cfee5093,陕西,西安,,,2025-03-01,2026-03-01,2,serial_id,asc,46,2026-03-10T10:49:35+00:00
a158b2dc-ec9f-4ba7-9147-0fea1c2aa213,2025121101394,2,0,13,2025-12-07 08:00,2025-12-07 11:35,66398,香香鸡贴贴,陕西省,西安市,长安区,圭峰寺,a158b2dc-ec9f-4ba7-9147-0fea1c2aa213,陕西,西安,,,2025-03-01,2026-03-01,2,serial_id,asc,46,2026-03-10T10:49:35+00:00
b759e356-1e11-4930-a918-6460f4e83db4,2025121300243,2,0,14,2025-12-13 08:00,2025-12-13 09:00,99778,xietemmie,陕西省,西安市,蓝田县,蓝田县岱峪水库管理部,b759e356-1e11-4930-a918-6460f4e83db4,陕西,西安,,,2025-03-01,2026-03-01,2,serial_id,asc,46,2026-03-10T10:49:35+00:00
4748aad1-08b2-492f-9516-af802f4ed6eb,2025121300316,2,0,3,2025-12-13 11:00,2025-12-13 12:00,87138,我爱吃盐筋,陕西省,西安市,灞桥区,灞桥生态湿地公园,4748aad1-08b2-492f-9516-af802f4ed6eb,陕西,西安,,,2025-03-01,2026-03-01,2,serial_id,asc,46,2026-03-10T10:49:35+00:00
769c5a4b-97fe-4817-912b-dcd38b430b54,2025121300619,2,0,18,2025-12-13 08:30,2025-12-13 11:30,22527,稻稻,陕西省,西安市,莲湖区,丰庆公园,769c5a4b-97fe-4817-912b-dcd38b430b54,陕西,西安,,,2025-03-01,2026-03-01,2,serial_id,asc,46,2026-03-10T10:49:35+00:00
e23925b2-c020-4553-a761-bb65f45c90bd,2025121300947,2,0,6,2025-12-13 14:00,2025-12-13 15:00,99778,xietemmie,陕西省,西安市,蓝田县,蓝田县滨河东路(陈家坡),e23925b2-c020-4553-a761-bb65f45c90bd,陕西,西安,,,2025-03-01,2026-03-01,2,serial_id,asc,46,2026-03-10T10:49:35+00:00
4106572d-3a78-4d6e-bb70-a83b4e0f8d87,2025121300965,2,0,30,2025-12-13 15:00,2025-12-13 16:00,43432,儿树,陕西省,西安市,灞桥区,西安浐灞桃花潭公园,4106572d-3a78-4d6e-bb70-a83b4e0f8d87,陕西,西安,,,2025-03-01,2026-03-01,2,serial_id,asc,46,2026-03-10T10:49:35+00:00
f34a21a3-1069-4eb7-9907-7ed031a7c0b0,2025121301086,2,0,17,2025-12-13 16:00,2025-12-13 17:00,74437,chaaaaaos,陕西省,西安市,莲湖区,丰庆公园,f34a21a3-1069-4eb7-9907-7ed031a7c0b0,陕西,西安,,,2025-03-01,2026-03-01,2,serial_id,asc,46,2026-03-10T10:49:35+00:00
a0910985-c031-41d2-b1aa-b61ce272a859,2025121301244,2,0,6,2025-12-13 17:00,2025-12-13 18:00,71401,高蓓,陕西省,西安市,雁塔区,西安新植物园,a0910985-c031-41d2-b1aa-b61ce272a859,陕西,西安,,,2025-03-01,2026-03-01,2,serial_id,asc,46,2026-03-10T10:49:35+00:00
179322fd-6100-4711-ace0-99995e303284,2025121301341,2,0,1,2025-12-13 12:41,2025-12-13 18:41,74505,ppop,陕西省,西安市,蓝田县,蓝田县灞源镇峪子沟,179322fd-6100-4711-ace0-99995e303284,陕西,西安,,,2025-03-01,2026-03-01,2,serial_id,asc,46,2026-03-10T10:49:35+00:00
d26db49c-2d3c-4a26-83c6-c096affb718f,2025121301489,2,0,40,2025-12-13 08:00,2025-12-13 11:30,30320,户外农夫,陕西省,西安市,高陵区,泾渭湿地,d26db49c-2d3c-4a26-83c6-c096affb718f,陕西,西安,,,2025-03-01,2026-03-01,2,serial_id,asc,47,2026-03-10T10:49:38+00:00
b49199e0-4e92-4c28-bd9d-a2d679394d67,2025121301621,2,0,37,2025-12-13 13:00,2025-12-13 16:00,30320,户外农夫,陕西省,西安市,临潼区,西安市临潼区渭河,b49199e0-4e92-4c28-bd9d-a2d679394d67,陕西,西安,,,2025-03-01,2026-03-01,2,serial_id,asc,47,2026-03-10T10:49:38+00:00
2ec546bb-23ed-4db6-a79c-379ab501ab89,2025121301678,2,0,11,2025-12-13 10:27,2025-12-13 12:25,15366,yassinlong,陕西省,西安市,新城区,大明宫国家遗址公园,2ec546bb-23ed-4db6-a79c-379ab501ab89,陕西,西安,,,2025-03-01,2026-03-01,2,serial_id,asc,47,2026-03-10T10:49:38+00:00
f64dbb5a-2e9a-473c-9375-8f6eb5fbea7d,2025121400230,2,0,8,2025-12-14 09:00,2025-12-14 10:00,99778,xietemmie,陕西省,西安市,长安区,圭峰寺,f64dbb5a-2e9a-473c-9375-8f6eb5fbea7d,陕西,西安,,,2025-03-01,2026-03-01,2,serial_id,asc,47,2026-03-10T10:49:38+00:00
daad56f7-1b33-4bc4-98b1-2f3f1f8ab19e,2025121400393,2,0,5,2025-11-22 12:30,2025-11-22 13:30,81608,Watson,陕西省,西安市,碑林区,西安博物院,daad56f7-1b33-4bc4-98b1-2f3f1f8ab19e,陕西,西安,,,2025-03-01,2026-03-01,2,serial_id,asc,47,2026-03-10T10:49:38+00:00
e5042dde-9355-4405-8af8-d0fc14d3630d,2025121400846,2,0,11,2025-12-14 12:00,2025-12-14 13:00,80145,李自在,陕西省,西安市,莲湖区,丰庆公园,e5042dde-9355-4405-8af8-d0fc14d3630d,陕西,西安,,,2025-03-01,2026-03-01,2,serial_id,asc,47,2026-03-10T10:49:38+00:00
a9a7f9d5-148a-4391-867d-eae556b549c5,2025121401073,2,0,10,2025-12-14 13:00,2025-12-14 14:00,73666,春水云上,陕西省,西安市,长安区,清真田园农家,a9a7f9d5-148a-4391-867d-eae556b549c5,陕西,西安,,,2025-03-01,2026-03-01,2,serial_id,asc,47,2026-03-10T10:49:38+00:00
8cfcbfb6-a88c-4ca0-bdcd-60bce61fb306,2025121401117,2,0,5,2025-12-14 14:00,2025-12-14 15:00,45951,回声,陕西省,西安市,高陵区,泾渭分明交汇点,8cfcbfb6-a88c-4ca0-bdcd-60bce61fb306,陕西,西安,,,2025-03-01,2026-03-01,2,serial_id,asc,47,2026-03-10T10:49:38+00:00
f33c3e84-0b8c-4d8b-9373-aa596e7dad84,2025121401851,2,0,19,2025-12-13 17:02,2025-12-13 17:45,87138,我爱吃盐筋,陕西省,西安市,灞桥区,灞桥生态湿地公园,f33c3e84-0b8c-4d8b-9373-aa596e7dad84,陕西,西安,,,2025-03-01,2026-03-01,2,serial_id,asc,47,2026-03-10T10:49:38+00:00
fc63a13b-a9e1-46f6-96e6-aec676649bb0,2025121402304,2,0,16,2025-12-14 18:00,2025-12-14 19:00,54636,鹊影,陕西省,西安市,莲湖区,丰庆公园,fc63a13b-a9e1-46f6-96e6-aec676649bb0,陕西,西安,,,2025-03-01,2026-03-01,2,serial_id,asc,47,2026-03-10T10:49:38+00:00
6f024282-c839-4c20-871e-312f5e41ab21,2025121402353,2,0,6,2025-12-14 18:00,2025-12-14 19:00,85326,longpi,陕西省,西安市,长安区,樊川公园,6f024282-c839-4c20-871e-312f5e41ab21,陕西,西安,,,2025-03-01,2026-03-01,2,serial_id,asc,47,2026-03-10T10:49:38+00:00
2aa85f25-6263-46de-a053-d6a41fbc7d66,2025121402963,2,0,26,2025-12-14 08:15,2025-12-14 11:30,66371,决明子,陕西省,西安市,长安区,昆明池·七夕公园,2aa85f25-6263-46de-a053-d6a41fbc7d66,陕西,西安,,,2025-03-01,2026-03-01,2,serial_id,asc,47,2026-03-10T10:49:38+00:00
e5fb31f0-8a15-4d94-a8c5-dc55b7235f97,2025121403068,2,0,28,2025-12-13 08:00,2025-12-13 12:00,15090,刑小天在西交创新港,陕西省,西安市,蓝田县,西安市蓝田县下岱峪村,e5fb31f0-8a15-4d94-a8c5-dc55b7235f97,陕西,西安,,,2025-03-01,2026-03-01,2,serial_id,asc,47,2026-03-10T10:49:38+00:00
180559e6-c9e4-4416-8656-665c2be06fd0,2025121403085,2,0,26,2025-12-14 08:01,2025-12-14 12:42,15090,刑小天在西交创新港,陕西省,西安市,长安区,圭峰寺,180559e6-c9e4-4416-8656-665c2be06fd0,陕西,西安,,,2025-03-01,2026-03-01,2,serial_id,asc,47,2026-03-10T10:49:38+00:00
eaefc5be-c245-48cb-88fd-6dce03f53127,2025121500818,2,0,32,2025-10-31 12:00,2025-10-31 19:06,72513,逸风,陕西省,西安市,未央区,西安浐灞国家湿地公园,eaefc5be-c245-48cb-88fd-6dce03f53127,陕西,西安,,,2025-03-01,2026-03-01,2,serial_id,asc,47,2026-03-10T10:49:38+00:00
c5fb79da-2950-440a-8b38-14a7932a5547,2025121500828,2,0,8,2025-11-11 16:03,2025-11-11 19:14,72513,逸风,陕西省,西安市,雁塔区,曲江池遗址公园,c5fb79da-2950-440a-8b38-14a7932a5547,陕西,西安,,,2025-03-01,2026-03-01,2,serial_id,asc,47,2026-03-10T10:49:38+00:00
b7a38f5e-3a15-4916-b7be-81d4f1bfdaa8,2025121501021,2,0,4,2025-12-15 16:10,2025-12-15 17:10,57607,西石大绿源白鱀豚,陕西省,西安市,鄠邑区,西安石油大学(鄠邑校区),b7a38f5e-3a15-4916-b7be-81d4f1bfdaa8,陕西,西安,,,2025-03-01,2026-03-01,2,serial_id,asc,47,2026-03-10T10:49:38+00:00
9c062851-2f53-489c-bd3c-0622286ca0f0,2025121600215,2,0,30,2025-12-13 08:00,2025-12-13 11:35,69716,Licrange,陕西省,西安市,灞桥区,桃花潭,9c062851-2f53-489c-bd3c-0622286ca0f0,陕西,西安,,,2025-03-01,2026-03-01,2,serial_id,asc,47,2026-03-10T10:49:38+00:00
664c710b-ec75-44b3-a871-033b7eae54c4,2025121600677,2,0,18,2025-12-15 15:00,2025-12-16 11:00,55728,Jervis,陕西省,西安市,长安区,圭峰寺,664c710b-ec75-44b3-a871-033b7eae54c4,陕西,西安,,,2025-03-01,2026-03-01,2,serial_id,asc,47,2026-03-10T10:49:38+00:00
39f90422-5199-49c7-8632-28756aa9550c,2025121600932,2,0,6,2025-11-11 10:00,2025-11-11 11:00,101753,Aaaaaple,陕西省,西安市,碑林区,工科楼旁柿子林,39f90422-5199-49c7-8632-28756aa9550c,陕西,西安,,,2025-03-01,2026-03-01,2,serial_id,asc,47,2026-03-10T10:49:38+00:00
1851b0c0-cb76-4f52-89ff-1c0685377978,2025121600933,2,0,6,2025-11-11 10:00,2025-11-11 11:00,101753,Aaaaaple,陕西省,西安市,碑林区,西安建筑科技大学校史馆旁花园,1851b0c0-cb76-4f52-89ff-1c0685377978,陕西,西安,,,2025-03-01,2026-03-01,2,serial_id,asc,47,2026-03-10T10:49:38+00:00
c44c3d9d-fa3b-4bb0-bc14-dd9c64cdddd1,2025121600934,2,0,1,2025-11-11 10:00,2025-11-11 11:00,101753,Aaaaaple,陕西省,西安市,碑林区,西安建筑科技大学西阶,c44c3d9d-fa3b-4bb0-bc14-dd9c64cdddd1,陕西,西安,,,2025-03-01,2026-03-01,2,serial_id,asc,47,2026-03-10T10:49:38+00:00
387b15da-b1a1-4845-b9f8-ffefaf7ed774,2025121601445,2,0,30,2025-12-14 11:00,2025-12-14 12:00,66398,香香鸡贴贴,陕西省,西安市,长安区,昆明池·七夕公园,387b15da-b1a1-4845-b9f8-ffefaf7ed774,陕西,西安,,,2025-03-01,2026-03-01,2,serial_id,asc,47,2026-03-10T10:49:38+00:00
5226b7fd-0220-4c5c-b697-545aa48738be,2025121700935,2,0,27,2025-12-17 13:00,2025-12-17 14:30,33447,血糕粉浆饭,陕西省,西安市,未央区,浐灞国家湿地公园&灞渭桥,5226b7fd-0220-4c5c-b697-545aa48738be,陕西,西安,,,2025-03-01,2026-03-01,2,serial_id,asc,47,2026-03-10T10:49:38+00:00
f1c3de6a-4c4a-4447-b825-4c7ee1979568,2025121701000,2,0,17,2025-12-17 15:00,2025-12-17 16:00,71401,高蓓,陕西省,西安市,未央区,幸福渠桥,f1c3de6a-4c4a-4447-b825-4c7ee1979568,陕西,西安,,,2025-03-01,2026-03-01,2,serial_id,asc,47,2026-03-10T10:49:38+00:00
630ecc7b-f0fb-4b4c-b0a4-ed2189f5c827,2025121701427,2,0,16,2025-12-17 16:00,2025-12-17 18:24,72513,逸风,陕西省,西安市,雁塔区,曲江池遗址公园,630ecc7b-f0fb-4b4c-b0a4-ed2189f5c827,陕西,西安,,,2025-03-01,2026-03-01,2,serial_id,asc,47,2026-03-10T10:49:38+00:00
62594f62-e1de-4afd-a3af-df3aae32e8d8,2025121701504,2,0,13,2025-12-16 10:00,2025-12-16 13:30,87423,糕糕在上的高高鸡,陕西省,西安市,莲湖区,丰庆公园,62594f62-e1de-4afd-a3af-df3aae32e8d8,陕西,西安,,,2025-03-01,2026-03-01,2,serial_id,asc,47,2026-03-10T10:49:38+00:00
95b8fa4d-db44-4940-8259-5cde46355494,2025121701536,2,0,1,2025-12-12 09:27,2025-12-12 12:34,74487,重mb,陕西省,西安市,鄠邑区,涝渭湿地公园,95b8fa4d-db44-4940-8259-5cde46355494,陕西,西安,,,2025-03-01,2026-03-01,2,serial_id,asc,47,2026-03-10T10:49:38+00:00
fea364e2-4931-4c4e-9a80-da3a147a9bf3,2025121800773,2,0,26,2025-12-18 14:00,2025-12-18 15:00,86307,李封真,陕西省,西安市,鄠邑区,涝渭湿地公园,fea364e2-4931-4c4e-9a80-da3a147a9bf3,陕西,西安,,,2025-03-01,2026-03-01,2,serial_id,asc,47,2026-03-10T10:49:38+00:00
6d57a9d4-efa5-43dc-b8ed-edf6f4b4915e,2025121800811,2,0,3,2025-08-09 09:14,2025-08-09 10:14,68405,Zamensis,陕西省,西安市,鄠邑区,太平国家森林公园,6d57a9d4-efa5-43dc-b8ed-edf6f4b4915e,陕西,西安,,,2025-03-01,2026-03-01,2,serial_id,asc,47,2026-03-10T10:49:38+00:00
755064eb-f282-435d-9a46-e5b78c77421c,2025121800964,2,0,8,2025-12-17 16:30,2025-12-17 17:30,71440,meowto,陕西省,西安市,碑林区,西安交通大学兴庆校区,755064eb-f282-435d-9a46-e5b78c77421c,陕西,西安,,,2025-03-01,2026-03-01,2,serial_id,asc,47,2026-03-10T10:49:38+00:00
f45cb1d7-4686-46ad-bf06-063d53e165f3,2025121900218,2,0,5,2025-12-19 09:00,2025-12-19 10:00,101910,ikai0921,陕西省,西安市,碑林区,若祁湖,f45cb1d7-4686-46ad-bf06-063d53e165f3,陕西,西安,,,2025-03-01,2026-03-01,2,serial_id,asc,47,2026-03-10T10:49:38+00:00
727fde8c-1465-4654-a940-f28e19821415,2025121900228,2,0,4,2025-12-19 09:00,2025-12-19 10:00,101910,ikai0921,陕西省,西安市,碑林区,校史馆绿地,727fde8c-1465-4654-a940-f28e19821415,陕西,西安,,,2025-03-01,2026-03-01,2,serial_id,asc,47,2026-03-10T10:49:38+00:00
9c92d982-a247-4c09-99c5-d70bd07cb04a,2025121900243,2,0,3,2025-12-19 09:00,2025-12-19 10:00,101910,ikai0921,陕西省,西安市,碑林区,柿子林,9c92d982-a247-4c09-99c5-d70bd07cb04a,陕西,西安,,,2025-03-01,2026-03-01,2,serial_id,asc,47,2026-03-10T10:49:38+00:00
6e4abc9b-1742-4ae4-b397-291affcf1d60,2025121900264,2,0,2,2025-12-19 10:00,2025-12-19 11:00,101910,ikai0921,陕西省,西安市,碑林区,南门花园,6e4abc9b-1742-4ae4-b397-291affcf1d60,陕西,西安,,,2025-03-01,2026-03-01,2,serial_id,asc,47,2026-03-10T10:49:38+00:00
cba9293d-4d9d-4f27-8a6c-135283a51beb,2025121900339,2,0,2,2025-12-19 10:00,2025-12-19 11:00,101910,ikai0921,陕西省,西安市,碑林区,银杏广场,cba9293d-4d9d-4f27-8a6c-135283a51beb,陕西,西安,,,2025-03-01,2026-03-01,2,serial_id,asc,47,2026-03-10T10:49:38+00:00
f631f766-8892-4798-be18-5b5a18f23b4d,2025121900405,2,0,3,2025-12-19 10:12,2025-12-19 11:12,10029,长天,陕西省,西安市,临潼区,华清池,f631f766-8892-4798-be18-5b5a18f23b4d,陕西,西安,,,2025-03-01,2026-03-01,2,serial_id,asc,47,2026-03-10T10:49:38+00:00
f18dbbf9-6775-4da0-a693-1a790435b49f,2025121900424,2,0,19,2025-12-19 09:00,2025-12-19 14:00,73554,白鹡鸰早起去观鸟,陕西省,西安市,长安区,圭峰山,f18dbbf9-6775-4da0-a693-1a790435b49f,陕西,西安,,,2025-03-01,2026-03-01,2,serial_id,asc,47,2026-03-10T10:49:38+00:00
f28b1b3b-650d-4803-bba1-db2a5f97845d,2025121900782,2,0,9,2025-12-19 15:00,2025-12-19 16:00,101958,Pearla,陕西省,西安市,长安区,长安公园,f28b1b3b-650d-4803-bba1-db2a5f97845d,陕西,西安,,,2025-03-01,2026-03-01,2,serial_id,asc,47,2026-03-10T10:49:38+00:00
25ce56b5-b3f5-4bca-ab24-37a310dc5e28,2025121900793,2,0,5,2025-12-19 15:00,2025-12-19 16:00,67815,漂泊鸠,陕西省,西安市,临潼区,华清宫景区,25ce56b5-b3f5-4bca-ab24-37a310dc5e28,陕西,西安,,,2025-03-01,2026-03-01,2,serial_id,asc,47,2026-03-10T10:49:38+00:00
23140278-2595-4cf3-a4af-9457ac4a4a60,2025121900821,2,0,2,2025-12-19 16:00,2025-12-19 17:00,85816,Moring,陕西省,西安市,未央区,浐灞国家湿地公园,23140278-2595-4cf3-a4af-9457ac4a4a60,陕西,西安,,,2025-03-01,2026-03-01,2,serial_id,asc,47,2026-03-10T10:49:38+00:00
e239e9a3-c4b9-4dda-a33d-6f30983f6e39,2025121900870,2,0,10,2025-12-19 16:00,2025-12-19 17:00,73554,白鹡鸰早起去观鸟,陕西省,西安市,长安区,长安公园,e239e9a3-c4b9-4dda-a33d-6f30983f6e39,陕西,西安,,,2025-03-01,2026-03-01,2,serial_id,asc,47,2026-03-10T10:49:38+00:00
c7f1f431-9e6a-41a3-88ef-41041909fbbf,2025121900984,2,0,31,2025-12-19 17:00,2025-12-19 18:00,30754,leoo,陕西省,西安市,周至县,杨凌渭河湿地生态公园,c7f1f431-9e6a-41a3-88ef-41041909fbbf,陕西,西安,,,2025-03-01,2026-03-01,2,serial_id,asc,47,2026-03-10T10:49:38+00:00
f81e1b75-500e-47e8-a7db-e7a4061122ad,2025121901088,2,0,14,2025-12-14 07:30,2025-12-14 10:30,72513,逸风,陕西省,西安市,长安区,沣峪,f81e1b75-500e-47e8-a7db-e7a4061122ad,陕西,西安,,,2025-03-01,2026-03-01,2,serial_id,asc,47,2026-03-10T10:49:38+00:00
a0765432-2101-48cd-b1b0-189dee4b09a5,2025122000677,2,0,17,2025-12-20 10:24,2025-12-20 12:24,15366,yassinlong,陕西省,西安市,新城区,大明宫国家遗址公园,a0765432-2101-48cd-b1b0-189dee4b09a5,陕西,西安,,,2025-03-01,2026-03-01,2,serial_id,asc,47,2026-03-10T10:49:38+00:00
b06eadb0-837b-4dfd-964c-d9bbc14c61fb,2025122001268,2,0,13,2025-12-20 13:00,2025-12-20 14:00,83227,sunxx,陕西省,西安市,阎良区,西安市阎良清河,b06eadb0-837b-4dfd-964c-d9bbc14c61fb,陕西,西安,,,2025-03-01,2026-03-01,2,serial_id,asc,47,2026-03-10T10:49:38+00:00
260a9273-4c3e-4e98-8fd0-e65a04705667,2025122001313,2,0,5,2025-12-20 16:00,2025-12-20 17:00,95835,lucyzhang,陕西省,西安市,长安区,长安区樊川公园(潏河路南200米),260a9273-4c3e-4e98-8fd0-e65a04705667,陕西,西安,,,2025-03-01,2026-03-01,2,serial_id,asc,47,2026-03-10T10:49:38+00:00
6915e057-4e89-4e40-9d2d-1fa7fd969e2e,2025122001962,2,0,7,2025-12-20 19:00,2025-12-20 20:00,85816,Moring,陕西省,西安市,未央区,幸福渠桥,6915e057-4e89-4e40-9d2d-1fa7fd969e2e,陕西,西安,,,2025-03-01,2026-03-01,2,serial_id,asc,47,2026-03-10T10:49:38+00:00
834d9671-e0d7-437d-ba5a-1e3b8dde1ca3,2025122002406,2,0,12,2025-12-20 11:16,2025-12-20 15:16,83426,江晚,陕西省,西安市,长安区,西安秦岭野生动物园,834d9671-e0d7-437d-ba5a-1e3b8dde1ca3,陕西,西安,,,2025-03-01,2026-03-01,2,serial_id,asc,47,2026-03-10T10:49:38+00:00
ad5e61bb-c00c-4b6e-ac90-4c5847081404,2025122002473,2,0,11,2025-12-20 14:00,2025-12-20 15:48,63026,gallups,陕西省,西安市,长安区,樊川公园,ad5e61bb-c00c-4b6e-ac90-4c5847081404,陕西,西安,,,2025-03-01,2026-03-01,2,serial_id,asc,47,2026-03-10T10:49:38+00:00
cef4c980-f2c8-4cdc-a1d3-454dc803ffc9,2025122100109,2,0,3,2025-12-21 07:00,2025-12-21 08:00,98481,袁文博,陕西省,西安市,碑林区,西安建筑科技大学池塘凉亭,cef4c980-f2c8-4cdc-a1d3-454dc803ffc9,陕西,西安,,,2025-03-01,2026-03-01,2,serial_id,asc,48,2026-03-10T10:49:40+00:00
70365cfb-15f2-45be-a1e4-3f62d9074fd0,2025122100392,2,0,26,2025-12-20 08:00,2025-12-20 11:00,15090,刑小天在西交创新港,陕西省,西安市,鄠邑区,涝渭湿地公园,70365cfb-15f2-45be-a1e4-3f62d9074fd0,陕西,西安,,,2025-03-01,2026-03-01,2,serial_id,asc,48,2026-03-10T10:49:40+00:00
6d72a8ae-c23b-4f1c-b8ff-e4ddaeb93c04,2025122100439,2,0,15,2025-12-21 10:00,2025-12-21 11:00,11628,石海红,陕西省,西安市,碑林区,碑林区兴庆宫公园(兴庆宫公园初阳门西北200米),6d72a8ae-c23b-4f1c-b8ff-e4ddaeb93c04,陕西,西安,,,2025-03-01,2026-03-01,2,serial_id,asc,48,2026-03-10T10:49:40+00:00
7606912f-75d7-404a-bf54-5b3558048a19,2025122100741,2,0,14,2025-09-29 09:30,2025-09-29 17:30,87423,糕糕在上的高高鸡,陕西省,西安市,鄠邑区,朱雀国家森岭公园,7606912f-75d7-404a-bf54-5b3558048a19,陕西,西安,,,2025-03-01,2026-03-01,2,serial_id,asc,48,2026-03-10T10:49:40+00:00
91f22834-23ba-48e9-a0e9-326b77916e94,2025122101190,2,0,33,2025-12-20 08:20,2025-12-20 11:20,64371,李大顺,陕西省,西安市,鄠邑区,涝渭湿地公园,91f22834-23ba-48e9-a0e9-326b77916e94,陕西,西安,,,2025-03-01,2026-03-01,2,serial_id,asc,48,2026-03-10T10:49:40+00:00
63c8260b-4322-44f6-8478-8513d418a801,2025122101269,2,0,5,2025-12-21 15:00,2025-12-21 16:00,98481,袁文博,陕西省,西安市,碑林区,西安建筑科技大学池塘凉亭,63c8260b-4322-44f6-8478-8513d418a801,陕西,西安,,,2025-03-01,2026-03-01,2,serial_id,asc,48,2026-03-10T10:49:40+00:00
ad02bc65-d1c8-40fe-8e55-6c8830260dcd,2025122101322,2,0,20,2025-12-21 15:00,2025-12-21 16:00,85816,Moring,陕西省,西安市,高陵区,高陵区泾渭湿地观光园,ad02bc65-d1c8-40fe-8e55-6c8830260dcd,陕西,西安,,,2025-03-01,2026-03-01,2,serial_id,asc,48,2026-03-10T10:49:40+00:00
8a6e127e-a98c-4491-b251-d0a183ba356f,2025122101411,2,0,9,2025-12-21 10:00,2025-12-21 15:00,95682,鲸鱼Ren,陕西省,西安市,长安区,樊川公园,8a6e127e-a98c-4491-b251-d0a183ba356f,陕西,西安,,,2025-03-01,2026-03-01,2,serial_id,asc,48,2026-03-10T10:49:40+00:00
99b0f32f-0d9d-4836-a500-aeed4f9bafed,2025122101420,2,0,17,2025-12-21 10:00,2025-12-21 15:00,64371,李大顺,陕西省,西安市,长安区,樊川公园,99b0f32f-0d9d-4836-a500-aeed4f9bafed,陕西,西安,,,2025-03-01,2026-03-01,2,serial_id,asc,48,2026-03-10T10:49:40+00:00
18d83e30-18fb-486f-a0e0-340169371e11,2025122101615,2,0,5,2025-12-20 16:00,2025-12-20 17:00,49588,向申博,陕西省,西安市,长安区,长安区樊川公园(潏河路南200米),18d83e30-18fb-486f-a0e0-340169371e11,陕西,西安,,,2025-03-01,2026-03-01,2,serial_id,asc,48,2026-03-10T10:49:40+00:00
25ec8033-45fb-4f37-8942-4a9d02b6797f,2025122101745,2,0,26,2025-12-21 11:00,2025-12-21 17:00,54636,鹊影,陕西省,西安市,长安区,圭峰寺,25ec8033-45fb-4f37-8942-4a9d02b6797f,陕西,西安,,,2025-03-01,2026-03-01,2,serial_id,asc,48,2026-03-10T10:49:40+00:00
061815da-df0b-4498-ba45-665867e0dc1a,2025122101898,2,0,7,2025-12-21 13:30,2025-12-21 15:30,63026,gallups,陕西省,西安市,长安区,黄峪沟,061815da-df0b-4498-ba45-665867e0dc1a,陕西,西安,,,2025-03-01,2026-03-01,2,serial_id,asc,48,2026-03-10T10:49:40+00:00
f388dbde-e0b0-4dd6-b2f8-4a826c0c2e45,2025122101930,2,0,12,2025-12-21 08:00,2025-12-21 13:00,63026,gallups,陕西省,西安市,长安区,圭峰寺,f388dbde-e0b0-4dd6-b2f8-4a826c0c2e45,陕西,西安,,,2025-03-01,2026-03-01,2,serial_id,asc,48,2026-03-10T10:49:40+00:00
0d7a55c6-171d-41b6-80f9-6dfb3b0b5f70,2025122200504,2,0,5,2025-12-22 11:00,2025-12-22 12:00,98414,宋家熙,陕西省,西安市,碑林区,西安建筑科技大学(雁塔校区)校史馆花园,0d7a55c6-171d-41b6-80f9-6dfb3b0b5f70,陕西,西安,,,2025-03-01,2026-03-01,2,serial_id,asc,48,2026-03-10T10:49:40+00:00
668e2f56-5f1e-46e4-90de-5b3cb5a94589,2025122200525,2,0,5,2025-12-22 11:00,2025-12-22 12:00,98417,柴子姗,陕西省,西安市,碑林区,西安建筑科技大学(雁塔校区)校史馆花园,668e2f56-5f1e-46e4-90de-5b3cb5a94589,陕西,西安,,,2025-03-01,2026-03-01,2,serial_id,asc,48,2026-03-10T10:49:40+00:00
06ad983f-92e1-4dd6-aeec-536d25fc10fc,2025122200948,2,0,5,2025-11-11 10:00,2025-11-11 11:00,98493,青葱鱼块,陕西省,西安市,碑林区,西安建筑科技大学(雁塔校区),06ad983f-92e1-4dd6-aeec-536d25fc10fc,陕西,西安,,,2025-03-01,2026-03-01,2,serial_id,asc,48,2026-03-10T10:49:40+00:00
f79124c0-0f90-4029-af08-b8a1a2a298c3,2025122200992,2,0,5,2025-12-22 15:00,2025-12-22 16:00,98452,just,陕西省,西安市,碑林区,西安建筑科技大学(雁塔校区)若祁湖,f79124c0-0f90-4029-af08-b8a1a2a298c3,陕西,西安,,,2025-03-01,2026-03-01,2,serial_id,asc,48,2026-03-10T10:49:40+00:00
c9d78ee8-d7af-4dfe-aa71-ff0bd5db4a9f,2025122201001,2,0,2,2025-12-22 16:00,2025-12-22 17:00,98493,青葱鱼块,陕西省,西安市,碑林区,主楼前绿地,c9d78ee8-d7af-4dfe-aa71-ff0bd5db4a9f,陕西,西安,,,2025-03-01,2026-03-01,2,serial_id,asc,48,2026-03-10T10:49:40+00:00
70c9b6ca-5ee9-4599-b3d3-4c61f87a2322,2025122201294,2,0,11,2025-12-21 14:32,2025-12-21 15:32,69716,Licrange,陕西省,西安市,碑林区,西安建筑科技大学,70c9b6ca-5ee9-4599-b3d3-4c61f87a2322,陕西,西安,,,2025-03-01,2026-03-01,2,serial_id,asc,48,2026-03-10T10:49:40+00:00
df2c7aa5-fbad-4284-87f3-39cf6e67b6fd,2025122300056,2,0,5,2025-12-23 06:00,2025-12-23 07:00,97220,马峻庭,陕西省,西安市,碑林区,西安建筑科技大学池塘凉亭,df2c7aa5-fbad-4284-87f3-39cf6e67b6fd,陕西,西安,,,2025-03-01,2026-03-01,2,serial_id,asc,48,2026-03-10T10:49:40+00:00
8f1b8158-6b28-42dc-a06b-2fb74d1d64d8,2025122300072,2,0,6,2025-12-23 07:00,2025-12-23 08:00,98456,王靖宜,陕西省,西安市,碑林区,工科楼柿子林,8f1b8158-6b28-42dc-a06b-2fb74d1d64d8,陕西,西安,,,2025-03-01,2026-03-01,2,serial_id,asc,48,2026-03-10T10:49:40+00:00
3430dac4-4408-49f6-a475-ff7f90c06357,2025122300079,2,0,6,2025-12-23 07:00,2025-12-23 08:00,98413,Jingle,陕西省,西安市,碑林区,西安建筑科技大学(雁塔校区)网球场南侧,3430dac4-4408-49f6-a475-ff7f90c06357,陕西,西安,,,2025-03-01,2026-03-01,2,serial_id,asc,48,2026-03-10T10:49:40+00:00
a3a519f7-68e4-490d-ab59-ee1f68543218,2025122300087,2,0,6,2025-12-23 07:00,2025-12-23 08:00,98423,ellie,陕西省,西安市,碑林区,西安建筑科技大学(雁塔校区)网球场南侧,a3a519f7-68e4-490d-ab59-ee1f68543218,陕西,西安,,,2025-03-01,2026-03-01,2,serial_id,asc,48,2026-03-10T10:49:40+00:00
6cb3fb2d-22ce-4c09-9964-791a1bf26c08,2025122300088,2,0,4,2025-12-23 07:00,2025-12-23 08:00,98456,王靖宜,陕西省,西安市,碑林区,校史馆花园,6cb3fb2d-22ce-4c09-9964-791a1bf26c08,陕西,西安,,,2025-03-01,2026-03-01,2,serial_id,asc,48,2026-03-10T10:49:40+00:00
6ced897d-38a0-4929-9e5e-0c0b62178247,2025122300091,2,0,6,2025-12-23 07:00,2025-12-23 08:00,98415,蛤蛤呱,陕西省,西安市,碑林区,西安建筑科技大学(雁塔校区)工科楼柿子林,6ced897d-38a0-4929-9e5e-0c0b62178247,陕西,西安,,,2025-03-01,2026-03-01,2,serial_id,asc,48,2026-03-10T10:49:40+00:00
63b36a79-eb8e-4325-9092-10dfcdad320d,2025122300092,2,0,4,2025-12-23 07:00,2025-12-23 08:00,98415,蛤蛤呱,陕西省,西安市,碑林区,西安建筑科技大学校史馆花园,63b36a79-eb8e-4325-9092-10dfcdad320d,陕西,西安,,,2025-03-01,2026-03-01,2,serial_id,asc,48,2026-03-10T10:49:40+00:00
d053eedd-1f0d-4743-9c5b-876b6f458baf,2025122300100,2,0,2,2025-12-23 07:00,2025-12-23 08:00,98413,Jingle,陕西省,西安市,碑林区,西安建筑科技大学(雁塔校区)体育馆南侧银杏林,d053eedd-1f0d-4743-9c5b-876b6f458baf,陕西,西安,,,2025-03-01,2026-03-01,2,serial_id,asc,48,2026-03-10T10:49:40+00:00
609bd55b-5f15-4c7b-90c3-843ecaa2d129,2025122300107,2,0,4,2025-12-23 08:00,2025-12-23 08:30,98435,熊玉菡,陕西省,西安市,碑林区,西安建筑科技大学(雁塔校区)逸夫楼花园,609bd55b-5f15-4c7b-90c3-843ecaa2d129,陕西,西安,,,2025-03-01,2026-03-01,2,serial_id,asc,48,2026-03-10T10:49:40+00:00
6a1fefa4-5ba4-4734-ba88-1f950432e1e5,2025122300110,2,0,4,2025-12-23 08:00,2025-12-23 09:00,98771,wsndwyz789,陕西省,西安市,碑林区,西安建筑科技大学(雁塔校区),6a1fefa4-5ba4-4734-ba88-1f950432e1e5,陕西,西安,,,2025-03-01,2026-03-01,2,serial_id,asc,48,2026-03-10T10:49:40+00:00
a5b8d3f5-55a8-4049-ab47-3c077f0d20ed,2025122300113,2,0,5,2025-12-23 08:00,2025-12-23 09:00,98436,韩啟明,陕西省,西安市,碑林区,西安建筑科技大学(雁塔校区校史馆花园),a5b8d3f5-55a8-4049-ab47-3c077f0d20ed,陕西,西安,,,2025-03-01,2026-03-01,2,serial_id,asc,48,2026-03-10T10:49:40+00:00
78264bca-a238-4db0-a91f-a3d513b38264,2025122300114,2,0,5,2025-12-23 08:00,2025-12-23 09:00,98433,李笑萱,陕西省,西安市,碑林区,西安建筑科技大学(雁塔校区)校史馆花园,78264bca-a238-4db0-a91f-a3d513b38264,陕西,西安,,,2025-03-01,2026-03-01,2,serial_id,asc,48,2026-03-10T10:49:40+00:00
c078f1b2-1ba8-400d-b818-cd297ba0bc14,2025122300115,2,0,5,2025-12-23 08:00,2025-12-23 09:00,98440,马欣蕊,陕西省,西安市,碑林区,西安建筑科技大学(雁塔校区)若祈湖,c078f1b2-1ba8-400d-b818-cd297ba0bc14,陕西,西安,,,2025-03-01,2026-03-01,2,serial_id,asc,48,2026-03-10T10:49:40+00:00
fe1cdf72-edf0-4914-86fd-da804238904b,2025122300116,2,0,4,2025-12-23 08:00,2025-12-23 09:00,98772,张紫贤,陕西省,西安市,碑林区,西安建筑科技大学(雁塔校区)主楼,fe1cdf72-edf0-4914-86fd-da804238904b,陕西,西安,,,2025-03-01,2026-03-01,2,serial_id,asc,48,2026-03-10T10:49:40+00:00
26967f6b-69cc-4aba-8f80-ae28d3bf58bc,2025122300118,2,0,4,2025-12-23 08:00,2025-12-23 09:00,98773,三好小狗,陕西省,西安市,碑林区,西安建筑科技大学(雁塔校区)若祁湖,26967f6b-69cc-4aba-8f80-ae28d3bf58bc,陕西,西安,,,2025-03-01,2026-03-01,2,serial_id,asc,48,2026-03-10T10:49:40+00:00
aa48a797-c6ae-4044-80ca-746c56a6a2ad,2025122300119,2,0,4,2025-12-23 08:00,2025-12-23 09:00,98449,文洁,陕西省,西安市,碑林区,西安建筑科技大学(雁塔校区)教学主楼若祁湖,aa48a797-c6ae-4044-80ca-746c56a6a2ad,陕西,西安,,,2025-03-01,2026-03-01,2,serial_id,asc,48,2026-03-10T10:49:40+00:00
920f0a06-8b0c-4723-a5a2-c63140bd45e4,2025122300122,2,0,2,2025-12-23 08:00,2025-12-23 09:00,98423,ellie,陕西省,西安市,碑林区,西安建筑科技大学(雁塔校区)银杏林,920f0a06-8b0c-4723-a5a2-c63140bd45e4,陕西,西安,,,2025-03-01,2026-03-01,2,serial_id,asc,48,2026-03-10T10:49:40+00:00
4de70c97-b5df-4c32-8c4c-40285b71b092,2025122300128,2,0,6,2025-12-23 08:00,2025-12-23 09:00,98436,韩啟明,陕西省,西安市,碑林区,西安建筑科技大学(雁塔校区)若祁湖,4de70c97-b5df-4c32-8c4c-40285b71b092,陕西,西安,,,2025-03-01,2026-03-01,2,serial_id,asc,48,2026-03-10T10:49:40+00:00
d9ea148a-6ce6-46bd-9bc6-2e263677bb59,2025122300152,2,0,5,2025-12-23 08:00,2025-12-23 09:00,98771,wsndwyz789,陕西省,西安市,碑林区,西安建筑科技大学(雁塔校区)工科大楼,d9ea148a-6ce6-46bd-9bc6-2e263677bb59,陕西,西安,,,2025-03-01,2026-03-01,2,serial_id,asc,48,2026-03-10T10:49:40+00:00
d6699e85-bba4-4762-8be0-22e4b9138c45,2025122300153,2,0,5,2025-12-23 08:00,2025-12-23 09:00,98772,张紫贤,陕西省,西安市,碑林区,西安建筑科技大学(雁塔校区),d6699e85-bba4-4762-8be0-22e4b9138c45,陕西,西安,,,2025-03-01,2026-03-01,2,serial_id,asc,48,2026-03-10T10:49:40+00:00
3cc18f4d-e1d8-4cdf-8248-d0c978992307,2025122300155,2,0,5,2025-12-23 08:00,2025-12-23 09:00,98773,三好小狗,陕西省,西安市,碑林区,西安建筑科技大学(雁塔校区)柿子林,3cc18f4d-e1d8-4cdf-8248-d0c978992307,陕西,西安,,,2025-03-01,2026-03-01,2,serial_id,asc,48,2026-03-10T10:49:40+00:00
812896d1-df81-4407-90f0-b109cb61ff69,2025122300157,2,0,4,2025-12-23 08:00,2025-12-23 09:00,98433,李笑萱,陕西省,西安市,碑林区,西安建筑科技大学(雁塔校区)若祁湖,812896d1-df81-4407-90f0-b109cb61ff69,陕西,西安,,,2025-03-01,2026-03-01,2,serial_id,asc,48,2026-03-10T10:49:40+00:00
453ac767-0e56-497a-9dc5-de75aacdf10e,2025122300159,2,0,5,2025-12-23 08:00,2025-12-23 09:00,98440,马欣蕊,陕西省,西安市,碑林区,西安建筑科技大学(雁塔校区)工科楼柿子林,453ac767-0e56-497a-9dc5-de75aacdf10e,陕西,西安,,,2025-03-01,2026-03-01,2,serial_id,asc,48,2026-03-10T10:49:40+00:00
49baddea-38c4-4eee-bdab-7313d2ffbb40,2025122300162,2,0,5,2025-12-23 08:00,2025-12-23 09:00,98449,文洁,陕西省,西安市,碑林区,西安建筑科技大学(雁塔校区)工科大楼柿子林,49baddea-38c4-4eee-bdab-7313d2ffbb40,陕西,西安,,,2025-03-01,2026-03-01,2,serial_id,asc,48,2026-03-10T10:49:40+00:00
cbf71fa4-fea3-4f57-86b2-e236140fb2b7,2025122300163,2,0,4,2025-12-23 08:30,2025-12-23 09:00,98435,熊玉菡,陕西省,西安市,碑林区,西安建筑科技大学(雁塔校区)校史馆花园,cbf71fa4-fea3-4f57-86b2-e236140fb2b7,陕西,西安,,,2025-03-01,2026-03-01,2,serial_id,asc,48,2026-03-10T10:49:40+00:00
d5e89beb-5deb-4ba0-8080-562afd78f2ce,2025122300311,2,0,5,2025-12-23 11:00,2025-12-23 12:00,98456,王靖宜,陕西省,西安市,碑林区,工科楼柿子林,d5e89beb-5deb-4ba0-8080-562afd78f2ce,陕西,西安,,,2025-03-01,2026-03-01,2,serial_id,asc,48,2026-03-10T10:49:40+00:00
e83ad610-3c8e-44a8-b1d1-6b4e959fc797,2025122300328,2,0,7,2025-12-23 10:00,2025-12-23 11:00,98415,蛤蛤呱,陕西省,西安市,碑林区,西安建筑科技大学(雁塔校区)校史馆花园,e83ad610-3c8e-44a8-b1d1-6b4e959fc797,陕西,西安,,,2025-03-01,2026-03-01,2,serial_id,asc,48,2026-03-10T10:49:40+00:00
663fde10-0f1b-4803-b6c5-d73529d80805,2025122300332,2,0,5,2025-12-23 11:00,2025-12-23 12:00,98415,蛤蛤呱,陕西省,西安市,碑林区,西安建筑科技大学(雁塔校区)工科大楼柿子林,663fde10-0f1b-4803-b6c5-d73529d80805,陕西,西安,,,2025-03-01,2026-03-01,2,serial_id,asc,48,2026-03-10T10:49:40+00:00
711f1a3b-b381-48b4-8f48-9f7e5aeffe7c,2025122300333,2,0,7,2025-12-23 11:00,2025-12-23 12:00,98456,王靖宜,陕西省,西安市,碑林区,校史馆花园,711f1a3b-b381-48b4-8f48-9f7e5aeffe7c,陕西,西安,,,2025-03-01,2026-03-01,2,serial_id,asc,48,2026-03-10T10:49:40+00:00
4189df99-df2f-46b0-aef1-a0a6942c9667,2025122300351,2,0,5,2025-12-23 11:00,2025-12-23 12:00,98423,ellie,陕西省,西安市,碑林区,西安建筑科技大学(雁塔校区)网球场南侧,4189df99-df2f-46b0-aef1-a0a6942c9667,陕西,西安,,,2025-03-01,2026-03-01,2,serial_id,asc,48,2026-03-10T10:49:40+00:00
11976cf7-5b9a-4d2d-b4e5-2c901f3633c5,2025122300380,2,0,11,2025-12-17 10:00,2025-12-17 12:30,102333,maoyujun,陕西省,西安市,未央区,浐灞国家湿地公园,11976cf7-5b9a-4d2d-b4e5-2c901f3633c5,陕西,西安,,,2025-03-01,2026-03-01,2,serial_id,asc,48,2026-03-10T10:49:40+00:00
5263eab1-8b32-41f2-8e6a-d173bed8d1f1,2025122300403,2,0,5,2025-12-23 11:50,2025-12-23 12:20,98435,熊玉菡,陕西省,西安市,碑林区,西安建筑科技大学(雁塔校区)校史馆花园,5263eab1-8b32-41f2-8e6a-d173bed8d1f1,陕西,西安,,,2025-03-01,2026-03-01,2,serial_id,asc,49,2026-03-10T10:49:43+00:00
57f77b56-7864-4035-a038-e2bd9a6c8d8d,2025122300419,2,0,6,2025-12-23 12:00,2025-12-23 13:00,98433,李笑萱,陕西省,西安市,碑林区,西安建筑科技大学(雁塔校区)校史馆花园广场,57f77b56-7864-4035-a038-e2bd9a6c8d8d,陕西,西安,,,2025-03-01,2026-03-01,2,serial_id,asc,49,2026-03-10T10:49:43+00:00
30030c29-6c40-435c-a2fa-e9282a386c05,2025122300425,2,0,4,2025-12-23 12:00,2025-12-23 13:00,98436,韩啟明,陕西省,西安市,碑林区,西安建筑科技大学(雁塔校区)校史馆花园,30030c29-6c40-435c-a2fa-e9282a386c05,陕西,西安,,,2025-03-01,2026-03-01,2,serial_id,asc,49,2026-03-10T10:49:43+00:00
faed7b92-79f5-41cc-8b0f-557e33df48fc,2025122300435,2,0,2,2025-12-23 12:00,2025-12-23 13:00,98467,李楚莹,陕西省,西安市,碑林区,西安建筑科技大学(雁塔校区)逸夫楼花园,faed7b92-79f5-41cc-8b0f-557e33df48fc,陕西,西安,,,2025-03-01,2026-03-01,2,serial_id,asc,49,2026-03-10T10:49:43+00:00
0e6539ec-fdc6-403d-a724-88567967daed,2025122300437,2,0,4,2025-12-23 12:00,2025-12-23 13:00,98440,马欣蕊,陕西省,西安市,碑林区,西安建筑科技大学(雁塔校区)若祈湖,0e6539ec-fdc6-403d-a724-88567967daed,陕西,西安,,,2025-03-01,2026-03-01,2,serial_id,asc,49,2026-03-10T10:49:43+00:00
ed4d3e82-d670-43cd-90d1-6edc94fd09e9,2025122300441,2,0,4,2025-12-23 12:00,2025-12-23 13:00,98449,文洁,陕西省,西安市,碑林区,西安建筑科技大学(雁塔校区)教学主楼若祁湖,ed4d3e82-d670-43cd-90d1-6edc94fd09e9,陕西,西安,,,2025-03-01,2026-03-01,2,serial_id,asc,49,2026-03-10T10:49:43+00:00
b675e79f-f511-4281-bd68-c06fa659c6ad,2025122300442,2,0,4,2025-12-23 12:00,2025-12-23 13:00,98772,张紫贤,陕西省,西安市,碑林区,西安建筑科技大学(雁塔校区)主楼,b675e79f-f511-4281-bd68-c06fa659c6ad,陕西,西安,,,2025-03-01,2026-03-01,2,serial_id,asc,49,2026-03-10T10:49:43+00:00
835e4521-2644-415f-9441-d4be59f1ccfc,2025122300443,2,0,4,2025-12-23 12:00,2025-12-23 13:00,98771,wsndwyz789,陕西省,西安市,碑林区,西安建筑科技大学(雁塔校区),835e4521-2644-415f-9441-d4be59f1ccfc,陕西,西安,,,2025-03-01,2026-03-01,2,serial_id,asc,49,2026-03-10T10:49:43+00:00
96b82cbe-0833-419e-9e56-43fbdcc4b2b3,2025122300444,2,0,4,2025-12-23 12:00,2025-12-23 13:00,98773,三好小狗,陕西省,西安市,碑林区,西安建筑科技大学(雁塔校区)若祁湖,96b82cbe-0833-419e-9e56-43fbdcc4b2b3,陕西,西安,,,2025-03-01,2026-03-01,2,serial_id,asc,49,2026-03-10T10:49:43+00:00
4f7b2804-2f8f-4958-b1c2-1d33e9bd7c18,2025122300450,2,0,3,2025-12-23 12:00,2025-12-23 13:00,98467,李楚莹,陕西省,西安市,碑林区,西安建筑科技大学(雁塔校区)图书馆花园,4f7b2804-2f8f-4958-b1c2-1d33e9bd7c18,陕西,西安,,,2025-03-01,2026-03-01,2,serial_id,asc,49,2026-03-10T10:49:43+00:00
cd2178de-eb2c-4147-839b-977365c270dd,2025122300452,2,0,6,2025-12-23 12:00,2025-12-23 13:00,98436,韩啟明,陕西省,西安市,碑林区,西安建筑科技大学(雁塔校区)若祁湖,cd2178de-eb2c-4147-839b-977365c270dd,陕西,西安,,,2025-03-01,2026-03-01,2,serial_id,asc,49,2026-03-10T10:49:43+00:00
f8003fc6-84ab-47c1-ad94-f57c747fc7e5,2025122300453,2,0,7,2025-12-23 12:00,2025-12-23 13:00,98433,李笑萱,陕西省,西安市,碑林区,西安建筑科技大学(雁塔校区)若祁湖,f8003fc6-84ab-47c1-ad94-f57c747fc7e5,陕西,西安,,,2025-03-01,2026-03-01,2,serial_id,asc,49,2026-03-10T10:49:43+00:00
0517fcb2-fb71-4fcf-8264-340200cdce25,2025122300475,2,0,2,2025-12-23 12:30,2025-12-23 13:00,98435,熊玉菡,陕西省,西安市,碑林区,西安建筑科技大学(雁塔校区)逸夫楼花园,0517fcb2-fb71-4fcf-8264-340200cdce25,陕西,西安,,,2025-03-01,2026-03-01,2,serial_id,asc,49,2026-03-10T10:49:43+00:00
67491816-688a-4272-b772-7d267a0b14a2,2025122300478,2,0,3,2025-12-23 12:00,2025-12-23 13:00,98771,wsndwyz789,陕西省,西安市,碑林区,西安建筑科技大学(雁塔校区),67491816-688a-4272-b772-7d267a0b14a2,陕西,西安,,,2025-03-01,2026-03-01,2,serial_id,asc,49,2026-03-10T10:49:43+00:00
46c51b43-00d1-421a-be72-9bb37cda931a,2025122300491,2,0,5,2025-12-23 12:00,2025-12-23 13:00,98440,马欣蕊,陕西省,西安市,碑林区,西安建筑科技大学(雁塔校区)工科楼柿子林,46c51b43-00d1-421a-be72-9bb37cda931a,陕西,西安,,,2025-03-01,2026-03-01,2,serial_id,asc,49,2026-03-10T10:49:43+00:00
d7409287-9f4a-4e39-8cb5-f730bdc517eb,2025122300499,2,0,4,2025-12-23 12:00,2025-12-23 13:00,98773,三好小狗,陕西省,西安市,碑林区,西安建筑科技大学(雁塔校区)柿子林,d7409287-9f4a-4e39-8cb5-f730bdc517eb,陕西,西安,,,2025-03-01,2026-03-01,2,serial_id,asc,49,2026-03-10T10:49:43+00:00
a4cf8689-85f5-47b6-9b5b-7a3482ae8fce,2025122300500,2,0,5,2025-12-23 12:00,2025-12-23 13:00,98449,文洁,陕西省,西安市,碑林区,西安建筑科技大学(雁塔校区)工科大楼柿子林,a4cf8689-85f5-47b6-9b5b-7a3482ae8fce,陕西,西安,,,2025-03-01,2026-03-01,2,serial_id,asc,49,2026-03-10T10:49:43+00:00
fcc006c5-a6e3-4035-a737-02b34543d295,2025122300513,2,0,4,2025-12-23 12:00,2025-12-23 13:00,98772,张紫贤,陕西省,西安市,碑林区,西安建筑科技大学(雁塔校区),fcc006c5-a6e3-4035-a737-02b34543d295,陕西,西安,,,2025-03-01,2026-03-01,2,serial_id,asc,49,2026-03-10T10:49:43+00:00
bd58c12d-9b04-44ab-983b-9553d8a9267c,2025122300668,2,0,5,2025-12-23 15:00,2025-12-23 16:00,98414,宋家熙,陕西省,西安市,碑林区,西安建筑科技大学(雁塔校区)校史馆花园,bd58c12d-9b04-44ab-983b-9553d8a9267c,陕西,西安,,,2025-03-01,2026-03-01,2,serial_id,asc,49,2026-03-10T10:49:43+00:00
dc0fec24-6a40-47ba-9de6-83245ae4e7a5,2025122300698,2,0,1,2025-11-14 08:00,2025-11-14 09:00,98501,王勇超,陕西省,西安市,碑林区,西安建筑科技大学(雁塔校区)1114校史馆花园,dc0fec24-6a40-47ba-9de6-83245ae4e7a5,陕西,西安,,,2025-03-01,2026-03-01,2,serial_id,asc,49,2026-03-10T10:49:43+00:00
c8c80762-382c-4ba7-b783-92711b8a56e0,2025122300700,2,0,3,2025-11-11 10:00,2025-11-11 12:00,98501,王勇超,陕西省,西安市,碑林区,西安建筑科技大学(雁塔校区)校史馆花园,c8c80762-382c-4ba7-b783-92711b8a56e0,陕西,西安,,,2025-03-01,2026-03-01,2,serial_id,asc,49,2026-03-10T10:49:43+00:00
0f57042c-9e07-440c-8f0f-f307d6cc46e6,2025122300719,2,0,9,2025-12-23 15:00,2025-12-23 16:00,98433,李笑萱,陕西省,西安市,碑林区,西安建筑科技大学(雁塔校区)若祁湖,0f57042c-9e07-440c-8f0f-f307d6cc46e6,陕西,西安,,,2025-03-01,2026-03-01,2,serial_id,asc,49,2026-03-10T10:49:43+00:00
5afdfa2a-f13c-43d6-8c75-72089a25eb0b,2025122300720,2,0,8,2025-12-23 15:00,2025-12-23 16:00,98436,韩啟明,陕西省,西安市,碑林区,西安建筑科技大学(雁塔校区校史馆花园),5afdfa2a-f13c-43d6-8c75-72089a25eb0b,陕西,西安,,,2025-03-01,2026-03-01,2,serial_id,asc,49,2026-03-10T10:49:43+00:00
5255fd7c-bdfa-4c4c-a972-d93759ca6f5d,2025122300723,2,0,10,2025-12-23 15:00,2025-12-23 16:00,98436,韩啟明,陕西省,西安市,碑林区,西安建筑科技大学(雁塔校区若祁湖),5255fd7c-bdfa-4c4c-a972-d93759ca6f5d,陕西,西安,,,2025-03-01,2026-03-01,2,serial_id,asc,49,2026-03-10T10:49:43+00:00
681fb59f-97d6-443f-89f4-540dfeeeeaa7,2025122300740,2,0,7,2025-12-23 16:00,2025-12-23 17:00,98456,王靖宜,陕西省,西安市,碑林区,校史馆花园,681fb59f-97d6-443f-89f4-540dfeeeeaa7,陕西,西安,,,2025-03-01,2026-03-01,2,serial_id,asc,49,2026-03-10T10:49:43+00:00
c0942f01-2dd5-43e1-92f1-3f9e02fb2255,2025122300742,2,0,7,2025-12-23 15:00,2025-12-23 16:00,98433,李笑萱,陕西省,西安市,碑林区,西安建筑科技大学(雁塔校区)校史馆花园,c0942f01-2dd5-43e1-92f1-3f9e02fb2255,陕西,西安,,,2025-03-01,2026-03-01,2,serial_id,asc,49,2026-03-10T10:49:43+00:00
0502bdb5-eb88-4af0-94f3-9dc235b78a17,2025122300749,2,0,6,2025-12-23 16:00,2025-12-23 17:00,98423,ellie,陕西省,西安市,碑林区,西安建筑科技大学(雁塔校区)网球场南侧,0502bdb5-eb88-4af0-94f3-9dc235b78a17,陕西,西安,,,2025-03-01,2026-03-01,2,serial_id,asc,49,2026-03-10T10:49:43+00:00
460ed516-7119-4023-9a9b-0b8578f330ac,2025122300762,2,0,5,2025-12-23 16:00,2025-12-23 17:00,98473,陈可,陕西省,西安市,碑林区,西安建築科技大學(雁塔校區)校史馆旁,460ed516-7119-4023-9a9b-0b8578f330ac,陕西,西安,,,2025-03-01,2026-03-01,2,serial_id,asc,49,2026-03-10T10:49:43+00:00
df1f61be-423a-4c74-ba12-2c1d1f646f14,2025122300763,2,0,4,2025-12-23 16:00,2025-12-23 17:00,98432,张添慧,陕西省,西安市,碑林区,西安建筑科技大学(雁塔校区)旁边,df1f61be-423a-4c74-ba12-2c1d1f646f14,陕西,西安,,,2025-03-01,2026-03-01,2,serial_id,asc,49,2026-03-10T10:49:43+00:00
577f4f3c-dbe4-473f-8e53-042d40296878,2025122300764,2,0,5,2025-12-23 15:50,2025-12-23 16:20,98435,熊玉菡,陕西省,西安市,碑林区,西安建筑科技大学(雁塔校区)校史馆花园,577f4f3c-dbe4-473f-8e53-042d40296878,陕西,西安,,,2025-03-01,2026-03-01,2,serial_id,asc,49,2026-03-10T10:49:43+00:00
a980c1ae-3339-4540-9532-cda5fb33371d,2025122300768,2,0,6,2025-12-23 16:00,2025-12-23 17:00,98518,王怡欣,陕西省,西安市,碑林区,西安建筑科技大学(雁塔校区)校史馆旁边,a980c1ae-3339-4540-9532-cda5fb33371d,陕西,西安,,,2025-03-01,2026-03-01,2,serial_id,asc,49,2026-03-10T10:49:43+00:00
a7f54caa-eb89-4070-9a1c-408cd8a7ac81,2025122300778,2,0,4,2025-12-23 16:00,2025-12-23 17:00,98423,ellie,陕西省,西安市,碑林区,西安建筑科技大学(雁塔校区)银杏林,a7f54caa-eb89-4070-9a1c-408cd8a7ac81,陕西,西安,,,2025-03-01,2026-03-01,2,serial_id,asc,49,2026-03-10T10:49:43+00:00
d62666e9-1b30-43b2-8a10-6e0413485d82,2025122300789,2,0,7,2025-12-23 16:00,2025-12-23 17:00,98415,蛤蛤呱,陕西省,西安市,碑林区,西安建筑科技大学(雁塔校区)工科大楼柿子林,d62666e9-1b30-43b2-8a10-6e0413485d82,陕西,西安,,,2025-03-01,2026-03-01,2,serial_id,asc,49,2026-03-10T10:49:43+00:00
70b0b0f1-fffe-4e80-8174-d9e4ae8fb4d2,2025122300793,2,0,7,2025-12-23 16:00,2025-12-23 17:00,98456,王靖宜,陕西省,西安市,碑林区,工科楼柿子林,70b0b0f1-fffe-4e80-8174-d9e4ae8fb4d2,陕西,西安,,,2025-03-01,2026-03-01,2,serial_id,asc,49,2026-03-10T10:49:43+00:00
00bd9832-deff-49ce-85c0-856aa3443d7f,2025122300797,2,0,7,2025-12-23 16:00,2025-12-23 17:00,98415,蛤蛤呱,陕西省,西安市,碑林区,西安建筑科技大学校史馆花园,00bd9832-deff-49ce-85c0-856aa3443d7f,陕西,西安,,,2025-03-01,2026-03-01,2,serial_id,asc,49,2026-03-10T10:49:43+00:00
9993bba4-08a8-44d6-a18d-08ade9e22e52,2025122300798,2,0,6,2025-12-23 16:00,2025-12-23 17:00,98518,王怡欣,陕西省,西安市,碑林区,西安建筑科技大学(雁塔校区)若祁湖,9993bba4-08a8-44d6-a18d-08ade9e22e52,陕西,西安,,,2025-03-01,2026-03-01,2,serial_id,asc,49,2026-03-10T10:49:43+00:00
592b916e-0eda-4a1a-af71-f40b0caadf58,2025122300799,2,0,5,2025-12-23 16:00,2025-12-23 17:00,98473,陈可,陕西省,西安市,碑林区,西安建築科技大學(雁塔校區)若祁湖,592b916e-0eda-4a1a-af71-f40b0caadf58,陕西,西安,,,2025-03-01,2026-03-01,2,serial_id,asc,49,2026-03-10T10:49:43+00:00
91861b0f-e950-475c-a54b-cbf7c2b6b4de,2025122300801,2,0,6,2025-12-23 16:00,2025-12-23 17:00,98432,张添慧,陕西省,西安市,碑林区,西安建筑科技大学(雁塔校区）若祁湖,91861b0f-e950-475c-a54b-cbf7c2b6b4de,陕西,西安,,,2025-03-01,2026-03-01,2,serial_id,asc,49,2026-03-10T10:49:43+00:00
f1625a63-6736-4197-9f67-556d9967c5e9,2025122300829,2,0,6,2025-12-23 16:20,2025-12-23 16:50,98435,熊玉菡,陕西省,西安市,碑林区,西安建筑科技大学(雁塔校区)逸夫楼花园,f1625a63-6736-4197-9f67-556d9967c5e9,陕西,西安,,,2025-03-01,2026-03-01,2,serial_id,asc,49,2026-03-10T10:49:43+00:00
d36d6d39-2faf-4d92-b9d5-39b99ac609b0,2025122300831,2,0,1,2025-12-23 16:00,2025-12-23 17:00,98467,李楚莹,陕西省,西安市,碑林区,西安建筑科技大学(雁塔校区)图书馆花园,d36d6d39-2faf-4d92-b9d5-39b99ac609b0,陕西,西安,,,2025-03-01,2026-03-01,2,serial_id,asc,49,2026-03-10T10:49:43+00:00
086fbf68-4f8c-4f3e-8a23-82df1cc57ee5,2025122300866,2,0,5,2025-12-23 16:00,2025-12-23 17:00,98467,李楚莹,陕西省,西安市,碑林区,西安建筑科技大学(雁塔校区)逸夫楼花园,086fbf68-4f8c-4f3e-8a23-82df1cc57ee5,陕西,西安,,,2025-03-01,2026-03-01,2,serial_id,asc,49,2026-03-10T10:49:43+00:00
933bf4bf-1694-4fbd-8939-9f7f6ed25785,2025122300893,2,0,5,2025-12-23 15:00,2025-12-23 16:00,98417,柴子姗,陕西省,西安市,碑林区,西安建筑科技大学(雁塔校区)校史馆花园,933bf4bf-1694-4fbd-8939-9f7f6ed25785,陕西,西安,,,2025-03-01,2026-03-01,2,serial_id,asc,49,2026-03-10T10:49:43+00:00
c11fe410-31b6-477f-8b0b-a1ea04757659,2025122300899,2,0,4,2025-11-11 07:30,2025-11-11 08:30,98496,刘仁超,陕西省,西安市,碑林区,西安建筑科技大学(雁塔校区),c11fe410-31b6-477f-8b0b-a1ea04757659,陕西,西安,,,2025-03-01,2026-03-01,2,serial_id,asc,49,2026-03-10T10:49:43+00:00
06007793-45da-409f-94cd-44ee2b3a8c0f,2025122300905,2,0,6,2025-11-11 15:30,2025-11-11 16:30,98496,刘仁超,陕西省,西安市,碑林区,西安建筑科技大学(雁塔校区),06007793-45da-409f-94cd-44ee2b3a8c0f,陕西,西安,,,2025-03-01,2026-03-01,2,serial_id,asc,49,2026-03-10T10:49:43+00:00
66e30fe5-9038-41e6-855a-9cc4c570bfad,2025122300913,2,0,7,2025-11-11 07:30,2025-11-11 08:30,98496,刘仁超,陕西省,西安市,碑林区,西安建筑科技大学(雁塔校区),66e30fe5-9038-41e6-855a-9cc4c570bfad,陕西,西安,,,2025-03-01,2026-03-01,2,serial_id,asc,49,2026-03-10T10:49:43+00:00
7be61807-1ad0-4a4a-9ca7-4f931baf3cad,2025122301133,2,0,4,2025-12-23 20:00,2025-12-23 21:00,96668,Volker,陕西省,西安市,未央区,未央区西安渭河城市绿地运动公园(滨河大道北),7be61807-1ad0-4a4a-9ca7-4f931baf3cad,陕西,西安,,,2025-03-01,2026-03-01,2,serial_id,asc,49,2026-03-10T10:49:43+00:00
0c45ab23-0bfe-45d2-bc1a-788318b61a14,2025122301160,2,0,33,2025-12-14 11:00,2025-12-14 12:00,66869,移动不动的夜鹭,陕西省,西安市,长安区,长安区昆明池·七夕公园,0c45ab23-0bfe-45d2-bc1a-788318b61a14,陕西,西安,,,2025-03-01,2026-03-01,2,serial_id,asc,49,2026-03-10T10:49:43+00:00
14b29cf5-8095-40a2-abba-92bc76c18bf5,2025122301484,2,0,5,2025-12-23 09:25,2025-12-23 09:45,54636,鹊影,陕西省,西安市,未央区,陕西省西安中学,14b29cf5-8095-40a2-abba-92bc76c18bf5,陕西,西安,,,2025-03-01,2026-03-01,2,serial_id,asc,49,2026-03-10T10:49:43+00:00
3b36bc2c-ceb1-463d-a753-df93110e15a7,2025122400152,2,0,4,2025-12-24 08:00,2025-12-24 09:00,98426,郭欣宇,陕西省,西安市,碑林区,西安建筑科技大学(雁塔校区),3b36bc2c-ceb1-463d-a753-df93110e15a7,陕西,西安,,,2025-03-01,2026-03-01,2,serial_id,asc,49,2026-03-10T10:49:43+00:00
64d4d62f-69ec-43a8-bbb6-c1abab8d0469,2025122400160,2,0,4,2025-12-24 08:00,2025-12-24 09:00,98471,第七片海,陕西省,西安市,碑林区,西安建筑科技大学校史馆,64d4d62f-69ec-43a8-bbb6-c1abab8d0469,陕西,西安,,,2025-03-01,2026-03-01,2,serial_id,asc,49,2026-03-10T10:49:43+00:00
02601c80-4da4-4013-8013-b9826be93bb2,2025122400161,2,0,4,2025-12-24 08:00,2025-12-24 09:00,98475,黄lu,陕西省,西安市,碑林区,西安建筑科技大学校史馆,02601c80-4da4-4013-8013-b9826be93bb2,陕西,西安,,,2025-03-01,2026-03-01,2,serial_id,asc,50,2026-03-10T10:49:46+00:00
56b669a6-6b1e-416a-be23-ea2d0ace17cb,2025122400163,2,0,5,2025-12-24 08:00,2025-12-24 09:00,98474,康瑞杰,陕西省,西安市,碑林区,西安建筑科技大学(雁塔校区)工科大楼,56b669a6-6b1e-416a-be23-ea2d0ace17cb,陕西,西安,,,2025-03-01,2026-03-01,2,serial_id,asc,50,2026-03-10T10:49:46+00:00
b9fe1b83-61aa-423d-a8cc-9853c835a599,2025122400164,2,0,5,2025-12-24 08:00,2025-12-24 09:00,98763,马卉双,陕西省,西安市,碑林区,西安建筑科技大学(雁塔校区),b9fe1b83-61aa-423d-a8cc-9853c835a599,陕西,西安,,,2025-03-01,2026-03-01,2,serial_id,asc,50,2026-03-10T10:49:46+00:00
63c0808b-ad2e-4e1f-ba06-1e350c94f370,2025122400182,2,0,7,2025-12-24 08:00,2025-12-24 09:00,98471,第七片海,陕西省,西安市,碑林区,西安建筑科技大学(雁塔校区)工科大楼,63c0808b-ad2e-4e1f-ba06-1e350c94f370,陕西,西安,,,2025-03-01,2026-03-01,2,serial_id,asc,50,2026-03-10T10:49:46+00:00
91b35483-c6ed-4894-98d8-465988f98cb6,2025122400196,2,0,3,2025-12-24 08:00,2025-12-24 09:00,98470,july123,陕西省,西安市,碑林区,西安建筑科技大学(雁塔校区)工科大楼旁花园,91b35483-c6ed-4894-98d8-465988f98cb6,陕西,西安,,,2025-03-01,2026-03-01,2,serial_id,asc,50,2026-03-10T10:49:46+00:00
15f7cbc7-2e3c-4bc4-b50a-e62fc8f5134d,2025122400199,2,0,5,2025-12-24 09:00,2025-12-24 10:00,102360,deng737205,陕西省,西安市,碑林区,西安建筑科技大学(雁塔校区),15f7cbc7-2e3c-4bc4-b50a-e62fc8f5134d,陕西,西安,,,2025-03-01,2026-03-01,2,serial_id,asc,50,2026-03-10T10:49:46+00:00
dc26d431-5c07-4953-9b0d-9346db2b4ff9,2025122400200,2,0,6,2025-12-24 08:00,2025-12-24 09:00,98763,马卉双,陕西省,西安市,碑林区,西安建筑科技大学池塘凉亭,dc26d431-5c07-4953-9b0d-9346db2b4ff9,陕西,西安,,,2025-03-01,2026-03-01,2,serial_id,asc,50,2026-03-10T10:49:46+00:00
86e79081-8839-4303-91b7-989097f12b05,2025122400201,2,0,6,2025-12-24 09:00,2025-12-24 10:00,98453,孟睿思,陕西省,西安市,碑林区,西安建筑科技大学池塘凉亭,86e79081-8839-4303-91b7-989097f12b05,陕西,西安,,,2025-03-01,2026-03-01,2,serial_id,asc,50,2026-03-10T10:49:46+00:00
dc2ddf2b-4ba9-42a8-b352-46ff3da0493c,2025122400210,2,0,6,2025-12-24 08:00,2025-12-24 09:00,98474,康瑞杰,陕西省,西安市,碑林区,西安建筑科技大学池塘凉亭,dc2ddf2b-4ba9-42a8-b352-46ff3da0493c,陕西,西安,,,2025-03-01,2026-03-01,2,serial_id,asc,50,2026-03-10T10:49:46+00:00
bdb7d4ab-84fe-43b4-802b-fa5ea99b448f,2025122400217,2,0,5,2025-12-24 08:00,2025-12-24 09:00,98475,黄lu,陕西省,西安市,碑林区,西安建筑科技大学(雁塔校区)工科大楼,bdb7d4ab-84fe-43b4-802b-fa5ea99b448f,陕西,西安,,,2025-03-01,2026-03-01,2,serial_id,asc,50,2026-03-10T10:49:46+00:00
c3e1ad0a-5d51-4d40-9570-bc3426142bef,2025122400273,2,0,3,2025-12-24 09:00,2025-12-24 10:00,98470,july123,陕西省,西安市,碑林区,西安建筑科技大学池塘凉亭,c3e1ad0a-5d51-4d40-9570-bc3426142bef,陕西,西安,,,2025-03-01,2026-03-01,2,serial_id,asc,50,2026-03-10T10:49:46+00:00
2723f0ad-cb0b-47d3-aea0-bfb79fb57252,2025122400295,2,0,1,2025-12-24 10:00,2025-12-24 11:00,86441,silverash42,陕西省,西安市,长安区,西安电子科技大学(南校区),2723f0ad-cb0b-47d3-aea0-bfb79fb57252,陕西,西安,,,2025-03-01,2026-03-01,2,serial_id,asc,50,2026-03-10T10:49:46+00:00
e8d50dd8-cae3-43a5-9c05-544439212eb3,2025122400415,2,0,5,2025-12-24 12:00,2025-12-24 13:00,98471,第七片海,陕西省,西安市,碑林区,西安建筑科技大学校史馆,e8d50dd8-cae3-43a5-9c05-544439212eb3,陕西,西安,,,2025-03-01,2026-03-01,2,serial_id,asc,50,2026-03-10T10:49:46+00:00
4154d538-f5ec-4dfb-b046-835286381bfd,2025122400416,2,0,5,2025-12-24 12:00,2025-12-24 13:00,98475,黄lu,陕西省,西安市,碑林区,西安建筑科技大学校史馆,4154d538-f5ec-4dfb-b046-835286381bfd,陕西,西安,,,2025-03-01,2026-03-01,2,serial_id,asc,50,2026-03-10T10:49:46+00:00
659e7cdf-c3db-4d37-83ae-b4f1749f6fa1,2025122400436,2,0,5,2025-12-24 12:00,2025-12-24 13:00,98453,孟睿思,陕西省,西安市,碑林区,西安建筑科技大学池塘凉亭,659e7cdf-c3db-4d37-83ae-b4f1749f6fa1,陕西,西安,,,2025-03-01,2026-03-01,2,serial_id,asc,50,2026-03-10T10:49:46+00:00
952faad6-0e1e-454f-8f0f-3d50aba0f783,2025122400442,2,0,4,2025-12-23 08:00,2025-12-23 09:00,102132,初恋赛高,陕西省,西安市,碑林区,西安建筑科技大学,952faad6-0e1e-454f-8f0f-3d50aba0f783,陕西,西安,,,2025-03-01,2026-03-01,2,serial_id,asc,50,2026-03-10T10:49:46+00:00
20c25f65-7d0c-4e13-9006-05725f425eb0,2025122400447,2,0,6,2025-12-24 12:00,2025-12-24 13:00,98471,第七片海,陕西省,西安市,碑林区,西安建筑科技大学(雁塔校区)工科大楼,20c25f65-7d0c-4e13-9006-05725f425eb0,陕西,西安,,,2025-03-01,2026-03-01,2,serial_id,asc,50,2026-03-10T10:49:46+00:00
f01fbe31-975a-409d-81dc-b773249efa18,2025122400449,2,0,6,2025-12-24 12:00,2025-12-24 13:00,98475,黄lu,陕西省,西安市,碑林区,西安建筑科技大学(雁塔校区)工科大楼,f01fbe31-975a-409d-81dc-b773249efa18,陕西,西安,,,2025-03-01,2026-03-01,2,serial_id,asc,50,2026-03-10T10:49:46+00:00
b28aba1f-35a3-4246-b722-9c1c6c83356d,2025122400463,2,0,6,2025-12-24 12:00,2025-12-24 13:00,98453,孟睿思,陕西省,西安市,碑林区,西安建筑科技大学,b28aba1f-35a3-4246-b722-9c1c6c83356d,陕西,西安,,,2025-03-01,2026-03-01,2,serial_id,asc,50,2026-03-10T10:49:46+00:00
bb6ec03a-137b-4e3f-b7c8-fc21aae01413,2025122400491,2,0,3,2025-12-23 11:00,2025-12-23 12:00,97220,马峻庭,陕西省,西安市,碑林区,西安建筑科技大学(雁塔校区)教学大楼,bb6ec03a-137b-4e3f-b7c8-fc21aae01413,陕西,西安,,,2025-03-01,2026-03-01,2,serial_id,asc,50,2026-03-10T10:49:46+00:00
6ce2b95c-213e-47f9-a289-63ee1059540b,2025122400495,2,0,5,2025-12-24 12:00,2025-12-24 13:00,98477,Immortal,陕西省,西安市,碑林区,工科楼旁柿子林,6ce2b95c-213e-47f9-a289-63ee1059540b,陕西,西安,,,2025-03-01,2026-03-01,2,serial_id,asc,50,2026-03-10T10:49:46+00:00
e1bd1ae0-19bc-4607-ad36-7692a8a76361,2025122400496,2,0,5,2025-12-23 11:00,2025-12-23 12:00,97220,马峻庭,陕西省,西安市,碑林区,西安建筑科技大学池塘凉亭,e1bd1ae0-19bc-4607-ad36-7692a8a76361,陕西,西安,,,2025-03-01,2026-03-01,2,serial_id,asc,50,2026-03-10T10:49:46+00:00
8d307634-b8c5-4eb6-bf94-e1b8d5567983,2025122400498,2,0,5,2025-12-23 16:00,2025-12-23 17:00,97220,马峻庭,陕西省,西安市,碑林区,西安建筑科技大学池塘凉亭,8d307634-b8c5-4eb6-bf94-e1b8d5567983,陕西,西安,,,2025-03-01,2026-03-01,2,serial_id,asc,50,2026-03-10T10:49:46+00:00
77668988-110f-4d0f-a726-1c91c9507f33,2025122400504,2,0,4,2025-12-23 16:00,2025-12-23 17:00,97220,马峻庭,陕西省,西安市,碑林区,西安建筑科技大学(雁塔校区)教学大楼,77668988-110f-4d0f-a726-1c91c9507f33,陕西,西安,,,2025-03-01,2026-03-01,2,serial_id,asc,50,2026-03-10T10:49:46+00:00
40673f5b-a4d9-4ea8-b796-5366065775cb,2025122400610,2,0,3,2025-12-23 11:00,2025-12-23 12:00,102132,初恋赛高,陕西省,西安市,碑林区,西安建筑科技大学池塘凉亭,40673f5b-a4d9-4ea8-b796-5366065775cb,陕西,西安,,,2025-03-01,2026-03-01,2,serial_id,asc,50,2026-03-10T10:49:46+00:00
7509b4ab-a041-44cc-8336-baee7cf666f2,2025122400682,2,0,1,2025-12-24 14:00,2025-12-24 15:00,98477,Immortal,陕西省,西安市,碑林区,西安建筑科技大学篮球场附近,7509b4ab-a041-44cc-8336-baee7cf666f2,陕西,西安,,,2025-03-01,2026-03-01,2,serial_id,asc,50,2026-03-10T10:49:46+00:00
63d6e0bc-72b4-41b4-9f19-ea57197f4f5b,2025122400836,2,0,2,2025-12-24 16:00,2025-12-24 17:00,98413,Jingle,陕西省,西安市,碑林区,西安建筑科技大学(雁塔校区)体育馆南侧,63d6e0bc-72b4-41b4-9f19-ea57197f4f5b,陕西,西安,,,2025-03-01,2026-03-01,2,serial_id,asc,50,2026-03-10T10:49:46+00:00
01c6722d-9e0a-44e4-841a-29fcb246b32e,2025122400844,2,0,6,2025-12-24 16:00,2025-12-24 17:00,98453,孟睿思,陕西省,西安市,碑林区,西安建筑科技大学池塘凉亭,01c6722d-9e0a-44e4-841a-29fcb246b32e,陕西,西安,,,2025-03-01,2026-03-01,2,serial_id,asc,50,2026-03-10T10:49:46+00:00
c8b0bc42-0949-4e87-8304-d4343d85a60d,2025122400847,2,0,6,2025-12-24 16:00,2025-12-24 17:00,98453,孟睿思,陕西省,西安市,碑林区,西安建筑科技大学,c8b0bc42-0949-4e87-8304-d4343d85a60d,陕西,西安,,,2025-03-01,2026-03-01,2,serial_id,asc,50,2026-03-10T10:49:46+00:00
279f289f-bd71-457e-8431-c5e63aab37ab,2025122400872,2,0,2,2025-12-24 16:00,2025-12-24 17:00,98413,Jingle,陕西省,西安市,碑林区,西安建筑科技大学(雁塔校区)网球场南侧,279f289f-bd71-457e-8431-c5e63aab37ab,陕西,西安,,,2025-03-01,2026-03-01,2,serial_id,asc,50,2026-03-10T10:49:46+00:00
cd94d5e1-5960-402f-9794-8181fbbccb10,2025122400953,2,0,5,2025-12-24 16:00,2025-12-24 17:00,98772,张紫贤,陕西省,西安市,碑林区,西安建筑科技大学(雁塔校区)主楼,cd94d5e1-5960-402f-9794-8181fbbccb10,陕西,西安,,,2025-03-01,2026-03-01,2,serial_id,asc,50,2026-03-10T10:49:46+00:00
002e7e17-8cd0-4759-ab91-538963f7f945,2025122400954,2,0,5,2025-12-24 16:00,2025-12-24 17:00,98771,wsndwyz789,陕西省,西安市,碑林区,西安建筑科技大学(雁塔校区),002e7e17-8cd0-4759-ab91-538963f7f945,陕西,西安,,,2025-03-01,2026-03-01,2,serial_id,asc,50,2026-03-10T10:49:46+00:00
8ad0395d-8440-492f-8601-d521c00a085d,2025122400962,2,0,3,2025-12-24 16:00,2025-12-24 17:00,98773,三好小狗,陕西省,西安市,碑林区,西安建筑科技大学若祁湖,8ad0395d-8440-492f-8601-d521c00a085d,陕西,西安,,,2025-03-01,2026-03-01,2,serial_id,asc,50,2026-03-10T10:49:46+00:00
e2439a1e-6480-405c-88ea-e4fe3510f7f0,2025122400967,2,0,5,2025-12-24 17:00,2025-12-24 18:00,98428,孙瑞谦,陕西省,西安市,碑林区,西安建筑科技大学雁塔校区银杏广场,e2439a1e-6480-405c-88ea-e4fe3510f7f0,陕西,西安,,,2025-03-01,2026-03-01,2,serial_id,asc,50,2026-03-10T10:49:46+00:00
c549fa6b-3f1f-4d66-bf1a-86ff66338250,2025122400971,2,0,5,2025-12-24 16:00,2025-12-24 17:00,98449,文洁,陕西省,西安市,碑林区,西安建筑科技大学(雁塔校区)教学主楼若祁湖,c549fa6b-3f1f-4d66-bf1a-86ff66338250,陕西,西安,,,2025-03-01,2026-03-01,2,serial_id,asc,50,2026-03-10T10:49:46+00:00
dfc4fa92-85a5-4278-a5e6-192dac415a2c,2025122400990,2,0,3,2025-12-24 16:00,2025-12-24 17:00,98772,张紫贤,陕西省,西安市,碑林区,西安建筑科技大学(雁塔校区)柿子林,dfc4fa92-85a5-4278-a5e6-192dac415a2c,陕西,西安,,,2025-03-01,2026-03-01,2,serial_id,asc,50,2026-03-10T10:49:46+00:00
472e39ad-fbb0-40fb-ba8f-cbcf5972b39d,2025122400991,2,0,3,2025-12-24 17:00,2025-12-24 18:00,98773,三好小狗,陕西省,西安市,碑林区,西安建筑科技大学(雁塔校区)柿子林,472e39ad-fbb0-40fb-ba8f-cbcf5972b39d,陕西,西安,,,2025-03-01,2026-03-01,2,serial_id,asc,50,2026-03-10T10:49:46+00:00
eb1ce065-1c03-440b-b32c-3a0f07e5a710,2025122400997,2,0,3,2025-12-24 16:00,2025-12-24 17:00,98449,文洁,陕西省,西安市,碑林区,西安建筑科技大学(雁塔校区)柿子林,eb1ce065-1c03-440b-b32c-3a0f07e5a710,陕西,西安,,,2025-03-01,2026-03-01,2,serial_id,asc,50,2026-03-10T10:49:46+00:00
22cec7c0-59cf-4b8b-ad19-7d6608139e24,2025122400999,2,0,3,2025-12-24 16:00,2025-12-24 17:00,98771,wsndwyz789,陕西省,西安市,碑林区,西安建筑科技大学(雁塔校区),22cec7c0-59cf-4b8b-ad19-7d6608139e24,陕西,西安,,,2025-03-01,2026-03-01,2,serial_id,asc,50,2026-03-10T10:49:46+00:00
fdbd9f1b-a2b3-4469-be6b-003a06aba0a6,2025122401000,2,0,4,2025-12-24 17:00,2025-12-24 18:00,98428,孙瑞谦,陕西省,西安市,碑林区,西安建筑科技大学(雁塔校区)校史馆附近,fdbd9f1b-a2b3-4469-be6b-003a06aba0a6,陕西,西安,,,2025-03-01,2026-03-01,2,serial_id,asc,50,2026-03-10T10:49:46+00:00
0565401c-2a51-4dfc-92e3-8bb10e74f783,2025122401261,2,0,4,2025-12-24 08:38,2025-12-24 09:17,102360,deng737205,陕西省,西安市,碑林区,西安建筑科技大学池塘凉亭,0565401c-2a51-4dfc-92e3-8bb10e74f783,陕西,西安,,,2025-03-01,2026-03-01,2,serial_id,asc,50,2026-03-10T10:49:46+00:00
5d57df12-b3b2-41d3-8e7a-2d1cb6234d40,2025122401266,2,0,4,2025-12-24 11:01,2025-12-24 11:54,102360,deng737205,陕西省,西安市,碑林区,西安建筑科技大学池塘凉亭,5d57df12-b3b2-41d3-8e7a-2d1cb6234d40,陕西,西安,,,2025-03-01,2026-03-01,2,serial_id,asc,50,2026-03-10T10:49:46+00:00
90182860-c84f-4f40-96a5-dd343ccb0155,2025122401273,2,0,5,2025-12-24 16:08,2025-12-24 17:08,102360,deng737205,陕西省,西安市,碑林区,西安建筑科技大学池塘凉亭,90182860-c84f-4f40-96a5-dd343ccb0155,陕西,西安,,,2025-03-01,2026-03-01,2,serial_id,asc,50,2026-03-10T10:49:46+00:00
75947f7f-9b45-47e3-8f26-8ddca4254fcf,2025122401361,2,0,13,2025-12-24 21:00,2025-12-24 22:00,72513,逸风,陕西省,西安市,碑林区,兴庆宫公园,75947f7f-9b45-47e3-8f26-8ddca4254fcf,陕西,西安,,,2025-03-01,2026-03-01,2,serial_id,asc,50,2026-03-10T10:49:46+00:00
97edf091-a595-4e96-834f-f13efb758052,2025122500025,2,0,15,2025-12-24 14:30,2025-12-24 17:30,64143,带好人,陕西省,西安市,莲湖区,丰庆公园,97edf091-a595-4e96-834f-f13efb758052,陕西,西安,,,2025-03-01,2026-03-01,2,serial_id,asc,50,2026-03-10T10:49:46+00:00
741e4863-04c7-40b1-a6a4-9f12a6a5e34a,2025122500059,2,0,2,2025-12-25 07:00,2025-12-25 08:00,98473,陈可,陕西省,西安市,碑林区,西安建築科技大學(雁塔校區)校史馆旁,741e4863-04c7-40b1-a6a4-9f12a6a5e34a,陕西,西安,,,2025-03-01,2026-03-01,2,serial_id,asc,50,2026-03-10T10:49:46+00:00
16d6d7a4-8cf9-4556-98df-c8880bfe6fe7,2025122500060,2,0,2,2025-12-25 07:00,2025-12-25 08:00,98432,张添慧,陕西省,西安市,碑林区,西安建筑科技大学(雁塔校区）校史旁边,16d6d7a4-8cf9-4556-98df-c8880bfe6fe7,陕西,西安,,,2025-03-01,2026-03-01,2,serial_id,asc,50,2026-03-10T10:49:46+00:00
55ef987b-360a-43cc-b717-8c5ece531167,2025122500061,2,0,4,2025-12-25 07:00,2025-12-25 08:00,98473,陈可,陕西省,西安市,碑林区,西安建築科技大學(雁塔校區)若祁湖,55ef987b-360a-43cc-b717-8c5ece531167,陕西,西安,,,2025-03-01,2026-03-01,2,serial_id,asc,50,2026-03-10T10:49:46+00:00
b6b2f1d9-cc85-4125-b616-5e33b6671e2b,2025122500062,2,0,4,2025-12-25 07:00,2025-12-25 08:00,98432,张添慧,陕西省,西安市,碑林区,西安建筑科技大学雁塔校区若祁湖,b6b2f1d9-cc85-4125-b616-5e33b6671e2b,陕西,西安,,,2025-03-01,2026-03-01,2,serial_id,asc,50,2026-03-10T10:49:46+00:00
087196c0-8bf5-44f2-9295-4e1165fa5c83,2025122500067,2,0,5,2025-12-25 07:00,2025-12-25 08:00,98467,李楚莹,陕西省,西安市,碑林区,西安建筑科技大学(雁塔校区)逸夫楼花园,087196c0-8bf5-44f2-9295-4e1165fa5c83,陕西,西安,,,2025-03-01,2026-03-01,2,serial_id,asc,50,2026-03-10T10:49:46+00:00
9b255912-250d-4338-8ee6-fd4c24ffc174,2025122500070,2,0,4,2025-12-25 07:00,2025-12-25 08:00,98467,李楚莹,陕西省,西安市,碑林区,西安建筑科技大学(雁塔校区)图书馆花园,9b255912-250d-4338-8ee6-fd4c24ffc174,陕西,西安,,,2025-03-01,2026-03-01,2,serial_id,asc,51,2026-03-10T10:49:49+00:00
3dc980a7-b912-4016-9275-625d82a5a4c2,2025122500112,2,0,6,2025-12-25 08:00,2025-12-25 09:00,98493,青葱鱼块,陕西省,西安市,碑林区,西安建筑科技大学(雁塔校区)若祁湖,3dc980a7-b912-4016-9275-625d82a5a4c2,陕西,西安,,,2025-03-01,2026-03-01,2,serial_id,asc,51,2026-03-10T10:49:49+00:00
7587bf4d-bf4f-48d0-a39a-4de62b61c3c4,2025122500124,2,0,3,2025-12-25 08:00,2025-12-25 09:00,98493,青葱鱼块,陕西省,西安市,碑林区,西安建筑科技大学(雁塔校区)主楼前,7587bf4d-bf4f-48d0-a39a-4de62b61c3c4,陕西,西安,,,2025-03-01,2026-03-01,2,serial_id,asc,51,2026-03-10T10:49:49+00:00
4743e7ec-6538-4d7d-b406-10d6f6db9e66,2025122500160,2,0,3,2025-12-25 09:00,2025-12-25 10:00,98428,孙瑞谦,陕西省,西安市,碑林区,西安建筑科技大学(雁塔校区)校史馆,4743e7ec-6538-4d7d-b406-10d6f6db9e66,陕西,西安,,,2025-03-01,2026-03-01,2,serial_id,asc,51,2026-03-10T10:49:49+00:00
3520b45e-9cdb-40a3-b671-3242e05f0e17,2025122500174,2,0,3,2025-12-25 09:00,2025-12-25 10:00,98428,孙瑞谦,陕西省,西安市,碑林区,西安建筑科技大学(雁塔校区)银杏广场,3520b45e-9cdb-40a3-b671-3242e05f0e17,陕西,西安,,,2025-03-01,2026-03-01,2,serial_id,asc,51,2026-03-10T10:49:49+00:00
fa1f5c30-3185-4467-a551-39c60cc8e8b3,2025122500185,2,0,8,2025-12-25 08:00,2025-12-25 08:30,98451,王大灯,陕西省,西安市,碑林区,西安建筑科技大学(雁塔校区）若祁湖,fa1f5c30-3185-4467-a551-39c60cc8e8b3,陕西,西安,,,2025-03-01,2026-03-01,2,serial_id,asc,51,2026-03-10T10:49:49+00:00
d2790ce2-4f5c-43d4-8f5c-1ff6aeb9ec7f,2025122500189,2,0,7,2025-12-25 08:30,2025-12-25 09:00,98451,王大灯,陕西省,西安市,碑林区,校史馆花园,d2790ce2-4f5c-43d4-8f5c-1ff6aeb9ec7f,陕西,西安,,,2025-03-01,2026-03-01,2,serial_id,asc,51,2026-03-10T10:49:49+00:00
e228cbc8-ea76-4dda-8123-4912169aa293,2025122500219,2,0,6,2025-12-25 10:00,2025-12-25 11:00,98447,lyx666,陕西省,西安市,碑林区,西安建筑科技大学(雁塔校区)教学主楼若祁湖,e228cbc8-ea76-4dda-8123-4912169aa293,陕西,西安,,,2025-03-01,2026-03-01,2,serial_id,asc,51,2026-03-10T10:49:49+00:00
1edaff1f-31a1-40ba-a960-cad257138300,2025122500262,2,0,5,2025-12-25 10:00,2025-12-25 11:00,98447,lyx666,陕西省,西安市,碑林区,西安建筑科技大学(雁塔校区)工科大楼柿子林,1edaff1f-31a1-40ba-a960-cad257138300,陕西,西安,,,2025-03-01,2026-03-01,2,serial_id,asc,51,2026-03-10T10:49:49+00:00
cb4889d5-f5ec-40da-ad8a-f20ba1b3f36a,2025122500267,2,0,3,2025-12-25 10:00,2025-12-25 11:00,98465,朱丽莎,陕西省,西安市,碑林区,西安建筑科技大学(雁塔校区)主楼前绿地,cb4889d5-f5ec-40da-ad8a-f20ba1b3f36a,陕西,西安,,,2025-03-01,2026-03-01,2,serial_id,asc,51,2026-03-10T10:49:49+00:00
9e5ffa2c-f7e9-48c0-ba08-990ee9280b04,2025122500269,2,0,3,2025-12-25 10:00,2025-12-25 11:00,98464,陈宇畅,陕西省,西安市,碑林区,主楼前绿地,9e5ffa2c-f7e9-48c0-ba08-990ee9280b04,陕西,西安,,,2025-03-01,2026-03-01,2,serial_id,asc,51,2026-03-10T10:49:49+00:00
14584cc8-0709-4e12-8920-caddfc10f4f3,2025122500276,2,0,1,2025-12-25 11:00,2025-12-25 12:00,102508,赵羽博,陕西省,西安市,碑林区,西安建筑科技大学图书馆,14584cc8-0709-4e12-8920-caddfc10f4f3,陕西,西安,,,2025-03-01,2026-03-01,2,serial_id,asc,51,2026-03-10T10:49:49+00:00
43829a8d-a69f-4b36-9428-4daac0c42c4c,2025122500279,2,0,5,2025-12-25 10:00,2025-12-25 11:00,98464,陈宇畅,陕西省,西安市,碑林区,若祁湖,43829a8d-a69f-4b36-9428-4daac0c42c4c,陕西,西安,,,2025-03-01,2026-03-01,2,serial_id,asc,51,2026-03-10T10:49:49+00:00
fe004938-3852-49d3-9312-87b82a2adc49,2025122500280,2,0,8,2025-12-25 16:30,2025-12-25 17:00,98451,王大灯,陕西省,西安市,碑林区,校史馆花园,fe004938-3852-49d3-9312-87b82a2adc49,陕西,西安,,,2025-03-01,2026-03-01,2,serial_id,asc,51,2026-03-10T10:49:49+00:00
539756cc-09fd-44c8-8df4-b4258c1cc938,2025122500281,2,0,2,2025-12-25 11:00,2025-12-25 12:00,98402,hydestllo,陕西省,西安市,碑林区,西安建筑科技大学(雁塔校区),539756cc-09fd-44c8-8df4-b4258c1cc938,陕西,西安,,,2025-03-01,2026-03-01,2,serial_id,asc,51,2026-03-10T10:49:49+00:00
fc3480fe-a674-47af-95de-255c0b128cc1,2025122500284,2,0,8,2025-12-25 16:00,2025-12-25 16:30,98451,王大灯,陕西省,西安市,碑林区,西安建筑科技大学(雁塔校区)若祁湖,fc3480fe-a674-47af-95de-255c0b128cc1,陕西,西安,,,2025-03-01,2026-03-01,2,serial_id,asc,51,2026-03-10T10:49:49+00:00
7ac694c7-9a98-49e5-aee3-0d05235aabe5,2025122500285,2,0,4,2025-12-25 11:00,2025-12-25 12:00,102508,赵羽博,陕西省,西安市,碑林区,西安建筑科技大学(雁塔校区),7ac694c7-9a98-49e5-aee3-0d05235aabe5,陕西,西安,,,2025-03-01,2026-03-01,2,serial_id,asc,51,2026-03-10T10:49:49+00:00
db6d16fb-4aba-46d1-bbf3-1a2fd474eaa9,2025122500287,2,0,4,2025-12-25 11:00,2025-12-25 12:00,98402,hydestllo,陕西省,西安市,碑林区,西安建筑科技大学(雁塔校区),db6d16fb-4aba-46d1-bbf3-1a2fd474eaa9,陕西,西安,,,2025-03-01,2026-03-01,2,serial_id,asc,51,2026-03-10T10:49:49+00:00
9ee18ec5-48eb-4937-9339-1bd6517cb2ff,2025122500288,2,0,4,2025-12-25 11:00,2025-12-25 12:00,102507,玖初,陕西省,西安市,碑林区,西安建筑科技大学(雁塔校区),9ee18ec5-48eb-4937-9339-1bd6517cb2ff,陕西,西安,,,2025-03-01,2026-03-01,2,serial_id,asc,51,2026-03-10T10:49:49+00:00
135675d3-6c64-4575-a643-e57f6b7d22d0,2025122500292,2,0,2,2025-12-25 11:00,2025-12-25 12:00,102508,赵羽博,陕西省,西安市,碑林区,西安建筑科技大学(雁塔校区),135675d3-6c64-4575-a643-e57f6b7d22d0,陕西,西安,,,2025-03-01,2026-03-01,2,serial_id,asc,51,2026-03-10T10:49:49+00:00
1f759c7f-33ec-4587-80ba-267aaf7af1db,2025122500293,2,0,2,2025-12-25 11:00,2025-12-25 12:00,98402,hydestllo,陕西省,西安市,碑林区,西安建筑科技大学(雁塔校区)教学大楼,1f759c7f-33ec-4587-80ba-267aaf7af1db,陕西,西安,,,2025-03-01,2026-03-01,2,serial_id,asc,51,2026-03-10T10:49:49+00:00
a3ec1173-19bf-4f80-b57c-61da1442c672,2025122500296,2,0,3,2025-12-25 11:00,2025-12-25 12:00,102508,赵羽博,陕西省,西安市,碑林区,南门花园,a3ec1173-19bf-4f80-b57c-61da1442c672,陕西,西安,,,2025-03-01,2026-03-01,2,serial_id,asc,51,2026-03-10T10:49:49+00:00
f353c0ef-6cc8-4a7a-8b84-7613cabaa6f9,2025122500297,2,0,3,2025-12-25 11:00,2025-12-25 12:00,98402,hydestllo,陕西省,西安市,碑林区,西安建筑科技大学南门花园,f353c0ef-6cc8-4a7a-8b84-7613cabaa6f9,陕西,西安,,,2025-03-01,2026-03-01,2,serial_id,asc,51,2026-03-10T10:49:49+00:00
c4204921-67e1-4749-9d73-558ac7db6ec0,2025122500299,2,0,6,2025-12-25 10:00,2025-12-25 11:00,98493,青葱鱼块,陕西省,西安市,碑林区,西安建筑科技大学(雁塔校区)若祁湖,c4204921-67e1-4749-9d73-558ac7db6ec0,陕西,西安,,,2025-03-01,2026-03-01,2,serial_id,asc,51,2026-03-10T10:49:49+00:00
5de93f22-0719-4d65-a13e-57434313562e,2025122500301,2,0,3,2025-12-25 11:00,2025-12-25 12:00,102507,玖初,陕西省,西安市,碑林区,西安建筑科技大学(雁塔校区),5de93f22-0719-4d65-a13e-57434313562e,陕西,西安,,,2025-03-01,2026-03-01,2,serial_id,asc,51,2026-03-10T10:49:49+00:00
8fdbb140-2322-475b-8f37-c34670baac2e,2025122500310,2,0,4,2025-12-25 11:00,2025-12-25 12:00,98454,Gp,陕西省,西安市,碑林区,西安建筑科技大学(雁塔校区),8fdbb140-2322-475b-8f37-c34670baac2e,陕西,西安,,,2025-03-01,2026-03-01,2,serial_id,asc,51,2026-03-10T10:49:49+00:00
604d12ba-cb6a-429f-ad8b-7ed865f219cf,2025122500315,2,0,3,2025-12-25 11:00,2025-12-25 12:00,98454,Gp,陕西省,西安市,碑林区,西安建筑科技大学校史馆前绿地,604d12ba-cb6a-429f-ad8b-7ed865f219cf,陕西,西安,,,2025-03-01,2026-03-01,2,serial_id,asc,51,2026-03-10T10:49:49+00:00
223cbb69-c5e8-49a9-8dc4-0d14e96c0f5a,2025122500317,2,0,6,2025-12-25 11:00,2025-12-25 12:00,102507,玖初,陕西省,西安市,碑林区,西安建筑科技大学(雁塔校区),223cbb69-c5e8-49a9-8dc4-0d14e96c0f5a,陕西,西安,,,2025-03-01,2026-03-01,2,serial_id,asc,51,2026-03-10T10:49:49+00:00
c94c31fc-55e1-4796-9298-d337a0e8a796,2025122500318,2,0,6,2025-12-25 11:00,2025-12-25 12:00,98465,朱丽莎,陕西省,西安市,碑林区,西安建筑科技大学(雁塔校区)若祁湖,c94c31fc-55e1-4796-9298-d337a0e8a796,陕西,西安,,,2025-03-01,2026-03-01,2,serial_id,asc,51,2026-03-10T10:49:49+00:00
ffcfe92e-a6d1-4acf-9875-726cb7f426ab,2025122500321,2,0,6,2025-12-25 11:00,2025-12-25 12:00,102508,赵羽博,陕西省,西安市,碑林区,建大湖,ffcfe92e-a6d1-4acf-9875-726cb7f426ab,陕西,西安,,,2025-03-01,2026-03-01,2,serial_id,asc,51,2026-03-10T10:49:49+00:00
9618c795-db6e-4be1-b78c-dbc12b42174d,2025122500329,2,0,7,2025-12-25 11:00,2025-12-25 12:00,102507,玖初,陕西省,西安市,碑林区,西安建筑科技大学(雁塔校区),9618c795-db6e-4be1-b78c-dbc12b42174d,陕西,西安,,,2025-03-01,2026-03-01,2,serial_id,asc,51,2026-03-10T10:49:49+00:00
938e4f1d-4c00-4755-8214-bd0f57ae1122,2025122500331,2,0,6,2025-12-25 11:00,2025-12-25 12:00,102508,赵羽博,陕西省,西安市,碑林区,建科大厦,938e4f1d-4c00-4755-8214-bd0f57ae1122,陕西,西安,,,2025-03-01,2026-03-01,2,serial_id,asc,51,2026-03-10T10:49:49+00:00
945e5780-21c5-452e-9b4c-d2789fa1c0fc,2025122500332,2,0,6,2025-12-25 11:00,2025-12-25 12:00,98402,hydestllo,陕西省,西安市,碑林区,西安建筑科技大学湖,945e5780-21c5-452e-9b4c-d2789fa1c0fc,陕西,西安,,,2025-03-01,2026-03-01,2,serial_id,asc,51,2026-03-10T10:49:49+00:00
0a501163-7326-4741-8ee9-d4f134dc9603,2025122500334,2,0,6,2025-12-25 11:00,2025-12-25 12:00,98402,hydestllo,陕西省,西安市,碑林区,西安建筑科技大学柿子林,0a501163-7326-4741-8ee9-d4f134dc9603,陕西,西安,,,2025-03-01,2026-03-01,2,serial_id,asc,51,2026-03-10T10:49:49+00:00
28058b86-1c8b-4f44-ba15-0c4e9921b593,2025122500371,2,0,7,2025-12-25 11:40,2025-12-25 12:10,91470,苦练括约肌夹断负心汉,陕西省,西安市,未央区,未央区西安浐灞国家湿地公园(灞河西路北),28058b86-1c8b-4f44-ba15-0c4e9921b593,陕西,西安,,,2025-03-01,2026-03-01,2,serial_id,asc,51,2026-03-10T10:49:49+00:00
266ed2e4-7798-440f-b7d6-4d7ce1996a14,2025122500419,2,0,7,2025-12-25 12:00,2025-12-25 13:00,98763,马卉双,陕西省,西安市,碑林区,西安建筑科技大学池塘凉亭,266ed2e4-7798-440f-b7d6-4d7ce1996a14,陕西,西安,,,2025-03-01,2026-03-01,2,serial_id,asc,51,2026-03-10T10:49:49+00:00
448e108d-893a-4205-85a4-7bc71f242f4f,2025122500420,2,0,7,2025-12-25 12:00,2025-12-25 13:00,98474,康瑞杰,陕西省,西安市,碑林区,西安建筑科技大学池塘凉亭,448e108d-893a-4205-85a4-7bc71f242f4f,陕西,西安,,,2025-03-01,2026-03-01,2,serial_id,asc,51,2026-03-10T10:49:49+00:00
4cba034c-66bc-478d-9bed-fbddf2403e2a,2025122500424,2,0,4,2025-12-25 12:00,2025-12-25 13:00,98485,苏琬琪,陕西省,西安市,碑林区,西安建筑科技大学(雁塔校区)图书馆花园,4cba034c-66bc-478d-9bed-fbddf2403e2a,陕西,西安,,,2025-03-01,2026-03-01,2,serial_id,asc,51,2026-03-10T10:49:49+00:00
4e0573bb-d622-4af0-aaea-d698d093537b,2025122500442,2,0,4,2025-12-25 12:00,2025-12-25 13:00,98428,孙瑞谦,陕西省,西安市,碑林区,西安建筑科技大学(雁塔校区)银杏广场,4e0573bb-d622-4af0-aaea-d698d093537b,陕西,西安,,,2025-03-01,2026-03-01,2,serial_id,asc,51,2026-03-10T10:49:49+00:00
e836e95b-140a-4597-97f5-6af55786d522,2025122500446,2,0,7,2025-12-25 12:00,2025-12-25 13:00,98763,马卉双,陕西省,西安市,碑林区,西安建筑科技大学(雁塔校区)工科大楼,e836e95b-140a-4597-97f5-6af55786d522,陕西,西安,,,2025-03-01,2026-03-01,2,serial_id,asc,51,2026-03-10T10:49:49+00:00
ad9e51db-e4e1-4298-bd83-2d2db5c35365,2025122500454,2,0,4,2025-12-25 12:00,2025-12-25 13:00,98485,苏琬琪,陕西省,西安市,碑林区,西安建筑科技大学(雁塔校区校史花园),ad9e51db-e4e1-4298-bd83-2d2db5c35365,陕西,西安,,,2025-03-01,2026-03-01,2,serial_id,asc,51,2026-03-10T10:49:49+00:00
0dbff1ec-e5bb-4ff2-942b-4be7387aebf4,2025122500456,2,0,6,2025-12-25 12:00,2025-12-25 13:00,98474,康瑞杰,陕西省,西安市,碑林区,西安建筑科技大学(雁塔校区)工科大楼,0dbff1ec-e5bb-4ff2-942b-4be7387aebf4,陕西,西安,,,2025-03-01,2026-03-01,2,serial_id,asc,51,2026-03-10T10:49:49+00:00
8d97fbd2-ebbf-4a9f-87f5-aee0f88937e2,2025122500464,2,0,22,2025-12-25 12:00,2025-12-25 16:11,91470,苦练括约肌夹断负心汉,陕西省,西安市,未央区,未央区西安浐灞国家湿地公园,8d97fbd2-ebbf-4a9f-87f5-aee0f88937e2,陕西,西安,,,2025-03-01,2026-03-01,2,serial_id,asc,51,2026-03-10T10:49:49+00:00
7a99706c-26ca-4780-9e86-5471d824640f,2025122500467,2,0,5,2025-12-25 12:00,2025-12-25 13:00,98428,孙瑞谦,陕西省,西安市,碑林区,西安建筑科技大学(雁塔校区)校史馆,7a99706c-26ca-4780-9e86-5471d824640f,陕西,西安,,,2025-03-01,2026-03-01,2,serial_id,asc,51,2026-03-10T10:49:49+00:00
e5a3bc19-70b1-4c60-85a5-81b1fb8dd757,2025122500491,2,0,3,2025-12-25 07:29,2025-12-25 08:29,98461,施菀升,陕西省,西安市,碑林区,西安建筑科技大学(雁塔校区)主楼前绿地,e5a3bc19-70b1-4c60-85a5-81b1fb8dd757,陕西,西安,,,2025-03-01,2026-03-01,2,serial_id,asc,51,2026-03-10T10:49:49+00:00
e2820556-4827-48d9-8748-687a8f18c2ca,2025122500501,2,0,3,2025-12-25 07:26,2025-12-25 08:31,98461,施菀升,陕西省,西安市,碑林区,西安建筑科技大学(雁塔校区)若祁湖,e2820556-4827-48d9-8748-687a8f18c2ca,陕西,西安,,,2025-03-01,2026-03-01,2,serial_id,asc,51,2026-03-10T10:49:49+00:00
ad595df6-99fc-413c-aa65-f7e4207993cd,2025122500508,2,0,3,2025-12-25 12:38,2025-12-25 13:38,98461,施菀升,陕西省,西安市,碑林区,西安建筑科技大学(雁塔校区)主楼前绿地,ad595df6-99fc-413c-aa65-f7e4207993cd,陕西,西安,,,2025-03-01,2026-03-01,2,serial_id,asc,51,2026-03-10T10:49:49+00:00
de48fd7c-a4f3-440b-9956-8e1539b276f9,2025122500515,2,0,2,2025-12-25 13:00,2025-12-25 14:00,98461,施菀升,陕西省,西安市,碑林区,西安建筑科技大学(雁塔校区)若祁湖,de48fd7c-a4f3-440b-9956-8e1539b276f9,陕西,西安,,,2025-03-01,2026-03-01,2,serial_id,asc,51,2026-03-10T10:49:49+00:00
610b0d0e-ddad-4ab0-a6c4-7c018638bc90,2025122500737,2,0,15,2025-12-25 09:00,2025-12-25 11:00,87423,糕糕在上的高高鸡,陕西省,西安市,长安区,圭峰寺,610b0d0e-ddad-4ab0-a6c4-7c018638bc90,陕西,西安,,,2025-03-01,2026-03-01,2,serial_id,asc,51,2026-03-10T10:49:49+00:00
77add102-b672-4cf0-a9c5-f3df11cbb7ad,2025122500742,2,0,4,2025-12-24 15:02,2025-12-24 16:00,98471,第七片海,陕西省,西安市,碑林区,西安建筑科技大学校史馆,77add102-b672-4cf0-a9c5-f3df11cbb7ad,陕西,西安,,,2025-03-01,2026-03-01,2,serial_id,asc,51,2026-03-10T10:49:49+00:00
69b2ba60-5880-4cfc-a883-a079adcd74db,2025122500771,2,0,2,2025-12-24 07:00,2025-12-24 08:30,97222,wyj8099,陕西省,西安市,碑林区,西安建筑科技大学(雁塔校区),69b2ba60-5880-4cfc-a883-a079adcd74db,陕西,西安,,,2025-03-01,2026-03-01,2,serial_id,asc,52,2026-03-10T10:49:52+00:00
12a9aff0-8831-488d-9889-ff56778da2b5,2025122500783,2,0,4,2025-12-25 15:00,2025-12-25 16:00,98475,黄lu,陕西省,西安市,碑林区,西安建筑科技大学校史馆,12a9aff0-8831-488d-9889-ff56778da2b5,陕西,西安,,,2025-03-01,2026-03-01,2,serial_id,asc,52,2026-03-10T10:49:52+00:00
a44b0684-d5e1-484a-85c2-e69fef5ef3da,2025122500788,2,0,3,2025-12-24 15:17,2025-12-24 16:17,98471,第七片海,陕西省,西安市,碑林区,西安建筑科技大学(雁塔校区)工科大楼,a44b0684-d5e1-484a-85c2-e69fef5ef3da,陕西,西安,,,2025-03-01,2026-03-01,2,serial_id,asc,52,2026-03-10T10:49:52+00:00
b1bd3bc0-f3fe-4111-b65b-8cbaf25226e4,2025122500816,2,0,6,2025-12-24 07:30,2025-12-24 08:30,97222,wyj8099,陕西省,西安市,碑林区,西安建筑科技大学池塘凉亭,b1bd3bc0-f3fe-4111-b65b-8cbaf25226e4,陕西,西安,,,2025-03-01,2026-03-01,2,serial_id,asc,52,2026-03-10T10:49:52+00:00
3f386af8-f9b0-4e86-9be2-af4f9d1724cb,2025122500830,2,0,13,2025-10-28 09:24,2025-12-25 17:24,87423,糕糕在上的高高鸡,陕西省,西安市,长安区,圭峰寺,3f386af8-f9b0-4e86-9be2-af4f9d1724cb,陕西,西安,,,2025-03-01,2026-03-01,2,serial_id,asc,52,2026-03-10T10:49:52+00:00
0e7088de-c812-4d31-93c1-7e52983490f0,2025122500843,2,0,5,2025-12-25 15:00,2025-12-25 16:00,98440,马欣蕊,陕西省,西安市,碑林区,西安建筑科技大学(雁塔校区)若祈湖,0e7088de-c812-4d31-93c1-7e52983490f0,陕西,西安,,,2025-03-01,2026-03-01,2,serial_id,asc,52,2026-03-10T10:49:52+00:00
a76514e0-c728-4407-9ec4-6ee2b724a45a,2025122500844,2,0,1,2025-12-25 15:00,2025-12-25 16:00,98485,苏琬琪,陕西省,西安市,碑林区,西安建筑科技大学(雁塔校区),a76514e0-c728-4407-9ec4-6ee2b724a45a,陕西,西安,,,2025-03-01,2026-03-01,2,serial_id,asc,52,2026-03-10T10:49:52+00:00
737b236e-a8f8-49c9-b454-035123b6900c,2025122500852,2,0,1,2025-12-25 15:00,2025-12-25 16:00,98440,马欣蕊,陕西省,西安市,碑林区,西安建筑科技大学(雁塔校区)工科楼柿子林,737b236e-a8f8-49c9-b454-035123b6900c,陕西,西安,,,2025-03-01,2026-03-01,2,serial_id,asc,52,2026-03-10T10:49:52+00:00
8766ebfb-9dde-4dc5-9b70-8270201530d2,2025122500864,2,0,2,2025-12-25 15:00,2025-12-25 16:00,98475,黄lu,陕西省,西安市,碑林区,西安建筑科技大学(雁塔校区)工科大楼,8766ebfb-9dde-4dc5-9b70-8270201530d2,陕西,西安,,,2025-03-01,2026-03-01,2,serial_id,asc,52,2026-03-10T10:49:52+00:00
dc6f6755-3f52-445c-a83f-98dc22169ac5,2025122500877,2,0,4,2025-12-25 15:33,2025-12-25 16:00,98485,苏琬琪,陕西省,西安市,碑林区,西安建筑科技大学(雁塔校区)校史花园,dc6f6755-3f52-445c-a83f-98dc22169ac5,陕西,西安,,,2025-03-01,2026-03-01,2,serial_id,asc,52,2026-03-10T10:49:52+00:00
a03b1f5f-a577-4b6e-bfdc-3d1dbc2ce4c3,2025122500882,2,0,6,2025-12-25 15:00,2025-12-25 16:00,98474,康瑞杰,陕西省,西安市,碑林区,西安建筑科技大学(雁塔校区)工科大楼,a03b1f5f-a577-4b6e-bfdc-3d1dbc2ce4c3,陕西,西安,,,2025-03-01,2026-03-01,2,serial_id,asc,52,2026-03-10T10:49:52+00:00
6b4c7129-6d9c-4967-b814-961e06a81944,2025122500886,2,0,6,2025-12-25 15:00,2025-12-25 16:00,98474,康瑞杰,陕西省,西安市,碑林区,西安建筑科技大学池塘凉亭,6b4c7129-6d9c-4967-b814-961e06a81944,陕西,西安,,,2025-03-01,2026-03-01,2,serial_id,asc,52,2026-03-10T10:49:52+00:00
d8583ff0-7269-4512-affd-c71e9112cf0f,2025122500888,2,0,2,2025-12-24 11:30,2025-12-24 12:30,97222,wyj8099,陕西省,西安市,碑林区,西安建筑科技大学(雁塔校区)西门广场林带,d8583ff0-7269-4512-affd-c71e9112cf0f,陕西,西安,,,2025-03-01,2026-03-01,2,serial_id,asc,52,2026-03-10T10:49:52+00:00
240cd122-7406-4506-ba8d-746d37b2e2e8,2025122500890,2,0,2,2025-10-27 15:00,2025-10-27 16:00,97791,胡绎莹,陕西省,西安市,碑林区,西安建筑科技大学(雁塔校区)定点3,240cd122-7406-4506-ba8d-746d37b2e2e8,陕西,西安,,,2025-03-01,2026-03-01,2,serial_id,asc,52,2026-03-10T10:49:52+00:00
884f3afe-f0f4-4224-ad3b-88bea1260e79,2025122500894,2,0,3,2025-10-27 15:00,2025-10-27 16:00,97791,胡绎莹,陕西省,西安市,碑林区,西安建筑科技大学(雁塔校区)定点10,884f3afe-f0f4-4224-ad3b-88bea1260e79,陕西,西安,,,2025-03-01,2026-03-01,2,serial_id,asc,52,2026-03-10T10:49:52+00:00
aa924f60-84dc-43ab-ac08-37311a5a6b25,2025122500896,2,0,1,2025-10-27 15:00,2025-10-27 16:00,97791,胡绎莹,陕西省,西安市,碑林区,西安建筑科技大学(雁塔校区)定点5,aa924f60-84dc-43ab-ac08-37311a5a6b25,陕西,西安,,,2025-03-01,2026-03-01,2,serial_id,asc,52,2026-03-10T10:49:52+00:00
9fcf9161-8638-4f8a-b433-92e6d7d062fc,2025122500897,2,0,3,2025-10-27 15:00,2025-10-27 16:00,97791,胡绎莹,陕西省,西安市,碑林区,西安建筑科技大学(雁塔校区)定点9,9fcf9161-8638-4f8a-b433-92e6d7d062fc,陕西,西安,,,2025-03-01,2026-03-01,2,serial_id,asc,52,2026-03-10T10:49:52+00:00
20a983d4-8727-4a1d-971c-15e73655827b,2025122500902,2,0,7,2025-12-24 11:30,2025-12-24 12:30,97222,wyj8099,陕西省,西安市,碑林区,西安建筑科技大学池塘凉亭,20a983d4-8727-4a1d-971c-15e73655827b,陕西,西安,,,2025-03-01,2026-03-01,2,serial_id,asc,52,2026-03-10T10:49:52+00:00
fad1ff1c-a59e-437e-b97d-036d10657633,2025122500915,2,0,5,2025-12-25 16:00,2025-12-25 17:00,98465,朱丽莎,陕西省,西安市,碑林区,西安建筑科技大学(雁塔校区)若祁湖,fad1ff1c-a59e-437e-b97d-036d10657633,陕西,西安,,,2025-03-01,2026-03-01,2,serial_id,asc,52,2026-03-10T10:49:52+00:00
72b13aaa-c28a-4a35-ac17-0b397dfa9d82,2025122500928,2,0,4,2025-12-25 16:00,2025-12-25 17:00,98465,朱丽莎,陕西省,西安市,碑林区,西安建筑科技大学(雁塔校区)主楼前绿地,72b13aaa-c28a-4a35-ac17-0b397dfa9d82,陕西,西安,,,2025-03-01,2026-03-01,2,serial_id,asc,52,2026-03-10T10:49:52+00:00
223e01d8-0204-4907-8514-8b39be582380,2025122500939,2,0,1,2025-12-25 16:00,2025-12-25 17:00,86307,李封真,陕西省,西安市,鄠邑区,涝渭湿地公园,223e01d8-0204-4907-8514-8b39be582380,陕西,西安,,,2025-03-01,2026-03-01,2,serial_id,asc,52,2026-03-10T10:49:52+00:00
ddd058aa-3b89-4d96-85f5-d1b30be04846,2025122500948,2,0,2,2025-12-24 17:00,2025-12-24 18:00,97222,wyj8099,陕西省,西安市,碑林区,西安建筑科技大学(雁塔校区)西门广场林带,ddd058aa-3b89-4d96-85f5-d1b30be04846,陕西,西安,,,2025-03-01,2026-03-01,2,serial_id,asc,52,2026-03-10T10:49:52+00:00
c4252faf-701e-4f9d-987e-710f8310f04c,2025122501012,2,0,3,2025-12-24 17:30,2025-12-25 18:30,97222,wyj8099,陕西省,西安市,碑林区,西安建筑科技大学池塘凉亭,c4252faf-701e-4f9d-987e-710f8310f04c,陕西,西安,,,2025-03-01,2026-03-01,2,serial_id,asc,52,2026-03-10T10:49:52+00:00
bcf916fd-b4c8-493f-b06a-d67aeea9c808,2025122501066,2,0,6,2025-12-24 07:30,2025-12-24 08:30,97225,丸满芋,陕西省,西安市,碑林区,西安建筑科技大学池塘凉亭,bcf916fd-b4c8-493f-b06a-d67aeea9c808,陕西,西安,,,2025-03-01,2026-03-01,2,serial_id,asc,52,2026-03-10T10:49:52+00:00
7232f24b-bce7-4a8c-87c7-fc7e16927f7f,2025122501074,2,0,2,2025-12-24 07:30,2025-12-24 08:30,97225,丸满芋,陕西省,西安市,碑林区,西安建筑科技大学,7232f24b-bce7-4a8c-87c7-fc7e16927f7f,陕西,西安,,,2025-03-01,2026-03-01,2,serial_id,asc,52,2026-03-10T10:49:52+00:00
12ecfd1e-8a24-4d6b-8e90-6dbe09a1db63,2025122501084,2,0,2,2025-12-24 11:30,2025-12-24 12:30,97225,丸满芋,陕西省,西安市,碑林区,西安建筑科技大学(雁塔校区)西门广场林带,12ecfd1e-8a24-4d6b-8e90-6dbe09a1db63,陕西,西安,,,2025-03-01,2026-03-01,2,serial_id,asc,52,2026-03-10T10:49:52+00:00
786943ee-1ef4-4b00-8430-62465c095162,2025122501087,2,0,7,2025-12-24 11:30,2025-12-24 12:30,97225,丸满芋,陕西省,西安市,碑林区,西安建筑科技大学池塘凉亭,786943ee-1ef4-4b00-8430-62465c095162,陕西,西安,,,2025-03-01,2026-03-01,2,serial_id,asc,52,2026-03-10T10:49:52+00:00
d4686643-967a-42b5-8103-1014ff680762,2025122501091,2,0,2,2025-12-24 17:00,2025-12-24 18:00,97225,丸满芋,陕西省,西安市,碑林区,西安建筑科技大学(雁塔校区)西门广场林带,d4686643-967a-42b5-8103-1014ff680762,陕西,西安,,,2025-03-01,2026-03-01,2,serial_id,asc,52,2026-03-10T10:49:52+00:00
867284b5-6f63-42ea-9f8f-925b35446f3a,2025122501094,2,0,3,2025-12-24 17:30,2025-12-24 18:30,97225,丸满芋,陕西省,西安市,碑林区,西安建筑科技大学池塘凉亭,867284b5-6f63-42ea-9f8f-925b35446f3a,陕西,西安,,,2025-03-01,2026-03-01,2,serial_id,asc,52,2026-03-10T10:49:52+00:00
41536bff-bb70-4fb9-bb96-f9ac22b670ac,2025122501106,2,0,4,2025-11-25 15:00,2025-11-25 15:30,98478,张谨言,陕西省,西安市,碑林区,西安建筑科技大学(雁塔校区)若祁湖,41536bff-bb70-4fb9-bb96-f9ac22b670ac,陕西,西安,,,2025-03-01,2026-03-01,2,serial_id,asc,52,2026-03-10T10:49:52+00:00
6921cdf6-701d-41df-abff-1ac2b2369ada,2025122501108,2,0,8,2025-12-25 17:00,2025-12-25 18:00,73554,白鹡鸰早起去观鸟,陕西省,西安市,莲湖区,丰庆公园,6921cdf6-701d-41df-abff-1ac2b2369ada,陕西,西安,,,2025-03-01,2026-03-01,2,serial_id,asc,52,2026-03-10T10:49:52+00:00
9bfc2540-083a-451e-a2ca-7d36be0cb4a7,2025122501113,2,0,5,2025-11-26 15:30,2025-11-26 16:00,98478,张谨言,陕西省,西安市,碑林区,西安建筑科技大学校史馆,9bfc2540-083a-451e-a2ca-7d36be0cb4a7,陕西,西安,,,2025-03-01,2026-03-01,2,serial_id,asc,52,2026-03-10T10:49:52+00:00
5e799024-b4c7-42a2-b024-e665d822289d,2025122501142,2,0,7,2025-11-27 09:00,2025-11-27 09:30,98478,张谨言,陕西省,西安市,碑林区,西安建筑科技大学校史馆,5e799024-b4c7-42a2-b024-e665d822289d,陕西,西安,,,2025-03-01,2026-03-01,2,serial_id,asc,52,2026-03-10T10:49:52+00:00
82a0b576-88fd-44db-80df-a76a5aae1230,2025122501145,2,0,7,2025-12-02 08:30,2025-12-02 09:00,98478,张谨言,陕西省,西安市,碑林区,西安建筑科技大学(雁塔校区)池塘凉亭,82a0b576-88fd-44db-80df-a76a5aae1230,陕西,西安,,,2025-03-01,2026-03-01,2,serial_id,asc,52,2026-03-10T10:49:52+00:00
67be8309-f5df-47f4-a53c-a9b2190cd664,2025122501180,2,0,6,2025-12-25 18:00,2025-12-25 19:00,98763,马卉双,陕西省,西安市,碑林区,西安建筑科技大学(雁塔校区)工科大楼,67be8309-f5df-47f4-a53c-a9b2190cd664,陕西,西安,,,2025-03-01,2026-03-01,2,serial_id,asc,52,2026-03-10T10:49:52+00:00
96bf1a88-7eea-4f73-a8f9-1df5499d0c32,2025122501184,2,0,6,2025-12-25 18:00,2025-12-25 19:00,98763,马卉双,陕西省,西安市,碑林区,西安建筑科技大学池塘凉亭,96bf1a88-7eea-4f73-a8f9-1df5499d0c32,陕西,西安,,,2025-03-01,2026-03-01,2,serial_id,asc,52,2026-03-10T10:49:52+00:00
50776947-7fdb-4e1a-9099-c6388d382650,2025122501301,2,0,10,2025-12-25 19:00,2025-12-25 20:00,23582,刘新建,陕西省,西安市,莲湖区,丰庆公园,50776947-7fdb-4e1a-9099-c6388d382650,陕西,西安,,,2025-03-01,2026-03-01,2,serial_id,asc,52,2026-03-10T10:49:52+00:00
f884d682-5187-42cf-9bd9-d133f4d982dd,2025122501399,2,0,6,2025-12-10 15:00,2025-12-10 17:00,98468,李瞳缤玥,陕西省,西安市,碑林区,西安建筑科技大学校史馆旁花园,f884d682-5187-42cf-9bd9-d133f4d982dd,陕西,西安,,,2025-03-01,2026-03-01,2,serial_id,asc,52,2026-03-10T10:49:52+00:00
937f7afd-9233-43d6-ba48-32bbe827c566,2025122501414,2,0,2,2025-12-24 08:00,2025-12-24 09:00,98426,郭欣宇,陕西省,西安市,碑林区,西安建筑科技大学(雁塔校区)网球馆旁,937f7afd-9233-43d6-ba48-32bbe827c566,陕西,西安,,,2025-03-01,2026-03-01,2,serial_id,asc,52,2026-03-10T10:49:52+00:00
47ebb4dd-bcd8-4976-8244-cb5c69a5d58f,2025122501466,2,0,8,2025-12-25 21:00,2025-12-25 22:00,73666,春水云上,陕西省,西安市,长安区,陝西師範大學(長安校區),47ebb4dd-bcd8-4976-8244-cb5c69a5d58f,陕西,西安,,,2025-03-01,2026-03-01,2,serial_id,asc,52,2026-03-10T10:49:52+00:00
e494eb55-4a43-472a-b168-9f9d02216f2f,2025122501475,2,0,5,2025-10-28 07:00,2025-10-28 08:00,97804,titicaca,陕西省,西安市,碑林区,西安建筑科技大学(雁塔校区)定点3若祁湖花园,e494eb55-4a43-472a-b168-9f9d02216f2f,陕西,西安,,,2025-03-01,2026-03-01,2,serial_id,asc,52,2026-03-10T10:49:52+00:00
9d2b41b4-9b5f-4a84-a48c-c13ac6b0843b,2025122501478,2,0,3,2025-10-28 07:13,2025-10-28 08:13,97804,titicaca,陕西省,西安市,碑林区,西安建筑科技大学(雁塔校区)定点6校史花园,9d2b41b4-9b5f-4a84-a48c-c13ac6b0843b,陕西,西安,,,2025-03-01,2026-03-01,2,serial_id,asc,52,2026-03-10T10:49:52+00:00
d1ab6422-893f-4594-b5e8-3182b722045f,2025122501518,2,0,4,2025-10-28 11:30,2025-10-28 12:30,97804,titicaca,陕西省,西安市,碑林区,西安建筑科技大学(雁塔校区)定点3若祁湖花园,d1ab6422-893f-4594-b5e8-3182b722045f,陕西,西安,,,2025-03-01,2026-03-01,2,serial_id,asc,52,2026-03-10T10:49:52+00:00
2d1e3f42-4a1e-4fbd-b7a1-6016daf055c9,2025122501530,2,0,5,2025-10-28 15:30,2025-10-28 16:30,97804,titicaca,陕西省,西安市,碑林区,西安建筑科技大学(雁塔校区)定点3若祁湖花园,2d1e3f42-4a1e-4fbd-b7a1-6016daf055c9,陕西,西安,,,2025-03-01,2026-03-01,2,serial_id,asc,52,2026-03-10T10:49:52+00:00
59b3c277-7cb9-4f65-bfb5-7915ce1c7e70,2025122501535,2,0,3,2025-10-28 11:30,2025-10-28 12:30,97804,titicaca,陕西省,西安市,碑林区,西安建筑科技大学(雁塔校区)定点6校史花园,59b3c277-7cb9-4f65-bfb5-7915ce1c7e70,陕西,西安,,,2025-03-01,2026-03-01,2,serial_id,asc,52,2026-03-10T10:49:52+00:00
90423996-d49e-49c8-b879-9d5a9cb178df,2025122501538,2,0,4,2025-10-28 15:30,2025-10-28 16:30,97804,titicaca,陕西省,西安市,碑林区,西安建筑科技大学(雁塔校区)定点6校史花园,90423996-d49e-49c8-b879-9d5a9cb178df,陕西,西安,,,2025-03-01,2026-03-01,2,serial_id,asc,52,2026-03-10T10:49:52+00:00
a7bbd1a2-ef86-44a1-8b6c-a61bb4b8b687,2025122501619,2,0,3,2025-12-24 11:30,2025-12-24 12:00,98459,李月异,陕西省,西安市,碑林区,西安建筑科技大学(雁塔校区)工科楼柿子林,a7bbd1a2-ef86-44a1-8b6c-a61bb4b8b687,陕西,西安,,,2025-03-01,2026-03-01,2,serial_id,asc,52,2026-03-10T10:49:52+00:00
f90efaaf-6802-4383-bac4-9631190515df,2025122600154,2,0,2,2025-12-26 09:00,2025-12-26 10:00,98442,李壕,陕西省,西安市,碑林区,西安建筑科技大学(雁塔校区)图书馆花园,f90efaaf-6802-4383-bac4-9631190515df,陕西,西安,,,2025-03-01,2026-03-01,2,serial_id,asc,52,2026-03-10T10:49:52+00:00
52fed3ab-ca28-4168-a400-83602b004bb1,2025122600166,2,0,4,2025-12-26 09:00,2025-12-26 10:00,98442,李壕,陕西省,西安市,碑林区,西安建筑科技大学(雁塔校区)若祁湖,52fed3ab-ca28-4168-a400-83602b004bb1,陕西,西安,,,2025-03-01,2026-03-01,2,serial_id,asc,52,2026-03-10T10:49:52+00:00
a234fab0-e4b8-4dc5-89f9-bbb7e38a629c,2025122600173,2,0,3,2025-12-26 09:00,2025-12-26 10:00,98442,李壕,陕西省,西安市,碑林区,西安建筑科技大学(雁塔校区)校史馆花园,a234fab0-e4b8-4dc5-89f9-bbb7e38a629c,陕西,西安,,,2025-03-01,2026-03-01,2,serial_id,asc,52,2026-03-10T10:49:52+00:00
0075315e-867e-4300-8ffd-f8ac046501cb,2025122600253,2,0,3,2025-12-26 10:00,2025-12-26 11:00,80145,李自在,陕西省,西安市,雁塔区,西安新植物园,0075315e-867e-4300-8ffd-f8ac046501cb,陕西,西安,,,2025-03-01,2026-03-01,2,serial_id,asc,53,2026-03-10T10:49:55+00:00
78c2ffaa-41df-479f-a335-a6c6ae619ea2,2025122600338,2,0,11,2025-12-26 11:00,2025-12-26 12:00,37241,漱石,陕西省,西安市,莲湖区,丰庆公园,78c2ffaa-41df-479f-a335-a6c6ae619ea2,陕西,西安,,,2025-03-01,2026-03-01,2,serial_id,asc,53,2026-03-10T10:49:55+00:00
f7e7efd7-6a87-4fd6-8387-a1c4652c85ca,2025122600425,2,0,7,2025-12-26 12:00,2025-12-26 13:00,98447,lyx666,陕西省,西安市,碑林区,西安建筑科技大学(雁塔校区)工科大楼柿子林,f7e7efd7-6a87-4fd6-8387-a1c4652c85ca,陕西,西安,,,2025-03-01,2026-03-01,2,serial_id,asc,53,2026-03-10T10:49:55+00:00
14a894ba-3fbb-4dc0-9721-9d452c8a8ead,2025122600521,2,0,7,2025-12-26 13:00,2025-12-26 14:00,98447,lyx666,陕西省,西安市,碑林区,西安建筑科技大学(雁塔校区)教学主楼若祁湖,14a894ba-3fbb-4dc0-9721-9d452c8a8ead,陕西,西安,,,2025-03-01,2026-03-01,2,serial_id,asc,53,2026-03-10T10:49:55+00:00
c0a67008-2b82-4237-917c-e4e3bb3ad971,2025122600546,2,0,7,2025-12-26 14:00,2025-12-26 15:00,98469,建筑2302李嘉悦,陕西省,西安市,碑林区,西安建筑科技大学池塘凉亭,c0a67008-2b82-4237-917c-e4e3bb3ad971,陕西,西安,,,2025-03-01,2026-03-01,2,serial_id,asc,53,2026-03-10T10:49:55+00:00
cba9fafb-b8fb-473c-b01d-9d8542f49852,2025122600573,2,0,15,2025-12-26 11:24,2025-12-26 13:22,91470,苦练括约肌夹断负心汉,陕西省,西安市,灞桥区,雁鸣湖休闲公园,cba9fafb-b8fb-473c-b01d-9d8542f49852,陕西,西安,,,2025-03-01,2026-03-01,2,serial_id,asc,53,2026-03-10T10:49:55+00:00
41aec442-e4ec-4905-957b-355dc8b7a860,2025122600574,2,0,6,2025-11-12 10:30,2025-11-12 13:30,98438,莱莱宝,陕西省,西安市,碑林区,西安建筑科技大学校史馆旁花园,41aec442-e4ec-4905-957b-355dc8b7a860,陕西,西安,,,2025-03-01,2026-03-01,2,serial_id,asc,53,2026-03-10T10:49:55+00:00
be8672f3-4a13-4f26-8ed6-ec281eae6412,2025122600576,2,0,1,2025-11-11 10:00,2025-11-11 11:00,98438,莱莱宝,陕西省,西安市,碑林区,西安建筑科技大学西阶,be8672f3-4a13-4f26-8ed6-ec281eae6412,陕西,西安,,,2025-03-01,2026-03-01,2,serial_id,asc,53,2026-03-10T10:49:55+00:00
09c93779-85e0-462a-833c-d48819b9fe77,2025122600577,2,0,18,2025-12-26 13:00,2025-12-26 14:00,23582,刘新建,陕西省,西安市,莲湖区,丰庆公园,09c93779-85e0-462a-833c-d48819b9fe77,陕西,西安,,,2025-03-01,2026-03-01,2,serial_id,asc,53,2026-03-10T10:49:55+00:00
6a1fedda-c725-4867-b8ab-3a33af15efae,2025122600628,2,0,1,2025-11-11 10:26,2025-11-11 10:30,98425,李欣芮,陕西省,西安市,碑林区,西阶西花园,6a1fedda-c725-4867-b8ab-3a33af15efae,陕西,西安,,,2025-03-01,2026-03-01,2,serial_id,asc,53,2026-03-10T10:49:55+00:00
ef2fb895-0337-482a-9e92-3809bb23a8a8,2025122600631,2,0,13,2025-12-01 14:30,2025-12-01 17:25,97804,titicaca,陕西省,西安市,莲湖区,丰庆公园,ef2fb895-0337-482a-9e92-3809bb23a8a8,陕西,西安,,,2025-03-01,2026-03-01,2,serial_id,asc,53,2026-03-10T10:49:55+00:00
dd182296-db86-4af1-88f4-915db36214fe,2025122600632,2,0,4,2025-11-11 10:37,2025-11-11 10:42,98425,李欣芮,陕西省,西安市,碑林区,逸夫楼花园,dd182296-db86-4af1-88f4-915db36214fe,陕西,西安,,,2025-03-01,2026-03-01,2,serial_id,asc,53,2026-03-10T10:49:55+00:00
a09a0f1f-1b8b-4f0b-b0e7-17cc23daaa6e,2025122600633,2,0,5,2025-11-11 10:52,2025-11-11 10:57,98425,李欣芮,陕西省,西安市,碑林区,校史馆花园,a09a0f1f-1b8b-4f0b-b0e7-17cc23daaa6e,陕西,西安,,,2025-03-01,2026-03-01,2,serial_id,asc,53,2026-03-10T10:49:55+00:00
131ecbf4-86b3-4b10-b069-dae9bb2e2eca,2025122600635,2,0,8,2025-11-11 11:03,2025-11-11 11:08,98425,李欣芮,陕西省,西安市,碑林区,西安建筑科技大学若祁湖,131ecbf4-86b3-4b10-b069-dae9bb2e2eca,陕西,西安,,,2025-03-01,2026-03-01,2,serial_id,asc,53,2026-03-10T10:49:55+00:00
2ee1ab71-567b-4990-b918-0c3a6dcce6e9,2025122600637,2,0,4,2025-11-11 11:24,2025-11-11 11:29,98425,李欣芮,陕西省,西安市,碑林区,西安建筑科技大学(雁塔校区)工科楼柿子林,2ee1ab71-567b-4990-b918-0c3a6dcce6e9,陕西,西安,,,2025-03-01,2026-03-01,2,serial_id,asc,53,2026-03-10T10:49:55+00:00
94876549-8cf2-439c-84a6-1538af2b6175,2025122600654,2,0,2,2025-11-11 10:00,2025-11-11 11:00,98455,赵禹萌,陕西省,西安市,碑林区,西安建筑科技大学(雁塔校区)西阶庭院,94876549-8cf2-439c-84a6-1538af2b6175,陕西,西安,,,2025-03-01,2026-03-01,2,serial_id,asc,53,2026-03-10T10:49:55+00:00
447f04e7-e3e9-4418-ae9c-b34314fea641,2025122600673,2,0,3,2025-12-25 08:00,2025-12-25 08:40,98455,赵禹萌,陕西省,西安市,碑林区,西安建筑科技大学(雁塔校区)教学大楼,447f04e7-e3e9-4418-ae9c-b34314fea641,陕西,西安,,,2025-03-01,2026-03-01,2,serial_id,asc,53,2026-03-10T10:49:55+00:00
2ea63b6f-565f-49e2-9341-e97b0a053228,2025122600680,2,0,3,2025-12-25 08:00,2025-12-25 08:40,98455,赵禹萌,陕西省,西安市,碑林区,西安建筑科技大学（雁塔）主楼前,2ea63b6f-565f-49e2-9341-e97b0a053228,陕西,西安,,,2025-03-01,2026-03-01,2,serial_id,asc,53,2026-03-10T10:49:55+00:00
f048a449-183a-49e5-9375-13f6a3fd01fa,2025122600699,2,0,27,2025-12-25 15:19,2025-12-25 16:19,75204,雪子哥,陕西省,西安市,长安区,创新港及渭河湿地,f048a449-183a-49e5-9375-13f6a3fd01fa,陕西,西安,,,2025-03-01,2026-03-01,2,serial_id,asc,53,2026-03-10T10:49:55+00:00
c69a39c7-f29a-4f93-8617-258f95f9175c,2025122600708,2,0,20,2025-12-26 14:00,2025-12-26 15:00,84203,电动辣鸡,陕西省,西安市,鄠邑区,涝渭湿地公园,c69a39c7-f29a-4f93-8617-258f95f9175c,陕西,西安,,,2025-03-01,2026-03-01,2,serial_id,asc,53,2026-03-10T10:49:55+00:00
9c6e3296-de5e-42c7-b1c1-4e3b64dc34dc,2025122600715,2,0,32,2025-12-26 15:00,2025-12-26 16:00,73442,豆豆喵的观鸟记录,陕西省,西安市,鄠邑区,涝渭湿地公园,9c6e3296-de5e-42c7-b1c1-4e3b64dc34dc,陕西,西安,,,2025-03-01,2026-03-01,2,serial_id,asc,53,2026-03-10T10:49:55+00:00
525924ef-e065-4a6c-8a0d-3c91c8e5bd56,2025122600726,2,0,7,2025-12-26 15:30,2025-12-26 17:00,98455,赵禹萌,陕西省,西安市,碑林区,西安建筑科技大学池塘凉亭,525924ef-e065-4a6c-8a0d-3c91c8e5bd56,陕西,西安,,,2025-03-01,2026-03-01,2,serial_id,asc,53,2026-03-10T10:49:55+00:00
6d58dcfe-43bc-431d-bc4d-d5bdd593c458,2025122600729,2,0,4,2025-12-26 15:00,2025-12-26 16:00,98486,字列,陕西省,西安市,碑林区,西安建筑科技大学(雁塔校区)若栖湖,6d58dcfe-43bc-431d-bc4d-d5bdd593c458,陕西,西安,,,2025-03-01,2026-03-01,2,serial_id,asc,53,2026-03-10T10:49:55+00:00
10fc5d14-e8dd-4d45-943a-f43140e6d29a,2025122600731,2,0,34,2025-12-26 09:10,2025-12-26 14:00,77364,LarryMatteo,陕西省,西安市,鄠邑区,涝渭湿地公园,10fc5d14-e8dd-4d45-943a-f43140e6d29a,陕西,西安,,,2025-03-01,2026-03-01,2,serial_id,asc,53,2026-03-10T10:49:55+00:00
97185a0a-b42b-47e8-8838-834b133c35ad,2025122600734,2,0,3,2025-12-25 07:30,2025-12-25 08:00,98455,赵禹萌,陕西省,西安市,碑林区,西安建筑科技大学池塘凉亭,97185a0a-b42b-47e8-8838-834b133c35ad,陕西,西安,,,2025-03-01,2026-03-01,2,serial_id,asc,53,2026-03-10T10:49:55+00:00
cd991a50-8336-40da-94fc-90988b640693,2025122600736,2,0,4,2025-12-26 07:40,2025-12-26 08:40,98486,字列,陕西省,西安市,碑林区,西安建筑科技大学(雁塔校区)若栖湖,cd991a50-8336-40da-94fc-90988b640693,陕西,西安,,,2025-03-01,2026-03-01,2,serial_id,asc,53,2026-03-10T10:49:55+00:00
0a194415-893a-491a-ac5b-a09b45ec11d0,2025122600741,2,0,3,2025-12-26 11:00,2025-12-26 12:00,98486,字列,陕西省,西安市,碑林区,西安建筑科技大学(雁塔校区)若栖湖,0a194415-893a-491a-ac5b-a09b45ec11d0,陕西,西安,,,2025-03-01,2026-03-01,2,serial_id,asc,53,2026-03-10T10:49:55+00:00
ec7bc865-2b38-4ade-a913-2f9394ee57ad,2025122600748,2,0,1,2025-12-25 15:00,2025-12-25 16:00,98486,字列,陕西省,西安市,碑林区,西安建筑科技大学(雁塔校区)篮球场,ec7bc865-2b38-4ade-a913-2f9394ee57ad,陕西,西安,,,2025-03-01,2026-03-01,2,serial_id,asc,53,2026-03-10T10:49:55+00:00
9ec8b844-6a1a-42d4-a1cc-f7be03c9dc09,2025122600752,2,0,4,2025-12-26 12:00,2025-12-26 13:00,98488,观鸟记录1,陕西省,西安市,碑林区,西安建筑科技大学(雁塔校区)工科大楼,9ec8b844-6a1a-42d4-a1cc-f7be03c9dc09,陕西,西安,,,2025-03-01,2026-03-01,2,serial_id,asc,53,2026-03-10T10:49:55+00:00
0fd00478-2c15-4905-960f-36a180b45870,2025122600754,2,0,1,2025-12-25 11:00,2025-12-25 12:00,98486,字列,陕西省,西安市,碑林区,西安建筑科技大学(雁塔校区)篮球场,0fd00478-2c15-4905-960f-36a180b45870,陕西,西安,,,2025-03-01,2026-03-01,2,serial_id,asc,53,2026-03-10T10:49:55+00:00
fb45d9f8-554e-4cb6-be64-f2d65203e8bb,2025122600755,2,0,7,2025-12-26 15:00,2025-12-26 15:30,98455,赵禹萌,陕西省,西安市,碑林区,西安建筑科技大学（雁塔）主楼前,fb45d9f8-554e-4cb6-be64-f2d65203e8bb,陕西,西安,,,2025-03-01,2026-03-01,2,serial_id,asc,53,2026-03-10T10:49:55+00:00
50981ab7-0d1d-42ad-a4be-980875cc7270,2025122600763,2,0,1,2025-12-25 07:00,2025-12-25 08:00,98486,字列,陕西省,西安市,碑林区,西安建筑科技大学(雁塔校区)篮球场,50981ab7-0d1d-42ad-a4be-980875cc7270,陕西,西安,,,2025-03-01,2026-03-01,2,serial_id,asc,53,2026-03-10T10:49:55+00:00
4b3cb529-ff5a-46de-8cfe-02d5ecd1c106,2025122600805,2,0,4,2025-12-26 12:00,2025-12-26 13:00,98488,观鸟记录1,陕西省,西安市,碑林区,西安建筑科技大学(雁塔校区)逸夫楼,4b3cb529-ff5a-46de-8cfe-02d5ecd1c106,陕西,西安,,,2025-03-01,2026-03-01,2,serial_id,asc,53,2026-03-10T10:49:55+00:00
ef25a0ad-1911-4aa1-a763-2f01a27fbf45,2025122600808,2,0,6,2025-12-26 16:00,2025-12-26 17:00,98442,李壕,陕西省,西安市,碑林区,西安建筑科技大学(雁塔校区)逸夫楼花园,ef25a0ad-1911-4aa1-a763-2f01a27fbf45,陕西,西安,,,2025-03-01,2026-03-01,2,serial_id,asc,53,2026-03-10T10:49:55+00:00
d7f87b76-740a-44bd-966c-dcf16ea97342,2025122600819,2,0,3,2025-12-26 16:00,2025-12-26 17:00,98442,李壕,陕西省,西安市,碑林区,西安建筑科技大学(雁塔校区)校史馆花园,d7f87b76-740a-44bd-966c-dcf16ea97342,陕西,西安,,,2025-03-01,2026-03-01,2,serial_id,asc,53,2026-03-10T10:49:55+00:00
b0123130-b620-49a5-a23e-115627927df1,2025122600833,2,0,6,2025-12-26 16:00,2025-12-26 17:00,98442,李壕,陕西省,西安市,碑林区,西安建筑科技大学(雁塔校区)若祁湖,b0123130-b620-49a5-a23e-115627927df1,陕西,西安,,,2025-03-01,2026-03-01,2,serial_id,asc,53,2026-03-10T10:49:55+00:00
d0c2626a-a4c3-4b03-8638-51ad5efce749,2025122600858,2,0,16,2025-12-23 13:00,2025-12-23 16:28,69716,Licrange,陕西省,西安市,长安区,长安区林间山庄东50米,d0c2626a-a4c3-4b03-8638-51ad5efce749,陕西,西安,,,2025-03-01,2026-03-01,2,serial_id,asc,53,2026-03-10T10:49:55+00:00
133ef8a2-ede3-4556-8ab2-f0485796784f,2025122600862,2,0,3,2025-12-13 14:00,2025-12-13 16:31,69716,Licrange,陕西省,西安市,新城区,大明宫国家遗址公园,133ef8a2-ede3-4556-8ab2-f0485796784f,陕西,西安,,,2025-03-01,2026-03-01,2,serial_id,asc,53,2026-03-10T10:49:55+00:00
81e9beb5-d099-476b-892d-7f715f48d127,2025122600868,2,0,5,2025-11-11 10:00,2025-11-11 11:00,98437,李紫琼,陕西省,西安市,碑林区,校史馆花园,81e9beb5-d099-476b-892d-7f715f48d127,陕西,西安,,,2025-03-01,2026-03-01,2,serial_id,asc,53,2026-03-10T10:49:55+00:00
7fdd8895-4faf-4fc5-bda5-ef20c7ee79cd,2025122600875,2,0,4,2025-12-16 10:00,2025-12-16 11:00,69716,Licrange,陕西省,西安市,莲湖区,丰庆公园,7fdd8895-4faf-4fc5-bda5-ef20c7ee79cd,陕西,西安,,,2025-03-01,2026-03-01,2,serial_id,asc,53,2026-03-10T10:49:55+00:00
5b020cbe-965e-4966-9169-e6b60a820ad6,2025122600922,2,0,13,2025-12-26 16:30,2025-12-26 17:30,53920,Ouzel,陕西省,西安市,莲湖区,丰庆公园,5b020cbe-965e-4966-9169-e6b60a820ad6,陕西,西安,,,2025-03-01,2026-03-01,2,serial_id,asc,53,2026-03-10T10:49:55+00:00
79bf8241-9d11-40df-976a-199ace48721d,2025122600943,2,0,6,2025-12-26 17:00,2025-12-26 18:00,102507,玖初,陕西省,西安市,碑林区,西安建筑科技大学(雁塔校区),79bf8241-9d11-40df-976a-199ace48721d,陕西,西安,,,2025-03-01,2026-03-01,2,serial_id,asc,53,2026-03-10T10:49:55+00:00
32499e76-7bb8-4640-bc63-9e23fb91791e,2025122600950,2,0,6,2025-12-26 17:00,2025-12-26 18:00,102507,玖初,陕西省,西安市,碑林区,西安建筑科技大学(雁塔校区),32499e76-7bb8-4640-bc63-9e23fb91791e,陕西,西安,,,2025-03-01,2026-03-01,2,serial_id,asc,53,2026-03-10T10:49:55+00:00
457b3294-6f20-4007-85cc-cbae46e82144,2025122600959,2,0,3,2025-12-26 17:00,2025-12-26 18:00,98469,建筑2302李嘉悦,陕西省,西安市,碑林区,西安建筑科技大学(雁塔校区)工科楼林地,457b3294-6f20-4007-85cc-cbae46e82144,陕西,西安,,,2025-03-01,2026-03-01,2,serial_id,asc,53,2026-03-10T10:49:55+00:00
a9a2b4ec-3f49-4235-abeb-f3ebe8db4faa,2025122600980,2,0,11,2025-12-26 13:53,2025-12-26 14:20,91470,苦练括约肌夹断负心汉,陕西省,西安市,雁塔区,三号湖,a9a2b4ec-3f49-4235-abeb-f3ebe8db4faa,陕西,西安,,,2025-03-01,2026-03-01,2,serial_id,asc,53,2026-03-10T10:49:55+00:00
f9b20cb0-8d17-482b-adf1-75ebc43516bf,2025122600990,2,0,13,2025-12-26 16:35,2025-12-26 17:18,91470,苦练括约肌夹断负心汉,陕西省,西安市,雁塔区,雁鸣湖4号湖,f9b20cb0-8d17-482b-adf1-75ebc43516bf,陕西,西安,,,2025-03-01,2026-03-01,2,serial_id,asc,53,2026-03-10T10:49:55+00:00
f43296e6-7b41-4d77-b1f9-2f1832075512,2025122601067,2,0,2,2025-12-25 11:00,2025-12-25 12:00,98493,青葱鱼块,陕西省,西安市,碑林区,西安建筑科技大学(雁塔校区)主楼前,f43296e6-7b41-4d77-b1f9-2f1832075512,陕西,西安,,,2025-03-01,2026-03-01,2,serial_id,asc,53,2026-03-10T10:49:55+00:00
45db6a52-0810-485b-842e-19e115c1cbba,2025122601104,2,0,4,2025-12-26 17:00,2025-12-26 18:00,98488,观鸟记录1,陕西省,西安市,碑林区,西安建筑科技大学(雁塔校区)工科大楼,45db6a52-0810-485b-842e-19e115c1cbba,陕西,西安,,,2025-03-01,2026-03-01,2,serial_id,asc,53,2026-03-10T10:49:55+00:00
9b04fc3e-b697-4009-96cf-d23acbf7297a,2025122601106,2,0,1,2025-12-26 18:00,2025-12-26 19:00,98488,观鸟记录1,陕西省,西安市,雁塔区,陕西师范大学(雁塔校区)逸夫楼,9b04fc3e-b697-4009-96cf-d23acbf7297a,陕西,西安,,,2025-03-01,2026-03-01,2,serial_id,asc,53,2026-03-10T10:49:55+00:00
c8b4383c-0d3d-4ad2-b1c4-de6d0159552f,2025122601263,2,0,4,2025-11-12 11:00,2025-11-12 12:00,98432,张添慧,陕西省,西安市,碑林区,西安建筑科技大学(雁塔校区）校史馆旁边,c8b4383c-0d3d-4ad2-b1c4-de6d0159552f,陕西,西安,,,2025-03-01,2026-03-01,2,serial_id,asc,53,2026-03-10T10:49:55+00:00
a9f85fe0-7b16-46e0-b31d-f57222dab580,2025122601304,2,0,4,2025-12-25 07:20,2025-12-25 08:31,98518,王怡欣,陕西省,西安市,碑林区,西安建筑科技大学池塘凉亭,a9f85fe0-7b16-46e0-b31d-f57222dab580,陕西,西安,,,2025-03-01,2026-03-01,2,serial_id,asc,54,2026-03-10T10:49:58+00:00
4e3cb19a-4fde-4fa1-ba67-c9d72637c51a,2025122601358,2,0,12,2025-12-26 16:00,2025-12-26 17:00,98742,神秘鹭师傅等待鹭全收集,陕西省,西安市,周至县,杨凌渭河湿地生态公园,4e3cb19a-4fde-4fa1-ba67-c9d72637c51a,陕西,西安,,,2025-03-01,2026-03-01,2,serial_id,asc,54,2026-03-10T10:49:58+00:00
ca49299a-644b-4897-9bd3-dbb89d3b59e3,2025122601360,2,0,12,2025-12-26 16:00,2025-12-26 17:00,95764,snowmob,陕西省,西安市,周至县,杨凌渭河湿地生态公园,ca49299a-644b-4897-9bd3-dbb89d3b59e3,陕西,西安,,,2025-03-01,2026-03-01,2,serial_id,asc,54,2026-03-10T10:49:58+00:00
538fc23e-a418-4bb6-80c0-9c5799861b81,2025122601427,2,0,7,2025-11-11 08:00,2025-11-11 08:30,98443,郭韩雨,陕西省,西安市,碑林区,西安建筑科技大学(雁塔校区),538fc23e-a418-4bb6-80c0-9c5799861b81,陕西,西安,,,2025-03-01,2026-03-01,2,serial_id,asc,54,2026-03-10T10:49:58+00:00
fe03df94-61bd-4985-a2fa-db0881e9593f,2025122601442,2,0,6,2025-11-11 11:00,2025-11-11 11:30,98443,郭韩雨,陕西省,西安市,碑林区,西安建筑科技大学(雁塔校区),fe03df94-61bd-4985-a2fa-db0881e9593f,陕西,西安,,,2025-03-01,2026-03-01,2,serial_id,asc,54,2026-03-10T10:49:58+00:00
319fe496-21f4-475d-bfe1-098735f8017b,2025122601443,2,0,4,2025-11-14 07:00,2025-11-14 07:30,98443,郭韩雨,陕西省,西安市,碑林区,西安建筑科技大学(雁塔校区)工科大楼,319fe496-21f4-475d-bfe1-098735f8017b,陕西,西安,,,2025-03-01,2026-03-01,2,serial_id,asc,54,2026-03-10T10:49:58+00:00
c1fbaff5-a007-4363-958c-7f89acd6fb58,2025122601444,2,0,4,2025-11-14 15:00,2025-11-14 15:30,98443,郭韩雨,陕西省,西安市,碑林区,西安建筑科技大学池塘凉亭,c1fbaff5-a007-4363-958c-7f89acd6fb58,陕西,西安,,,2025-03-01,2026-03-01,2,serial_id,asc,54,2026-03-10T10:49:58+00:00
32b3b36f-a0c8-4cdd-87b6-2fae052368b2,2025122601445,2,0,6,2025-11-14 11:00,2025-11-14 12:00,98443,郭韩雨,陕西省,西安市,碑林区,西安建筑科技大学校史馆,32b3b36f-a0c8-4cdd-87b6-2fae052368b2,陕西,西安,,,2025-03-01,2026-03-01,2,serial_id,asc,54,2026-03-10T10:49:58+00:00
50a3b249-0af6-4ef3-a28f-09b110c9a308,2025122601453,2,0,3,2025-12-25 07:09,2025-12-25 08:09,98518,王怡欣,陕西省,西安市,碑林区,西安建筑科技大学校史馆,50a3b249-0af6-4ef3-a28f-09b110c9a308,陕西,西安,,,2025-03-01,2026-03-01,2,serial_id,asc,54,2026-03-10T10:49:58+00:00
dcea3340-fb3a-44d3-9e18-7974b62bb215,2025122601466,2,0,4,2025-11-15 13:31,2025-11-15 14:31,98518,王怡欣,陕西省,西安市,碑林区,西安建筑科技大学校史馆,dcea3340-fb3a-44d3-9e18-7974b62bb215,陕西,西安,,,2025-03-01,2026-03-01,2,serial_id,asc,54,2026-03-10T10:49:58+00:00
51377ac8-b826-48a3-af18-204b33981328,2025122601483,2,0,2,2025-12-26 23:00,2025-12-27 00:00,98476,姬野,陕西省,西安市,碑林区,西安建筑科技大学(雁塔校区)-西门,51377ac8-b826-48a3-af18-204b33981328,陕西,西安,,,2025-03-01,2026-03-01,2,serial_id,asc,54,2026-03-10T10:49:58+00:00
63a842e5-b066-406b-a4d1-983b4e5a028d,2025122601489,2,0,5,2025-11-20 07:30,2025-11-20 08:00,98476,姬野,陕西省,西安市,碑林区,西安建筑科技大学(雁塔校区)-西门,63a842e5-b066-406b-a4d1-983b4e5a028d,陕西,西安,,,2025-03-01,2026-03-01,2,serial_id,asc,54,2026-03-10T10:49:58+00:00
c20427bd-f9b8-4075-ad09-e3ed01abcd96,2025122700010,2,0,14,2025-12-22 07:30,2025-12-22 11:00,20420,xian2020,陕西省,西安市,莲湖区,丰庆公园,c20427bd-f9b8-4075-ad09-e3ed01abcd96,陕西,西安,,,2025-03-01,2026-03-01,2,serial_id,asc,54,2026-03-10T10:49:58+00:00
6fdad111-bd11-42d3-9c64-ac34bf5517c6,2025122700041,2,0,3,2025-12-22 08:00,2025-12-22 09:00,102622,贾雁婷,陕西省,西安市,碑林区,西安建筑科技大学(雁塔校区)校史馆旁花园广场区域,6fdad111-bd11-42d3-9c64-ac34bf5517c6,陕西,西安,,,2025-03-01,2026-03-01,2,serial_id,asc,54,2026-03-10T10:49:58+00:00
26c69709-d118-4d48-9ee9-62784c81bf2f,2025122700057,2,0,4,2025-12-22 08:00,2025-12-22 09:13,102622,贾雁婷,陕西省,西安市,碑林区,西安建筑科技大学(雁塔校区)若祁湖区域,26c69709-d118-4d48-9ee9-62784c81bf2f,陕西,西安,,,2025-03-01,2026-03-01,2,serial_id,asc,54,2026-03-10T10:49:58+00:00
20af0851-107b-4eec-8aba-93ccfae4e337,2025122700064,2,0,4,2025-12-26 11:06,2025-12-26 12:02,102622,贾雁婷,陕西省,西安市,碑林区,西安建筑科技大学(雁塔校区)校史馆旁花园广场区域,20af0851-107b-4eec-8aba-93ccfae4e337,陕西,西安,,,2025-03-01,2026-03-01,2,serial_id,asc,54,2026-03-10T10:49:58+00:00
7fcaacf7-7c9a-454e-8980-a43012639fc8,2025122700067,2,0,5,2025-12-26 11:00,2025-12-26 12:00,102622,贾雁婷,陕西省,西安市,碑林区,西安建筑科技大学(雁塔校区)若祁湖区域,7fcaacf7-7c9a-454e-8980-a43012639fc8,陕西,西安,,,2025-03-01,2026-03-01,2,serial_id,asc,54,2026-03-10T10:49:58+00:00
aaa03586-08c4-4b21-ba4c-06e5ed878a40,2025122700102,2,0,5,2025-12-26 16:00,2025-12-26 17:00,102622,贾雁婷,陕西省,西安市,碑林区,西安建筑科技大学(雁塔校区)校史馆旁花园广场区域,aaa03586-08c4-4b21-ba4c-06e5ed878a40,陕西,西安,,,2025-03-01,2026-03-01,2,serial_id,asc,54,2026-03-10T10:49:58+00:00
5c97c6cf-1ccc-4ca9-b9bb-f2d480dcd8be,2025122700106,2,0,4,2025-12-26 16:00,2025-12-26 17:00,102622,贾雁婷,陕西省,西安市,碑林区,西安建筑科技大学(雁塔校区)若祁湖区域,5c97c6cf-1ccc-4ca9-b9bb-f2d480dcd8be,陕西,西安,,,2025-03-01,2026-03-01,2,serial_id,asc,54,2026-03-10T10:49:58+00:00
76107eec-046e-42cc-8fad-56119dc5ccf8,2025122700122,2,0,15,2025-12-22 16:00,2025-12-22 17:30,8668,梦翔五月天,陕西省,西安市,莲湖区,丰庆公园,76107eec-046e-42cc-8fad-56119dc5ccf8,陕西,西安,,,2025-03-01,2026-03-01,2,serial_id,asc,54,2026-03-10T10:49:58+00:00
e2d9be0f-fc70-475b-84fd-8f58487e48d8,2025122700125,2,0,2,2025-12-26 16:00,2025-12-26 17:00,102621,唐莎莎,陕西省,西安市,碑林区,西安建筑科技大学校史馆,e2d9be0f-fc70-475b-84fd-8f58487e48d8,陕西,西安,,,2025-03-01,2026-03-01,2,serial_id,asc,54,2026-03-10T10:49:58+00:00
8347b6b9-78fe-42eb-b81d-be67f84e22d8,2025122700132,2,0,4,2025-12-26 16:00,2025-12-26 17:00,102621,唐莎莎,陕西省,西安市,碑林区,西安建筑科技大学(雁塔校区)若祁湖,8347b6b9-78fe-42eb-b81d-be67f84e22d8,陕西,西安,,,2025-03-01,2026-03-01,2,serial_id,asc,54,2026-03-10T10:49:58+00:00
5c804be8-8a02-42c4-99af-4b0a17327a73,2025122700186,2,0,6,2025-11-15 15:00,2025-11-15 17:00,98410,雷婷竹,陕西省,西安市,碑林区,西安建筑科技大学池塘(雁塔校区),5c804be8-8a02-42c4-99af-4b0a17327a73,陕西,西安,,,2025-03-01,2026-03-01,2,serial_id,asc,54,2026-03-10T10:49:58+00:00
0e2a3772-179f-47c9-b2d1-96671d06be56,2025122700188,2,0,5,2025-11-16 15:00,2025-11-16 17:00,98410,雷婷竹,陕西省,西安市,碑林区,西安建筑科技大学校史馆(雁塔校区),0e2a3772-179f-47c9-b2d1-96671d06be56,陕西,西安,,,2025-03-01,2026-03-01,2,serial_id,asc,54,2026-03-10T10:49:58+00:00
d5b51b94-67a1-4b5f-a44f-ab321f392593,2025122700204,2,0,22,2025-12-27 08:00,2025-12-27 09:00,45951,回声,陕西省,西安市,雁塔区,西安植物园,d5b51b94-67a1-4b5f-a44f-ab321f392593,陕西,西安,,,2025-03-01,2026-03-01,2,serial_id,asc,54,2026-03-10T10:49:58+00:00
3003dca0-510f-45c9-b9df-c8e98a2f77f4,2025122700324,2,0,3,2025-12-27 08:29,2025-12-27 09:03,98488,观鸟记录1,陕西省,西安市,碑林区,西安建筑科技大学(雁塔校区)工科大楼,3003dca0-510f-45c9-b9df-c8e98a2f77f4,陕西,西安,,,2025-03-01,2026-03-01,2,serial_id,asc,54,2026-03-10T10:49:58+00:00
6eb2a86e-e549-4fa3-bee9-b8bda0faa828,2025122700329,2,0,4,2025-12-27 09:00,2025-12-27 10:00,98488,观鸟记录1,陕西省,西安市,碑林区,西安建筑科技大学(雁塔校区)逸夫楼,6eb2a86e-e549-4fa3-bee9-b8bda0faa828,陕西,西安,,,2025-03-01,2026-03-01,2,serial_id,asc,54,2026-03-10T10:49:58+00:00
fb352063-3957-48a5-a239-4d2e19522c64,2025122700451,2,0,45,2025-12-27 10:00,2025-12-27 11:00,45365,亮亮的观鸟日常,陕西省,西安市,鄠邑区,鄠邑区风骏马术俱乐部北100米(河堤路北),fb352063-3957-48a5-a239-4d2e19522c64,陕西,西安,,,2025-03-01,2026-03-01,2,serial_id,asc,54,2026-03-10T10:49:58+00:00
cdefc0f0-49ce-4453-aa32-dd2107838523,2025122700605,2,0,4,2025-12-23 11:30,2025-12-23 12:00,98437,李紫琼,陕西省,西安市,碑林区,西安建筑科技大学(雁塔校区)工科大楼柿子林,cdefc0f0-49ce-4453-aa32-dd2107838523,陕西,西安,,,2025-03-01,2026-03-01,2,serial_id,asc,54,2026-03-10T10:49:58+00:00
efac8772-134e-4236-9e5c-6f0ad05f73b1,2025122700608,2,0,8,2025-12-22 11:30,2025-12-22 12:00,98437,李紫琼,陕西省,西安市,碑林区,西安建筑科技大学若祁湖,efac8772-134e-4236-9e5c-6f0ad05f73b1,陕西,西安,,,2025-03-01,2026-03-01,2,serial_id,asc,54,2026-03-10T10:49:58+00:00
cf7d73f0-d0ce-435f-bee1-93436aa0c3e0,2025122700609,2,0,4,2025-11-11 10:36,2025-11-11 10:41,98437,李紫琼,陕西省,西安市,碑林区,逸夫楼花园,cf7d73f0-d0ce-435f-bee1-93436aa0c3e0,陕西,西安,,,2025-03-01,2026-03-01,2,serial_id,asc,54,2026-03-10T10:49:58+00:00
77efea39-c059-481a-8b23-748942f39443,2025122700610,2,0,1,2025-11-11 10:26,2025-11-11 10:30,98437,李紫琼,陕西省,西安市,碑林区,西阶西花园,77efea39-c059-481a-8b23-748942f39443,陕西,西安,,,2025-03-01,2026-03-01,2,serial_id,asc,54,2026-03-10T10:49:58+00:00
3847346e-c816-4e15-a97f-211d7283149d,2025122700652,2,0,7,2025-12-22 08:30,2025-12-22 09:00,98437,李紫琼,陕西省,西安市,碑林区,西安建筑科技大学若祁湖啊,3847346e-c816-4e15-a97f-211d7283149d,陕西,西安,,,2025-03-01,2026-03-01,2,serial_id,asc,54,2026-03-10T10:49:58+00:00
ccb41755-d031-424b-b33e-1f760266cd66,2025122700671,2,0,7,2025-12-22 16:30,2025-12-22 17:00,98437,李紫琼,陕西省,西安市,碑林区,西安建筑科技大学若祁湖,ccb41755-d031-424b-b33e-1f760266cd66,陕西,西安,,,2025-03-01,2026-03-01,2,serial_id,asc,54,2026-03-10T10:49:58+00:00
a75b9bf8-d018-44bb-914f-e84d7a48968a,2025122700683,2,0,4,2025-12-23 08:30,2025-12-23 09:00,98437,李紫琼,陕西省,西安市,碑林区,西安建筑科技大学工科大楼柿子林,a75b9bf8-d018-44bb-914f-e84d7a48968a,陕西,西安,,,2025-03-01,2026-03-01,2,serial_id,asc,54,2026-03-10T10:49:58+00:00
4adad563-84f1-42d4-b950-126d5a79cd1e,2025122700690,2,0,4,2025-12-23 16:30,2025-12-23 17:00,98437,李紫琼,陕西省,西安市,碑林区,西安建筑科技大学工科大楼柿子林,4adad563-84f1-42d4-b950-126d5a79cd1e,陕西,西安,,,2025-03-01,2026-03-01,2,serial_id,asc,54,2026-03-10T10:49:58+00:00
420d5efe-d4c2-4c3d-b15c-e0acb79e7519,2025122700718,2,0,45,2025-12-27 10:00,2025-12-27 11:00,80145,李自在,陕西省,西安市,鄠邑区,鄠邑区风骏马术俱乐部北100米(河堤路北),420d5efe-d4c2-4c3d-b15c-e0acb79e7519,陕西,西安,,,2025-03-01,2026-03-01,2,serial_id,asc,54,2026-03-10T10:49:58+00:00
777a1844-1c4f-42b5-940f-c611a17ac28c,2025122700744,2,0,18,2025-12-27 10:30,2025-12-27 12:00,10741,合水县观鸟者,陕西省,西安市,高陵区,泾渭分明·生态半岛,777a1844-1c4f-42b5-940f-c611a17ac28c,陕西,西安,,,2025-03-01,2026-03-01,2,serial_id,asc,54,2026-03-10T10:49:58+00:00
ce3ec272-9af6-490c-aa6c-7a99128dc402,2025122700777,2,0,18,2025-12-27 08:00,2025-12-27 10:30,15090,刑小天在西交创新港,陕西省,西安市,雁塔区,西安植物园,ce3ec272-9af6-490c-aa6c-7a99128dc402,陕西,西安,,,2025-03-01,2026-03-01,2,serial_id,asc,54,2026-03-10T10:49:58+00:00
61a7d850-f2df-4551-9ea7-035126b8ae84,2025122701196,2,0,2,2025-11-12 08:00,2025-11-12 09:00,98501,王勇超,陕西省,西安市,碑林区,西安建筑科技大学(雁塔校区)若祁湖,61a7d850-f2df-4551-9ea7-035126b8ae84,陕西,西安,,,2025-03-01,2026-03-01,2,serial_id,asc,54,2026-03-10T10:49:58+00:00
b644fbed-f543-42a7-9f6d-015ccc639362,2025122701197,2,0,6,2025-11-11 10:00,2025-11-11 11:00,98501,王勇超,陕西省,西安市,碑林区,西安建筑科技大学(雁塔校区若祁湖),b644fbed-f543-42a7-9f6d-015ccc639362,陕西,西安,,,2025-03-01,2026-03-01,2,serial_id,asc,54,2026-03-10T10:49:58+00:00
232456ee-0da6-494e-a54a-8ec21dc2bdda,2025122701241,2,0,3,2025-11-16 17:00,2025-11-16 18:28,98501,王勇超,陕西省,西安市,碑林区,西安建筑科技大学(雁塔校区)校史馆花园,232456ee-0da6-494e-a54a-8ec21dc2bdda,陕西,西安,,,2025-03-01,2026-03-01,2,serial_id,asc,54,2026-03-10T10:49:58+00:00
817c0c74-3026-4a13-8390-d2d2698b8b03,2025122701262,2,0,5,2025-12-27 14:00,2025-12-27 15:00,98458,彭雨萱,陕西省,西安市,碑林区,西安建筑科技大学(雁塔校区)主楼前面绿地,817c0c74-3026-4a13-8390-d2d2698b8b03,陕西,西安,,,2025-03-01,2026-03-01,2,serial_id,asc,54,2026-03-10T10:49:58+00:00
2cab26cf-e969-4b24-af68-05ff40114dc1,2025122701309,2,0,2,2025-12-27 15:00,2025-12-27 16:00,30754,leoo,陕西省,西安市,长安区,十里蛤蟆滩稻花乡里农业景区,2cab26cf-e969-4b24-af68-05ff40114dc1,陕西,西安,,,2025-03-01,2026-03-01,2,serial_id,asc,54,2026-03-10T10:49:58+00:00
f8e784e2-69bd-4613-9eaa-f8fa67336c99,2025122701358,2,0,6,2025-12-27 15:00,2025-12-27 16:00,98445,蒙高磊,陕西省,西安市,碑林区,西安建筑科技大学若祈湖,f8e784e2-69bd-4613-9eaa-f8fa67336c99,陕西,西安,,,2025-03-01,2026-03-01,2,serial_id,asc,54,2026-03-10T10:49:58+00:00
80897ffe-4e06-4a18-8256-d3c3bed38151,2025122701459,2,0,11,2025-12-27 15:00,2025-12-27 16:00,98447,lyx666,陕西省,西安市,碑林区,西安建筑科技大学(雁塔校区)教学主楼若祁湖花园,80897ffe-4e06-4a18-8256-d3c3bed38151,陕西,西安,,,2025-03-01,2026-03-01,2,serial_id,asc,54,2026-03-10T10:49:58+00:00
1f901be9-ef2b-4a6c-a27f-67681599626c,2025122701569,2,0,9,2025-12-27 15:00,2025-12-27 16:00,98447,lyx666,陕西省,西安市,碑林区,西安建筑科技大学(雁塔校区)工科大楼,1f901be9-ef2b-4a6c-a27f-67681599626c,陕西,西安,,,2025-03-01,2026-03-01,2,serial_id,asc,54,2026-03-10T10:49:58+00:00
a49db83b-2c52-42f9-87fb-79c965bbbaff,2025122701724,2,0,18,2025-12-27 08:00,2025-12-27 12:00,79708,Hope璞,陕西省,西安市,雁塔区,西安植物园,a49db83b-2c52-42f9-87fb-79c965bbbaff,陕西,西安,,,2025-03-01,2026-03-01,2,serial_id,asc,54,2026-03-10T10:49:58+00:00
078fffba-c55b-4bf7-982a-aee0aa11e36e,2025122701781,2,0,3,2025-12-27 15:00,2025-12-27 16:00,98445,蒙高磊,陕西省,西安市,碑林区,西安建筑科技大学校史馆花园,078fffba-c55b-4bf7-982a-aee0aa11e36e,陕西,西安,,,2025-03-01,2026-03-01,2,serial_id,asc,54,2026-03-10T10:49:58+00:00
4c2f4989-7b23-4798-be35-9c76ece15f34,2025122701791,2,0,7,2025-11-11 08:00,2025-11-11 08:30,98445,蒙高磊,陕西省,西安市,碑林区,西安建筑科技大学(雁塔校区),4c2f4989-7b23-4798-be35-9c76ece15f34,陕西,西安,,,2025-03-01,2026-03-01,2,serial_id,asc,54,2026-03-10T10:49:58+00:00
a44f23d0-0665-4548-b4d7-98517f51f4d7,2025122701802,2,0,4,2025-11-14 07:00,2025-11-14 07:30,98445,蒙高磊,陕西省,西安市,碑林区,西安建筑科技大学(雁塔校区)工科大楼,a44f23d0-0665-4548-b4d7-98517f51f4d7,陕西,西安,,,2025-03-01,2026-03-01,2,serial_id,asc,55,2026-03-10T10:50:01+00:00
64e0fe66-f537-46ec-81e0-ba284f27ab16,2025122701808,2,0,1,2025-10-27 15:00,2025-10-27 16:00,97278,w15126553966,陕西省,西安市,碑林区,西安建筑科技大学(雁塔校区)定点5,64e0fe66-f537-46ec-81e0-ba284f27ab16,陕西,西安,,,2025-03-01,2026-03-01,2,serial_id,asc,55,2026-03-10T10:50:01+00:00
5be91d7d-b922-4674-8602-4dfb03da2e54,2025122701824,2,0,33,2025-12-27 12:00,2025-12-27 14:10,10741,合水县观鸟者,陕西省,西安市,灞桥区,灞桥区曲江湖(河堤路北),5be91d7d-b922-4674-8602-4dfb03da2e54,陕西,西安,,,2025-03-01,2026-03-01,2,serial_id,asc,55,2026-03-10T10:50:01+00:00
78997387-c3bc-4812-9730-154b8833ac70,2025122701825,2,0,30,2025-12-27 14:30,2025-12-27 16:30,10741,合水县观鸟者,陕西省,西安市,未央区,浐灞国家湿地公园,78997387-c3bc-4812-9730-154b8833ac70,陕西,西安,,,2025-03-01,2026-03-01,2,serial_id,asc,55,2026-03-10T10:50:01+00:00
dd03b1cc-63fc-445a-89f4-0b325c57ea89,2025122701827,2,0,3,2025-10-27 15:00,2025-10-27 16:00,97278,w15126553966,陕西省,西安市,碑林区,西安建筑科技大学(雁塔校区)定点9,dd03b1cc-63fc-445a-89f4-0b325c57ea89,陕西,西安,,,2025-03-01,2026-03-01,2,serial_id,asc,55,2026-03-10T10:50:01+00:00
928844ac-40a5-4486-895b-1c4b861e857e,2025122701829,2,0,3,2025-10-27 15:00,2025-10-27 16:00,97278,w15126553966,陕西省,西安市,碑林区,西安建筑科技大学(雁塔校区)定点10,928844ac-40a5-4486-895b-1c4b861e857e,陕西,西安,,,2025-03-01,2026-03-01,2,serial_id,asc,55,2026-03-10T10:50:01+00:00
65f9283e-b395-48b0-8747-9a74906d893b,2025122701830,2,0,2,2025-10-27 15:00,2025-10-27 16:00,97278,w15126553966,陕西省,西安市,碑林区,西安建筑科技大学(雁塔校区)定点3,65f9283e-b395-48b0-8747-9a74906d893b,陕西,西安,,,2025-03-01,2026-03-01,2,serial_id,asc,55,2026-03-10T10:50:01+00:00
e59c7266-4529-4e4c-939f-4023b2627d4e,2025122701855,2,0,5,2025-12-27 17:00,2025-12-27 18:00,45951,回声,陕西省,西安市,莲湖区,丰庆公园,e59c7266-4529-4e4c-939f-4023b2627d4e,陕西,西安,,,2025-03-01,2026-03-01,2,serial_id,asc,55,2026-03-10T10:50:01+00:00
e8b7ece6-115f-4cc3-a158-6dc95f9f587e,2025122701856,2,0,2,2025-12-27 17:00,2025-12-27 18:00,80145,李自在,陕西省,西安市,莲湖区,丰庆公园,e8b7ece6-115f-4cc3-a158-6dc95f9f587e,陕西,西安,,,2025-03-01,2026-03-01,2,serial_id,asc,55,2026-03-10T10:50:01+00:00
809ad45c-8d6a-479f-9b3f-b1390721ce8d,2025122701965,2,0,5,2025-12-25 17:59,2025-12-25 19:00,98461,施菀升,陕西省,西安市,碑林区,西安建筑科技大学(雁塔校区)主楼前绿地,809ad45c-8d6a-479f-9b3f-b1390721ce8d,陕西,西安,,,2025-03-01,2026-03-01,2,serial_id,asc,55,2026-03-10T10:50:01+00:00
24e5f596-384a-43c6-9dcc-05bea0769c6f,2025122701967,2,0,4,2025-12-25 17:59,2025-12-25 18:00,98461,施菀升,陕西省,西安市,碑林区,西安建筑科技大学(雁塔校区)主楼前绿地,24e5f596-384a-43c6-9dcc-05bea0769c6f,陕西,西安,,,2025-03-01,2026-03-01,2,serial_id,asc,55,2026-03-10T10:50:01+00:00
c7803f6a-5177-480f-a8ae-378ca1a95373,2025122701972,2,0,3,2025-12-25 18:35,2025-12-25 19:02,98461,施菀升,陕西省,西安市,碑林区,西安建筑科技大学(雁塔校区)若祁湖,c7803f6a-5177-480f-a8ae-378ca1a95373,陕西,西安,,,2025-03-01,2026-03-01,2,serial_id,asc,55,2026-03-10T10:50:01+00:00
f37270a6-fe4f-486a-8504-6e78b75cd010,2025122701982,2,0,3,2025-12-27 07:05,2025-12-27 08:05,98461,施菀升,陕西省,西安市,碑林区,西安建筑科技大学(雁塔校区)主楼前绿地,f37270a6-fe4f-486a-8504-6e78b75cd010,陕西,西安,,,2025-03-01,2026-03-01,2,serial_id,asc,55,2026-03-10T10:50:01+00:00
f77fb54b-1fb7-417b-822e-95f47adb5e7c,2025122701987,2,0,3,2025-12-27 08:11,2025-12-27 09:06,98461,施菀升,陕西省,西安市,碑林区,西安建筑科技大学(雁塔校区)若祁湖,f77fb54b-1fb7-417b-822e-95f47adb5e7c,陕西,西安,,,2025-03-01,2026-03-01,2,serial_id,asc,55,2026-03-10T10:50:01+00:00
1695949f-3ec2-4bc2-8298-c5a46760037b,2025122701994,2,0,3,2025-12-27 12:08,2025-12-27 12:37,98461,施菀升,陕西省,西安市,碑林区,西安建筑科技大学(雁塔校区)主楼前绿地,1695949f-3ec2-4bc2-8298-c5a46760037b,陕西,西安,,,2025-03-01,2026-03-01,2,serial_id,asc,55,2026-03-10T10:50:01+00:00
f1cb1a0e-ce2d-4117-b2be-7e0e1ae25ece,2025122701998,2,0,3,2025-12-27 13:47,2025-12-27 14:10,98461,施菀升,陕西省,西安市,碑林区,西安建筑科技大学(雁塔校区)若祁湖,f1cb1a0e-ce2d-4117-b2be-7e0e1ae25ece,陕西,西安,,,2025-03-01,2026-03-01,2,serial_id,asc,55,2026-03-10T10:50:01+00:00
871bd283-0654-40aa-a8dc-7bcbd73ed227,2025122702006,2,0,5,2025-12-27 17:00,2025-12-27 17:32,98461,施菀升,陕西省,西安市,碑林区,西安建筑科技大学(雁塔校区)主楼前绿地,871bd283-0654-40aa-a8dc-7bcbd73ed227,陕西,西安,,,2025-03-01,2026-03-01,2,serial_id,asc,55,2026-03-10T10:50:01+00:00
7a4bfa64-8ab1-43f9-bd22-bbe876cc1a0f,2025122702009,2,0,2,2025-12-27 17:35,2025-12-27 18:00,98461,施菀升,陕西省,西安市,碑林区,西安建筑科技大学(雁塔校区)若祁湖,7a4bfa64-8ab1-43f9-bd22-bbe876cc1a0f,陕西,西安,,,2025-03-01,2026-03-01,2,serial_id,asc,55,2026-03-10T10:50:01+00:00
82cb17a3-fb48-49d4-9197-3d433fe2fb7d,2025122702212,2,0,13,2025-12-27 15:31,2025-12-27 17:31,30754,leoo,陕西省,西安市,莲湖区,丰庆公园,82cb17a3-fb48-49d4-9197-3d433fe2fb7d,陕西,西安,,,2025-03-01,2026-03-01,2,serial_id,asc,55,2026-03-10T10:50:01+00:00
704e36d8-a4ea-4bab-bac7-db4b355fd09f,2025122702221,2,0,13,2025-12-27 15:31,2025-12-27 17:31,42327,lznsama,陕西省,西安市,莲湖区,丰庆公园,704e36d8-a4ea-4bab-bac7-db4b355fd09f,陕西,西安,,,2025-03-01,2026-03-01,2,serial_id,asc,55,2026-03-10T10:50:01+00:00
9e397cfc-1d80-4f8e-b0f2-f8f142ce0c9e,2025122702242,2,0,6,2025-11-17 08:00,2025-11-17 09:00,102507,玖初,陕西省,西安市,碑林区,西安建筑科技大学(雁塔校区),9e397cfc-1d80-4f8e-b0f2-f8f142ce0c9e,陕西,西安,,,2025-03-01,2026-03-01,2,serial_id,asc,55,2026-03-10T10:50:01+00:00
fbb64012-6b03-432c-ba6d-ab4eefc08807,2025122702287,2,0,7,2025-11-17 08:00,2025-11-17 09:00,102507,玖初,陕西省,西安市,碑林区,西安建筑科技大学池塘凉亭,fbb64012-6b03-432c-ba6d-ab4eefc08807,陕西,西安,,,2025-03-01,2026-03-01,2,serial_id,asc,55,2026-03-10T10:50:01+00:00
9570b07f-2920-4c21-98d3-d5f393a3aa76,2025122702479,2,0,16,2025-12-27 09:30,2025-12-27 11:30,63026,gallups,陕西省,西安市,未央区,灞渭桥,9570b07f-2920-4c21-98d3-d5f393a3aa76,陕西,西安,,,2025-03-01,2026-03-01,2,serial_id,asc,55,2026-03-10T10:50:01+00:00
b330ea97-977a-4791-8767-8ea912da7e84,2025122702503,2,0,28,2025-12-27 14:30,2025-12-27 16:30,12692,maixiangliulian,陕西省,西安市,鄠邑区,利君制药东北谭滨河沿线,b330ea97-977a-4791-8767-8ea912da7e84,陕西,西安,,,2025-03-01,2026-03-01,2,serial_id,asc,55,2026-03-10T10:50:01+00:00
c71bc57a-2813-4385-a23c-39a398c210f4,2025122702614,2,0,7,2025-12-24 11:00,2025-12-24 13:00,98427,刘思辰,陕西省,西安市,碑林区,西安建筑科技大学校史馆,c71bc57a-2813-4385-a23c-39a398c210f4,陕西,西安,,,2025-03-01,2026-03-01,2,serial_id,asc,55,2026-03-10T10:50:01+00:00
b056a712-3925-4702-99f1-8beb296fa3ab,2025122702626,2,0,7,2025-12-24 07:00,2025-12-24 09:00,98427,刘思辰,陕西省,西安市,碑林区,西安建筑科技大学校史馆,b056a712-3925-4702-99f1-8beb296fa3ab,陕西,西安,,,2025-03-01,2026-03-01,2,serial_id,asc,55,2026-03-10T10:50:01+00:00
c446dc9e-a7d5-4d15-bea7-20e856477780,2025122702644,2,0,6,2025-12-24 15:00,2025-12-24 17:00,98427,刘思辰,陕西省,西安市,碑林区,西安建筑科技大学校史馆,c446dc9e-a7d5-4d15-bea7-20e856477780,陕西,西安,,,2025-03-01,2026-03-01,2,serial_id,asc,55,2026-03-10T10:50:01+00:00
bdd17fea-6d0d-4115-aa71-8b7b523ece5f,2025122702655,2,0,6,2025-12-24 11:00,2025-12-24 13:00,98427,刘思辰,陕西省,西安市,碑林区,西安建筑科技大学若祁湖,bdd17fea-6d0d-4115-aa71-8b7b523ece5f,陕西,西安,,,2025-03-01,2026-03-01,2,serial_id,asc,55,2026-03-10T10:50:01+00:00
61367eac-74cb-4d4d-a315-df5b42d2c528,2025122702661,2,0,1,2025-12-27 21:53,2025-12-27 22:00,53920,Ouzel,陕西省,西安市,碑林区,西安交通大学兴庆校区,61367eac-74cb-4d4d-a315-df5b42d2c528,陕西,西安,,,2025-03-01,2026-03-01,2,serial_id,asc,55,2026-03-10T10:50:01+00:00
2b206570-c86b-453c-8d4c-6f94572e746f,2025122702662,2,0,4,2025-12-24 07:00,2025-12-24 09:00,98427,刘思辰,陕西省,西安市,碑林区,西安建筑科技大学若祁湖,2b206570-c86b-453c-8d4c-6f94572e746f,陕西,西安,,,2025-03-01,2026-03-01,2,serial_id,asc,55,2026-03-10T10:50:01+00:00
fd4aca1c-c99b-4622-bef0-a21d91f8c19e,2025122702671,2,0,4,2025-12-24 16:00,2025-12-24 17:00,98427,刘思辰,陕西省,西安市,碑林区,西安建筑科技大学若祁湖,fd4aca1c-c99b-4622-bef0-a21d91f8c19e,陕西,西安,,,2025-03-01,2026-03-01,2,serial_id,asc,55,2026-03-10T10:50:01+00:00
c29759bb-f382-4738-b526-c6dad8b5e952,2025122702743,2,0,5,2025-11-11 07:30,2025-11-11 08:15,98441,季雨晴,陕西省,西安市,碑林区,西安建筑科技大学(雁塔校区)逸夫楼花园,c29759bb-f382-4738-b526-c6dad8b5e952,陕西,西安,,,2025-03-01,2026-03-01,2,serial_id,asc,55,2026-03-10T10:50:01+00:00
374d5c81-d991-483d-8439-52672384ca8f,2025122702755,2,0,5,2025-11-27 11:30,2025-11-27 12:30,98441,季雨晴,陕西省,西安市,碑林区,西安建筑科技大学(雁塔校区)逸夫楼花园,374d5c81-d991-483d-8439-52672384ca8f,陕西,西安,,,2025-03-01,2026-03-01,2,serial_id,asc,55,2026-03-10T10:50:01+00:00
0ac4e339-0a5a-4463-beca-cd96e6e525c1,2025122702768,2,0,6,2025-11-27 16:00,2025-11-27 17:00,98441,季雨晴,陕西省,西安市,碑林区,西安建筑科技大学(雁塔校区)逸夫楼花园,0ac4e339-0a5a-4463-beca-cd96e6e525c1,陕西,西安,,,2025-03-01,2026-03-01,2,serial_id,asc,55,2026-03-10T10:50:01+00:00
c2e5e12a-6e15-41c0-815d-2981a4356a7f,2025122702797,2,0,41,2025-12-27 22:00,2025-12-27 23:00,75204,雪子哥,陕西省,西安市,长安区,渭河,c2e5e12a-6e15-41c0-815d-2981a4356a7f,陕西,西安,,,2025-03-01,2026-03-01,2,serial_id,asc,55,2026-03-10T10:50:01+00:00
8367c3cc-f2c1-4435-912f-f47274478134,2025122702890,2,0,7,2025-11-27 07:00,2025-11-27 08:32,98441,季雨晴,陕西省,西安市,碑林区,西安建筑科技大学(雁塔校区)若祁湖,8367c3cc-f2c1-4435-912f-f47274478134,陕西,西安,,,2025-03-01,2026-03-01,2,serial_id,asc,55,2026-03-10T10:50:01+00:00
1bbcd6d6-7a8b-44f7-a01c-6645d2730852,2025122702902,2,0,6,2025-12-12 11:40,2025-12-12 12:10,98441,季雨晴,陕西省,西安市,碑林区,西安建筑科技大学(雁塔校区)若祁湖,1bbcd6d6-7a8b-44f7-a01c-6645d2730852,陕西,西安,,,2025-03-01,2026-03-01,2,serial_id,asc,55,2026-03-10T10:50:01+00:00
0f51c493-44f0-4141-b1e7-4369f9ebaf41,2025122702905,2,0,7,2025-12-25 16:30,2025-12-25 17:00,98441,季雨晴,陕西省,西安市,碑林区,西安建筑科技大学(雁塔校区)若祁湖,0f51c493-44f0-4141-b1e7-4369f9ebaf41,陕西,西安,,,2025-03-01,2026-03-01,2,serial_id,asc,55,2026-03-10T10:50:01+00:00
08f75ecd-def5-4c30-92c0-28406191b282,2025122702973,2,0,25,2025-12-27 14:00,2025-12-27 16:00,59244,选择困难症,陕西省,西安市,莲湖区,丰庆公园,08f75ecd-def5-4c30-92c0-28406191b282,陕西,西安,,,2025-03-01,2026-03-01,2,serial_id,asc,55,2026-03-10T10:50:01+00:00
fb2a60be-a4c9-4d72-bf62-ec88c8bbe3df,2025122702988,2,0,9,2025-12-27 16:53,2025-12-27 17:30,92707,XJTUGXY,陕西省,西安市,鄠邑区,涝渭湿地公园,fb2a60be-a4c9-4d72-bf62-ec88c8bbe3df,陕西,西安,,,2025-03-01,2026-03-01,2,serial_id,asc,55,2026-03-10T10:50:01+00:00
bf0cafe8-ccdb-477c-9618-bde5fe5d04e9,2025122800324,2,0,36,2025-12-28 08:30,2025-12-28 14:00,73554,白鹡鸰早起去观鸟,陕西省,西安市,鄠邑区,涝渭湿地公园,bf0cafe8-ccdb-477c-9618-bde5fe5d04e9,陕西,西安,,,2025-03-01,2026-03-01,2,serial_id,asc,55,2026-03-10T10:50:01+00:00
77df0270-9b0d-4d09-8ea4-921adf7b3237,2025122800401,2,0,15,2025-12-28 07:00,2025-12-28 10:00,91470,苦练括约肌夹断负心汉,陕西省,西安市,蓝田县,蓝田县滨河东路(陈家坡),77df0270-9b0d-4d09-8ea4-921adf7b3237,陕西,西安,,,2025-03-01,2026-03-01,2,serial_id,asc,55,2026-03-10T10:50:01+00:00
c620a68b-ce7f-4c19-a78d-897c02ac76ed,2025122800481,2,0,21,2025-12-27 15:50,2025-12-27 17:02,70302,烛影摇红,陕西省,西安市,鄠邑区,涝渭湿地公园,c620a68b-ce7f-4c19-a78d-897c02ac76ed,陕西,西安,,,2025-03-01,2026-03-01,2,serial_id,asc,55,2026-03-10T10:50:01+00:00
a22c08bc-7245-4652-b21d-2b9183380c7b,2025122800536,2,0,11,2025-12-28 10:32,2025-12-28 10:50,91470,苦练括约肌夹断负心汉,陕西省,西安市,蓝田县,蓝田县三里镇席家河立交(席家河村),a22c08bc-7245-4652-b21d-2b9183380c7b,陕西,西安,,,2025-03-01,2026-03-01,2,serial_id,asc,55,2026-03-10T10:50:01+00:00
66cc236f-62bb-4dca-bdf8-a74324a974a3,2025122800573,2,0,15,2025-12-28 11:00,2025-12-28 12:00,72978,Yu哈游,陕西省,西安市,莲湖区,丰庆公园,66cc236f-62bb-4dca-bdf8-a74324a974a3,陕西,西安,,,2025-03-01,2026-03-01,2,serial_id,asc,55,2026-03-10T10:50:01+00:00
79c02113-2f12-4d26-a685-c430f01b28cd,2025122800721,2,0,23,2025-12-28 09:00,2025-12-28 10:00,69634,伊羊肉卷,陕西省,西安市,鄠邑区,涝渭湿地公园,79c02113-2f12-4d26-a685-c430f01b28cd,陕西,西安,,,2025-03-01,2026-03-01,2,serial_id,asc,55,2026-03-10T10:50:01+00:00
21f60c50-10ac-4ec1-9661-8200503518bd,2025122800770,2,0,4,2025-10-27 15:00,2025-10-27 16:00,97802,qa,陕西省,西安市,碑林区,西安建筑科技大学(雁塔校区)定点14,21f60c50-10ac-4ec1-9661-8200503518bd,陕西,西安,,,2025-03-01,2026-03-01,2,serial_id,asc,55,2026-03-10T10:50:01+00:00
1a091d84-875d-4e37-a174-3eca76f26a3b,2025122800792,2,0,4,2025-10-27 15:00,2025-10-27 16:00,97802,qa,陕西省,西安市,碑林区,西安建筑科技大学(雁塔校区)教学西楼,1a091d84-875d-4e37-a174-3eca76f26a3b,陕西,西安,,,2025-03-01,2026-03-01,2,serial_id,asc,55,2026-03-10T10:50:01+00:00
1c902f8b-22b9-400c-a3a4-0a758c8d7aa2,2025122800924,2,0,9,2025-12-28 11:00,2025-12-28 12:00,11628,石海红,陕西省,西安市,未央区,汉长安城未央宫遗址前殿遗址(未央区),1c902f8b-22b9-400c-a3a4-0a758c8d7aa2,陕西,西安,,,2025-03-01,2026-03-01,2,serial_id,asc,55,2026-03-10T10:50:01+00:00
130eb52c-41df-4ebf-9e6c-414e8ea80af6,2025122801060,2,0,9,2025-12-28 13:00,2025-12-28 14:00,63633,吃些乌桕子,陕西省,西安市,莲湖区,丰庆公园,130eb52c-41df-4ebf-9e6c-414e8ea80af6,陕西,西安,,,2025-03-01,2026-03-01,2,serial_id,asc,55,2026-03-10T10:50:01+00:00
b69ca34f-678c-4836-9010-c6ad4e641bb8,2025122801394,2,0,19,2025-12-28 11:00,2025-12-28 12:00,47058,寄居蟹,陕西省,西安市,莲湖区,丰庆公园,b69ca34f-678c-4836-9010-c6ad4e641bb8,陕西,西安,,,2025-03-01,2026-03-01,2,serial_id,asc,56,2026-03-10T10:50:04+00:00
b9342cdc-3fe1-4eb2-bdde-ed85c6c532f1,2025122801478,2,0,10,2025-12-28 09:33,2025-12-28 11:24,79215,cocoHsu,陕西省,西安市,周至县,楼观台道教文化展示区,b9342cdc-3fe1-4eb2-bdde-ed85c6c532f1,陕西,西安,,,2025-03-01,2026-03-01,2,serial_id,asc,56,2026-03-10T10:50:04+00:00
25c732c8-b6eb-4bf8-8ab3-f938725ca19a,2025122801484,2,0,2,2025-12-28 13:35,2025-12-28 15:35,79215,cocoHsu,陕西省,西安市,鄠邑区,西安草堂寺,25c732c8-b6eb-4bf8-8ab3-f938725ca19a,陕西,西安,,,2025-03-01,2026-03-01,2,serial_id,asc,56,2026-03-10T10:50:04+00:00
7a619f34-86e7-4ab7-954c-5e4672ac89bb,2025122801950,2,0,69,2025-12-28 08:00,2025-12-28 09:00,98742,神秘鹭师傅等待鹭全收集,陕西省,西安市,周至县,杨凌渭河湿地生态公园,7a619f34-86e7-4ab7-954c-5e4672ac89bb,陕西,西安,,,2025-03-01,2026-03-01,2,serial_id,asc,56,2026-03-10T10:50:04+00:00
473d1762-0da0-4914-b1ec-55c1c0fa560a,2025122801957,2,0,70,2025-12-28 08:00,2025-12-28 09:00,67225,落林,陕西省,西安市,周至县,杨凌渭河湿地生态公园,473d1762-0da0-4914-b1ec-55c1c0fa560a,陕西,西安,,,2025-03-01,2026-03-01,2,serial_id,asc,56,2026-03-10T10:50:04+00:00
b026a4a4-3783-4c90-bb4a-1d3b92a46b8b,2025122801964,2,0,70,2025-12-28 08:00,2025-12-28 09:00,97014,ranales,陕西省,西安市,周至县,杨凌渭河湿地生态公园,b026a4a4-3783-4c90-bb4a-1d3b92a46b8b,陕西,西安,,,2025-03-01,2026-03-01,2,serial_id,asc,56,2026-03-10T10:50:04+00:00
b80b7f8f-e086-4ce5-a74f-7e771ef5971c,2025122802002,2,0,14,2025-12-28 16:00,2025-12-28 17:40,53920,Ouzel,陕西省,西安市,莲湖区,丰庆公园,b80b7f8f-e086-4ce5-a74f-7e771ef5971c,陕西,西安,,,2025-03-01,2026-03-01,2,serial_id,asc,56,2026-03-10T10:50:04+00:00
1f05f50a-0bb3-4565-8650-8034271d9472,2025122802003,2,0,3,2025-12-28 15:00,2025-12-28 17:30,53920,Ouzel,陕西省,西安市,莲湖区,丰庆公园,1f05f50a-0bb3-4565-8650-8034271d9472,陕西,西安,,,2025-03-01,2026-03-01,2,serial_id,asc,56,2026-03-10T10:50:04+00:00
54fbeede-22de-48ef-a0fd-c805430ae2df,2025122802185,2,0,10,2025-12-28 18:00,2025-12-28 19:00,94324,steffi,陕西省,西安市,未央区,西安浐灞国家湿地公园,54fbeede-22de-48ef-a0fd-c805430ae2df,陕西,西安,,,2025-03-01,2026-03-01,2,serial_id,asc,56,2026-03-10T10:50:04+00:00
19d320e6-d420-4e57-ac2e-d6dc1fadab92,2025122802208,2,0,5,2025-12-28 11:52,2025-12-28 15:52,79708,Hope璞,陕西省,西安市,长安区,密严寺停车点,19d320e6-d420-4e57-ac2e-d6dc1fadab92,陕西,西安,,,2025-03-01,2026-03-01,2,serial_id,asc,56,2026-03-10T10:50:04+00:00
a9632890-fb66-46e6-abb2-c47bd19a9e38,2025122802213,2,0,12,2025-12-28 11:11,2025-12-28 14:20,54636,鹊影,陕西省,西安市,莲湖区,丰庆公园,a9632890-fb66-46e6-abb2-c47bd19a9e38,陕西,西安,,,2025-03-01,2026-03-01,2,serial_id,asc,56,2026-03-10T10:50:04+00:00
87219b2f-96e1-4987-ac53-169294b18bcc,2025122802230,2,0,3,2025-12-28 14:58,2025-12-28 15:58,79708,Hope璞,陕西省,西安市,长安区,黄峪寺村(西安市长安区),87219b2f-96e1-4987-ac53-169294b18bcc,陕西,西安,,,2025-03-01,2026-03-01,2,serial_id,asc,56,2026-03-10T10:50:04+00:00
5d2ca4a1-f473-4fbb-987b-9a4dd61e9453,2025122802247,2,0,5,2025-12-28 18:00,2025-12-28 19:00,79708,Hope璞,陕西省,西安市,长安区,昆明池·七夕公园,5d2ca4a1-f473-4fbb-987b-9a4dd61e9453,陕西,西安,,,2025-03-01,2026-03-01,2,serial_id,asc,56,2026-03-10T10:50:04+00:00
ce0d6e4a-599f-4293-b99d-2395b1925fb1,2025122802390,2,0,68,2025-12-28 08:00,2025-12-28 09:00,102915,紫薇长腿逛遍世界,陕西省,西安市,周至县,杨凌渭河湿地生态公园,ce0d6e4a-599f-4293-b99d-2395b1925fb1,陕西,西安,,,2025-03-01,2026-03-01,2,serial_id,asc,56,2026-03-10T10:50:04+00:00
06fc2a31-c9e4-4c11-9d99-dfb9fde9e8d3,2025122802625,2,0,6,2025-11-15 08:30,2025-11-15 09:30,81608,Watson,陕西省,西安市,长安区,樊川公园,06fc2a31-c9e4-4c11-9d99-dfb9fde9e8d3,陕西,西安,,,2025-03-01,2026-03-01,2,serial_id,asc,56,2026-03-10T10:50:04+00:00
0e851527-c12d-4a31-a23d-fd7d048ee206,2025122900618,2,0,18,2025-12-29 13:00,2025-12-29 14:00,73554,白鹡鸰早起去观鸟,陕西省,西安市,碑林区,兴庆宫公园,0e851527-c12d-4a31-a23d-fd7d048ee206,陕西,西安,,,2025-03-01,2026-03-01,2,serial_id,asc,56,2026-03-10T10:50:04+00:00
72f5a4a6-13b4-4400-9f57-fe56bd5b8b4d,2025122900629,2,0,24,2025-12-29 11:00,2025-12-29 15:16,91470,苦练括约肌夹断负心汉,陕西省,西安市,蓝田县,水陆庵,72f5a4a6-13b4-4400-9f57-fe56bd5b8b4d,陕西,西安,,,2025-03-01,2026-03-01,2,serial_id,asc,56,2026-03-10T10:50:04+00:00
72cd7221-8ac7-4485-be56-f0482fcdc51d,2025122900634,2,0,34,2025-12-29 13:00,2025-12-29 14:00,43432,儿树,陕西省,西安市,长安区,昆明池·七夕公园,72cd7221-8ac7-4485-be56-f0482fcdc51d,陕西,西安,,,2025-03-01,2026-03-01,2,serial_id,asc,56,2026-03-10T10:50:04+00:00
e16bf260-0a9f-4e48-aea4-2685e4d5d62f,2025122900637,2,0,35,2025-12-29 10:46,2025-12-29 11:46,93446,NingZ,陕西省,西安市,长安区,昆明池·七夕公园,e16bf260-0a9f-4e48-aea4-2685e4d5d62f,陕西,西安,,,2025-03-01,2026-03-01,2,serial_id,asc,56,2026-03-10T10:50:04+00:00
e55e5611-5dc7-4892-8767-33c99ba3c6a5,2025122900751,2,0,31,2025-12-06 08:30,2025-12-06 12:02,93446,NingZ,陕西省,西安市,长安区,昆明池·七夕公园,e55e5611-5dc7-4892-8767-33c99ba3c6a5,陕西,西安,,,2025-03-01,2026-03-01,2,serial_id,asc,56,2026-03-10T10:50:04+00:00
827261d4-b04f-46ca-be1b-f1891a69f125,2025122900771,2,0,24,2025-08-31 10:20,2025-08-31 11:30,93446,NingZ,陕西省,西安市,灞桥区,西安浐灞桃花潭公园,827261d4-b04f-46ca-be1b-f1891a69f125,陕西,西安,,,2025-03-01,2026-03-01,2,serial_id,asc,56,2026-03-10T10:50:04+00:00
8acd3e06-a9fb-4c4c-a8ea-bf105a48ae6d,2025122900791,2,0,13,2025-12-29 09:00,2025-12-29 11:00,78662,绿翅旋壁雀,陕西省,西安市,长安区,十里蛤蟆滩稻花乡里农业景区,8acd3e06-a9fb-4c4c-a8ea-bf105a48ae6d,陕西,西安,,,2025-03-01,2026-03-01,2,serial_id,asc,56,2026-03-10T10:50:04+00:00
d1a72dd4-5b1c-4de5-9d16-ff62a5f41aac,2025122900806,2,0,29,2025-12-29 12:00,2025-12-29 13:00,90392,PTJT,陕西省,西安市,未央区,浐灞国家湿地公园,d1a72dd4-5b1c-4de5-9d16-ff62a5f41aac,陕西,西安,,,2025-03-01,2026-03-01,2,serial_id,asc,56,2026-03-10T10:50:04+00:00
c7efaba0-f165-4e04-80fd-8bdba7340bb1,2025122900835,2,0,18,2025-11-09 09:30,2025-11-09 11:26,93446,NingZ,陕西省,西安市,长安区,昆明池·七夕公园,c7efaba0-f165-4e04-80fd-8bdba7340bb1,陕西,西安,,,2025-03-01,2026-03-01,2,serial_id,asc,56,2026-03-10T10:50:04+00:00
467b1e4e-4d87-427a-85f2-6986ac95cd46,2025122900849,2,0,11,2025-12-16 10:00,2025-12-16 11:26,93446,NingZ,陕西省,西安市,莲湖区,丰庆公园,467b1e4e-4d87-427a-85f2-6986ac95cd46,陕西,西安,,,2025-03-01,2026-03-01,2,serial_id,asc,56,2026-03-10T10:50:04+00:00
55bb3144-83c8-4140-8f92-906958547ade,2025122900856,2,0,12,2025-12-07 10:41,2025-12-07 11:41,93446,NingZ,陕西省,西安市,莲湖区,丰庆公园,55bb3144-83c8-4140-8f92-906958547ade,陕西,西安,,,2025-03-01,2026-03-01,2,serial_id,asc,56,2026-03-10T10:50:04+00:00
a1b34e36-c45a-45f0-8abd-c4c62c79e0a9,2025122900864,2,0,17,2025-12-07 14:15,2025-12-07 16:44,93446,NingZ,陕西省,西安市,雁塔区,西安植物园,a1b34e36-c45a-45f0-8abd-c4c62c79e0a9,陕西,西安,,,2025-03-01,2026-03-01,2,serial_id,asc,56,2026-03-10T10:50:04+00:00
4db83a0f-bfa9-4b1d-bb5c-8e9f5edd407e,2025122900937,2,0,9,2025-12-01 13:58,2025-12-29 16:58,93446,NingZ,陕西省,西安市,莲湖区,丰庆公园,4db83a0f-bfa9-4b1d-bb5c-8e9f5edd407e,陕西,西安,,,2025-03-01,2026-03-01,2,serial_id,asc,56,2026-03-10T10:50:04+00:00
b4da3917-0088-4a29-8764-94e920273834,2025122901128,2,0,9,2025-12-29 16:19,2025-12-29 17:00,91470,苦练括约肌夹断负心汉,陕西省,西安市,蓝田县,蓝田县灞河大桥北(滨河北路),b4da3917-0088-4a29-8764-94e920273834,陕西,西安,,,2025-03-01,2026-03-01,2,serial_id,asc,56,2026-03-10T10:50:04+00:00
dfd0bdb1-b14e-40fd-a579-e377074e0a48,2025122901180,2,0,13,2025-12-29 17:00,2025-12-29 18:00,90392,PTJT,陕西省,西安市,莲湖区,丰庆公园,dfd0bdb1-b14e-40fd-a579-e377074e0a48,陕西,西安,,,2025-03-01,2026-03-01,2,serial_id,asc,56,2026-03-10T10:50:04+00:00
e67c7996-8a0d-43fe-ad8a-90987143e3f7,2025122901229,2,0,13,2025-12-29 17:00,2025-12-29 18:00,67225,落林,陕西省,西安市,莲湖区,丰庆公园,e67c7996-8a0d-43fe-ad8a-90987143e3f7,陕西,西安,,,2025-03-01,2026-03-01,2,serial_id,asc,56,2026-03-10T10:50:04+00:00
5a46f061-9f59-4c6b-b7c0-ad26b84be367,2025122901231,2,0,29,2025-12-29 12:00,2025-12-29 13:00,67225,落林,陕西省,西安市,未央区,浐灞国家湿地公园,5a46f061-9f59-4c6b-b7c0-ad26b84be367,陕西,西安,,,2025-03-01,2026-03-01,2,serial_id,asc,56,2026-03-10T10:50:04+00:00
c48ad8b2-222d-4f90-a001-5a252a2c65eb,2025122901480,2,0,29,2025-12-29 12:00,2025-12-29 13:00,67226,星如雨,陕西省,西安市,未央区,浐灞国家湿地公园,c48ad8b2-222d-4f90-a001-5a252a2c65eb,陕西,西安,,,2025-03-01,2026-03-01,2,serial_id,asc,56,2026-03-10T10:50:04+00:00
18a1c13a-2aab-42a5-a2d8-9647a15f991d,2025122901481,2,0,13,2025-12-29 17:00,2025-12-29 18:00,67226,星如雨,陕西省,西安市,莲湖区,丰庆公园,18a1c13a-2aab-42a5-a2d8-9647a15f991d,陕西,西安,,,2025-03-01,2026-03-01,2,serial_id,asc,56,2026-03-10T10:50:04+00:00
6b554768-8e82-431b-b627-cbd3a6af5231,2025123000044,2,0,4,2025-10-03 07:32,2025-10-03 07:50,62864,Ax72864,陕西省,西安市,雁塔区,陕西历史博物馆,6b554768-8e82-431b-b627-cbd3a6af5231,陕西,西安,,,2025-03-01,2026-03-01,2,serial_id,asc,56,2026-03-10T10:50:04+00:00
a7f03e0a-a0da-43d2-9445-491e35932bab,2025123000553,2,0,12,2025-12-28 14:00,2025-12-30 16:30,23531,allenzym,陕西省,西安市,鄠邑区,涝渭湿地公园,a7f03e0a-a0da-43d2-9445-491e35932bab,陕西,西安,,,2025-03-01,2026-03-01,2,serial_id,asc,56,2026-03-10T10:50:04+00:00
92dc982c-3a0d-424f-8471-5d4cfe92dcd8,2025123000801,2,0,1,2025-12-30 14:00,2025-12-30 15:00,86441,silverash42,陕西省,西安市,长安区,西安电子科技大学(南校区),92dc982c-3a0d-424f-8471-5d4cfe92dcd8,陕西,西安,,,2025-03-01,2026-03-01,2,serial_id,asc,56,2026-03-10T10:50:04+00:00
a5f1e5eb-1f88-4c33-b1c4-a747cae9c024,2025123000887,2,0,14,2025-12-14 07:05,2025-12-14 09:46,54093,风的自然,陕西省,西安市,长安区,沣峪,a5f1e5eb-1f88-4c33-b1c4-a747cae9c024,陕西,西安,,,2025-03-01,2026-03-01,2,serial_id,asc,56,2026-03-10T10:50:04+00:00
6a7ab788-0c1f-4dfb-9a18-e6e89e2959e7,2025123001959,2,0,14,2025-12-30 09:36,2025-12-30 13:00,87423,糕糕在上的高高鸡,陕西省,西安市,长安区,圭峰寺,6a7ab788-0c1f-4dfb-9a18-e6e89e2959e7,陕西,西安,,,2025-03-01,2026-03-01,2,serial_id,asc,56,2026-03-10T10:50:04+00:00
11d0c6dd-ac84-4347-909a-cceee951b7dc,2025123001973,2,0,9,2025-06-26 09:00,2025-06-26 13:42,87423,糕糕在上的高高鸡,陕西省,西安市,长安区,圭峰寺-高冠峪,11d0c6dd-ac84-4347-909a-cceee951b7dc,陕西,西安,,,2025-03-01,2026-03-01,2,serial_id,asc,56,2026-03-10T10:50:04+00:00
a67e5b0f-dbee-4d90-9c6b-17cc89320595,2025123001978,2,0,9,2025-07-01 08:30,2025-07-01 11:30,87423,糕糕在上的高高鸡,陕西省,西安市,长安区,樊川公园,a67e5b0f-dbee-4d90-9c6b-17cc89320595,陕西,西安,,,2025-03-01,2026-03-01,2,serial_id,asc,56,2026-03-10T10:50:04+00:00
1444be16-fe59-4686-b1a2-a1956fb89b59,2025123001983,2,0,5,2025-07-08 15:30,2025-07-08 16:30,87423,糕糕在上的高高鸡,陕西省,西安市,灞桥区,桃花潭,1444be16-fe59-4686-b1a2-a1956fb89b59,陕西,西安,,,2025-03-01,2026-03-01,2,serial_id,asc,56,2026-03-10T10:50:04+00:00
d5fb5142-749f-4204-8822-f632933da8a3,2025123001985,2,0,10,2025-07-12 09:51,2025-07-12 11:51,87423,糕糕在上的高高鸡,陕西省,西安市,长安区,樊川公园,d5fb5142-749f-4204-8822-f632933da8a3,陕西,西安,,,2025-03-01,2026-03-01,2,serial_id,asc,56,2026-03-10T10:50:04+00:00
21391f9f-0fd1-4bbc-aac8-8a63974c7d02,2025123002010,2,0,9,2025-08-02 08:00,2025-08-02 11:30,87423,糕糕在上的高高鸡,陕西省,西安市,长安区,长安区大兆街道友联村,21391f9f-0fd1-4bbc-aac8-8a63974c7d02,陕西,西安,,,2025-03-01,2026-03-01,2,serial_id,asc,56,2026-03-10T10:50:04+00:00
8cb8cf56-0858-4292-a280-82d2e4f717ca,2025123002018,2,0,6,2025-08-09 09:08,2025-08-09 12:01,87423,糕糕在上的高高鸡,陕西省,西安市,未央区,浐灞国家湿地公园,8cb8cf56-0858-4292-a280-82d2e4f717ca,陕西,西安,,,2025-03-01,2026-03-01,2,serial_id,asc,56,2026-03-10T10:50:04+00:00
83fd204c-1e62-4787-b7cb-f529427e7539,2025123002024,2,0,16,2025-08-23 08:01,2025-08-23 11:01,87423,糕糕在上的高高鸡,陕西省,西安市,鄠邑区,涝渭湿地公园,83fd204c-1e62-4787-b7cb-f529427e7539,陕西,西安,,,2025-03-01,2026-03-01,2,serial_id,asc,56,2026-03-10T10:50:04+00:00
107b43ec-5fae-42bc-9511-008e5b18be0e,2025123002040,2,0,12,2025-09-08 09:23,2025-09-08 11:23,87423,糕糕在上的高高鸡,陕西省,西安市,长安区,樊川公园,107b43ec-5fae-42bc-9511-008e5b18be0e,陕西,西安,,,2025-03-01,2026-03-01,2,serial_id,asc,56,2026-03-10T10:50:04+00:00
eb12851f-1318-4a3a-9570-b19def4ad8e3,2025123002050,2,0,6,2025-10-09 10:30,2025-10-09 12:30,87423,糕糕在上的高高鸡,陕西省,西安市,鄠邑区,涝渭湿地公园,eb12851f-1318-4a3a-9570-b19def4ad8e3,陕西,西安,,,2025-03-01,2026-03-01,2,serial_id,asc,56,2026-03-10T10:50:04+00:00
93b4df19-4d13-4e2a-b7e2-12fad17c4f52,2025123002056,2,0,4,2025-10-19 11:26,2025-10-19 13:26,87423,糕糕在上的高高鸡,陕西省,西安市,莲湖区,丰庆公园,93b4df19-4d13-4e2a-b7e2-12fad17c4f52,陕西,西安,,,2025-03-01,2026-03-01,2,serial_id,asc,56,2026-03-10T10:50:04+00:00
9faa9540-dc74-4d84-b282-6b90fd85ca52,2025123002064,2,0,8,2025-10-21 10:00,2025-10-21 12:30,87423,糕糕在上的高高鸡,陕西省,西安市,新城区,大明宫国家遗址公园,9faa9540-dc74-4d84-b282-6b90fd85ca52,陕西,西安,,,2025-03-01,2026-03-01,2,serial_id,asc,56,2026-03-10T10:50:04+00:00
0694e3ea-f5f8-4398-b85a-b43669f943e4,2025123100320,2,0,5,2025-12-21 11:00,2025-12-21 12:00,81608,Watson,陕西省,西安市,周至县,西骆峪水库,0694e3ea-f5f8-4398-b85a-b43669f943e4,陕西,西安,,,2025-03-01,2026-03-01,2,serial_id,asc,57,2026-03-10T10:50:08+00:00
39b2d10d-8271-4d0f-a2d1-db7a9d3eb662,2025123100334,2,0,5,2025-12-21 12:00,2025-12-21 14:30,81608,Watson,陕西省,西安市,周至县,仙游寺,39b2d10d-8271-4d0f-a2d1-db7a9d3eb662,陕西,西安,,,2025-03-01,2026-03-01,2,serial_id,asc,57,2026-03-10T10:50:08+00:00
571717dd-1b3b-47d1-86fc-6a285244db42,2025123100496,2,0,3,2025-10-05 10:25,2025-10-05 17:25,55448,白腰草鱼,陕西省,西安市,临潼区,秦始皇兵马俑博物馆,571717dd-1b3b-47d1-86fc-6a285244db42,陕西,西安,,,2025-03-01,2026-03-01,2,serial_id,asc,57,2026-03-10T10:50:08+00:00
2f740e31-d7bb-40d9-a6f6-2c1af7c25961,2025123101128,2,0,2,2025-12-31 14:00,2025-12-31 15:00,46419,祝流,陕西省,西安市,碑林区,西安交通大学兴庆校区,2f740e31-d7bb-40d9-a6f6-2c1af7c25961,陕西,西安,,,2025-03-01,2026-03-01,2,serial_id,asc,57,2026-03-10T10:50:08+00:00
acc6c3c7-c933-4c85-87fe-705be5c789f7,2025123101588,2,0,4,2025-12-31 14:18,2025-12-31 14:20,5111,deguoren,陕西省,西安市,灞桥区,西安浐灞桃花潭公园,acc6c3c7-c933-4c85-87fe-705be5c789f7,陕西,西安,,,2025-03-01,2026-03-01,2,serial_id,asc,57,2026-03-10T10:50:08+00:00
0aae8def-202e-4f2d-b55f-566a810f6fc6,2025123101703,2,0,3,2025-12-31 16:30,2025-12-31 17:00,48072,bjymyg,陕西省,西安市,雁塔区,西安大慈恩寺景区,0aae8def-202e-4f2d-b55f-566a810f6fc6,陕西,西安,,,2025-03-01,2026-03-01,2,serial_id,asc,57,2026-03-10T10:50:08+00:00
ec514d8f-7706-4cf4-b05f-b6c0e3cdacc8,2026010101080,2,0,22,2026-01-01 10:00,2026-01-01 11:00,98742,神秘鹭师傅等待鹭全收集,陕西省,西安市,未央区,未央区西安浐灞国家湿地公园芦曲南湖东100米,ec514d8f-7706-4cf4-b05f-b6c0e3cdacc8,陕西,西安,,,2025-03-01,2026-03-01,2,serial_id,asc,57,2026-03-10T10:50:08+00:00
ca7da3fd-fd3a-4370-9976-4a3b1fe8c6b6,2026010101621,2,0,6,2026-01-01 14:00,2026-01-01 15:00,77364,LarryMatteo,陕西省,西安市,长安区,沣河梁家滩运动公园,ca7da3fd-fd3a-4370-9976-4a3b1fe8c6b6,陕西,西安,,,2025-03-01,2026-03-01,2,serial_id,asc,57,2026-03-10T10:50:08+00:00
e006d612-3b4e-4f93-8934-ef3ced6fdc28,2026010101905,2,0,7,2026-01-01 15:00,2026-01-01 16:00,22345,山丘,陕西省,西安市,碑林区,碑林区东新城市家园(火炬路西),e006d612-3b4e-4f93-8934-ef3ced6fdc28,陕西,西安,,,2025-03-01,2026-03-01,2,serial_id,asc,57,2026-03-10T10:50:08+00:00
377405c7-eda2-44d0-950c-85cc71c1d0e1,2026010101926,2,0,5,2026-01-01 10:00,2026-01-01 11:00,48072,bjymyg,陕西省,西安市,临潼区,秦始皇兵马俑博物馆,377405c7-eda2-44d0-950c-85cc71c1d0e1,陕西,西安,,,2025-03-01,2026-03-01,2,serial_id,asc,57,2026-03-10T10:50:08+00:00
41f078b0-82f0-4dd8-9fb4-a07a0a779efe,2026010102090,2,0,16,2026-01-01 14:30,2026-01-01 16:08,91470,苦练括约肌夹断负心汉,陕西省,西安市,蓝田县,蓝田县滨河东路(陈家坡),41f078b0-82f0-4dd8-9fb4-a07a0a779efe,陕西,西安,,,2025-03-01,2026-03-01,2,serial_id,asc,57,2026-03-10T10:50:08+00:00
98afee23-1071-4fcd-8622-060880cd69b4,2026010102150,2,0,25,2026-01-01 16:00,2026-01-01 17:00,45951,回声,陕西省,西安市,鄠邑区,涝渭湿地公园,98afee23-1071-4fcd-8622-060880cd69b4,陕西,西安,,,2025-03-01,2026-03-01,2,serial_id,asc,57,2026-03-10T10:50:08+00:00
ca1c1d9c-b820-4686-9790-c710440ed8c3,2026010102181,2,0,20,2026-01-01 16:00,2026-01-01 17:00,46419,祝流,陕西省,西安市,鄠邑区,涝渭湿地公园,ca1c1d9c-b820-4686-9790-c710440ed8c3,陕西,西安,,,2025-03-01,2026-03-01,2,serial_id,asc,57,2026-03-10T10:50:08+00:00
990c193b-8cfa-4d5e-aaff-0f7b6e9031e4,2026010102253,2,0,1,2026-01-01 16:00,2026-01-01 17:00,48072,bjymyg,陕西省,西安市,临潼区,华清池,990c193b-8cfa-4d5e-aaff-0f7b6e9031e4,陕西,西安,,,2025-03-01,2026-03-01,2,serial_id,asc,57,2026-03-10T10:50:08+00:00
794d71ac-8d2b-4602-948f-385b0253d0e0,2026010102262,2,0,25,2026-01-01 15:00,2026-01-01 16:00,20445,JaneKestrel,陕西省,西安市,长安区,长安区昆明池·七夕公园,794d71ac-8d2b-4602-948f-385b0253d0e0,陕西,西安,,,2025-03-01,2026-03-01,2,serial_id,asc,57,2026-03-10T10:50:08+00:00
ecfd3faf-f358-4ac1-8acd-34cd4f549f82,2026010102402,2,0,11,2026-01-01 16:11,2026-01-01 16:57,91470,苦练括约肌夹断负心汉,陕西省,西安市,蓝田县,蓝田县三里镇席家河立交(席家河村),ecfd3faf-f358-4ac1-8acd-34cd4f549f82,陕西,西安,,,2025-03-01,2026-03-01,2,serial_id,asc,57,2026-03-10T10:50:08+00:00
e531ab90-e32d-4f5a-a76a-8821385ace59,2026010102423,2,0,9,2026-01-01 17:00,2026-01-01 18:00,85816,Moring,陕西省,西安市,灞桥区,西安浐灞桃花潭公园,e531ab90-e32d-4f5a-a76a-8821385ace59,陕西,西安,,,2025-03-01,2026-03-01,2,serial_id,asc,57,2026-03-10T10:50:08+00:00
c46d6e74-e551-435b-abbe-eae3b9aa264e,2026010102823,2,0,23,2026-01-01 15:30,2026-01-01 18:00,54636,鹊影,陕西省,西安市,长安区,小峪河,c46d6e74-e551-435b-abbe-eae3b9aa264e,陕西,西安,,,2025-03-01,2026-03-01,2,serial_id,asc,57,2026-03-10T10:50:08+00:00
66a561be-592f-4c07-91e3-cf94dfe6535f,2026010103026,2,0,2,2026-01-01 18:00,2026-01-01 19:00,20001,木客,陕西省,西安市,长安区,西北工业大学长安校区,66a561be-592f-4c07-91e3-cf94dfe6535f,陕西,西安,,,2025-03-01,2026-03-01,2,serial_id,asc,57,2026-03-10T10:50:08+00:00
b7338661-9774-40c8-acd1-db0f6e2bf78f,2026010103481,2,0,38,2026-01-01 12:30,2026-01-01 15:00,21573,啊般配,陕西省,西安市,未央区,渭河沿岸,b7338661-9774-40c8-acd1-db0f6e2bf78f,陕西,西安,,,2025-03-01,2026-03-01,2,serial_id,asc,57,2026-03-10T10:50:08+00:00
4f8dbf99-1de0-484c-8fee-fa549fac3ffe,2026010103625,2,0,16,2026-01-01 09:40,2026-01-01 10:41,70459,丁仪凡,陕西省,西安市,新城区,大明宫国家遗址公园,4f8dbf99-1de0-484c-8fee-fa549fac3ffe,陕西,西安,,,2025-03-01,2026-03-01,2,serial_id,asc,57,2026-03-10T10:50:08+00:00
badcbea9-27af-4115-b260-b588a76bf9b4,2026010103887,2,0,9,2026-01-01 14:42,2026-01-01 17:42,102206,Samebeta,陕西省,西安市,雁塔区,西安新植物园,badcbea9-27af-4115-b260-b588a76bf9b4,陕西,西安,,,2025-03-01,2026-03-01,2,serial_id,asc,57,2026-03-10T10:50:08+00:00
b7016b71-7cb1-45f8-b880-d792b22248fb,2026010200025,2,0,4,2026-01-01 23:00,2026-01-02 00:00,81780,向往飞往远方的鸟,陕西省,西安市,长安区,樊川公园,b7016b71-7cb1-45f8-b880-d792b22248fb,陕西,西安,,,2025-03-01,2026-03-01,2,serial_id,asc,57,2026-03-10T10:50:08+00:00
5dfb47e7-e15e-47a3-b408-a9b9a3fe6292,2026010200779,2,0,26,2026-01-02 08:30,2026-01-02 11:30,48072,bjymyg,陕西省,西安市,长安区,樊川公园,5dfb47e7-e15e-47a3-b408-a9b9a3fe6292,陕西,西安,,,2025-03-01,2026-03-01,2,serial_id,asc,57,2026-03-10T10:50:08+00:00
631358d9-554a-4c76-8151-1fc636a9b91c,2026010201240,2,0,18,2026-01-02 12:00,2026-01-02 13:00,11628,石海红,陕西省,西安市,长安区,长安区洨河湿地公园(洨河北路南300米),631358d9-554a-4c76-8151-1fc636a9b91c,陕西,西安,,,2025-03-01,2026-03-01,2,serial_id,asc,57,2026-03-10T10:50:08+00:00
50fe5261-c930-4f95-aec8-53854c317074,2026010201278,2,0,54,2026-01-02 09:19,2026-01-02 13:20,72716,白沙仁青,陕西省,西安市,周至县,杨凌渭河湿地生态公园,50fe5261-c930-4f95-aec8-53854c317074,陕西,西安,,,2025-03-01,2026-03-01,2,serial_id,asc,57,2026-03-10T10:50:08+00:00
0869119e-2f81-491f-9a7f-b309125fbd09,2026010201330,2,0,24,2026-01-02 08:50,2026-01-02 13:32,99778,xietemmie,陕西省,西安市,长安区,圭峰寺,0869119e-2f81-491f-9a7f-b309125fbd09,陕西,西安,,,2025-03-01,2026-03-01,2,serial_id,asc,57,2026-03-10T10:50:08+00:00
c435eeba-6159-4f87-8597-15c40c69e87f,2026010201771,2,0,5,2026-01-02 15:00,2026-01-02 16:00,45951,回声,陕西省,西安市,莲湖区,丰庆公园,c435eeba-6159-4f87-8597-15c40c69e87f,陕西,西安,,,2025-03-01,2026-03-01,2,serial_id,asc,57,2026-03-10T10:50:08+00:00
eaaeeb62-59af-4392-bd4f-16395501fc41,2026010202221,2,0,1,2026-01-02 16:00,2026-01-02 17:00,48072,bjymyg,陕西省,西安市,碑林区,西安城墙(南门),eaaeeb62-59af-4392-bd4f-16395501fc41,陕西,西安,,,2025-03-01,2026-03-01,2,serial_id,asc,57,2026-03-10T10:50:08+00:00
9450a09e-842f-41a4-90d2-56066331e68c,2026010202888,2,0,29,2026-01-02 09:00,2026-01-02 18:14,13823,zhjzhy9699,陕西省,西安市,长安区,圭峰寺,9450a09e-842f-41a4-90d2-56066331e68c,陕西,西安,,,2025-03-01,2026-03-01,2,serial_id,asc,57,2026-03-10T10:50:08+00:00
331079d9-e69d-4bd4-9a7e-3ef2b06fc865,2026010203384,2,0,32,2026-01-02 08:20,2026-01-02 16:00,30320,户外农夫,陕西省,西安市,长安区,西安市长安县二郎山,331079d9-e69d-4bd4-9a7e-3ef2b06fc865,陕西,西安,,,2025-03-01,2026-03-01,2,serial_id,asc,57,2026-03-10T10:50:08+00:00
8e9c5f21-708d-41b5-99dc-b65ef88b8841,2026010203428,2,0,2,2025-07-03 10:00,2025-07-03 13:00,103421,glow,陕西省,西安市,灞桥区,浐灞中心(地铁站),8e9c5f21-708d-41b5-99dc-b65ef88b8841,陕西,西安,,,2025-03-01,2026-03-01,2,serial_id,asc,57,2026-03-10T10:50:08+00:00
998fcd24-42a7-4b4c-b237-87588e114aad,2026010203450,2,0,10,2025-12-09 09:00,2025-12-09 14:30,103421,glow,陕西省,西安市,莲湖区,丰庆公园,998fcd24-42a7-4b4c-b237-87588e114aad,陕西,西安,,,2025-03-01,2026-03-01,2,serial_id,asc,57,2026-03-10T10:50:08+00:00
b19d0273-eb63-4a1b-a3a6-ed225085290b,2026010203484,2,0,3,2025-12-10 11:30,2025-12-10 13:30,103421,glow,陕西省,西安市,灞桥区,浐灞中心(地铁站),b19d0273-eb63-4a1b-a3a6-ed225085290b,陕西,西安,,,2025-03-01,2026-03-01,2,serial_id,asc,57,2026-03-10T10:50:08+00:00
63105f94-d9c2-4caf-9241-33d208eca3d1,2026010203489,2,0,9,2025-12-11 08:15,2025-12-11 14:30,103421,glow,陕西省,西安市,莲湖区,丰庆公园,63105f94-d9c2-4caf-9241-33d208eca3d1,陕西,西安,,,2025-03-01,2026-03-01,2,serial_id,asc,57,2026-03-10T10:50:08+00:00
0d2d78e6-bced-47e6-a3e0-5d13d839139c,2026010203589,2,0,3,2025-12-19 07:00,2025-12-19 13:30,103421,glow,陕西省,西安市,长安区,秦岭大坝沟景区,0d2d78e6-bced-47e6-a3e0-5d13d839139c,陕西,西安,,,2025-03-01,2026-03-01,2,serial_id,asc,57,2026-03-10T10:50:08+00:00
584c34a9-21c4-4b0f-b1cb-1bb34d24b313,2026010203607,2,0,31,2025-12-21 07:00,2025-12-21 16:15,103421,glow,陕西省,西安市,鄠邑区,涝渭湿地公园,584c34a9-21c4-4b0f-b1cb-1bb34d24b313,陕西,西安,,,2025-03-01,2026-03-01,2,serial_id,asc,57,2026-03-10T10:50:08+00:00
e6151b76-f69c-42ff-9728-6dc2781fcb15,2026010203655,2,0,21,2025-12-27 08:00,2025-12-27 17:00,103421,glow,陕西省,西安市,雁塔区,西安植物园,e6151b76-f69c-42ff-9728-6dc2781fcb15,陕西,西安,,,2025-03-01,2026-03-01,2,serial_id,asc,57,2026-03-10T10:50:08+00:00
bf1a854f-a302-4b21-85a4-13495485d864,2026010203694,2,0,18,2026-01-01 08:00,2026-01-01 12:00,103421,glow,陕西省,西安市,长安区,樊川公园,bf1a854f-a302-4b21-85a4-13495485d864,陕西,西安,,,2025-03-01,2026-03-01,2,serial_id,asc,57,2026-03-10T10:50:08+00:00
d109849b-b1b2-4412-9c44-1e9f70d9fb33,2026010203768,2,0,32,2026-01-02 09:00,2026-01-02 17:00,103421,glow,陕西省,西安市,长安区,圭峰寺-高冠峪,d109849b-b1b2-4412-9c44-1e9f70d9fb33,陕西,西安,,,2025-03-01,2026-03-01,2,serial_id,asc,57,2026-03-10T10:50:08+00:00
8554fc72-ce35-4fd5-b080-5b9eb2435f30,2026010203824,2,0,19,2026-01-02 14:42,2026-01-02 17:42,72192,妙师傅,陕西省,西安市,长安区,樊川公园,8554fc72-ce35-4fd5-b080-5b9eb2435f30,陕西,西安,,,2025-03-01,2026-03-01,2,serial_id,asc,57,2026-03-10T10:50:08+00:00
c3b09cc5-117c-451d-9017-99da91a7451e,2026010203829,2,0,20,2025-11-29 18:00,2025-11-29 19:00,72192,妙师傅,陕西省,西安市,未央区,渭河天玑湖,c3b09cc5-117c-451d-9017-99da91a7451e,陕西,西安,,,2025-03-01,2026-03-01,2,serial_id,asc,57,2026-03-10T10:50:08+00:00
a8d44e57-0ac3-44f5-bc77-75b30aedd5f4,2026010203841,2,0,17,2025-12-05 15:00,2025-12-05 18:09,72192,妙师傅,陕西省,西安市,雁塔区,西安植物园,a8d44e57-0ac3-44f5-bc77-75b30aedd5f4,陕西,西安,,,2025-03-01,2026-03-01,2,serial_id,asc,57,2026-03-10T10:50:08+00:00
07b437f5-8238-4fa7-b02b-64b613f94fe9,2026010203866,2,0,6,2025-10-11 15:18,2025-10-11 17:18,72192,妙师傅,陕西省,西安市,新城区,长乐公园,07b437f5-8238-4fa7-b02b-64b613f94fe9,陕西,西安,,,2025-03-01,2026-03-01,2,serial_id,asc,57,2026-03-10T10:50:08+00:00
859e1bca-943e-4901-a1fe-d45441a234cd,2026010203895,2,0,12,2025-09-13 14:23,2025-09-13 17:23,72192,妙师傅,陕西省,西安市,碑林区,兴庆宫公园,859e1bca-943e-4901-a1fe-d45441a234cd,陕西,西安,,,2025-03-01,2026-03-01,2,serial_id,asc,57,2026-03-10T10:50:08+00:00
ae21af27-0322-436d-89ff-f408858ba5e2,2026010203899,2,0,13,2025-09-05 15:25,2025-09-05 18:25,72192,妙师傅,陕西省,西安市,灞桥区,西安世博园,ae21af27-0322-436d-89ff-f408858ba5e2,陕西,西安,,,2025-03-01,2026-03-01,2,serial_id,asc,57,2026-03-10T10:50:08+00:00
3fa9a411-612e-4158-8a8a-693fc6b19389,2026010203909,2,0,13,2025-08-14 15:29,2025-08-14 18:29,72192,妙师傅,陕西省,西安市,长安区,樊川公园,3fa9a411-612e-4158-8a8a-693fc6b19389,陕西,西安,,,2025-03-01,2026-03-01,2,serial_id,asc,57,2026-03-10T10:50:08+00:00
a1da7c72-cce6-4614-b364-a6411e53e556,2026010203921,2,0,12,2025-08-03 16:31,2025-08-03 17:31,72192,妙师傅,陕西省,西安市,灞桥区,西安浐灞桃花潭公园,a1da7c72-cce6-4614-b364-a6411e53e556,陕西,西安,,,2025-03-01,2026-03-01,2,serial_id,asc,57,2026-03-10T10:50:08+00:00
408f916f-8cb1-4dc7-bc21-1db0d780ae9a,2026010203933,2,0,1,2025-07-08 16:35,2025-07-08 16:40,72192,妙师傅,陕西省,西安市,碑林区,兴庆宫公园,408f916f-8cb1-4dc7-bc21-1db0d780ae9a,陕西,西安,,,2025-03-01,2026-03-01,2,serial_id,asc,57,2026-03-10T10:50:08+00:00
6cc9c799-b381-420b-bafa-01f18cefedd7,2026010203991,2,0,22,2025-04-25 13:46,2025-04-25 18:46,72192,妙师傅,陕西省,西安市,长安区,樊川公园,6cc9c799-b381-420b-bafa-01f18cefedd7,陕西,西安,,,2025-03-01,2026-03-01,2,serial_id,asc,57,2026-03-10T10:50:08+00:00
5ad923b4-607b-4141-8f43-3dfca39c7c7a,2026010204046,2,0,25,2025-04-18 15:59,2025-04-18 18:59,72192,妙师傅,陕西省,西安市,鄠邑区,涝渭湿地公园,5ad923b4-607b-4141-8f43-3dfca39c7c7a,陕西,西安,,,2025-03-01,2026-03-01,2,serial_id,asc,58,2026-03-10T10:50:11+00:00
79feafca-36ef-4ada-bc18-f1780c7b84c0,2026010300233,2,0,32,2026-01-03 08:00,2026-01-03 09:00,75204,雪子哥,陕西省,西安市,未央区,未央区永安驿西400米(河堤路北),79feafca-36ef-4ada-bc18-f1780c7b84c0,陕西,西安,,,2025-03-01,2026-03-01,2,serial_id,asc,58,2026-03-10T10:50:11+00:00
08173131-e7e2-4dfb-9f4d-67dc0a5023cc,2026010300302,2,0,16,2025-03-07 09:06,2025-03-07 09:07,66155,十一是11,陕西省,西安市,长安区,樊川公园,08173131-e7e2-4dfb-9f4d-67dc0a5023cc,陕西,西安,,,2025-03-01,2026-03-01,2,serial_id,asc,58,2026-03-10T10:50:11+00:00
34802d6d-9614-4a00-b359-0cdb7e0e3843,2026010300309,2,0,8,2025-03-13 09:09,2025-03-13 09:12,66155,十一是11,陕西省,西安市,长安区,樊川公园,34802d6d-9614-4a00-b359-0cdb7e0e3843,陕西,西安,,,2025-03-01,2026-03-01,2,serial_id,asc,58,2026-03-10T10:50:11+00:00
e5446e36-44ec-4e6a-8131-55491f56649f,2026010300312,2,0,2,2025-03-24 09:11,2025-03-24 09:11,66155,十一是11,陕西省,西安市,长安区,西北政法大学(长安校区),e5446e36-44ec-4e6a-8131-55491f56649f,陕西,西安,,,2025-03-01,2026-03-01,2,serial_id,asc,58,2026-03-10T10:50:11+00:00
e56bd6b7-7137-472e-9016-e9aa6ab67838,2026010300321,2,0,22,2025-04-03 09:12,2025-04-03 09:13,66155,十一是11,陕西省,西安市,长安区,樊川公园,e56bd6b7-7137-472e-9016-e9aa6ab67838,陕西,西安,,,2025-03-01,2026-03-01,2,serial_id,asc,58,2026-03-10T10:50:11+00:00
8395352e-9e5b-4366-915d-1559ca514008,2026010300325,2,0,1,2025-04-05 09:15,2025-04-06 09:15,66155,十一是11,陕西省,西安市,长安区,西北政法大学(长安校区),8395352e-9e5b-4366-915d-1559ca514008,陕西,西安,,,2025-03-01,2026-03-01,2,serial_id,asc,58,2026-03-10T10:50:11+00:00
4f3b22b9-cfa0-4d57-b80b-93e1c096e838,2026010300327,2,0,4,2025-04-23 09:16,2025-04-23 09:16,66155,十一是11,陕西省,西安市,长安区,西北政法大学(长安校区),4f3b22b9-cfa0-4d57-b80b-93e1c096e838,陕西,西安,,,2025-03-01,2026-03-01,2,serial_id,asc,58,2026-03-10T10:50:11+00:00
c3005200-f384-4e92-b21b-602faebdfe93,2026010300330,2,0,6,2025-04-24 09:17,2025-04-27 09:17,66155,十一是11,陕西省,西安市,长安区,西北政法大学(长安校区),c3005200-f384-4e92-b21b-602faebdfe93,陕西,西安,,,2025-03-01,2026-03-01,2,serial_id,asc,58,2026-03-10T10:50:11+00:00
aa99d522-4569-46e2-ae6c-be600e76c395,2026010300336,2,0,9,2025-04-28 09:19,2025-04-28 09:22,66155,十一是11,陕西省,西安市,莲湖区,丰庆公园,aa99d522-4569-46e2-ae6c-be600e76c395,陕西,西安,,,2025-03-01,2026-03-01,2,serial_id,asc,58,2026-03-10T10:50:11+00:00
adc3aa2a-5abd-4c5d-a63b-1a1357f56056,2026010300341,2,0,11,2025-05-01 09:20,2025-05-01 09:22,66155,十一是11,陕西省,西安市,长安区,樊川公园,adc3aa2a-5abd-4c5d-a63b-1a1357f56056,陕西,西安,,,2025-03-01,2026-03-01,2,serial_id,asc,58,2026-03-10T10:50:11+00:00
8002cbd0-d6b6-4290-9e70-b905c3033ec9,2026010300350,2,0,13,2025-05-11 09:24,2025-05-11 09:26,66155,十一是11,陕西省,西安市,长安区,樊川公园,8002cbd0-d6b6-4290-9e70-b905c3033ec9,陕西,西安,,,2025-03-01,2026-03-01,2,serial_id,asc,58,2026-03-10T10:50:11+00:00
5945f037-bfc2-4277-926f-7b820cf93cbe,2026010300355,2,0,5,2025-05-23 09:26,2025-05-25 09:26,66155,十一是11,陕西省,西安市,长安区,西北政法大学(长安校区),5945f037-bfc2-4277-926f-7b820cf93cbe,陕西,西安,,,2025-03-01,2026-03-01,2,serial_id,asc,58,2026-03-10T10:50:11+00:00
6dd36296-699b-4578-800b-c509082bf0c8,2026010300358,2,0,9,2025-05-30 09:28,2025-05-30 10:28,66155,十一是11,陕西省,西安市,长安区,樊川公园,6dd36296-699b-4578-800b-c509082bf0c8,陕西,西安,,,2025-03-01,2026-03-01,2,serial_id,asc,58,2026-03-10T10:50:11+00:00
458a89be-9d49-4310-86ed-3153b590bf84,2026010300408,2,0,9,2025-10-13 09:39,2025-10-13 10:39,66155,十一是11,陕西省,西安市,长安区,樊川公园,458a89be-9d49-4310-86ed-3153b590bf84,陕西,西安,,,2025-03-01,2026-03-01,2,serial_id,asc,58,2026-03-10T10:50:11+00:00
928dfe24-4f6e-4cf3-9411-b4c3f79eb2cf,2026010300415,2,0,3,2025-10-25 09:41,2025-10-25 10:41,66155,十一是11,陕西省,西安市,长安区,西北政法大学(长安校区),928dfe24-4f6e-4cf3-9411-b4c3f79eb2cf,陕西,西安,,,2025-03-01,2026-03-01,2,serial_id,asc,58,2026-03-10T10:50:11+00:00
cb4075cf-ebd3-4fd2-a36c-0549587ef0da,2026010300429,2,0,18,2025-11-01 09:42,2025-11-01 10:42,66155,十一是11,陕西省,西安市,长安区,樊川公园,cb4075cf-ebd3-4fd2-a36c-0549587ef0da,陕西,西安,,,2025-03-01,2026-03-01,2,serial_id,asc,58,2026-03-10T10:50:11+00:00
2001ca91-5cf0-4dcb-86ec-cd1021d8a742,2026010300436,2,0,5,2025-12-14 09:48,2025-12-14 10:48,66155,十一是11,陕西省,西安市,长安区,西北政法大学(长安校区),2001ca91-5cf0-4dcb-86ec-cd1021d8a742,陕西,西安,,,2025-03-01,2026-03-01,2,serial_id,asc,58,2026-03-10T10:50:11+00:00
751120b7-230c-44be-9251-9bccdde3a909,2026010300775,2,0,11,2026-01-02 15:14,2026-01-02 18:14,102206,Samebeta,陕西省,西安市,灞桥区,西安浐灞桃花潭公园,751120b7-230c-44be-9251-9bccdde3a909,陕西,西安,,,2025-03-01,2026-03-01,2,serial_id,asc,58,2026-03-10T10:50:11+00:00
24a88152-2aa7-447a-9abf-86da68a3a157,2026010301299,2,0,19,2026-01-03 13:00,2026-01-03 14:00,22366,688chxiuq,陕西省,西安市,长安区,中铁三局集团有限公司西康高铁XKZQ-2标段项目经理部1号骨料场东北68米,24a88152-2aa7-447a-9abf-86da68a3a157,陕西,西安,,,2025-03-01,2026-03-01,2,serial_id,asc,58,2026-03-10T10:50:11+00:00
4aa09f17-883c-4e17-a5fa-506ed5754337,2026010301455,2,0,18,2026-01-03 12:00,2026-01-03 13:00,22345,山丘,陕西省,西安市,长安区,长安区(关中环线南),4aa09f17-883c-4e17-a5fa-506ed5754337,陕西,西安,,,2025-03-01,2026-03-01,2,serial_id,asc,58,2026-03-10T10:50:11+00:00
57db7ef0-6e4c-499e-b1d8-d2c789f01c5f,2026010301530,2,0,32,2026-01-03 08:00,2026-01-03 09:00,93367,洛霆,陕西省,西安市,未央区,未央区永安驿西400米(河堤路北),57db7ef0-6e4c-499e-b1d8-d2c789f01c5f,陕西,西安,,,2025-03-01,2026-03-01,2,serial_id,asc,58,2026-03-10T10:50:11+00:00
874cb18c-8fdb-4f36-9338-01c2f0cb74c2,2026010301702,2,0,15,2026-01-03 13:00,2026-01-03 14:00,22366,688chxiuq,陕西省,西安市,长安区,刘秀村,874cb18c-8fdb-4f36-9338-01c2f0cb74c2,陕西,西安,,,2025-03-01,2026-03-01,2,serial_id,asc,58,2026-03-10T10:50:11+00:00
1340852d-4bcd-4d96-ab21-18f08b30ee54,2026010301756,2,0,8,2026-01-03 14:00,2026-01-03 15:00,22345,山丘,陕西省,西安市,长安区,长安区南山秀谷北100米(C198西),1340852d-4bcd-4d96-ab21-18f08b30ee54,陕西,西安,,,2025-03-01,2026-03-01,2,serial_id,asc,58,2026-03-10T10:50:11+00:00
1fd283a6-77ca-491d-acae-c001ef696198,2026010302117,2,0,13,2026-01-03 16:00,2026-01-03 17:00,22345,山丘,陕西省,西安市,长安区,长安区老康垂钓园东北50米,1fd283a6-77ca-491d-acae-c001ef696198,陕西,西安,,,2025-03-01,2026-03-01,2,serial_id,asc,58,2026-03-10T10:50:11+00:00
dce7bf6c-2634-4e75-8e35-477025021eb2,2026010302206,2,0,13,2026-01-03 13:00,2026-01-03 14:00,22366,688chxiuq,陕西省,西安市,长安区,留公三村北808米,dce7bf6c-2634-4e75-8e35-477025021eb2,陕西,西安,,,2025-03-01,2026-03-01,2,serial_id,asc,58,2026-03-10T10:50:11+00:00
51a976df-7aee-48fb-9c46-81675c30831b,2026010302599,2,0,19,2026-01-03 17:00,2026-01-03 18:00,85816,Moring,陕西省,西安市,灞桥区,灞渭桥车游湿地公园,51a976df-7aee-48fb-9c46-81675c30831b,陕西,西安,,,2025-03-01,2026-03-01,2,serial_id,asc,58,2026-03-10T10:50:11+00:00
1d54d5ad-9195-401d-b3ee-ff7532c0fb8b,2026010400397,2,0,9,2026-01-03 15:19,2026-01-03 17:19,102206,Samebeta,陕西省,西安市,碑林区,兴庆宫公园,1d54d5ad-9195-401d-b3ee-ff7532c0fb8b,陕西,西安,,,2025-03-01,2026-03-01,2,serial_id,asc,58,2026-03-10T10:50:11+00:00
d7a6c3f1-ecd9-48e6-ae75-5a171f3f13c9,2026010400839,2,0,9,2026-01-04 12:00,2026-01-04 13:00,72978,Yu哈游,陕西省,西安市,灞桥区,灞桥生态湿地公园(西安市灞桥区),d7a6c3f1-ecd9-48e6-ae75-5a171f3f13c9,陕西,西安,,,2025-03-01,2026-03-01,2,serial_id,asc,58,2026-03-10T10:50:11+00:00
3226a951-2f45-49c5-8511-f33ff0326f08,2026010401061,2,0,30,2026-01-04 07:30,2026-01-04 12:10,15090,刑小天在西交创新港,陕西省,西安市,临潼区,渭河临潼段,3226a951-2f45-49c5-8511-f33ff0326f08,陕西,西安,,,2025-03-01,2026-03-01,2,serial_id,asc,58,2026-03-10T10:50:11+00:00
3b0f9515-1727-4802-adc6-1186d1510c3d,2026010401625,2,0,13,2026-01-04 16:30,2026-01-04 18:00,91470,苦练括约肌夹断负心汉,陕西省,西安市,蓝田县,灞水公园,3b0f9515-1727-4802-adc6-1186d1510c3d,陕西,西安,,,2025-03-01,2026-03-01,2,serial_id,asc,58,2026-03-10T10:50:11+00:00
d46b7c67-3ccf-40fb-81a5-0734e0087efc,2026010500045,2,0,19,2026-01-04 13:16,2026-01-04 14:00,73554,白鹡鸰早起去观鸟,陕西省,西安市,碑林区,兴庆宫公园,d46b7c67-3ccf-40fb-81a5-0734e0087efc,陕西,西安,,,2025-03-01,2026-03-01,2,serial_id,asc,58,2026-03-10T10:50:11+00:00
604ee6b1-6ca3-4413-b93e-b0d6f47df11e,2026010500577,2,0,10,2026-01-05 09:00,2026-01-05 11:30,44371,胡婷菀,陕西省,西安市,莲湖区,丰庆公园,604ee6b1-6ca3-4413-b93e-b0d6f47df11e,陕西,西安,,,2025-03-01,2026-03-01,2,serial_id,asc,58,2026-03-10T10:50:11+00:00
73e986ea-3333-4197-a755-42ff15ac8a85,2026010500670,2,0,11,2026-01-05 13:00,2026-01-05 14:00,53897,阿伟,陕西省,西安市,灞桥区,灞桥区2号游船码头东南100米(河堤路北),73e986ea-3333-4197-a755-42ff15ac8a85,陕西,西安,,,2025-03-01,2026-03-01,2,serial_id,asc,58,2026-03-10T10:50:11+00:00
c3f4563b-9ce3-416d-a3a7-a145f2155e7a,2026010501321,2,0,22,2026-01-05 15:00,2026-01-09 17:00,43598,圣萝莉,陕西省,西安市,长安区,樊川公园,c3f4563b-9ce3-416d-a3a7-a145f2155e7a,陕西,西安,,,2025-03-01,2026-03-01,2,serial_id,asc,58,2026-03-10T10:50:11+00:00
5ced6082-f02d-4b39-9090-f971b8ce00c1,2026010501553,2,0,21,2026-01-05 10:00,2026-01-05 13:00,103421,glow,陕西省,西安市,长安区,樊川公园,5ced6082-f02d-4b39-9090-f971b8ce00c1,陕西,西安,,,2025-03-01,2026-03-01,2,serial_id,asc,58,2026-03-10T10:50:11+00:00
9e76aacb-c7bc-491b-af43-5dd8dd7b8e8e,2026010501676,2,0,9,2026-01-05 15:00,2026-01-05 16:05,73799,好好睡觉,陕西省,西安市,长安区,陕西艺术职业学院(长安校区),9e76aacb-c7bc-491b-af43-5dd8dd7b8e8e,陕西,西安,,,2025-03-01,2026-03-01,2,serial_id,asc,58,2026-03-10T10:50:11+00:00
b12756ff-f319-462b-8880-fc273141c6d6,2026010502049,2,0,3,2025-12-20 08:45,2025-12-20 09:15,98446,15969476941,陕西省,西安市,碑林区,西安建筑科技大学安仁园,b12756ff-f319-462b-8880-fc273141c6d6,陕西,西安,,,2025-03-01,2026-03-01,2,serial_id,asc,58,2026-03-10T10:50:11+00:00
550ef22a-5b8e-4bce-b89a-6f392b574b97,2026010502054,2,0,4,2025-12-20 11:40,2025-12-20 12:10,98446,15969476941,陕西省,西安市,碑林区,西安建筑科技大学安仁园,550ef22a-5b8e-4bce-b89a-6f392b574b97,陕西,西安,,,2025-03-01,2026-03-01,2,serial_id,asc,58,2026-03-10T10:50:11+00:00
6210d563-b07f-47b8-8675-ff187c9c443d,2026010502061,2,0,3,2025-12-20 17:30,2025-12-20 18:00,98446,15969476941,陕西省,西安市,碑林区,西安建筑科技大安仁园,6210d563-b07f-47b8-8675-ff187c9c443d,陕西,西安,,,2025-03-01,2026-03-01,2,serial_id,asc,58,2026-03-10T10:50:11+00:00
0d0c1101-7893-41ee-a85a-900dc540dcca,2026010502063,2,0,2,2025-12-20 08:45,2025-12-20 09:15,98446,15969476941,陕西省,西安市,碑林区,西安建筑科技大学自强大道中段,0d0c1101-7893-41ee-a85a-900dc540dcca,陕西,西安,,,2025-03-01,2026-03-01,2,serial_id,asc,58,2026-03-10T10:50:11+00:00
c64376ee-7007-43b3-a890-ba0e932c0bc2,2026010502068,2,0,3,2025-12-20 11:40,2025-12-20 12:10,98446,15969476941,陕西省,西安市,碑林区,西安建筑科技大学自强大道中段,c64376ee-7007-43b3-a890-ba0e932c0bc2,陕西,西安,,,2025-03-01,2026-03-01,2,serial_id,asc,58,2026-03-10T10:50:11+00:00
507049ae-e33a-4f45-bb73-7f35e3410b62,2026010502070,2,0,4,2025-12-20 17:30,2025-12-20 18:00,98446,15969476941,陕西省,西安市,碑林区,西安建筑科技大学自强大道中段,507049ae-e33a-4f45-bb73-7f35e3410b62,陕西,西安,,,2025-03-01,2026-03-01,2,serial_id,asc,58,2026-03-10T10:50:11+00:00
7b20dacd-6a02-4f0d-af11-eb3e59646e63,2026010600621,2,0,11,2026-01-06 12:00,2026-01-06 13:00,45951,回声,陕西省,西安市,雁塔区,曲江池遗址公园,7b20dacd-6a02-4f0d-af11-eb3e59646e63,陕西,西安,,,2025-03-01,2026-03-01,2,serial_id,asc,58,2026-03-10T10:50:11+00:00
b3ca7719-b952-40c6-9c3a-b7dbfe70636e,2026010601092,2,0,12,2025-12-26 16:00,2025-12-26 17:00,95765,宇宙公共厕所维修工,陕西省,西安市,周至县,杨凌渭河湿地生态公园,b3ca7719-b952-40c6-9c3a-b7dbfe70636e,陕西,西安,,,2025-03-01,2026-03-01,2,serial_id,asc,58,2026-03-10T10:50:11+00:00
8afc545a-7e16-462a-8a68-d58f24358ccc,2026010601300,2,0,22,2026-01-06 16:00,2026-01-06 17:00,69634,伊羊肉卷,陕西省,西安市,鄠邑区,涝渭湿地公园,8afc545a-7e16-462a-8a68-d58f24358ccc,陕西,西安,,,2025-03-01,2026-03-01,2,serial_id,asc,58,2026-03-10T10:50:11+00:00
2ab642f7-2883-46c9-9df9-0671470af6ed,2026010700348,2,0,19,2026-01-07 08:00,2026-01-07 09:00,65767,半枫荷,陕西省,西安市,雁塔区,西安植物园,2ab642f7-2883-46c9-9df9-0671470af6ed,陕西,西安,,,2025-03-01,2026-03-01,2,serial_id,asc,58,2026-03-10T10:50:11+00:00
b5d2e750-5e9c-477c-aadd-448156049952,2026010700703,2,0,1,2026-01-07 12:56,2026-01-07 13:09,73799,好好睡觉,陕西省,西安市,长安区,长安区西北大学教工公寓区(学府大街南150米),b5d2e750-5e9c-477c-aadd-448156049952,陕西,西安,,,2025-03-01,2026-03-01,2,serial_id,asc,58,2026-03-10T10:50:11+00:00
019ba88f-a017-4515-85b6-0a3795c5b0e5,2026010701174,2,0,22,2026-01-07 11:00,2026-01-07 12:00,65767,半枫荷,陕西省,西安市,长安区,樊川公园,019ba88f-a017-4515-85b6-0a3795c5b0e5,陕西,西安,,,2025-03-01,2026-03-01,2,serial_id,asc,58,2026-03-10T10:50:11+00:00
47f959aa-8454-4e91-9a44-34faeec9decb,2026010701175,2,0,24,2026-01-07 12:00,2026-01-07 13:00,25049,madc952,陕西省,西安市,碑林区,兴庆宫公园,47f959aa-8454-4e91-9a44-34faeec9decb,陕西,西安,,,2025-03-01,2026-03-01,2,serial_id,asc,58,2026-03-10T10:50:11+00:00
de7a7bda-df0c-440e-a107-bc3e595a6210,2026010701516,2,0,13,2026-01-07 15:25,2026-01-07 16:45,64996,gfds,陕西省,西安市,碑林区,兴庆宫,de7a7bda-df0c-440e-a107-bc3e595a6210,陕西,西安,,,2025-03-01,2026-03-01,2,serial_id,asc,59,2026-03-10T10:50:14+00:00
fde4bd39-2574-4de7-b6a3-f09dc3bbb376,2026010701613,2,0,12,2025-05-03 09:24,2025-05-03 11:24,102181,Radianthope,陕西省,西安市,未央区,浐灞国家湿地公园,fde4bd39-2574-4de7-b6a3-f09dc3bbb376,陕西,西安,,,2025-03-01,2026-03-01,2,serial_id,asc,59,2026-03-10T10:50:14+00:00
5882ec82-9820-4dd7-96e0-b83d903ba2db,2026010800014,2,0,16,2026-01-07 15:00,2026-01-07 17:00,92707,XJTUGXY,陕西省,西安市,长安区,昆明池·七夕公园,5882ec82-9820-4dd7-96e0-b83d903ba2db,陕西,西安,,,2025-03-01,2026-03-01,2,serial_id,asc,59,2026-03-10T10:50:14+00:00
b1ebd83e-274f-4971-b6f5-487f36c0cfd9,2026010800212,2,0,6,2026-01-08 09:00,2026-01-08 10:00,20001,木客,陕西省,西安市,长安区,西北工业大学长安校区,b1ebd83e-274f-4971-b6f5-487f36c0cfd9,陕西,西安,,,2025-03-01,2026-03-01,2,serial_id,asc,59,2026-03-10T10:50:14+00:00
743631e6-c9ca-4ba2-bf2c-abedec32f49f,2026010800264,2,0,6,2026-01-08 09:00,2026-01-08 10:00,45951,回声,陕西省,西安市,长安区,陕西师范大学(长安校区),743631e6-c9ca-4ba2-bf2c-abedec32f49f,陕西,西安,,,2025-03-01,2026-03-01,2,serial_id,asc,59,2026-03-10T10:50:14+00:00
d4f248b6-c005-4b79-b66b-fbf0282b96f3,2026010800303,2,0,20,2026-01-08 10:00,2026-01-08 11:00,11643,斑衣蜡蝉,陕西省,西安市,莲湖区,丰庆公园,d4f248b6-c005-4b79-b66b-fbf0282b96f3,陕西,西安,,,2025-03-01,2026-03-01,2,serial_id,asc,59,2026-03-10T10:50:14+00:00
753a91e4-4c06-4132-ac12-a5f05022a850,2026010800748,2,0,11,2026-01-08 12:30,2026-01-08 13:30,20001,木客,陕西省,西安市,长安区,西北工业大学长安校区,753a91e4-4c06-4132-ac12-a5f05022a850,陕西,西安,,,2025-03-01,2026-03-01,2,serial_id,asc,59,2026-03-10T10:50:14+00:00
192b7171-b57c-4830-bdb4-6aff861d4b00,2026010800965,2,0,17,2026-01-08 15:00,2026-01-08 16:00,77364,LarryMatteo,陕西省,西安市,长安区,圭峰寺,192b7171-b57c-4830-bdb4-6aff861d4b00,陕西,西安,,,2025-03-01,2026-03-01,2,serial_id,asc,59,2026-03-10T10:50:14+00:00
7e141026-ba26-4a9e-842f-b7eaf1bc5e6e,2026010801115,2,0,1,2026-01-01 09:00,2026-01-01 10:00,81608,Watson,陕西省,西安市,未央区,未央区西安湖(草滩四路北400米),7e141026-ba26-4a9e-842f-b7eaf1bc5e6e,陕西,西安,,,2025-03-01,2026-03-01,2,serial_id,asc,59,2026-03-10T10:50:14+00:00
90f5b099-d0c1-49aa-af06-c333bd7f64c4,2026010801508,2,0,2,2026-01-08 18:00,2026-01-08 19:00,25049,madc952,陕西省,西安市,雁塔区,西安植物园,90f5b099-d0c1-49aa-af06-c333bd7f64c4,陕西,西安,,,2025-03-01,2026-03-01,2,serial_id,asc,59,2026-03-10T10:50:14+00:00
41ffe853-ccc2-4100-afe2-2273f32ca581,2026010900058,2,0,26,2026-01-08 15:36,2026-01-08 18:36,73554,白鹡鸰早起去观鸟,陕西省,西安市,长安区,长安区昆明池·七夕公园,41ffe853-ccc2-4100-afe2-2273f32ca581,陕西,西安,,,2025-03-01,2026-03-01,2,serial_id,asc,59,2026-03-10T10:50:14+00:00
08ee058e-5130-426d-a35a-61b82f3b296d,2026010900061,2,0,20,2026-01-06 13:00,2026-01-06 14:00,73554,白鹡鸰早起去观鸟,陕西省,西安市,碑林区,兴庆宫公园,08ee058e-5130-426d-a35a-61b82f3b296d,陕西,西安,,,2025-03-01,2026-03-01,2,serial_id,asc,59,2026-03-10T10:50:14+00:00
ef9e89b1-61bd-404b-bc80-f0a17d1c1fc9,2026010900158,2,0,13,2026-01-09 08:00,2026-01-09 09:00,22366,688chxiuq,陕西省,西安市,未央区,幸福渠桥,ef9e89b1-61bd-404b-bc80-f0a17d1c1fc9,陕西,西安,,,2025-03-01,2026-03-01,2,serial_id,asc,59,2026-03-10T10:50:14+00:00
55d2c590-89ae-4e1c-aa17-79fc2157fdc3,2026010900349,2,0,1,2025-12-21 10:00,2025-12-21 10:00,72080,西北偏北,陕西省,西安市,临潼区,秦始皇帝陵博物院丽山园,55d2c590-89ae-4e1c-aa17-79fc2157fdc3,陕西,西安,,,2025-03-01,2026-03-01,2,serial_id,asc,59,2026-03-10T10:50:14+00:00
8ef623db-835b-4c45-adb8-5af576121d9d,2026010900525,2,0,62,2025-09-09 07:00,2025-12-31 13:00,22527,稻稻,陕西省,西安市,灞桥区,西安浐灞桃花潭公园,8ef623db-835b-4c45-adb8-5af576121d9d,陕西,西安,,,2025-03-01,2026-03-01,2,serial_id,asc,59,2026-03-10T10:50:14+00:00
690e0a94-c3bb-4477-a3f4-11a211f51375,2026010900651,2,0,23,2026-01-09 12:00,2026-01-09 13:00,22366,688chxiuq,陕西省,西安市,灞桥区,高陵泾渭湿地观光园-浐灞湖东151米,690e0a94-c3bb-4477-a3f4-11a211f51375,陕西,西安,,,2025-03-01,2026-03-01,2,serial_id,asc,59,2026-03-10T10:50:14+00:00
f995f729-e8aa-4dd7-adf8-56fa7d1551e9,2026010900791,2,0,38,2026-01-09 12:00,2026-01-09 15:59,75204,雪子哥,陕西省,西安市,长安区,创新港及渭河湿地,f995f729-e8aa-4dd7-adf8-56fa7d1551e9,陕西,西安,,,2025-03-01,2026-03-01,2,serial_id,asc,59,2026-03-10T10:50:14+00:00
f629b249-85a2-459b-a340-c73c2e73e64c,2026010901041,2,0,17,2026-01-09 08:00,2026-01-09 09:00,22345,山丘,陕西省,西安市,高陵区,天正银河湾南(河堤路),f629b249-85a2-459b-a340-c73c2e73e64c,陕西,西安,,,2025-03-01,2026-03-01,2,serial_id,asc,59,2026-03-10T10:50:14+00:00
a4804fa3-1790-45d3-ba15-fa151b999c18,2026010901284,2,0,17,2026-01-02 12:30,2026-01-02 14:30,81608,Watson,陕西省,西安市,长安区,昆明池·七夕公园,a4804fa3-1790-45d3-ba15-fa151b999c18,陕西,西安,,,2025-03-01,2026-03-01,2,serial_id,asc,59,2026-03-10T10:50:14+00:00
511dbd65-27ba-4d03-9809-cbdd1c96e23e,2026010901306,2,0,17,2026-01-09 16:00,2026-01-09 17:00,25049,madc952,陕西省,西安市,长安区,长安区昆明池·七夕公园,511dbd65-27ba-4d03-9809-cbdd1c96e23e,陕西,西安,,,2025-03-01,2026-03-01,2,serial_id,asc,59,2026-03-10T10:50:14+00:00
f6bdb716-83ff-44b8-ac79-453153858583,2026010901366,2,0,16,2026-01-09 15:00,2026-01-09 16:00,69634,伊羊肉卷,陕西省,西安市,长安区,西安交通大学科技创新港科创基地,f6bdb716-83ff-44b8-ac79-453153858583,陕西,西安,,,2025-03-01,2026-03-01,2,serial_id,asc,59,2026-03-10T10:50:14+00:00
5daa7b06-9fd0-457c-b4d0-d1aacac60701,2026010901483,2,0,2,2026-01-09 16:00,2026-01-09 17:00,65979,我都瘸子了就让我拍到小鸟吧,陕西省,西安市,临潼区,西安科技大学(临潼校区),5daa7b06-9fd0-457c-b4d0-d1aacac60701,陕西,西安,,,2025-03-01,2026-03-01,2,serial_id,asc,59,2026-03-10T10:50:14+00:00
b0854e1b-5b3a-4ff7-9cbd-2a4ec496504b,2026010901484,2,0,1,2026-01-09 16:00,2026-01-09 17:00,65979,我都瘸子了就让我拍到小鸟吧,陕西省,西安市,临潼区,西安科技大学(临潼校区),b0854e1b-5b3a-4ff7-9cbd-2a4ec496504b,陕西,西安,,,2025-03-01,2026-03-01,2,serial_id,asc,59,2026-03-10T10:50:14+00:00
67f2d4b8-e8a9-4dbb-9e7c-fa65117b87ab,2026010901778,2,0,12,2026-01-09 18:00,2026-01-09 19:00,72192,妙师傅,陕西省,西安市,长安区,圭峰山,67f2d4b8-e8a9-4dbb-9e7c-fa65117b87ab,陕西,西安,,,2025-03-01,2026-03-01,2,serial_id,asc,59,2026-03-10T10:50:14+00:00
54a3d7be-2cb7-4ace-87ef-aabd9281bfb9,2026010901974,2,0,17,2026-01-09 20:00,2026-01-09 21:00,72646,mdkknight,陕西省,西安市,长安区,樊川公园,54a3d7be-2cb7-4ace-87ef-aabd9281bfb9,陕西,西安,,,2025-03-01,2026-03-01,2,serial_id,asc,59,2026-03-10T10:50:14+00:00
678b4124-65c0-4339-a650-bded3bdd0756,2026010901981,2,0,31,2026-01-09 10:28,2026-01-09 16:07,63633,吃些乌桕子,陕西省,西安市,周至县,杨凌渭河湿地生态公园,678b4124-65c0-4339-a650-bded3bdd0756,陕西,西安,,,2025-03-01,2026-03-01,2,serial_id,asc,59,2026-03-10T10:50:14+00:00
48b5b9f3-8f84-4952-bc93-7a6f184e884e,2026010902052,2,0,12,2026-01-09 16:00,2026-01-09 17:35,104272,SUST206林子大,陕西省,西安市,长安区,樊川公园,48b5b9f3-8f84-4952-bc93-7a6f184e884e,陕西,西安,,,2025-03-01,2026-03-01,2,serial_id,asc,59,2026-03-10T10:50:14+00:00
3a82a485-d656-444b-917e-08bb154cd711,2026010902055,2,0,6,2026-01-09 14:15,2026-01-09 14:20,104272,SUST206林子大,陕西省,西安市,长安区,长安区鲁家湾(兰台路东),3a82a485-d656-444b-917e-08bb154cd711,陕西,西安,,,2025-03-01,2026-03-01,2,serial_id,asc,59,2026-03-10T10:50:14+00:00
991c3fb6-bdb3-42f2-ae3b-7f9e37353562,2026011000360,2,0,11,2026-01-10 10:00,2026-01-10 11:00,22366,688chxiuq,陕西省,西安市,高陵区,周家村生态休闲健身园东87米,991c3fb6-bdb3-42f2-ae3b-7f9e37353562,陕西,西安,,,2025-03-01,2026-03-01,2,serial_id,asc,59,2026-03-10T10:50:14+00:00
a0a26b80-1a23-43a0-a61c-bc68c5a754ec,2026011000598,2,0,19,2026-01-10 08:00,2026-01-10 09:00,99778,xietemmie,陕西省,西安市,鄠邑区,涝渭湿地公园,a0a26b80-1a23-43a0-a61c-bc68c5a754ec,陕西,西安,,,2025-03-01,2026-03-01,2,serial_id,asc,59,2026-03-10T10:50:14+00:00
5a46edf9-633a-426d-b528-d5080fb816ff,2026011000605,2,0,7,2026-01-10 09:00,2026-01-10 10:00,79708,Hope璞,陕西省,西安市,鄠邑区,涝渭湿地公园,5a46edf9-633a-426d-b528-d5080fb816ff,陕西,西安,,,2025-03-01,2026-03-01,2,serial_id,asc,59,2026-03-10T10:50:14+00:00
a9ffa7a6-f3db-424d-a269-7a2a2fbc77af,2026011000798,2,0,12,2026-01-10 11:00,2026-01-10 12:00,22366,688chxiuq,陕西省,西安市,临潼区,北王村北267米,a9ffa7a6-f3db-424d-a269-7a2a2fbc77af,陕西,西安,,,2025-03-01,2026-03-01,2,serial_id,asc,59,2026-03-10T10:50:14+00:00
c7c631ea-3342-4dbd-8d70-7ec11abd1e19,2026011001079,2,0,13,2026-01-10 10:00,2026-01-10 11:00,22345,山丘,陕西省,西安市,高陵区,高陵区周家村生态休闲健身园东北300米(河堤路北),c7c631ea-3342-4dbd-8d70-7ec11abd1e19,陕西,西安,,,2025-03-01,2026-03-01,2,serial_id,asc,59,2026-03-10T10:50:14+00:00
38898904-35ee-47ac-b1ea-cb7702acf133,2026011001391,2,0,19,2026-01-10 10:00,2026-01-10 11:00,78662,绿翅旋壁雀,陕西省,西安市,鄠邑区,涝渭湿地公园,38898904-35ee-47ac-b1ea-cb7702acf133,陕西,西安,,,2025-03-01,2026-03-01,2,serial_id,asc,59,2026-03-10T10:50:14+00:00
9b82e984-86cc-4708-bffa-8f44b42f2f75,2026011001708,2,0,7,2026-01-10 12:36,2026-01-10 16:00,85326,longpi,陕西省,西安市,长安区,圭峰寺-高冠峪,9b82e984-86cc-4708-bffa-8f44b42f2f75,陕西,西安,,,2025-03-01,2026-03-01,2,serial_id,asc,59,2026-03-10T10:50:14+00:00
9a15618c-64d1-432d-a18e-8c3b8834dae7,2026011002078,2,0,15,2026-01-10 14:00,2026-01-10 15:00,86307,李封真,陕西省,西安市,莲湖区,丰庆公园,9a15618c-64d1-432d-a18e-8c3b8834dae7,陕西,西安,,,2025-03-01,2026-03-01,2,serial_id,asc,59,2026-03-10T10:50:14+00:00
93ea6033-e412-4d98-8bac-41e11ac7807e,2026011002129,2,0,17,2026-01-10 17:00,2026-01-10 18:00,77364,LarryMatteo,陕西省,西安市,长安区,樊川公园,93ea6033-e412-4d98-8bac-41e11ac7807e,陕西,西安,,,2025-03-01,2026-03-01,2,serial_id,asc,59,2026-03-10T10:50:14+00:00
bca31f58-f584-411c-96c0-b768d288ab94,2026011002470,2,0,7,2026-01-10 18:00,2026-01-10 19:00,103159,胡啾,陕西省,西安市,长安区,沣河生态湿地公园,bca31f58-f584-411c-96c0-b768d288ab94,陕西,西安,,,2025-03-01,2026-03-01,2,serial_id,asc,59,2026-03-10T10:50:14+00:00
78c5b844-8b3e-44e0-9327-e617d7c71740,2026011002764,2,0,12,2026-01-10 15:15,2026-01-10 18:15,104272,SUST206林子大,陕西省,西安市,长安区,樊川公园,78c5b844-8b3e-44e0-9327-e617d7c71740,陕西,西安,,,2025-03-01,2026-03-01,2,serial_id,asc,59,2026-03-10T10:50:14+00:00
5aa2ea63-caf7-4887-90e0-07d677ab6faf,2026011002768,2,0,23,2026-01-10 15:00,2026-01-10 17:00,30320,户外农夫,陕西省,西安市,阎良区,西安市阎良石川河,5aa2ea63-caf7-4887-90e0-07d677ab6faf,陕西,西安,,,2025-03-01,2026-03-01,2,serial_id,asc,59,2026-03-10T10:50:14+00:00
35f037cd-e447-498c-977e-09b27d123737,2026011002856,2,0,5,2026-01-10 19:00,2026-01-10 20:00,100954,RainZ,陕西省,西安市,灞桥区,陕西省西安市雁鸣湖南侧池塘,35f037cd-e447-498c-977e-09b27d123737,陕西,西安,,,2025-03-01,2026-03-01,2,serial_id,asc,59,2026-03-10T10:50:14+00:00
2203c144-d790-4b85-aa77-015103ecd992,2026011003101,2,0,4,2026-01-10 15:14,2026-01-10 17:38,99835,vx,陕西省,西安市,长安区,长安区圭峰寺,2203c144-d790-4b85-aa77-015103ecd992,陕西,西安,,,2025-03-01,2026-03-01,2,serial_id,asc,59,2026-03-10T10:50:14+00:00
6efadc2d-5277-43df-8795-d5c5566bb67f,2026011003355,2,0,5,2026-01-10 15:00,2026-01-10 17:00,63026,gallups,陕西省,西安市,长安区,圭峰寺,6efadc2d-5277-43df-8795-d5c5566bb67f,陕西,西安,,,2025-03-01,2026-03-01,2,serial_id,asc,59,2026-03-10T10:50:14+00:00
fe2f88d6-2863-4a4b-b584-da22e82acd7c,2026011003563,2,0,14,2026-01-10 10:36,2026-01-10 12:36,15366,yassinlong,陕西省,西安市,新城区,大明宫国家遗址公园,fe2f88d6-2863-4a4b-b584-da22e82acd7c,陕西,西安,,,2025-03-01,2026-03-01,2,serial_id,asc,59,2026-03-10T10:50:14+00:00
85fdbdcd-2805-486a-aa66-a12b12c98923,2026011100289,2,0,13,2026-01-11 09:00,2026-01-11 10:00,34508,逍遥游,陕西省,西安市,未央区,汉城湖旅游景区,85fdbdcd-2805-486a-aa66-a12b12c98923,陕西,西安,,,2025-03-01,2026-03-01,2,serial_id,asc,59,2026-03-10T10:50:14+00:00
da6dec17-61e2-4063-aef5-019675578db2,2026011100450,2,0,5,2026-01-11 10:00,2026-01-11 11:00,72646,mdkknight,陕西省,西安市,长安区,长安区樊川公园(潏河路南200米),da6dec17-61e2-4063-aef5-019675578db2,陕西,西安,,,2025-03-01,2026-03-01,2,serial_id,asc,59,2026-03-10T10:50:14+00:00
8d6f866b-688f-43b1-b147-ecc45ff21c91,2026011100921,2,0,34,2026-01-11 09:00,2026-01-11 12:00,95682,鲸鱼Ren,陕西省,西安市,长安区,圭峰山,8d6f866b-688f-43b1-b147-ecc45ff21c91,陕西,西安,,,2025-03-01,2026-03-01,2,serial_id,asc,59,2026-03-10T10:50:14+00:00
1dfb29c8-e4ac-4475-94da-b446c7ef2d0a,2026011100941,2,0,34,2026-01-11 12:00,2026-01-11 13:00,93367,洛霆,陕西省,西安市,长安区,圭峰寺,1dfb29c8-e4ac-4475-94da-b446c7ef2d0a,陕西,西安,,,2025-03-01,2026-03-01,2,serial_id,asc,59,2026-03-10T10:50:14+00:00
4aedb571-f816-41ec-88ce-bd3304ed49c9,2026011101145,2,0,15,2026-01-11 10:40,2026-01-11 12:30,8388,李耳的传人,陕西省,西安市,莲湖区,丰庆公园,4aedb571-f816-41ec-88ce-bd3304ed49c9,陕西,西安,,,2025-03-01,2026-03-01,2,serial_id,asc,59,2026-03-10T10:50:14+00:00
84437120-1a06-404d-b9ba-d87182b107a8,2026011101213,2,0,28,2026-01-11 13:00,2026-01-11 14:00,45951,回声,陕西省,西安市,灞桥区,灞桥区灞柳西路B坝广场,84437120-1a06-404d-b9ba-d87182b107a8,陕西,西安,,,2025-03-01,2026-03-01,2,serial_id,asc,59,2026-03-10T10:50:14+00:00
bd30710f-ceda-4735-afbb-3e8a0f79670e,2026011101596,2,0,35,2026-01-11 10:00,2026-01-11 12:00,59244,选择困难症,陕西省,西安市,长安区,秦岭和谐森林公园,bd30710f-ceda-4735-afbb-3e8a0f79670e,陕西,西安,,,2025-03-01,2026-03-01,2,serial_id,asc,60,2026-03-10T10:50:17+00:00
3ab02320-a8b6-4521-a8f2-ffddad036732,2026011102098,2,0,10,2026-01-11 16:00,2026-01-11 17:00,65979,我都瘸子了就让我拍到小鸟吧,陕西省,西安市,临潼区,西安科技大学(临潼校区),3ab02320-a8b6-4521-a8f2-ffddad036732,陕西,西安,,,2025-03-01,2026-03-01,2,serial_id,asc,60,2026-03-10T10:50:17+00:00
734c73a1-4a7d-4c01-8248-610f52972dd7,2026011102112,2,0,1,2026-01-05 16:40,2026-01-05 17:40,65979,我都瘸子了就让我拍到小鸟吧,陕西省,西安市,临潼区,西安科技大学(临潼校区),734c73a1-4a7d-4c01-8248-610f52972dd7,陕西,西安,,,2025-03-01,2026-03-01,2,serial_id,asc,60,2026-03-10T10:50:17+00:00
cef906d8-dedf-4c3f-8ee9-dc0656316f1d,2026011102228,2,0,10,2026-01-11 11:03,2026-01-11 14:03,24763,周隹号鸟,陕西省,西安市,鄠邑区,鄠邑区渭河管理站西北300米(河堤路北),cef906d8-dedf-4c3f-8ee9-dc0656316f1d,陕西,西安,,,2025-03-01,2026-03-01,2,serial_id,asc,60,2026-03-10T10:50:17+00:00
712fdad8-2e89-42cf-b641-2d10361cac82,2026011102254,2,0,10,2026-01-11 14:04,2026-01-11 15:15,104272,SUST206林子大,陕西省,西安市,长安区,樊川公园,712fdad8-2e89-42cf-b641-2d10361cac82,陕西,西安,,,2025-03-01,2026-03-01,2,serial_id,asc,60,2026-03-10T10:50:17+00:00
6125f000-4160-4509-a430-b90ca0b86afb,2026011102440,2,0,14,2026-01-11 15:30,2026-01-11 17:30,5841,绿队可乐,陕西省,西安市,莲湖区,丰庆公园,6125f000-4160-4509-a430-b90ca0b86afb,陕西,西安,,,2025-03-01,2026-03-01,2,serial_id,asc,60,2026-03-10T10:50:17+00:00
4dbcc7ae-1b04-49a0-9b5f-b3b19b91f74a,2026011102863,2,0,6,2026-01-11 19:00,2026-01-11 20:00,90463,马利奥,陕西省,西安市,长安区,樊川公园,4dbcc7ae-1b04-49a0-9b5f-b3b19b91f74a,陕西,西安,,,2025-03-01,2026-03-01,2,serial_id,asc,60,2026-03-10T10:50:17+00:00
48c2f20a-a726-4ffe-bd04-5aa4ef6a376e,2026011102880,2,0,1,2026-01-11 19:00,2026-01-11 20:00,90463,马利奥,陕西省,西安市,长安区,樊川公园,48c2f20a-a726-4ffe-bd04-5aa4ef6a376e,陕西,西安,,,2025-03-01,2026-03-01,2,serial_id,asc,60,2026-03-10T10:50:17+00:00
3feeb680-2b21-41eb-a399-1115530c84e9,2026011103682,2,0,17,2026-01-11 08:40,2026-01-11 10:40,74305,oo1201,陕西省,西安市,鄠邑区,涝渭湿地公园,3feeb680-2b21-41eb-a399-1115530c84e9,陕西,西安,,,2025-03-01,2026-03-01,2,serial_id,asc,60,2026-03-10T10:50:17+00:00
2976502d-d0c6-4e91-adde-d291c25606cd,2026011200305,2,0,14,2026-01-11 09:00,2026-01-11 10:00,21573,啊般配,陕西省,西安市,周至县,周至县王家河镇玉皇庙村,2976502d-d0c6-4e91-adde-d291c25606cd,陕西,西安,,,2025-03-01,2026-03-01,2,serial_id,asc,60,2026-03-10T10:50:17+00:00
d98c2fce-012e-4a5e-b522-16730e479450,2026011200364,2,0,27,2026-01-12 10:00,2026-01-12 11:00,37924,延河,陕西省,西安市,灞桥区,灞桥区户县湖东南50米(河堤路北),d98c2fce-012e-4a5e-b522-16730e479450,陕西,西安,,,2025-03-01,2026-03-01,2,serial_id,asc,60,2026-03-10T10:50:17+00:00
abee936b-69f4-4be5-9978-41b078f3c04b,2026011200900,2,0,6,2026-01-12 13:23,2026-01-12 15:00,87423,糕糕在上的高高鸡,陕西省,西安市,莲湖区,丰庆公园,abee936b-69f4-4be5-9978-41b078f3c04b,陕西,西安,,,2025-03-01,2026-03-01,2,serial_id,asc,60,2026-03-10T10:50:17+00:00
f60e8b93-e8f3-4cd5-b5e4-75aad8ddb519,2026011200910,2,0,12,2026-01-12 14:00,2026-01-12 18:00,75204,雪子哥,陕西省,西安市,莲湖区,丰庆公园,f60e8b93-e8f3-4cd5-b5e4-75aad8ddb519,陕西,西安,,,2025-03-01,2026-03-01,2,serial_id,asc,60,2026-03-10T10:50:17+00:00
7612e101-1034-4a1b-9bb8-9bb61bb83b8f,2026011201016,2,0,11,2026-01-12 15:00,2026-01-12 16:00,78007,汛子,陕西省,西安市,莲湖区,丰庆公园,7612e101-1034-4a1b-9bb8-9bb61bb83b8f,陕西,西安,,,2025-03-01,2026-03-01,2,serial_id,asc,60,2026-03-10T10:50:17+00:00
96732e3f-2835-4472-ad7f-382ee74e5d2e,2026011201156,2,0,14,2026-01-11 09:30,2026-01-11 11:30,64371,李大顺,陕西省,西安市,雁塔区,西安植物园,96732e3f-2835-4472-ad7f-382ee74e5d2e,陕西,西安,,,2025-03-01,2026-03-01,2,serial_id,asc,60,2026-03-10T10:50:17+00:00
d0e71ad2-004e-4ca7-94c4-f2714ce79056,2026011201422,2,0,18,2026-01-12 16:00,2026-01-12 17:00,69634,伊羊肉卷,陕西省,西安市,长安区,西安交通大学科技创新港科创基地,d0e71ad2-004e-4ca7-94c4-f2714ce79056,陕西,西安,,,2025-03-01,2026-03-01,2,serial_id,asc,60,2026-03-10T10:50:17+00:00
4670983c-f676-48d9-afb4-eea15102e67d,2026011201423,2,0,19,2026-01-12 16:00,2026-01-12 17:00,69634,伊羊肉卷,陕西省,西安市,长安区,西安交通大学科技创新港科创基地,4670983c-f676-48d9-afb4-eea15102e67d,陕西,西安,,,2025-03-01,2026-03-01,2,serial_id,asc,60,2026-03-10T10:50:17+00:00
f05f1848-b7a4-4195-b5aa-dfb01a8aa32e,2026011201430,2,0,6,2026-01-12 15:32,2026-01-12 17:02,104272,SUST206林子大,陕西省,西安市,长安区,长安公园,f05f1848-b7a4-4195-b5aa-dfb01a8aa32e,陕西,西安,,,2025-03-01,2026-03-01,2,serial_id,asc,60,2026-03-10T10:50:17+00:00
24658838-e355-4c6e-be9e-7d31125cac35,2026011201805,2,0,2,2026-01-11 12:51,2026-01-11 13:51,87715,juzi橘子0448,陕西省,西安市,莲湖区,丰庆公园,24658838-e355-4c6e-be9e-7d31125cac35,陕西,西安,,,2025-03-01,2026-03-01,2,serial_id,asc,60,2026-03-10T10:50:17+00:00
dff33158-174a-4546-aaa4-e5894fd2d1db,2026011201810,2,0,2,2026-01-11 09:00,2026-01-11 10:00,87715,juzi橘子0448,陕西省,西安市,雁塔区,西安植物园,dff33158-174a-4546-aaa4-e5894fd2d1db,陕西,西安,,,2025-03-01,2026-03-01,2,serial_id,asc,60,2026-03-10T10:50:17+00:00
89dba1a8-6e51-4e4a-959f-80c41c11c78f,2026011202008,2,0,17,2026-01-12 11:20,2026-01-12 15:20,65979,我都瘸子了就让我拍到小鸟吧,陕西省,西安市,长安区,昆明池·七夕公园,89dba1a8-6e51-4e4a-959f-80c41c11c78f,陕西,西安,,,2025-03-01,2026-03-01,2,serial_id,asc,60,2026-03-10T10:50:17+00:00
21fee2ad-2ddc-4631-a0e4-4a4e1d3ec921,2026011300918,2,0,40,2026-01-13 09:00,2026-01-13 15:00,69941,Elanuscaeruleus,陕西省,西安市,长安区,圭峰寺,21fee2ad-2ddc-4631-a0e4-4a4e1d3ec921,陕西,西安,,,2025-03-01,2026-03-01,2,serial_id,asc,60,2026-03-10T10:50:17+00:00
cf3d7c85-5aed-4fae-ba2f-e96357d91da2,2026011301120,2,0,8,2026-01-13 15:30,2026-01-13 16:00,79255,zncu,陕西省,西安市,雁塔区,陕西历史博物馆,cf3d7c85-5aed-4fae-ba2f-e96357d91da2,陕西,西安,,,2025-03-01,2026-03-01,2,serial_id,asc,60,2026-03-10T10:50:17+00:00
44e3eef6-fd95-4b65-a567-adfe7d254c6a,2026011301146,2,0,20,2026-01-13 15:00,2026-01-13 16:00,69634,伊羊肉卷,陕西省,西安市,长安区,西安交通大学科技创新港科创基地,44e3eef6-fd95-4b65-a567-adfe7d254c6a,陕西,西安,,,2025-03-01,2026-03-01,2,serial_id,asc,60,2026-03-10T10:50:17+00:00
5c5f2b03-3edc-478d-a022-ac7305187e52,2026011301186,2,0,22,2026-01-13 15:00,2026-01-13 17:20,91470,苦练括约肌夹断负心汉,陕西省,西安市,蓝田县,蓝关镇西寨村卫生所,5c5f2b03-3edc-478d-a022-ac7305187e52,陕西,西安,,,2025-03-01,2026-03-01,2,serial_id,asc,60,2026-03-10T10:50:17+00:00
562a0818-5ab4-4da4-91a0-9235c948a300,2026011301207,2,0,20,2026-01-13 13:00,2026-01-13 14:00,25049,madc952,陕西省,西安市,碑林区,兴庆宫公园,562a0818-5ab4-4da4-91a0-9235c948a300,陕西,西安,,,2025-03-01,2026-03-01,2,serial_id,asc,60,2026-03-10T10:50:17+00:00
1a49eec1-3a67-40cc-ba04-212c4c74ddd4,2026011301424,2,0,4,2026-01-12 15:30,2026-01-12 16:30,93403,不玩优诺的尤诺,陕西省,西安市,碑林区,西安交通大学兴庆校区,1a49eec1-3a67-40cc-ba04-212c4c74ddd4,陕西,西安,,,2025-03-01,2026-03-01,2,serial_id,asc,60,2026-03-10T10:50:17+00:00
17f64bd3-d858-4c31-9f51-29bdabf53b73,2026011301708,2,0,17,2026-01-12 10:00,2026-01-12 12:00,70590,Elim看鸟,陕西省,西安市,长安区,圭峰寺,17f64bd3-d858-4c31-9f51-29bdabf53b73,陕西,西安,,,2025-03-01,2026-03-01,2,serial_id,asc,60,2026-03-10T10:50:17+00:00
90326023-3b99-4855-8be3-1a5b12045672,2026011400037,2,0,17,2026-01-14 01:00,2026-01-14 02:00,66398,香香鸡贴贴,陕西省,西安市,长安区,西工大长安校区,90326023-3b99-4855-8be3-1a5b12045672,陕西,西安,,,2025-03-01,2026-03-01,2,serial_id,asc,60,2026-03-10T10:50:17+00:00
688da43d-8f0d-4f7c-8f5a-f05e6b6260b8,2026011400067,2,0,27,2026-01-11 14:15,2026-01-11 16:15,12692,maixiangliulian,陕西省,西安市,鄠邑区,利君制药东北谭滨河沿线,688da43d-8f0d-4f7c-8f5a-f05e6b6260b8,陕西,西安,,,2025-03-01,2026-03-01,2,serial_id,asc,60,2026-03-10T10:50:17+00:00
4607a369-ba68-4208-8dad-bef006c6d5d4,2026011400419,2,0,31,2026-01-14 08:30,2026-01-14 11:00,69941,Elanuscaeruleus,陕西省,西安市,未央区,浐灞国家湿地公园,4607a369-ba68-4208-8dad-bef006c6d5d4,陕西,西安,,,2025-03-01,2026-03-01,2,serial_id,asc,60,2026-03-10T10:50:17+00:00
0ef3b465-6ed2-45c3-a72d-5326dbbd14d5,2026011401182,2,0,14,2026-01-14 15:00,2026-01-14 16:00,77627,Bustellar,陕西省,西安市,雁塔区,西安新植物园,0ef3b465-6ed2-45c3-a72d-5326dbbd14d5,陕西,西安,,,2025-03-01,2026-03-01,2,serial_id,asc,60,2026-03-10T10:50:17+00:00
b6df99d3-6c1c-4cd4-96e8-b0485b5436e6,2026011401260,2,0,15,2026-01-14 15:10,2026-01-14 16:35,41361,兰鹊,陕西省,西安市,未央区,汉城湖旅游景区,b6df99d3-6c1c-4cd4-96e8-b0485b5436e6,陕西,西安,,,2025-03-01,2026-03-01,2,serial_id,asc,60,2026-03-10T10:50:17+00:00
6bdee471-49c2-41b0-a1be-86dd41e55774,2026011401551,2,0,4,2026-01-14 15:22,2026-01-14 16:41,93403,不玩优诺的尤诺,陕西省,西安市,雁塔区,陕西师范大学(雁塔校区),6bdee471-49c2-41b0-a1be-86dd41e55774,陕西,西安,,,2025-03-01,2026-03-01,2,serial_id,asc,60,2026-03-10T10:50:17+00:00
0278f443-fbeb-477d-b398-fe2785d1bbc6,2026011500198,2,0,19,2026-01-15 09:00,2026-01-15 10:00,37924,延河,陕西省,西安市,雁塔区,曲江池遗址公园(曲江池北路),0278f443-fbeb-477d-b398-fe2785d1bbc6,陕西,西安,,,2025-03-01,2026-03-01,2,serial_id,asc,60,2026-03-10T10:50:17+00:00
8734f6e1-543d-47d8-9121-b36abfe0d574,2026011500341,2,0,9,2026-01-15 10:08,2026-01-15 12:00,33977,古斯塔夫,陕西省,西安市,莲湖区,丰庆公园,8734f6e1-543d-47d8-9121-b36abfe0d574,陕西,西安,,,2025-03-01,2026-03-01,2,serial_id,asc,60,2026-03-10T10:50:17+00:00
7b051b7b-2e4f-434f-88ef-b8d184c54bde,2026011500402,2,0,8,2026-01-15 11:00,2026-01-15 12:00,78007,汛子,陕西省,西安市,莲湖区,丰庆公园,7b051b7b-2e4f-434f-88ef-b8d184c54bde,陕西,西安,,,2025-03-01,2026-03-01,2,serial_id,asc,60,2026-03-10T10:50:17+00:00
63c4b6b4-4340-428d-a2aa-88e9fed0cf57,2026011500445,2,0,28,2026-01-15 10:00,2026-01-15 11:00,22366,688chxiuq,陕西省,西安市,长安区,祥峪森林公园,63c4b6b4-4340-428d-a2aa-88e9fed0cf57,陕西,西安,,,2025-03-01,2026-03-01,2,serial_id,asc,60,2026-03-10T10:50:17+00:00
ad53f1b8-8e72-49ad-bbf2-cb4072b85763,2026011500738,2,0,15,2026-01-15 12:40,2026-01-15 14:20,41361,兰鹊,陕西省,西安市,临潼区,秦始皇帝陵博物院丽山园,ad53f1b8-8e72-49ad-bbf2-cb4072b85763,陕西,西安,,,2025-03-01,2026-03-01,2,serial_id,asc,60,2026-03-10T10:50:17+00:00
59fb3cf1-c3d0-4b43-b11d-6dc482b04459,2026011500785,2,0,1,2026-01-15 14:00,2026-01-15 15:00,85816,Moring,陕西省,西安市,未央区,未央区西工新苑(龙朔路南),59fb3cf1-c3d0-4b43-b11d-6dc482b04459,陕西,西安,,,2025-03-01,2026-03-01,2,serial_id,asc,60,2026-03-10T10:50:17+00:00
4560591f-1ebf-4609-a904-05cf51a85550,2026011500844,2,0,28,2026-01-15 10:00,2026-01-15 11:00,22345,山丘,陕西省,西安市,长安区,长安区东大街道龙窝,4560591f-1ebf-4609-a904-05cf51a85550,陕西,西安,,,2025-03-01,2026-03-01,2,serial_id,asc,60,2026-03-10T10:50:17+00:00
69739574-f7c9-4d3a-8ee9-71d3d90a3a4b,2026011500935,2,0,15,2026-01-12 13:00,2026-01-12 16:30,20420,xian2020,陕西省,西安市,莲湖区,丰庆公园,69739574-f7c9-4d3a-8ee9-71d3d90a3a4b,陕西,西安,,,2025-03-01,2026-03-01,2,serial_id,asc,60,2026-03-10T10:50:17+00:00
3187c394-06cb-4b95-8f6b-2e2336d82c32,2026011500964,2,0,28,2026-01-06 12:00,2026-01-06 16:02,20420,xian2020,陕西省,西安市,鄠邑区,涝渭湿地公园,3187c394-06cb-4b95-8f6b-2e2336d82c32,陕西,西安,,,2025-03-01,2026-03-01,2,serial_id,asc,60,2026-03-10T10:50:17+00:00
05e5fefa-419e-4201-bafe-d20d9f1e6886,2026011500983,2,0,8,2025-10-24 12:30,2025-10-24 16:30,20420,xian2020,陕西省,西安市,碑林区,兴庆宫公园,05e5fefa-419e-4201-bafe-d20d9f1e6886,陕西,西安,,,2025-03-01,2026-03-01,2,serial_id,asc,60,2026-03-10T10:50:17+00:00
1c476ada-6b6f-4646-8333-0ada4d70e2c5,2026011501016,2,0,13,2025-08-25 13:00,2025-08-25 18:30,20420,xian2020,陕西省,西安市,长安区,创新港及渭河湿地,1c476ada-6b6f-4646-8333-0ada4d70e2c5,陕西,西安,,,2025-03-01,2026-03-01,2,serial_id,asc,60,2026-03-10T10:50:17+00:00
28d2a87c-5a40-4dd8-8454-3df45f70f0f0,2026011501108,2,0,1,2026-01-15 16:10,2026-01-15 18:00,69716,Licrange,陕西省,西安市,碑林区,西安建筑科技大学池塘凉亭,28d2a87c-5a40-4dd8-8454-3df45f70f0f0,陕西,西安,,,2025-03-01,2026-03-01,2,serial_id,asc,60,2026-03-10T10:50:17+00:00
b4869137-e551-41a2-a8c0-c8e7ed20dfb0,2026011501141,2,0,5,2026-01-15 09:00,2026-01-15 09:30,87989,chsnahr,陕西省,西安市,临潼区,秦始皇兵马俑博物馆,b4869137-e551-41a2-a8c0-c8e7ed20dfb0,陕西,西安,,,2025-03-01,2026-03-01,2,serial_id,asc,60,2026-03-10T10:50:17+00:00
49bf188d-6b09-468a-a524-c585c499c176,2026011501149,2,0,1,2026-01-15 17:10,2026-01-15 17:15,87989,chsnahr,陕西省,西安市,新城区,西安钟楼,49bf188d-6b09-468a-a524-c585c499c176,陕西,西安,,,2025-03-01,2026-03-01,2,serial_id,asc,60,2026-03-10T10:50:17+00:00
d33a23d2-27fe-4658-91b9-78f4fef589ef,2026011501842,2,0,18,2026-01-15 10:30,2026-01-15 12:00,21573,啊般配,陕西省,西安市,未央区,西安湖,d33a23d2-27fe-4658-91b9-78f4fef589ef,陕西,西安,,,2025-03-01,2026-03-01,2,serial_id,asc,60,2026-03-10T10:50:17+00:00
1b4d7f64-ff20-4a5a-b70b-02d9e91a1dd2,2026011600173,2,0,4,2026-01-15 11:50,2026-01-15 12:28,60701,小徐不空军,陕西省,西安市,雁塔区,万科翡翠国际·东区,1b4d7f64-ff20-4a5a-b70b-02d9e91a1dd2,陕西,西安,,,2025-03-01,2026-03-01,2,serial_id,asc,60,2026-03-10T10:50:17+00:00
e1e7fe2d-4e07-402e-be00-7cef52b8e4e4,2026011600325,2,0,15,2026-01-16 10:00,2026-01-16 11:00,37924,延河,陕西省,西安市,莲湖区,丰庆公园,e1e7fe2d-4e07-402e-be00-7cef52b8e4e4,陕西,西安,,,2025-03-01,2026-03-01,2,serial_id,asc,61,2026-03-10T10:50:28+00:00
a90b26be-8a49-4567-9b9f-d30ed78a42b2,2026011600868,2,0,13,2026-01-16 13:00,2026-01-16 14:00,59757,Schnee347,陕西省,西安市,莲湖区,丰庆公园,a90b26be-8a49-4567-9b9f-d30ed78a42b2,陕西,西安,,,2025-03-01,2026-03-01,2,serial_id,asc,61,2026-03-10T10:50:28+00:00
3b4c25ce-fa86-4a5e-8327-ac286fc93fa2,2026011601059,2,0,2,2026-01-16 15:00,2026-01-16 15:10,87989,chsnahr,陕西省,西安市,莲湖区,广仁寺,3b4c25ce-fa86-4a5e-8327-ac286fc93fa2,陕西,西安,,,2025-03-01,2026-03-01,2,serial_id,asc,61,2026-03-10T10:50:28+00:00
f637a6e4-cc68-4a97-b477-e5ce1301a89c,2026011601262,2,0,16,2026-01-16 16:00,2026-01-16 17:00,77627,Bustellar,陕西省,西安市,未央区,未央区西安浐灞国家湿地公园(灞河西路北),f637a6e4-cc68-4a97-b477-e5ce1301a89c,陕西,西安,,,2025-03-01,2026-03-01,2,serial_id,asc,61,2026-03-10T10:50:28+00:00
0c6c1b43-b5e1-43d9-aeb6-75d51a499533,2026011601310,2,0,37,2026-01-16 15:00,2026-01-16 16:00,47058,寄居蟹,陕西省,西安市,长安区,高冠河,0c6c1b43-b5e1-43d9-aeb6-75d51a499533,陕西,西安,,,2025-03-01,2026-03-01,2,serial_id,asc,61,2026-03-10T10:50:28+00:00
32ece9d4-36ed-4969-804b-b9f52efc9f56,2026011601434,2,0,37,2026-01-16 15:00,2026-01-16 16:00,69634,伊羊肉卷,陕西省,西安市,鄠邑区,涝渭湿地公园,32ece9d4-36ed-4969-804b-b9f52efc9f56,陕西,西安,,,2025-03-01,2026-03-01,2,serial_id,asc,61,2026-03-10T10:50:28+00:00
620ca79f-c7a5-4fe2-94f7-dd78ee82cdbb,2026011601543,2,0,1,2025-05-05 13:00,2025-05-05 14:01,104272,SUST206林子大,陕西省,西安市,长安区,长安公园,620ca79f-c7a5-4fe2-94f7-dd78ee82cdbb,陕西,西安,,,2025-03-01,2026-03-01,2,serial_id,asc,61,2026-03-10T10:50:28+00:00
36c15a3c-3693-4e5c-9983-567a0378f099,2026011601701,2,0,21,2026-01-16 08:00,2026-01-16 15:00,105049,神鱼,陕西省,西安市,周至县,杨凌渭河湿地生态公园,36c15a3c-3693-4e5c-9983-567a0378f099,陕西,西安,,,2025-03-01,2026-03-01,2,serial_id,asc,61,2026-03-10T10:50:28+00:00
84a2ba51-b980-4bc5-be95-567f500779c8,2026011700564,2,0,22,2026-01-17 08:00,2026-01-17 10:00,15090,刑小天在西交创新港,陕西省,西安市,灞桥区,西安世博园,84a2ba51-b980-4bc5-be95-567f500779c8,陕西,西安,,,2025-03-01,2026-03-01,2,serial_id,asc,61,2026-03-10T10:50:28+00:00
6ef68cc8-2cbd-44f5-9c55-bf1458e1f133,2026011700782,2,0,33,2026-01-17 08:00,2026-01-17 09:00,47058,寄居蟹,陕西省,西安市,长安区,圭峰寺,6ef68cc8-2cbd-44f5-9c55-bf1458e1f133,陕西,西安,,,2025-03-01,2026-03-01,2,serial_id,asc,61,2026-03-10T10:50:28+00:00
f82bc72b-fbee-4048-8140-f82afeff31d7,2026011700854,2,0,24,2026-01-17 09:00,2026-01-17 10:00,68405,Zamensis,陕西省,西安市,长安区,樊川公园,f82bc72b-fbee-4048-8140-f82afeff31d7,陕西,西安,,,2025-03-01,2026-03-01,2,serial_id,asc,61,2026-03-10T10:50:28+00:00
69fa3d0e-7410-4db0-a648-bb1d1de246ca,2026011700864,2,0,26,2026-01-17 12:00,2026-01-17 13:00,22366,688chxiuq,陕西省,西安市,蓝田县,小洋峪西北60米,69fa3d0e-7410-4db0-a648-bb1d1de246ca,陕西,西安,,,2025-03-01,2026-03-01,2,serial_id,asc,61,2026-03-10T10:50:28+00:00
9e142de2-bff6-443c-9bba-da97d5c38022,2026011701336,2,0,11,2026-01-17 11:00,2026-01-17 12:00,22345,山丘,陕西省,西安市,蓝田县,蓝田县焦岱镇东光村,9e142de2-bff6-443c-9bba-da97d5c38022,陕西,西安,,,2025-03-01,2026-03-01,2,serial_id,asc,61,2026-03-10T10:50:28+00:00
1362e4b9-82bf-4f51-8994-1b6df7db1566,2026011701415,2,0,18,2026-01-17 09:30,2026-01-17 11:30,78662,绿翅旋壁雀,陕西省,西安市,未央区,浐灞湿地公园,1362e4b9-82bf-4f51-8994-1b6df7db1566,陕西,西安,,,2025-03-01,2026-03-01,2,serial_id,asc,61,2026-03-10T10:50:28+00:00
67b011c2-d554-475f-8fed-49049c3e4b36,2026011701713,2,0,21,2026-01-17 14:00,2026-01-17 15:30,96881,LunaticVoyager,陕西省,西安市,鄠邑区,涝渭湿地公园,67b011c2-d554-475f-8fed-49049c3e4b36,陕西,西安,,,2025-03-01,2026-03-01,2,serial_id,asc,61,2026-03-10T10:50:28+00:00
ad6badd7-932f-4dcf-9271-9f4dd6f429b6,2026011701840,2,0,16,2026-01-17 11:30,2026-01-17 16:30,5841,绿队可乐,陕西省,西安市,莲湖区,丰庆公园,ad6badd7-932f-4dcf-9271-9f4dd6f429b6,陕西,西安,,,2025-03-01,2026-03-01,2,serial_id,asc,61,2026-03-10T10:50:28+00:00
3612f0d5-6c61-44ee-82ab-e0e2f6e7c57a,2026011701968,2,0,11,2026-01-17 16:00,2026-01-17 16:55,71440,meowto,陕西省,西安市,碑林区,西安交大兴庆校区,3612f0d5-6c61-44ee-82ab-e0e2f6e7c57a,陕西,西安,,,2025-03-01,2026-03-01,2,serial_id,asc,61,2026-03-10T10:50:28+00:00
e19c39d5-cab6-473f-9608-ee91a387b8d8,2026011702118,2,0,28,2026-01-17 09:00,2026-01-17 11:25,66869,移动不动的夜鹭,陕西省,西安市,长安区,圭峰寺,e19c39d5-cab6-473f-9608-ee91a387b8d8,陕西,西安,,,2025-03-01,2026-03-01,2,serial_id,asc,61,2026-03-10T10:50:28+00:00
36eef5fd-e238-483b-8bbe-9078acff5834,2026011702268,2,0,12,2026-01-17 15:00,2026-01-17 18:00,24763,周隹号鸟,陕西省,西安市,莲湖区,丰庆公园,36eef5fd-e238-483b-8bbe-9078acff5834,陕西,西安,,,2025-03-01,2026-03-01,2,serial_id,asc,61,2026-03-10T10:50:28+00:00
10f5b8b5-cf86-4295-92c2-022273822626,2026011702446,2,0,9,2025-03-15 15:00,2025-03-15 17:00,54633,KUMASCCCP,陕西省,西安市,灞桥区,广运潭公园水坝观景台,10f5b8b5-cf86-4295-92c2-022273822626,陕西,西安,,,2025-03-01,2026-03-01,2,serial_id,asc,61,2026-03-10T10:50:28+00:00
c0e7e13f-69bd-46b9-b70c-14f27eeacd33,2026011702473,2,0,10,2025-12-20 15:00,2025-12-20 17:00,54633,KUMASCCCP,陕西省,西安市,灞桥区,广运潭公园水坝观景台,c0e7e13f-69bd-46b9-b70c-14f27eeacd33,陕西,西安,,,2025-03-01,2026-03-01,2,serial_id,asc,61,2026-03-10T10:50:28+00:00
fb100ecd-808f-4dac-82ea-a6eae5f4679a,2026011702483,2,0,32,2026-01-17 09:30,2026-01-17 11:30,59244,选择困难症,陕西省,西安市,长安区,圭峰寺,fb100ecd-808f-4dac-82ea-a6eae5f4679a,陕西,西安,,,2025-03-01,2026-03-01,2,serial_id,asc,61,2026-03-10T10:50:28+00:00
1e6daf6a-7b4e-48b7-922e-a28ba3127359,2026011702511,2,0,15,2025-12-27 14:45,2025-12-27 18:00,54633,KUMASCCCP,陕西省,西安市,未央区,未央区西安浐灞国家湿地公园,1e6daf6a-7b4e-48b7-922e-a28ba3127359,陕西,西安,,,2025-03-01,2026-03-01,2,serial_id,asc,61,2026-03-10T10:50:28+00:00
511342f4-ac93-4f7b-93f0-0641070332cf,2026011800272,2,0,19,2026-01-16 08:00,2026-01-16 12:00,20420,xian2020,陕西省,西安市,周至县,杨凌渭河湿地生态公园,511342f4-ac93-4f7b-93f0-0641070332cf,陕西,西安,,,2025-03-01,2026-03-01,2,serial_id,asc,61,2026-03-10T10:50:28+00:00
bc07ae2c-922d-4cc6-988e-cd9e57f6ff05,2026011800538,2,0,1,2026-01-18 09:30,2026-01-18 10:44,98466,蔡济泽,陕西省,西安市,碑林区,西安建筑科技大学-塑胶操场,bc07ae2c-922d-4cc6-988e-cd9e57f6ff05,陕西,西安,,,2025-03-01,2026-03-01,2,serial_id,asc,61,2026-03-10T10:50:28+00:00
6fe36dc0-8ef8-4518-9ef1-05933848cff6,2026011800547,2,0,8,2026-01-18 09:30,2026-01-18 10:40,98466,蔡济泽,陕西省,西安市,碑林区,西安建筑科技大学池塘凉亭,6fe36dc0-8ef8-4518-9ef1-05933848cff6,陕西,西安,,,2025-03-01,2026-03-01,2,serial_id,asc,61,2026-03-10T10:50:28+00:00
a6f64373-679e-4294-8754-9633fa699aae,2026011800787,2,0,33,2026-01-18 09:10,2026-01-18 11:32,66869,移动不动的夜鹭,陕西省,西安市,长安区,长安区樊川公园,a6f64373-679e-4294-8754-9633fa699aae,陕西,西安,,,2025-03-01,2026-03-01,2,serial_id,asc,61,2026-03-10T10:50:28+00:00
7bde702f-5c02-4059-82ce-1e7e3bdd8031,2026011800792,2,0,29,2026-01-18 09:10,2026-01-18 11:32,99967,启翔湖边的苍鹭,陕西省,西安市,长安区,长安区樊川公园,7bde702f-5c02-4059-82ce-1e7e3bdd8031,陕西,西安,,,2025-03-01,2026-03-01,2,serial_id,asc,61,2026-03-10T10:50:28+00:00
6bdd5455-5645-4490-a102-62cc7221fed4,2026011800869,2,0,8,2026-01-18 10:50,2026-01-18 12:00,5841,绿队可乐,陕西省,西安市,莲湖区,丰庆公园,6bdd5455-5645-4490-a102-62cc7221fed4,陕西,西安,,,2025-03-01,2026-03-01,2,serial_id,asc,61,2026-03-10T10:50:28+00:00
d2893dcf-acf4-4870-beb6-e3f868175dcb,2026011801047,2,0,2,2026-01-18 12:00,2026-01-18 13:00,98466,蔡济泽,陕西省,西安市,碑林区,西安建筑科技大学-塑胶操场,d2893dcf-acf4-4870-beb6-e3f868175dcb,陕西,西安,,,2025-03-01,2026-03-01,2,serial_id,asc,61,2026-03-10T10:50:28+00:00
98d37d43-7ced-4d13-a66d-9cc2ad1f6306,2026011801060,2,0,7,2026-01-18 12:00,2026-01-18 13:00,98466,蔡济泽,陕西省,西安市,碑林区,西安建筑科技大学池塘凉亭,98d37d43-7ced-4d13-a66d-9cc2ad1f6306,陕西,西安,,,2025-03-01,2026-03-01,2,serial_id,asc,61,2026-03-10T10:50:28+00:00
35ed40b6-46b5-4d02-acff-b79afcd21662,2026011801690,2,0,14,2026-01-18 14:00,2026-01-18 15:00,68405,Zamensis,陕西省,西安市,周至县,杨凌渭河湿地生态公园,35ed40b6-46b5-4d02-acff-b79afcd21662,陕西,西安,,,2025-03-01,2026-03-01,2,serial_id,asc,61,2026-03-10T10:50:28+00:00
5d5e811d-ae08-466f-a41a-39470aa2cc42,2026011802094,2,0,7,2026-01-18 16:00,2026-01-18 17:00,98466,蔡济泽,陕西省,西安市,碑林区,西安建筑科技大学池塘凉亭,5d5e811d-ae08-466f-a41a-39470aa2cc42,陕西,西安,,,2025-03-01,2026-03-01,2,serial_id,asc,61,2026-03-10T10:50:28+00:00
c5030a98-f1fe-4e30-82e6-ce41a1063092,2026011802236,2,0,14,2026-01-18 15:43,2026-01-18 17:10,54636,鹊影,陕西省,西安市,莲湖区,丰庆公园,c5030a98-f1fe-4e30-82e6-ce41a1063092,陕西,西安,,,2025-03-01,2026-03-01,2,serial_id,asc,61,2026-03-10T10:50:28+00:00
aa2298aa-3c5f-4d05-8208-b8772f03711f,2026011802470,2,0,8,2026-01-18 15:00,2026-01-18 17:00,74457,July333,陕西省,西安市,莲湖区,丰庆公园,aa2298aa-3c5f-4d05-8208-b8772f03711f,陕西,西安,,,2025-03-01,2026-03-01,2,serial_id,asc,61,2026-03-10T10:50:28+00:00
226d9624-503a-4c21-9000-bcd0d74ff681,2026011802472,2,0,19,2026-01-18 18:00,2026-01-18 19:00,73554,白鹡鸰早起去观鸟,陕西省,西安市,雁塔区,雁南公园,226d9624-503a-4c21-9000-bcd0d74ff681,陕西,西安,,,2025-03-01,2026-03-01,2,serial_id,asc,61,2026-03-10T10:50:28+00:00
dcb0c4dd-983b-46cb-ac96-ee8d790e8c60,2026011802989,2,0,18,2026-01-02 15:30,2026-01-02 16:00,81608,Watson,陕西省,西安市,鄠邑区,涝渭湿地公园,dcb0c4dd-983b-46cb-ac96-ee8d790e8c60,陕西,西安,,,2025-03-01,2026-03-01,2,serial_id,asc,61,2026-03-10T10:50:28+00:00
0443d5e2-ae6d-47a3-a1f1-87ba8a8ec24d,2026011803086,2,0,8,2026-01-02 08:00,2026-01-02 08:30,81608,Watson,陕西省,西安市,长安区,十里蛤蟆滩稻花乡里农业景区,0443d5e2-ae6d-47a3-a1f1-87ba8a8ec24d,陕西,西安,,,2025-03-01,2026-03-01,2,serial_id,asc,61,2026-03-10T10:50:28+00:00
87ac12f7-5974-4a8a-bc40-32b2a035ad54,2026011803396,2,0,13,2026-01-11 07:00,2026-01-11 18:00,103421,glow,陕西省,西安市,鄠邑区,鄠邑区太平万花山风景区(太煤路南),87ac12f7-5974-4a8a-bc40-32b2a035ad54,陕西,西安,,,2025-03-01,2026-03-01,2,serial_id,asc,61,2026-03-10T10:50:28+00:00
5c92598b-5ef4-4d3e-8b16-7372b610cba7,2026011803430,2,0,1,2026-01-18 11:10,2026-01-18 11:15,60701,小徐不空军,陕西省,西安市,雁塔区,曲江书城,5c92598b-5ef4-4d3e-8b16-7372b610cba7,陕西,西安,,,2025-03-01,2026-03-01,2,serial_id,asc,61,2026-03-10T10:50:28+00:00
028e5160-2af0-4058-bf7a-523c5d11f62a,2026011803462,2,0,5,2026-01-12 12:00,2026-01-12 13:00,103421,glow,陕西省,西安市,莲湖区,丰庆公园,028e5160-2af0-4058-bf7a-523c5d11f62a,陕西,西安,,,2025-03-01,2026-03-01,2,serial_id,asc,61,2026-03-10T10:50:28+00:00
7f73a655-782a-4f0d-9bbd-e7c8d17d6a7c,2026011803478,2,0,9,2026-01-15 10:00,2026-01-15 15:30,103421,glow,陕西省,西安市,灞桥区,雁鸣湖,7f73a655-782a-4f0d-9bbd-e7c8d17d6a7c,陕西,西安,,,2025-03-01,2026-03-01,2,serial_id,asc,61,2026-03-10T10:50:28+00:00
d58e09c5-b378-4212-877b-930e2d0a7af9,2026011803491,2,0,22,2026-01-17 08:00,2026-01-17 12:30,103421,glow,陕西省,西安市,长安区,长安区樊川公园,d58e09c5-b378-4212-877b-930e2d0a7af9,陕西,西安,,,2025-03-01,2026-03-01,2,serial_id,asc,61,2026-03-10T10:50:28+00:00
fad09b74-5bd4-4fa9-82f1-1402038f0878,2026011803509,2,0,7,2026-01-18 10:00,2026-01-18 18:00,103421,glow,陕西省,西安市,长安区,长安区翠华山国家地质公园,fad09b74-5bd4-4fa9-82f1-1402038f0878,陕西,西安,,,2025-03-01,2026-03-01,2,serial_id,asc,61,2026-03-10T10:50:28+00:00
b2928b30-0dc8-45b7-97bd-c24177b56d6b,2026011901076,2,0,32,2026-01-19 13:02,2026-01-19 15:30,73554,白鹡鸰早起去观鸟,陕西省,西安市,灞桥区,灞桥街道香江湾,b2928b30-0dc8-45b7-97bd-c24177b56d6b,陕西,西安,,,2025-03-01,2026-03-01,2,serial_id,asc,61,2026-03-10T10:50:28+00:00
da7cfa2b-f43e-4b51-a7d2-0a5702a78e30,2026011901565,2,0,14,2026-01-19 20:00,2026-01-19 21:00,78007,汛子,陕西省,西安市,长安区,樊川公园,da7cfa2b-f43e-4b51-a7d2-0a5702a78e30,陕西,西安,,,2025-03-01,2026-03-01,2,serial_id,asc,61,2026-03-10T10:50:28+00:00
b35ecc39-68d9-49e0-8a38-35d3a175e2f0,2026012000026,2,0,25,2026-01-17 15:00,2026-01-17 18:00,92707,XJTUGXY,陕西省,西安市,鄠邑区,涝渭湿地公园,b35ecc39-68d9-49e0-8a38-35d3a175e2f0,陕西,西安,,,2025-03-01,2026-03-01,2,serial_id,asc,61,2026-03-10T10:50:28+00:00
c3e4e4c2-6cd5-422c-b14e-592746b4a485,2026012000731,2,0,16,2026-01-20 14:00,2026-01-20 15:00,22366,688chxiuq,陕西省,西安市,雁塔区,西安植物园,c3e4e4c2-6cd5-422c-b14e-592746b4a485,陕西,西安,,,2025-03-01,2026-03-01,2,serial_id,asc,61,2026-03-10T10:50:28+00:00
0245cedf-0103-49eb-aa9d-cb5118e28db3,2026012000769,2,0,8,2026-01-20 14:00,2026-01-20 15:00,22345,山丘,陕西省,西安市,雁塔区,西安植物园,0245cedf-0103-49eb-aa9d-cb5118e28db3,陕西,西安,,,2025-03-01,2026-03-01,2,serial_id,asc,61,2026-03-10T10:50:28+00:00
550f0fda-45e3-48ff-b586-81464474df6e,2026012000775,2,0,3,2026-01-20 15:00,2026-01-20 16:00,73554,白鹡鸰早起去观鸟,陕西省,西安市,碑林区,西安理工大学(金花校区),550f0fda-45e3-48ff-b586-81464474df6e,陕西,西安,,,2025-03-01,2026-03-01,2,serial_id,asc,61,2026-03-10T10:50:28+00:00
b540983e-9842-4135-981e-493753b8c6f3,2026012000895,2,0,10,2026-01-20 10:18,2026-01-20 13:18,49593,云狸轩,陕西省,西安市,长安区,杜曲街道,b540983e-9842-4135-981e-493753b8c6f3,陕西,西安,,,2025-03-01,2026-03-01,2,serial_id,asc,62,2026-03-10T10:50:32+00:00
4dff95c8-2306-4a4b-856e-c2e13ce15858,2026012001142,2,0,3,2026-01-14 16:30,2026-01-14 17:00,87989,chsnahr,陕西省,西安市,新城区,西安钟楼,4dff95c8-2306-4a4b-856e-c2e13ce15858,陕西,西安,,,2025-03-01,2026-03-01,2,serial_id,asc,62,2026-03-10T10:50:32+00:00
03b91801-42bb-41d4-a67b-58b6a2ac28b9,2026012001302,2,0,11,2026-01-20 16:40,2026-01-20 18:00,73973,fly,陕西省,西安市,碑林区,兴庆公园,03b91801-42bb-41d4-a67b-58b6a2ac28b9,陕西,西安,,,2025-03-01,2026-03-01,2,serial_id,asc,62,2026-03-10T10:50:32+00:00
853f8a9b-6ce4-4196-9731-8ab7c2037f93,2026012100216,2,0,16,2026-01-20 12:30,2026-01-20 16:30,20420,xian2020,陕西省,西安市,雁塔区,西安植物园,853f8a9b-6ce4-4196-9731-8ab7c2037f93,陕西,西安,,,2025-03-01,2026-03-01,2,serial_id,asc,62,2026-03-10T10:50:32+00:00
6122bbcd-3458-4b09-94b7-de8de18985a9,2026012100236,2,0,18,2025-12-23 09:25,2025-12-23 15:25,105049,神鱼,陕西省,西安市,莲湖区,丰庆公园,6122bbcd-3458-4b09-94b7-de8de18985a9,陕西,西安,,,2025-03-01,2026-03-01,2,serial_id,asc,62,2026-03-10T10:50:32+00:00
cdc446cc-2860-40b3-9b7e-16b20dac55f6,2026012100358,2,0,8,2026-01-21 10:00,2026-01-21 11:00,93367,洛霆,陕西省,西安市,莲湖区,丰庆公园,cdc446cc-2860-40b3-9b7e-16b20dac55f6,陕西,西安,,,2025-03-01,2026-03-01,2,serial_id,asc,62,2026-03-10T10:50:32+00:00
c65fa080-6684-4c1f-bbfe-0adeb8ed4845,2026012100836,2,0,21,2026-01-21 11:00,2026-01-21 12:00,51667,超古代学渣,陕西省,西安市,莲湖区,丰庆公园,c65fa080-6684-4c1f-bbfe-0adeb8ed4845,陕西,西安,,,2025-03-01,2026-03-01,2,serial_id,asc,62,2026-03-10T10:50:32+00:00
e7ce286b-eae9-4317-86ec-3b8269c6fff8,2026012101008,2,0,4,2025-05-08 13:34,2025-05-08 15:34,105049,神鱼,陕西省,西安市,碑林区,兴庆宫公园,e7ce286b-eae9-4317-86ec-3b8269c6fff8,陕西,西安,,,2025-03-01,2026-03-01,2,serial_id,asc,62,2026-03-10T10:50:32+00:00
4f4b7c47-bdbf-4ee3-900d-8e685872fcb2,2026012101042,2,0,25,2025-05-19 08:34,2025-05-19 16:41,105049,神鱼,陕西省,西安市,长安区,长安区大兆街道友联村,4f4b7c47-bdbf-4ee3-900d-8e685872fcb2,陕西,西安,,,2025-03-01,2026-03-01,2,serial_id,asc,62,2026-03-10T10:50:32+00:00
71c281ec-f911-4ec0-9d49-d7329376df36,2026012101219,2,0,10,2026-01-21 17:00,2026-01-21 18:00,87138,我爱吃盐筋,陕西省,西安市,莲湖区,丰庆公园,71c281ec-f911-4ec0-9d49-d7329376df36,陕西,西安,,,2025-03-01,2026-03-01,2,serial_id,asc,62,2026-03-10T10:50:32+00:00
583b81c3-cb8b-4b0a-b2b7-2a71b0f91481,2026012101239,2,0,2,2026-01-21 17:00,2026-01-21 18:00,87138,我爱吃盐筋,陕西省,西安市,长安区,圭峰寺,583b81c3-cb8b-4b0a-b2b7-2a71b0f91481,陕西,西安,,,2025-03-01,2026-03-01,2,serial_id,asc,62,2026-03-10T10:50:32+00:00
40b6260d-9729-4acf-9e11-5cabf1cb0566,2026012101412,2,0,17,2026-01-21 18:00,2026-01-21 19:00,73442,豆豆喵的观鸟记录,陕西省,西安市,长安区,圭峰寺,40b6260d-9729-4acf-9e11-5cabf1cb0566,陕西,西安,,,2025-03-01,2026-03-01,2,serial_id,asc,62,2026-03-10T10:50:32+00:00
02c47c07-6679-4814-a3d3-d0171955d201,2026012101468,2,0,17,2026-01-21 18:00,2026-01-21 19:00,77364,LarryMatteo,陕西省,西安市,长安区,圭峰寺,02c47c07-6679-4814-a3d3-d0171955d201,陕西,西安,,,2025-03-01,2026-03-01,2,serial_id,asc,62,2026-03-10T10:50:32+00:00
7d3997c6-92dd-4035-900d-d503dff02bfe,2026012101474,2,0,56,2026-01-21 13:00,2026-01-21 14:00,98742,神秘鹭师傅等待鹭全收集,陕西省,西安市,周至县,杨凌渭河湿地生态公园,7d3997c6-92dd-4035-900d-d503dff02bfe,陕西,西安,,,2025-03-01,2026-03-01,2,serial_id,asc,62,2026-03-10T10:50:32+00:00
2b81aa86-c782-444d-8503-73f55828eb09,2026012200078,2,0,13,2026-01-17 08:30,2026-01-17 11:30,63026,gallups,陕西省,西安市,长安区,汪庄村,2b81aa86-c782-444d-8503-73f55828eb09,陕西,西安,,,2025-03-01,2026-03-01,2,serial_id,asc,62,2026-03-10T10:50:32+00:00
61cbeb42-e0fa-4ade-8e79-b40ef9e812d2,2026012200079,2,0,9,2026-01-17 12:00,2026-01-17 14:00,63026,gallups,陕西省,西安市,长安区,西安市长安县二郎山,61cbeb42-e0fa-4ade-8e79-b40ef9e812d2,陕西,西安,,,2025-03-01,2026-03-01,2,serial_id,asc,62,2026-03-10T10:50:32+00:00
9f6f02b1-17c0-42bd-bd44-fe81bedb38e6,2026012200235,2,0,10,2025-05-21 10:13,2025-05-21 17:13,105049,神鱼,陕西省,西安市,莲湖区,丰庆公园,9f6f02b1-17c0-42bd-bd44-fe81bedb38e6,陕西,西安,,,2025-03-01,2026-03-01,2,serial_id,asc,62,2026-03-10T10:50:32+00:00
e4edbc5f-21b0-4245-8088-81114d4a70e4,2026012200267,2,0,4,2025-10-26 13:32,2025-10-26 15:32,105049,神鱼,陕西省,西安市,碑林区,兴庆宫公园,e4edbc5f-21b0-4245-8088-81114d4a70e4,陕西,西安,,,2025-03-01,2026-03-01,2,serial_id,asc,62,2026-03-10T10:50:32+00:00
c12a5712-83ff-411e-bf13-4889dc44bd5c,2026012200944,2,0,26,2026-01-22 14:00,2026-01-22 15:00,47058,寄居蟹,陕西省,西安市,长安区,圭峰寺-高冠峪,c12a5712-83ff-411e-bf13-4889dc44bd5c,陕西,西安,,,2025-03-01,2026-03-01,2,serial_id,asc,62,2026-03-10T10:50:32+00:00
3af44f3d-76b8-40f3-bf3d-3aebbd3cb6a1,2026012200966,2,0,12,2026-01-22 16:00,2026-01-22 17:00,78007,汛子,陕西省,西安市,周至县,杨凌渭河湿地生态公园,3af44f3d-76b8-40f3-bf3d-3aebbd3cb6a1,陕西,西安,,,2025-03-01,2026-03-01,2,serial_id,asc,62,2026-03-10T10:50:32+00:00
eddc50c0-0fda-4529-9ec6-b0e1ee69f8d4,2026012201045,2,0,1,2026-01-22 17:00,2026-01-22 18:00,86307,李封真,陕西省,西安市,长安区,西安交通大学科技创新港科创基地,eddc50c0-0fda-4529-9ec6-b0e1ee69f8d4,陕西,西安,,,2025-03-01,2026-03-01,2,serial_id,asc,62,2026-03-10T10:50:32+00:00
b142a768-e5f2-4adb-8a6a-524e17556565,2026012201066,2,0,3,2026-01-22 17:00,2026-01-22 18:00,59757,Schnee347,陕西省,西安市,碑林区,西安环城公园,b142a768-e5f2-4adb-8a6a-524e17556565,陕西,西安,,,2025-03-01,2026-03-01,2,serial_id,asc,62,2026-03-10T10:50:32+00:00
32cd1ba8-da66-46df-9c3c-fcfa88d09f12,2026012201127,2,0,10,2026-01-22 15:00,2026-01-22 16:00,21573,啊般配,陕西省,西安市,莲湖区,丰庆公园,32cd1ba8-da66-46df-9c3c-fcfa88d09f12,陕西,西安,,,2025-03-01,2026-03-01,2,serial_id,asc,62,2026-03-10T10:50:32+00:00
44a2bc97-82d8-4ca4-bf4d-4ce75c5c6710,2026012300307,2,0,9,2026-01-23 10:00,2026-01-23 11:00,3975,稷朝,陕西省,西安市,长安区,长安区五星街道史鱼寨,44a2bc97-82d8-4ca4-bf4d-4ce75c5c6710,陕西,西安,,,2025-03-01,2026-03-01,2,serial_id,asc,62,2026-03-10T10:50:32+00:00
28a411b0-cf52-43e6-be64-fcf6d1bee1e6,2026012300385,2,0,22,2026-01-23 11:00,2026-01-23 12:00,54689,WhentheLEVEEbreaks,陕西省,西安市,雁塔区,雁南公园,28a411b0-cf52-43e6-be64-fcf6d1bee1e6,陕西,西安,,,2025-03-01,2026-03-01,2,serial_id,asc,62,2026-03-10T10:50:32+00:00
dd4e6260-fac3-4a62-9135-dba26eb94905,2026012300583,2,0,14,2026-01-23 12:00,2026-01-23 13:00,87138,我爱吃盐筋,陕西省,西安市,鄠邑区,涝渭湿地公园,dd4e6260-fac3-4a62-9135-dba26eb94905,陕西,西安,,,2025-03-01,2026-03-01,2,serial_id,asc,62,2026-03-10T10:50:32+00:00
5a878c8e-5085-4531-b8f6-87684e711e12,2026012300927,2,0,26,2026-01-23 15:00,2026-01-23 16:00,37241,漱石,陕西省,西安市,长安区,圭峰寺-高冠峪,5a878c8e-5085-4531-b8f6-87684e711e12,陕西,西安,,,2025-03-01,2026-03-01,2,serial_id,asc,62,2026-03-10T10:50:32+00:00
d701f042-a8fa-49cc-92de-8b35a2b6e25c,2026012301011,2,0,15,2026-01-23 13:54,2026-01-23 16:00,105049,神鱼,陕西省,西安市,蓝田县,蓝田县小洋峪村村民委员会南50米,d701f042-a8fa-49cc-92de-8b35a2b6e25c,陕西,西安,,,2025-03-01,2026-03-01,2,serial_id,asc,62,2026-03-10T10:50:32+00:00
e5429205-d240-49f4-96ba-c75c698210e1,2026012301167,2,0,45,2026-01-23 13:00,2026-01-23 17:35,47058,寄居蟹,陕西省,西安市,长安区,长安区洨河生态公园观景台西200米(洨河北路南),e5429205-d240-49f4-96ba-c75c698210e1,陕西,西安,,,2025-03-01,2026-03-01,2,serial_id,asc,62,2026-03-10T10:50:32+00:00
097ce453-9bc5-47d8-b73b-3e33ef446c97,2026012400555,2,0,1,2025-05-11 11:11,2025-05-11 11:19,49593,云狸轩,陕西省,西安市,雁塔区,陕西师范大学(雁塔校区),097ce453-9bc5-47d8-b73b-3e33ef446c97,陕西,西安,,,2025-03-01,2026-03-01,2,serial_id,asc,62,2026-03-10T10:50:32+00:00
373dca9c-941a-4ef1-afe4-eb20fca9484c,2026012401103,2,0,3,2025-06-28 13:00,2025-06-28 14:00,66900,modi,陕西省,西安市,长安区,长安区樊川公园,373dca9c-941a-4ef1-afe4-eb20fca9484c,陕西,西安,,,2025-03-01,2026-03-01,2,serial_id,asc,62,2026-03-10T10:50:32+00:00
abead163-ebfe-425e-8914-773a46a268eb,2026012401755,2,0,19,2026-01-24 15:00,2026-01-24 17:00,12831,空山,陕西省,西安市,莲湖区,丰庆公园,abead163-ebfe-425e-8914-773a46a268eb,陕西,西安,,,2025-03-01,2026-03-01,2,serial_id,asc,62,2026-03-10T10:50:32+00:00
a1675a77-d6a7-4aad-a55b-3a6c1c4f4247,2026012401900,2,0,28,2026-01-24 15:00,2026-01-24 17:00,41086,DOVER晶莹,陕西省,西安市,鄠邑区,涝渭湿地公园,a1675a77-d6a7-4aad-a55b-3a6c1c4f4247,陕西,西安,,,2025-03-01,2026-03-01,2,serial_id,asc,62,2026-03-10T10:50:32+00:00
68afac54-05cc-4246-8d07-bb49862a1723,2026012402121,2,0,19,2026-01-24 11:02,2026-01-24 13:10,93446,NingZ,陕西省,西安市,长安区,樊川公园,68afac54-05cc-4246-8d07-bb49862a1723,陕西,西安,,,2025-03-01,2026-03-01,2,serial_id,asc,62,2026-03-10T10:50:32+00:00
4f586a06-1157-4b05-bcc4-3e29bb63cf77,2026012402275,2,0,1,2026-01-24 17:00,2026-01-24 18:00,99967,启翔湖边的苍鹭,陕西省,西安市,长安区,西北工业大学长安校区海天苑,4f586a06-1157-4b05-bcc4-3e29bb63cf77,陕西,西安,,,2025-03-01,2026-03-01,2,serial_id,asc,62,2026-03-10T10:50:32+00:00
e71750fa-a61c-4a10-86aa-baa27186960a,2026012402279,2,0,1,2026-01-24 17:00,2026-01-24 18:00,37241,漱石,陕西省,西安市,长安区,西北工业大学长安校区,e71750fa-a61c-4a10-86aa-baa27186960a,陕西,西安,,,2025-03-01,2026-03-01,2,serial_id,asc,62,2026-03-10T10:50:32+00:00
a3a9a65d-cca0-4775-99c1-4c5e1e19de4d,2026012402754,2,0,21,2026-01-24 19:00,2026-01-24 20:00,81148,qwer,陕西省,西安市,阎良区,西安市阎良清河,a3a9a65d-cca0-4775-99c1-4c5e1e19de4d,陕西,西安,,,2025-03-01,2026-03-01,2,serial_id,asc,62,2026-03-10T10:50:32+00:00
2d7f45b9-ca68-4c7a-af07-65d28b629dd8,2026012500249,2,0,11,2026-01-25 08:30,2026-01-25 10:00,41086,DOVER晶莹,陕西省,西安市,莲湖区,丰庆公园,2d7f45b9-ca68-4c7a-af07-65d28b629dd8,陕西,西安,,,2025-03-01,2026-03-01,2,serial_id,asc,62,2026-03-10T10:50:32+00:00
19b26076-8fb9-4f7d-851f-896fd8197cb2,2026012500569,2,0,4,2026-01-25 11:00,2026-01-25 12:00,74051,一山一水,陕西省,西安市,莲湖区,莲湖公园,19b26076-8fb9-4f7d-851f-896fd8197cb2,陕西,西安,,,2025-03-01,2026-03-01,2,serial_id,asc,62,2026-03-10T10:50:32+00:00
e2e55506-0775-4711-ae3d-53207d61a0fe,2026012500654,2,0,6,2026-01-25 11:00,2026-01-25 12:00,47058,寄居蟹,陕西省,西安市,长安区,西北工业大学长安校区海天苑,e2e55506-0775-4711-ae3d-53207d61a0fe,陕西,西安,,,2025-03-01,2026-03-01,2,serial_id,asc,62,2026-03-10T10:50:32+00:00
4111856f-e132-4239-baf2-f6f6266ea877,2026012501340,2,0,31,2026-01-25 09:20,2026-01-25 13:30,54636,鹊影,陕西省,西安市,长安区,圭峰寺,4111856f-e132-4239-baf2-f6f6266ea877,陕西,西安,,,2025-03-01,2026-03-01,2,serial_id,asc,62,2026-03-10T10:50:32+00:00
f3b04ab4-e0af-4d67-9ce8-700a4a683ab2,2026012501344,2,0,31,2026-01-25 09:20,2026-01-25 13:30,95682,鲸鱼Ren,陕西省,西安市,长安区,圭峰寺,f3b04ab4-e0af-4d67-9ce8-700a4a683ab2,陕西,西安,,,2025-03-01,2026-03-01,2,serial_id,asc,62,2026-03-10T10:50:32+00:00
bb77149f-2aaa-47e7-9e29-c95614f7db5b,2026012501969,2,0,20,2026-01-25 11:20,2026-01-25 12:01,20420,xian2020,陕西省,西安市,周至县,杨凌渭河湿地生态公园,bb77149f-2aaa-47e7-9e29-c95614f7db5b,陕西,西安,,,2025-03-01,2026-03-01,2,serial_id,asc,62,2026-03-10T10:50:32+00:00
9d886dd1-859d-4dea-ba33-8a0dc45fdd65,2026012502095,2,0,13,2026-01-25 14:42,2026-01-25 15:27,54636,鹊影,陕西省,西安市,莲湖区,丰庆公园,9d886dd1-859d-4dea-ba33-8a0dc45fdd65,陕西,西安,,,2025-03-01,2026-03-01,2,serial_id,asc,62,2026-03-10T10:50:32+00:00
a396df8a-3861-4ddd-bdc7-0ffbf8656151,2026012502120,2,0,13,2026-01-25 14:42,2026-01-25 15:27,95682,鲸鱼Ren,陕西省,西安市,莲湖区,丰庆公园,a396df8a-3861-4ddd-bdc7-0ffbf8656151,陕西,西安,,,2025-03-01,2026-03-01,2,serial_id,asc,62,2026-03-10T10:50:32+00:00
398c0c3e-d0fc-4bf0-b7db-01af1456f2ab,2026012502787,2,0,14,2026-01-25 19:00,2026-01-25 20:00,66398,香香鸡贴贴,陕西省,西安市,长安区,西工大长安校区,398c0c3e-d0fc-4bf0-b7db-01af1456f2ab,陕西,西安,,,2025-03-01,2026-03-01,2,serial_id,asc,62,2026-03-10T10:50:32+00:00
c63b7cbb-9f4d-46b0-bf39-1192f468e50b,2026012502854,2,0,12,2026-01-25 11:00,2026-01-25 13:00,63026,gallups,陕西省,西安市,莲湖区,丰庆公园,c63b7cbb-9f4d-46b0-bf39-1192f468e50b,陕西,西安,,,2025-03-01,2026-03-01,2,serial_id,asc,62,2026-03-10T10:50:32+00:00
63ba2f16-d488-453c-8de9-edff0b2607d8,2026012502875,2,0,21,2026-01-25 19:00,2026-01-25 20:00,66398,香香鸡贴贴,陕西省,西安市,长安区,祥峪森林公园附近,63ba2f16-d488-453c-8de9-edff0b2607d8,陕西,西安,,,2025-03-01,2026-03-01,2,serial_id,asc,62,2026-03-10T10:50:32+00:00
67001a82-036d-4fd9-8357-6acab1e9b719,2026012503098,2,0,23,2026-01-25 10:39,2026-01-25 12:39,74505,ppop,陕西省,西安市,灞桥区,灞渭桥车游湿地公园,67001a82-036d-4fd9-8357-6acab1e9b719,陕西,西安,,,2025-03-01,2026-03-01,2,serial_id,asc,62,2026-03-10T10:50:32+00:00
69b87134-9e63-4128-b6e2-495616b4db98,2026012503168,2,0,7,2025-11-03 13:00,2025-11-03 14:00,15366,yassinlong,陕西省,西安市,莲湖区,陕西省气象局北关小区,69b87134-9e63-4128-b6e2-495616b4db98,陕西,西安,,,2025-03-01,2026-03-01,2,serial_id,asc,62,2026-03-10T10:50:32+00:00
a95a8ed2-3c8e-4638-b784-4fdf53b9e69b,2026012503377,2,0,4,2026-01-13 15:52,2026-01-13 17:52,71401,高蓓,陕西省,西安市,鄠邑区,涝渭湿地公园,a95a8ed2-3c8e-4638-b784-4fdf53b9e69b,陕西,西安,,,2025-03-01,2026-03-01,2,serial_id,asc,63,2026-03-10T10:50:35+00:00
fb212ad0-c868-421f-84e4-49d8299aa50d,2026012503520,2,0,1,2026-01-25 10:01,2026-01-25 13:01,93172,wanglei55581,陕西省,西安市,雁塔区,西安植物园,fb212ad0-c868-421f-84e4-49d8299aa50d,陕西,西安,,,2025-03-01,2026-03-01,2,serial_id,asc,63,2026-03-10T10:50:35+00:00
ca836ef1-13ab-42fc-b786-078c112811b9,2026012600501,2,0,7,2026-01-26 11:00,2026-01-26 12:00,74051,一山一水,陕西省,西安市,新城区,新城区革命公园(西五路北),ca836ef1-13ab-42fc-b786-078c112811b9,陕西,西安,,,2025-03-01,2026-03-01,2,serial_id,asc,63,2026-03-10T10:50:35+00:00
45c2c093-4e69-4a98-b5e0-6b1e8ca87d51,2026012600791,2,0,11,2026-01-26 13:00,2026-01-26 14:00,77627,Bustellar,陕西省,西安市,雁塔区,西安新植物园,45c2c093-4e69-4a98-b5e0-6b1e8ca87d51,陕西,西安,,,2025-03-01,2026-03-01,2,serial_id,asc,63,2026-03-10T10:50:35+00:00
cbdf0e1e-06e7-4ec8-a5a2-90f015483afd,2026012700804,2,0,12,2026-01-27 14:00,2026-01-27 15:00,74051,一山一水,陕西省,西安市,碑林区,兴庆宫公园,cbdf0e1e-06e7-4ec8-a5a2-90f015483afd,陕西,西安,,,2025-03-01,2026-03-01,2,serial_id,asc,63,2026-03-10T10:50:35+00:00
41ab727c-7f6e-482e-82ba-9b68a7a7578f,2026012700843,2,0,2,2026-01-27 14:00,2026-01-27 15:00,74051,一山一水,陕西省,西安市,碑林区,兴庆宫公园,41ab727c-7f6e-482e-82ba-9b68a7a7578f,陕西,西安,,,2025-03-01,2026-03-01,2,serial_id,asc,63,2026-03-10T10:50:35+00:00
e0011085-5cac-431b-9e60-eede9349f8fb,2026012700859,2,0,1,2026-01-27 14:00,2026-01-27 15:00,74051,一山一水,陕西省,西安市,碑林区,兴庆宫公园,e0011085-5cac-431b-9e60-eede9349f8fb,陕西,西安,,,2025-03-01,2026-03-01,2,serial_id,asc,63,2026-03-10T10:50:35+00:00
616321f2-7ae4-4254-b76e-f3bc7ae894ce,2026012700970,2,0,7,2026-01-27 15:00,2026-01-27 16:00,73554,白鹡鸰早起去观鸟,陕西省,西安市,碑林区,西安理工大学(金花校区),616321f2-7ae4-4254-b76e-f3bc7ae894ce,陕西,西安,,,2025-03-01,2026-03-01,2,serial_id,asc,63,2026-03-10T10:50:35+00:00
b3ef2e70-e923-4b74-b931-7251e5635dbb,2026012701008,2,0,7,2026-01-27 15:00,2026-01-27 16:00,100154,Caster,陕西省,西安市,新城区,长乐公园,b3ef2e70-e923-4b74-b931-7251e5635dbb,陕西,西安,,,2025-03-01,2026-03-01,2,serial_id,asc,63,2026-03-10T10:50:35+00:00
7b39bde8-16a6-4954-903a-64a141244857,2026012701627,2,0,10,2026-01-22 15:30,2026-01-22 18:00,103421,glow,陕西省,西安市,长安区,樊川公园,7b39bde8-16a6-4954-903a-64a141244857,陕西,西安,,,2025-03-01,2026-03-01,2,serial_id,asc,63,2026-03-10T10:50:35+00:00
d15cc728-db69-438a-999e-cca212763382,2026012701717,2,0,50,2026-01-27 13:40,2026-01-27 17:00,21573,啊般配,陕西省,西安市,灞桥区,灞渭生态滩区,d15cc728-db69-438a-999e-cca212763382,陕西,西安,,,2025-03-01,2026-03-01,2,serial_id,asc,63,2026-03-10T10:50:35+00:00
38856966-b9cf-451f-812c-85eaa85063c2,2026012702031,2,0,31,2026-01-25 09:20,2026-01-25 13:30,72654,风亭,陕西省,西安市,长安区,圭峰寺,38856966-b9cf-451f-812c-85eaa85063c2,陕西,西安,,,2025-03-01,2026-03-01,2,serial_id,asc,63,2026-03-10T10:50:35+00:00
f35e6fdd-1868-4f5c-bbc9-33a35ef9645f,2026012800034,2,0,29,2026-01-27 15:00,2026-01-27 17:30,92707,XJTUGXY,陕西省,西安市,鄠邑区,涝渭湿地公园,f35e6fdd-1868-4f5c-bbc9-33a35ef9645f,陕西,西安,,,2025-03-01,2026-03-01,2,serial_id,asc,63,2026-03-10T10:50:35+00:00
e3961567-a401-49e6-90fb-6ec76212f63f,2026012800441,2,0,24,2026-01-28 09:20,2026-01-28 11:20,70590,Elim看鸟,陕西省,西安市,碑林区,兴庆宫公园,e3961567-a401-49e6-90fb-6ec76212f63f,陕西,西安,,,2025-03-01,2026-03-01,2,serial_id,asc,63,2026-03-10T10:50:35+00:00
51544615-1426-4d07-b640-b257aaeb97ec,2026012801076,2,0,14,2026-01-28 16:00,2026-01-28 17:00,46419,祝流,陕西省,西安市,莲湖区,丰庆公园,51544615-1426-4d07-b640-b257aaeb97ec,陕西,西安,,,2025-03-01,2026-03-01,2,serial_id,asc,63,2026-03-10T10:50:35+00:00
af0a0441-6dec-47d5-9a06-2917c0c59009,2026012801356,2,0,18,2026-01-28 18:00,2026-01-28 19:00,85816,Moring,陕西省,西安市,长安区,圭峰寺,af0a0441-6dec-47d5-9a06-2917c0c59009,陕西,西安,,,2025-03-01,2026-03-01,2,serial_id,asc,63,2026-03-10T10:50:35+00:00
7cab2123-36e2-48c8-a292-e7a5b7b4e180,2026012801503,2,0,1,2026-01-14 14:12,2026-01-14 15:12,73554,白鹡鸰早起去观鸟,陕西省,西安市,碑林区,兴庆宫公园,7cab2123-36e2-48c8-a292-e7a5b7b4e180,陕西,西安,,,2025-03-01,2026-03-01,2,serial_id,asc,63,2026-03-10T10:50:35+00:00
cbe20468-5ea0-4e84-be07-2570c9689362,2026012900064,2,0,2,2026-01-29 04:00,2026-01-29 05:00,74051,一山一水,陕西省,西安市,碑林区,兴庆宫公园,cbe20468-5ea0-4e84-be07-2570c9689362,陕西,西安,,,2025-03-01,2026-03-01,2,serial_id,asc,63,2026-03-10T10:50:35+00:00
9d61a193-da28-4a10-9bb6-c74b5ceb391e,2026012901275,2,0,3,2026-01-22 12:07,2026-01-22 13:07,50751,lycorisin,陕西省,西安市,莲湖区,丰庆公园,9d61a193-da28-4a10-9bb6-c74b5ceb391e,陕西,西安,,,2025-03-01,2026-03-01,2,serial_id,asc,63,2026-03-10T10:50:35+00:00
7d9f779b-9877-47c1-aab1-20eba2335d41,2026012901278,2,0,3,2026-01-27 15:09,2026-01-27 16:09,50751,lycorisin,陕西省,西安市,灞桥区,灞河西岸滨河公园(灞柳西路4号附近),7d9f779b-9877-47c1-aab1-20eba2335d41,陕西,西安,,,2025-03-01,2026-03-01,2,serial_id,asc,63,2026-03-10T10:50:35+00:00
190b66c6-fe3a-4ece-9409-f991bcaadc28,2026013000323,2,0,11,2026-01-30 11:00,2026-01-30 12:00,77627,Bustellar,陕西省,西安市,雁塔区,西安新植物园,190b66c6-fe3a-4ece-9409-f991bcaadc28,陕西,西安,,,2025-03-01,2026-03-01,2,serial_id,asc,63,2026-03-10T10:50:35+00:00
1a4857a3-a742-47a9-90ad-a94f68d9f122,2026013000445,2,0,5,2026-01-30 13:00,2026-01-30 14:00,105049,神鱼,陕西省,西安市,碑林区,陕西测绘地理信息局,1a4857a3-a742-47a9-90ad-a94f68d9f122,陕西,西安,,,2025-03-01,2026-03-01,2,serial_id,asc,63,2026-03-10T10:50:35+00:00
9d89e1ce-c879-4aa9-8cd5-62689c8aa180,2026013000786,2,0,23,2026-01-30 13:00,2026-01-30 16:27,83779,叶安,陕西省,西安市,灞桥区,雁鸣湖,9d89e1ce-c879-4aa9-8cd5-62689c8aa180,陕西,西安,,,2025-03-01,2026-03-01,2,serial_id,asc,63,2026-03-10T10:50:35+00:00
fe0c3645-a148-4701-a1ff-64b8cb4a6433,2026013100371,2,0,23,2026-01-31 09:22,2026-01-31 10:22,14666,Cladonia,陕西省,西安市,周至县,杨凌渭河湿地生态公园,fe0c3645-a148-4701-a1ff-64b8cb4a6433,陕西,西安,,,2025-03-01,2026-03-01,2,serial_id,asc,63,2026-03-10T10:50:35+00:00
bf9d2aeb-fcb6-4722-b7db-07e4157d3ab4,2026013100648,2,0,16,2026-01-31 11:00,2026-01-31 12:00,22366,688chxiuq,陕西省,西安市,蓝田县,王家岭南575米,bf9d2aeb-fcb6-4722-b7db-07e4157d3ab4,陕西,西安,,,2025-03-01,2026-03-01,2,serial_id,asc,63,2026-03-10T10:50:35+00:00
747efca1-84c5-49ee-9d21-e6ecc7441a65,2026013100982,2,0,20,2025-12-27 09:00,2025-12-27 10:00,45365,亮亮的观鸟日常,陕西省,西安市,鄠邑区,鄠邑区育德湖西南100米(连霍高速北),747efca1-84c5-49ee-9d21-e6ecc7441a65,陕西,西安,,,2025-03-01,2026-03-01,2,serial_id,asc,63,2026-03-10T10:50:35+00:00
88902900-6a9c-4e58-b477-3a0a47cf3486,2026013101163,2,0,9,2026-01-31 09:00,2026-01-31 10:40,70056,AnneFiona,陕西省,西安市,鄠邑区,涝渭湿地公园,88902900-6a9c-4e58-b477-3a0a47cf3486,陕西,西安,,,2025-03-01,2026-03-01,2,serial_id,asc,63,2026-03-10T10:50:35+00:00
4ea6fe9b-4fab-4b16-8118-e265ab79ed40,2026013101833,2,0,33,2026-01-31 11:45,2026-01-31 18:00,73554,白鹡鸰早起去观鸟,陕西省,西安市,长安区,圭峰山,4ea6fe9b-4fab-4b16-8118-e265ab79ed40,陕西,西安,,,2025-03-01,2026-03-01,2,serial_id,asc,63,2026-03-10T10:50:35+00:00
6d62ceaa-a4cc-49ee-8846-8523b579bddd,2026013101834,2,0,14,2026-01-31 16:49,2026-01-31 18:00,73554,白鹡鸰早起去观鸟,陕西省,西安市,长安区,秦岭和谐森林公园,6d62ceaa-a4cc-49ee-8846-8523b579bddd,陕西,西安,,,2025-03-01,2026-03-01,2,serial_id,asc,63,2026-03-10T10:50:35+00:00
c743e6ea-edbc-47c7-8f48-20ab39c3a4f4,2026013102417,2,0,4,2026-01-31 09:44,2026-01-31 11:44,56415,普通秋沙鸭,陕西省,西安市,鄠邑区,涝渭湿地公园,c743e6ea-edbc-47c7-8f48-20ab39c3a4f4,陕西,西安,,,2025-03-01,2026-03-01,2,serial_id,asc,63,2026-03-10T10:50:35+00:00
d5af041a-cce6-4460-a450-fd6b8a9a9e0b,2026013102423,2,0,16,2026-01-31 20:00,2026-01-31 21:00,85816,Moring,陕西省,西安市,雁塔区,西安植物园,d5af041a-cce6-4460-a450-fd6b8a9a9e0b,陕西,西安,,,2025-03-01,2026-03-01,2,serial_id,asc,63,2026-03-10T10:50:35+00:00
f61770af-de02-44ef-a730-8cfaf83b6daa,2026013102445,2,0,11,2026-01-31 12:47,2026-01-31 16:47,56415,普通秋沙鸭,陕西省,西安市,长安区,圭峰寺,f61770af-de02-44ef-a730-8cfaf83b6daa,陕西,西安,,,2025-03-01,2026-03-01,2,serial_id,asc,63,2026-03-10T10:50:35+00:00
2c0bc257-a0ed-4230-b4ec-6803b7881037,2026020100064,2,0,35,2026-01-31 08:30,2026-01-31 12:30,15090,刑小天在西交创新港,陕西省,西安市,长安区,昆明池·七夕公园,2c0bc257-a0ed-4230-b4ec-6803b7881037,陕西,西安,,,2025-03-01,2026-03-01,2,serial_id,asc,63,2026-03-10T10:50:35+00:00
0e70db94-3058-409f-b4bd-66646820590e,2026020100887,2,0,14,2026-02-01 11:00,2026-02-01 12:00,65895,欧阳尖尖,陕西省,西安市,碑林区,兴庆公园,0e70db94-3058-409f-b4bd-66646820590e,陕西,西安,,,2025-03-01,2026-03-01,2,serial_id,asc,63,2026-03-10T10:50:35+00:00
610d3e9f-3b72-4d9f-9103-15a876e25bd9,2026020100985,2,0,23,2026-02-01 10:04,2026-02-01 13:00,5841,绿队可乐,陕西省,西安市,灞桥区,浐灞湿地,610d3e9f-3b72-4d9f-9103-15a876e25bd9,陕西,西安,,,2025-03-01,2026-03-01,2,serial_id,asc,63,2026-03-10T10:50:35+00:00
b376692e-787e-4d7f-82f0-b99dfc65960c,2026020101155,2,0,17,2026-02-01 10:30,2026-02-01 12:30,15366,yassinlong,陕西省,西安市,新城区,大明宫国家遗址公园,b376692e-787e-4d7f-82f0-b99dfc65960c,陕西,西安,,,2025-03-01,2026-03-01,2,serial_id,asc,63,2026-03-10T10:50:35+00:00
76ccb5ce-7ed1-48df-8031-8f6d8a826bad,2026020102196,2,0,9,2026-02-01 16:00,2026-02-01 17:00,96897,草东,陕西省,西安市,灞桥区,雁鸣湖休闲公园,76ccb5ce-7ed1-48df-8031-8f6d8a826bad,陕西,西安,,,2025-03-01,2026-03-01,2,serial_id,asc,63,2026-03-10T10:50:35+00:00
c4b5b692-5530-44ac-84d9-01be3eb1b4a7,2026020102367,2,0,2,2026-01-19 17:11,2026-01-19 17:20,77627,Bustellar,陕西省,西安市,莲湖区,莲湖区无极公园(顺城南路西段北50米),c4b5b692-5530-44ac-84d9-01be3eb1b4a7,陕西,西安,,,2025-03-01,2026-03-01,2,serial_id,asc,63,2026-03-10T10:50:35+00:00
32f5641c-e11a-4833-92f5-61bc2e302691,2026020102438,2,0,1,2026-02-01 07:00,2026-02-01 19:00,105387,lirongcas,陕西省,西安市,长安区,长安区翠华山国家地质公园,32f5641c-e11a-4833-92f5-61bc2e302691,陕西,西安,,,2025-03-01,2026-03-01,2,serial_id,asc,63,2026-03-10T10:50:35+00:00
4361fe6a-4ae8-4bb4-8a88-7804cb56e299,2026020102457,2,0,9,2026-02-01 13:00,2026-02-01 14:00,29589,Beluga,陕西省,西安市,长安区,祥峪森林公园楼牌,4361fe6a-4ae8-4bb4-8a88-7804cb56e299,陕西,西安,,,2025-03-01,2026-03-01,2,serial_id,asc,63,2026-03-10T10:50:35+00:00
cd73f8c9-4139-4c26-a05a-aecf3aaf69f8,2026020102488,2,0,40,2026-02-01 09:00,2026-02-01 12:00,30320,户外农夫,陕西省,西安市,高陵区,泾渭湿地,cd73f8c9-4139-4c26-a05a-aecf3aaf69f8,陕西,西安,,,2025-03-01,2026-03-01,2,serial_id,asc,63,2026-03-10T10:50:35+00:00
b71e9819-a06d-41fd-885f-913401c1997d,2026020102500,2,0,1,2026-02-01 07:00,2026-02-01 19:00,105387,lirongcas,陕西省,西安市,长安区,长安区翠华山国家地质公园,b71e9819-a06d-41fd-885f-913401c1997d,陕西,西安,,,2025-03-01,2026-03-01,2,serial_id,asc,63,2026-03-10T10:50:35+00:00
0db21510-52a4-4b76-92a8-c99f5e6e09f8,2026020102512,2,0,1,2026-02-01 07:00,2026-02-01 19:00,105387,lirongcas,陕西省,西安市,长安区,长安区翠华山国家地质公园,0db21510-52a4-4b76-92a8-c99f5e6e09f8,陕西,西安,,,2025-03-01,2026-03-01,2,serial_id,asc,63,2026-03-10T10:50:35+00:00
89716517-ea4e-41e6-a689-5726ffe2b4f9,2026020102525,2,0,1,2026-02-01 07:00,2026-02-01 19:00,105387,lirongcas,陕西省,西安市,长安区,长安区翠华山国家地质公园,89716517-ea4e-41e6-a689-5726ffe2b4f9,陕西,西安,,,2025-03-01,2026-03-01,2,serial_id,asc,63,2026-03-10T10:50:35+00:00
32c46503-a170-4fb6-bb29-66d754cf858f,2026020102548,2,0,1,2026-02-01 07:00,2026-02-01 19:00,105387,lirongcas,陕西省,西安市,鄠邑区,涝渭湿地公园,32c46503-a170-4fb6-bb29-66d754cf858f,陕西,西安,,,2025-03-01,2026-03-01,2,serial_id,asc,63,2026-03-10T10:50:35+00:00
70a8aa47-ce4f-4ed8-8482-e88f4ffb8b8b,2026020102564,2,0,1,2026-02-01 07:00,2026-02-01 19:00,105387,lirongcas,陕西省,西安市,鄠邑区,涝渭湿地公园,70a8aa47-ce4f-4ed8-8482-e88f4ffb8b8b,陕西,西安,,,2025-03-01,2026-03-01,2,serial_id,asc,63,2026-03-10T10:50:35+00:00
b66792f3-ab90-410b-b395-9eaa0778e4f2,2026020102573,2,0,1,2026-02-01 07:00,2026-02-01 19:00,105387,lirongcas,陕西省,西安市,鄠邑区,涝渭湿地公园,b66792f3-ab90-410b-b395-9eaa0778e4f2,陕西,西安,,,2025-03-01,2026-03-01,2,serial_id,asc,63,2026-03-10T10:50:35+00:00
cfee7321-9676-419e-a3cb-1fedde501a49,2026020102579,2,0,1,2026-02-01 07:00,2026-02-01 19:00,105387,lirongcas,陕西省,西安市,鄠邑区,涝渭湿地公园,cfee7321-9676-419e-a3cb-1fedde501a49,陕西,西安,,,2025-03-01,2026-03-01,2,serial_id,asc,63,2026-03-10T10:50:35+00:00
6530f00f-2acc-42ff-b97f-06233830413b,2026020102587,2,0,1,2026-02-01 07:00,2026-02-01 19:00,105387,lirongcas,陕西省,西安市,鄠邑区,涝渭湿地公园,6530f00f-2acc-42ff-b97f-06233830413b,陕西,西安,,,2025-03-01,2026-03-01,2,serial_id,asc,63,2026-03-10T10:50:35+00:00
5a548b52-351c-4a4c-8ce3-4811c1a562cb,2026020102596,2,0,1,2026-02-01 07:00,2026-02-01 19:00,105387,lirongcas,陕西省,西安市,鄠邑区,涝渭湿地公园,5a548b52-351c-4a4c-8ce3-4811c1a562cb,陕西,西安,,,2025-03-01,2026-03-01,2,serial_id,asc,63,2026-03-10T10:50:35+00:00
c20ee845-a816-4e50-b721-3ade8c5e8655,2026020102625,2,0,1,2026-02-01 07:00,2026-02-01 19:00,105387,lirongcas,陕西省,西安市,鄠邑区,涝渭湿地公园,c20ee845-a816-4e50-b721-3ade8c5e8655,陕西,西安,,,2025-03-01,2026-03-01,2,serial_id,asc,64,2026-03-10T10:50:38+00:00
d3a94e07-a41c-4302-b9c1-c7aebe0330b3,2026020102666,2,0,1,2026-02-01 07:00,2026-02-01 20:00,105387,lirongcas,陕西省,西安市,鄠邑区,涝渭湿地公园,d3a94e07-a41c-4302-b9c1-c7aebe0330b3,陕西,西安,,,2025-03-01,2026-03-01,2,serial_id,asc,64,2026-03-10T10:50:38+00:00
30f1a297-4348-4d96-861d-45c86c7e31b3,2026020102682,2,0,1,2026-02-01 07:00,2026-02-01 20:00,105387,lirongcas,陕西省,西安市,鄠邑区,涝渭湿地公园,30f1a297-4348-4d96-861d-45c86c7e31b3,陕西,西安,,,2025-03-01,2026-03-01,2,serial_id,asc,64,2026-03-10T10:50:38+00:00
07b675cd-9ac1-46e3-b71e-ec4eed24c6b9,2026020103022,2,0,15,2026-02-01 15:00,2026-02-01 17:20,99871,aino,陕西省,西安市,长安区,昆明池·七夕公园,07b675cd-9ac1-46e3-b71e-ec4eed24c6b9,陕西,西安,,,2025-03-01,2026-03-01,2,serial_id,asc,64,2026-03-10T10:50:38+00:00
67c75b3b-8711-4b45-952d-6cb1adf51402,2026020103892,2,0,15,2026-02-01 14:51,2026-02-01 17:51,38980,浮岚儿,陕西省,西安市,未央区,浐灞国家湿地公园,67c75b3b-8711-4b45-952d-6cb1adf51402,陕西,西安,,,2025-03-01,2026-03-01,2,serial_id,asc,64,2026-03-10T10:50:38+00:00
d1e26494-dc2b-4062-a43f-e178a1eec289,2026020200361,2,0,7,2026-02-02 09:00,2026-02-02 10:00,3975,稷朝,陕西省,西安市,未央区,草滩街道河堤路,d1e26494-dc2b-4062-a43f-e178a1eec289,陕西,西安,,,2025-03-01,2026-03-01,2,serial_id,asc,64,2026-03-10T10:50:38+00:00
f82cb071-7008-4c24-8dcf-57fa818f080e,2026020200954,2,0,21,2026-02-02 13:00,2026-02-02 14:00,71553,党子恒,陕西省,西安市,莲湖区,丰庆公园,f82cb071-7008-4c24-8dcf-57fa818f080e,陕西,西安,,,2025-03-01,2026-03-01,2,serial_id,asc,64,2026-03-10T10:50:38+00:00
63138f75-66ba-4258-9c6c-4ed138d26234,2026020201036,2,0,11,2026-02-02 13:00,2026-02-02 14:00,46419,祝流,陕西省,西安市,莲湖区,丰庆公园,63138f75-66ba-4258-9c6c-4ed138d26234,陕西,西安,,,2025-03-01,2026-03-01,2,serial_id,asc,64,2026-03-10T10:50:38+00:00
f918fef8-27f1-4fac-b0a3-27f6a66f2ef1,2026020201246,2,0,17,2026-02-02 14:00,2026-02-02 15:00,22366,688chxiuq,陕西省,西安市,灞桥区,灞渭生态滩区,f918fef8-27f1-4fac-b0a3-27f6a66f2ef1,陕西,西安,,,2025-03-01,2026-03-01,2,serial_id,asc,64,2026-03-10T10:50:38+00:00
582af36a-7452-4090-abe5-ca2fcf74d9b5,2026020201276,2,0,17,2025-12-07 09:56,2025-12-07 15:56,77627,Bustellar,陕西省,西安市,长安区,圭峰寺-高冠峪,582af36a-7452-4090-abe5-ca2fcf74d9b5,陕西,西安,,,2025-03-01,2026-03-01,2,serial_id,asc,64,2026-03-10T10:50:38+00:00
c5e9018a-3285-4a05-8628-1ee83af197ec,2026020201570,2,0,12,2026-02-02 14:00,2026-02-02 17:19,83779,叶安,陕西省,西安市,莲湖区,丰庆公园,c5e9018a-3285-4a05-8628-1ee83af197ec,陕西,西安,,,2025-03-01,2026-03-01,2,serial_id,asc,64,2026-03-10T10:50:38+00:00
420d64da-2309-4796-a5bf-f6cbefb3a899,2026020201603,2,0,21,2026-02-02 13:00,2026-02-02 17:00,20420,xian2020,陕西省,西安市,长安区,樊川公园,420d64da-2309-4796-a5bf-f6cbefb3a899,陕西,西安,,,2025-03-01,2026-03-01,2,serial_id,asc,64,2026-03-10T10:50:38+00:00
2b242685-a2c4-4b24-b1c7-ec1d463d032c,2026020201780,2,0,17,2026-02-02 17:00,2026-02-02 18:00,71553,党子恒,陕西省,西安市,长安区,长安区昆明池·七夕公园,2b242685-a2c4-4b24-b1c7-ec1d463d032c,陕西,西安,,,2025-03-01,2026-03-01,2,serial_id,asc,64,2026-03-10T10:50:38+00:00
1cfebbe8-344a-42e4-a3a2-b62ad20683a6,2026020201932,2,0,7,2026-02-02 18:00,2026-02-02 19:00,22384,牧马人,陕西省,西安市,未央区,大明宫国家遗址公园,1cfebbe8-344a-42e4-a3a2-b62ad20683a6,陕西,西安,,,2025-03-01,2026-03-01,2,serial_id,asc,64,2026-03-10T10:50:38+00:00
6a713784-79e3-43a5-b92c-6f8927611aab,2026020202021,2,0,23,2026-02-02 18:00,2026-02-02 19:00,60049,lyrain86,陕西省,西安市,周至县,杨凌渭河湿地生态公园,6a713784-79e3-43a5-b92c-6f8927611aab,陕西,西安,,,2025-03-01,2026-03-01,2,serial_id,asc,64,2026-03-10T10:50:38+00:00
ce8c8a7a-1f8c-4f89-a2e2-7671170933a6,2026020202095,2,0,13,2026-02-01 14:00,2026-02-01 15:30,15123,百步穿杨_2011,陕西省,西安市,长安区,圭峰寺,ce8c8a7a-1f8c-4f89-a2e2-7671170933a6,陕西,西安,,,2025-03-01,2026-03-01,2,serial_id,asc,64,2026-03-10T10:50:38+00:00
1fa8d842-a4ec-464d-913a-49542ceb88e5,2026020202114,2,0,15,2026-02-02 10:20,2026-02-02 15:20,84884,xxw2025,陕西省,西安市,长安区,西安秦岭野生动物园,1fa8d842-a4ec-464d-913a-49542ceb88e5,陕西,西安,,,2025-03-01,2026-03-01,2,serial_id,asc,64,2026-03-10T10:50:38+00:00
52a5a749-dd70-4ee4-88ee-e1166bed1920,2026020300460,2,0,19,2026-02-03 11:00,2026-02-03 14:00,77627,Bustellar,陕西省,西安市,雁塔区,西安新植物园,52a5a749-dd70-4ee4-88ee-e1166bed1920,陕西,西安,,,2025-03-01,2026-03-01,2,serial_id,asc,64,2026-03-10T10:50:38+00:00
d25de16d-035e-4e30-ad9f-69debc9ab002,2026020300493,2,0,12,2026-02-03 09:46,2026-02-03 11:46,56311,junozhi,陕西省,西安市,周至县,秦岭四宝科学公园,d25de16d-035e-4e30-ad9f-69debc9ab002,陕西,西安,,,2025-03-01,2026-03-01,2,serial_id,asc,64,2026-03-10T10:50:38+00:00
e4e58994-9b10-4334-8a81-712f80cbb003,2026020301081,2,0,9,2026-02-03 15:00,2026-02-03 16:00,37241,漱石,陕西省,西安市,长安区,仪祉湖,e4e58994-9b10-4334-8a81-712f80cbb003,陕西,西安,,,2025-03-01,2026-03-01,2,serial_id,asc,64,2026-03-10T10:50:38+00:00
0b0c453c-817e-4490-9a1a-e7e8c20a90fa,2026020301088,2,0,2,2026-02-03 15:00,2026-02-03 16:00,22384,牧马人,陕西省,西安市,灞桥区,西安半坡博物馆,0b0c453c-817e-4490-9a1a-e7e8c20a90fa,陕西,西安,,,2025-03-01,2026-03-01,2,serial_id,asc,64,2026-03-10T10:50:38+00:00
9e94b872-9352-44c1-90b2-3f1270a5f20c,2026020301185,2,0,4,2026-02-03 16:00,2026-02-03 17:00,78007,汛子,陕西省,西安市,雁塔区,雁南公园,9e94b872-9352-44c1-90b2-3f1270a5f20c,陕西,西安,,,2025-03-01,2026-03-01,2,serial_id,asc,64,2026-03-10T10:50:38+00:00
398b2e5d-540b-4b2a-95bd-10fc29a2b3da,2026020301193,2,0,12,2026-02-03 15:00,2026-02-03 16:00,37241,漱石,陕西省,西安市,长安区,沣河梁家滩湿 地,398b2e5d-540b-4b2a-95bd-10fc29a2b3da,陕西,西安,,,2025-03-01,2026-03-01,2,serial_id,asc,64,2026-03-10T10:50:38+00:00
4f601f92-bf14-4258-b2c8-6433b801064d,2026020301416,2,0,17,2026-02-03 17:00,2026-02-03 18:00,71553,党子恒,陕西省,西安市,碑林区,兴庆宫公园,4f601f92-bf14-4258-b2c8-6433b801064d,陕西,西安,,,2025-03-01,2026-03-01,2,serial_id,asc,64,2026-03-10T10:50:38+00:00
64c89ea8-d0e0-4fd6-a209-7339a3372855,2026020301638,2,0,20,2026-02-03 18:00,2026-02-03 19:00,81148,qwer,陕西省,西安市,阎良区,西安市阎良清河,64c89ea8-d0e0-4fd6-a209-7339a3372855,陕西,西安,,,2025-03-01,2026-03-01,2,serial_id,asc,64,2026-03-10T10:50:38+00:00
cb839c67-7733-4386-b98f-b70b1c60d4fb,2026020301988,2,0,17,2026-02-03 16:00,2026-02-03 17:00,36559,一鸮,陕西省,西安市,长安区,沣河梁家滩湿地,cb839c67-7733-4386-b98f-b70b1c60d4fb,陕西,西安,,,2025-03-01,2026-03-01,2,serial_id,asc,64,2026-03-10T10:50:38+00:00
7884b833-ba18-4715-bf63-d33150406f10,2026020302019,2,0,43,2026-02-03 09:30,2026-02-03 14:00,38188,Zooey,陕西省,西安市,长安区,圭峰寺,7884b833-ba18-4715-bf63-d33150406f10,陕西,西安,,,2025-03-01,2026-03-01,2,serial_id,asc,64,2026-03-10T10:50:38+00:00
7324368b-938a-4611-899c-6de50a4dfad5,2026020400231,2,0,17,2026-02-03 16:00,2026-02-03 17:00,38188,Zooey,陕西省,西安市,长安区,沣河梁家滩湿地,7324368b-938a-4611-899c-6de50a4dfad5,陕西,西安,,,2025-03-01,2026-03-01,2,serial_id,asc,64,2026-03-10T10:50:38+00:00
1e674012-c2cc-44e6-bbcb-50da88e84133,2026020400775,2,0,10,2026-01-29 15:00,2026-01-29 17:00,92707,XJTUGXY,陕西省,西安市,碑林区,兴庆宫公园,1e674012-c2cc-44e6-bbcb-50da88e84133,陕西,西安,,,2025-03-01,2026-03-01,2,serial_id,asc,64,2026-03-10T10:50:38+00:00
58ccf375-6704-4fe5-a039-553cc6f050ac,2026020401695,2,0,21,2026-02-04 14:00,2026-02-04 18:22,83779,叶安,陕西省,西安市,碑林区,兴庆宫公园(西安市碑林区咸宁西路55号),58ccf375-6704-4fe5-a039-553cc6f050ac,陕西,西安,,,2025-03-01,2026-03-01,2,serial_id,asc,64,2026-03-10T10:50:38+00:00
1a4f152f-37bd-40fb-a77f-c7e11cb55faf,2026020500408,2,0,20,2026-02-05 08:43,2026-02-05 10:43,87423,糕糕在上的高高鸡,陕西省,西安市,雁塔区,西安新植物园,1a4f152f-37bd-40fb-a77f-c7e11cb55faf,陕西,西安,,,2025-03-01,2026-03-01,2,serial_id,asc,64,2026-03-10T10:50:38+00:00
04cc30d0-6896-43e0-a68d-ed40f1027f23,2026020500730,2,0,5,2026-02-05 12:00,2026-02-05 13:00,81503,zhouzhou,陕西省,西安市,蓝田县,水陆庵,04cc30d0-6896-43e0-a68d-ed40f1027f23,陕西,西安,,,2025-03-01,2026-03-01,2,serial_id,asc,64,2026-03-10T10:50:38+00:00
5020c2b3-2dab-4338-9c91-838373ee7fe8,2026020500733,2,0,2,2026-02-05 12:00,2026-02-05 13:00,81503,zhouzhou,陕西省,西安市,临潼区,秦始皇兵马俑博物馆,5020c2b3-2dab-4338-9c91-838373ee7fe8,陕西,西安,,,2025-03-01,2026-03-01,2,serial_id,asc,64,2026-03-10T10:50:38+00:00
8fe4b2a2-be54-46d9-88ff-e83b0d4609dc,2026020500919,2,0,1,2026-02-05 14:00,2026-02-05 15:00,71553,党子恒,陕西省,西安市,长安区,祥峪森林公园楼牌,8fe4b2a2-be54-46d9-88ff-e83b0d4609dc,陕西,西安,,,2025-03-01,2026-03-01,2,serial_id,asc,64,2026-03-10T10:50:38+00:00
6ba675d3-83fc-4426-b8ff-6ae4136203f8,2026020501373,2,0,2,2026-02-05 16:00,2026-02-05 17:00,81503,zhouzhou,陕西省,西安市,雁塔区,大兴善寺,6ba675d3-83fc-4426-b8ff-6ae4136203f8,陕西,西安,,,2025-03-01,2026-03-01,2,serial_id,asc,64,2026-03-10T10:50:38+00:00
7e91ae79-b60b-4a35-abbb-ce36277a6c95,2026020501809,2,0,25,2026-02-04 10:00,2026-02-04 15:00,97309,红尾蚺,陕西省,西安市,长安区,圭峰寺-高冠峪,7e91ae79-b60b-4a35-abbb-ce36277a6c95,陕西,西安,,,2025-03-01,2026-03-01,2,serial_id,asc,64,2026-03-10T10:50:38+00:00
998891d6-487f-4476-a4b9-63fa7cb1ea09,2026020501997,2,0,19,2026-02-05 20:00,2026-02-05 21:00,71553,党子恒,陕西省,西安市,长安区,圭峰寺,998891d6-487f-4476-a4b9-63fa7cb1ea09,陕西,西安,,,2025-03-01,2026-03-01,2,serial_id,asc,64,2026-03-10T10:50:38+00:00
4918d580-2a8d-4dc5-b790-54450d28209f,2026020600037,2,0,6,2026-02-05 15:26,2026-02-05 16:26,75204,雪子哥,陕西省,西安市,新城区,西安钟楼,4918d580-2a8d-4dc5-b790-54450d28209f,陕西,西安,,,2025-03-01,2026-03-01,2,serial_id,asc,64,2026-03-10T10:50:38+00:00
40c57e18-8c67-4872-9a12-a1ce43465d5f,2026020600490,2,0,9,2026-02-06 11:00,2026-02-06 12:00,45951,回声,陕西省,西安市,莲湖区,丰庆公园,40c57e18-8c67-4872-9a12-a1ce43465d5f,陕西,西安,,,2025-03-01,2026-03-01,2,serial_id,asc,64,2026-03-10T10:50:38+00:00
cafb379e-c88d-42bb-aa4f-ee7f252dfb0a,2026020600544,2,0,1,2026-02-06 12:00,2026-02-06 13:00,83227,sunxx,陕西省,西安市,阎良区,润天小区,cafb379e-c88d-42bb-aa4f-ee7f252dfb0a,陕西,西安,,,2025-03-01,2026-03-01,2,serial_id,asc,64,2026-03-10T10:50:38+00:00
14189020-63c5-4e00-9e4c-833711c82def,2026020601268,2,0,11,2026-02-06 15:00,2026-02-06 17:12,83779,叶安,陕西省,西安市,长安区,樊川公园,14189020-63c5-4e00-9e4c-833711c82def,陕西,西安,,,2025-03-01,2026-03-01,2,serial_id,asc,64,2026-03-10T10:50:38+00:00
a043708e-36ef-48b2-9a6d-7a06341377c7,2026020601350,2,0,20,2026-02-06 17:00,2026-02-06 18:00,81503,zhouzhou,陕西省,西安市,雁塔区,西安植物园,a043708e-36ef-48b2-9a6d-7a06341377c7,陕西,西安,,,2025-03-01,2026-03-01,2,serial_id,asc,64,2026-03-10T10:50:38+00:00
6c815c0a-24a3-43c6-acad-141c87bcc5c8,2026020601884,2,0,9,2026-02-06 16:00,2026-02-06 17:00,102923,LAMC,陕西省,西安市,灞桥区,灞桥生态湿地公园(柳雪路北300米),6c815c0a-24a3-43c6-acad-141c87bcc5c8,陕西,西安,,,2025-03-01,2026-03-01,2,serial_id,asc,64,2026-03-10T10:50:38+00:00
8ee7ad37-1477-44d1-9428-00887a3bcb24,2026020700009,2,0,5,2025-11-03 14:00,2025-11-03 17:00,97309,红尾蚺,陕西省,西安市,碑林区,碑林区兴庆宫公园(兴庆宫公园通阳门西北100米),8ee7ad37-1477-44d1-9428-00887a3bcb24,陕西,西安,,,2025-03-01,2026-03-01,2,serial_id,asc,64,2026-03-10T10:50:38+00:00
e8c6a4d7-9292-4c18-b165-0f2aa770ed14,2026020700011,2,0,4,2025-11-24 14:20,2025-11-24 17:20,97309,红尾蚺,陕西省,西安市,未央区,浐灞国家湿地公园,e8c6a4d7-9292-4c18-b165-0f2aa770ed14,陕西,西安,,,2025-03-01,2026-03-01,2,serial_id,asc,64,2026-03-10T10:50:38+00:00
949a0f9e-8e57-4f27-8b87-287500e01293,2026020700016,2,0,2,2025-12-06 14:00,2025-12-06 15:00,97309,红尾蚺,陕西省,西安市,莲湖区,丰庆公园,949a0f9e-8e57-4f27-8b87-287500e01293,陕西,西安,,,2025-03-01,2026-03-01,2,serial_id,asc,64,2026-03-10T10:50:38+00:00
40c48037-d5c2-4a8a-819e-415a163922e4,2026020700018,2,0,7,2025-12-08 14:29,2025-12-08 18:00,97309,红尾蚺,陕西省,西安市,长安区,十里蛤蟆滩稻花乡里农业景区,40c48037-d5c2-4a8a-819e-415a163922e4,陕西,西安,,,2025-03-01,2026-03-01,2,serial_id,asc,64,2026-03-10T10:50:38+00:00
9918cef2-0e34-4428-8b37-33643e6196b3,2026020700020,2,0,12,2025-12-10 11:30,2025-12-10 15:30,97309,红尾蚺,陕西省,西安市,碑林区,西安建筑科技大学,9918cef2-0e34-4428-8b37-33643e6196b3,陕西,西安,,,2025-03-01,2026-03-01,2,serial_id,asc,64,2026-03-10T10:50:38+00:00
7b9f8383-2384-4a10-9766-902a4ea4b1cf,2026020700028,2,0,5,2025-12-28 14:30,2025-12-28 18:30,97309,红尾蚺,陕西省,西安市,长安区,樊川公园,7b9f8383-2384-4a10-9766-902a4ea4b1cf,陕西,西安,,,2025-03-01,2026-03-01,2,serial_id,asc,64,2026-03-10T10:50:38+00:00
8e2192d8-25e4-4eb2-8a84-7bd230cad29f,2026020700030,2,0,6,2026-01-04 14:30,2026-01-04 17:40,97309,红尾蚺,陕西省,西安市,未央区,浐灞国家湿地公园,8e2192d8-25e4-4eb2-8a84-7bd230cad29f,陕西,西安,,,2025-03-01,2026-03-01,2,serial_id,asc,64,2026-03-10T10:50:38+00:00
787e0777-2a64-4f4c-a162-b716fefd88e9,2026020700031,2,0,9,2026-01-07 14:40,2026-01-07 17:40,97309,红尾蚺,陕西省,西安市,碑林区,碑林区兴庆宫公园(兴庆宫公园通阳门西北100米),787e0777-2a64-4f4c-a162-b716fefd88e9,陕西,西安,,,2025-03-01,2026-03-01,2,serial_id,asc,65,2026-03-10T10:50:41+00:00
ff57b028-0116-4fcf-9b63-3bbfbcb74f93,2026020700032,2,0,14,2026-01-13 14:50,2026-01-13 18:50,97309,红尾蚺,陕西省,西安市,雁塔区,西安植物园,ff57b028-0116-4fcf-9b63-3bbfbcb74f93,陕西,西安,,,2025-03-01,2026-03-01,2,serial_id,asc,65,2026-03-10T10:50:41+00:00
ec60a189-cb3a-4867-970f-0e49a94d1d9d,2026020700034,2,0,3,2026-01-22 14:00,2026-01-22 18:30,97309,红尾蚺,陕西省,西安市,雁塔区,浐灞生态区雁鸣湖湿地,ec60a189-cb3a-4867-970f-0e49a94d1d9d,陕西,西安,,,2025-03-01,2026-03-01,2,serial_id,asc,65,2026-03-10T10:50:41+00:00
ed7f6cd8-b9fc-4826-8ab1-af077f5f01a7,2026020700038,2,0,5,2026-01-24 14:01,2026-01-24 18:01,97309,红尾蚺,陕西省,西安市,雁塔区,西安植物园,ed7f6cd8-b9fc-4826-8ab1-af077f5f01a7,陕西,西安,,,2025-03-01,2026-03-01,2,serial_id,asc,65,2026-03-10T10:50:41+00:00
66f445eb-f366-4cfc-b596-f7e8423b2ee8,2026020700540,2,0,14,2026-02-07 08:36,2026-02-07 11:12,49593,云狸轩,陕西省,西安市,长安区,杜曲街道,66f445eb-f366-4cfc-b596-f7e8423b2ee8,陕西,西安,,,2025-03-01,2026-03-01,2,serial_id,asc,65,2026-03-10T10:50:41+00:00
0262612a-bb83-46e4-9073-bab068eaa21d,2026020700719,2,0,8,2026-02-07 11:26,2026-02-07 12:26,26591,周雁,陕西省,西安市,周至县,杨凌渭河湿地生态公园,0262612a-bb83-46e4-9073-bab068eaa21d,陕西,西安,,,2025-03-01,2026-03-01,2,serial_id,asc,65,2026-03-10T10:50:41+00:00
9f340d8c-6bb4-4b77-ae84-9115f5ffa3d1,2026020701107,2,0,7,2026-02-07 14:00,2026-02-07 15:00,72646,mdkknight,陕西省,西安市,莲湖区,西安莲湖公园,9f340d8c-6bb4-4b77-ae84-9115f5ffa3d1,陕西,西安,,,2025-03-01,2026-03-01,2,serial_id,asc,65,2026-03-10T10:50:41+00:00
8d9afb02-b3ee-4428-a0f6-fc4f28c30838,2026020701418,2,0,13,2026-02-05 14:00,2026-02-05 15:00,68405,Zamensis,陕西省,西安市,莲湖区,丰庆公园,8d9afb02-b3ee-4428-a0f6-fc4f28c30838,陕西,西安,,,2025-03-01,2026-03-01,2,serial_id,asc,65,2026-03-10T10:50:41+00:00
edbee693-6788-45cc-b376-77badf24475e,2026020701495,2,0,33,2026-02-07 09:00,2026-02-07 15:00,64371,李大顺,陕西省,西安市,长安区,圭峰寺,edbee693-6788-45cc-b376-77badf24475e,陕西,西安,,,2025-03-01,2026-03-01,2,serial_id,asc,65,2026-03-10T10:50:41+00:00
b7e80f64-8a89-4dea-8d3b-f401b15df478,2026020701646,2,0,32,2026-02-07 09:50,2026-02-07 16:00,45466,五法郎银币王,陕西省,西安市,鄠邑区,涝渭湿地公园,b7e80f64-8a89-4dea-8d3b-f401b15df478,陕西,西安,,,2025-03-01,2026-03-01,2,serial_id,asc,65,2026-03-10T10:50:41+00:00
d70f9700-240b-41de-9e01-0f525d28c06c,2026020701821,2,0,25,2026-02-07 09:17,2026-02-07 17:17,87423,糕糕在上的高高鸡,陕西省,西安市,长安区,圭峰寺,d70f9700-240b-41de-9e01-0f525d28c06c,陕西,西安,,,2025-03-01,2026-03-01,2,serial_id,asc,65,2026-03-10T10:50:41+00:00
6fd622f1-7ed5-4548-849a-f8c97127cf18,2026020701940,2,0,16,2026-02-07 14:00,2026-02-07 17:43,102518,kiwi外勤工作中,陕西省,西安市,鄠邑区,涝渭湿地公园,6fd622f1-7ed5-4548-849a-f8c97127cf18,陕西,西安,,,2025-03-01,2026-03-01,2,serial_id,asc,65,2026-03-10T10:50:41+00:00
50f75158-5bd3-4b2d-8e68-bd9a3d0e63dd,2026020702347,2,0,33,2026-02-07 09:00,2026-02-07 15:00,78007,汛子,陕西省,西安市,长安区,圭峰寺,50f75158-5bd3-4b2d-8e68-bd9a3d0e63dd,陕西,西安,,,2025-03-01,2026-03-01,2,serial_id,asc,65,2026-03-10T10:50:41+00:00
20e900c6-e66c-4ee3-8575-eb1ad9270de5,2026020702349,2,0,21,2026-02-07 10:30,2026-02-07 12:30,84884,xxw2025,陕西省,西安市,未央区,西安浐灞国家湿地公园,20e900c6-e66c-4ee3-8575-eb1ad9270de5,陕西,西安,,,2025-03-01,2026-03-01,2,serial_id,asc,65,2026-03-10T10:50:41+00:00
ffab7c99-5539-4f66-98c0-4d3ecde9d760,2026020702544,2,0,17,2026-02-07 15:17,2026-02-07 17:17,38980,浮岚儿,陕西省,西安市,灞桥区,灞渭生态滩区,ffab7c99-5539-4f66-98c0-4d3ecde9d760,陕西,西安,,,2025-03-01,2026-03-01,2,serial_id,asc,65,2026-03-10T10:50:41+00:00
34d8021c-d735-436b-b3f1-1c8e737066e4,2026020702724,2,0,16,2026-02-07 13:30,2026-02-07 17:30,73758,朝霧凌,陕西省,西安市,长安区,樊川公园,34d8021c-d735-436b-b3f1-1c8e737066e4,陕西,西安,,,2025-03-01,2026-03-01,2,serial_id,asc,65,2026-03-10T10:50:41+00:00
58014e5b-afeb-4942-bfc1-0e2d1fbcd7a1,2026020702802,2,0,2,2026-02-07 13:00,2026-02-07 17:11,101157,悠然小晨,陕西省,西安市,莲湖区,丰庆公园,58014e5b-afeb-4942-bfc1-0e2d1fbcd7a1,陕西,西安,,,2025-03-01,2026-03-01,2,serial_id,asc,65,2026-03-10T10:50:41+00:00
b47f3435-56b0-4e36-a20b-69bfa471eeb5,2026020800909,2,0,17,2026-02-08 09:26,2026-02-08 12:27,64371,李大顺,陕西省,西安市,雁塔区,西安植物园,b47f3435-56b0-4e36-a20b-69bfa471eeb5,陕西,西安,,,2025-03-01,2026-03-01,2,serial_id,asc,65,2026-03-10T10:50:41+00:00
62930ec5-adb5-42ff-9d1f-aaa2b9949db6,2026020801392,2,0,40,2026-02-08 14:00,2026-02-08 18:23,43265,伏翼,陕西省,西安市,鄠邑区,涝渭湿地公园,62930ec5-adb5-42ff-9d1f-aaa2b9949db6,陕西,西安,,,2025-03-01,2026-03-01,2,serial_id,asc,65,2026-03-10T10:50:41+00:00
a560ed29-5146-420c-8241-c6d236c35ee2,2026020801930,2,0,42,2026-02-07 14:02,2026-02-07 17:02,75204,雪子哥,陕西省,西安市,鄠邑区,涝渭湿地公园,a560ed29-5146-420c-8241-c6d236c35ee2,陕西,西安,,,2025-03-01,2026-03-01,2,serial_id,asc,65,2026-03-10T10:50:41+00:00
2a36a89c-3aea-4f51-ad68-57e229ac554c,2026020802231,2,0,8,2026-02-08 17:09,2026-02-08 18:09,20036,云飞扬,陕西省,西安市,新城区,长乐公园,2a36a89c-3aea-4f51-ad68-57e229ac554c,陕西,西安,,,2025-03-01,2026-03-01,2,serial_id,asc,65,2026-03-10T10:50:41+00:00
cfd8d7fa-3ab6-4e1f-9916-44c4f00a6d4b,2026020803265,2,0,23,2026-02-02 10:00,2026-02-02 11:10,99871,aino,陕西省,西安市,长安区,樊川公园,cfd8d7fa-3ab6-4e1f-9916-44c4f00a6d4b,陕西,西安,,,2025-03-01,2026-03-01,2,serial_id,asc,65,2026-03-10T10:50:41+00:00
9a126a65-f6f9-4e38-9f28-b4587b265786,2026020900034,2,0,6,2026-02-07 16:00,2026-02-07 17:30,100253,洒洒水,陕西省,西安市,莲湖区,丰庆公园,9a126a65-f6f9-4e38-9f28-b4587b265786,陕西,西安,,,2025-03-01,2026-03-01,2,serial_id,asc,65,2026-03-10T10:50:41+00:00
4e2ea600-a7f7-4487-8afa-93bae09dac47,2026020900050,2,0,16,2026-02-08 14:30,2026-02-08 16:19,100253,洒洒水,陕西省,西安市,碑林区,兴庆公园,4e2ea600-a7f7-4487-8afa-93bae09dac47,陕西,西安,,,2025-03-01,2026-03-01,2,serial_id,asc,65,2026-03-10T10:50:41+00:00
5ef31c2c-a177-43d4-b3e5-d4bb10361f06,2026020900059,2,0,8,2026-02-07 11:00,2026-02-07 13:00,100253,洒洒水,陕西省,西安市,莲湖区,莲湖公园,5ef31c2c-a177-43d4-b3e5-d4bb10361f06,陕西,西安,,,2025-03-01,2026-03-01,2,serial_id,asc,65,2026-03-10T10:50:41+00:00
51a2c4c6-1aa8-450e-8f25-2f75cc8ceb15,2026020900069,2,0,8,2026-01-17 10:00,2026-01-17 12:00,100253,洒洒水,陕西省,西安市,雁塔区,西安植物园,51a2c4c6-1aa8-450e-8f25-2f75cc8ceb15,陕西,西安,,,2025-03-01,2026-03-01,2,serial_id,asc,65,2026-03-10T10:50:41+00:00
d38dc37b-eaef-4162-a6b9-159dcb07be78,2026020900591,2,0,8,2026-02-09 11:00,2026-02-09 12:00,62454,yancy,陕西省,西安市,莲湖区,丰庆公园,d38dc37b-eaef-4162-a6b9-159dcb07be78,陕西,西安,,,2025-03-01,2026-03-01,2,serial_id,asc,65,2026-03-10T10:50:41+00:00
90046e22-4a2c-48a9-b248-3de3b1447ee4,2026020901181,2,0,10,2026-01-01 10:00,2026-01-01 12:00,100253,洒洒水,陕西省,西安市,莲湖区,丰庆公园,90046e22-4a2c-48a9-b248-3de3b1447ee4,陕西,西安,,,2025-03-01,2026-03-01,2,serial_id,asc,65,2026-03-10T10:50:41+00:00
babb0766-0311-48a8-b1e6-9dc2f361bf3e,2026020901203,2,0,10,2026-01-02 10:00,2026-01-02 12:00,100253,洒洒水,陕西省,西安市,莲湖区,丰庆公园,babb0766-0311-48a8-b1e6-9dc2f361bf3e,陕西,西安,,,2025-03-01,2026-03-01,2,serial_id,asc,65,2026-03-10T10:50:41+00:00
8218aa21-7a0f-4ec1-8897-a72107153d88,2026020901209,2,0,10,2026-01-02 15:00,2026-01-02 17:30,100253,洒洒水,陕西省,西安市,碑林区,兴庆公园,8218aa21-7a0f-4ec1-8897-a72107153d88,陕西,西安,,,2025-03-01,2026-03-01,2,serial_id,asc,65,2026-03-10T10:50:41+00:00
a1dfec2e-2ed6-4b58-99e0-17ed9b1e5e9c,2026020901604,2,0,15,2026-02-09 15:00,2026-02-09 18:00,43265,伏翼,陕西省,西安市,鄠邑区,涝峪口及天桥湖,a1dfec2e-2ed6-4b58-99e0-17ed9b1e5e9c,陕西,西安,,,2025-03-01,2026-03-01,2,serial_id,asc,65,2026-03-10T10:50:41+00:00
f46c3eb7-08e9-4b36-833b-664e41f7c7d9,2026020901961,2,0,35,2026-02-09 08:30,2026-02-09 13:30,90834,karonic,陕西省,西安市,周至县,杨凌渭河湿地生态公园,f46c3eb7-08e9-4b36-833b-664e41f7c7d9,陕西,西安,,,2025-03-01,2026-03-01,2,serial_id,asc,65,2026-03-10T10:50:41+00:00
26ba35e8-2920-437a-93d2-abb67f501d82,2026020902549,2,0,15,2026-02-09 15:33,2026-02-09 17:33,38980,浮岚儿,陕西省,西安市,鄠邑区,涝渭湿地公园,26ba35e8-2920-437a-93d2-abb67f501d82,陕西,西安,,,2025-03-01,2026-03-01,2,serial_id,asc,65,2026-03-10T10:50:41+00:00
cd222892-94fd-4712-bd89-8c4ed6b0cc57,2026021000268,2,0,1,2026-02-09 14:02,2026-02-09 14:04,43265,伏翼,陕西省,西安市,鄠邑区,鄠邑区宝苑·振业大厦西北(画展路北),cd222892-94fd-4712-bd89-8c4ed6b0cc57,陕西,西安,,,2025-03-01,2026-03-01,2,serial_id,asc,65,2026-03-10T10:50:41+00:00
8a53af58-c712-4ae8-8fc8-a54ad3ff832a,2026021000383,2,0,10,2026-02-10 09:00,2026-02-10 10:00,48845,王牙套,陕西省,西安市,碑林区,西安环城公园,8a53af58-c712-4ae8-8fc8-a54ad3ff832a,陕西,西安,,,2025-03-01,2026-03-01,2,serial_id,asc,65,2026-03-10T10:50:41+00:00
b85a0e09-0a87-4a3e-90cc-8393b8c774c2,2026021001020,2,0,1,2026-02-10 14:00,2026-02-10 15:00,62454,yancy,陕西省,西安市,临潼区,秦始皇兵马俑博物馆,b85a0e09-0a87-4a3e-90cc-8393b8c774c2,陕西,西安,,,2025-03-01,2026-03-01,2,serial_id,asc,65,2026-03-10T10:50:41+00:00
c95e5be1-226a-41d0-9d2e-29144e2dd55b,2026021001233,2,0,11,2026-02-10 15:00,2026-02-10 16:00,77627,Bustellar,陕西省,西安市,莲湖区,丰庆公园,c95e5be1-226a-41d0-9d2e-29144e2dd55b,陕西,西安,,,2025-03-01,2026-03-01,2,serial_id,asc,65,2026-03-10T10:50:41+00:00
3b3e8c20-7b97-4158-ad86-fcc45d0de73a,2026021001412,2,0,29,2026-02-10 15:20,2026-02-10 16:15,54636,鹊影,陕西省,西安市,灞桥区,灞渭桥车游湿地公园,3b3e8c20-7b97-4158-ad86-fcc45d0de73a,陕西,西安,,,2025-03-01,2026-03-01,2,serial_id,asc,65,2026-03-10T10:50:41+00:00
5b11c9d0-6e8c-43a0-8c4f-0d06f22f9710,2026021001694,2,0,5,2026-02-10 16:18,2026-02-10 17:18,90834,karonic,陕西省,西安市,灞桥区,灞河西岸滨河公园(灞柳西路4号附近),5b11c9d0-6e8c-43a0-8c4f-0d06f22f9710,陕西,西安,,,2025-03-01,2026-03-01,2,serial_id,asc,65,2026-03-10T10:50:41+00:00
12ca294d-ae52-44d7-b6bb-8a05153668d7,2026021001723,2,0,17,2026-02-10 14:27,2026-02-10 17:27,104272,SUST206林子大,陕西省,西安市,长安区,昆明池·七夕公园,12ca294d-ae52-44d7-b6bb-8a05153668d7,陕西,西安,,,2025-03-01,2026-03-01,2,serial_id,asc,65,2026-03-10T10:50:41+00:00
39bc5fc5-022f-4b2c-b679-0868139eaccd,2026021001822,2,0,6,2026-02-10 14:20,2026-02-10 15:20,38980,浮岚儿,陕西省,西安市,灞桥区,灞河西岸滨河公园(灞柳西路4号附近),39bc5fc5-022f-4b2c-b679-0868139eaccd,陕西,西安,,,2025-03-01,2026-03-01,2,serial_id,asc,65,2026-03-10T10:50:41+00:00
e0cf4ab1-46f5-4aaf-a74f-bb80979e5404,2026021001940,2,0,36,2026-02-09 13:00,2026-02-09 17:30,99871,aino,陕西省,西安市,未央区,浐灞国家湿地公园,e0cf4ab1-46f5-4aaf-a74f-bb80979e5404,陕西,西安,,,2025-03-01,2026-03-01,2,serial_id,asc,65,2026-03-10T10:50:41+00:00
ac8eeaf9-9da5-415c-b643-c07abadb078e,2026021001942,2,0,36,2026-02-09 13:00,2026-02-09 17:30,20001,木客,陕西省,西安市,未央区,浐灞国家湿地公园,ac8eeaf9-9da5-415c-b643-c07abadb078e,陕西,西安,,,2025-03-01,2026-03-01,2,serial_id,asc,65,2026-03-10T10:50:41+00:00
818e0123-9171-4c31-884f-ba8f5028f012,2026021001979,2,0,10,2026-02-10 12:00,2026-02-10 13:00,20001,木客,陕西省,西安市,长安区,祥峪口村,818e0123-9171-4c31-884f-ba8f5028f012,陕西,西安,,,2025-03-01,2026-03-01,2,serial_id,asc,65,2026-03-10T10:50:41+00:00
67ac4ec6-be11-48ad-a139-d7450ed1fd96,2026021001980,2,0,12,2026-02-10 12:00,2026-02-10 13:00,99871,aino,陕西省,西安市,长安区,祥峪口村,67ac4ec6-be11-48ad-a139-d7450ed1fd96,陕西,西安,,,2025-03-01,2026-03-01,2,serial_id,asc,65,2026-03-10T10:50:41+00:00
276fd336-af9d-493d-a401-49a3aa97bebf,2026021002002,2,0,10,2026-02-10 13:00,2026-02-10 16:30,20001,木客,陕西省,西安市,长安区,圭峰寺,276fd336-af9d-493d-a401-49a3aa97bebf,陕西,西安,,,2025-03-01,2026-03-01,2,serial_id,asc,65,2026-03-10T10:50:41+00:00
8e3f3454-7c6f-4e71-8ec1-142965357419,2026021002004,2,0,9,2026-02-10 13:30,2026-02-10 16:00,99871,aino,陕西省,西安市,长安区,圭峰寺,8e3f3454-7c6f-4e71-8ec1-142965357419,陕西,西安,,,2025-03-01,2026-03-01,2,serial_id,asc,65,2026-03-10T10:50:41+00:00
30c9f68a-f2d8-4bfd-bb72-525aa3e1f168,2026021002189,2,0,7,2026-01-10 10:30,2026-01-10 11:30,100253,洒洒水,陕西省,西安市,新城区,大明宫国家遗址公园,30c9f68a-f2d8-4bfd-bb72-525aa3e1f168,陕西,西安,,,2025-03-01,2026-03-01,2,serial_id,asc,65,2026-03-10T10:50:41+00:00
351ee5cc-bc30-4135-ab16-236d85806b76,2026021002210,2,0,11,2026-01-11 14:00,2026-01-11 15:30,100253,洒洒水,陕西省,西安市,碑林区,兴庆公园,351ee5cc-bc30-4135-ab16-236d85806b76,陕西,西安,,,2025-03-01,2026-03-01,2,serial_id,asc,65,2026-03-10T10:50:41+00:00
25504a7b-f5dd-41e2-9f89-ca57b336d352,2026021002226,2,0,6,2026-01-17 15:20,2026-01-17 16:00,100253,洒洒水,陕西省,西安市,碑林区,兴庆公园,25504a7b-f5dd-41e2-9f89-ca57b336d352,陕西,西安,,,2025-03-01,2026-03-01,2,serial_id,asc,65,2026-03-10T10:50:41+00:00
2205cd35-9ee3-4c03-85c3-7db9ccf6cfa3,2026021002244,2,0,15,2025-12-27 10:00,2025-12-27 12:30,100253,洒洒水,陕西省,西安市,长安区,樊川公园,2205cd35-9ee3-4c03-85c3-7db9ccf6cfa3,陕西,西安,,,2025-03-01,2026-03-01,2,serial_id,asc,66,2026-03-10T10:50:44+00:00
4074dd41-3663-4ebb-83b5-b902b504622c,2026021002270,2,0,18,2025-12-22 09:16,2025-12-22 12:14,100253,洒洒水,陕西省,西安市,长安区,樊川公园,4074dd41-3663-4ebb-83b5-b902b504622c,陕西,西安,,,2025-03-01,2026-03-01,2,serial_id,asc,66,2026-03-10T10:50:44+00:00
47fd3c99-29a7-43e6-b3cd-cb462e463cd3,2026021002278,2,0,11,2025-12-20 09:48,2026-02-10 23:00,100253,洒洒水,陕西省,西安市,长安区,樊川公园,47fd3c99-29a7-43e6-b3cd-cb462e463cd3,陕西,西安,,,2025-03-01,2026-03-01,2,serial_id,asc,66,2026-03-10T10:50:44+00:00
f88d4a23-11ad-47b0-af5f-3ec803dbe42b,2026021002294,2,0,5,2025-11-30 14:21,2025-11-30 15:50,100253,洒洒水,陕西省,西安市,长安区,昆明池·七夕公园,f88d4a23-11ad-47b0-af5f-3ec803dbe42b,陕西,西安,,,2025-03-01,2026-03-01,2,serial_id,asc,66,2026-03-10T10:50:44+00:00
b3f6ef9d-5550-4808-86bb-a114504f2ae1,2026021002304,2,0,4,2025-11-29 15:00,2025-11-29 17:00,100253,洒洒水,陕西省,西安市,新城区,大明宫国家遗址公园,b3f6ef9d-5550-4808-86bb-a114504f2ae1,陕西,西安,,,2025-03-01,2026-03-01,2,serial_id,asc,66,2026-03-10T10:50:44+00:00
3e71294b-07b3-4fe2-a81b-337802ca6b01,2026021002312,2,0,6,2025-12-06 10:00,2025-12-06 12:30,100253,洒洒水,陕西省,西安市,长安区,樊川公园,3e71294b-07b3-4fe2-a81b-337802ca6b01,陕西,西安,,,2025-03-01,2026-03-01,2,serial_id,asc,66,2026-03-10T10:50:44+00:00
841c9f8c-6c01-42fc-aeef-c59d151e9cda,2026021002317,2,0,3,2025-11-08 12:21,2025-11-08 13:30,100253,洒洒水,陕西省,西安市,莲湖区,丰庆公园,841c9f8c-6c01-42fc-aeef-c59d151e9cda,陕西,西安,,,2025-03-01,2026-03-01,2,serial_id,asc,66,2026-03-10T10:50:44+00:00
47cea74b-4dc8-43c1-aadb-6288e569ca11,2026021002327,2,0,1,2025-11-08 15:07,2025-11-08 15:50,100253,洒洒水,陕西省,西安市,碑林区,小雁塔,47cea74b-4dc8-43c1-aadb-6288e569ca11,陕西,西安,,,2025-03-01,2026-03-01,2,serial_id,asc,66,2026-03-10T10:50:44+00:00
121bbc85-d9ee-4cca-a173-2df6e3728a2f,2026021002335,2,0,6,2025-11-09 14:17,2025-11-09 16:45,100253,洒洒水,陕西省,西安市,碑林区,兴庆公园,121bbc85-d9ee-4cca-a173-2df6e3728a2f,陕西,西安,,,2025-03-01,2026-03-01,2,serial_id,asc,66,2026-03-10T10:50:44+00:00
c3775ead-565d-42ca-a647-0184605cbe36,2026021100392,2,0,31,2026-02-11 07:00,2026-02-11 08:00,23582,刘新建,陕西省,西安市,未央区,未央区皂河大桥北300米(河堤路北),c3775ead-565d-42ca-a647-0184605cbe36,陕西,西安,,,2025-03-01,2026-03-01,2,serial_id,asc,66,2026-03-10T10:50:44+00:00
914a7bac-e5eb-49f2-aba4-9341aad2dc09,2026021101478,2,0,8,2026-02-07 13:20,2026-02-07 17:33,99835,vx,陕西省,西安市,长安区,圭峰寺-高冠峪,914a7bac-e5eb-49f2-aba4-9341aad2dc09,陕西,西安,,,2025-03-01,2026-03-01,2,serial_id,asc,66,2026-03-10T10:50:44+00:00
3b7a7d0c-5794-4285-9566-d034b3cbd362,2026021101520,2,0,8,2026-02-11 16:00,2026-02-11 17:00,35134,Korrrren,陕西省,西安市,未央区,皂渭驿,3b7a7d0c-5794-4285-9566-d034b3cbd362,陕西,西安,,,2025-03-01,2026-03-01,2,serial_id,asc,66,2026-03-10T10:50:44+00:00
4a966951-acfa-4216-9c27-0371c103b2b0,2026021101811,2,0,6,2026-02-10 15:31,2026-02-10 17:33,76372,菜鸟u,陕西省,西安市,灞桥区,灞河西岸滨河公园(灞柳西路4号附近),4a966951-acfa-4216-9c27-0371c103b2b0,陕西,西安,,,2025-03-01,2026-03-01,2,serial_id,asc,66,2026-03-10T10:50:44+00:00
c1744ace-3420-46bc-a448-4293967facd9,2026021101830,2,0,7,2026-02-07 15:33,2026-02-11 17:33,76372,菜鸟u,陕西省,西安市,灞桥区,灞渭生态滩区,c1744ace-3420-46bc-a448-4293967facd9,陕西,西安,,,2025-03-01,2026-03-01,2,serial_id,asc,66,2026-03-10T10:50:44+00:00
b5e87403-2e66-4e48-89c9-71c0bcff4d87,2026021102330,2,0,8,2026-02-11 16:00,2026-02-11 17:00,50313,禤翛鱼栋一,陕西省,西安市,未央区,皂渭驿,b5e87403-2e66-4e48-89c9-71c0bcff4d87,陕西,西安,,,2025-03-01,2026-03-01,2,serial_id,asc,66,2026-03-10T10:50:44+00:00
3978c137-e9cb-4ac2-a690-3b3d0c13625b,2026021102335,2,0,22,2026-02-11 14:30,2026-02-11 17:00,20001,木客,陕西省,西安市,长安区,仁村,3978c137-e9cb-4ac2-a690-3b3d0c13625b,陕西,西安,,,2025-03-01,2026-03-01,2,serial_id,asc,66,2026-03-10T10:50:44+00:00
27cc1316-bbe9-42f1-8ebd-9c2f79e401e0,2026021102337,2,0,22,2026-02-11 14:30,2026-02-11 17:35,99871,aino,陕西省,西安市,长安区,仁村,27cc1316-bbe9-42f1-8ebd-9c2f79e401e0,陕西,西安,,,2025-03-01,2026-03-01,2,serial_id,asc,66,2026-03-10T10:50:44+00:00
f73f45fa-e24e-4d77-8dd4-4f97a5699463,2026021201019,2,0,12,2026-02-12 13:00,2026-02-12 14:00,65767,半枫荷,陕西省,西安市,莲湖区,丰庆公园,f73f45fa-e24e-4d77-8dd4-4f97a5699463,陕西,西安,,,2025-03-01,2026-03-01,2,serial_id,asc,66,2026-03-10T10:50:44+00:00
1aebfd37-b8cb-4bb3-a303-74c80006754b,2026021201537,2,0,19,2026-02-12 16:03,2026-02-12 18:00,38980,浮岚儿,陕西省,西安市,雁塔区,西安植物园,1aebfd37-b8cb-4bb3-a303-74c80006754b,陕西,西安,,,2025-03-01,2026-03-01,2,serial_id,asc,66,2026-03-10T10:50:44+00:00
b0af1058-888f-4151-98b3-b22ca87bf295,2026021201983,2,0,20,2026-02-12 16:00,2026-02-12 18:30,71440,meowto,陕西省,西安市,碑林区,兴庆公园,b0af1058-888f-4151-98b3-b22ca87bf295,陕西,西安,,,2025-03-01,2026-03-01,2,serial_id,asc,66,2026-03-10T10:50:44+00:00
bd41a8c8-43b1-40fa-8458-86c21f698385,2026021201996,2,0,21,2026-02-12 14:05,2026-02-12 16:05,69171,中南林野保蓝喉蜂虎,陕西省,西安市,未央区,西安浐灞国家湿地公园,bd41a8c8-43b1-40fa-8458-86c21f698385,陕西,西安,,,2025-03-01,2026-03-01,2,serial_id,asc,66,2026-03-10T10:50:44+00:00
2348e212-fd1d-48d7-9032-6631988b17fb,2026021202424,2,0,9,2026-02-12 07:50,2026-02-12 09:31,2236,rubylxx,陕西省,西安市,未央区,汉长安城未央宫遗址前殿遗址(未央区),2348e212-fd1d-48d7-9032-6631988b17fb,陕西,西安,,,2025-03-01,2026-03-01,2,serial_id,asc,66,2026-03-10T10:50:44+00:00
52b33806-21a5-43a8-960b-c0aad607fe79,2026021202442,2,0,12,2026-02-12 15:30,2026-02-12 17:30,100253,洒洒水,陕西省,西安市,长安区,樊川公园,52b33806-21a5-43a8-960b-c0aad607fe79,陕西,西安,,,2025-03-01,2026-03-01,2,serial_id,asc,66,2026-03-10T10:50:44+00:00
15ebae20-92c4-41f9-99fc-b5e1061e9677,2026021300299,2,0,7,2026-02-13 09:00,2026-02-13 10:00,104272,SUST206林子大,陕西省,西安市,蓝田县,汤峪温泉碧水湾西(小河东路),15ebae20-92c4-41f9-99fc-b5e1061e9677,陕西,西安,,,2025-03-01,2026-03-01,2,serial_id,asc,66,2026-03-10T10:50:44+00:00
c64b23dc-6bb0-4eee-9f1b-68ff572dd039,2026021300605,2,0,1,2026-02-13 12:00,2026-02-13 13:00,22384,牧马人,陕西省,西安市,碑林区,碑林区兴庆宫公园(亘垣堡东200米),c64b23dc-6bb0-4eee-9f1b-68ff572dd039,陕西,西安,,,2025-03-01,2026-03-01,2,serial_id,asc,66,2026-03-10T10:50:44+00:00
da75cf47-0261-424e-b2ad-1fd788cbf0cd,2026021300629,2,0,2,2026-02-13 12:00,2026-02-13 13:00,22384,牧马人,陕西省,西安市,碑林区,碑林区兴庆宫公园(亘垣堡东200米),da75cf47-0261-424e-b2ad-1fd788cbf0cd,陕西,西安,,,2025-03-01,2026-03-01,2,serial_id,asc,66,2026-03-10T10:50:44+00:00
cacb6d1b-181b-4abc-89fe-fb89ddd66e1d,2026021300776,2,0,21,2025-10-03 11:13,2025-10-03 14:47,65979,我都瘸子了就让我拍到小鸟吧,陕西省,西安市,未央区,浐灞湿地公园,cacb6d1b-181b-4abc-89fe-fb89ddd66e1d,陕西,西安,,,2025-03-01,2026-03-01,2,serial_id,asc,66,2026-03-10T10:50:44+00:00
892dce0e-757e-4a84-9abc-b3c644b1e875,2026021300956,2,0,31,2025-05-25 00:10,2025-12-31 23:59,90340,halcyon,陕西省,西安市,长安区,西安财经大学(长安校区),892dce0e-757e-4a84-9abc-b3c644b1e875,陕西,西安,,,2025-03-01,2026-03-01,2,serial_id,asc,66,2026-03-10T10:50:44+00:00
8e14411e-e5ce-4e84-94d2-8812afe86d3f,2026021300981,2,0,9,2025-10-30 00:00,2025-12-31 23:59,90340,halcyon,陕西省,西安市,碑林区,兴庆宫公园,8e14411e-e5ce-4e84-94d2-8812afe86d3f,陕西,西安,,,2025-03-01,2026-03-01,2,serial_id,asc,66,2026-03-10T10:50:44+00:00
39971f0e-8928-4434-b1ad-4db2c3e0c4f6,2026021301009,2,0,27,2025-11-13 00:00,2025-12-31 23:59,90340,halcyon,陕西省,西安市,长安区,洨河湿地公园,39971f0e-8928-4434-b1ad-4db2c3e0c4f6,陕西,西安,,,2025-03-01,2026-03-01,2,serial_id,asc,66,2026-03-10T10:50:44+00:00
e8fbcee6-2456-41e5-a22f-59ce549b4372,2026021301022,2,0,26,2026-02-13 11:00,2026-02-13 12:00,106271,illuMin,陕西省,西安市,未央区,未央区西安浐灞国家湿地公园(启源三路北),e8fbcee6-2456-41e5-a22f-59ce549b4372,陕西,西安,,,2025-03-01,2026-03-01,2,serial_id,asc,66,2026-03-10T10:50:44+00:00
1a71b11c-52ec-4968-b1f4-ec10b5961a2a,2026021301047,2,0,29,2025-08-30 00:00,2025-12-31 23:59,90340,halcyon,陕西省,西安市,长安区,樊川公园,1a71b11c-52ec-4968-b1f4-ec10b5961a2a,陕西,西安,,,2025-03-01,2026-03-01,2,serial_id,asc,66,2026-03-10T10:50:44+00:00
d50dffd4-724a-49d2-9713-7c843d940688,2026021301069,2,0,4,2025-12-15 14:07,2025-12-15 14:07,90340,halcyon,陕西省,西安市,灞桥区,西安浐灞桃花潭公园,d50dffd4-724a-49d2-9713-7c843d940688,陕西,西安,,,2025-03-01,2026-03-01,2,serial_id,asc,66,2026-03-10T10:50:44+00:00
08879bd5-74c6-4639-a2ac-b628e448f78f,2026021301072,2,0,3,2025-12-20 14:08,2025-12-20 14:08,90340,halcyon,陕西省,西安市,鄠邑区,涝渭湿地公园,08879bd5-74c6-4639-a2ac-b628e448f78f,陕西,西安,,,2025-03-01,2026-03-01,2,serial_id,asc,66,2026-03-10T10:50:44+00:00
aa62a22d-3707-4bca-8674-f87b2c002b0e,2026021301087,2,0,15,2025-12-23 14:09,2025-12-24 14:09,90340,halcyon,陕西省,西安市,长安区,圭峰寺,aa62a22d-3707-4bca-8674-f87b2c002b0e,陕西,西安,,,2025-03-01,2026-03-01,2,serial_id,asc,66,2026-03-10T10:50:44+00:00
a9d0872a-fe91-4c70-803b-77420c63ed6a,2026021301141,2,0,8,2025-07-06 00:00,2025-12-31 23:59,90340,halcyon,陕西省,西安市,雁塔区,曲江池遗址公园,a9d0872a-fe91-4c70-803b-77420c63ed6a,陕西,西安,,,2025-03-01,2026-03-01,2,serial_id,asc,66,2026-03-10T10:50:44+00:00
5bf579ca-9d66-4c1f-a45b-9c48d246c777,2026021301247,2,0,18,2026-01-13 15:08,2026-02-08 15:08,90340,halcyon,陕西省,西安市,长安区,西安财经大学(长安校区),5bf579ca-9d66-4c1f-a45b-9c48d246c777,陕西,西安,,,2025-03-01,2026-03-01,2,serial_id,asc,66,2026-03-10T10:50:44+00:00
f005b0c8-b9d4-4d52-8cbd-356666adcbfa,2026021301452,2,0,26,2026-02-13 15:14,2026-02-13 17:00,38980,浮岚儿,陕西省,西安市,长安区,樊川公园,f005b0c8-b9d4-4d52-8cbd-356666adcbfa,陕西,西安,,,2025-03-01,2026-03-01,2,serial_id,asc,66,2026-03-10T10:50:44+00:00
f73a3cb3-9b41-4086-b528-9050bcc3d498,2026021301838,2,0,8,2026-02-13 15:00,2026-02-13 16:00,102923,LAMC,陕西省,西安市,雁塔区,雁塔区浐灞生态区雁鸣湖湿地东(浐河西路东),f73a3cb3-9b41-4086-b528-9050bcc3d498,陕西,西安,,,2025-03-01,2026-03-01,2,serial_id,asc,66,2026-03-10T10:50:44+00:00
737abd6e-0b78-4910-824c-b597d1e67631,2026021302886,2,0,16,2026-02-07 16:40,2026-02-07 18:00,99871,aino,陕西省,西安市,长安区,沣河生态湿地公园,737abd6e-0b78-4910-824c-b597d1e67631,陕西,西安,,,2025-03-01,2026-03-01,2,serial_id,asc,66,2026-03-10T10:50:44+00:00
5235d310-35b7-4fcc-87bf-ada0e09c6939,2026021400311,2,0,3,2026-02-14 09:00,2026-02-14 10:00,22384,牧马人,陕西省,西安市,未央区,陕西省省直机关明园小区(西安市未央区),5235d310-35b7-4fcc-87bf-ada0e09c6939,陕西,西安,,,2025-03-01,2026-03-01,2,serial_id,asc,66,2026-03-10T10:50:44+00:00
434076c1-308c-4ff9-a99e-339cdc12b0c7,2026021400482,2,0,1,2026-02-14 10:00,2026-02-14 11:00,22384,牧马人,陕西省,西安市,未央区,陕西省省直机关明园小区(西安市未央区),434076c1-308c-4ff9-a99e-339cdc12b0c7,陕西,西安,,,2025-03-01,2026-03-01,2,serial_id,asc,66,2026-03-10T10:50:44+00:00
bd1d6e6a-3ac5-47f6-9111-79acba8478e2,2026021400766,2,0,26,2026-02-14 09:20,2026-02-14 11:02,78662,绿翅旋壁雀,陕西省,西安市,灞桥区,灞河西岸滨河公园,bd1d6e6a-3ac5-47f6-9111-79acba8478e2,陕西,西安,,,2025-03-01,2026-03-01,2,serial_id,asc,66,2026-03-10T10:50:44+00:00
adde52e4-ac42-48ee-ac68-85023ccb2fdd,2026021400934,2,0,5,2026-02-14 12:00,2026-02-14 13:00,63026,gallups,陕西省,西安市,碑林区,西安环城公园,adde52e4-ac42-48ee-ac68-85023ccb2fdd,陕西,西安,,,2025-03-01,2026-03-01,2,serial_id,asc,66,2026-03-10T10:50:44+00:00
56cac570-8f68-4b47-8d90-e329a4d698c6,2026021401105,2,0,1,2026-02-14 13:00,2026-02-14 14:00,43265,伏翼,陕西省,西安市,鄠邑区,五竹[地铁站],56cac570-8f68-4b47-8d90-e329a4d698c6,陕西,西安,,,2025-03-01,2026-03-01,2,serial_id,asc,66,2026-03-10T10:50:44+00:00
cf38ecfb-37b5-436c-91c6-ecf690cd810a,2026021401603,2,0,9,2026-02-14 15:02,2026-02-14 17:00,95586,龙翼行者,陕西省,西安市,阎良区,阎良公园(西安市阎良区公园新街),cf38ecfb-37b5-436c-91c6-ecf690cd810a,陕西,西安,,,2025-03-01,2026-03-01,2,serial_id,asc,66,2026-03-10T10:50:44+00:00
166b5204-2705-448a-bd7b-fe195ce81bed,2026021401631,2,0,7,2026-02-14 16:00,2026-02-14 17:00,22384,牧马人,陕西省,西安市,未央区,陕西省省直机关明园小区(西安市未央区),166b5204-2705-448a-bd7b-fe195ce81bed,陕西,西安,,,2025-03-01,2026-03-01,2,serial_id,asc,66,2026-03-10T10:50:44+00:00
ecb824b5-6485-4bac-ad4e-685f3ed4a3e9,2026021401713,2,0,9,2026-02-14 08:00,2026-02-14 09:30,2236,rubylxx,陕西省,西安市,长安区,昆明池·七夕公园,ecb824b5-6485-4bac-ad4e-685f3ed4a3e9,陕西,西安,,,2025-03-01,2026-03-01,2,serial_id,asc,66,2026-03-10T10:50:44+00:00
03fc5e62-a909-4f56-97b9-d88ceb2fb014,2026021401859,2,0,8,2026-02-14 17:00,2026-02-14 18:00,95586,龙翼行者,陕西省,西安市,阎良区,西安市阎良石川河,03fc5e62-a909-4f56-97b9-d88ceb2fb014,陕西,西安,,,2025-03-01,2026-03-01,2,serial_id,asc,66,2026-03-10T10:50:44+00:00
941a6c71-509c-411d-ac21-79e5cc571fa7,2026021401960,2,0,23,2026-02-14 12:00,2026-02-14 17:30,64371,李大顺,陕西省,西安市,长安区,圭峰寺,941a6c71-509c-411d-ac21-79e5cc571fa7,陕西,西安,,,2025-03-01,2026-03-01,2,serial_id,asc,66,2026-03-10T10:50:44+00:00
79e49172-5184-4c10-9b4d-8d4230698450,2026021402795,2,0,2,2026-02-14 21:00,2026-02-14 22:00,77364,LarryMatteo,陕西省,西安市,长安区,沣河生态湿地公园,79e49172-5184-4c10-9b4d-8d4230698450,陕西,西安,,,2025-03-01,2026-03-01,2,serial_id,asc,67,2026-03-10T10:50:56+00:00
fc687d7f-a78b-4c76-992f-910adff6b740,2026021402816,2,0,16,2026-02-14 21:00,2026-02-14 22:00,77364,LarryMatteo,陕西省,西安市,长安区,沣河梁家滩湿地,fc687d7f-a78b-4c76-992f-910adff6b740,陕西,西安,,,2025-03-01,2026-03-01,2,serial_id,asc,67,2026-03-10T10:50:56+00:00
f345eace-1cfe-4253-8ac1-1b1887fa344c,2026021402821,2,0,16,2026-02-14 21:00,2026-02-14 22:00,73442,豆豆喵的观鸟记录,陕西省,西安市,长安区,沣河梁家滩湿地,f345eace-1cfe-4253-8ac1-1b1887fa344c,陕西,西安,,,2025-03-01,2026-03-01,2,serial_id,asc,67,2026-03-10T10:50:56+00:00
c3476a07-dd9c-4d59-912d-068c236dd4ff,2026021403129,2,0,6,2026-02-14 10:40,2026-02-14 12:20,74220,徐水侠,陕西省,西安市,长安区,长安区林间树上探险乐园,c3476a07-dd9c-4d59-912d-068c236dd4ff,陕西,西安,,,2025-03-01,2026-03-01,2,serial_id,asc,67,2026-03-10T10:50:56+00:00
bc341755-e2f0-4e44-830d-717db46b8d98,2026021403239,2,0,14,2026-02-14 10:00,2026-02-14 12:30,100253,洒洒水,陕西省,西安市,新城区,大明宫国家遗址公园,bc341755-e2f0-4e44-830d-717db46b8d98,陕西,西安,,,2025-03-01,2026-03-01,2,serial_id,asc,67,2026-03-10T10:50:56+00:00
6ad9018f-668f-4c91-b63a-7fc2fa7a7a99,2026021500462,2,0,6,2026-02-15 10:00,2026-02-15 11:00,22384,牧马人,陕西省,西安市,未央区,陕西省省直机关明园小区(西安市未央区),6ad9018f-668f-4c91-b63a-7fc2fa7a7a99,陕西,西安,,,2025-03-01,2026-03-01,2,serial_id,asc,67,2026-03-10T10:50:56+00:00
b028e801-ceb8-476f-9249-ac90933de1fa,2026021500602,2,0,6,2026-02-14 10:40,2026-02-14 12:20,66046,徐子杰,陕西省,西安市,长安区,长安区林间树上探险乐园,b028e801-ceb8-476f-9249-ac90933de1fa,陕西,西安,,,2025-03-01,2026-03-01,2,serial_id,asc,67,2026-03-10T10:50:56+00:00
16e78cfc-bcc2-40c2-bca8-636cb21529d0,2026021500859,2,0,20,2026-02-15 11:00,2026-02-15 12:00,38762,阿布的户外生活,陕西省,西安市,未央区,皂河大桥,16e78cfc-bcc2-40c2-bca8-636cb21529d0,陕西,西安,,,2025-03-01,2026-03-01,2,serial_id,asc,67,2026-03-10T10:50:56+00:00
0d73f261-25f4-4d7e-9ec0-e7eb1d1190f2,2026021501014,2,0,12,2026-02-15 11:39,2026-02-15 12:40,31557,demenya114,陕西省,西安市,莲湖区,丰庆公园,0d73f261-25f4-4d7e-9ec0-e7eb1d1190f2,陕西,西安,,,2025-03-01,2026-03-01,2,serial_id,asc,67,2026-03-10T10:50:56+00:00
0846a065-2e85-4cea-93f3-f84b307edf85,2026021501028,2,0,33,2026-02-15 12:00,2026-02-15 13:00,49998,板栗2014,陕西省,西安市,鄠邑区,涝渭湿地公园,0846a065-2e85-4cea-93f3-f84b307edf85,陕西,西安,,,2025-03-01,2026-03-01,2,serial_id,asc,67,2026-03-10T10:50:56+00:00
eeb205b2-9bce-4d1b-86f9-c52a1ac24d02,2026021501355,2,0,10,2026-02-15 12:00,2026-02-15 15:00,77364,LarryMatteo,陕西省,西安市,长安区,圭峰寺,eeb205b2-9bce-4d1b-86f9-c52a1ac24d02,陕西,西安,,,2025-03-01,2026-03-01,2,serial_id,asc,67,2026-03-10T10:50:56+00:00
f67400c5-6795-4f4e-94e6-656fe827a87a,2026021501492,2,0,18,2026-02-15 12:00,2026-02-15 13:00,65767,半枫荷,陕西省,西安市,长安区,樊川公园,f67400c5-6795-4f4e-94e6-656fe827a87a,陕西,西安,,,2025-03-01,2026-03-01,2,serial_id,asc,67,2026-03-10T10:50:56+00:00
74795528-a920-49f2-ba93-2284ead4798f,2026021501527,2,0,10,2026-02-15 12:00,2026-02-15 15:00,73442,豆豆喵的观鸟记录,陕西省,西安市,长安区,圭峰寺,74795528-a920-49f2-ba93-2284ead4798f,陕西,西安,,,2025-03-01,2026-03-01,2,serial_id,asc,67,2026-03-10T10:50:56+00:00
dd5b74ea-b9ca-4a87-a54d-27f65e535883,2026021502555,2,0,12,2026-02-15 13:00,2026-02-15 14:00,63026,gallups,陕西省,西安市,长安区,十里蛤蟆滩稻花乡里农业景区,dd5b74ea-b9ca-4a87-a54d-27f65e535883,陕西,西安,,,2025-03-01,2026-03-01,2,serial_id,asc,67,2026-03-10T10:50:56+00:00
49114242-2594-42ce-80c8-b52c58bb0218,2026021502580,2,0,12,2026-02-15 09:30,2026-02-15 10:00,54374,老老农夫,陕西省,西安市,碑林区,兴庆宫公园,49114242-2594-42ce-80c8-b52c58bb0218,陕西,西安,,,2025-03-01,2026-03-01,2,serial_id,asc,67,2026-03-10T10:50:56+00:00
06f54070-e7a6-46ec-b458-65a15a440734,2026021502600,2,0,12,2026-02-15 09:30,2026-02-15 10:00,54586,小谢同学,陕西省,西安市,碑林区,兴庆宫公园,06f54070-e7a6-46ec-b458-65a15a440734,陕西,西安,,,2025-03-01,2026-03-01,2,serial_id,asc,67,2026-03-10T10:50:56+00:00
bf58f990-1cfc-450c-99b8-349f0850a57e,2026021502720,2,0,11,2026-02-15 15:14,2026-02-15 18:14,101777,一科树,陕西省,西安市,莲湖区,丰庆公园,bf58f990-1cfc-450c-99b8-349f0850a57e,陕西,西安,,,2025-03-01,2026-03-01,2,serial_id,asc,67,2026-03-10T10:50:56+00:00
b4cec7de-6a76-4fab-bf2b-6521e1cb76e9,2026021502920,2,0,18,2026-02-15 10:35,2026-02-15 16:35,80858,喵了个咪的,陕西省,西安市,鄠邑区,涝渭湿地公园,b4cec7de-6a76-4fab-bf2b-6521e1cb76e9,陕西,西安,,,2025-03-01,2026-03-01,2,serial_id,asc,67,2026-03-10T10:50:56+00:00
547507f1-7c18-4bad-86e6-d392237a976c,2026021502957,2,0,18,2026-02-15 10:35,2026-02-15 16:35,107193,喵了个咪的他爸,陕西省,西安市,鄠邑区,涝渭湿地公园,547507f1-7c18-4bad-86e6-d392237a976c,陕西,西安,,,2025-03-01,2026-03-01,2,serial_id,asc,67,2026-03-10T10:50:56+00:00
59ae53c9-d87b-423c-91b8-7119acd6e67a,2026021503064,2,0,23,2026-02-15 09:18,2026-02-15 15:21,64371,李大顺,陕西省,西安市,蓝田县,蓝田县小寨镇上湖滩村,59ae53c9-d87b-423c-91b8-7119acd6e67a,陕西,西安,,,2025-03-01,2026-03-01,2,serial_id,asc,67,2026-03-10T10:50:56+00:00
f683c73d-3095-472d-b792-53cf8ff48bed,2026021600054,2,0,11,2026-02-12 11:55,2026-02-15 13:55,73758,朝霧凌,陕西省,西安市,碑林区,兴庆宫公园,f683c73d-3095-472d-b792-53cf8ff48bed,陕西,西安,,,2025-03-01,2026-03-01,2,serial_id,asc,67,2026-03-10T10:50:56+00:00
ecdf8b76-e59f-4c6b-bd83-f75c27fd9b00,2026021600451,2,0,1,2026-02-16 10:00,2026-02-16 11:00,80646,侯侯侯,陕西省,西安市,雁塔区,西安交通大学(雁塔校区),ecdf8b76-e59f-4c6b-bd83-f75c27fd9b00,陕西,西安,,,2025-03-01,2026-03-01,2,serial_id,asc,67,2026-03-10T10:50:56+00:00
4c3f699e-187a-40d8-8fa4-3814413401ff,2026021600508,2,0,7,2026-02-15 12:08,2026-02-15 14:08,104272,SUST206林子大,陕西省,西安市,长安区,樊川公园,4c3f699e-187a-40d8-8fa4-3814413401ff,陕西,西安,,,2025-03-01,2026-03-01,2,serial_id,asc,67,2026-03-10T10:50:56+00:00
120c3694-5e85-42ee-915e-e968ad063825,2026021600594,2,0,11,2026-02-16 11:00,2026-02-16 12:00,49998,板栗2014,陕西省,西安市,鄠邑区,鄠邑区五竹街道振华威村,120c3694-5e85-42ee-915e-e968ad063825,陕西,西安,,,2025-03-01,2026-03-01,2,serial_id,asc,67,2026-03-10T10:50:56+00:00
24756f7d-c02b-4b5b-a6a7-d23ab5d545a6,2026021600698,2,0,12,2026-01-21 12:21,2026-01-21 17:21,108515,chenlf,陕西省,西安市,鄠邑区,涝渭湿地公园,24756f7d-c02b-4b5b-a6a7-d23ab5d545a6,陕西,西安,,,2025-03-01,2026-03-01,2,serial_id,asc,67,2026-03-10T10:50:56+00:00
164886e9-639b-4c4a-bfda-0523986e5060,2026021601106,2,0,6,2025-03-16 15:20,2025-03-16 19:20,108515,chenlf,陕西省,西安市,长安区,长安区樊川公园,164886e9-639b-4c4a-bfda-0523986e5060,陕西,西安,,,2025-03-01,2026-03-01,2,serial_id,asc,67,2026-03-10T10:50:56+00:00
39a0d16e-a950-44ca-9f0c-0f3e6ee86541,2026021601147,2,0,9,2026-02-16 11:20,2026-02-16 13:00,84974,tztm,陕西省,西安市,新城区,长乐公园,39a0d16e-a950-44ca-9f0c-0f3e6ee86541,陕西,西安,,,2025-03-01,2026-03-01,2,serial_id,asc,67,2026-03-10T10:50:56+00:00
91cb09ae-09e4-4b17-8b55-1247fd40d7f1,2026021601156,2,0,17,2026-02-16 14:00,2026-02-16 16:30,75390,雯鳐,陕西省,西安市,未央区,未央区西安浐灞国家湿地公园(灞河西路北),91cb09ae-09e4-4b17-8b55-1247fd40d7f1,陕西,西安,,,2025-03-01,2026-03-01,2,serial_id,asc,67,2026-03-10T10:50:56+00:00
dc7c33de-ef33-4386-ae59-f743d77f26c1,2026021601165,2,0,27,2026-02-16 15:00,2026-02-16 16:00,49998,板栗2014,陕西省,西安市,鄠邑区,涝渭湿地公园,dc7c33de-ef33-4386-ae59-f743d77f26c1,陕西,西安,,,2025-03-01,2026-03-01,2,serial_id,asc,67,2026-03-10T10:50:56+00:00
790808c2-8c50-4cda-aef6-cdbf7da7b494,2026021601447,2,0,13,2026-02-16 08:30,2026-02-16 11:00,101777,一科树,陕西省,西安市,长安区,樊川公园,790808c2-8c50-4cda-aef6-cdbf7da7b494,陕西,西安,,,2025-03-01,2026-03-01,2,serial_id,asc,67,2026-03-10T10:50:56+00:00
b3c567ed-cba6-4a2d-a3cd-c30f8367aad7,2026021701166,2,0,10,2026-02-17 14:00,2026-02-17 15:00,96021,dhg,陕西省,西安市,鄠邑区,余下街道,b3c567ed-cba6-4a2d-a3cd-c30f8367aad7,陕西,西安,,,2025-03-01,2026-03-01,2,serial_id,asc,67,2026-03-10T10:50:56+00:00
3f492816-b857-4d96-9f9f-1737f0af1280,2026021701598,2,0,19,2026-02-17 10:30,2026-02-17 16:25,84974,tztm,陕西省,西安市,未央区,浐灞国家湿地公园,3f492816-b857-4d96-9f9f-1737f0af1280,陕西,西安,,,2025-03-01,2026-03-01,2,serial_id,asc,67,2026-03-10T10:50:56+00:00
1c7d9819-f799-4c98-8818-c1a4cf8a6f07,2026021701617,2,0,23,2026-02-17 14:00,2026-02-17 15:00,65767,半枫荷,陕西省,西安市,未央区,浐灞国家湿地公园,1c7d9819-f799-4c98-8818-c1a4cf8a6f07,陕西,西安,,,2025-03-01,2026-03-01,2,serial_id,asc,67,2026-03-10T10:50:56+00:00
e412ca22-2786-46cb-b0b7-2218891baf69,2026021701844,2,0,5,2026-02-17 15:00,2026-02-17 17:00,78679,Roey,陕西省,西安市,莲湖区,丰庆公园,e412ca22-2786-46cb-b0b7-2218891baf69,陕西,西安,,,2025-03-01,2026-03-01,2,serial_id,asc,67,2026-03-10T10:50:56+00:00
bca60db6-ebb2-4c62-ae4f-b17b0ecab750,2026021702026,2,0,24,2026-02-17 17:00,2026-02-17 18:00,49998,板栗2014,陕西省,西安市,长安区,圭峰寺,bca60db6-ebb2-4c62-ae4f-b17b0ecab750,陕西,西安,,,2025-03-01,2026-03-01,2,serial_id,asc,67,2026-03-10T10:50:56+00:00
31c7c7e5-a607-4e2f-9355-bf5ed8a274ae,2026021702158,2,0,1,2026-02-17 18:00,2026-02-17 19:00,78007,汛子,陕西省,西安市,长安区,樊川公园,31c7c7e5-a607-4e2f-9355-bf5ed8a274ae,陕西,西安,,,2025-03-01,2026-03-01,2,serial_id,asc,67,2026-03-10T10:50:56+00:00
441ac7b5-1aa3-481a-af2b-105b544c5b19,2026021702186,2,0,6,2026-02-17 17:30,2026-02-17 18:30,43531,Greenapple,陕西省,西安市,碑林区,西北工业大学(友谊校区),441ac7b5-1aa3-481a-af2b-105b544c5b19,陕西,西安,,,2025-03-01,2026-03-01,2,serial_id,asc,67,2026-03-10T10:50:56+00:00
344b8e38-49cb-4958-b197-e79e8db4db81,2026021702330,2,0,33,2026-02-05 10:13,2026-02-05 14:13,58675,优游友幼,陕西省,西安市,未央区,浐灞国家湿地公园,344b8e38-49cb-4958-b197-e79e8db4db81,陕西,西安,,,2025-03-01,2026-03-01,2,serial_id,asc,67,2026-03-10T10:50:56+00:00
5caf51ff-67f3-4f6c-a895-7a308621a29c,2026021702713,2,0,4,2026-02-17 09:26,2026-02-17 10:26,22753,Douting,陕西省,西安市,新城区,革命公园,5caf51ff-67f3-4f6c-a895-7a308621a29c,陕西,西安,,,2025-03-01,2026-03-01,2,serial_id,asc,67,2026-03-10T10:50:56+00:00
3d5cd756-b688-431a-8826-9b20acb74356,2026021702888,2,0,2,2026-02-17 08:30,2026-02-17 10:30,108637,天马,陕西省,西安市,新城区,大明宫国家遗址公园,3d5cd756-b688-431a-8826-9b20acb74356,陕西,西安,,,2025-03-01,2026-03-01,2,serial_id,asc,67,2026-03-10T10:50:56+00:00
65ec20e8-0f96-4742-817d-fd21dbc20c8a,2026021800420,2,0,1,2026-02-17 16:06,2026-02-17 17:06,73442,豆豆喵的观鸟记录,陕西省,西安市,长安区,樊川公园,65ec20e8-0f96-4742-817d-fd21dbc20c8a,陕西,西安,,,2025-03-01,2026-03-01,2,serial_id,asc,67,2026-03-10T10:50:56+00:00
5a5df3d0-b0be-40af-85ec-e424a2d0e6af,2026021800500,2,0,24,2026-02-18 10:00,2026-02-18 11:00,75390,雯鳐,陕西省,西安市,鄠邑区,涝渭湿地公园,5a5df3d0-b0be-40af-85ec-e424a2d0e6af,陕西,西安,,,2025-03-01,2026-03-01,2,serial_id,asc,67,2026-03-10T10:50:56+00:00
1e1f23b8-11a2-487e-a07d-5fdd1207da44,2026021800873,2,0,30,2026-02-17 09:30,2026-02-17 13:54,100253,洒洒水,陕西省,西安市,灞桥区,西安浐灞桃花潭公园,1e1f23b8-11a2-487e-a07d-5fdd1207da44,陕西,西安,,,2025-03-01,2026-03-01,2,serial_id,asc,67,2026-03-10T10:50:56+00:00
fe940821-6a2d-455d-898b-f5fb076bbc00,2026021801122,2,0,44,2026-02-18 10:00,2026-02-18 13:00,73106,Akira2025,陕西省,西安市,鄠邑区,涝渭湿地公园,fe940821-6a2d-455d-898b-f5fb076bbc00,陕西,西安,,,2025-03-01,2026-03-01,2,serial_id,asc,67,2026-03-10T10:50:56+00:00
5a0ca283-b6ae-4d39-ad6c-923a61a3072d,2026021801177,2,0,10,2026-02-18 13:00,2026-02-18 14:00,49998,板栗2014,陕西省,西安市,长安区,樊川公园,5a0ca283-b6ae-4d39-ad6c-923a61a3072d,陕西,西安,,,2025-03-01,2026-03-01,2,serial_id,asc,67,2026-03-10T10:50:56+00:00
6577a96b-cb8c-4e41-a822-86b454329cf4,2026021801279,2,0,21,2026-02-18 11:20,2026-02-18 13:20,53627,亲爱的小鱼,陕西省,西安市,长安区,樊川公园,6577a96b-cb8c-4e41-a822-86b454329cf4,陕西,西安,,,2025-03-01,2026-03-01,2,serial_id,asc,67,2026-03-10T10:50:56+00:00
89f5e45c-0d4e-46c7-a25a-0ec895417233,2026021801619,2,0,34,2026-02-18 07:27,2026-02-18 14:35,43969,周乐洋,陕西省,西安市,长安区,圭峰山,89f5e45c-0d4e-46c7-a25a-0ec895417233,陕西,西安,,,2025-03-01,2026-03-01,2,serial_id,asc,67,2026-03-10T10:50:56+00:00
7b443e58-8fd9-47d4-a729-05f4a00e9258,2026021802447,2,0,19,2026-02-18 10:00,2026-02-18 18:00,84974,tztm,陕西省,西安市,长安区,樊川公园,7b443e58-8fd9-47d4-a729-05f4a00e9258,陕西,西安,,,2025-03-01,2026-03-01,2,serial_id,asc,67,2026-03-10T10:50:56+00:00
d049983b-cf0d-490d-9d01-85b8e4661a4e,2026021802450,2,0,2,2025-08-06 16:10,2025-08-06 17:00,94665,橘子汁,陕西省,西安市,雁塔区,西安大雁塔,d049983b-cf0d-490d-9d01-85b8e4661a4e,陕西,西安,,,2025-03-01,2026-03-01,2,serial_id,asc,67,2026-03-10T10:50:56+00:00
198b5c16-2b35-4980-8490-4a44ebba25ad,2026021900041,2,0,15,2026-02-18 15:00,2026-02-18 16:30,100253,洒洒水,陕西省,西安市,碑林区,兴庆公园,198b5c16-2b35-4980-8490-4a44ebba25ad,陕西,西安,,,2025-03-01,2026-03-01,2,serial_id,asc,67,2026-03-10T10:50:56+00:00
ce0a9841-0bd6-46c7-9c3c-7be7d6929659,2026021900288,2,0,25,2026-02-19 09:00,2026-02-19 11:14,75204,雪子哥,陕西省,西安市,灞桥区,灞河西岸滨河公园(灞柳西路4号附近),ce0a9841-0bd6-46c7-9c3c-7be7d6929659,陕西,西安,,,2025-03-01,2026-03-01,2,serial_id,asc,68,2026-03-10T10:50:58+00:00
776ed850-9f3e-444b-b14c-4eee64e42611,2026021900518,2,0,6,2026-02-19 10:00,2026-02-19 11:00,96021,dhg,陕西省,西安市,鄠邑区,太平河,776ed850-9f3e-444b-b14c-4eee64e42611,陕西,西安,,,2025-03-01,2026-03-01,2,serial_id,asc,68,2026-03-10T10:50:58+00:00
4a0ed44a-dc66-4174-96fd-d245bb9c12ff,2026021900519,2,0,1,2026-02-19 10:00,2026-02-19 11:00,108748,Star5,陕西省,西安市,长安区,圭峰山,4a0ed44a-dc66-4174-96fd-d245bb9c12ff,陕西,西安,,,2025-03-01,2026-03-01,2,serial_id,asc,68,2026-03-10T10:50:58+00:00
f0f1fe7e-e591-43e1-8414-28c171da975f,2026021900617,2,0,12,2026-02-19 08:57,2026-02-19 11:00,43265,伏翼,陕西省,西安市,莲湖区,丰庆公园,f0f1fe7e-e591-43e1-8414-28c171da975f,陕西,西安,,,2025-03-01,2026-03-01,2,serial_id,asc,68,2026-03-10T10:50:58+00:00
d9a6f2e6-9416-4314-96dd-0e3f8025abb8,2026021900674,2,0,1,2026-02-19 11:00,2026-02-19 12:00,108748,Star5,陕西省,西安市,长安区,圭峰山,d9a6f2e6-9416-4314-96dd-0e3f8025abb8,陕西,西安,,,2025-03-01,2026-03-01,2,serial_id,asc,68,2026-03-10T10:50:58+00:00
77d9cdcd-1655-4d9f-a175-161d7efb4d8e,2026021900984,2,0,1,2026-02-19 12:00,2026-02-19 13:00,108748,Star5,陕西省,西安市,长安区,圭峰山,77d9cdcd-1655-4d9f-a175-161d7efb4d8e,陕西,西安,,,2025-03-01,2026-03-01,2,serial_id,asc,68,2026-03-10T10:50:58+00:00
a9c72cc8-3713-4710-b052-80fd2e8f537f,2026021900988,2,0,1,2026-02-19 12:00,2026-02-19 13:00,108748,Star5,陕西省,西安市,长安区,圭峰山,a9c72cc8-3713-4710-b052-80fd2e8f537f,陕西,西安,,,2025-03-01,2026-03-01,2,serial_id,asc,68,2026-03-10T10:50:58+00:00
f08d3539-b10b-4c1a-a5f9-df7f4d705a9b,2026021901837,2,0,30,2026-02-19 10:00,2026-02-19 15:00,72605,蛋壳isbirding,陕西省,西安市,长安区,长安区樊川公园,f08d3539-b10b-4c1a-a5f9-df7f4d705a9b,陕西,西安,,,2025-03-01,2026-03-01,2,serial_id,asc,68,2026-03-10T10:50:58+00:00
130945af-7c1d-4bd2-9845-6e4ee5203923,2026021902378,2,0,13,2026-02-19 17:00,2026-02-19 18:00,49998,板栗2014,陕西省,西安市,莲湖区,丰庆公园,130945af-7c1d-4bd2-9845-6e4ee5203923,陕西,西安,,,2025-03-01,2026-03-01,2,serial_id,asc,68,2026-03-10T10:50:58+00:00
5af07b31-8daf-40d5-82af-d423e540c624,2026021902422,2,0,14,2026-02-19 15:45,2026-02-19 17:00,43969,周乐洋,陕西省,西安市,碑林区,兴庆宫公园,5af07b31-8daf-40d5-82af-d423e540c624,陕西,西安,,,2025-03-01,2026-03-01,2,serial_id,asc,68,2026-03-10T10:50:58+00:00
e6fccb4d-2b3f-408e-b51a-ad416f5f0ff1,2026021902980,2,0,5,2026-02-18 17:40,2026-02-18 17:46,43969,周乐洋,陕西省,西安市,雁塔区,大唐不夜城,e6fccb4d-2b3f-408e-b51a-ad416f5f0ff1,陕西,西安,,,2025-03-01,2026-03-01,2,serial_id,asc,68,2026-03-10T10:50:58+00:00
5442f8a1-265b-4f93-9b4a-de8405388083,2026021903719,2,0,4,2026-02-19 16:30,2026-02-19 18:00,43531,Greenapple,陕西省,西安市,莲湖区,丰庆公园,5442f8a1-265b-4f93-9b4a-de8405388083,陕西,西安,,,2025-03-01,2026-03-01,2,serial_id,asc,68,2026-03-10T10:50:58+00:00
a9fa6368-cd80-4c58-9170-3fc956d81101,2026022000954,2,0,7,2026-02-14 12:01,2026-02-14 15:01,80846,金鱼灯,陕西省,西安市,长安区,樊川公园,a9fa6368-cd80-4c58-9170-3fc956d81101,陕西,西安,,,2025-03-01,2026-03-01,2,serial_id,asc,68,2026-03-10T10:50:58+00:00
312a5585-6182-4bd1-aa86-0e333ef3994c,2026022000966,2,0,17,2026-02-19 10:03,2026-02-19 14:03,80846,金鱼灯,陕西省,西安市,鄠邑区,涝渭湿地公园,312a5585-6182-4bd1-aa86-0e333ef3994c,陕西,西安,,,2025-03-01,2026-03-01,2,serial_id,asc,68,2026-03-10T10:50:58+00:00
bd046863-6e24-4bc4-9433-8d06e28e4064,2026022001202,2,0,1,2026-02-19 16:30,2026-02-19 18:00,64371,李大顺,陕西省,西安市,长安区,圭峰寺,bd046863-6e24-4bc4-9433-8d06e28e4064,陕西,西安,,,2025-03-01,2026-03-01,2,serial_id,asc,68,2026-03-10T10:50:58+00:00
4679ded1-062a-4dc1-8761-b2eb9329d125,2026022001359,2,0,4,2026-02-20 11:42,2026-02-20 14:00,83475,风花雪月,陕西省,西安市,长安区,樊川公园,4679ded1-062a-4dc1-8761-b2eb9329d125,陕西,西安,,,2025-03-01,2026-03-01,2,serial_id,asc,68,2026-03-10T10:50:58+00:00
d15a11f0-7fbd-4aa7-9efa-556a1e9677c0,2026022002353,2,0,2,2026-02-20 15:07,2026-02-20 17:05,84974,tztm,陕西省,西安市,鄠邑区,涝渭湿地公园,d15a11f0-7fbd-4aa7-9efa-556a1e9677c0,陕西,西安,,,2025-03-01,2026-03-01,2,serial_id,asc,68,2026-03-10T10:50:58+00:00
c0571fd2-4b81-4caf-986d-9e7b4929cac0,2026022002698,2,0,9,2026-02-20 14:58,2026-02-20 17:58,103456,陈皮老F,陕西省,西安市,长安区,樊川公园,c0571fd2-4b81-4caf-986d-9e7b4929cac0,陕西,西安,,,2025-03-01,2026-03-01,2,serial_id,asc,68,2026-03-10T10:50:58+00:00
7ee8887c-e22a-4b03-b743-239c86967e07,2026022003099,2,0,11,2026-02-20 15:00,2026-02-20 16:00,90340,halcyon,陕西省,西安市,长安区,昆明池·七夕公园,7ee8887c-e22a-4b03-b743-239c86967e07,陕西,西安,,,2025-03-01,2026-03-01,2,serial_id,asc,68,2026-03-10T10:50:58+00:00
b7fc1377-0251-4428-bceb-1a3f13158283,2026022003237,2,0,6,2026-02-20 15:00,2026-02-20 16:00,85326,longpi,陕西省,西安市,雁塔区,中国唐苑,b7fc1377-0251-4428-bceb-1a3f13158283,陕西,西安,,,2025-03-01,2026-03-01,2,serial_id,asc,68,2026-03-10T10:50:58+00:00
d0b9d6f6-5d6a-4b3e-91c2-4ba4cb0f0b5a,2026022003553,2,0,4,2026-02-20 11:42,2026-02-20 14:00,87721,Simona,陕西省,西安市,长安区,樊川公园,d0b9d6f6-5d6a-4b3e-91c2-4ba4cb0f0b5a,陕西,西安,,,2025-03-01,2026-03-01,2,serial_id,asc,68,2026-03-10T10:50:58+00:00
d48f29b3-8df6-4483-bb7f-76938e37424e,2026022003558,2,0,17,2026-02-20 09:00,2026-02-20 15:00,12692,maixiangliulian,陕西省,西安市,碑林区,兴庆公园,d48f29b3-8df6-4483-bb7f-76938e37424e,陕西,西安,,,2025-03-01,2026-03-01,2,serial_id,asc,68,2026-03-10T10:50:58+00:00
13adde4e-b969-4b32-a34a-cb720ad98ab1,2026022003849,2,0,21,2026-02-20 08:30,2026-02-20 18:30,72605,蛋壳isbirding,陕西省,西安市,长安区,圭峰寺-高冠峪,13adde4e-b969-4b32-a34a-cb720ad98ab1,陕西,西安,,,2025-03-01,2026-03-01,2,serial_id,asc,68,2026-03-10T10:50:58+00:00
511bde5c-2fc5-4f21-b88f-f7c3e5dfe5f9,2026022100092,2,0,1,2026-02-21 01:00,2026-02-21 02:00,108579,rayv,陕西省,西安市,新城区,大明宫国家遗址公园,511bde5c-2fc5-4f21-b88f-f7c3e5dfe5f9,陕西,西安,,,2025-03-01,2026-03-01,2,serial_id,asc,68,2026-03-10T10:50:58+00:00
8ece5c31-ed3e-4971-b316-7e7c337429cb,2026022100108,2,0,19,2026-02-19 09:41,2026-02-19 16:30,45001,大微风,陕西省,西安市,长安区,子午峪,8ece5c31-ed3e-4971-b316-7e7c337429cb,陕西,西安,,,2025-03-01,2026-03-01,2,serial_id,asc,68,2026-03-10T10:50:58+00:00
437a4b5b-1439-4774-9b0d-dce1a11b3b35,2026022100388,2,0,1,2026-02-21 09:00,2026-02-21 10:00,22384,牧马人,陕西省,西安市,未央区,陕西省省直机关明园小区(西安市未央区),437a4b5b-1439-4774-9b0d-dce1a11b3b35,陕西,西安,,,2025-03-01,2026-03-01,2,serial_id,asc,68,2026-03-10T10:50:58+00:00
41949cc9-449c-44ad-aa15-cfca97c48390,2026022100697,2,0,16,2026-02-19 10:00,2026-02-19 11:00,53627,亲爱的小鱼,陕西省,西安市,长安区,西安电子科技大学(南校区),41949cc9-449c-44ad-aa15-cfca97c48390,陕西,西安,,,2025-03-01,2026-03-01,2,serial_id,asc,68,2026-03-10T10:50:58+00:00
90a430a6-6a21-48ba-b094-0eb579e2b57a,2026022100946,2,0,2,2026-02-21 11:00,2026-02-21 12:00,22384,牧马人,陕西省,西安市,长安区,西安秦岭野生动物园,90a430a6-6a21-48ba-b094-0eb579e2b57a,陕西,西安,,,2025-03-01,2026-03-01,2,serial_id,asc,68,2026-03-10T10:50:58+00:00
e5097838-c860-4698-a166-f3110afa21ab,2026022101432,2,0,14,2026-02-21 13:00,2026-02-21 14:00,103159,胡啾,陕西省,西安市,长安区,圭峰山,e5097838-c860-4698-a166-f3110afa21ab,陕西,西安,,,2025-03-01,2026-03-01,2,serial_id,asc,68,2026-03-10T10:50:58+00:00
038090fc-0230-46c8-b2df-71b096bd259e,2026022101706,2,0,1,2026-02-21 15:00,2026-02-21 16:00,37032,李先生厉害,陕西省,西安市,未央区,陕西科技大学(西安校区),038090fc-0230-46c8-b2df-71b096bd259e,陕西,西安,,,2025-03-01,2026-03-01,2,serial_id,asc,68,2026-03-10T10:50:58+00:00
592d47de-b1e2-4455-a63b-abc1e149eb2b,2026022101973,2,0,2,2026-02-21 16:00,2026-02-21 17:00,96021,dhg,陕西省,西安市,碑林区,西安交通大学兴庆校区,592d47de-b1e2-4455-a63b-abc1e149eb2b,陕西,西安,,,2025-03-01,2026-03-01,2,serial_id,asc,68,2026-03-10T10:50:58+00:00
dd6ed073-6e71-4f4f-9e02-e169740d30af,2026022102303,2,0,5,2026-02-21 15:00,2026-02-21 17:03,103456,陈皮老F,陕西省,西安市,临潼区,骊山国家森林公园(临潼区环城东路3号),dd6ed073-6e71-4f4f-9e02-e169740d30af,陕西,西安,,,2025-03-01,2026-03-01,2,serial_id,asc,68,2026-03-10T10:50:58+00:00
de726b9c-e519-446d-badb-4fccc19a6ba1,2026022102475,2,0,25,2026-02-21 14:00,2026-02-21 15:00,65767,半枫荷,陕西省,西安市,灞桥区,灞渭桥车游湿地公园,de726b9c-e519-446d-badb-4fccc19a6ba1,陕西,西安,,,2025-03-01,2026-03-01,2,serial_id,asc,68,2026-03-10T10:50:58+00:00
9049116a-a824-4b06-bdcb-e4d866de4274,2026022103621,2,0,11,2026-02-21 09:25,2026-02-21 10:23,22753,Douting,陕西省,西安市,长安区,西安秦岭野生动物园,9049116a-a824-4b06-bdcb-e4d866de4274,陕西,西安,,,2025-03-01,2026-03-01,2,serial_id,asc,68,2026-03-10T10:50:58+00:00
6a3991c8-d339-4c77-8950-2b5622227f4c,2026022103709,2,0,25,2026-02-21 08:30,2026-02-21 15:30,72605,蛋壳isbirding,陕西省,西安市,长安区,圭峰寺-高冠峪,6a3991c8-d339-4c77-8950-2b5622227f4c,陕西,西安,,,2025-03-01,2026-03-01,2,serial_id,asc,68,2026-03-10T10:50:58+00:00
8656ef67-797b-43c0-873c-06f4831563c3,2026022200064,2,0,5,2026-02-21 13:30,2026-02-21 15:08,43531,Greenapple,陕西省,西安市,未央区,皂渭驿,8656ef67-797b-43c0-873c-06f4831563c3,陕西,西安,,,2025-03-01,2026-03-01,2,serial_id,asc,68,2026-03-10T10:50:58+00:00
694119bf-0075-4f58-82cd-6195a65a14e3,2026022200082,2,0,4,2026-02-14 14:50,2026-02-14 16:58,102016,mimimo,陕西省,西安市,碑林区,西安博物院,694119bf-0075-4f58-82cd-6195a65a14e3,陕西,西安,,,2025-03-01,2026-03-01,2,serial_id,asc,68,2026-03-10T10:50:58+00:00
3fef5c5c-5edc-46b0-a7cd-ebe4d4fe7ac1,2026022201750,2,0,6,2026-02-22 15:00,2026-02-22 16:00,79708,Hope璞,陕西省,西安市,长安区,西安外国语大学(长安校区)(北区),3fef5c5c-5edc-46b0-a7cd-ebe4d4fe7ac1,陕西,西安,,,2025-03-01,2026-03-01,2,serial_id,asc,68,2026-03-10T10:50:58+00:00
7841106a-a5a6-47d1-9150-64b6ea969b48,2026022202597,2,0,4,2026-02-22 18:00,2026-02-22 19:00,54170,KosmosX,陕西省,西安市,新城区,大明宫国家遗址公园,7841106a-a5a6-47d1-9150-64b6ea969b48,陕西,西安,,,2025-03-01,2026-03-01,2,serial_id,asc,68,2026-03-10T10:50:58+00:00
85bad808-4048-4dfb-bdbb-5b431187c367,2026022202715,2,0,4,2026-02-22 19:00,2026-02-22 20:00,93496,蒋冰,陕西省,西安市,碑林区,西安博物院,85bad808-4048-4dfb-bdbb-5b431187c367,陕西,西安,,,2025-03-01,2026-03-01,2,serial_id,asc,68,2026-03-10T10:50:58+00:00
7dd8854c-7961-4f87-bfb2-d86ba5ed8831,2026022300118,2,0,8,2026-02-22 15:00,2026-02-22 16:22,90834,karonic,陕西省,西安市,莲湖区,丰庆公园,7dd8854c-7961-4f87-bfb2-d86ba5ed8831,陕西,西安,,,2025-03-01,2026-03-01,2,serial_id,asc,68,2026-03-10T10:50:58+00:00
5214821f-7462-4ac6-b20d-c1bda9a36bef,2026022300417,2,0,3,2026-02-23 09:00,2026-02-23 10:00,25103,大篩子,陕西省,西安市,雁塔区,西安欧亚学院亚朵X酒店,5214821f-7462-4ac6-b20d-c1bda9a36bef,陕西,西安,,,2025-03-01,2026-03-01,2,serial_id,asc,68,2026-03-10T10:50:58+00:00
9590dad2-574c-40d7-b291-a4b3a7ee25c2,2026022300716,2,0,3,2026-02-23 08:45,2026-02-23 09:10,64371,李大顺,陕西省,西安市,莲湖区,丰庆公园,9590dad2-574c-40d7-b291-a4b3a7ee25c2,陕西,西安,,,2025-03-01,2026-03-01,2,serial_id,asc,68,2026-03-10T10:50:58+00:00
8219915f-8b8d-4b15-a8f6-3730c3f86a61,2026022301817,2,0,7,2026-02-23 16:00,2026-02-23 17:00,54170,KosmosX,陕西省,西安市,未央区,汉长安城未央宫遗址前殿遗址(未央区),8219915f-8b8d-4b15-a8f6-3730c3f86a61,陕西,西安,,,2025-03-01,2026-03-01,2,serial_id,asc,68,2026-03-10T10:50:58+00:00
976ea985-d9cd-4767-b667-ed92fbe6f56e,2026022301945,2,0,13,2026-02-23 09:30,2026-02-23 11:23,22753,Douting,陕西省,西安市,未央区,未央区漕运明渠桥东北300米(河堤路北),976ea985-d9cd-4767-b667-ed92fbe6f56e,陕西,西安,,,2025-03-01,2026-03-01,2,serial_id,asc,68,2026-03-10T10:50:58+00:00
8e73ed97-26a1-465c-8288-ae6da5057703,2026022303133,2,0,2,2026-02-23 23:00,2026-02-24 00:00,108033,东东986,陕西省,西安市,雁塔区,绿地世纪城A区,8e73ed97-26a1-465c-8288-ae6da5057703,陕西,西安,,,2025-03-01,2026-03-01,2,serial_id,asc,68,2026-03-10T10:50:58+00:00
e9175c7a-6a48-4bfa-8db6-c35e76da1a0b,2026022303187,2,0,9,2026-02-22 08:00,2026-02-22 12:00,87715,juzi橘子0448,陕西省,西安市,长安区,圭峰山,e9175c7a-6a48-4bfa-8db6-c35e76da1a0b,陕西,西安,,,2025-03-01,2026-03-01,2,serial_id,asc,68,2026-03-10T10:50:58+00:00
c8dc8b0a-d811-4f58-a339-151552d1b11a,2026022400028,2,0,2,2026-02-19 09:40,2026-02-19 11:00,78679,Roey,陕西省,西安市,阎良区,西安市阎良石川河,c8dc8b0a-d811-4f58-a339-151552d1b11a,陕西,西安,,,2025-03-01,2026-03-01,2,serial_id,asc,68,2026-03-10T10:50:58+00:00
4795ea90-9c2b-46f3-885b-a57130f9e7f4,2026022400040,2,0,8,2026-02-21 11:00,2026-02-21 13:00,78679,Roey,陕西省,西安市,未央区,皂渭驿,4795ea90-9c2b-46f3-885b-a57130f9e7f4,陕西,西安,,,2025-03-01,2026-03-01,2,serial_id,asc,68,2026-03-10T10:50:58+00:00
6ab63559-7bc2-4eb4-8f33-b009493dde4c,2026022400043,2,0,4,2026-02-21 15:20,2026-02-21 18:00,78679,Roey,陕西省,西安市,未央区,石牛驿,6ab63559-7bc2-4eb4-8f33-b009493dde4c,陕西,西安,,,2025-03-01,2026-03-01,2,serial_id,asc,68,2026-03-10T10:50:58+00:00
371d3c16-27c2-46f7-ab5f-ce3a142d791b,2026022400414,2,0,15,2026-02-24 10:00,2026-02-24 11:00,75390,雯鳐,陕西省,西安市,莲湖区,丰庆公园,371d3c16-27c2-46f7-ab5f-ce3a142d791b,陕西,西安,,,2025-03-01,2026-03-01,2,serial_id,asc,69,2026-03-10T10:51:01+00:00
13e92ef1-c95b-4f13-a114-58d1b999f39b,2026022401068,2,0,4,2026-02-24 14:00,2026-02-24 15:00,25103,大篩子,陕西省,西安市,雁塔区,西安欧亚学院亚朵X酒店,13e92ef1-c95b-4f13-a114-58d1b999f39b,陕西,西安,,,2025-03-01,2026-03-01,2,serial_id,asc,69,2026-03-10T10:51:01+00:00
e51c8f52-914c-46a5-a8ba-a084f6d6fe0d,2026022401130,2,0,2,2026-01-21 09:00,2026-01-21 10:00,108959,燕徉,陕西省,西安市,莲湖区,西安城墙,e51c8f52-914c-46a5-a8ba-a084f6d6fe0d,陕西,西安,,,2025-03-01,2026-03-01,2,serial_id,asc,69,2026-03-10T10:51:01+00:00
bae6a510-5361-4382-957f-1c7a863025e5,2026022401638,2,0,23,2026-01-24 08:45,2026-01-24 11:45,81608,Watson,陕西省,西安市,长安区,昆明池·七夕公园,bae6a510-5361-4382-957f-1c7a863025e5,陕西,西安,,,2025-03-01,2026-03-01,2,serial_id,asc,69,2026-03-10T10:51:01+00:00
5b97d613-63f3-4c11-b378-69e36915dbd1,2026022402002,2,0,15,2026-02-24 12:20,2026-02-24 14:20,22753,Douting,陕西省,西安市,长安区,樊川公园,5b97d613-63f3-4c11-b378-69e36915dbd1,陕西,西安,,,2025-03-01,2026-03-01,2,serial_id,asc,69,2026-03-10T10:51:01+00:00
583c5051-68d2-4795-971a-0cb493ebf8bc,2026022402019,2,0,5,2026-01-24 13:30,2026-01-24 14:30,81608,Watson,陕西省,西安市,鄠邑区,涝渭湿地公园,583c5051-68d2-4795-971a-0cb493ebf8bc,陕西,西安,,,2025-03-01,2026-03-01,2,serial_id,asc,69,2026-03-10T10:51:01+00:00
40ee68b9-17c3-4e5d-bc71-9cd3b422e105,2026022402596,2,0,2,2026-02-21 17:00,2026-02-21 18:00,79708,Hope璞,陕西省,西安市,长安区,新民村,40ee68b9-17c3-4e5d-bc71-9cd3b422e105,陕西,西安,,,2025-03-01,2026-03-01,2,serial_id,asc,69,2026-03-10T10:51:01+00:00
e6210e2c-5ee8-4792-b1ff-f6e0b8088140,2026022500545,2,0,16,2026-02-24 10:07,2026-02-25 12:00,56320,Jaymen,陕西省,西安市,碑林区,兴庆宫公园,e6210e2c-5ee8-4792-b1ff-f6e0b8088140,陕西,西安,,,2025-03-01,2026-03-01,2,serial_id,asc,69,2026-03-10T10:51:01+00:00
77e3c799-a311-4765-beed-53381dd496c2,2026022501942,2,0,16,2026-02-25 14:00,2026-02-25 15:00,77627,Bustellar,陕西省,西安市,未央区,未央区西安浐灞国家湿地公园(灞河西路北),77e3c799-a311-4765-beed-53381dd496c2,陕西,西安,,,2025-03-01,2026-03-01,2,serial_id,asc,69,2026-03-10T10:51:01+00:00
0fc1e9d2-cc59-4e8e-b790-2adb2f94dfbc,2026022502245,2,0,12,2026-02-21 08:42,2026-02-25 21:00,105618,Dajiujiang,陕西省,西安市,雁塔区,陕西省西安市西安植物园新区,0fc1e9d2-cc59-4e8e-b790-2adb2f94dfbc,陕西,西安,,,2025-03-01,2026-03-01,2,serial_id,asc,69,2026-03-10T10:51:01+00:00
cc853400-b0aa-4993-b6ff-eb84155e828f,2026022502303,2,0,8,2026-01-17 08:00,2026-01-17 09:00,81608,Watson,陕西省,西安市,莲湖区,丰庆公园,cc853400-b0aa-4993-b6ff-eb84155e828f,陕西,西安,,,2025-03-01,2026-03-01,2,serial_id,asc,69,2026-03-10T10:51:01+00:00
da26953f-0d52-45f2-b043-7790a2903507,2026022502341,2,0,12,2026-01-02 08:30,2026-01-02 10:00,81608,Watson,陕西省,西安市,长安区,滈河,da26953f-0d52-45f2-b043-7790a2903507,陕西,西安,,,2025-03-01,2026-03-01,2,serial_id,asc,69,2026-03-10T10:51:01+00:00
c11547c6-8325-42a3-9db1-b70ca2450cd4,2026022502492,2,0,3,2026-02-21 08:06,2026-02-25 23:00,105618,Dajiujiang,陕西省,西安市,雁塔区,陕西省西安市西安植物园新区,c11547c6-8325-42a3-9db1-b70ca2450cd4,陕西,西安,,,2025-03-01,2026-03-01,2,serial_id,asc,69,2026-03-10T10:51:01+00:00
889bd09c-fde2-4298-9661-0f9b93d4d360,2026022600583,2,0,30,2026-02-26 11:00,2026-02-26 12:00,86307,李封真,陕西省,西安市,鄠邑区,涝渭湿地公园,889bd09c-fde2-4298-9661-0f9b93d4d360,陕西,西安,,,2025-03-01,2026-03-01,2,serial_id,asc,69,2026-03-10T10:51:01+00:00
86da37a9-d41b-4398-b9bd-231b5e33c78f,2026022601471,2,0,1,2026-02-26 18:00,2026-02-26 19:00,85326,longpi,陕西省,西安市,碑林区,兴庆公园,86da37a9-d41b-4398-b9bd-231b5e33c78f,陕西,西安,,,2025-03-01,2026-03-01,2,serial_id,asc,69,2026-03-10T10:51:01+00:00
768b3ff7-2fce-4457-90d9-f1dd54a73a72,2026022601526,2,0,13,2026-02-26 17:13,2026-02-26 18:45,57607,西石大绿源白鱀豚,陕西省,西安市,鄠邑区,西安石油大学(鄠邑校区),768b3ff7-2fce-4457-90d9-f1dd54a73a72,陕西,西安,,,2025-03-01,2026-03-01,2,serial_id,asc,69,2026-03-10T10:51:01+00:00
5319c288-5a78-4ef0-9030-0db118556867,2026022601531,2,0,31,2026-01-04 12:00,2026-01-04 13:00,49212,JosephFloyd,陕西省,西安市,未央区,西安浐灞国家湿地公园,5319c288-5a78-4ef0-9030-0db118556867,陕西,西安,,,2025-03-01,2026-03-01,2,serial_id,asc,69,2026-03-10T10:51:01+00:00
935faca2-c326-4ceb-8fc2-1855c8231b39,2026022700084,2,0,12,2026-02-26 16:00,2026-02-26 17:00,83779,叶安,陕西省,西安市,碑林区,碑林区兴庆宫公园(兴庆宫公园通阳门西北100米),935faca2-c326-4ceb-8fc2-1855c8231b39,陕西,西安,,,2025-03-01,2026-03-01,2,serial_id,asc,69,2026-03-10T10:51:01+00:00
e288b6c4-dc97-465d-bd79-788657fa6789,2026022701154,2,0,1,2026-02-27 15:01,2026-02-27 15:01,53920,Ouzel,陕西省,西安市,碑林区,西安交通大学兴庆校区胭脂坡,e288b6c4-dc97-465d-bd79-788657fa6789,陕西,西安,,,2025-03-01,2026-03-01,2,serial_id,asc,69,2026-03-10T10:51:01+00:00
66cf8241-4572-48b9-a7e5-beb0bd38a1e9,2026022701571,2,0,12,2026-02-25 09:23,2026-02-25 13:46,22753,Douting,陕西省,西安市,未央区,汉长安城未央宫遗址前殿遗址(未央区),66cf8241-4572-48b9-a7e5-beb0bd38a1e9,陕西,西安,,,2025-03-01,2026-03-01,2,serial_id,asc,69,2026-03-10T10:51:01+00:00
1e569981-2fbf-45c8-bcbc-58a72a026f98,2026022701707,2,0,17,2026-02-27 14:40,2026-02-27 18:20,57607,西石大绿源白鱀豚,陕西省,西安市,鄠邑区,西安石油大学(鄠邑校区),1e569981-2fbf-45c8-bcbc-58a72a026f98,陕西,西安,,,2025-03-01,2026-03-01,2,serial_id,asc,69,2026-03-10T10:51:01+00:00
0952ac1a-c763-484b-871b-669cb142f505,2026022701708,2,0,18,2026-02-27 18:00,2026-02-27 19:00,103159,胡啾,陕西省,西安市,长安区,沣河梁家滩湿地,0952ac1a-c763-484b-871b-669cb142f505,陕西,西安,,,2025-03-01,2026-03-01,2,serial_id,asc,69,2026-03-10T10:51:01+00:00
2eb18274-e22e-4daf-bec8-c53995b0a355,2026022701884,2,0,2,2026-02-24 06:27,2026-02-27 21:00,105618,Dajiujiang,陕西省,西安市,碑林区,小雁塔,2eb18274-e22e-4daf-bec8-c53995b0a355,陕西,西安,,,2025-03-01,2026-03-01,2,serial_id,asc,69,2026-03-10T10:51:01+00:00
dad98e08-896e-4b70-b577-7a1e316bfd2c,2026022702076,2,0,31,2026-02-27 16:00,2026-02-27 17:00,98742,神秘鹭师傅等待鹭全收集,陕西省,西安市,周至县,杨凌渭河湿地生态公园,dad98e08-896e-4b70-b577-7a1e316bfd2c,陕西,西安,,,2025-03-01,2026-03-01,2,serial_id,asc,69,2026-03-10T10:51:01+00:00
25c40785-008b-4916-b11c-7e11e8850b04,2026022800750,2,0,10,2026-02-28 13:00,2026-02-28 14:00,45951,回声,陕西省,西安市,莲湖区,丰庆公园,25c40785-008b-4916-b11c-7e11e8850b04,陕西,西安,,,2025-03-01,2026-03-01,2,serial_id,asc,69,2026-03-10T10:51:01+00:00
700d0b2d-6f0e-4484-8a22-d3075e9fe0be,2026022800904,2,0,13,2026-02-28 13:00,2026-02-28 14:00,11628,石海红,陕西省,西安市,雁塔区,西安新植物园,700d0b2d-6f0e-4484-8a22-d3075e9fe0be,陕西,西安,,,2025-03-01,2026-03-01,2,serial_id,asc,69,2026-03-10T10:51:01+00:00
13712ee9-77bc-43b5-897a-cdff4c56461b,2026022801232,2,0,1,2026-02-28 16:00,2026-02-28 17:00,77627,Bustellar,陕西省,西安市,雁塔区,雁塔区西安植物园(南三环辅道南),13712ee9-77bc-43b5-897a-cdff4c56461b,陕西,西安,,,2025-03-01,2026-03-01,2,serial_id,asc,69,2026-03-10T10:51:01+00:00
9d6ef01b-f2f4-415f-9173-58ab6d837605,2026022802022,2,0,33,2026-02-28 23:00,2026-03-01 00:00,75204,雪子哥,陕西省,西安市,鄠邑区,涝渭湿地公园,9d6ef01b-f2f4-415f-9173-58ab6d837605,陕西,西安,,,2025-03-01,2026-03-01,2,serial_id,asc,69,2026-03-10T10:51:01+00:00
9698d7b2-eceb-406f-b71f-0e57bd225ce4,2026030100741,2,0,1,2026-03-01 12:00,2026-03-01 13:00,96682,Ray橡果,陕西省,西安市,长安区,西北工业大学长安校区海天苑,9698d7b2-eceb-406f-b71f-0e57bd225ce4,陕西,西安,,,2025-03-01,2026-03-01,2,serial_id,asc,69,2026-03-10T10:51:01+00:00
71379ae8-09ca-451a-a3f1-26f2fdd7edd5,2026030100842,2,0,4,2026-02-28 07:00,2026-02-28 15:00,105581,许文阳,陕西省,西安市,长安区,西北大学(长安校区),71379ae8-09ca-451a-a3f1-26f2fdd7edd5,陕西,西安,,,2025-03-01,2026-03-01,2,serial_id,asc,69,2026-03-10T10:51:01+00:00
b7c16b18-1358-42b3-9ca5-c3b062f897f5,2026030101109,2,0,5,2026-03-01 15:00,2026-03-01 16:00,103159,胡啾,陕西省,西安市,雁塔区,雁塔区皂河公园(科技八路北100米),b7c16b18-1358-42b3-9ca5-c3b062f897f5,陕西,西安,,,2025-03-01,2026-03-01,2,serial_id,asc,69,2026-03-10T10:51:01+00:00
d34fed7d-d9a7-4aee-b462-2b124f51e81d,2026030101870,2,0,6,2026-03-01 11:00,2026-03-01 13:00,63026,gallups,陕西省,西安市,长安区,库峪河大桥,d34fed7d-d9a7-4aee-b462-2b124f51e81d,陕西,西安,,,2025-03-01,2026-03-01,2,serial_id,asc,69,2026-03-10T10:51:01+00:00
662d7e7d-c153-4709-ac6b-90c003fd360e,2026030200053,2,0,6,2026-02-15 10:30,2026-02-15 12:00,102016,mimimo,陕西省,西安市,新城区,大明宫国家遗址公园,662d7e7d-c153-4709-ac6b-90c003fd360e,陕西,西安,,,2025-03-01,2026-03-01,2,serial_id,asc,69,2026-03-10T10:51:01+00:00
a8864c7e-6b9e-4fbf-9ce6-6d6688efcec5,2026030200056,2,0,2,2026-02-17 11:15,2026-02-17 11:35,102016,mimimo,陕西省,西安市,临潼区,秦始皇帝陵博物院-丽山园,a8864c7e-6b9e-4fbf-9ce6-6d6688efcec5,陕西,西安,,,2025-03-01,2026-03-01,2,serial_id,asc,69,2026-03-10T10:51:01+00:00
dd227ddf-a2f3-4cb5-ad31-f6dbbf52b9f9,2026030200057,2,0,2,2026-02-18 12:00,2026-02-18 12:16,102016,mimimo,陕西省,西安市,碑林区,长乐门,dd227ddf-a2f3-4cb5-ad31-f6dbbf52b9f9,陕西,西安,,,2025-03-01,2026-03-01,2,serial_id,asc,69,2026-03-10T10:51:01+00:00
8caba9ce-5ec7-4ea3-bc36-71d5664f9880,2026030200148,2,0,15,2026-03-01 17:00,2026-03-01 18:00,53920,Ouzel,陕西省,西安市,碑林区,西安交通大学兴庆校区,8caba9ce-5ec7-4ea3-bc36-71d5664f9880,陕西,西安,,,2025-03-01,2026-03-01,2,serial_id,asc,69,2026-03-10T10:51:01+00:00
93a5cfe2-3a57-4ee5-b82f-ad8c97071e3b,2026030301508,2,0,7,2026-01-01 12:00,2026-01-01 14:00,105581,许文阳,陕西省,西安市,长安区,沣峪,93a5cfe2-3a57-4ee5-b82f-ad8c97071e3b,陕西,西安,,,2025-03-01,2026-03-01,2,serial_id,asc,69,2026-03-10T10:51:01+00:00
60baa588-7094-4acc-9fbe-d56e90660230,2026030500428,2,0,6,2026-02-23 12:35,2026-02-23 16:35,68781,nwmagne,陕西省,西安市,临潼区,秦始皇帝陵博物院丽山园,60baa588-7094-4acc-9fbe-d56e90660230,陕西,西安,,,2025-03-01,2026-03-01,2,serial_id,asc,69,2026-03-10T10:51:01+00:00
29629292-a0b0-4199-ae08-c8aaae02e9f5,2026030800687,2,0,8,2026-02-21 14:57,2026-02-21 17:57,74457,July333,陕西省,西安市,未央区,浐灞国家湿地公园,29629292-a0b0-4199-ae08-c8aaae02e9f5,陕西,西安,,,2025-03-01,2026-03-01,2,serial_id,asc,69,2026-03-10T10:51:01+00:00
57c80ddd-7683-4d3f-b3a4-0a8278adbd73,2026030901830,2,0,10,2026-02-24 14:36,2026-02-24 17:00,87138,我爱吃盐筋,陕西省,西安市,周至县,楼观台道教文化展示区,57c80ddd-7683-4d3f-b3a4-0a8278adbd73,陕西,西安,,,2025-03-01,2026-03-01,2,serial_id,asc,69,2026-03-10T10:51:01+00:00
ab497504-66c0-4fd3-9b84-8a7b151b89e0,2026030902028,2,0,4,2026-02-12 14:00,2026-02-12 15:00,15090,刑小天在西交创新港,陕西省,西安市,灞桥区,西安世博园,ab497504-66c0-4fd3-9b84-8a7b151b89e0,陕西,西安,,,2025-03-01,2026-03-01,2,serial_id,asc,69,2026-03-10T10:51:01+00:00
77ac4878-c479-4d18-a46b-7b606b82cf68,2026031000865,2,0,1,2025-07-22 12:30,2025-07-22 15:32,39539,卡氏斑蛛如是说,陕西省,西安市,长安区,秦岭终南山世界地质公园南五台景区,77ac4878-c479-4d18-a46b-7b606b82cf68,陕西,西安,,,2025-03-01,2026-03-01,2,serial_id,asc,69,2026-03-10T10:51:01+00:00
