reportId,serial_id,state,outside_count,taxoncount,start_time,end_time,userid,username,province_name,city_name,district_name,point_name,request_id,query_province,query_city,query_district,query_pointname,query_start,query_end,query_state,query_sort_by,query_order_by,fetched_page,fetched_at
3aa34a66-d9a4-46a3-a150-a7b85cb2f675,2025080100043,2,0,39,2025-08-01 06:00,2025-08-01 07:00,73231,DrLamett,湖南省,长沙市,长沙县,青山铺,3aa34a66-d9a4-46a3-a150-a7b85cb2f675,湖南省,长沙市,,,2025-08-01,2025-12-31,2,serial_id,asc,1,2026-08-12T08:02:19+00:00
a969956c-1e46-47d2-a50b-ab67bcb4f325,2025080100846,2,0,1,2025-08-01 22:00,2025-08-01 23:00,8606,Leaf,湖南省,长沙市,岳麓区,岳麓山风景名胜区,a969956c-1e46-47d2-a50b-ab67bcb4f325,湖南省,长沙市,,,2025-08-01,2025-12-31,2,serial_id,asc,1,2026-08-12T08:02:19+00:00
d0bb075a-a197-4e4b-b94e-a914061a9420,2025080200274,2,0,21,2025-08-02 07:00,2025-08-02 08:00,74558,最后之基多拉,湖南省,长沙市,长沙县,影珠山,d0bb075a-a197-4e4b-b94e-a914061a9420,湖南省,长沙市,,,2025-08-01,2025-12-31,2,serial_id,asc,1,2026-08-12T08:02:19+00:00
45fc9134-0530-4948-bed3-664608ee2daf,2025080200655,2,0,29,2025-08-02 07:00,2025-08-02 08:00,64985,FarisLuo,湖南省,长沙市,长沙县,安乐碑,45fc9134-0530-4948-bed3-664608ee2daf,湖南省,长沙市,,,2025-08-01,2025-12-31,2,serial_id,asc,1,2026-08-12T08:02:19+00:00
517e376c-db5f-4586-88d3-0e0fea7b6ba1,2025080200784,2,0,29,2025-08-02 18:00,2025-08-02 19:00,46533,程佳强,湖南省,长沙市,岳麓区,岳麓区坪塘街道香泉寺,517e376c-db5f-4586-88d3-0e0fea7b6ba1,湖南省,长沙市,,,2025-08-01,2025-12-31,2,serial_id,asc,1,2026-08-12T08:02:19+00:00
63d9d4c3-8641-459f-ac48-8f803d55845b,2025080200800,2,0,4,2025-08-02 18:00,2025-08-02 19:00,91503,ody,湖南省,长沙市,宁乡市,仁福村,63d9d4c3-8641-459f-ac48-8f803d55845b,湖南省,长沙市,,,2025-08-01,2025-12-31,2,serial_id,asc,1,2026-08-12T08:02:19+00:00
fee8a33f-da87-4b29-a7a3-0d66a2c6405a,2025080300314,2,0,10,2025-08-03 08:14,2025-08-03 08:30,76038,冷风又起雨,湖南省,长沙市,望城区,望城区太阳山路(翻身垸村桥档上组),fee8a33f-da87-4b29-a7a3-0d66a2c6405a,湖南省,长沙市,,,2025-08-01,2025-12-31,2,serial_id,asc,1,2026-08-12T08:02:19+00:00
a2d7901b-f5d4-49d2-8886-f159c319b7c5,2025080300659,2,0,10,2025-08-03 14:50,2025-08-03 15:50,36545,晚舟,湖南省,长沙市,浏阳市,浏阳市葛家镇六古岭,a2d7901b-f5d4-49d2-8886-f159c319b7c5,湖南省,长沙市,,,2025-08-01,2025-12-31,2,serial_id,asc,1,2026-08-12T08:02:19+00:00
e16e98e1-3172-4b6b-9e28-d039d8701c0c,2025080400323,2,0,5,2025-08-04 12:00,2025-08-04 12:30,54533,带剑者死,湖南省,长沙市,天心区,中南林业科技大学生态站,e16e98e1-3172-4b6b-9e28-d039d8701c0c,湖南省,长沙市,,,2025-08-01,2025-12-31,2,serial_id,asc,1,2026-08-12T08:02:19+00:00
8dc0e30e-ed90-4e54-a0cc-fa3304404212,2025080400802,2,0,9,2025-08-04 16:40,2025-08-04 17:40,75725,西谷椰子,湖南省,长沙市,岳麓区,岳麓区坪塘街道香泉村,8dc0e30e-ed90-4e54-a0cc-fa3304404212,湖南省,长沙市,,,2025-08-01,2025-12-31,2,serial_id,asc,1,2026-08-12T08:02:19+00:00
6618eef6-f090-4b9e-b5e3-3e5b78255ab8,2025080500053,2,0,18,2025-08-02 12:08,2025-08-03 14:37,43027,喵十三,湖南省,长沙市,浏阳市,浏阳市大围山国家森林公园,6618eef6-f090-4b9e-b5e3-3e5b78255ab8,湖南省,长沙市,,,2025-08-01,2025-12-31,2,serial_id,asc,1,2026-08-12T08:02:19+00:00
20958e77-2505-4963-ba56-735f63b3294e,2025080500294,2,0,33,2025-08-05 09:30,2025-08-05 11:30,73231,DrLamett,湖南省,长沙市,长沙县,大山冲森林公园,20958e77-2505-4963-ba56-735f63b3294e,湖南省,长沙市,,,2025-08-01,2025-12-31,2,serial_id,asc,1,2026-08-12T08:02:19+00:00
9c69e829-91b5-471e-a949-6bdc860ba65c,2025080500678,2,0,7,2025-08-04 09:00,2025-08-04 10:00,69129,中南林野保毛虫,湖南省,长沙市,浏阳市,湖南省长沙市浏阳市淮川街道翠园公园,9c69e829-91b5-471e-a949-6bdc860ba65c,湖南省,长沙市,,,2025-08-01,2025-12-31,2,serial_id,asc,1,2026-08-12T08:02:19+00:00
0efed9ed-46cb-4ab3-ac8b-00151c28aa37,2025080500697,2,0,29,2025-08-02 18:00,2025-08-02 19:00,47207,牙抽,湖南省,长沙市,岳麓区,岳麓区坪塘街道香泉寺,0efed9ed-46cb-4ab3-ac8b-00151c28aa37,湖南省,长沙市,,,2025-08-01,2025-12-31,2,serial_id,asc,1,2026-08-12T08:02:19+00:00
3acb8455-f95d-45da-9dff-8fb7765f6cf0,2025080600102,2,0,14,2025-08-06 09:00,2025-08-06 10:00,46533,程佳强,湖南省,长沙市,长沙县,大山冲森林公园,3acb8455-f95d-45da-9dff-8fb7765f6cf0,湖南省,长沙市,,,2025-08-01,2025-12-31,2,serial_id,asc,1,2026-08-12T08:02:19+00:00
581d5555-7e59-440b-84d1-07aac4c6912e,2025080700208,2,0,14,2025-08-07 10:00,2025-08-07 11:00,38278,you20230124,湖南省,长沙市,岳麓区,岳麓山国家重点风景名胜区,581d5555-7e59-440b-84d1-07aac4c6912e,湖南省,长沙市,,,2025-08-01,2025-12-31,2,serial_id,asc,1,2026-08-12T08:02:19+00:00
30eb9199-e07d-4896-9371-52677deb5b60,2025080700585,2,0,1,2025-08-07 10:00,2025-08-07 14:04,55742,安纳金li,湖南省,长沙市,岳麓区,桃花岭景区,30eb9199-e07d-4896-9371-52677deb5b60,湖南省,长沙市,,,2025-08-01,2025-12-31,2,serial_id,asc,1,2026-08-12T08:02:19+00:00
a4613adb-ef11-4fa0-b9fd-dd303e6cf208,2025080700646,2,0,6,2025-08-07 17:00,2025-08-07 18:00,46533,程佳强,湖南省,长沙市,望城区,望城区丁字湾街道赵家弯,a4613adb-ef11-4fa0-b9fd-dd303e6cf208,湖南省,长沙市,,,2025-08-01,2025-12-31,2,serial_id,asc,1,2026-08-12T08:02:19+00:00
bdc7c14c-2ca6-4921-9b36-5fc66d6a058b,2025080800651,2,0,8,2025-08-08 09:00,2025-08-08 10:00,39345,AUGabriel,湖南省,长沙市,岳麓区,岳麓区坪塘街道香泉寺,bdc7c14c-2ca6-4921-9b36-5fc66d6a058b,湖南省,长沙市,,,2025-08-01,2025-12-31,2,serial_id,asc,1,2026-08-12T08:02:19+00:00
c223e51c-fef0-4e16-a9cc-1443e42c044c,2025080800672,2,0,12,2025-08-08 16:00,2025-08-08 17:00,22189,idcar,湖南省,长沙市,天心区,橘子洲公园,c223e51c-fef0-4e16-a9cc-1443e42c044c,湖南省,长沙市,,,2025-08-01,2025-12-31,2,serial_id,asc,1,2026-08-12T08:02:19+00:00
de296730-8216-442d-97f4-791c6a8c21af,2025080800853,2,0,7,2025-08-08 19:00,2025-08-08 20:00,55000,Mawhat,湖南省,长沙市,岳麓区,橘子洲景区,de296730-8216-442d-97f4-791c6a8c21af,湖南省,长沙市,,,2025-08-01,2025-12-31,2,serial_id,asc,1,2026-08-12T08:02:19+00:00
8f29ed8f-a96f-4eae-bde0-c62e38055fc4,2025080900084,2,0,40,2025-08-09 07:00,2025-08-09 08:00,25634,葱歌,湖南省,长沙市,望城区,赵家弯,8f29ed8f-a96f-4eae-bde0-c62e38055fc4,湖南省,长沙市,,,2025-08-01,2025-12-31,2,serial_id,asc,1,2026-08-12T08:02:19+00:00
4b8e174d-77eb-4908-b43e-51dacbdea6f4,2025080900160,2,0,11,2025-08-09 07:00,2025-08-09 08:00,71963,intchen,湖南省,长沙市,开福区,月湖公园,4b8e174d-77eb-4908-b43e-51dacbdea6f4,湖南省,长沙市,,,2025-08-01,2025-12-31,2,serial_id,asc,1,2026-08-12T08:02:19+00:00
99d6ba28-fc98-470c-890a-1c28026dc5da,2025080900535,2,0,18,2025-08-09 13:00,2025-08-09 14:00,22189,idcar,湖南省,长沙市,岳麓区,岳麓山风景名胜区,99d6ba28-fc98-470c-890a-1c28026dc5da,湖南省,长沙市,,,2025-08-01,2025-12-31,2,serial_id,asc,1,2026-08-12T08:02:19+00:00
8fbe241f-51e7-4377-b5b4-bfd714ae27d7,2025080900784,2,0,23,2025-08-09 16:00,2025-08-09 17:00,22189,idcar,湖南省,长沙市,岳麓区,洋湖湿地公园,8fbe241f-51e7-4377-b5b4-bfd714ae27d7,湖南省,长沙市,,,2025-08-01,2025-12-31,2,serial_id,asc,1,2026-08-12T08:02:19+00:00
2f622846-2a90-4c9e-8134-5eeaa5d2e0df,2025080901011,2,0,7,2025-08-09 09:30,2025-08-09 18:45,51016,starlalala,湖南省,长沙市,浏阳市,宝盖寺村一坝组,2f622846-2a90-4c9e-8134-5eeaa5d2e0df,湖南省,长沙市,,,2025-08-01,2025-12-31,2,serial_id,asc,1,2026-08-12T08:02:19+00:00
9f37e228-2efe-4237-9f59-47d17d9ea360,2025080901114,2,0,23,2025-08-09 08:00,2025-08-09 12:00,88025,今天晚上赤麻鸭,湖南省,长沙市,岳麓区,洋湖国家湿地公园,9f37e228-2efe-4237-9f59-47d17d9ea360,湖南省,长沙市,,,2025-08-01,2025-12-31,2,serial_id,asc,1,2026-08-12T08:02:19+00:00
0c248f97-ca37-4d3d-9acf-b4ed041cf893,2025080901231,2,0,2,2025-08-09 14:00,2025-08-09 17:47,37379,1365731,湖南省,长沙市,长沙县,优米自然营地,0c248f97-ca37-4d3d-9acf-b4ed041cf893,湖南省,长沙市,,,2025-08-01,2025-12-31,2,serial_id,asc,1,2026-08-12T08:02:19+00:00
c5db5e95-e3fb-4609-9029-1e3ae6f8d4e3,2025080901233,2,0,2,2025-08-09 11:00,2025-08-09 13:23,37379,1365731,湖南省,长沙市,长沙县,大山冲森林公园,c5db5e95-e3fb-4609-9029-1e3ae6f8d4e3,湖南省,长沙市,,,2025-08-01,2025-12-31,2,serial_id,asc,1,2026-08-12T08:02:19+00:00
0aceff87-0954-4b7d-b17c-20c9e5363485,2025081000184,2,0,13,2025-08-10 08:00,2025-08-10 09:00,22189,idcar,湖南省,长沙市,开福区,烈士公园,0aceff87-0954-4b7d-b17c-20c9e5363485,湖南省,长沙市,,,2025-08-01,2025-12-31,2,serial_id,asc,1,2026-08-12T08:02:19+00:00
4404c28d-194d-40e7-840a-49f338a62444,2025081000216,2,0,16,2025-08-10 06:20,2025-08-10 09:20,41632,不会发光的星,湖南省,长沙市,浏阳市,祷泉湖,4404c28d-194d-40e7-840a-49f338a62444,湖南省,长沙市,,,2025-08-01,2025-12-31,2,serial_id,asc,1,2026-08-12T08:02:19+00:00
7434c235-d4c9-4f2e-89d5-327578405c6c,2025081000344,2,0,3,2025-08-10 10:15,2025-08-10 10:20,41632,不会发光的星,湖南省,长沙市,浏阳市,浏阳市大围山国家森林公园杜鹃花海,7434c235-d4c9-4f2e-89d5-327578405c6c,湖南省,长沙市,,,2025-08-01,2025-12-31,2,serial_id,asc,1,2026-08-12T08:02:19+00:00
ca434de1-a2ee-4959-93d0-e08c67fabdbd,2025081000439,2,0,3,2025-08-10 11:00,2025-08-10 12:00,73231,DrLamett,湖南省,长沙市,长沙县,影珠山,ca434de1-a2ee-4959-93d0-e08c67fabdbd,湖南省,长沙市,,,2025-08-01,2025-12-31,2,serial_id,asc,1,2026-08-12T08:02:19+00:00
03f5116d-d02c-4267-b765-798d1d0a82c0,2025081000565,2,0,6,2025-08-10 12:00,2025-08-10 13:10,41632,不会发光的星,湖南省,长沙市,浏阳市,大围山红莲寺,03f5116d-d02c-4267-b765-798d1d0a82c0,湖南省,长沙市,,,2025-08-01,2025-12-31,2,serial_id,asc,1,2026-08-12T08:02:19+00:00
30abfc46-2414-481c-a148-676a772eb93e,2025081000800,2,0,12,2025-08-10 13:50,2025-08-10 16:05,41632,不会发光的星,湖南省,长沙市,浏阳市,栗木桥,30abfc46-2414-481c-a148-676a772eb93e,湖南省,长沙市,,,2025-08-01,2025-12-31,2,serial_id,asc,1,2026-08-12T08:02:19+00:00
8309ae2a-11ce-47eb-b5e7-edd5321ac264,2025081000837,2,0,6,2025-08-09 17:25,2025-08-09 18:50,41632,不会发光的星,湖南省,长沙市,浏阳市,大围山国家森林公园-枫林瀑布,8309ae2a-11ce-47eb-b5e7-edd5321ac264,湖南省,长沙市,,,2025-08-01,2025-12-31,2,serial_id,asc,1,2026-08-12T08:02:19+00:00
3c5ff9d5-0b14-4167-a64c-7df7993bb8bb,2025081001003,2,0,12,2025-08-10 17:00,2025-08-10 18:00,67036,飞鱼铲铲,湖南省,长沙市,长沙县,湖南松雅湖国家湿地公园,3c5ff9d5-0b14-4167-a64c-7df7993bb8bb,湖南省,长沙市,,,2025-08-01,2025-12-31,2,serial_id,asc,1,2026-08-12T08:02:19+00:00
9be229c5-fa91-42a1-ae84-9322cc464bba,2025081100685,2,0,20,2025-08-11 13:00,2025-08-11 15:40,67036,飞鱼铲铲,湖南省,长沙市,岳麓区,西湖公园,9be229c5-fa91-42a1-ae84-9322cc464bba,湖南省,长沙市,,,2025-08-01,2025-12-31,2,serial_id,asc,1,2026-08-12T08:02:19+00:00
6ccf741a-1a8f-4a14-a4fb-569ed8000a53,2025081200735,2,0,16,2025-08-10 18:29,2025-08-11 15:19,87527,祁Ell,湖南省,长沙市,浏阳市,浏阳市大围山国家森林公园,6ccf741a-1a8f-4a14-a4fb-569ed8000a53,湖南省,长沙市,,,2025-08-01,2025-12-31,2,serial_id,asc,1,2026-08-12T08:02:19+00:00
90689227-e6ab-4c83-853b-5b2a0da6c746,2025081201011,2,0,20,2025-08-12 22:00,2025-08-12 23:00,49057,一只甲鱼,湖南省,长沙市,望城区,沙河大桥,90689227-e6ab-4c83-853b-5b2a0da6c746,湖南省,长沙市,,,2025-08-01,2025-12-31,2,serial_id,asc,1,2026-08-12T08:02:19+00:00
7f748aa6-0a1e-41d3-9e6e-fdeea145fbfa,2025081300953,2,0,13,2025-08-13 18:01,2025-08-13 19:20,65396,twq9925,湖南省,长沙市,长沙县,鱼塘水库,7f748aa6-0a1e-41d3-9e6e-fdeea145fbfa,湖南省,长沙市,,,2025-08-01,2025-12-31,2,serial_id,asc,1,2026-08-12T08:02:19+00:00
422b557c-e327-49c8-9bf1-0818b3acd7f2,2025081400308,2,0,22,2025-08-14 11:00,2025-08-14 12:00,22067,子非俞教育,湖南省,长沙市,岳麓区,湖南湘新楚和项目管理有限公司,422b557c-e327-49c8-9bf1-0818b3acd7f2,湖南省,长沙市,,,2025-08-01,2025-12-31,2,serial_id,asc,1,2026-08-12T08:02:19+00:00
38610545-c93d-48df-a5eb-db3534a50e5d,2025081400784,2,0,3,2025-08-14 18:00,2025-08-14 19:00,23807,空气,湖南省,长沙市,望城区,月亮岛,38610545-c93d-48df-a5eb-db3534a50e5d,湖南省,长沙市,,,2025-08-01,2025-12-31,2,serial_id,asc,1,2026-08-12T08:02:19+00:00
391eb4b2-5c40-4ba9-8086-5b7b623a0bf7,2025081500194,2,0,10,2025-08-15 08:00,2025-08-15 09:00,73231,DrLamett,湖南省,长沙市,长沙县,天华村委会,391eb4b2-5c40-4ba9-8086-5b7b623a0bf7,湖南省,长沙市,,,2025-08-01,2025-12-31,2,serial_id,asc,1,2026-08-12T08:02:19+00:00
7ddc2e97-c98e-45b7-b135-e87c76c114ab,2025081500555,2,0,6,2025-08-14 18:00,2025-08-14 19:00,59622,Ravenmore,湖南省,长沙市,岳麓区,西湖公园,7ddc2e97-c98e-45b7-b135-e87c76c114ab,湖南省,长沙市,,,2025-08-01,2025-12-31,2,serial_id,asc,1,2026-08-12T08:02:19+00:00
507767a6-e441-4f8a-8db8-db122835dc3c,2025081500876,2,0,10,2025-08-15 19:00,2025-08-15 20:00,23807,空气,湖南省,长沙市,望城区,大泽湖,507767a6-e441-4f8a-8db8-db122835dc3c,湖南省,长沙市,,,2025-08-01,2025-12-31,2,serial_id,asc,1,2026-08-12T08:02:19+00:00
89d03ed1-8ed5-4c32-a780-5e346ca3a627,2025081501024,2,0,19,2025-08-15 17:10,2025-08-15 18:30,65396,twq9925,湖南省,长沙市,长沙县,鱼塘村村部,89d03ed1-8ed5-4c32-a780-5e346ca3a627,湖南省,长沙市,,,2025-08-01,2025-12-31,2,serial_id,asc,1,2026-08-12T08:02:19+00:00
7f2a5037-d9c3-4f59-8452-06500b7670be,2025081600201,2,0,14,2025-08-16 07:55,2025-08-16 09:20,8247,cuba,湖南省,长沙市,雨花区,沙湾公园,7f2a5037-d9c3-4f59-8452-06500b7670be,湖南省,长沙市,,,2025-08-01,2025-12-31,2,serial_id,asc,1,2026-08-12T08:02:19+00:00
fcb79ec1-b954-451b-8cf4-ad18c4563620,2025081600303,2,0,17,2025-08-16 07:31,2025-08-16 11:00,46251,曹宇添,湖南省,长沙市,岳麓区,洋湖湿地公园,fcb79ec1-b954-451b-8cf4-ad18c4563620,湖南省,长沙市,,,2025-08-01,2025-12-31,2,serial_id,asc,1,2026-08-12T08:02:19+00:00
0c773c8f-230f-4db7-ba8c-5dcec5cdfb52,2025081600383,2,0,8,2025-08-16 11:00,2025-08-16 12:00,23807,空气,湖南省,长沙市,浏阳市,周洛大峡谷,0c773c8f-230f-4db7-ba8c-5dcec5cdfb52,湖南省,长沙市,,,2025-08-01,2025-12-31,2,serial_id,asc,1,2026-08-12T08:02:19+00:00
04350443-6a47-4b13-b161-7b77d7d26c55,2025081600397,2,0,16,2025-08-16 10:00,2025-08-16 11:00,73231,DrLamett,湖南省,长沙市,岳麓区,宁乡市香山国家森林公园,04350443-6a47-4b13-b161-7b77d7d26c55,湖南省,长沙市,,,2025-08-01,2025-12-31,2,serial_id,asc,2,2026-08-12T08:57:10+00:00
12cedf5e-c955-4480-b769-60fc1d28ec8e,2025081600415,2,0,25,2025-08-16 09:00,2025-08-16 10:00,74558,最后之基多拉,湖南省,长沙市,望城区,沙河大桥,12cedf5e-c955-4480-b769-60fc1d28ec8e,湖南省,长沙市,,,2025-08-01,2025-12-31,2,serial_id,asc,2,2026-08-12T08:57:10+00:00
9ded0570-96fc-425c-9e38-df2ffc1ba1b9,2025081600715,2,0,23,2025-08-16 10:14,2025-08-16 15:03,34541,昳澄,湖南省,长沙市,浏阳市,大围山国家森林公园,9ded0570-96fc-425c-9e38-df2ffc1ba1b9,湖南省,长沙市,,,2025-08-01,2025-12-31,2,serial_id,asc,2,2026-08-12T08:57:10+00:00
1a971ef5-8792-4a27-a1a8-ae699fa11e4f,2025081600887,2,0,16,2025-08-16 16:00,2025-08-16 17:00,35030,saint,湖南省,长沙市,望城区,沙河大桥,1a971ef5-8792-4a27-a1a8-ae699fa11e4f,湖南省,长沙市,,,2025-08-01,2025-12-31,2,serial_id,asc,2,2026-08-12T08:57:10+00:00
29ea39eb-37fe-4cb2-938f-517303478d0e,2025081601223,2,0,10,2025-08-16 17:00,2025-08-16 18:00,35030,saint,湖南省,长沙市,望城区,麻潭山滴翠峰,29ea39eb-37fe-4cb2-938f-517303478d0e,湖南省,长沙市,,,2025-08-01,2025-12-31,2,serial_id,asc,2,2026-08-12T08:57:10+00:00
bec52b9b-8dfd-4342-8777-a0573173926e,2025081601226,2,0,17,2025-08-16 16:00,2025-08-16 17:00,35030,saint,湖南省,长沙市,望城区,赵家弯,bec52b9b-8dfd-4342-8777-a0573173926e,湖南省,长沙市,,,2025-08-01,2025-12-31,2,serial_id,asc,2,2026-08-12T08:57:10+00:00
a1697671-70b3-4d9c-8a38-36eeb19fbb66,2025081700007,2,0,2,2025-08-16 16:30,2025-08-16 18:30,23807,空气,湖南省,长沙市,岳麓区,潇湘北路佑母塘路路口,a1697671-70b3-4d9c-8a38-36eeb19fbb66,湖南省,长沙市,,,2025-08-01,2025-12-31,2,serial_id,asc,2,2026-08-12T08:57:10+00:00
443c2be3-6ec3-434a-9fae-99c75193489e,2025081700130,2,0,31,2025-08-17 08:00,2025-08-17 09:00,41335,高荣庭,湖南省,长沙市,望城区,望城区丁字湾街道鸭棚洲,443c2be3-6ec3-434a-9fae-99c75193489e,湖南省,长沙市,,,2025-08-01,2025-12-31,2,serial_id,asc,2,2026-08-12T08:57:10+00:00
f7e8ca2d-8bd6-4fe8-b747-c80b1c8490a5,2025081700144,2,0,10,2025-08-17 09:00,2025-08-17 10:00,46251,曹宇添,湖南省,长沙市,岳麓区,岳麓山风景名胜区,f7e8ca2d-8bd6-4fe8-b747-c80b1c8490a5,湖南省,长沙市,,,2025-08-01,2025-12-31,2,serial_id,asc,2,2026-08-12T08:57:10+00:00
7c5ce47f-c85a-48bb-83a8-ef12c128477c,2025081700341,2,0,5,2025-08-17 08:00,2025-08-17 09:00,74558,最后之基多拉,湖南省,长沙市,长沙县,高桥镇紫竹山顶猛禽监测点,7c5ce47f-c85a-48bb-83a8-ef12c128477c,湖南省,长沙市,,,2025-08-01,2025-12-31,2,serial_id,asc,2,2026-08-12T08:57:10+00:00
1171ce3b-b9a1-44d2-a458-9e69d7f27bcd,2025081800034,2,0,18,2025-08-18 01:00,2025-08-18 02:00,72223,小罗,湖南省,长沙市,望城区,沙河大桥,1171ce3b-b9a1-44d2-a458-9e69d7f27bcd,湖南省,长沙市,,,2025-08-01,2025-12-31,2,serial_id,asc,2,2026-08-12T08:57:10+00:00
e0919dc7-a2a1-485c-8f26-0424de35a76f,2025081800565,2,0,7,2025-08-17 11:15,2025-08-17 12:15,56948,红糖Iris,湖南省,长沙市,望城区,沙河大桥,e0919dc7-a2a1-485c-8f26-0424de35a76f,湖南省,长沙市,,,2025-08-01,2025-12-31,2,serial_id,asc,2,2026-08-12T08:57:10+00:00
75d5492f-cede-4d5b-9deb-9ebb98a869a5,2025081900701,2,0,21,2025-08-19 18:40,2025-08-19 20:00,65396,twq9925,湖南省,长沙市,长沙县,鱼塘水库,75d5492f-cede-4d5b-9deb-9ebb98a869a5,湖南省,长沙市,,,2025-08-01,2025-12-31,2,serial_id,asc,2,2026-08-12T08:57:10+00:00
6aba5172-0dd6-41e9-a334-d1430099d60a,2025082000462,2,0,24,2025-08-20 14:30,2025-08-20 14:51,73231,DrLamett,湖南省,长沙市,长沙县,大山冲森林公园,6aba5172-0dd6-41e9-a334-d1430099d60a,湖南省,长沙市,,,2025-08-01,2025-12-31,2,serial_id,asc,2,2026-08-12T08:57:10+00:00
fb0d151c-4663-4951-8e3e-7ed22e78f39a,2025082101359,2,0,25,2025-08-21 09:57,2025-08-21 11:42,9203,珙桐,湖南省,长沙市,雨花区,湖南省森林植物园,fb0d151c-4663-4951-8e3e-7ed22e78f39a,湖南省,长沙市,,,2025-08-01,2025-12-31,2,serial_id,asc,2,2026-08-12T08:57:10+00:00
87041683-a412-4045-965d-f6dbf5b4e001,2025082101366,2,0,1,2025-08-21 20:00,2025-08-21 21:00,23807,空气,湖南省,长沙市,望城区,望城区大泽湖街道陈家套,87041683-a412-4045-965d-f6dbf5b4e001,湖南省,长沙市,,,2025-08-01,2025-12-31,2,serial_id,asc,2,2026-08-12T08:57:10+00:00
81294d2d-536b-4302-85de-36054520f30f,2025082101380,2,0,15,2025-08-21 17:10,2025-08-21 18:00,79800,hahahahhahahah,湖南省,长沙市,岳麓区,含浦油菜花,81294d2d-536b-4302-85de-36054520f30f,湖南省,长沙市,,,2025-08-01,2025-12-31,2,serial_id,asc,2,2026-08-12T08:57:10+00:00
4f08248c-3962-4d07-ab96-31ae08569aa0,2025082200130,2,0,26,2025-08-22 08:49,2025-08-22 09:00,73231,DrLamett,湖南省,长沙市,岳麓区,沃之园生态园,4f08248c-3962-4d07-ab96-31ae08569aa0,湖南省,长沙市,,,2025-08-01,2025-12-31,2,serial_id,asc,2,2026-08-12T08:57:10+00:00
15157f14-840e-44d5-9982-844d4b3a612e,2025082200419,2,0,13,2025-08-22 12:00,2025-08-22 13:00,72223,小罗,湖南省,长沙市,岳麓区,沃之园生态园,15157f14-840e-44d5-9982-844d4b3a612e,湖南省,长沙市,,,2025-08-01,2025-12-31,2,serial_id,asc,2,2026-08-12T08:57:10+00:00
65d819bd-0a83-45d3-b053-6827924a8d48,2025082200601,2,0,9,2025-08-22 16:00,2025-08-22 17:00,47094,清空AZ,湖南省,长沙市,岳麓区,香泉寺,65d819bd-0a83-45d3-b053-6827924a8d48,湖南省,长沙市,,,2025-08-01,2025-12-31,2,serial_id,asc,2,2026-08-12T08:57:10+00:00
71cc06f9-ff21-4c3a-868d-899f2673231f,2025082200732,2,0,5,2025-08-22 17:00,2025-08-22 18:00,75155,sdgl0242,湖南省,长沙市,浏阳市,祷泉湖,71cc06f9-ff21-4c3a-868d-899f2673231f,湖南省,长沙市,,,2025-08-01,2025-12-31,2,serial_id,asc,2,2026-08-12T08:57:10+00:00
74361333-8605-40c7-a3b5-a1572ba65e9f,2025082300033,2,0,23,2025-08-23 06:00,2025-08-23 07:00,47094,清空AZ,湖南省,长沙市,望城区,望城区丁字湾街道大屋湾,74361333-8605-40c7-a3b5-a1572ba65e9f,湖南省,长沙市,,,2025-08-01,2025-12-31,2,serial_id,asc,2,2026-08-12T08:57:10+00:00
a5119151-49a3-4d31-8b4b-3e47ef882870,2025082300226,2,0,8,2025-08-23 09:00,2025-08-23 10:00,20342,颂庄,湖南省,长沙市,岳麓区,宁乡市凤凰山国家森林公园,a5119151-49a3-4d31-8b4b-3e47ef882870,湖南省,长沙市,,,2025-08-01,2025-12-31,2,serial_id,asc,2,2026-08-12T08:57:10+00:00
1fc74caf-109b-4d98-aa9c-bc7428df953e,2025082300409,2,0,19,2025-08-23 07:00,2025-08-23 08:00,74558,最后之基多拉,湖南省,长沙市,长沙县,影珠山,1fc74caf-109b-4d98-aa9c-bc7428df953e,湖南省,长沙市,,,2025-08-01,2025-12-31,2,serial_id,asc,2,2026-08-12T08:57:10+00:00
8d4742bd-ad26-400e-b652-2546d7f5efb0,2025082300430,2,0,25,2025-08-22 06:30,2025-08-22 08:10,32876,水草,湖南省,长沙市,岳麓区,沃之园生态园,8d4742bd-ad26-400e-b652-2546d7f5efb0,湖南省,长沙市,,,2025-08-01,2025-12-31,2,serial_id,asc,2,2026-08-12T08:57:10+00:00
0b465765-2100-44db-a716-96b7dfe7ebfd,2025082300450,2,0,30,2025-08-23 06:25,2025-08-23 09:50,32876,水草,湖南省,长沙市,岳麓区,沃之园生态园,0b465765-2100-44db-a716-96b7dfe7ebfd,湖南省,长沙市,,,2025-08-01,2025-12-31,2,serial_id,asc,2,2026-08-12T08:57:10+00:00
02495728-b949-4a16-b7f2-1ac5f749e80b,2025082301032,2,0,9,2025-08-23 09:00,2025-08-23 10:00,22675,dxjecho,湖南省,长沙市,岳麓区,宁乡市凤凰山国家森林公园,02495728-b949-4a16-b7f2-1ac5f749e80b,湖南省,长沙市,,,2025-08-01,2025-12-31,2,serial_id,asc,2,2026-08-12T08:57:10+00:00
c06b0860-8101-45d1-aeff-4967a5f79b07,2025082301042,2,0,15,2025-08-23 14:28,2025-08-23 15:28,20342,颂庄,湖南省,长沙市,岳麓区,沃之园生态园,c06b0860-8101-45d1-aeff-4967a5f79b07,湖南省,长沙市,,,2025-08-01,2025-12-31,2,serial_id,asc,2,2026-08-12T08:57:10+00:00
addbed65-1fa2-4f62-85db-e057d7ab8967,2025082301045,2,0,17,2025-08-23 14:28,2025-08-23 15:28,22675,dxjecho,湖南省,长沙市,岳麓区,沃之园生态园,addbed65-1fa2-4f62-85db-e057d7ab8967,湖南省,长沙市,,,2025-08-01,2025-12-31,2,serial_id,asc,2,2026-08-12T08:57:10+00:00
b7a4024c-e63d-47eb-b8e5-63168a0a8635,2025082301206,2,0,14,2025-08-23 08:00,2025-08-23 09:00,35030,saint,湖南省,长沙市,望城区,麻潭山滴翠峰,b7a4024c-e63d-47eb-b8e5-63168a0a8635,湖南省,长沙市,,,2025-08-01,2025-12-31,2,serial_id,asc,2,2026-08-12T08:57:10+00:00
b49563ed-4482-41ef-8322-4f68e4f9513c,2025082301209,2,0,26,2025-08-23 07:00,2025-08-23 08:00,35030,saint,湖南省,长沙市,望城区,望城区丁字湾街道曹家湾,b49563ed-4482-41ef-8322-4f68e4f9513c,湖南省,长沙市,,,2025-08-01,2025-12-31,2,serial_id,asc,2,2026-08-12T08:57:10+00:00
26ebf4e3-f5de-46d4-83a0-66a3302a1d8a,2025082301343,2,0,7,2025-08-23 21:00,2025-08-23 22:00,36558,张明澈,湖南省,长沙市,宁乡市,望城区乔口镇左家山村黑公咀,26ebf4e3-f5de-46d4-83a0-66a3302a1d8a,湖南省,长沙市,,,2025-08-01,2025-12-31,2,serial_id,asc,2,2026-08-12T08:57:10+00:00
1a72771c-e4db-468f-a3b9-e3dea282659c,2025082400260,2,0,14,2025-08-24 08:00,2025-08-24 09:00,74558,最后之基多拉,湖南省,长沙市,岳麓区,岳麓区含浦街道条湖田,1a72771c-e4db-468f-a3b9-e3dea282659c,湖南省,长沙市,,,2025-08-01,2025-12-31,2,serial_id,asc,2,2026-08-12T08:57:10+00:00
6cde0212-47e1-4c23-921b-b911f19f9b6e,2025082400286,2,0,25,2025-08-24 07:40,2025-08-24 09:40,60924,ata820,湖南省,长沙市,望城区,望城区丁字湾街道赵家弯,6cde0212-47e1-4c23-921b-b911f19f9b6e,湖南省,长沙市,,,2025-08-01,2025-12-31,2,serial_id,asc,2,2026-08-12T08:57:10+00:00
36983322-afe0-425e-b1d6-60b2eb5b9927,2025082400642,2,0,6,2025-08-24 14:00,2025-08-24 15:00,76989,金樽清酒,湖南省,长沙市,宁乡市,宁乡香山国家森林公园,36983322-afe0-425e-b1d6-60b2eb5b9927,湖南省,长沙市,,,2025-08-01,2025-12-31,2,serial_id,asc,2,2026-08-12T08:57:10+00:00
fedd1924-c1ac-4c9a-b38c-aaea0b28f56c,2025082400956,2,0,10,2025-08-24 18:00,2025-08-24 19:00,36488,无缺,湖南省,长沙市,岳麓区,洋湖国家湿地公园,fedd1924-c1ac-4c9a-b38c-aaea0b28f56c,湖南省,长沙市,,,2025-08-01,2025-12-31,2,serial_id,asc,2,2026-08-12T08:57:10+00:00
01cf4299-384c-4e1e-8ef8-e5184c377786,2025082401409,2,0,29,2025-08-23 06:40,2025-08-23 09:35,38532,wdy,湖南省,长沙市,望城区,望城区丁字湾街道翻身垸村下枫组,01cf4299-384c-4e1e-8ef8-e5184c377786,湖南省,长沙市,,,2025-08-01,2025-12-31,2,serial_id,asc,2,2026-08-12T08:57:10+00:00
d874b3be-a266-4b2e-b7b8-7a9c625e94e3,2025082500006,2,0,6,2025-08-24 15:01,2025-08-24 17:02,92151,泡沫纸,湖南省,长沙市,岳麓区,梅溪湖音乐喷泉南,d874b3be-a266-4b2e-b7b8-7a9c625e94e3,湖南省,长沙市,,,2025-08-01,2025-12-31,2,serial_id,asc,2,2026-08-12T08:57:10+00:00
8042286c-7848-4b39-ae88-9fcc61f31339,2025082500602,2,0,2,2025-08-25 17:00,2025-08-25 18:00,91503,ody,湖南省,长沙市,宁乡市,宁乡香山国家森林公园,8042286c-7848-4b39-ae88-9fcc61f31339,湖南省,长沙市,,,2025-08-01,2025-12-31,2,serial_id,asc,2,2026-08-12T08:57:10+00:00
7fc9c87e-c999-4825-959b-42af8e3472bb,2025082500750,2,0,4,2025-08-25 17:00,2025-08-25 18:00,76989,金樽清酒,湖南省,长沙市,宁乡市,宁乡香山国家森林公园,7fc9c87e-c999-4825-959b-42af8e3472bb,湖南省,长沙市,,,2025-08-01,2025-12-31,2,serial_id,asc,2,2026-08-12T08:57:10+00:00
7362477b-0444-437f-b265-6745c6c0b200,2025082600115,2,0,29,2025-08-26 08:00,2025-08-26 09:00,73231,DrLamett,湖南省,长沙市,长沙县,大山冲森林公园,7362477b-0444-437f-b265-6745c6c0b200,湖南省,长沙市,,,2025-08-01,2025-12-31,2,serial_id,asc,2,2026-08-12T08:57:10+00:00
3cd677ff-8ad6-402c-808d-af180ba49437,2025082700052,2,0,31,2025-08-27 06:45,2025-08-27 10:15,37469,Kaxie,湖南省,长沙市,岳麓区,岳麓区坪塘街道香泉寺,3cd677ff-8ad6-402c-808d-af180ba49437,湖南省,长沙市,,,2025-08-01,2025-12-31,2,serial_id,asc,2,2026-08-12T08:57:10+00:00
306da6f0-5a98-44e6-8a4b-ba683f1f095e,2025082700056,2,0,9,2025-08-27 07:00,2025-08-27 08:00,48061,guhongxia320,湖南省,长沙市,岳麓区,岳麓山风景名胜区,306da6f0-5a98-44e6-8a4b-ba683f1f095e,湖南省,长沙市,,,2025-08-01,2025-12-31,2,serial_id,asc,2,2026-08-12T08:57:10+00:00
2cf723d4-20e2-41c6-86bd-282b1c334c79,2025082700210,2,0,9,2025-08-22 07:50,2025-08-22 10:00,75718,goodfoodtoeat,湖南省,长沙市,雨花区,湖南省森林植物园,2cf723d4-20e2-41c6-86bd-282b1c334c79,湖南省,长沙市,,,2025-08-01,2025-12-31,2,serial_id,asc,2,2026-08-12T08:57:10+00:00
3e7bf1ae-149e-4f79-9562-154e6dbfede8,2025082700247,2,0,9,2025-08-20 07:15,2025-08-27 09:35,93258,Yliuer,湖南省,长沙市,长沙县,湖南松雅湖国家湿地公园,3e7bf1ae-149e-4f79-9562-154e6dbfede8,湖南省,长沙市,,,2025-08-01,2025-12-31,2,serial_id,asc,2,2026-08-12T08:57:10+00:00
bc9d18dd-1c0d-43d6-952f-0607161fe641,2025082700415,2,0,8,2025-08-13 15:00,2025-08-27 17:00,93258,Yliuer,湖南省,长沙市,长沙县,湖南松雅湖国家湿地公园,bc9d18dd-1c0d-43d6-952f-0607161fe641,湖南省,长沙市,,,2025-08-01,2025-12-31,2,serial_id,asc,2,2026-08-12T08:57:10+00:00
35059c96-90e5-4825-aa26-a1d9aab3e2f4,2025082800100,2,0,27,2025-08-28 08:00,2025-08-28 09:00,73231,DrLamett,湖南省,长沙市,长沙县,大山冲森林公园,35059c96-90e5-4825-aa26-a1d9aab3e2f4,湖南省,长沙市,,,2025-08-01,2025-12-31,2,serial_id,asc,2,2026-08-12T08:57:10+00:00
36bb10dd-04bc-46a1-a70b-263bad70b1de,2025082800487,2,0,8,2025-08-28 17:00,2025-08-28 18:00,76989,金樽清酒,湖南省,长沙市,芙蓉区,湖南烈士公园,36bb10dd-04bc-46a1-a70b-263bad70b1de,湖南省,长沙市,,,2025-08-01,2025-12-31,2,serial_id,asc,2,2026-08-12T08:57:10+00:00
efe54833-321c-442c-a5e0-3351a01b6b22,2025082800528,2,0,10,2025-08-28 18:00,2025-08-28 19:00,23807,空气,湖南省,长沙市,望城区,大泽湖,efe54833-321c-442c-a5e0-3351a01b6b22,湖南省,长沙市,,,2025-08-01,2025-12-31,2,serial_id,asc,2,2026-08-12T08:57:10+00:00
f92004b6-8e4b-473b-98cf-812f09032e10,2025082900313,2,0,8,2025-08-29 10:10,2025-08-29 11:30,73231,DrLamett,湖南省,长沙市,宁乡市,宁乡香山国家森林公园,f92004b6-8e4b-473b-98cf-812f09032e10,湖南省,长沙市,,,2025-08-01,2025-12-31,2,serial_id,asc,2,2026-08-12T08:57:10+00:00
83013c9f-82db-4abf-9da9-913b4e7cc07b,2025083000261,2,0,14,2025-08-30 07:00,2025-08-30 08:00,74558,最后之基多拉,湖南省,长沙市,长沙县,大山冲森林公园,83013c9f-82db-4abf-9da9-913b4e7cc07b,湖南省,长沙市,,,2025-08-01,2025-12-31,2,serial_id,asc,3,2026-08-12T08:57:13+00:00
5c1b9dcf-c768-4bd1-9e2b-3888f090c690,2025083000342,2,0,16,2025-08-30 07:00,2025-08-30 11:00,25634,葱歌,湖南省,长沙市,长沙县,大山冲森林公园,5c1b9dcf-c768-4bd1-9e2b-3888f090c690,湖南省,长沙市,,,2025-08-01,2025-12-31,2,serial_id,asc,3,2026-08-12T08:57:13+00:00
d9aad1a2-982d-4615-bff7-3d4800c49c47,2025083000350,2,0,8,2025-08-30 12:00,2025-08-30 13:00,47094,清空AZ,湖南省,长沙市,望城区,望城区丁字湾街道上麻潭山,d9aad1a2-982d-4615-bff7-3d4800c49c47,湖南省,长沙市,,,2025-08-01,2025-12-31,2,serial_id,asc,3,2026-08-12T08:57:13+00:00
d1d818a6-ece3-4fc1-a740-105fcff5cc60,2025083000569,2,0,6,2025-08-30 10:10,2025-08-30 12:35,38532,wdy,湖南省,长沙市,望城区,滴翠峰,d1d818a6-ece3-4fc1-a740-105fcff5cc60,湖南省,长沙市,,,2025-08-01,2025-12-31,2,serial_id,asc,3,2026-08-12T08:57:13+00:00
18fd1d65-6234-4d04-b8c7-1fc27ac726ad,2025083000641,2,0,10,2025-08-30 08:10,2025-08-30 09:35,38532,wdy,湖南省,长沙市,望城区,望城区沙河(X057东),18fd1d65-6234-4d04-b8c7-1fc27ac726ad,湖南省,长沙市,,,2025-08-01,2025-12-31,2,serial_id,asc,3,2026-08-12T08:57:13+00:00
3de6f4be-54bd-4d51-bba0-66977d965f64,2025083000963,2,0,19,2025-08-30 16:00,2025-08-30 19:00,71963,intchen,湖南省,长沙市,岳麓区,洋湖湿地公园,3de6f4be-54bd-4d51-bba0-66977d965f64,湖南省,长沙市,,,2025-08-01,2025-12-31,2,serial_id,asc,3,2026-08-12T08:57:13+00:00
a24090ab-fbba-491d-9cac-1b56c565a587,2025083001156,2,0,15,2025-08-23 15:00,2025-08-24 14:36,43027,喵十三,湖南省,长沙市,浏阳市,大围山国家森林公园,a24090ab-fbba-491d-9cac-1b56c565a587,湖南省,长沙市,,,2025-08-01,2025-12-31,2,serial_id,asc,3,2026-08-12T08:57:13+00:00
b18144b6-d273-49d8-a9b2-758cb472b7a6,2025083100015,2,0,4,2025-08-30 13:21,2025-08-30 14:21,23807,空气,湖南省,长沙市,岳麓区,潇湘北路佑母塘路路口,b18144b6-d273-49d8-a9b2-758cb472b7a6,湖南省,长沙市,,,2025-08-01,2025-12-31,2,serial_id,asc,3,2026-08-12T08:57:13+00:00
8ebbc38b-e308-4521-a520-4feccc52cca0,2025083100141,2,0,8,2025-08-31 08:00,2025-08-31 09:00,25634,葱歌,湖南省,长沙市,岳麓区,洋湖湿地公园湿地科普展示馆(坪塘大道),8ebbc38b-e308-4521-a520-4feccc52cca0,湖南省,长沙市,,,2025-08-01,2025-12-31,2,serial_id,asc,3,2026-08-12T08:57:13+00:00
d0dbd582-d54b-433d-a038-f5ccb13c3b15,2025083100309,2,0,22,2025-08-31 08:10,2025-08-31 10:20,64243,FinnRong,湖南省,长沙市,岳麓区,岳麓区坪塘街道香泉寺,d0dbd582-d54b-433d-a038-f5ccb13c3b15,湖南省,长沙市,,,2025-08-01,2025-12-31,2,serial_id,asc,3,2026-08-12T08:57:13+00:00
6eb0b7c6-233c-46ce-8cc5-b786efd554e5,2025083100824,2,0,5,2025-08-31 16:00,2025-08-31 17:00,76989,金樽清酒,湖南省,长沙市,宁乡市,宁乡香山国家森林公园,6eb0b7c6-233c-46ce-8cc5-b786efd554e5,湖南省,长沙市,,,2025-08-01,2025-12-31,2,serial_id,asc,3,2026-08-12T08:57:13+00:00
f0b35a77-df1e-4ffc-bbff-26fa7fcc7049,2025083100832,2,0,9,2025-08-31 16:00,2025-08-31 17:00,36488,无缺,湖南省,长沙市,岳麓区,岳麓区岳麓山,f0b35a77-df1e-4ffc-bbff-26fa7fcc7049,湖南省,长沙市,,,2025-08-01,2025-12-31,2,serial_id,asc,3,2026-08-12T08:57:13+00:00
37f062cd-3cec-472d-9d13-252bd5c6639d,2025083100965,2,0,15,2025-08-31 14:30,2025-08-31 18:00,64243,FinnRong,湖南省,长沙市,岳麓区,岳麓山风景名胜区,37f062cd-3cec-472d-9d13-252bd5c6639d,湖南省,长沙市,,,2025-08-01,2025-12-31,2,serial_id,asc,3,2026-08-12T08:57:13+00:00
6c833d82-1055-4012-bd50-74303d8fe6f6,2025090100469,2,0,22,2025-09-01 09:30,2025-09-01 16:02,8606,Leaf,湖南省,长沙市,长沙县,大山冲森林公园,6c833d82-1055-4012-bd50-74303d8fe6f6,湖南省,长沙市,,,2025-08-01,2025-12-31,2,serial_id,asc,3,2026-08-12T08:57:13+00:00
c3457183-a704-4ccc-9677-d415bb5ef14e,2025090100504,2,0,21,2025-09-01 09:30,2025-09-01 16:02,20495,小隼911,湖南省,长沙市,长沙县,大山冲森林公园,c3457183-a704-4ccc-9677-d415bb5ef14e,湖南省,长沙市,,,2025-08-01,2025-12-31,2,serial_id,asc,3,2026-08-12T08:57:13+00:00
c2526995-613c-45d1-8843-8081b960759b,2025090100505,2,0,7,2025-08-30 06:40,2025-08-30 08:30,73530,RSFolykiki,湖南省,长沙市,岳麓区,八方公园,c2526995-613c-45d1-8843-8081b960759b,湖南省,长沙市,,,2025-08-01,2025-12-31,2,serial_id,asc,3,2026-08-12T08:57:13+00:00
25ead4b3-9797-4ed0-bced-4648481e3db2,2025090200084,2,0,8,2025-09-02 08:00,2025-09-02 09:00,47094,清空AZ,湖南省,长沙市,天心区,天心区湖南省林业科学院东北50米(木莲西路北),25ead4b3-9797-4ed0-bced-4648481e3db2,湖南省,长沙市,,,2025-08-01,2025-12-31,2,serial_id,asc,3,2026-08-12T08:57:13+00:00
2532869b-3719-4bb7-8e68-910c16ced2a1,2025090200327,2,0,12,2025-09-02 12:00,2025-09-02 13:00,20342,颂庄,湖南省,长沙市,开福区,湖南烈士公园(开福区营盘东路85号),2532869b-3719-4bb7-8e68-910c16ced2a1,湖南省,长沙市,,,2025-08-01,2025-12-31,2,serial_id,asc,3,2026-08-12T08:57:13+00:00
90043750-799d-4e32-93d6-3c5fecce1651,2025090200522,2,0,4,2025-08-30 08:19,2025-08-30 10:26,47094,清空AZ,湖南省,长沙市,望城区,大屋湾,90043750-799d-4e32-93d6-3c5fecce1651,湖南省,长沙市,,,2025-08-01,2025-12-31,2,serial_id,asc,3,2026-08-12T08:57:13+00:00
6195ec4b-0894-4eae-b999-382f49b77e6a,2025090200658,2,0,11,2025-09-02 07:11,2025-09-02 08:00,54274,嘎儿,湖南省,长沙市,岳麓区,岳麓区坪塘街道香泉寺,6195ec4b-0894-4eae-b999-382f49b77e6a,湖南省,长沙市,,,2025-08-01,2025-12-31,2,serial_id,asc,3,2026-08-12T08:57:13+00:00
2be77f85-c3b3-4dfe-827c-cfc0d9be57e5,2025090300073,2,0,1,2025-09-03 07:00,2025-09-03 08:00,88305,SCREW,湖南省,长沙市,长沙县,长沙县回龙垸堤防管理所,2be77f85-c3b3-4dfe-827c-cfc0d9be57e5,湖南省,长沙市,,,2025-08-01,2025-12-31,2,serial_id,asc,3,2026-08-12T08:57:13+00:00
2f8d6a9e-2db1-434d-8061-d3d180f986d7,2025090300190,2,0,20,2025-09-03 08:00,2025-09-03 09:00,73231,DrLamett,湖南省,长沙市,长沙县,大山冲森林公园,2f8d6a9e-2db1-434d-8061-d3d180f986d7,湖南省,长沙市,,,2025-08-01,2025-12-31,2,serial_id,asc,3,2026-08-12T08:57:13+00:00
d8898b08-f20b-45b0-aceb-eddb4c8b3763,2025090300230,2,0,2,2025-09-03 10:00,2025-09-03 11:00,93556,LeDestin,湖南省,长沙市,岳麓区,YueluMountainNationalKeyScenicArea,d8898b08-f20b-45b0-aceb-eddb4c8b3763,湖南省,长沙市,,,2025-08-01,2025-12-31,2,serial_id,asc,3,2026-08-12T08:57:13+00:00
c1291677-1080-409c-bae0-03a911b251fd,2025090300243,2,0,1,2025-09-03 10:00,2025-09-03 11:00,93556,LeDestin,湖南省,长沙市,岳麓区,YueluMountainNationalKeyScenicArea,c1291677-1080-409c-bae0-03a911b251fd,湖南省,长沙市,,,2025-08-01,2025-12-31,2,serial_id,asc,3,2026-08-12T08:57:13+00:00
4bb563b3-dd89-4544-9006-5b8f9672de81,2025090300873,2,0,1,2025-09-03 21:00,2025-09-03 22:09,37379,1365731,湖南省,长沙市,岳麓区,岳麓山国家重点风景名胜区古麓山寺,4bb563b3-dd89-4544-9006-5b8f9672de81,湖南省,长沙市,,,2025-08-01,2025-12-31,2,serial_id,asc,3,2026-08-12T08:57:13+00:00
94a566d3-2b2d-47b5-a68e-76f709bbf6a6,2025090400262,2,0,7,2025-09-04 13:00,2025-09-04 14:00,73207,郭涵,湖南省,长沙市,芙蓉区,湖南农业大学,94a566d3-2b2d-47b5-a68e-76f709bbf6a6,湖南省,长沙市,,,2025-08-01,2025-12-31,2,serial_id,asc,3,2026-08-12T08:57:13+00:00
3590d465-c914-4c37-81bb-0a58c1d36d12,2025090400678,2,0,2,2025-09-04 21:30,2025-09-04 22:36,37379,1365731,湖南省,长沙市,岳麓区,岳麓山风景名胜区,3590d465-c914-4c37-81bb-0a58c1d36d12,湖南省,长沙市,,,2025-08-01,2025-12-31,2,serial_id,asc,3,2026-08-12T08:57:13+00:00
82731032-2ddd-4360-b40b-defe6eba5a82,2025090500074,2,0,1,2025-09-04 10:27,2025-09-04 11:27,43027,喵十三,湖南省,长沙市,开福区,开福区万国城MOMA(盛世路北300米),82731032-2ddd-4360-b40b-defe6eba5a82,湖南省,长沙市,,,2025-08-01,2025-12-31,2,serial_id,asc,3,2026-08-12T08:57:13+00:00
148b2cd8-e08b-450f-93ba-a283cac194bb,2025090500266,2,0,16,2025-09-05 09:38,2025-09-05 10:38,29012,lisaknows,湖南省,长沙市,望城区,沙河大桥,148b2cd8-e08b-450f-93ba-a283cac194bb,湖南省,长沙市,,,2025-08-01,2025-12-31,2,serial_id,asc,3,2026-08-12T08:57:13+00:00
9716ce76-58db-4dec-a358-0d577464ef50,2025090500278,2,0,1,2025-09-05 13:00,2025-09-05 14:00,76989,金樽清酒,湖南省,长沙市,岳麓区,岳麓山国家重点风景名胜区,9716ce76-58db-4dec-a358-0d577464ef50,湖南省,长沙市,,,2025-08-01,2025-12-31,2,serial_id,asc,3,2026-08-12T08:57:13+00:00
e019acd2-9b3a-4877-ae98-4c6e1a2fff7a,2025090500384,2,0,12,2025-09-05 15:30,2025-09-05 16:30,21833,宝兴歌鸫,湖南省,长沙市,雨花区,长沙市沙湾公园,e019acd2-9b3a-4877-ae98-4c6e1a2fff7a,湖南省,长沙市,,,2025-08-01,2025-12-31,2,serial_id,asc,3,2026-08-12T08:57:13+00:00
072ac766-00f9-496e-909b-c7c5a0527d48,2025090600366,2,0,10,2025-09-06 08:00,2025-09-06 09:00,73231,DrLamett,湖南省,长沙市,岳麓区,岳麓山风景名胜区,072ac766-00f9-496e-909b-c7c5a0527d48,湖南省,长沙市,,,2025-08-01,2025-12-31,2,serial_id,asc,3,2026-08-12T08:57:13+00:00
88ae8fbb-bb86-44ad-82d6-d395660617c8,2025090600521,2,0,4,2025-08-24 15:30,2025-08-24 16:20,60924,ata820,湖南省,长沙市,岳麓区,岳麓区坪塘街道香泉寺,88ae8fbb-bb86-44ad-82d6-d395660617c8,湖南省,长沙市,,,2025-08-01,2025-12-31,2,serial_id,asc,3,2026-08-12T08:57:13+00:00
14b068a9-75b7-4375-9a4b-287f9038c8bf,2025090600579,2,0,9,2025-09-06 12:00,2025-09-06 13:00,76989,金樽清酒,湖南省,长沙市,宁乡市,宁乡香山国家森林公园,14b068a9-75b7-4375-9a4b-287f9038c8bf,湖南省,长沙市,,,2025-08-01,2025-12-31,2,serial_id,asc,3,2026-08-12T08:57:13+00:00
a525a6b4-df3d-4c06-8501-309266234202,2025090600759,2,0,14,2025-09-06 09:00,2025-09-06 10:00,74558,最后之基多拉,湖南省,长沙市,宁乡市,宁乡香山国家森林公园,a525a6b4-df3d-4c06-8501-309266234202,湖南省,长沙市,,,2025-08-01,2025-12-31,2,serial_id,asc,3,2026-08-12T08:57:13+00:00
1120c972-e066-43bb-bdb6-b8674f9098dc,2025090600845,2,0,17,2025-09-06 15:00,2025-09-06 16:00,74558,最后之基多拉,湖南省,长沙市,望城区,沙河,1120c972-e066-43bb-bdb6-b8674f9098dc,湖南省,长沙市,,,2025-08-01,2025-12-31,2,serial_id,asc,3,2026-08-12T08:57:13+00:00
8a87cd33-a3ef-4a5e-bd8d-b75cc1709fd2,2025090601167,2,0,1,2025-09-06 12:00,2025-09-06 12:30,37379,1365731,湖南省,长沙市,岳麓区,岳麓山风景名胜区,8a87cd33-a3ef-4a5e-bd8d-b75cc1709fd2,湖南省,长沙市,,,2025-08-01,2025-12-31,2,serial_id,asc,3,2026-08-12T08:57:13+00:00
12b0598d-01ff-4b0e-9d93-3061a1424c8e,2025090601202,2,0,7,2025-09-06 08:10,2025-09-06 12:30,38532,wdy,湖南省,长沙市,岳麓区,谷山森林公园,12b0598d-01ff-4b0e-9d93-3061a1424c8e,湖南省,长沙市,,,2025-08-01,2025-12-31,2,serial_id,asc,3,2026-08-12T08:57:13+00:00
804d420c-8d69-46da-95e7-0bc200d04b3e,2025090700189,2,0,16,2025-09-07 09:00,2025-09-07 10:00,25634,葱歌,湖南省,长沙市,望城区,麻潭山滴翠峰,804d420c-8d69-46da-95e7-0bc200d04b3e,湖南省,长沙市,,,2025-08-01,2025-12-31,2,serial_id,asc,3,2026-08-12T08:57:13+00:00
a23a3e2e-4f0e-4c85-8432-146242b57157,2025090700260,2,0,14,2025-09-07 10:00,2025-09-07 11:00,54274,嘎儿,湖南省,长沙市,岳麓区,岳麓山国家重点风景名胜区,a23a3e2e-4f0e-4c85-8432-146242b57157,湖南省,长沙市,,,2025-08-01,2025-12-31,2,serial_id,asc,3,2026-08-12T08:57:13+00:00
1ee1cd6c-7cce-4e04-a931-cf2802f04b30,2025090700283,2,0,5,2025-09-07 10:00,2025-09-07 11:00,72223,小罗,湖南省,长沙市,望城区,望城区滴翠峰西南50米,1ee1cd6c-7cce-4e04-a931-cf2802f04b30,湖南省,长沙市,,,2025-08-01,2025-12-31,2,serial_id,asc,3,2026-08-12T08:57:13+00:00
2f4037ac-fa55-4179-8978-a39c5e2f1ce7,2025090700309,2,0,7,2025-09-07 10:00,2025-09-07 11:00,77127,叽叽喳喳小鸫西,湖南省,长沙市,望城区,望城区滴翠峰西南50米,2f4037ac-fa55-4179-8978-a39c5e2f1ce7,湖南省,长沙市,,,2025-08-01,2025-12-31,2,serial_id,asc,3,2026-08-12T08:57:13+00:00
71c3857c-ab7f-4608-b047-09bf8de34464,2025090700511,2,0,24,2025-09-07 07:45,2025-09-07 12:00,50180,贝尔箭螳,湖南省,长沙市,望城区,潜彬生态农业,71c3857c-ab7f-4608-b047-09bf8de34464,湖南省,长沙市,,,2025-08-01,2025-12-31,2,serial_id,asc,3,2026-08-12T08:57:13+00:00
dff81658-b1a8-421a-aaf4-7d7f41795e93,2025090700748,2,0,3,2025-09-07 10:00,2025-09-07 13:57,76989,金樽清酒,湖南省,长沙市,岳麓区,岳麓山国家重点风景名胜区,dff81658-b1a8-421a-aaf4-7d7f41795e93,湖南省,长沙市,,,2025-08-01,2025-12-31,2,serial_id,asc,3,2026-08-12T08:57:13+00:00
3fa57be0-d80f-44c2-a4df-9f6af091d9cb,2025090700787,2,0,13,2025-09-07 15:00,2025-09-07 16:00,36488,无缺,湖南省,长沙市,岳麓区,岳麓山风景名胜区,3fa57be0-d80f-44c2-a4df-9f6af091d9cb,湖南省,长沙市,,,2025-08-01,2025-12-31,2,serial_id,asc,3,2026-08-12T08:57:13+00:00
a0b03529-8126-4fa8-94ad-b432a582e9ee,2025090700833,2,0,21,2025-09-07 14:28,2025-09-07 15:28,73231,DrLamett,湖南省,长沙市,望城区,沙河大桥,a0b03529-8126-4fa8-94ad-b432a582e9ee,湖南省,长沙市,,,2025-08-01,2025-12-31,2,serial_id,asc,3,2026-08-12T08:57:13+00:00
7c78171f-548a-4dcf-ad9e-2034408ca858,2025090701072,2,0,11,2025-09-07 07:00,2025-09-07 09:30,93258,Yliuer,湖南省,长沙市,长沙县,湖南松雅湖国家湿地公园,7c78171f-548a-4dcf-ad9e-2034408ca858,湖南省,长沙市,,,2025-08-01,2025-12-31,2,serial_id,asc,3,2026-08-12T08:57:13+00:00
b81e89be-fabc-4196-a996-d15857eec166,2025090701077,2,0,7,2025-09-07 17:00,2025-09-07 18:00,93258,Yliuer,湖南省,长沙市,望城区,望城区玉湖公园西门(雷高路东),b81e89be-fabc-4196-a996-d15857eec166,湖南省,长沙市,,,2025-08-01,2025-12-31,2,serial_id,asc,3,2026-08-12T08:57:13+00:00
1f794532-8339-40cb-a029-d1f5e70ee8d9,2025090701126,2,0,14,2025-09-07 18:00,2025-09-07 19:00,73207,郭涵,湖南省,长沙市,岳麓区,岳麓山碧虚峰猛禽监测点,1f794532-8339-40cb-a029-d1f5e70ee8d9,湖南省,长沙市,,,2025-08-01,2025-12-31,2,serial_id,asc,3,2026-08-12T08:57:13+00:00
83db7e16-7f70-4ed1-b090-44c803c91e72,2025090800115,2,0,10,2025-09-07 08:11,2025-09-07 11:11,20342,颂庄,湖南省,长沙市,岳麓区,岳麓山国家重点风景名胜区-观日台(猛禽观测点),83db7e16-7f70-4ed1-b090-44c803c91e72,湖南省,长沙市,,,2025-08-01,2025-12-31,2,serial_id,asc,3,2026-08-12T08:57:13+00:00
ee117cff-e117-4c28-90eb-69ac7b494663,2025090800402,2,0,4,2025-09-08 13:00,2025-09-08 14:00,8606,Leaf,湖南省,长沙市,望城区,团头湖,ee117cff-e117-4c28-90eb-69ac7b494663,湖南省,长沙市,,,2025-08-01,2025-12-31,2,serial_id,asc,4,2026-08-12T08:57:17+00:00
3e11c0c9-c6f7-42fd-bc85-e8e7042a18bd,2025090900290,2,0,9,2025-09-07 08:00,2025-09-07 09:00,22612,中南林野保蝎子,湖南省,长沙市,岳麓区,洋湖湿地公园,3e11c0c9-c6f7-42fd-bc85-e8e7042a18bd,湖南省,长沙市,,,2025-08-01,2025-12-31,2,serial_id,asc,4,2026-08-12T08:57:17+00:00
8c60c5a6-7354-44e0-877a-4a236244a659,2025090900331,2,0,24,2025-09-08 13:36,2025-09-08 16:36,8606,Leaf,湖南省,长沙市,望城区,望城区丁字湾街道赵家弯,8c60c5a6-7354-44e0-877a-4a236244a659,湖南省,长沙市,,,2025-08-01,2025-12-31,2,serial_id,asc,4,2026-08-12T08:57:17+00:00
eae3e82d-203a-4e2a-a5b8-d9bf270104de,2025090900356,2,0,19,2025-09-07 08:20,2025-09-07 15:00,8606,Leaf,湖南省,长沙市,岳麓区,岳麓山国家重点风景名胜区,eae3e82d-203a-4e2a-a5b8-d9bf270104de,湖南省,长沙市,,,2025-08-01,2025-12-31,2,serial_id,asc,4,2026-08-12T08:57:17+00:00
828cfdc5-6995-4ec7-a6d5-9f31afb07c74,2025090900361,2,0,15,2025-09-09 14:00,2025-09-09 15:00,73231,DrLamett,湖南省,长沙市,望城区,麻潭山滴翠峰,828cfdc5-6995-4ec7-a6d5-9f31afb07c74,湖南省,长沙市,,,2025-08-01,2025-12-31,2,serial_id,asc,4,2026-08-12T08:57:17+00:00
cd3ef77d-45b3-47f7-ba43-90815c957e94,2025090900759,2,0,13,2025-09-07 09:30,2025-09-07 13:00,43027,喵十三,湖南省,长沙市,望城区,麻潭山滴翠峰,cd3ef77d-45b3-47f7-ba43-90815c957e94,湖南省,长沙市,,,2025-08-01,2025-12-31,2,serial_id,asc,4,2026-08-12T08:57:17+00:00
7cb3f412-a7bb-42b7-9636-9ac4c33961b2,2025091000125,2,0,20,2025-09-10 08:00,2025-09-10 14:00,25590,luoli314159,湖南省,长沙市,雨花区,湖南省植物园,7cb3f412-a7bb-42b7-9636-9ac4c33961b2,湖南省,长沙市,,,2025-08-01,2025-12-31,2,serial_id,asc,4,2026-08-12T08:57:17+00:00
e71fe68e-83f3-4bb3-a484-193b71e7ad99,2025091000179,2,0,15,2025-09-10 09:00,2025-09-10 10:00,29012,lisaknows,湖南省,长沙市,长沙县,石塘村,e71fe68e-83f3-4bb3-a484-193b71e7ad99,湖南省,长沙市,,,2025-08-01,2025-12-31,2,serial_id,asc,4,2026-08-12T08:57:17+00:00
27ef1ae0-4643-4bd5-a30d-f19a2eaca388,2025091000384,2,0,5,2025-09-10 11:22,2025-09-10 13:36,80369,belle君,湖南省,长沙市,望城区,麻潭山滴翠峰,27ef1ae0-4643-4bd5-a30d-f19a2eaca388,湖南省,长沙市,,,2025-08-01,2025-12-31,2,serial_id,asc,4,2026-08-12T08:57:17+00:00
ae0a13bd-d4e8-4746-bb7e-29a6c671b94d,2025091000449,2,0,5,2025-09-10 14:00,2025-09-10 15:00,76989,金樽清酒,湖南省,长沙市,望城区,麻潭山滴翠峰,ae0a13bd-d4e8-4746-bb7e-29a6c671b94d,湖南省,长沙市,,,2025-08-01,2025-12-31,2,serial_id,asc,4,2026-08-12T08:57:17+00:00
a3e3b6ce-03ae-4121-bf28-80c379041ad5,2025091000716,2,0,2,2025-09-10 18:00,2025-09-10 19:00,76989,金樽清酒,湖南省,长沙市,望城区,望城区雷锋街道龙头坝,a3e3b6ce-03ae-4121-bf28-80c379041ad5,湖南省,长沙市,,,2025-08-01,2025-12-31,2,serial_id,asc,4,2026-08-12T08:57:17+00:00
704e31a3-7bfa-4c5e-80bf-3cda8df61010,2025091100204,2,0,15,2025-09-11 09:22,2025-09-11 12:00,73231,DrLamett,湖南省,长沙市,望城区,麻潭山滴翠峰,704e31a3-7bfa-4c5e-80bf-3cda8df61010,湖南省,长沙市,,,2025-08-01,2025-12-31,2,serial_id,asc,4,2026-08-12T08:57:17+00:00
b127ad86-0366-43ba-a370-cb7370b361f6,2025091100209,2,0,23,2025-09-11 11:00,2025-09-11 12:00,27939,胡景翔,湖南省,长沙市,岳麓区,洋湖国家湿地公园,b127ad86-0366-43ba-a370-cb7370b361f6,湖南省,长沙市,,,2025-08-01,2025-12-31,2,serial_id,asc,4,2026-08-12T08:57:17+00:00
8eb7f480-a970-4c45-9b0a-2dc296ab06f9,2025091100326,2,0,7,2025-09-11 10:46,2025-09-11 14:00,80369,belle君,湖南省,长沙市,望城区,麻潭山滴翠峰,8eb7f480-a970-4c45-9b0a-2dc296ab06f9,湖南省,长沙市,,,2025-08-01,2025-12-31,2,serial_id,asc,4,2026-08-12T08:57:17+00:00
afc34cea-7480-48d3-bc96-19c89feea628,2025091100573,2,0,11,2025-09-11 18:00,2025-09-11 19:00,76989,金樽清酒,湖南省,长沙市,宁乡市,宁乡香山国家森林公园,afc34cea-7480-48d3-bc96-19c89feea628,湖南省,长沙市,,,2025-08-01,2025-12-31,2,serial_id,asc,4,2026-08-12T08:57:17+00:00
9fa46d6d-63cc-4ab8-872d-6cd1e1b51bde,2025091100743,2,0,9,2025-09-11 22:00,2025-09-11 23:00,72223,小罗,湖南省,长沙市,浏阳市,大围山国家森林公园,9fa46d6d-63cc-4ab8-872d-6cd1e1b51bde,湖南省,长沙市,,,2025-08-01,2025-12-31,2,serial_id,asc,4,2026-08-12T08:57:17+00:00
298a166f-81ce-4986-873a-430c02f453d7,2025091100753,2,0,20,2025-09-11 14:21,2025-09-11 15:21,80369,belle君,湖南省,长沙市,望城区,沙河大桥,298a166f-81ce-4986-873a-430c02f453d7,湖南省,长沙市,,,2025-08-01,2025-12-31,2,serial_id,asc,4,2026-08-12T08:57:17+00:00
a158d052-6391-4f7d-bf9f-9a4d622dc92b,2025091200121,2,0,6,2025-09-12 08:30,2025-09-12 09:00,54274,嘎儿,湖南省,长沙市,岳麓区,岳麓山国家重点风景名胜区-一洞天,a158d052-6391-4f7d-bf9f-9a4d622dc92b,湖南省,长沙市,,,2025-08-01,2025-12-31,2,serial_id,asc,4,2026-08-12T08:57:17+00:00
ffa91f68-d3ee-46da-a02f-3c830c5f63af,2025091200436,2,0,5,2025-09-12 11:25,2025-09-12 13:25,35598,鸡泥太鹛,湖南省,长沙市,岳麓区,岳麓山风景名胜区,ffa91f68-d3ee-46da-a02f-3c830c5f63af,湖南省,长沙市,,,2025-08-01,2025-12-31,2,serial_id,asc,4,2026-08-12T08:57:17+00:00
a11daa7d-61d3-4009-9381-cb4392754f79,2025091200566,2,0,7,2025-09-12 10:40,2025-09-12 10:45,38532,wdy,湖南省,长沙市,雨花区,雨花区国家油茶工程技术研究中心,a11daa7d-61d3-4009-9381-cb4392754f79,湖南省,长沙市,,,2025-08-01,2025-12-31,2,serial_id,asc,4,2026-08-12T08:57:17+00:00
f26708ba-f179-47b7-a067-732f066edcd7,2025091200599,2,0,34,2025-09-11 21:42,2025-09-12 17:42,67758,asir,湖南省,长沙市,浏阳市,浏阳市大围山国家森林公园,f26708ba-f179-47b7-a067-732f066edcd7,湖南省,长沙市,,,2025-08-01,2025-12-31,2,serial_id,asc,4,2026-08-12T08:57:17+00:00
86ed8e31-7458-486b-881e-5cb565cf6a45,2025091200608,2,0,7,2025-09-12 11:39,2025-09-12 14:48,80369,belle君,湖南省,长沙市,长沙县,大山冲森林公园,86ed8e31-7458-486b-881e-5cb565cf6a45,湖南省,长沙市,,,2025-08-01,2025-12-31,2,serial_id,asc,4,2026-08-12T08:57:17+00:00
2a6e79eb-af8c-4b4c-970d-e5d1afa80148,2025091300114,2,0,24,2025-09-13 08:00,2025-09-13 09:00,25634,葱歌,湖南省,长沙市,望城区,滴翠峰,2a6e79eb-af8c-4b4c-970d-e5d1afa80148,湖南省,长沙市,,,2025-08-01,2025-12-31,2,serial_id,asc,4,2026-08-12T08:57:17+00:00
01ff5f71-0851-42c9-b0e0-e77ef97bba9c,2025091300683,2,0,1,2025-09-13 09:40,2025-09-13 10:05,75725,西谷椰子,湖南省,长沙市,岳麓区,岳麓山国家重点风景名胜区,01ff5f71-0851-42c9-b0e0-e77ef97bba9c,湖南省,长沙市,,,2025-08-01,2025-12-31,2,serial_id,asc,4,2026-08-12T08:57:17+00:00
25176b85-edfc-43e8-98b7-5d0e9b17ffea,2025091300708,2,0,12,2025-09-13 08:00,2025-09-13 09:00,76038,冷风又起雨,湖南省,长沙市,岳麓区,岳麓山风景名胜区,25176b85-edfc-43e8-98b7-5d0e9b17ffea,湖南省,长沙市,,,2025-08-01,2025-12-31,2,serial_id,asc,4,2026-08-12T08:57:17+00:00
6df9cc0d-b036-4813-a1fa-b061d9a55079,2025091301309,2,0,14,2025-09-13 20:00,2025-09-13 21:00,73207,郭涵,湖南省,长沙市,开福区,烈士公园,6df9cc0d-b036-4813-a1fa-b061d9a55079,湖南省,长沙市,,,2025-08-01,2025-12-31,2,serial_id,asc,4,2026-08-12T08:57:17+00:00
074e311e-7361-428b-baa6-f99255f3cda1,2025091400119,2,0,10,2025-09-14 07:00,2025-09-14 08:00,32026,nica99,湖南省,长沙市,长沙县,湖南松雅湖国家湿地公园-关羽广场,074e311e-7361-428b-baa6-f99255f3cda1,湖南省,长沙市,,,2025-08-01,2025-12-31,2,serial_id,asc,4,2026-08-12T08:57:17+00:00
09673705-b566-4e53-9408-14a312bcf6e8,2025091400124,2,0,7,2025-09-14 07:00,2025-09-14 08:00,25218,Elzyuan505,湖南省,长沙市,长沙县,湖南松雅湖国家湿地公园-关羽广场,09673705-b566-4e53-9408-14a312bcf6e8,湖南省,长沙市,,,2025-08-01,2025-12-31,2,serial_id,asc,4,2026-08-12T08:57:17+00:00
8a9c7f12-949a-40df-89ca-1b39bffd61f9,2025091400410,2,0,3,2025-09-14 10:00,2025-09-14 11:00,93258,Yliuer,湖南省,长沙市,望城区,月亮岛(长沙市望城区镜月路),8a9c7f12-949a-40df-89ca-1b39bffd61f9,湖南省,长沙市,,,2025-08-01,2025-12-31,2,serial_id,asc,4,2026-08-12T08:57:17+00:00
ca3aa414-06ba-4f1d-8264-bfffbf264f24,2025091400540,2,0,12,2025-09-14 07:15,2025-09-14 09:20,66409,溜溜飞飞飞,湖南省,长沙市,长沙县,湖南松雅湖国家湿地公园-关羽广场,ca3aa414-06ba-4f1d-8264-bfffbf264f24,湖南省,长沙市,,,2025-08-01,2025-12-31,2,serial_id,asc,4,2026-08-12T08:57:17+00:00
fa25d2bd-40da-4d35-a776-95c313ea0fd3,2025091400555,2,0,11,2025-09-14 07:10,2025-09-14 09:10,73287,yw88,湖南省,长沙市,长沙县,湖南松雅湖国家湿地公园-关羽广场,fa25d2bd-40da-4d35-a776-95c313ea0fd3,湖南省,长沙市,,,2025-08-01,2025-12-31,2,serial_id,asc,4,2026-08-12T08:57:17+00:00
6756d496-4319-4cd6-80e9-ba841f5dceb8,2025091400594,2,0,16,2025-09-14 11:00,2025-09-14 12:00,25634,葱歌,湖南省,长沙市,望城区,滴翠峰,6756d496-4319-4cd6-80e9-ba841f5dceb8,湖南省,长沙市,,,2025-08-01,2025-12-31,2,serial_id,asc,4,2026-08-12T08:57:17+00:00
98c005f1-9251-4322-b54a-6d5b2e5bfe75,2025091400716,2,0,21,2025-09-13 09:26,2025-09-13 12:26,69168,中南林野保洄游,湖南省,长沙市,望城区,望城区丁字湾街道赵家弯,98c005f1-9251-4322-b54a-6d5b2e5bfe75,湖南省,长沙市,,,2025-08-01,2025-12-31,2,serial_id,asc,4,2026-08-12T08:57:17+00:00
ce216222-ca51-4d9a-a7b4-294232a9dc06,2025091400718,2,0,21,2025-09-13 09:26,2025-09-13 12:26,69171,中南林野保蓝喉蜂虎,湖南省,长沙市,望城区,望城区丁字湾街道赵家弯,ce216222-ca51-4d9a-a7b4-294232a9dc06,湖南省,长沙市,,,2025-08-01,2025-12-31,2,serial_id,asc,4,2026-08-12T08:57:17+00:00
63b97342-5c49-4339-be45-b78ea9bec94e,2025091400784,2,0,9,2025-09-14 11:00,2025-09-14 12:00,76038,冷风又起雨,湖南省,长沙市,望城区,麻潭山滴翠峰,63b97342-5c49-4339-be45-b78ea9bec94e,湖南省,长沙市,,,2025-08-01,2025-12-31,2,serial_id,asc,4,2026-08-12T08:57:17+00:00
87ecdaa3-6e05-4f1d-b8d1-1245dc9edb4b,2025091400848,2,0,5,2025-09-14 10:00,2025-09-14 11:00,74558,最后之基多拉,湖南省,长沙市,长沙县,高桥镇紫竹山顶猛禽监测点,87ecdaa3-6e05-4f1d-b8d1-1245dc9edb4b,湖南省,长沙市,,,2025-08-01,2025-12-31,2,serial_id,asc,4,2026-08-12T08:57:17+00:00
78230b3f-2471-45d0-b309-7d00e13adb71,2025091400851,2,0,13,2025-09-14 13:00,2025-09-14 14:00,73207,郭涵,湖南省,长沙市,芙蓉区,湖南农业大学,78230b3f-2471-45d0-b309-7d00e13adb71,湖南省,长沙市,,,2025-08-01,2025-12-31,2,serial_id,asc,4,2026-08-12T08:57:17+00:00
c1ac5553-f1df-496b-8406-9e2901be4198,2025091401021,2,0,21,2025-09-13 09:26,2025-09-13 12:26,69129,中南林野保毛虫,湖南省,长沙市,望城区,望城区丁字湾街道赵家弯,c1ac5553-f1df-496b-8406-9e2901be4198,湖南省,长沙市,,,2025-08-01,2025-12-31,2,serial_id,asc,4,2026-08-12T08:57:17+00:00
ba7d145a-80d8-4a0a-aae5-da84a88acd45,2025091401155,2,0,20,2025-09-14 08:04,2025-09-14 11:40,13498,寿带,湖南省,长沙市,岳麓区,岳麓山风景名胜区,ba7d145a-80d8-4a0a-aae5-da84a88acd45,湖南省,长沙市,,,2025-08-01,2025-12-31,2,serial_id,asc,4,2026-08-12T08:57:17+00:00
1d474829-ca2c-4e3a-999c-9ed03f546f25,2025091401290,2,0,7,2025-09-14 10:31,2025-09-14 12:00,78920,大鱼阿,湖南省,长沙市,望城区,滴翠峰,1d474829-ca2c-4e3a-999c-9ed03f546f25,湖南省,长沙市,,,2025-08-01,2025-12-31,2,serial_id,asc,4,2026-08-12T08:57:17+00:00
024ccc8b-d3b9-4bf4-b516-032c25082c9a,2025091401791,2,0,1,2025-09-14 23:00,2025-09-15 00:00,25634,葱歌,湖南省,长沙市,雨花区,雨花区侯家塘湖南省林勘院宿舍(枫树岸巷南),024ccc8b-d3b9-4bf4-b516-032c25082c9a,湖南省,长沙市,,,2025-08-01,2025-12-31,2,serial_id,asc,4,2026-08-12T08:57:17+00:00
bd437df6-3583-4805-aa8b-22ce875a632a,2025091401813,2,0,5,2025-09-14 23:00,2025-09-15 00:00,34281,wzf666,湖南省,长沙市,望城区,麻潭山滴翠峰,bd437df6-3583-4805-aa8b-22ce875a632a,湖南省,长沙市,,,2025-08-01,2025-12-31,2,serial_id,asc,4,2026-08-12T08:57:17+00:00
bcde27e3-e09e-4220-8be9-e1ff33110429,2025091500363,2,0,30,2025-09-06 08:39,2025-09-06 11:53,35030,saint,湖南省,长沙市,望城区,沙河大桥,bcde27e3-e09e-4220-8be9-e1ff33110429,湖南省,长沙市,,,2025-08-01,2025-12-31,2,serial_id,asc,4,2026-08-12T08:57:17+00:00
b4cbe313-aa7b-459c-9ace-2d6e09c655ba,2025091500926,2,0,7,2025-09-14 11:30,2025-09-14 13:30,2714,绿瑾,湖南省,长沙市,岳麓区,谷山猛禽观测点,b4cbe313-aa7b-459c-9ace-2d6e09c655ba,湖南省,长沙市,,,2025-08-01,2025-12-31,2,serial_id,asc,4,2026-08-12T08:57:17+00:00
c4ca33ee-d308-47dc-8495-6721192f6406,2025091501006,2,0,2,2025-09-15 20:38,2025-09-15 21:39,73231,DrLamett,湖南省,长沙市,岳麓区,桃花岭景区,c4ca33ee-d308-47dc-8495-6721192f6406,湖南省,长沙市,,,2025-08-01,2025-12-31,2,serial_id,asc,4,2026-08-12T08:57:17+00:00
f1f2c156-7a31-45c0-b17b-adaf74c4b9b1,2025091600116,2,0,3,2025-09-16 08:00,2025-09-16 09:00,32026,nica99,湖南省,长沙市,岳麓区,长沙望月公园(长沙市岳麓区咸嘉湖路6号),f1f2c156-7a31-45c0-b17b-adaf74c4b9b1,湖南省,长沙市,,,2025-08-01,2025-12-31,2,serial_id,asc,4,2026-08-12T08:57:17+00:00
3a74a44d-a88a-4364-800c-af18119e83af,2025091600172,2,0,18,2025-09-16 08:23,2025-09-16 10:00,23490,戈壁stone,湖南省,长沙市,长沙县,杨公祠(长沙市长沙县),3a74a44d-a88a-4364-800c-af18119e83af,湖南省,长沙市,,,2025-08-01,2025-12-31,2,serial_id,asc,4,2026-08-12T08:57:17+00:00
8c2bf647-743e-4816-93ab-dbb1c5255b0d,2025091600397,2,0,5,2025-09-16 14:00,2025-09-16 15:00,76989,金樽清酒,湖南省,长沙市,望城区,麻潭山滴翠峰,8c2bf647-743e-4816-93ab-dbb1c5255b0d,湖南省,长沙市,,,2025-08-01,2025-12-31,2,serial_id,asc,4,2026-08-12T08:57:17+00:00
122d5c07-9244-4e80-af11-9535e835f398,2025091800190,2,0,23,2025-09-11 21:36,2025-09-11 23:00,25161,不积灰,湖南省,长沙市,浏阳市,大围山国家森林公园,122d5c07-9244-4e80-af11-9535e835f398,湖南省,长沙市,,,2025-08-01,2025-12-31,2,serial_id,asc,4,2026-08-12T08:57:17+00:00
5ed0e8a3-dcd2-4b1d-bde4-2a1b7180d87e,2025091800248,2,0,6,2025-09-15 18:00,2025-09-15 18:40,69168,中南林野保洄游,湖南省,长沙市,天心区,中南林业科技大学,5ed0e8a3-dcd2-4b1d-bde4-2a1b7180d87e,湖南省,长沙市,,,2025-08-01,2025-12-31,2,serial_id,asc,4,2026-08-12T08:57:17+00:00
51190e49-4540-432c-bb59-aee72e452820,2025091800550,2,0,7,2025-09-18 12:50,2025-09-18 15:40,54274,嘎儿,湖南省,长沙市,岳麓区,岳麓山国家重点风景名胜区-一洞天,51190e49-4540-432c-bb59-aee72e452820,湖南省,长沙市,,,2025-08-01,2025-12-31,2,serial_id,asc,5,2026-08-12T08:57:19+00:00
867d2ebf-d249-4e93-b472-9050e9d8bb6d,2025091900263,2,0,2,2025-09-19 10:00,2025-09-19 11:00,69171,中南林野保蓝喉蜂虎,湖南省,长沙市,天心区,中南林业科技大学(东区),867d2ebf-d249-4e93-b472-9050e9d8bb6d,湖南省,长沙市,,,2025-08-01,2025-12-31,2,serial_id,asc,5,2026-08-12T08:57:19+00:00
1826db13-370a-4c78-9dd7-483b17feb7bf,2025091900293,2,0,16,2025-09-19 11:00,2025-09-19 12:00,29012,lisaknows,湖南省,长沙市,岳麓区,岳麓山风景名胜区,1826db13-370a-4c78-9dd7-483b17feb7bf,湖南省,长沙市,,,2025-08-01,2025-12-31,2,serial_id,asc,5,2026-08-12T08:57:19+00:00
49e8e6c5-d399-454e-87c6-c0e8f7f9ff3f,2025091900375,2,0,8,2025-09-19 13:00,2025-09-19 13:20,69150,中南林野保变形虫,湖南省,长沙市,天心区,中南林业科技大学(东区),49e8e6c5-d399-454e-87c6-c0e8f7f9ff3f,湖南省,长沙市,,,2025-08-01,2025-12-31,2,serial_id,asc,5,2026-08-12T08:57:19+00:00
b3809307-4328-4401-ba5a-0cdbf23200e2,2025091900385,2,0,15,2025-09-19 09:00,2025-09-19 12:00,28517,Danlin,湖南省,长沙市,岳麓区,岳麓山风景名胜区,b3809307-4328-4401-ba5a-0cdbf23200e2,湖南省,长沙市,,,2025-08-01,2025-12-31,2,serial_id,asc,5,2026-08-12T08:57:19+00:00
aff7ef01-6f9b-4599-b1c0-b4372036192a,2025092000240,2,0,10,2025-09-20 09:00,2025-09-20 10:00,72223,小罗,湖南省,长沙市,望城区,麻潭山滴翠峰,aff7ef01-6f9b-4599-b1c0-b4372036192a,湖南省,长沙市,,,2025-08-01,2025-12-31,2,serial_id,asc,5,2026-08-12T08:57:19+00:00
7e0dbe2e-df1d-420e-82c7-d80353bd3924,2025092000546,2,0,7,2025-09-20 09:00,2025-09-20 10:00,74558,最后之基多拉,湖南省,长沙市,长沙县,大山冲森林公园,7e0dbe2e-df1d-420e-82c7-d80353bd3924,湖南省,长沙市,,,2025-08-01,2025-12-31,2,serial_id,asc,5,2026-08-12T08:57:19+00:00
ca6d1640-6494-44b3-b37f-a9a1ca457f82,2025092000665,2,0,12,2025-09-20 12:00,2025-09-20 13:00,25634,葱歌,湖南省,长沙市,望城区,滴翠峰,ca6d1640-6494-44b3-b37f-a9a1ca457f82,湖南省,长沙市,,,2025-08-01,2025-12-31,2,serial_id,asc,5,2026-08-12T08:57:19+00:00
91f6722d-ee6e-441c-a0a1-b4ec54b7e745,2025092000767,2,0,25,2025-09-18 08:30,2025-09-18 11:20,65256,无X,湖南省,长沙市,岳麓区,洋湖湿地公园,91f6722d-ee6e-441c-a0a1-b4ec54b7e745,湖南省,长沙市,,,2025-08-01,2025-12-31,2,serial_id,asc,5,2026-08-12T08:57:19+00:00
f3f7b084-34e8-480b-8ee9-910a98f9a4f9,2025092001002,2,0,15,2025-09-20 07:00,2025-09-20 09:00,31416,乐事panda,湖南省,长沙市,长沙县,湖南松雅湖国家湿地公园-关羽广场,f3f7b084-34e8-480b-8ee9-910a98f9a4f9,湖南省,长沙市,,,2025-08-01,2025-12-31,2,serial_id,asc,5,2026-08-12T08:57:19+00:00
ceff6245-d94f-4a20-87bb-d5c7c0e7eb75,2025092001025,2,0,16,2025-09-14 06:30,2025-09-14 09:00,31416,乐事panda,湖南省,长沙市,长沙县,湖南松雅湖国家湿地公园-关羽广场,ceff6245-d94f-4a20-87bb-d5c7c0e7eb75,湖南省,长沙市,,,2025-08-01,2025-12-31,2,serial_id,asc,5,2026-08-12T08:57:19+00:00
b9fa057b-f8bc-4e52-a3f6-61b5a2a30ff2,2025092001240,2,0,3,2025-09-20 17:00,2025-09-20 18:00,77127,叽叽喳喳小鸫西,湖南省,长沙市,芙蓉区,湖南烈士公园,b9fa057b-f8bc-4e52-a3f6-61b5a2a30ff2,湖南省,长沙市,,,2025-08-01,2025-12-31,2,serial_id,asc,5,2026-08-12T08:57:19+00:00
35afce5b-3432-4090-aae7-a55a3651dd15,2025092001244,2,0,1,2025-09-20 17:00,2025-09-20 18:00,73231,DrLamett,湖南省,长沙市,雨花区,树木岭,35afce5b-3432-4090-aae7-a55a3651dd15,湖南省,长沙市,,,2025-08-01,2025-12-31,2,serial_id,asc,5,2026-08-12T08:57:19+00:00
0e2f57dc-f117-4453-b3d2-c7e9f2d8e34e,2025092001473,2,0,9,2025-09-20 11:40,2025-09-20 15:30,54274,嘎儿,湖南省,长沙市,岳麓区,岳麓山风景名胜区,0e2f57dc-f117-4453-b3d2-c7e9f2d8e34e,湖南省,长沙市,,,2025-08-01,2025-12-31,2,serial_id,asc,5,2026-08-12T08:57:19+00:00
a0724aaf-c563-4ed6-9c84-7ac749c30af5,2025092100120,2,0,8,2025-09-20 10:05,2025-09-20 16:05,43027,喵十三,湖南省,长沙市,岳麓区,岳麓山风景名胜区,a0724aaf-c563-4ed6-9c84-7ac749c30af5,湖南省,长沙市,,,2025-08-01,2025-12-31,2,serial_id,asc,5,2026-08-12T08:57:19+00:00
b3895312-9064-47e3-8aa1-0efc83562ee8,2025092100168,2,0,10,2025-09-21 08:00,2025-09-21 08:40,69150,中南林野保变形虫,湖南省,长沙市,天心区,中南林业科技大学(东区),b3895312-9064-47e3-8aa1-0efc83562ee8,湖南省,长沙市,,,2025-08-01,2025-12-31,2,serial_id,asc,5,2026-08-12T08:57:19+00:00
64d378b5-7ad5-4e0b-9d6e-40174c23057f,2025092100438,2,0,9,2025-09-21 10:00,2025-09-21 11:00,25634,葱歌,湖南省,长沙市,望城区,滴翠峰,64d378b5-7ad5-4e0b-9d6e-40174c23057f,湖南省,长沙市,,,2025-08-01,2025-12-31,2,serial_id,asc,5,2026-08-12T08:57:19+00:00
f5155036-4651-415f-88e9-a3b111506852,2025092100611,2,0,16,2025-09-21 11:00,2025-09-21 12:00,43027,喵十三,湖南省,长沙市,望城区,麻潭山滴翠峰,f5155036-4651-415f-88e9-a3b111506852,湖南省,长沙市,,,2025-08-01,2025-12-31,2,serial_id,asc,5,2026-08-12T08:57:19+00:00
55727182-91e2-4fdf-a45b-3a143818b076,2025092100667,2,0,12,2025-09-21 10:14,2025-09-21 13:00,36975,windflowerjulia,湖南省,长沙市,岳麓区,巴溪洲(长沙市岳麓区),55727182-91e2-4fdf-a45b-3a143818b076,湖南省,长沙市,,,2025-08-01,2025-12-31,2,serial_id,asc,5,2026-08-12T08:57:19+00:00
47157eda-3606-4c47-8745-cc803e92b432,2025092100831,2,0,22,2025-09-21 10:00,2025-09-21 11:00,78920,大鱼阿,湖南省,长沙市,宁乡市,宁乡香山国家森林公园,47157eda-3606-4c47-8745-cc803e92b432,湖南省,长沙市,,,2025-08-01,2025-12-31,2,serial_id,asc,5,2026-08-12T08:57:19+00:00
7f742a6c-180a-41d1-8380-e04e58a3c869,2025092100996,2,0,8,2025-09-21 14:00,2025-09-21 15:00,89647,lele2025,湖南省,长沙市,岳麓区,洋湖湿地公园,7f742a6c-180a-41d1-8380-e04e58a3c869,湖南省,长沙市,,,2025-08-01,2025-12-31,2,serial_id,asc,5,2026-08-12T08:57:19+00:00
7f7d9182-6150-4e66-aeb5-4f1c2e7af80d,2025092101154,2,0,10,2025-09-21 16:00,2025-09-21 17:00,73231,DrLamett,湖南省,长沙市,岳麓区,岳麓山国家重点风景名胜区,7f7d9182-6150-4e66-aeb5-4f1c2e7af80d,湖南省,长沙市,,,2025-08-01,2025-12-31,2,serial_id,asc,5,2026-08-12T08:57:19+00:00
a6231b82-4ac2-4065-991e-edcc163547a9,2025092101236,2,0,6,2025-09-21 07:52,2025-09-21 09:52,77264,deerlute,湖南省,长沙市,芙蓉区,湖南烈士公园,a6231b82-4ac2-4065-991e-edcc163547a9,湖南省,长沙市,,,2025-08-01,2025-12-31,2,serial_id,asc,5,2026-08-12T08:57:19+00:00
b789b880-b30c-45e0-a38d-416407812059,2025092101414,2,0,7,2025-09-21 09:18,2025-09-21 11:31,51471,小满不是狐狸狗,湖南省,长沙市,岳麓区,岳麓山风景名胜区,b789b880-b30c-45e0-a38d-416407812059,湖南省,长沙市,,,2025-08-01,2025-12-31,2,serial_id,asc,5,2026-08-12T08:57:19+00:00
8fbf921c-4514-44f2-9258-ff27e4130d59,2025092101460,2,0,21,2025-09-20 09:00,2025-09-20 10:00,35030,saint,湖南省,长沙市,望城区,麻潭山滴翠峰,8fbf921c-4514-44f2-9258-ff27e4130d59,湖南省,长沙市,,,2025-08-01,2025-12-31,2,serial_id,asc,5,2026-08-12T08:57:19+00:00
99fb1de1-ced3-4745-98a0-a3c2fe285c67,2025092101499,2,0,7,2025-09-21 13:00,2025-09-21 16:00,71963,intchen,湖南省,长沙市,岳麓区,岳麓区岳麓山,99fb1de1-ced3-4745-98a0-a3c2fe285c67,湖南省,长沙市,,,2025-08-01,2025-12-31,2,serial_id,asc,5,2026-08-12T08:57:19+00:00
a1bf59d0-6f63-4ac5-ad50-8bf39e105a26,2025092200425,2,0,23,2025-09-22 10:00,2025-09-22 11:00,78920,大鱼阿,湖南省,长沙市,宁乡市,宁乡玉潭公园,a1bf59d0-6f63-4ac5-ad50-8bf39e105a26,湖南省,长沙市,,,2025-08-01,2025-12-31,2,serial_id,asc,5,2026-08-12T08:57:19+00:00
3f6c3741-8bf0-4c68-8a78-4c43690b955e,2025092200746,2,0,28,2025-09-22 14:01,2025-09-22 15:00,80369,belle君,湖南省,长沙市,望城区,沙河大桥,3f6c3741-8bf0-4c68-8a78-4c43690b955e,湖南省,长沙市,,,2025-08-01,2025-12-31,2,serial_id,asc,5,2026-08-12T08:57:19+00:00
6535098c-c17b-41d2-80f3-c9144a1c8501,2025092200871,2,0,4,2025-09-21 14:30,2025-09-21 15:30,94615,林翰,湖南省,长沙市,岳麓区,梅溪湖公园,6535098c-c17b-41d2-80f3-c9144a1c8501,湖南省,长沙市,,,2025-08-01,2025-12-31,2,serial_id,asc,5,2026-08-12T08:57:19+00:00
d61d50dc-2781-476b-8a42-2ad43230d3f3,2025092300015,2,0,1,2025-09-22 14:31,2025-09-22 14:31,73207,郭涵,湖南省,长沙市,芙蓉区,湖南农业大学,d61d50dc-2781-476b-8a42-2ad43230d3f3,湖南省,长沙市,,,2025-08-01,2025-12-31,2,serial_id,asc,5,2026-08-12T08:57:19+00:00
ef040f71-5ff3-4ec4-a039-0b09bf96cd3a,2025092300253,2,0,48,2025-09-23 10:00,2025-09-23 11:00,73231,DrLamett,湖南省,长沙市,望城区,沙河大桥,ef040f71-5ff3-4ec4-a039-0b09bf96cd3a,湖南省,长沙市,,,2025-08-01,2025-12-31,2,serial_id,asc,5,2026-08-12T08:57:19+00:00
c6966879-12d0-41be-b95c-07f6d390848a,2025092300396,2,0,1,2025-09-23 12:00,2025-09-23 12:26,29589,Beluga,湖南省,长沙市,长沙县,长沙黄花国际机场,c6966879-12d0-41be-b95c-07f6d390848a,湖南省,长沙市,,,2025-08-01,2025-12-31,2,serial_id,asc,5,2026-08-12T08:57:19+00:00
8af876e7-5943-4f8d-98df-0f1cc1bf96d5,2025092300964,2,0,9,2025-09-21 16:30,2025-09-21 17:30,54274,嘎儿,湖南省,长沙市,岳麓区,岳麓区湘江江滩公园(牌楼路南150米),8af876e7-5943-4f8d-98df-0f1cc1bf96d5,湖南省,长沙市,,,2025-08-01,2025-12-31,2,serial_id,asc,5,2026-08-12T08:57:19+00:00
95715f1b-6c3a-4d0e-9323-bd89a18b349c,2025092400089,2,0,1,2025-09-24 08:44,2025-09-24 08:45,69150,中南林野保变形虫,湖南省,长沙市,天心区,中南林业科技大学(西区)西,95715f1b-6c3a-4d0e-9323-bd89a18b349c,湖南省,长沙市,,,2025-08-01,2025-12-31,2,serial_id,asc,5,2026-08-12T08:57:19+00:00
b55c2b5d-006a-4a22-97a4-151da632d32e,2025092400269,2,0,1,2025-09-24 10:00,2025-09-24 11:00,73231,DrLamett,湖南省,长沙市,雨花区,树木岭,b55c2b5d-006a-4a22-97a4-151da632d32e,湖南省,长沙市,,,2025-08-01,2025-12-31,2,serial_id,asc,5,2026-08-12T08:57:19+00:00
76b67a56-d7f7-41ec-a354-2753c84973f6,2025092400707,2,0,9,2025-09-24 16:00,2025-09-24 17:00,76989,金樽清酒,湖南省,长沙市,宁乡市,净土庵寺,76b67a56-d7f7-41ec-a354-2753c84973f6,湖南省,长沙市,,,2025-08-01,2025-12-31,2,serial_id,asc,5,2026-08-12T08:57:19+00:00
1d98925a-db41-4547-a672-629821d946d0,2025092400795,2,0,4,2025-09-24 17:00,2025-09-24 18:00,20342,颂庄,湖南省,长沙市,岳麓区,后湖(长沙市岳麓区),1d98925a-db41-4547-a672-629821d946d0,湖南省,长沙市,,,2025-08-01,2025-12-31,2,serial_id,asc,5,2026-08-12T08:57:19+00:00
456f3531-c371-419e-9751-011beb4252ae,2025092400858,2,0,10,2025-09-24 13:00,2025-09-24 15:15,78920,大鱼阿,湖南省,长沙市,宁乡市,宁乡市博兵寨露营基地,456f3531-c371-419e-9751-011beb4252ae,湖南省,长沙市,,,2025-08-01,2025-12-31,2,serial_id,asc,5,2026-08-12T08:57:19+00:00
7c25b4e7-b46e-4ee6-8d40-3a46fbed859f,2025092400997,2,0,39,2025-09-24 20:00,2025-09-24 21:00,25628,笑看人生,湖南省,长沙市,望城区,月亮岛,7c25b4e7-b46e-4ee6-8d40-3a46fbed859f,湖南省,长沙市,,,2025-08-01,2025-12-31,2,serial_id,asc,5,2026-08-12T08:57:19+00:00
9ba2d51f-a2e5-4317-afb0-c970e0dee670,2025092401321,2,0,14,2025-09-22 10:00,2025-09-22 11:00,32295,烟雨蒙蒙,湖南省,长沙市,雨花区,湖南省植物园,9ba2d51f-a2e5-4317-afb0-c970e0dee670,湖南省,长沙市,,,2025-08-01,2025-12-31,2,serial_id,asc,5,2026-08-12T08:57:19+00:00
17338413-1022-43bc-ae93-fed556b51ba9,2025092401328,2,0,14,2025-09-22 10:00,2025-09-22 11:00,38494,小昭,湖南省,长沙市,雨花区,湖南省植物园,17338413-1022-43bc-ae93-fed556b51ba9,湖南省,长沙市,,,2025-08-01,2025-12-31,2,serial_id,asc,5,2026-08-12T08:57:19+00:00
94153c78-5436-4ae2-bc49-61ebd95d87aa,2025092401442,2,0,4,2025-09-24 12:35,2025-09-24 14:00,80369,belle君,湖南省,长沙市,望城区,麻潭山滴翠峰,94153c78-5436-4ae2-bc49-61ebd95d87aa,湖南省,长沙市,,,2025-08-01,2025-12-31,2,serial_id,asc,5,2026-08-12T08:57:19+00:00
dd4e03ef-9f1e-464a-bd52-9b0aa3bac327,2025092500040,2,0,4,2025-09-25 01:00,2025-09-25 02:00,72223,小罗,湖南省,长沙市,开福区,开福区湖南烈士公园(东风路东400米),dd4e03ef-9f1e-464a-bd52-9b0aa3bac327,湖南省,长沙市,,,2025-08-01,2025-12-31,2,serial_id,asc,5,2026-08-12T08:57:19+00:00
21ce4f71-5e22-4ef5-88f9-c706941223e3,2025092500041,2,0,4,2025-09-25 01:00,2025-09-25 02:00,72223,小罗,湖南省,长沙市,望城区,沙河大桥,21ce4f71-5e22-4ef5-88f9-c706941223e3,湖南省,长沙市,,,2025-08-01,2025-12-31,2,serial_id,asc,5,2026-08-12T08:57:19+00:00
aaa9bbfa-62f1-49c3-932e-ad752ce3fe83,2025092500044,2,0,14,2025-09-25 03:00,2025-09-25 04:00,67758,asir,湖南省,长沙市,望城区,沙河大桥,aaa9bbfa-62f1-49c3-932e-ad752ce3fe83,湖南省,长沙市,,,2025-08-01,2025-12-31,2,serial_id,asc,5,2026-08-12T08:57:19+00:00
c974e2b1-3867-46e9-b720-2e1d6821f66b,2025092500045,2,0,11,2025-09-25 03:00,2025-09-25 04:00,67758,asir,湖南省,长沙市,芙蓉区,湖南烈士公园,c974e2b1-3867-46e9-b720-2e1d6821f66b,湖南省,长沙市,,,2025-08-01,2025-12-31,2,serial_id,asc,5,2026-08-12T08:57:19+00:00
47a86360-7cf3-4c86-8fed-d64ee5295968,2025092500089,2,0,9,2025-09-25 08:00,2025-09-25 09:00,25634,葱歌,湖南省,长沙市,望城区,滴翠峰,47a86360-7cf3-4c86-8fed-d64ee5295968,湖南省,长沙市,,,2025-08-01,2025-12-31,2,serial_id,asc,5,2026-08-12T08:57:19+00:00
6790d39e-545a-4619-ba32-0240dbfa29a6,2025092500483,2,0,25,2025-09-25 12:00,2025-09-25 13:00,25634,葱歌,湖南省,长沙市,望城区,赵家弯,6790d39e-545a-4619-ba32-0240dbfa29a6,湖南省,长沙市,,,2025-08-01,2025-12-31,2,serial_id,asc,5,2026-08-12T08:57:19+00:00
1f58de0d-3368-46b4-bc04-942d8e97a0a1,2025092500555,2,0,13,2025-09-25 09:00,2025-09-25 10:00,78920,大鱼阿,湖南省,长沙市,宁乡市,宁乡市博兵寨露营基地,1f58de0d-3368-46b4-bc04-942d8e97a0a1,湖南省,长沙市,,,2025-08-01,2025-12-31,2,serial_id,asc,5,2026-08-12T08:57:19+00:00
2dfb32d7-e7bc-4fa3-bfe9-86f02c6b37bc,2025092500599,2,0,10,2025-09-24 21:00,2025-09-24 23:30,13498,寿带,湖南省,长沙市,望城区,沙河大桥,2dfb32d7-e7bc-4fa3-bfe9-86f02c6b37bc,湖南省,长沙市,,,2025-08-01,2025-12-31,2,serial_id,asc,5,2026-08-12T08:57:19+00:00
35192071-4846-4819-be03-5ad4b18ac53f,2025092500606,2,0,9,2025-09-24 23:40,2025-09-25 03:30,13498,寿带,湖南省,长沙市,芙蓉区,湖南烈士公园,35192071-4846-4819-be03-5ad4b18ac53f,湖南省,长沙市,,,2025-08-01,2025-12-31,2,serial_id,asc,6,2026-08-12T08:57:23+00:00
331dc5e4-04d9-43c0-8069-6e0ed10b5fec,2025092500975,2,0,8,2025-09-25 16:00,2025-09-25 17:00,76989,金樽清酒,湖南省,长沙市,望城区,沙河大桥,331dc5e4-04d9-43c0-8069-6e0ed10b5fec,湖南省,长沙市,,,2025-08-01,2025-12-31,2,serial_id,asc,6,2026-08-12T08:57:23+00:00
0e272243-cd4c-4133-acc9-c7615bc8d4fb,2025092501644,2,0,14,2025-09-25 13:00,2025-09-25 14:26,80369,belle君,湖南省,长沙市,望城区,沙河大桥,0e272243-cd4c-4133-acc9-c7615bc8d4fb,湖南省,长沙市,,,2025-08-01,2025-12-31,2,serial_id,asc,6,2026-08-12T08:57:23+00:00
3cc996ff-822e-4f45-b00e-23c323941da3,2025092501649,2,0,7,2025-09-18 11:29,2025-09-18 14:29,80369,belle君,湖南省,长沙市,长沙县,大山冲森林公园,3cc996ff-822e-4f45-b00e-23c323941da3,湖南省,长沙市,,,2025-08-01,2025-12-31,2,serial_id,asc,6,2026-08-12T08:57:23+00:00
a49cba74-06d1-4a79-a1f7-7899bdc38649,2025092600202,2,0,15,2025-09-25 06:16,2025-09-26 08:08,20022,fly肖,湖南省,长沙市,望城区,望城区X173(长沙铜官窑博物馆),a49cba74-06d1-4a79-a1f7-7899bdc38649,湖南省,长沙市,,,2025-08-01,2025-12-31,2,serial_id,asc,6,2026-08-12T08:57:23+00:00
3fd2719f-5703-4841-8176-393168e6f305,2025092600341,2,0,30,2025-09-26 07:50,2025-09-26 11:08,69150,中南林野保变形虫,湖南省,长沙市,望城区,沙河大桥,3fd2719f-5703-4841-8176-393168e6f305,湖南省,长沙市,,,2025-08-01,2025-12-31,2,serial_id,asc,6,2026-08-12T08:57:23+00:00
a51cb394-9a7b-4f45-8ee9-d585a2689394,2025092600889,2,0,14,2025-09-26 08:00,2025-09-26 09:00,78920,大鱼阿,湖南省,长沙市,宁乡市,宁乡瓦子寨（长沙市宁乡市),a51cb394-9a7b-4f45-8ee9-d585a2689394,湖南省,长沙市,,,2025-08-01,2025-12-31,2,serial_id,asc,6,2026-08-12T08:57:23+00:00
84801b69-3e0a-4259-a14b-5cc34282462e,2025092600979,2,0,31,2025-09-26 10:00,2025-09-26 16:00,21833,宝兴歌鸫,湖南省,长沙市,岳麓区,岳麓山国家重点风景名胜区,84801b69-3e0a-4259-a14b-5cc34282462e,湖南省,长沙市,,,2025-08-01,2025-12-31,2,serial_id,asc,6,2026-08-12T08:57:23+00:00
474253ed-f3f7-4706-99bc-7dcd13b37132,2025092700590,2,0,9,2025-09-27 09:00,2025-09-27 10:00,69137,中南林野保捕鸟蛛,湖南省,长沙市,岳麓区,洋湖国家湿地公园,474253ed-f3f7-4706-99bc-7dcd13b37132,湖南省,长沙市,,,2025-08-01,2025-12-31,2,serial_id,asc,6,2026-08-12T08:57:23+00:00
13f10cbc-a53d-41b1-a0b5-bb8e20466ab9,2025092700592,2,0,27,2025-09-27 09:30,2025-09-27 12:07,69150,中南林野保变形虫,湖南省,长沙市,岳麓区,洋湖国家湿地公园,13f10cbc-a53d-41b1-a0b5-bb8e20466ab9,湖南省,长沙市,,,2025-08-01,2025-12-31,2,serial_id,asc,6,2026-08-12T08:57:23+00:00
50a70064-e3a4-460b-9454-50b06cbc8f08,2025092700665,2,0,6,2025-09-27 10:44,2025-09-27 13:00,36381,中南林野保森林狼,湖南省,长沙市,开福区,长沙烈士公园,50a70064-e3a4-460b-9454-50b06cbc8f08,湖南省,长沙市,,,2025-08-01,2025-12-31,2,serial_id,asc,6,2026-08-12T08:57:23+00:00
7718886b-be35-4fcf-b90b-2f9db9918c4a,2025092700726,2,0,13,2025-09-23 09:00,2025-09-23 11:00,69171,中南林野保蓝喉蜂虎,湖南省,长沙市,岳麓区,洋湖湿地公园,7718886b-be35-4fcf-b90b-2f9db9918c4a,湖南省,长沙市,,,2025-08-01,2025-12-31,2,serial_id,asc,6,2026-08-12T08:57:23+00:00
b45098c7-2b58-4125-b014-a94d2fbd4e84,2025092700768,2,0,8,2025-09-26 20:29,2025-09-26 22:37,56948,红糖Iris,湖南省,长沙市,望城区,沙河大桥,b45098c7-2b58-4125-b014-a94d2fbd4e84,湖南省,长沙市,,,2025-08-01,2025-12-31,2,serial_id,asc,6,2026-08-12T08:57:23+00:00
0128f6b0-099b-456b-9dba-6851bd08b944,2025092700780,2,0,16,2025-09-27 12:45,2025-09-27 17:45,36545,晚舟,湖南省,长沙市,望城区,麻潭山滴翠峰,0128f6b0-099b-456b-9dba-6851bd08b944,湖南省,长沙市,,,2025-08-01,2025-12-31,2,serial_id,asc,6,2026-08-12T08:57:23+00:00
de8300d7-141c-4a82-92cf-067c9a0f7841,2025092700943,2,0,29,2025-09-27 10:15,2025-09-27 15:15,21833,宝兴歌鸫,湖南省,长沙市,望城区,月亮岛,de8300d7-141c-4a82-92cf-067c9a0f7841,湖南省,长沙市,,,2025-08-01,2025-12-31,2,serial_id,asc,6,2026-08-12T08:57:23+00:00
99294228-2d64-4de6-9b8a-6937e26e3a66,2025092701083,2,0,10,2025-09-27 13:50,2025-09-27 16:30,54274,嘎儿,湖南省,长沙市,岳麓区,岳麓山国家重点风景名胜区,99294228-2d64-4de6-9b8a-6937e26e3a66,湖南省,长沙市,,,2025-08-01,2025-12-31,2,serial_id,asc,6,2026-08-12T08:57:23+00:00
e836a838-5f19-477e-820e-c23af37419fe,2025092701091,2,0,9,2025-09-27 09:00,2025-09-27 10:00,69129,中南林野保毛虫,湖南省,长沙市,岳麓区,洋湖国家湿地公园,e836a838-5f19-477e-820e-c23af37419fe,湖南省,长沙市,,,2025-08-01,2025-12-31,2,serial_id,asc,6,2026-08-12T08:57:23+00:00
b42e94d3-165d-412e-8d9b-5924479c6934,2025092701327,2,0,9,2025-09-27 09:00,2025-09-27 10:00,69133,中南林野保红尾水鸲,湖南省,长沙市,岳麓区,洋湖国家湿地公园,b42e94d3-165d-412e-8d9b-5924479c6934,湖南省,长沙市,,,2025-08-01,2025-12-31,2,serial_id,asc,6,2026-08-12T08:57:23+00:00
a40470df-04d5-48d1-89e5-5a3dc7168837,2025092701366,2,0,18,2025-09-27 11:53,2025-09-27 13:53,36975,windflowerjulia,湖南省,长沙市,望城区,沙河大桥,a40470df-04d5-48d1-89e5-5a3dc7168837,湖南省,长沙市,,,2025-08-01,2025-12-31,2,serial_id,asc,6,2026-08-12T08:57:23+00:00
faac2e96-4ed5-41e5-bc45-9fd6539709ea,2025092701406,2,0,9,2025-09-27 09:00,2025-09-27 10:00,69171,中南林野保蓝喉蜂虎,湖南省,长沙市,岳麓区,洋湖国家湿地公园,faac2e96-4ed5-41e5-bc45-9fd6539709ea,湖南省,长沙市,,,2025-08-01,2025-12-31,2,serial_id,asc,6,2026-08-12T08:57:23+00:00
ec335ad4-98cd-44c8-a78d-bbe48673c459,2025092701428,2,0,26,2025-09-27 08:00,2025-09-27 09:00,78920,大鱼阿,湖南省,长沙市,宁乡市,沩山乡,ec335ad4-98cd-44c8-a78d-bbe48673c459,湖南省,长沙市,,,2025-08-01,2025-12-31,2,serial_id,asc,6,2026-08-12T08:57:23+00:00
3c662ea2-4fd7-4d77-ab67-88264eb73934,2025092701514,2,0,6,2025-09-27 20:00,2025-09-27 21:00,76989,金樽清酒,湖南省,长沙市,望城区,麻潭山滴翠峰,3c662ea2-4fd7-4d77-ab67-88264eb73934,湖南省,长沙市,,,2025-08-01,2025-12-31,2,serial_id,asc,6,2026-08-12T08:57:23+00:00
95cdda27-e2c9-444e-97d3-a6f5be04214f,2025092800079,2,0,13,2025-09-27 12:30,2025-09-27 17:00,13498,寿带,湖南省,长沙市,岳麓区,岳麓山风景名胜区,95cdda27-e2c9-444e-97d3-a6f5be04214f,湖南省,长沙市,,,2025-08-01,2025-12-31,2,serial_id,asc,6,2026-08-12T08:57:23+00:00
398db602-cce9-437c-b782-ee0efa87a010,2025092800234,2,0,22,2025-09-27 09:00,2025-09-27 12:00,69168,中南林野保洄游,湖南省,长沙市,岳麓区,洋湖国家湿地公园,398db602-cce9-437c-b782-ee0efa87a010,湖南省,长沙市,,,2025-08-01,2025-12-31,2,serial_id,asc,6,2026-08-12T08:57:23+00:00
e36f60e1-8291-4bec-bc09-9a3a1b194b36,2025092800236,2,0,15,2025-09-28 09:00,2025-09-28 10:00,78920,大鱼阿,湖南省,长沙市,宁乡市,宁乡市黄材镇堤上,e36f60e1-8291-4bec-bc09-9a3a1b194b36,湖南省,长沙市,,,2025-08-01,2025-12-31,2,serial_id,asc,6,2026-08-12T08:57:23+00:00
4f21795e-0fe3-4c89-8c20-b1652a7fed9e,2025092800238,2,0,17,2025-09-24 07:00,2025-09-24 08:00,78920,大鱼阿,湖南省,长沙市,宁乡市,石梅村,4f21795e-0fe3-4c89-8c20-b1652a7fed9e,湖南省,长沙市,,,2025-08-01,2025-12-31,2,serial_id,asc,6,2026-08-12T08:57:23+00:00
ae1a458d-ad23-49a8-bc44-47ae0ebebbf1,2025092800240,2,0,3,2025-09-27 18:00,2025-09-27 18:45,69168,中南林野保洄游,湖南省,长沙市,芙蓉区,湖南烈士公园,ae1a458d-ad23-49a8-bc44-47ae0ebebbf1,湖南省,长沙市,,,2025-08-01,2025-12-31,2,serial_id,asc,6,2026-08-12T08:57:23+00:00
f9f6c720-bbaf-4a02-96b2-e8fcb89ab01c,2025092800390,2,0,8,2025-09-28 11:00,2025-09-28 12:00,38120,wanamaker,湖南省,长沙市,岳麓区,岳麓山国家重点风景名胜区,f9f6c720-bbaf-4a02-96b2-e8fcb89ab01c,湖南省,长沙市,,,2025-08-01,2025-12-31,2,serial_id,asc,6,2026-08-12T08:57:23+00:00
9aac1870-4bf0-4214-b8e0-ab4e4bc6fbc7,2025092800477,2,0,7,2025-09-28 12:00,2025-09-28 13:00,68114,北美雕鸮,湖南省,长沙市,岳麓区,岳麓山国家重点风景名胜区-一洞天,9aac1870-4bf0-4214-b8e0-ab4e4bc6fbc7,湖南省,长沙市,,,2025-08-01,2025-12-31,2,serial_id,asc,6,2026-08-12T08:57:23+00:00
16119e97-4e02-44a2-b92f-102afbca7a9e,2025092800677,2,0,2,2025-09-28 16:00,2025-09-28 17:00,8153,独来独往,湖南省,长沙市,岳麓区,橘子洲景区,16119e97-4e02-44a2-b92f-102afbca7a9e,湖南省,长沙市,,,2025-08-01,2025-12-31,2,serial_id,asc,6,2026-08-12T08:57:23+00:00
aa644c49-40a9-4cdc-8c9d-a16903d33ec0,2025092800844,2,0,8,2025-09-28 12:00,2025-09-28 13:00,78920,大鱼阿,湖南省,长沙市,宁乡市,宁乡市博兵寨露营基地,aa644c49-40a9-4cdc-8c9d-a16903d33ec0,湖南省,长沙市,,,2025-08-01,2025-12-31,2,serial_id,asc,6,2026-08-12T08:57:23+00:00
00835592-07ab-4018-a50f-825d063eff5f,2025092800852,2,0,8,2025-09-28 14:00,2025-09-28 16:00,54274,嘎儿,湖南省,长沙市,岳麓区,岳麓山风景名胜区-一洞天,00835592-07ab-4018-a50f-825d063eff5f,湖南省,长沙市,,,2025-08-01,2025-12-31,2,serial_id,asc,6,2026-08-12T08:57:23+00:00
401f4912-8dbc-452e-af1d-515551ebf7ff,2025092801037,2,0,4,2025-09-28 20:00,2025-09-28 21:00,76989,金樽清酒,湖南省,长沙市,望城区,沙河大桥,401f4912-8dbc-452e-af1d-515551ebf7ff,湖南省,长沙市,,,2025-08-01,2025-12-31,2,serial_id,asc,6,2026-08-12T08:57:23+00:00
2c68bc4e-4ea2-4389-a2d9-66618d2a96e3,2025092801121,2,0,20,2025-09-26 15:00,2025-09-26 16:00,35030,saint,湖南省,长沙市,长沙县,长沙县春华镇西脚岭,2c68bc4e-4ea2-4389-a2d9-66618d2a96e3,湖南省,长沙市,,,2025-08-01,2025-12-31,2,serial_id,asc,6,2026-08-12T08:57:23+00:00
746a1de7-3a12-4e7e-b4a0-d61253dc0df4,2025092900589,2,0,7,2025-09-27 15:30,2025-09-29 17:00,80369,belle君,湖南省,长沙市,长沙县,天华山,746a1de7-3a12-4e7e-b4a0-d61253dc0df4,湖南省,长沙市,,,2025-08-01,2025-12-31,2,serial_id,asc,6,2026-08-12T08:57:23+00:00
c88744bd-f4d3-42d5-95e7-fecc9b4bc5c6,2025092900799,2,0,9,2025-09-28 12:14,2025-09-28 14:40,80369,belle君,湖南省,长沙市,望城区,麻潭山滴翠峰,c88744bd-f4d3-42d5-95e7-fecc9b4bc5c6,湖南省,长沙市,,,2025-08-01,2025-12-31,2,serial_id,asc,6,2026-08-12T08:57:23+00:00
f3d2fe1f-f8ca-4ea8-804f-c69de2a85f92,2025093000008,2,0,9,2025-09-29 14:00,2025-09-29 17:00,59583,dai,湖南省,长沙市,开福区,烈士公园,f3d2fe1f-f8ca-4ea8-804f-c69de2a85f92,湖南省,长沙市,,,2025-08-01,2025-12-31,2,serial_id,asc,6,2026-08-12T08:57:23+00:00
fc592af0-f473-41f3-a007-bc9329e915f2,2025093000393,2,0,14,2025-09-30 13:00,2025-09-30 14:00,76989,金樽清酒,湖南省,长沙市,宁乡市,冠源·爱琴湾,fc592af0-f473-41f3-a007-bc9329e915f2,湖南省,长沙市,,,2025-08-01,2025-12-31,2,serial_id,asc,6,2026-08-12T08:57:23+00:00
bd372129-168b-4020-9ef4-6c5de6dd1c3d,2025093000434,2,0,17,2025-09-30 13:00,2025-09-30 14:00,25634,葱歌,湖南省,长沙市,望城区,滴翠峰,bd372129-168b-4020-9ef4-6c5de6dd1c3d,湖南省,长沙市,,,2025-08-01,2025-12-31,2,serial_id,asc,6,2026-08-12T08:57:23+00:00
d65d28e5-c1ed-455b-a032-d1d6de124769,2025093000555,2,0,9,2025-09-30 13:05,2025-09-30 15:40,54274,嘎儿,湖南省,长沙市,岳麓区,岳麓山风景名胜区,d65d28e5-c1ed-455b-a032-d1d6de124769,湖南省,长沙市,,,2025-08-01,2025-12-31,2,serial_id,asc,6,2026-08-12T08:57:23+00:00
adef8114-60da-4926-bc20-e7b273585391,2025093000580,2,0,9,2025-09-30 16:00,2025-09-30 17:00,36488,无缺,湖南省,长沙市,望城区,麻潭山滴翠峰,adef8114-60da-4926-bc20-e7b273585391,湖南省,长沙市,,,2025-08-01,2025-12-31,2,serial_id,asc,6,2026-08-12T08:57:23+00:00
b000be84-784f-42cf-b229-3b05497093ea,2025093000661,2,0,6,2025-09-29 16:00,2025-09-29 17:00,78920,大鱼阿,湖南省,长沙市,宁乡市,宁乡市博兵寨露营基地,b000be84-784f-42cf-b229-3b05497093ea,湖南省,长沙市,,,2025-08-01,2025-12-31,2,serial_id,asc,6,2026-08-12T08:57:23+00:00
57d4af8e-b746-4c2b-aab4-8fea67876bac,2025093000667,2,0,7,2025-09-30 17:00,2025-09-30 18:00,76989,金樽清酒,湖南省,长沙市,宁乡市,宁乡玉潭公园,57d4af8e-b746-4c2b-aab4-8fea67876bac,湖南省,长沙市,,,2025-08-01,2025-12-31,2,serial_id,asc,6,2026-08-12T08:57:23+00:00
db70b10c-7faf-4019-ad04-dde445d4798a,2025093000783,2,0,10,2025-09-30 16:22,2025-09-30 18:00,87527,祁Ell,湖南省,长沙市,开福区,捞刀河滨水市民公园,db70b10c-7faf-4019-ad04-dde445d4798a,湖南省,长沙市,,,2025-08-01,2025-12-31,2,serial_id,asc,6,2026-08-12T08:57:23+00:00
ce7a17c7-0728-4a2b-aa75-00c06f101d77,2025093000935,2,0,3,2025-09-30 17:05,2025-09-30 17:29,24050,小小雨,湖南省,长沙市,岳麓区,长沙市岳麓区阳光壹佰国际新城,ce7a17c7-0728-4a2b-aa75-00c06f101d77,湖南省,长沙市,,,2025-08-01,2025-12-31,2,serial_id,asc,6,2026-08-12T08:57:23+00:00
6e796030-ad88-41c3-878e-a3983a56859d,2025093001052,2,0,9,2025-09-30 17:30,2025-09-30 18:30,39345,AUGabriel,湖南省,长沙市,开福区,青竹湖森林公园,6e796030-ad88-41c3-878e-a3983a56859d,湖南省,长沙市,,,2025-08-01,2025-12-31,2,serial_id,asc,6,2026-08-12T08:57:23+00:00
7212bcd3-e78d-464e-9725-ec8054bb26f9,2025100100035,2,0,7,2025-09-30 16:19,2025-09-30 17:30,8606,Leaf,湖南省,长沙市,雨花区,雨花区新盛·珑璟台(圭塘路西),7212bcd3-e78d-464e-9725-ec8054bb26f9,湖南省,长沙市,,,2025-08-01,2025-12-31,2,serial_id,asc,6,2026-08-12T08:57:23+00:00
2b588612-52d2-4f1c-83fc-8325b3dff1aa,2025100100173,2,0,4,2025-10-01 08:00,2025-10-01 09:00,77127,叽叽喳喳小鸫西,湖南省,长沙市,望城区,赵家弯,2b588612-52d2-4f1c-83fc-8325b3dff1aa,湖南省,长沙市,,,2025-08-01,2025-12-31,2,serial_id,asc,6,2026-08-12T08:57:23+00:00
a8616877-df46-47f7-8066-134e55c57a9b,2025100100300,2,0,10,2025-10-01 09:00,2025-10-01 10:00,20022,fly肖,湖南省,长沙市,宁乡市,凤形山完全小学,a8616877-df46-47f7-8066-134e55c57a9b,湖南省,长沙市,,,2025-08-01,2025-12-31,2,serial_id,asc,6,2026-08-12T08:57:23+00:00
d1438e05-d30a-4c46-8f38-1083c77ded5c,2025100100327,2,0,2,2025-09-07 08:00,2025-09-07 09:00,77127,叽叽喳喳小鸫西,湖南省,长沙市,望城区,麻潭山滴翠峰,d1438e05-d30a-4c46-8f38-1083c77ded5c,湖南省,长沙市,,,2025-08-01,2025-12-31,2,serial_id,asc,6,2026-08-12T08:57:23+00:00
d27b7f11-32a3-4465-8d3d-5ba491931269,2025100100328,2,0,7,2025-10-01 10:20,2025-10-01 11:00,77127,叽叽喳喳小鸫西,湖南省,长沙市,望城区,麻潭山滴翠峰,d27b7f11-32a3-4465-8d3d-5ba491931269,湖南省,长沙市,,,2025-08-01,2025-12-31,2,serial_id,asc,7,2026-08-12T08:57:26+00:00
4859173e-5f4f-4f77-a853-3551ff7bb2b1,2025100100408,2,0,18,2025-10-01 11:00,2025-10-01 12:00,25634,葱歌,湖南省,长沙市,望城区,麻潭山滴翠峰,4859173e-5f4f-4f77-a853-3551ff7bb2b1,湖南省,长沙市,,,2025-08-01,2025-12-31,2,serial_id,asc,7,2026-08-12T08:57:26+00:00
8ade18bb-a5ca-44b2-934f-44ab438241b4,2025100100437,2,0,15,2025-09-30 12:10,2025-09-30 17:30,13498,寿带,湖南省,长沙市,岳麓区,岳麓山风景名胜区,8ade18bb-a5ca-44b2-934f-44ab438241b4,湖南省,长沙市,,,2025-08-01,2025-12-31,2,serial_id,asc,7,2026-08-12T08:57:26+00:00
2be1f38e-8804-4c0e-ae18-42cacd2fb104,2025100100656,2,0,3,2025-10-01 08:16,2025-10-01 10:47,79800,hahahahhahahah,湖南省,长沙市,岳麓区,岳麓山国家重点风景名胜区-一洞天,2be1f38e-8804-4c0e-ae18-42cacd2fb104,湖南省,长沙市,,,2025-08-01,2025-12-31,2,serial_id,asc,7,2026-08-12T08:57:26+00:00
b3dd6c5c-0ac2-4b2a-b575-1fc0dd82c900,2025100100707,2,0,14,2025-10-01 07:23,2025-10-01 09:12,87527,祁Ell,湖南省,长沙市,望城区,鸭棚洲(长沙市望城区),b3dd6c5c-0ac2-4b2a-b575-1fc0dd82c900,湖南省,长沙市,,,2025-08-01,2025-12-31,2,serial_id,asc,7,2026-08-12T08:57:26+00:00
0f29ea81-b78e-4114-8144-857223cc4427,2025100100900,2,0,16,2025-10-01 09:36,2025-10-01 10:55,87527,祁Ell,湖南省,长沙市,望城区,望城区丁字湾街道赵家弯,0f29ea81-b78e-4114-8144-857223cc4427,湖南省,长沙市,,,2025-08-01,2025-12-31,2,serial_id,asc,7,2026-08-12T08:57:26+00:00
20cea7ef-132f-4343-a596-4c96a714141f,2025100100940,2,0,9,2025-09-28 10:18,2025-09-28 15:18,20342,颂庄,湖南省,长沙市,岳麓区,岳麓山风景名胜区,20cea7ef-132f-4343-a596-4c96a714141f,湖南省,长沙市,,,2025-08-01,2025-12-31,2,serial_id,asc,7,2026-08-12T08:57:26+00:00
85806376-a56b-4a4f-ba24-8855a88e700f,2025100100942,2,0,5,2025-10-01 10:21,2025-10-01 16:00,20342,颂庄,湖南省,长沙市,岳麓区,江山帝景(长沙市岳麓区),85806376-a56b-4a4f-ba24-8855a88e700f,湖南省,长沙市,,,2025-08-01,2025-12-31,2,serial_id,asc,7,2026-08-12T08:57:26+00:00
5c298d66-706d-44a4-bb32-190ee46f64f7,2025100101109,2,0,4,2025-10-01 16:00,2025-10-01 17:00,39329,qingyise,湖南省,长沙市,天心区,橘子洲公园,5c298d66-706d-44a4-bb32-190ee46f64f7,湖南省,长沙市,,,2025-08-01,2025-12-31,2,serial_id,asc,7,2026-08-12T08:57:26+00:00
4b4c8be3-8e4c-44dc-88bd-a5bd113446ba,2025100101599,2,0,13,2025-10-01 20:00,2025-10-01 21:00,81786,橘子233,湖南省,长沙市,岳麓区,西湖公园,4b4c8be3-8e4c-44dc-88bd-a5bd113446ba,湖南省,长沙市,,,2025-08-01,2025-12-31,2,serial_id,asc,7,2026-08-12T08:57:26+00:00
c1aa9c03-e0f8-4e03-86b1-fdd245121798,2025100101611,2,0,3,2025-09-16 10:00,2025-09-16 21:00,81786,橘子233,湖南省,长沙市,岳麓区,洋湖湿地公园,c1aa9c03-e0f8-4e03-86b1-fdd245121798,湖南省,长沙市,,,2025-08-01,2025-12-31,2,serial_id,asc,7,2026-08-12T08:57:26+00:00
d97d7293-e93b-4c3e-a4ec-9fc3c83e7307,2025100101656,2,0,28,2025-10-01 07:40,2025-10-01 11:00,21481,黑狼图腾,湖南省,长沙市,岳麓区,洋湖国家湿地公园,d97d7293-e93b-4c3e-a4ec-9fc3c83e7307,湖南省,长沙市,,,2025-08-01,2025-12-31,2,serial_id,asc,7,2026-08-12T08:57:26+00:00
9d700f26-437c-49da-8a41-5c2b46f99b1c,2025100101660,2,0,15,2025-10-01 09:00,2025-10-01 12:11,20022,fly肖,湖南省,长沙市,宁乡市,宁乡玉潭公园,9d700f26-437c-49da-8a41-5c2b46f99b1c,湖南省,长沙市,,,2025-08-01,2025-12-31,2,serial_id,asc,7,2026-08-12T08:57:26+00:00
22d19326-cc3f-4f80-8e62-4beed307aa84,2025100200070,2,0,11,2025-10-01 09:02,2025-10-01 15:02,34281,wzf666,湖南省,长沙市,望城区,麻潭山滴翠峰,22d19326-cc3f-4f80-8e62-4beed307aa84,湖南省,长沙市,,,2025-08-01,2025-12-31,2,serial_id,asc,7,2026-08-12T08:57:26+00:00
7e87c942-b204-4fe4-ae3c-68953686251e,2025100200081,2,0,12,2025-10-02 06:00,2025-10-02 07:00,39329,qingyise,湖南省,长沙市,岳麓区,岳麓山国家重点风景名胜区(登高路58号),7e87c942-b204-4fe4-ae3c-68953686251e,湖南省,长沙市,,,2025-08-01,2025-12-31,2,serial_id,asc,7,2026-08-12T08:57:26+00:00
9f4c02bb-2cba-41ea-80e4-23f5a9106848,2025100200283,2,0,6,2025-10-02 07:20,2025-10-02 09:20,24050,小小雨,湖南省,长沙市,岳麓区,长沙市岳麓区阳光壹佰国际新城,9f4c02bb-2cba-41ea-80e4-23f5a9106848,湖南省,长沙市,,,2025-08-01,2025-12-31,2,serial_id,asc,7,2026-08-12T08:57:26+00:00
3ab455de-2001-4f6b-9c3d-124248eaeef0,2025100200351,2,0,4,2025-10-02 10:00,2025-10-02 11:00,69137,中南林野保捕鸟蛛,湖南省,长沙市,岳麓区,洋湖国家湿地公园,3ab455de-2001-4f6b-9c3d-124248eaeef0,湖南省,长沙市,,,2025-08-01,2025-12-31,2,serial_id,asc,7,2026-08-12T08:57:26+00:00
35b0dc17-4e62-43f6-8168-0d0ec816036c,2025100200773,2,0,7,2025-10-02 12:00,2025-10-02 13:00,34281,wzf666,湖南省,长沙市,望城区,望城区丁字湾街道赵家弯,35b0dc17-4e62-43f6-8168-0d0ec816036c,湖南省,长沙市,,,2025-08-01,2025-12-31,2,serial_id,asc,7,2026-08-12T08:57:26+00:00
7b0d2522-1e23-4ebd-9562-e49e83968c31,2025100200882,2,0,17,2025-10-02 06:52,2025-10-02 10:50,87527,祁Ell,湖南省,长沙市,岳麓区,岳麓山风景名胜区,7b0d2522-1e23-4ebd-9562-e49e83968c31,湖南省,长沙市,,,2025-08-01,2025-12-31,2,serial_id,asc,7,2026-08-12T08:57:26+00:00
d5d8f9ab-168b-4fd9-80fa-cde0864d1098,2025100200892,2,0,10,2025-10-02 13:00,2025-10-02 14:00,76989,金樽清酒,湖南省,长沙市,宁乡市,宁乡香山国家森林公园,d5d8f9ab-168b-4fd9-80fa-cde0864d1098,湖南省,长沙市,,,2025-08-01,2025-12-31,2,serial_id,asc,7,2026-08-12T08:57:26+00:00
586a0fd6-4683-4500-bdf3-60a16b77912f,2025100201205,2,0,2,2025-08-02 16:00,2025-08-05 17:00,54824,Yy,湖南省,长沙市,开福区,圣爵菲斯大酒店-琴庐,586a0fd6-4683-4500-bdf3-60a16b77912f,湖南省,长沙市,,,2025-08-01,2025-12-31,2,serial_id,asc,7,2026-08-12T08:57:26+00:00
a449d4d8-6a44-4b67-96a0-48b9aee9ef24,2025100201406,2,0,3,2025-10-02 17:00,2025-10-02 18:00,36488,无缺,湖南省,长沙市,岳麓区,岳麓山风景名胜区,a449d4d8-6a44-4b67-96a0-48b9aee9ef24,湖南省,长沙市,,,2025-08-01,2025-12-31,2,serial_id,asc,7,2026-08-12T08:57:26+00:00
0dbffb27-a1f1-4ae7-916e-532dcd96a559,2025100300409,2,0,20,2025-10-02 10:00,2025-10-02 11:00,35030,saint,湖南省,长沙市,望城区,滴翠峰,0dbffb27-a1f1-4ae7-916e-532dcd96a559,湖南省,长沙市,,,2025-08-01,2025-12-31,2,serial_id,asc,7,2026-08-12T08:57:26+00:00
712a246c-2b07-4817-bb4e-8ee0fb04d8de,2025100300416,2,0,8,2025-10-03 09:00,2025-10-03 10:00,45126,sunnyfoam,湖南省,长沙市,芙蓉区,长沙蓉园宾馆,712a246c-2b07-4817-bb4e-8ee0fb04d8de,湖南省,长沙市,,,2025-08-01,2025-12-31,2,serial_id,asc,7,2026-08-12T08:57:26+00:00
30688ccd-03d0-4ce6-82b9-86f9f1212534,2025100300685,2,0,17,2025-10-03 11:00,2025-10-03 12:00,25634,葱歌,湖南省,长沙市,望城区,滴翠峰,30688ccd-03d0-4ce6-82b9-86f9f1212534,湖南省,长沙市,,,2025-08-01,2025-12-31,2,serial_id,asc,7,2026-08-12T08:57:26+00:00
1ddbbaca-cae3-45e4-821a-45d207b7d990,2025100300692,2,0,5,2025-10-03 09:06,2025-10-03 11:06,73231,DrLamett,湖南省,长沙市,雨花区,侯家塘,1ddbbaca-cae3-45e4-821a-45d207b7d990,湖南省,长沙市,,,2025-08-01,2025-12-31,2,serial_id,asc,7,2026-08-12T08:57:26+00:00
9d87276e-fb45-4c60-97a0-470425c21731,2025100301064,2,0,14,2025-10-03 13:00,2025-10-03 14:00,36488,无缺,湖南省,长沙市,望城区,麻潭山滴翠峰,9d87276e-fb45-4c60-97a0-470425c21731,湖南省,长沙市,,,2025-08-01,2025-12-31,2,serial_id,asc,7,2026-08-12T08:57:26+00:00
e14a7a0c-7806-4f6b-81a0-68366116f31e,2025100301209,2,0,10,2025-10-03 15:00,2025-10-03 16:00,22675,dxjecho,湖南省,长沙市,岳麓区,谷山猛禽观测点2⃣️号,e14a7a0c-7806-4f6b-81a0-68366116f31e,湖南省,长沙市,,,2025-08-01,2025-12-31,2,serial_id,asc,7,2026-08-12T08:57:26+00:00
3265c8de-d640-441d-8a8f-902200872f5b,2025100301251,2,0,12,2025-10-03 12:39,2025-10-03 16:00,34281,wzf666,湖南省,长沙市,望城区,麻潭山滴翠峰,3265c8de-d640-441d-8a8f-902200872f5b,湖南省,长沙市,,,2025-08-01,2025-12-31,2,serial_id,asc,7,2026-08-12T08:57:26+00:00
3921abcb-4ac5-434b-a019-85416e93aa53,2025100301428,2,0,14,2025-10-03 16:00,2025-10-03 17:00,54666,abaabaaba,湖南省,长沙市,浏阳市,龙伏镇,3921abcb-4ac5-434b-a019-85416e93aa53,湖南省,长沙市,,,2025-08-01,2025-12-31,2,serial_id,asc,7,2026-08-12T08:57:26+00:00
d994c5f5-6c2b-4688-a07f-16e6fabdc863,2025100301458,2,0,3,2025-09-28 13:00,2025-09-28 14:00,79171,何羽璇,湖南省,长沙市,长沙县,湖南松雅湖国家湿地公园,d994c5f5-6c2b-4688-a07f-16e6fabdc863,湖南省,长沙市,,,2025-08-01,2025-12-31,2,serial_id,asc,7,2026-08-12T08:57:26+00:00
8dc4a361-18a7-4946-9a7e-796b8bff5eab,2025100301658,2,0,21,2025-10-03 11:00,2025-10-03 12:00,78920,大鱼阿,湖南省,长沙市,宁乡市,宁乡香山国家森林公园,8dc4a361-18a7-4946-9a7e-796b8bff5eab,湖南省,长沙市,,,2025-08-01,2025-12-31,2,serial_id,asc,7,2026-08-12T08:57:26+00:00
c9639c1a-d863-4f83-bd94-c00b5b0859e4,2025100301727,2,0,9,2025-10-02 10:55,2025-10-02 18:00,54274,嘎儿,湖南省,长沙市,岳麓区,岳麓山国家重点风景名胜区,c9639c1a-d863-4f83-bd94-c00b5b0859e4,湖南省,长沙市,,,2025-08-01,2025-12-31,2,serial_id,asc,7,2026-08-12T08:57:26+00:00
e2e965f5-ecf8-4a53-9b91-7ea82795a677,2025100301929,2,0,8,2025-10-03 19:00,2025-10-03 20:00,72902,阳彩臂金龟,湖南省,长沙市,开福区,湖南长沙捞刀河,e2e965f5-ecf8-4a53-9b91-7ea82795a677,湖南省,长沙市,,,2025-08-01,2025-12-31,2,serial_id,asc,7,2026-08-12T08:57:26+00:00
648de9e6-3e52-4034-9192-6da3fe9df205,2025100400166,2,0,10,2025-10-04 07:00,2025-10-04 08:00,11886,kentluo,湖南省,长沙市,开福区,烈士公园,648de9e6-3e52-4034-9192-6da3fe9df205,湖南省,长沙市,,,2025-08-01,2025-12-31,2,serial_id,asc,7,2026-08-12T08:57:26+00:00
d32f1926-4b64-4333-b35c-706c8d0f7be3,2025100400191,2,0,19,2025-10-02 07:00,2025-10-02 10:55,20022,fly肖,湖南省,长沙市,宁乡市,宁乡玉潭公园,d32f1926-4b64-4333-b35c-706c8d0f7be3,湖南省,长沙市,,,2025-08-01,2025-12-31,2,serial_id,asc,7,2026-08-12T08:57:26+00:00
468284bb-f47a-4295-bf98-bbed173307db,2025100400340,2,0,18,2025-10-04 09:00,2025-10-04 10:00,36488,无缺,湖南省,长沙市,望城区,望城区丁字湾街道曹家湾,468284bb-f47a-4295-bf98-bbed173307db,湖南省,长沙市,,,2025-08-01,2025-12-31,2,serial_id,asc,7,2026-08-12T08:57:26+00:00
a91f8b0a-1368-48b5-ac98-30276c1c6808,2025100400799,2,0,1,2025-10-04 11:00,2025-10-04 12:00,40892,映霜,湖南省,长沙市,雨花区,歇马亭社区公园,a91f8b0a-1368-48b5-ac98-30276c1c6808,湖南省,长沙市,,,2025-08-01,2025-12-31,2,serial_id,asc,7,2026-08-12T08:57:26+00:00
2faabda1-6c0f-4054-b93c-addbb59ae313,2025100400877,2,0,2,2025-10-04 12:00,2025-10-04 13:00,2714,绿瑾,湖南省,长沙市,岳麓区,岳麓山风景名胜区,2faabda1-6c0f-4054-b93c-addbb59ae313,湖南省,长沙市,,,2025-08-01,2025-12-31,2,serial_id,asc,7,2026-08-12T08:57:26+00:00
0963a322-574a-40c9-a8e5-c40d7f478a45,2025100401188,2,0,3,2025-10-04 10:00,2025-10-04 11:00,53898,阿槑amei,湖南省,长沙市,长沙县,影珠山,0963a322-574a-40c9-a8e5-c40d7f478a45,湖南省,长沙市,,,2025-08-01,2025-12-31,2,serial_id,asc,7,2026-08-12T08:57:26+00:00
833fb227-446b-4431-955f-33909536695c,2025100401325,2,0,7,2025-10-04 15:00,2025-10-04 16:00,36488,无缺,湖南省,长沙市,望城区,麻潭山滴翠峰,833fb227-446b-4431-955f-33909536695c,湖南省,长沙市,,,2025-08-01,2025-12-31,2,serial_id,asc,7,2026-08-12T08:57:26+00:00
96a391ed-7e39-433c-bf1c-fa6e804a31ba,2025100401558,2,0,15,2025-10-04 16:00,2025-10-04 17:00,25634,葱歌,湖南省,长沙市,望城区,麻潭山滴翠峰,96a391ed-7e39-433c-bf1c-fa6e804a31ba,湖南省,长沙市,,,2025-08-01,2025-12-31,2,serial_id,asc,7,2026-08-12T08:57:26+00:00
e026e904-47f6-462a-8876-9c25b03aa296,2025100401675,2,0,14,2025-10-04 17:00,2025-10-04 18:00,59583,dai,湖南省,长沙市,长沙县,湖南松雅湖国家湿地公园,e026e904-47f6-462a-8876-9c25b03aa296,湖南省,长沙市,,,2025-08-01,2025-12-31,2,serial_id,asc,7,2026-08-12T08:57:26+00:00
47f0b115-abc5-4d7f-9f38-0bfd8ccc6474,2025100402390,2,0,12,2025-10-04 08:00,2025-10-04 09:00,78920,大鱼阿,湖南省,长沙市,宁乡市,宁乡市回龙铺镇白沙洲,47f0b115-abc5-4d7f-9f38-0bfd8ccc6474,湖南省,长沙市,,,2025-08-01,2025-12-31,2,serial_id,asc,7,2026-08-12T08:57:26+00:00
07cf3c53-13fa-4d68-a1a0-369cba30b624,2025100402519,2,0,9,2025-10-04 11:30,2025-10-04 15:30,75718,goodfoodtoeat,湖南省,长沙市,长沙县,湖南松雅湖国家湿地公园,07cf3c53-13fa-4d68-a1a0-369cba30b624,湖南省,长沙市,,,2025-08-01,2025-12-31,2,serial_id,asc,7,2026-08-12T08:57:26+00:00
35b77a24-9cff-433d-8357-e48b930c4633,2025100402523,2,0,19,2025-10-04 14:30,2025-10-04 15:00,34471,HyperChou,湖南省,长沙市,岳麓区,洋湖国家湿地公园,35b77a24-9cff-433d-8357-e48b930c4633,湖南省,长沙市,,,2025-08-01,2025-12-31,2,serial_id,asc,7,2026-08-12T08:57:26+00:00
0fd2749a-af52-4556-a6cb-127695b174eb,2025100402526,2,0,29,2025-10-04 15:50,2025-10-04 17:20,34471,HyperChou,湖南省,长沙市,望城区,赵家弯,0fd2749a-af52-4556-a6cb-127695b174eb,湖南省,长沙市,,,2025-08-01,2025-12-31,2,serial_id,asc,7,2026-08-12T08:57:26+00:00
b1ba94da-5b22-4d77-9801-d6d154fb784f,2025100402527,2,0,21,2025-10-03 15:00,2025-10-03 17:10,75718,goodfoodtoeat,湖南省,长沙市,岳麓区,西湖公园(长沙市岳麓区G319),b1ba94da-5b22-4d77-9801-d6d154fb784f,湖南省,长沙市,,,2025-08-01,2025-12-31,2,serial_id,asc,7,2026-08-12T08:57:26+00:00
e631a4ce-c630-4b9f-8967-e38ffd07fc90,2025100500012,2,0,4,2025-10-04 08:30,2025-10-04 09:30,62943,binwolf,湖南省,长沙市,岳麓区,湘江江滩公园(长沙市岳麓区),e631a4ce-c630-4b9f-8967-e38ffd07fc90,湖南省,长沙市,,,2025-08-01,2025-12-31,2,serial_id,asc,7,2026-08-12T08:57:26+00:00
80b41202-4d2e-4044-96da-42282c31cb0c,2025100500112,2,0,12,2025-10-05 06:00,2025-10-05 07:00,95181,Zinc,湖南省,长沙市,开福区,湘江世纪城,80b41202-4d2e-4044-96da-42282c31cb0c,湖南省,长沙市,,,2025-08-01,2025-12-31,2,serial_id,asc,7,2026-08-12T08:57:26+00:00
50a5bfc9-b526-40cd-9025-e7d41d4f06a7,2025100500148,2,0,10,2025-10-05 07:00,2025-10-05 08:00,11886,kentluo,湖南省,长沙市,天心区,天心公园(天心路西50米),50a5bfc9-b526-40cd-9025-e7d41d4f06a7,湖南省,长沙市,,,2025-08-01,2025-12-31,2,serial_id,asc,8,2026-08-12T08:57:29+00:00
253fe601-5d0b-4d87-9a50-e26b86983fb2,2025100500178,2,0,3,2025-10-05 08:00,2025-10-05 09:00,56667,蜘蛛,湖南省,长沙市,岳麓区,岳麓山,253fe601-5d0b-4d87-9a50-e26b86983fb2,湖南省,长沙市,,,2025-08-01,2025-12-31,2,serial_id,asc,8,2026-08-12T08:57:29+00:00
19eb95df-2993-4637-8162-bf6938833e9b,2025100500833,2,0,25,2025-10-05 12:00,2025-10-05 13:00,93994,赤狼,湖南省,长沙市,宁乡市,宁乡市东湖塘镇燕山村黄荆塘,19eb95df-2993-4637-8162-bf6938833e9b,湖南省,长沙市,,,2025-08-01,2025-12-31,2,serial_id,asc,8,2026-08-12T08:57:29+00:00
c0fa744f-4934-4a72-bf55-39f82530f3f6,2025100500861,2,0,13,2025-10-04 15:10,2025-10-04 17:20,80648,祁云归,湖南省,长沙市,望城区,沙河大桥,c0fa744f-4934-4a72-bf55-39f82530f3f6,湖南省,长沙市,,,2025-08-01,2025-12-31,2,serial_id,asc,8,2026-08-12T08:57:29+00:00
29776122-7e73-4f18-a1f3-5d7237c5fc2d,2025100500953,2,0,8,2025-10-05 13:00,2025-10-05 14:00,36488,无缺,湖南省,长沙市,望城区,麻潭山滴翠峰,29776122-7e73-4f18-a1f3-5d7237c5fc2d,湖南省,长沙市,,,2025-08-01,2025-12-31,2,serial_id,asc,8,2026-08-12T08:57:29+00:00
14e63835-25d0-444f-b7e3-4d64d9efe708,2025100500994,2,0,3,2025-10-05 09:00,2025-10-05 10:00,72902,阳彩臂金龟,湖南省,长沙市,岳麓区,湘江江滩公园,14e63835-25d0-444f-b7e3-4d64d9efe708,湖南省,长沙市,,,2025-08-01,2025-12-31,2,serial_id,asc,8,2026-08-12T08:57:29+00:00
0c3a2105-133a-4b70-bb8a-cdb6cc3d85e1,2025100501027,2,0,1,2025-10-05 02:00,2025-10-05 05:00,41632,不会发光的星,湖南省,长沙市,岳麓区,清风泉,0c3a2105-133a-4b70-bb8a-cdb6cc3d85e1,湖南省,长沙市,,,2025-08-01,2025-12-31,2,serial_id,asc,8,2026-08-12T08:57:29+00:00
7674b86e-950f-482d-ba4b-4c9d8f15067c,2025100501289,2,0,14,2025-10-05 13:00,2025-10-05 17:00,41335,高荣庭,湖南省,长沙市,望城区,麻潭山滴翠峰,7674b86e-950f-482d-ba4b-4c9d8f15067c,湖南省,长沙市,,,2025-08-01,2025-12-31,2,serial_id,asc,8,2026-08-12T08:57:29+00:00
a58d49e8-e21e-4720-aa04-06c9ccfd0188,2025100501372,2,0,19,2025-10-05 13:00,2025-10-05 16:30,34541,昳澄,湖南省,长沙市,岳麓区,岳麓山风景名胜区,a58d49e8-e21e-4720-aa04-06c9ccfd0188,湖南省,长沙市,,,2025-08-01,2025-12-31,2,serial_id,asc,8,2026-08-12T08:57:29+00:00
10994137-2bd0-4dda-96bf-98683e905bcc,2025100502155,2,0,34,2025-10-05 22:00,2025-10-05 23:00,25628,笑看人生,湖南省,长沙市,望城区,沙河大桥,10994137-2bd0-4dda-96bf-98683e905bcc,湖南省,长沙市,,,2025-08-01,2025-12-31,2,serial_id,asc,8,2026-08-12T08:57:29+00:00
a1b7778c-f3ee-4e32-81c7-f31fad2e8ae8,2025100502180,2,0,17,2025-10-05 22:00,2025-10-05 23:00,25628,笑看人生,湖南省,长沙市,岳麓区,谷山猛禽观测点,a1b7778c-f3ee-4e32-81c7-f31fad2e8ae8,湖南省,长沙市,,,2025-08-01,2025-12-31,2,serial_id,asc,8,2026-08-12T08:57:29+00:00
85c967c6-309a-48a4-a16c-a0f1a534857f,2025100502286,2,0,11,2025-10-05 14:45,2025-10-05 17:30,25634,葱歌,湖南省,长沙市,望城区,滴翠峰,85c967c6-309a-48a4-a16c-a0f1a534857f,湖南省,长沙市,,,2025-08-01,2025-12-31,2,serial_id,asc,8,2026-08-12T08:57:29+00:00
ff31324e-7953-48dd-8cba-f78c594abe02,2025100600032,2,0,13,2025-10-05 22:47,2025-10-06 01:29,34541,昳澄,湖南省,长沙市,望城区,望城区丁字湾街道曹家湾,ff31324e-7953-48dd-8cba-f78c594abe02,湖南省,长沙市,,,2025-08-01,2025-12-31,2,serial_id,asc,8,2026-08-12T08:57:29+00:00
ace776ca-7bde-41d6-aef3-61e352e0d2f9,2025100600119,2,0,2,2025-10-05 16:23,2025-10-05 18:23,52486,灵晔,湖南省,长沙市,岳麓区,谷山猛禽观测点,ace776ca-7bde-41d6-aef3-61e352e0d2f9,湖南省,长沙市,,,2025-08-01,2025-12-31,2,serial_id,asc,8,2026-08-12T08:57:29+00:00
26539dd8-6e96-4e14-aa2f-cb9b3b59752d,2025100600121,2,0,1,2025-10-05 16:00,2025-10-05 18:25,76657,毛竹,湖南省,长沙市,岳麓区,谷山猛禽观测点,26539dd8-6e96-4e14-aa2f-cb9b3b59752d,湖南省,长沙市,,,2025-08-01,2025-12-31,2,serial_id,asc,8,2026-08-12T08:57:29+00:00
60ca6884-a9ec-4bbe-a689-73db48b96059,2025100600372,2,0,7,2025-10-06 08:30,2025-10-06 12:00,41335,高荣庭,湖南省,长沙市,望城区,麻潭山滴翠峰,60ca6884-a9ec-4bbe-a689-73db48b96059,湖南省,长沙市,,,2025-08-01,2025-12-31,2,serial_id,asc,8,2026-08-12T08:57:29+00:00
94675a57-83fc-47d1-b5be-19afff4331bb,2025100600572,2,0,16,2025-10-06 09:37,2025-10-06 11:49,34541,昳澄,湖南省,长沙市,开福区,烈士公园,94675a57-83fc-47d1-b5be-19afff4331bb,湖南省,长沙市,,,2025-08-01,2025-12-31,2,serial_id,asc,8,2026-08-12T08:57:29+00:00
d95b4467-d513-4798-8145-61d32c28314c,2025100600691,2,0,3,2025-10-05 14:00,2025-10-05 15:00,53725,bxy,湖南省,长沙市,雨花区,湖南省植物园,d95b4467-d513-4798-8145-61d32c28314c,湖南省,长沙市,,,2025-08-01,2025-12-31,2,serial_id,asc,8,2026-08-12T08:57:29+00:00
a819d098-63b5-479e-890b-f7e16920f588,2025100600969,2,0,8,2025-09-21 14:00,2025-09-21 15:00,54166,szsueyang,湖南省,长沙市,岳麓区,洋湖湿地公园,a819d098-63b5-479e-890b-f7e16920f588,湖南省,长沙市,,,2025-08-01,2025-12-31,2,serial_id,asc,8,2026-08-12T08:57:29+00:00
8ac0d3ec-b724-4266-ae69-41cadb38d968,2025100601209,2,0,5,2025-10-01 17:30,2025-10-01 18:00,41632,不会发光的星,湖南省,长沙市,长沙县,红旗水库,8ac0d3ec-b724-4266-ae69-41cadb38d968,湖南省,长沙市,,,2025-08-01,2025-12-31,2,serial_id,asc,8,2026-08-12T08:57:29+00:00
af2b3394-6d6c-4e73-9b65-d831c67a1937,2025100601312,2,0,17,2025-10-06 09:00,2025-10-06 11:00,62943,binwolf,湖南省,长沙市,岳麓区,洋湖国家湿地公园,af2b3394-6d6c-4e73-9b65-d831c67a1937,湖南省,长沙市,,,2025-08-01,2025-12-31,2,serial_id,asc,8,2026-08-12T08:57:29+00:00
70012698-3ceb-4a13-b139-2a49a71e7965,2025100601714,2,0,16,2025-10-05 07:20,2025-10-05 10:30,87081,脆脆,湖南省,长沙市,岳麓区,西湖公园,70012698-3ceb-4a13-b139-2a49a71e7965,湖南省,长沙市,,,2025-08-01,2025-12-31,2,serial_id,asc,8,2026-08-12T08:57:29+00:00
5cee7911-20eb-4085-a009-3bb3a833ce6a,2025100601734,2,0,12,2025-10-05 16:00,2025-10-06 19:06,87081,脆脆,湖南省,长沙市,岳麓区,洋湖湿地公园,5cee7911-20eb-4085-a009-3bb3a833ce6a,湖南省,长沙市,,,2025-08-01,2025-12-31,2,serial_id,asc,8,2026-08-12T08:57:29+00:00
51575b75-60bb-4a25-9b32-49dfc351a1fa,2025100602069,2,0,7,2025-10-06 22:00,2025-10-06 23:00,72223,小罗,湖南省,长沙市,浏阳市,长沙大围山国家森林公园,51575b75-60bb-4a25-9b32-49dfc351a1fa,湖南省,长沙市,,,2025-08-01,2025-12-31,2,serial_id,asc,8,2026-08-12T08:57:29+00:00
d7459f9c-fd04-4299-8312-b1022969cc66,2025100700074,2,0,37,2025-10-06 22:00,2025-10-07 10:00,34541,昳澄,湖南省,长沙市,浏阳市,大围山国家森林公园,d7459f9c-fd04-4299-8312-b1022969cc66,湖南省,长沙市,,,2025-08-01,2025-12-31,2,serial_id,asc,8,2026-08-12T08:57:29+00:00
9342043f-cb00-48df-8938-8d4bf891a16a,2025100700117,2,0,1,2025-10-07 07:00,2025-10-07 08:00,81227,田桂英,湖南省,长沙市,雨花区,钟家坡西185米,9342043f-cb00-48df-8938-8d4bf891a16a,湖南省,长沙市,,,2025-08-01,2025-12-31,2,serial_id,asc,8,2026-08-12T08:57:29+00:00
0d9e30c1-1071-4f1a-a125-9b009c1e08c5,2025100700265,2,0,15,2025-10-05 13:00,2025-10-05 14:00,36488,无缺,湖南省,长沙市,望城区,麻潭山滴翠峰,0d9e30c1-1071-4f1a-a125-9b009c1e08c5,湖南省,长沙市,,,2025-08-01,2025-12-31,2,serial_id,asc,8,2026-08-12T08:57:29+00:00
8eb38c62-3ccb-4a82-9099-65ec1e0673f7,2025100700588,2,0,25,2025-10-07 11:00,2025-10-07 12:00,25634,葱歌,湖南省,长沙市,望城区,望城区滴翠峰西南50米,8eb38c62-3ccb-4a82-9099-65ec1e0673f7,湖南省,长沙市,,,2025-08-01,2025-12-31,2,serial_id,asc,8,2026-08-12T08:57:29+00:00
fad32470-5dfc-426c-8430-0de9562012db,2025100700727,2,0,4,2025-10-07 09:00,2025-10-07 11:30,41335,高荣庭,湖南省,长沙市,岳麓区,谷山猛禽观测点,fad32470-5dfc-426c-8430-0de9562012db,湖南省,长沙市,,,2025-08-01,2025-12-31,2,serial_id,asc,8,2026-08-12T08:57:29+00:00
903f8e48-f41d-46ee-b830-ca227c5486b7,2025100701201,2,0,9,2025-10-05 21:10,2025-10-06 02:00,13498,寿带,湖南省,长沙市,望城区,沙河大桥,903f8e48-f41d-46ee-b830-ca227c5486b7,湖南省,长沙市,,,2025-08-01,2025-12-31,2,serial_id,asc,8,2026-08-12T08:57:29+00:00
a7b866a1-adfb-4371-aa7a-cb8c4707d600,2025100701210,2,0,27,2025-10-06 21:10,2025-10-07 10:00,13498,寿带,湖南省,长沙市,浏阳市,浏阳市大围山国家森林公园,a7b866a1-adfb-4371-aa7a-cb8c4707d600,湖南省,长沙市,,,2025-08-01,2025-12-31,2,serial_id,asc,8,2026-08-12T08:57:29+00:00
7dbaf09a-361f-4dce-887f-b467185777f2,2025100701308,2,0,13,2025-10-07 13:00,2025-10-07 17:45,36545,晚舟,湖南省,长沙市,岳麓区,谷山,7dbaf09a-361f-4dce-887f-b467185777f2,湖南省,长沙市,,,2025-08-01,2025-12-31,2,serial_id,asc,8,2026-08-12T08:57:29+00:00
a834acf9-cb15-45b0-ac73-f37624a73947,2025100701707,2,0,15,2025-10-07 10:00,2025-10-07 11:00,78920,大鱼阿,湖南省,长沙市,宁乡市,宁乡八家湾水库,a834acf9-cb15-45b0-ac73-f37624a73947,湖南省,长沙市,,,2025-08-01,2025-12-31,2,serial_id,asc,8,2026-08-12T08:57:29+00:00
0f6c93f1-e910-4076-85f3-323e1b94202e,2025100701730,2,0,18,2025-10-07 08:30,2025-10-07 17:00,28670,严茜予,湖南省,长沙市,望城区,麻潭山滴翠峰,0f6c93f1-e910-4076-85f3-323e1b94202e,湖南省,长沙市,,,2025-08-01,2025-12-31,2,serial_id,asc,8,2026-08-12T08:57:29+00:00
edc1974b-6509-4cc0-80db-6c809a28c6d4,2025100800156,2,0,1,2025-10-08 08:00,2025-10-08 09:00,95710,人如机,湖南省,长沙市,长沙县,湖南松雅湖国家湿地公园,edc1974b-6509-4cc0-80db-6c809a28c6d4,湖南省,长沙市,,,2025-08-01,2025-12-31,2,serial_id,asc,8,2026-08-12T08:57:29+00:00
7758a4ae-373a-4faf-95d4-1f410885b390,2025100800166,2,0,12,2025-10-08 08:00,2025-10-08 09:00,25011,小云雀666,湖南省,长沙市,长沙县,湖南松雅湖国家湿地公园,7758a4ae-373a-4faf-95d4-1f410885b390,湖南省,长沙市,,,2025-08-01,2025-12-31,2,serial_id,asc,8,2026-08-12T08:57:29+00:00
60e96590-126b-4f1d-b818-b054a2cd0221,2025100800211,2,0,18,2025-10-04 09:00,2025-10-04 10:00,29261,金瓯无缺,湖南省,长沙市,望城区,望城区丁字湾街道曹家湾,60e96590-126b-4f1d-b818-b054a2cd0221,湖南省,长沙市,,,2025-08-01,2025-12-31,2,serial_id,asc,8,2026-08-12T08:57:29+00:00
876d8fb8-aead-4514-b71c-b4c5f043cbfe,2025100800227,2,0,23,2025-10-08 09:00,2025-10-08 10:00,36488,无缺,湖南省,长沙市,望城区,望城区丁字湾街道曹家湾,876d8fb8-aead-4514-b71c-b4c5f043cbfe,湖南省,长沙市,,,2025-08-01,2025-12-31,2,serial_id,asc,8,2026-08-12T08:57:29+00:00
334b05bf-dbf0-41cb-b5a9-391a913c15ef,2025100800265,2,0,21,2025-10-08 09:00,2025-10-08 10:00,74558,最后之基多拉,湖南省,长沙市,望城区,沙河,334b05bf-dbf0-41cb-b5a9-391a913c15ef,湖南省,长沙市,,,2025-08-01,2025-12-31,2,serial_id,asc,8,2026-08-12T08:57:29+00:00
280402fb-d4c6-4305-ab69-69877ae94c40,2025100800427,2,0,12,2025-10-08 11:00,2025-10-08 12:00,76989,金樽清酒,湖南省,长沙市,宁乡市,宁乡玉潭公园,280402fb-d4c6-4305-ab69-69877ae94c40,湖南省,长沙市,,,2025-08-01,2025-12-31,2,serial_id,asc,8,2026-08-12T08:57:29+00:00
d7958810-4f48-4673-9828-a30c8c088770,2025100800497,2,0,21,2025-10-07 09:39,2025-10-07 17:10,8606,Leaf,湖南省,长沙市,望城区,麻潭山滴翠峰,d7958810-4f48-4673-9828-a30c8c088770,湖南省,长沙市,,,2025-08-01,2025-12-31,2,serial_id,asc,8,2026-08-12T08:57:29+00:00
ea22668c-08f7-4dad-b0ce-73781d8d4ecb,2025100800632,2,0,13,2025-10-08 12:30,2025-10-08 14:00,80369,belle君,湖南省,长沙市,岳麓区,西湖公园,ea22668c-08f7-4dad-b0ce-73781d8d4ecb,湖南省,长沙市,,,2025-08-01,2025-12-31,2,serial_id,asc,8,2026-08-12T08:57:29+00:00
fb8ad06c-f8d8-489c-a3c7-c8b3612d8a34,2025100800703,2,0,18,2025-10-08 12:25,2025-10-08 17:25,36545,晚舟,湖南省,长沙市,望城区,麻潭山滴翠峰,fb8ad06c-f8d8-489c-a3c7-c8b3612d8a34,湖南省,长沙市,,,2025-08-01,2025-12-31,2,serial_id,asc,8,2026-08-12T08:57:29+00:00
29daf8fe-b1df-4bef-b9b7-8e0612fbbdcc,2025100801042,2,0,2,2025-10-08 17:00,2025-10-08 18:00,36488,无缺,湖南省,长沙市,天心区,天心区青园天一康园(北区),29daf8fe-b1df-4bef-b9b7-8e0612fbbdcc,湖南省,长沙市,,,2025-08-01,2025-12-31,2,serial_id,asc,8,2026-08-12T08:57:29+00:00
1b97c702-ac2d-45d7-931d-1425e081fe8d,2025100801201,2,0,18,2025-10-07 08:45,2025-10-07 17:00,37379,1365731,湖南省,长沙市,望城区,麻潭山滴翠峰,1b97c702-ac2d-45d7-931d-1425e081fe8d,湖南省,长沙市,,,2025-08-01,2025-12-31,2,serial_id,asc,8,2026-08-12T08:57:29+00:00
1f3bb084-e7b1-4372-9a4b-b4e0aa09c76e,2025100801219,2,0,7,2025-10-08 19:00,2025-10-08 20:00,76989,金樽清酒,湖南省,长沙市,宁乡市,宁乡香山国家森林公园,1f3bb084-e7b1-4372-9a4b-b4e0aa09c76e,湖南省,长沙市,,,2025-08-01,2025-12-31,2,serial_id,asc,8,2026-08-12T08:57:29+00:00
fb58503d-8f10-4ed0-aa94-379740791bda,2025100801473,2,0,1,2025-10-08 21:00,2025-10-08 22:00,8606,Leaf,湖南省,长沙市,浏阳市,金塘路,fb58503d-8f10-4ed0-aa94-379740791bda,湖南省,长沙市,,,2025-08-01,2025-12-31,2,serial_id,asc,8,2026-08-12T08:57:29+00:00
5ed80867-dc22-4137-9155-e765ebd71deb,2025100801504,2,0,13,2025-10-08 10:43,2025-10-08 16:43,43027,喵十三,湖南省,长沙市,岳麓区,岳麓山风景名胜区,5ed80867-dc22-4137-9155-e765ebd71deb,湖南省,长沙市,,,2025-08-01,2025-12-31,2,serial_id,asc,8,2026-08-12T08:57:29+00:00
ce9e4213-290a-4f1c-91de-ee6563d5ff22,2025100801664,2,0,15,2025-10-08 09:58,2025-10-08 14:58,28517,Danlin,湖南省,长沙市,岳麓区,岳麓山国家重点风景名胜区,ce9e4213-290a-4f1c-91de-ee6563d5ff22,湖南省,长沙市,,,2025-08-01,2025-12-31,2,serial_id,asc,8,2026-08-12T08:57:29+00:00
a97b0e35-e874-4136-a6d2-28d79288935e,2025100900051,2,0,9,2025-10-08 11:12,2025-10-08 17:12,20342,颂庄,湖南省,长沙市,岳麓区,岳麓山国家重点风景名胜区-观日台(猛禽观测点),a97b0e35-e874-4136-a6d2-28d79288935e,湖南省,长沙市,,,2025-08-01,2025-12-31,2,serial_id,asc,8,2026-08-12T08:57:29+00:00
c83baa19-629e-4ce2-9fc4-13dcfbf8e752,2025100900104,2,0,23,2025-10-08 09:00,2025-10-08 10:00,29261,金瓯无缺,湖南省,长沙市,望城区,望城区丁字湾街道曹家湾,c83baa19-629e-4ce2-9fc4-13dcfbf8e752,湖南省,长沙市,,,2025-08-01,2025-12-31,2,serial_id,asc,9,2026-08-12T08:57:32+00:00
dba68b4e-0717-4603-99c0-812c59075a37,2025100900231,2,0,11,2025-10-09 10:00,2025-10-09 11:00,76989,金樽清酒,湖南省,长沙市,宁乡市,冠源·爱琴湾,dba68b4e-0717-4603-99c0-812c59075a37,湖南省,长沙市,,,2025-08-01,2025-12-31,2,serial_id,asc,9,2026-08-12T08:57:32+00:00
34c698e7-584a-4129-b888-42b1ec041303,2025100900626,2,0,3,2025-09-27 15:02,2025-09-27 16:02,75155,sdgl0242,湖南省,长沙市,长沙县,长沙县黄兴镇东尾,34c698e7-584a-4129-b888-42b1ec041303,湖南省,长沙市,,,2025-08-01,2025-12-31,2,serial_id,asc,9,2026-08-12T08:57:32+00:00
0425632d-53e2-40c3-b9fe-dde3982bf9b4,2025100900810,2,0,3,2025-10-09 18:00,2025-10-09 18:33,39345,AUGabriel,湖南省,长沙市,开福区,青竹湖森林公园,0425632d-53e2-40c3-b9fe-dde3982bf9b4,湖南省,长沙市,,,2025-08-01,2025-12-31,2,serial_id,asc,9,2026-08-12T08:57:32+00:00
8ddc2829-f8e2-477f-81b5-28a5ed968510,2025100900911,2,0,7,2025-08-24 06:00,2025-08-24 08:30,66409,溜溜飞飞飞,湖南省,长沙市,浏阳市,大围山国家森林公园,8ddc2829-f8e2-477f-81b5-28a5ed968510,湖南省,长沙市,,,2025-08-01,2025-12-31,2,serial_id,asc,9,2026-08-12T08:57:32+00:00
bd1c0d62-fbec-4be7-828f-306263696ea2,2025100900931,2,0,5,2025-09-21 07:30,2025-09-21 08:30,66409,溜溜飞飞飞,湖南省,长沙市,天心区,南郊公园,bd1c0d62-fbec-4be7-828f-306263696ea2,湖南省,长沙市,,,2025-08-01,2025-12-31,2,serial_id,asc,9,2026-08-12T08:57:32+00:00
033a238c-a2fb-49b5-8e7a-c52745299432,2025101000083,2,0,19,2025-10-10 08:00,2025-10-10 09:00,25634,葱歌,湖南省,长沙市,望城区,滴翠峰,033a238c-a2fb-49b5-8e7a-c52745299432,湖南省,长沙市,,,2025-08-01,2025-12-31,2,serial_id,asc,9,2026-08-12T08:57:32+00:00
e88cf232-3350-494f-a8c7-19fabbcd86a3,2025101000131,2,0,3,2025-09-21 07:35,2025-09-21 08:01,73287,yw88,湖南省,长沙市,天心区,南郊公园,e88cf232-3350-494f-a8c7-19fabbcd86a3,湖南省,长沙市,,,2025-08-01,2025-12-31,2,serial_id,asc,9,2026-08-12T08:57:32+00:00
237a083d-126b-4673-ae66-bf6fd7c42148,2025101000378,2,0,9,2025-08-23 10:34,2025-08-24 08:02,73287,yw88,湖南省,长沙市,浏阳市,浏阳市大围山国家森林公园,237a083d-126b-4673-ae66-bf6fd7c42148,湖南省,长沙市,,,2025-08-01,2025-12-31,2,serial_id,asc,9,2026-08-12T08:57:32+00:00
daac4780-a91f-4a41-95df-3b894f96a9ad,2025101000967,2,0,24,2025-10-10 12:00,2025-10-10 13:00,78920,大鱼阿,湖南省,长沙市,宁乡市,宁乡香山国家森林公园,daac4780-a91f-4a41-95df-3b894f96a9ad,湖南省,长沙市,,,2025-08-01,2025-12-31,2,serial_id,asc,9,2026-08-12T08:57:32+00:00
8b76c0e1-2de3-4e3b-b954-b8e9d2053bf5,2025101100386,2,0,16,2025-10-03 10:08,2025-10-03 17:08,56652,洛希,湖南省,长沙市,望城区,麻潭山滴翠峰,8b76c0e1-2de3-4e3b-b954-b8e9d2053bf5,湖南省,长沙市,,,2025-08-01,2025-12-31,2,serial_id,asc,9,2026-08-12T08:57:32+00:00
1f4875f5-58e7-4ef7-bc56-28aa23747091,2025101100396,2,0,23,2025-10-06 21:14,2025-10-07 03:14,56652,洛希,湖南省,长沙市,浏阳市,浏阳市大围山国家森林公园,1f4875f5-58e7-4ef7-bc56-28aa23747091,湖南省,长沙市,,,2025-08-01,2025-12-31,2,serial_id,asc,9,2026-08-12T08:57:32+00:00
783adf54-3523-4c8c-ba91-cc3353c686c6,2025101100407,2,0,22,2025-10-05 07:30,2025-10-05 08:27,56652,洛希,湖南省,长沙市,望城区,望城区丁字湾街道赵家弯,783adf54-3523-4c8c-ba91-cc3353c686c6,湖南省,长沙市,,,2025-08-01,2025-12-31,2,serial_id,asc,9,2026-08-12T08:57:32+00:00
a775e3ff-06cf-4920-9c87-8ce18ca5d127,2025101100541,2,0,2,2025-10-11 11:00,2025-10-11 12:00,8606,Leaf,湖南省,长沙市,雨花区,雨花区新盛·珑璟台(圭塘路西),a775e3ff-06cf-4920-9c87-8ce18ca5d127,湖南省,长沙市,,,2025-08-01,2025-12-31,2,serial_id,asc,9,2026-08-12T08:57:32+00:00
a49bcf34-0cd9-46f2-b323-0933eaaa22fd,2025101100563,2,0,33,2025-10-11 10:24,2025-10-11 11:26,73231,DrLamett,湖南省,长沙市,望城区,沙河大桥,a49bcf34-0cd9-46f2-b323-0933eaaa22fd,湖南省,长沙市,,,2025-08-01,2025-12-31,2,serial_id,asc,9,2026-08-12T08:57:32+00:00
54eb479b-00a9-474c-ad0c-0a95d3291a1a,2025101100574,2,0,25,2025-10-09 16:10,2025-10-09 17:43,25628,笑看人生,湖南省,长沙市,望城区,沙河大桥,54eb479b-00a9-474c-ad0c-0a95d3291a1a,湖南省,长沙市,,,2025-08-01,2025-12-31,2,serial_id,asc,9,2026-08-12T08:57:32+00:00
b603f935-cdf1-4642-b2d7-e8bb712db3c1,2025101100598,2,0,1,2025-10-11 11:00,2025-10-11 12:00,32026,nica99,湖南省,长沙市,雨花区,湖南省植物园,b603f935-cdf1-4642-b2d7-e8bb712db3c1,湖南省,长沙市,,,2025-08-01,2025-12-31,2,serial_id,asc,9,2026-08-12T08:57:32+00:00
3b2d5df8-6969-43e3-9b54-82afc402d74a,2025101101002,2,0,18,2025-10-11 09:30,2025-10-11 15:00,80369,belle君,湖南省,长沙市,望城区,麻潭山滴翠峰,3b2d5df8-6969-43e3-9b54-82afc402d74a,湖南省,长沙市,,,2025-08-01,2025-12-31,2,serial_id,asc,9,2026-08-12T08:57:32+00:00
09e6cd09-826b-4376-aff0-3611beb4b0f2,2025101101149,2,0,19,2025-10-11 18:00,2025-10-11 19:00,8606,Leaf,湖南省,长沙市,岳麓区,岳麓区橘子洲头(橘洲路西),09e6cd09-826b-4376-aff0-3611beb4b0f2,湖南省,长沙市,,,2025-08-01,2025-12-31,2,serial_id,asc,9,2026-08-12T08:57:32+00:00
78b54ce6-f24e-4266-9fcb-32b240886a59,2025101101162,2,0,7,2025-10-05 14:30,2025-10-05 17:23,22675,dxjecho,湖南省,长沙市,望城区,麻潭山滴翠峰,78b54ce6-f24e-4266-9fcb-32b240886a59,湖南省,长沙市,,,2025-08-01,2025-12-31,2,serial_id,asc,9,2026-08-12T08:57:32+00:00
02d0c714-50b1-4ecc-84d1-3909fe6fe7aa,2025101101255,2,0,5,2025-10-11 20:00,2025-10-11 21:00,76989,金樽清酒,湖南省,长沙市,望城区,沙河大桥,02d0c714-50b1-4ecc-84d1-3909fe6fe7aa,湖南省,长沙市,,,2025-08-01,2025-12-31,2,serial_id,asc,9,2026-08-12T08:57:32+00:00
6b9c12c8-c5a3-40c0-877f-4677183ae6dd,2025101101260,2,0,18,2025-10-11 20:00,2025-10-11 21:00,76989,金樽清酒,湖南省,长沙市,望城区,麻潭山滴翠峰,6b9c12c8-c5a3-40c0-877f-4677183ae6dd,湖南省,长沙市,,,2025-08-01,2025-12-31,2,serial_id,asc,9,2026-08-12T08:57:32+00:00
29c4caa2-2715-4b2c-bc86-5d5738eb9f79,2025101200023,2,0,23,2025-10-11 08:00,2025-10-11 09:00,78920,大鱼阿,湖南省,长沙市,宁乡市,宁乡香山国家森林公园,29c4caa2-2715-4b2c-bc86-5d5738eb9f79,湖南省,长沙市,,,2025-08-01,2025-12-31,2,serial_id,asc,9,2026-08-12T08:57:32+00:00
6360d3e0-82d8-4f9d-8eca-17bcca1e7232,2025101200141,2,0,4,2025-10-12 08:00,2025-10-12 09:00,72223,小罗,湖南省,长沙市,望城区,翻身垸村下枫组,6360d3e0-82d8-4f9d-8eca-17bcca1e7232,湖南省,长沙市,,,2025-08-01,2025-12-31,2,serial_id,asc,9,2026-08-12T08:57:32+00:00
bd61b531-b510-4dd2-ab53-32b3bba263e1,2025101200195,2,0,6,2025-10-12 09:00,2025-10-12 10:00,74558,最后之基多拉,湖南省,长沙市,望城区,沙河,bd61b531-b510-4dd2-ab53-32b3bba263e1,湖南省,长沙市,,,2025-08-01,2025-12-31,2,serial_id,asc,9,2026-08-12T08:57:32+00:00
d1eae22c-be47-4a2d-9df5-a125f53412b7,2025101200288,2,0,23,2025-10-07 09:55,2025-10-07 15:55,35030,saint,湖南省,长沙市,望城区,麻潭山滴翠峰,d1eae22c-be47-4a2d-9df5-a125f53412b7,湖南省,长沙市,,,2025-08-01,2025-12-31,2,serial_id,asc,9,2026-08-12T08:57:32+00:00
e5386ade-5a2d-4cee-9a01-e8b8ecb93d2d,2025101200335,2,0,6,2025-10-12 09:00,2025-10-12 11:00,68748,1112,湖南省,长沙市,岳麓区,岳麓山风景名胜区,e5386ade-5a2d-4cee-9a01-e8b8ecb93d2d,湖南省,长沙市,,,2025-08-01,2025-12-31,2,serial_id,asc,9,2026-08-12T08:57:32+00:00
f3fd6280-7cd9-4063-84a2-06440231f39f,2025101200471,2,0,30,2025-10-12 10:00,2025-10-12 11:00,35030,saint,湖南省,长沙市,望城区,鸭棚洲(长沙市望城区),f3fd6280-7cd9-4063-84a2-06440231f39f,湖南省,长沙市,,,2025-08-01,2025-12-31,2,serial_id,asc,9,2026-08-12T08:57:32+00:00
79100757-0a06-44e5-b70c-e1d385721963,2025101200610,2,0,9,2025-10-12 09:30,2025-10-12 11:30,36217,林666,湖南省,长沙市,望城区,沙河大桥,79100757-0a06-44e5-b70c-e1d385721963,湖南省,长沙市,,,2025-08-01,2025-12-31,2,serial_id,asc,9,2026-08-12T08:57:32+00:00
f99a4d86-da60-441e-a47f-740019154bc1,2025101200613,2,0,6,2025-10-12 11:34,2025-10-12 13:00,36217,林666,湖南省,长沙市,望城区,麻潭山滴翠峰,f99a4d86-da60-441e-a47f-740019154bc1,湖南省,长沙市,,,2025-08-01,2025-12-31,2,serial_id,asc,9,2026-08-12T08:57:32+00:00
b3443b5a-1b88-4493-af5e-9e1a22242c20,2025101200618,2,0,20,2025-10-12 08:35,2025-10-12 09:35,56652,洛希,湖南省,长沙市,望城区,望城区丁字湾街道赵家弯,b3443b5a-1b88-4493-af5e-9e1a22242c20,湖南省,长沙市,,,2025-08-01,2025-12-31,2,serial_id,asc,9,2026-08-12T08:57:32+00:00
03151179-03c3-48bc-9fb3-85701dc0e2e3,2025101200634,2,0,11,2025-10-12 10:00,2025-10-12 11:30,68114,北美雕鸮,湖南省,长沙市,岳麓区,洋湖国家湿地公园,03151179-03c3-48bc-9fb3-85701dc0e2e3,湖南省,长沙市,,,2025-08-01,2025-12-31,2,serial_id,asc,9,2026-08-12T08:57:32+00:00
d9958afc-9505-416b-b4a5-5c5c4064c986,2025101200865,2,0,2,2025-10-12 14:00,2025-10-12 15:00,20342,颂庄,湖南省,长沙市,岳麓区,江山帝景(长沙市岳麓区),d9958afc-9505-416b-b4a5-5c5c4064c986,湖南省,长沙市,,,2025-08-01,2025-12-31,2,serial_id,asc,9,2026-08-12T08:57:32+00:00
dcbe2d5f-2057-4f8e-b642-ec7f010e83dc,2025101200870,2,0,4,2025-10-11 09:57,2025-10-11 14:57,20342,颂庄,湖南省,长沙市,岳麓区,岳麓山国家重点风景名胜区-观日台(猛禽观测点),dcbe2d5f-2057-4f8e-b642-ec7f010e83dc,湖南省,长沙市,,,2025-08-01,2025-12-31,2,serial_id,asc,9,2026-08-12T08:57:32+00:00
f591567a-1f75-4ca2-ad41-0d9cbfcc68fc,2025101200880,2,0,6,2025-10-10 09:58,2025-10-10 16:58,20342,颂庄,湖南省,长沙市,岳麓区,岳麓山国家重点风景名胜区-观日台(猛禽观测点),f591567a-1f75-4ca2-ad41-0d9cbfcc68fc,湖南省,长沙市,,,2025-08-01,2025-12-31,2,serial_id,asc,9,2026-08-12T08:57:32+00:00
aa9c7819-eaf3-4ae8-9da8-535a4b06d4ca,2025101200884,2,0,9,2025-10-12 13:00,2025-10-12 15:02,69150,中南林野保变形虫,湖南省,长沙市,岳麓区,岳麓区岳麓山,aa9c7819-eaf3-4ae8-9da8-535a4b06d4ca,湖南省,长沙市,,,2025-08-01,2025-12-31,2,serial_id,asc,9,2026-08-12T08:57:32+00:00
c8828303-cc29-42b9-a0ac-736be74eb287,2025101200901,2,0,10,2025-10-12 12:30,2025-10-12 17:30,36545,晚舟,湖南省,长沙市,望城区,麻潭山滴翠峰,c8828303-cc29-42b9-a0ac-736be74eb287,湖南省,长沙市,,,2025-08-01,2025-12-31,2,serial_id,asc,9,2026-08-12T08:57:32+00:00
d31a8d8d-130f-43bc-8528-f18b2ee7cb8a,2025101201200,2,0,4,2025-10-12 16:00,2025-10-12 17:00,71963,intchen,湖南省,长沙市,岳麓区,桃花岭,d31a8d8d-130f-43bc-8528-f18b2ee7cb8a,湖南省,长沙市,,,2025-08-01,2025-12-31,2,serial_id,asc,9,2026-08-12T08:57:32+00:00
4f096fc1-7644-4ab1-9ee9-95a277ff6770,2025101201277,2,0,8,2025-10-12 12:00,2025-10-12 16:41,56652,洛希,湖南省,长沙市,望城区,滴翠峰,4f096fc1-7644-4ab1-9ee9-95a277ff6770,湖南省,长沙市,,,2025-08-01,2025-12-31,2,serial_id,asc,9,2026-08-12T08:57:32+00:00
d7a9c62d-9ebc-4fc0-9ddd-0e9341d1d150,2025101201537,2,0,1,2025-10-12 19:25,2025-10-12 19:30,75725,西谷椰子,湖南省,长沙市,望城区,望城区新华联梦想城(澳海路东100米),d7a9c62d-9ebc-4fc0-9ddd-0e9341d1d150,湖南省,长沙市,,,2025-08-01,2025-12-31,2,serial_id,asc,9,2026-08-12T08:57:32+00:00
f60e7ef2-93ab-4ec1-a20d-9dabd90ff284,2025101201549,2,0,17,2025-10-12 19:00,2025-10-12 20:00,22612,中南林野保蝎子,湖南省,长沙市,岳麓区,岳麓山风景名胜区,f60e7ef2-93ab-4ec1-a20d-9dabd90ff284,湖南省,长沙市,,,2025-08-01,2025-12-31,2,serial_id,asc,9,2026-08-12T08:57:32+00:00
c71abdb1-9f3e-4fc9-8599-05a5f32ac6cb,2025101201812,2,0,15,2025-10-12 07:30,2025-10-12 11:00,61917,nut,湖南省,长沙市,岳麓区,洋湖湿地公园,c71abdb1-9f3e-4fc9-8599-05a5f32ac6cb,湖南省,长沙市,,,2025-08-01,2025-12-31,2,serial_id,asc,9,2026-08-12T08:57:32+00:00
73ceed78-b3c8-4b75-a2fe-21c4dc8831f2,2025101201848,2,0,22,2025-10-12 16:32,2025-10-12 18:52,32805,小婷,湖南省,长沙市,岳麓区,洋湖湿地公园,73ceed78-b3c8-4b75-a2fe-21c4dc8831f2,湖南省,长沙市,,,2025-08-01,2025-12-31,2,serial_id,asc,9,2026-08-12T08:57:32+00:00
369edc1f-0844-460e-afb8-dd22c56367a7,2025101300236,2,0,7,2025-10-10 09:39,2025-10-10 13:39,29012,lisaknows,湖南省,长沙市,岳麓区,岳麓山风景名胜区,369edc1f-0844-460e-afb8-dd22c56367a7,湖南省,长沙市,,,2025-08-01,2025-12-31,2,serial_id,asc,9,2026-08-12T08:57:32+00:00
f6c1c646-9ceb-4c1d-a924-f20eb6dab03a,2025101300567,2,0,18,2025-10-13 13:02,2025-10-13 14:02,73231,DrLamett,湖南省,长沙市,岳麓区,岳麓山风景名胜区,f6c1c646-9ceb-4c1d-a924-f20eb6dab03a,湖南省,长沙市,,,2025-08-01,2025-12-31,2,serial_id,asc,9,2026-08-12T08:57:32+00:00
2a0e3567-eb9f-4b6d-8067-01aaa6f176e2,2025101300744,2,0,15,2025-10-01 10:12,2025-10-01 17:25,43027,喵十三,湖南省,长沙市,望城区,麻潭山滴翠峰,2a0e3567-eb9f-4b6d-8067-01aaa6f176e2,湖南省,长沙市,,,2025-08-01,2025-12-31,2,serial_id,asc,9,2026-08-12T08:57:32+00:00
d38aacae-ae2e-423d-9b6b-d07d781661a8,2025101301047,2,0,3,2025-10-13 21:00,2025-10-13 22:00,76989,金樽清酒,湖南省,长沙市,望城区,麻潭山滴翠峰,d38aacae-ae2e-423d-9b6b-d07d781661a8,湖南省,长沙市,,,2025-08-01,2025-12-31,2,serial_id,asc,9,2026-08-12T08:57:32+00:00
06eefae3-b807-4f23-8b38-b9514aa75634,2025101301049,2,0,2,2025-10-13 21:00,2025-10-13 22:00,76989,金樽清酒,湖南省,长沙市,望城区,沙河大桥,06eefae3-b807-4f23-8b38-b9514aa75634,湖南省,长沙市,,,2025-08-01,2025-12-31,2,serial_id,asc,9,2026-08-12T08:57:32+00:00
277ebb99-6ef0-4bab-90db-378bd8e4c447,2025101400147,2,0,5,2025-09-13 09:42,2025-09-13 12:42,43027,喵十三,湖南省,长沙市,望城区,麻潭山滴翠峰,277ebb99-6ef0-4bab-90db-378bd8e4c447,湖南省,长沙市,,,2025-08-01,2025-12-31,2,serial_id,asc,9,2026-08-12T08:57:32+00:00
18e708ce-5064-4546-afec-287faf801418,2025101400151,2,0,1,2025-10-12 14:47,2025-10-12 15:47,55884,枯燥一生,湖南省,长沙市,望城区,麻潭山滴翠峰,18e708ce-5064-4546-afec-287faf801418,湖南省,长沙市,,,2025-08-01,2025-12-31,2,serial_id,asc,9,2026-08-12T08:57:32+00:00
c50ab642-141f-4f9c-92c6-ad4e8bc55c76,2025101400158,2,0,5,2025-10-03 16:30,2025-10-03 17:17,43027,喵十三,湖南省,长沙市,岳麓区,梅溪湖·金茂悦2期,c50ab642-141f-4f9c-92c6-ad4e8bc55c76,湖南省,长沙市,,,2025-08-01,2025-12-31,2,serial_id,asc,10,2026-08-12T08:57:35+00:00
8458db9f-94b4-4aa4-9ab9-cd54127517fc,2025101400167,2,0,12,2025-10-06 14:00,2025-10-06 17:05,43027,喵十三,湖南省,长沙市,望城区,麻潭山滴翠峰,8458db9f-94b4-4aa4-9ab9-cd54127517fc,湖南省,长沙市,,,2025-08-01,2025-12-31,2,serial_id,asc,10,2026-08-12T08:57:35+00:00
89e6fd3c-bf05-48c4-80b2-daf4ae931c97,2025101400171,2,0,4,2025-10-07 11:30,2025-10-07 14:58,43027,喵十三,湖南省,长沙市,岳麓区,岳麓区中建·梅溪湖中心(连湖三路东),89e6fd3c-bf05-48c4-80b2-daf4ae931c97,湖南省,长沙市,,,2025-08-01,2025-12-31,2,serial_id,asc,10,2026-08-12T08:57:35+00:00
ef0e6d5d-292c-47db-855d-29ee1905ba02,2025101400299,2,0,12,2025-10-14 10:20,2025-10-14 13:00,69150,中南林野保变形虫,湖南省,长沙市,天心区,南郊公园,ef0e6d5d-292c-47db-855d-29ee1905ba02,湖南省,长沙市,,,2025-08-01,2025-12-31,2,serial_id,asc,10,2026-08-12T08:57:35+00:00
8f994406-0777-4817-848a-2d5437561d47,2025101400468,2,0,9,2025-10-14 10:14,2025-10-14 14:00,77053,Nyna,湖南省,长沙市,岳麓区,岳麓山国家重点风景名胜区,8f994406-0777-4817-848a-2d5437561d47,湖南省,长沙市,,,2025-08-01,2025-12-31,2,serial_id,asc,10,2026-08-12T08:57:35+00:00
db7af6cd-ccfc-4cac-b624-46fa06f96654,2025101400730,2,0,10,2025-10-14 17:00,2025-10-14 18:00,22612,中南林野保蝎子,湖南省,长沙市,岳麓区,洋湖湿地公园,db7af6cd-ccfc-4cac-b624-46fa06f96654,湖南省,长沙市,,,2025-08-01,2025-12-31,2,serial_id,asc,10,2026-08-12T08:57:35+00:00
afc6a1c9-a626-4d31-9e62-2bf90e932606,2025101500094,2,0,4,2025-10-15 08:00,2025-10-15 09:00,13498,寿带,湖南省,长沙市,岳麓区,中南大学校本部研究生南楼,afc6a1c9-a626-4d31-9e62-2bf90e932606,湖南省,长沙市,,,2025-08-01,2025-12-31,2,serial_id,asc,10,2026-08-12T08:57:35+00:00
b8378397-73ee-493b-8e71-7bebbf268566,2025101500267,2,0,21,2025-10-15 09:00,2025-10-15 10:00,29012,lisaknows,湖南省,长沙市,岳麓区,岳麓山风景名胜区,b8378397-73ee-493b-8e71-7bebbf268566,湖南省,长沙市,,,2025-08-01,2025-12-31,2,serial_id,asc,10,2026-08-12T08:57:35+00:00
cf7e1180-c5bd-4c19-98de-19c7c5933712,2025101500523,2,0,21,2025-10-15 11:21,2025-10-15 14:00,2714,绿瑾,湖南省,长沙市,岳麓区,西湖公园,cf7e1180-c5bd-4c19-98de-19c7c5933712,湖南省,长沙市,,,2025-08-01,2025-12-31,2,serial_id,asc,10,2026-08-12T08:57:35+00:00
1fb9f113-a544-4ea1-8489-a967bcaafdbc,2025101500971,2,0,1,2025-10-15 15:00,2025-10-15 16:50,68114,北美雕鸮,湖南省,长沙市,岳麓区,岳麓山国家重点风景名胜区-观日台(猛禽观测点),1fb9f113-a544-4ea1-8489-a967bcaafdbc,湖南省,长沙市,,,2025-08-01,2025-12-31,2,serial_id,asc,10,2026-08-12T08:57:35+00:00
96335cb1-533d-4ce8-a28a-bb491fbb91d8,2025101500993,2,0,6,2025-10-15 21:00,2025-10-15 22:00,83980,不知山云,湖南省,长沙市,岳麓区,洋湖国家湿地公园,96335cb1-533d-4ce8-a28a-bb491fbb91d8,湖南省,长沙市,,,2025-08-01,2025-12-31,2,serial_id,asc,10,2026-08-12T08:57:35+00:00
10186ed9-e84b-48ab-a514-f6a597fe07e8,2025101600263,2,0,21,2025-10-16 11:00,2025-10-16 12:00,96284,XJH,湖南省,长沙市,宁乡市,船形山公园,10186ed9-e84b-48ab-a514-f6a597fe07e8,湖南省,长沙市,,,2025-08-01,2025-12-31,2,serial_id,asc,10,2026-08-12T08:57:35+00:00
db9aefd4-685f-4ed1-acce-d5650b9e41a9,2025101600674,2,0,15,2025-10-15 11:30,2025-10-15 12:30,83433,suede1943,湖南省,长沙市,岳麓区,长沙西湖公园,db9aefd4-685f-4ed1-acce-d5650b9e41a9,湖南省,长沙市,,,2025-08-01,2025-12-31,2,serial_id,asc,10,2026-08-12T08:57:35+00:00
62c269dc-ee27-4e23-81a0-f0cf8c10bda3,2025101600711,2,0,15,2025-10-16 09:00,2025-10-16 12:00,28517,Danlin,湖南省,长沙市,岳麓区,岳麓山风景名胜区,62c269dc-ee27-4e23-81a0-f0cf8c10bda3,湖南省,长沙市,,,2025-08-01,2025-12-31,2,serial_id,asc,10,2026-08-12T08:57:35+00:00
38d83da3-0e3b-4129-b3d9-5c1c2d23ce26,2025101600717,2,0,7,2025-10-10 09:00,2025-10-10 14:00,28517,Danlin,湖南省,长沙市,岳麓区,岳麓山风景名胜区,38d83da3-0e3b-4129-b3d9-5c1c2d23ce26,湖南省,长沙市,,,2025-08-01,2025-12-31,2,serial_id,asc,10,2026-08-12T08:57:35+00:00
6847cb7b-4e92-43a5-bbbf-044755c897b1,2025101600836,2,0,24,2025-10-16 13:39,2025-10-16 16:47,73207,郭涵,湖南省,长沙市,长沙县,湖南松雅湖国家湿地公园,6847cb7b-4e92-43a5-bbbf-044755c897b1,湖南省,长沙市,,,2025-08-01,2025-12-31,2,serial_id,asc,10,2026-08-12T08:57:35+00:00
d39cf28d-a2ee-4bad-a0e2-fc9f154c6e4d,2025101700094,2,0,4,2025-10-17 07:10,2025-10-17 07:53,50180,贝尔箭螳,湖南省,长沙市,天心区,中南林业科技大学,d39cf28d-a2ee-4bad-a0e2-fc9f154c6e4d,湖南省,长沙市,,,2025-08-01,2025-12-31,2,serial_id,asc,10,2026-08-12T08:57:35+00:00
4c8e585f-04a6-41cc-820f-60d84ac4b532,2025101700159,2,0,5,2025-10-17 08:00,2025-10-17 09:00,13498,寿带,湖南省,长沙市,岳麓区,中南大学校本部研究生南楼,4c8e585f-04a6-41cc-820f-60d84ac4b532,湖南省,长沙市,,,2025-08-01,2025-12-31,2,serial_id,asc,10,2026-08-12T08:57:35+00:00
04335087-479d-4988-a511-d573a16badec,2025101700261,2,0,12,2025-10-17 10:00,2025-10-17 11:00,36436,豆包妈咪,湖南省,长沙市,芙蓉区,湖南农业大学,04335087-479d-4988-a511-d573a16badec,湖南省,长沙市,,,2025-08-01,2025-12-31,2,serial_id,asc,10,2026-08-12T08:57:35+00:00
401525f0-eb36-4166-aa3f-ca54dd4712be,2025101700293,2,0,23,2025-10-17 11:00,2025-10-17 12:00,25634,葱歌,湖南省,长沙市,望城区,麻潭山滴翠峰,401525f0-eb36-4166-aa3f-ca54dd4712be,湖南省,长沙市,,,2025-08-01,2025-12-31,2,serial_id,asc,10,2026-08-12T08:57:35+00:00
8632af4e-2458-4e38-9855-8099d6a8db24,2025101700297,2,0,22,2025-10-17 09:00,2025-10-17 10:00,73231,DrLamett,湖南省,长沙市,长沙县,大山冲森林公园,8632af4e-2458-4e38-9855-8099d6a8db24,湖南省,长沙市,,,2025-08-01,2025-12-31,2,serial_id,asc,10,2026-08-12T08:57:35+00:00
b9151dac-da99-463e-ac41-f2d1fcfa3526,2025101700311,2,0,13,2025-10-16 13:30,2025-10-16 17:00,31426,如风,湖南省,长沙市,岳麓区,岳麓山风景名胜区,b9151dac-da99-463e-ac41-f2d1fcfa3526,湖南省,长沙市,,,2025-08-01,2025-12-31,2,serial_id,asc,10,2026-08-12T08:57:35+00:00
b38cdbe2-f8cb-4f0e-ba09-00bae4d39b3a,2025101700427,2,0,8,2025-10-17 12:00,2025-10-17 13:00,36975,windflowerjulia,湖南省,长沙市,开福区,烈士公园,b38cdbe2-f8cb-4f0e-ba09-00bae4d39b3a,湖南省,长沙市,,,2025-08-01,2025-12-31,2,serial_id,asc,10,2026-08-12T08:57:35+00:00
2fbb2da0-9eb7-4be2-a576-3416e3b064f4,2025101700445,2,0,32,2025-10-17 11:00,2025-10-17 12:00,31426,如风,湖南省,长沙市,望城区,月亮岛,2fbb2da0-9eb7-4be2-a576-3416e3b064f4,湖南省,长沙市,,,2025-08-01,2025-12-31,2,serial_id,asc,10,2026-08-12T08:57:35+00:00
fda7732c-32ee-404b-9e03-f0f7c3acf1a1,2025101700572,2,0,6,2025-10-17 16:00,2025-10-17 17:00,83980,不知山云,湖南省,长沙市,芙蓉区,湖南农业大学,fda7732c-32ee-404b-9e03-f0f7c3acf1a1,湖南省,长沙市,,,2025-08-01,2025-12-31,2,serial_id,asc,10,2026-08-12T08:57:35+00:00
e4617865-e72f-4a65-a095-6639bf7a51b2,2025101700585,2,0,29,2025-10-16 10:00,2025-10-16 11:00,22612,中南林野保蝎子,湖南省,长沙市,岳麓区,岳麓山风景名胜区,e4617865-e72f-4a65-a095-6639bf7a51b2,湖南省,长沙市,,,2025-08-01,2025-12-31,2,serial_id,asc,10,2026-08-12T08:57:35+00:00
3a541c76-5006-4ece-a175-e8ed1fd0ad58,2025101700596,2,0,3,2025-10-17 15:00,2025-10-17 17:09,68114,北美雕鸮,湖南省,长沙市,岳麓区,岳麓山国家重点风景名胜区-观日台(猛禽观测点),3a541c76-5006-4ece-a175-e8ed1fd0ad58,湖南省,长沙市,,,2025-08-01,2025-12-31,2,serial_id,asc,10,2026-08-12T08:57:35+00:00
39e650c4-5494-480f-be14-4ba7068f5678,2025101700601,2,0,16,2025-10-17 16:00,2025-10-17 17:00,23490,戈壁stone,湖南省,长沙市,岳麓区,坪塘洋湖渔场(长沙市岳麓区),39e650c4-5494-480f-be14-4ba7068f5678,湖南省,长沙市,,,2025-08-01,2025-12-31,2,serial_id,asc,10,2026-08-12T08:57:35+00:00
a76fa12b-3a74-4fbc-9933-37a9cca7dde7,2025101700808,2,0,20,2025-10-17 10:30,2025-10-17 17:30,13498,寿带,湖南省,长沙市,岳麓区,岳麓山风景名胜区,a76fa12b-3a74-4fbc-9933-37a9cca7dde7,湖南省,长沙市,,,2025-08-01,2025-12-31,2,serial_id,asc,10,2026-08-12T08:57:35+00:00
64a46954-fbd4-4d72-8349-6d2e5a9830ef,2025101800175,2,0,11,2025-10-18 08:05,2025-10-18 09:21,69150,中南林野保变形虫,湖南省,长沙市,天心区,中南林业科技大学,64a46954-fbd4-4d72-8349-6d2e5a9830ef,湖南省,长沙市,,,2025-08-01,2025-12-31,2,serial_id,asc,10,2026-08-12T08:57:35+00:00
a09487e8-c4ac-478c-9ae6-2be538f6ed79,2025101800179,2,0,11,2025-10-18 08:05,2025-10-18 09:21,69171,中南林野保蓝喉蜂虎,湖南省,长沙市,天心区,中南林业科技大学,a09487e8-c4ac-478c-9ae6-2be538f6ed79,湖南省,长沙市,,,2025-08-01,2025-12-31,2,serial_id,asc,10,2026-08-12T08:57:35+00:00
7c34329c-4cfa-401d-a353-18c1a4230691,2025101800350,2,0,4,2025-10-17 13:56,2025-10-17 15:56,20342,颂庄,湖南省,长沙市,岳麓区,岳麓区保利西海岸(银双路南),7c34329c-4cfa-401d-a353-18c1a4230691,湖南省,长沙市,,,2025-08-01,2025-12-31,2,serial_id,asc,10,2026-08-12T08:57:35+00:00
ec8b4405-dd33-4498-9d42-49e1f54285b3,2025101800514,2,0,15,2025-10-18 11:45,2025-10-18 16:45,36545,晚舟,湖南省,长沙市,岳麓区,岳麓山风景名胜区,ec8b4405-dd33-4498-9d42-49e1f54285b3,湖南省,长沙市,,,2025-08-01,2025-12-31,2,serial_id,asc,10,2026-08-12T08:57:35+00:00
3e01ed71-d272-4054-bd9d-5a0d758f2f19,2025101800725,2,0,28,2025-10-18 11:30,2025-10-18 15:30,54274,嘎儿,湖南省,长沙市,岳麓区,洋湖湿地(长沙市岳麓区洋湖大道680号),3e01ed71-d272-4054-bd9d-5a0d758f2f19,湖南省,长沙市,,,2025-08-01,2025-12-31,2,serial_id,asc,10,2026-08-12T08:57:35+00:00
57ea8e7e-3edb-426e-85a9-4b58575d14d7,2025101800813,2,0,14,2025-10-18 15:00,2025-10-18 16:00,22612,中南林野保蝎子,湖南省,长沙市,岳麓区,橘子洲景区,57ea8e7e-3edb-426e-85a9-4b58575d14d7,湖南省,长沙市,,,2025-08-01,2025-12-31,2,serial_id,asc,10,2026-08-12T08:57:35+00:00
24d3a929-817d-4708-a945-984ccd2e295b,2025101800959,2,0,8,2025-10-17 15:00,2025-10-17 17:00,51592,ZCWLarry,湖南省,长沙市,岳麓区,岳麓山国家重点风景名胜区,24d3a929-817d-4708-a945-984ccd2e295b,湖南省,长沙市,,,2025-08-01,2025-12-31,2,serial_id,asc,10,2026-08-12T08:57:35+00:00
5ffe2f89-6091-4337-96a9-b1cef4cbb6ec,2025101800965,2,0,8,2025-10-17 10:00,2025-10-18 14:00,51592,ZCWLarry,湖南省,长沙市,岳麓区,橘子洲景区,5ffe2f89-6091-4337-96a9-b1cef4cbb6ec,湖南省,长沙市,,,2025-08-01,2025-12-31,2,serial_id,asc,10,2026-08-12T08:57:35+00:00
c9993232-0bf6-4966-803e-0a0617ebbdb1,2025101801148,2,0,13,2025-10-18 18:00,2025-10-18 19:00,95652,ORC,湖南省,长沙市,长沙县,湖南松雅湖国家湿地公园(长沙县滨湖东路),c9993232-0bf6-4966-803e-0a0617ebbdb1,湖南省,长沙市,,,2025-08-01,2025-12-31,2,serial_id,asc,10,2026-08-12T08:57:35+00:00
4311d208-df62-4da2-841c-bafbea2e7232,2025101801225,2,0,1,2025-10-18 19:00,2025-10-18 20:00,78214,柠羽茶,湖南省,长沙市,长沙县,长沙县湖南松雅湖国家湿地公园(滨湖东路北300米),4311d208-df62-4da2-841c-bafbea2e7232,湖南省,长沙市,,,2025-08-01,2025-12-31,2,serial_id,asc,10,2026-08-12T08:57:35+00:00
bce0368d-6cc9-4289-a377-85e3c2ad2f24,2025101801287,2,0,7,2025-10-18 15:00,2025-10-18 17:00,71963,intchen,湖南省,长沙市,望城区,沙河大桥,bce0368d-6cc9-4289-a377-85e3c2ad2f24,湖南省,长沙市,,,2025-08-01,2025-12-31,2,serial_id,asc,10,2026-08-12T08:57:35+00:00
049666fe-0485-48ba-b330-c4d2f98a3813,2025101900235,2,0,8,2025-10-18 09:37,2025-10-18 14:37,36217,林666,湖南省,长沙市,岳麓区,岳麓山风景名胜区,049666fe-0485-48ba-b330-c4d2f98a3813,湖南省,长沙市,,,2025-08-01,2025-12-31,2,serial_id,asc,10,2026-08-12T08:57:35+00:00
c6c1139a-b1f0-4722-8404-b4222db2e004,2025101900309,2,0,25,2025-10-19 10:00,2025-10-19 12:00,26640,莫利王,湖南省,长沙市,长沙县,磨盘洲生态公园,c6c1139a-b1f0-4722-8404-b4222db2e004,湖南省,长沙市,,,2025-08-01,2025-12-31,2,serial_id,asc,10,2026-08-12T08:57:35+00:00
706ed6a8-68ef-4050-904c-f49fe70abc60,2025101900354,2,0,14,2025-10-19 08:50,2025-10-19 11:00,69150,中南林野保变形虫,湖南省,长沙市,天心区,南郊公园,706ed6a8-68ef-4050-904c-f49fe70abc60,湖南省,长沙市,,,2025-08-01,2025-12-31,2,serial_id,asc,10,2026-08-12T08:57:35+00:00
857dfad3-ffe4-4061-b047-ab23f45d3a8e,2025101901097,2,0,36,2025-10-19 08:24,2025-10-19 11:10,25628,笑看人生,湖南省,长沙市,长沙县,长沙县春华镇西脚岭,857dfad3-ffe4-4061-b047-ab23f45d3a8e,湖南省,长沙市,,,2025-08-01,2025-12-31,2,serial_id,asc,10,2026-08-12T08:57:35+00:00
8d6fbf46-a9c0-4f3b-b5ad-846035b83645,2025101901405,2,0,17,2025-10-18 08:51,2025-10-18 12:31,8606,Leaf,湖南省,长沙市,岳麓区,洋湖湿地公园,8d6fbf46-a9c0-4f3b-b5ad-846035b83645,湖南省,长沙市,,,2025-08-01,2025-12-31,2,serial_id,asc,10,2026-08-12T08:57:35+00:00
de6d7fd7-9f10-44be-a201-49521433cf82,2025102000702,2,0,9,2025-10-20 13:40,2025-10-20 15:41,22675,dxjecho,湖南省,长沙市,芙蓉区,九道湾社区公园(长沙市芙蓉区),de6d7fd7-9f10-44be-a201-49521433cf82,湖南省,长沙市,,,2025-08-01,2025-12-31,2,serial_id,asc,10,2026-08-12T08:57:35+00:00
20cd56c0-bf59-4f8e-86d9-e2f311215d29,2025102100166,2,0,2,2025-10-21 10:00,2025-10-21 11:00,73231,DrLamett,湖南省,长沙市,开福区,鸭嘴公园,20cd56c0-bf59-4f8e-86d9-e2f311215d29,湖南省,长沙市,,,2025-08-01,2025-12-31,2,serial_id,asc,10,2026-08-12T08:57:35+00:00
daeec6d4-fb12-4e6d-9683-e8f2c694381d,2025102100524,2,0,21,2025-10-21 10:36,2025-10-21 14:51,8606,Leaf,湖南省,长沙市,长沙县,大山冲森林公园,daeec6d4-fb12-4e6d-9683-e8f2c694381d,湖南省,长沙市,,,2025-08-01,2025-12-31,2,serial_id,asc,10,2026-08-12T08:57:35+00:00
861b50e3-cac8-4f3e-a0cb-3cf28c145561,2025102100540,2,0,14,2025-10-21 14:00,2025-10-21 15:00,73231,DrLamett,湖南省,长沙市,天心区,南郊公园,861b50e3-cac8-4f3e-a0cb-3cf28c145561,湖南省,长沙市,,,2025-08-01,2025-12-31,2,serial_id,asc,10,2026-08-12T08:57:35+00:00
da8cd96c-5e20-4f20-a938-1c7444165a6c,2025102100628,2,0,22,2025-10-21 16:00,2025-10-21 17:00,25634,葱歌,湖南省,长沙市,望城区,月亮岛,da8cd96c-5e20-4f20-a938-1c7444165a6c,湖南省,长沙市,,,2025-08-01,2025-12-31,2,serial_id,asc,10,2026-08-12T08:57:35+00:00
2a80b312-d444-4137-9222-d398d36df973,2025102100859,2,0,7,2025-10-21 12:59,2025-10-21 13:46,22675,dxjecho,湖南省,长沙市,芙蓉区,九道湾社区公园(长沙市芙蓉区),2a80b312-d444-4137-9222-d398d36df973,湖南省,长沙市,,,2025-08-01,2025-12-31,2,serial_id,asc,11,2026-08-12T08:57:38+00:00
c2284367-b6a2-40b1-a59b-7695da4ee188,2025102200059,2,0,10,2025-10-22 07:00,2025-10-22 08:00,32026,nica99,湖南省,长沙市,岳麓区,湖南师范大学理学院(岳麓区桃子湖路),c2284367-b6a2-40b1-a59b-7695da4ee188,湖南省,长沙市,,,2025-08-01,2025-12-31,2,serial_id,asc,11,2026-08-12T08:57:38+00:00
6386a193-4e97-4294-aca5-84c0299acdc5,2025102200198,2,0,3,2025-10-22 10:00,2025-10-22 11:00,68748,1112,湖南省,长沙市,天心区,长沙理工大学(云塘校区),6386a193-4e97-4294-aca5-84c0299acdc5,湖南省,长沙市,,,2025-08-01,2025-12-31,2,serial_id,asc,11,2026-08-12T08:57:38+00:00
3f4b86fa-ff0b-4843-a1ff-76ed9de5fbd6,2025102200260,2,0,16,2025-10-21 14:30,2025-10-21 17:38,74138,smallsix,湖南省,长沙市,望城区,月亮岛,3f4b86fa-ff0b-4843-a1ff-76ed9de5fbd6,湖南省,长沙市,,,2025-08-01,2025-12-31,2,serial_id,asc,11,2026-08-12T08:57:38+00:00
62a6dd98-2196-4282-9e4e-a38e205c07eb,2025102200298,2,0,29,2025-10-22 10:00,2025-10-22 11:00,73231,DrLamett,湖南省,长沙市,天心区,南郊公园,62a6dd98-2196-4282-9e4e-a38e205c07eb,湖南省,长沙市,,,2025-08-01,2025-12-31,2,serial_id,asc,11,2026-08-12T08:57:38+00:00
8fee6207-392c-4d61-ac58-26e9faa4ed31,2025102200414,2,0,8,2025-10-22 12:00,2025-10-22 13:00,46533,程佳强,湖南省,长沙市,雨花区,雨花区天翼花园(马王堆南路东50米),8fee6207-392c-4d61-ac58-26e9faa4ed31,湖南省,长沙市,,,2025-08-01,2025-12-31,2,serial_id,asc,11,2026-08-12T08:57:38+00:00
f7216f8f-4d42-4e85-bf3c-d68648bd3dfd,2025102200557,2,0,19,2025-10-21 15:30,2025-10-21 18:22,8606,Leaf,湖南省,长沙市,长沙县,湖南松雅湖国家湿地公园,f7216f8f-4d42-4e85-bf3c-d68648bd3dfd,湖南省,长沙市,,,2025-08-01,2025-12-31,2,serial_id,asc,11,2026-08-12T08:57:38+00:00
d6623448-0eb7-4cf7-85eb-8446379def5f,2025102200663,2,0,23,2025-10-22 15:00,2025-10-22 16:00,25634,葱歌,湖南省,长沙市,望城区,滴翠峰,d6623448-0eb7-4cf7-85eb-8446379def5f,湖南省,长沙市,,,2025-08-01,2025-12-31,2,serial_id,asc,11,2026-08-12T08:57:38+00:00
48629efc-6094-40a8-b3cb-fc960099d02c,2025102200675,2,0,6,2025-10-22 12:40,2025-10-22 16:00,20342,颂庄,湖南省,长沙市,望城区,月亮岛,48629efc-6094-40a8-b3cb-fc960099d02c,湖南省,长沙市,,,2025-08-01,2025-12-31,2,serial_id,asc,11,2026-08-12T08:57:38+00:00
f49a99ad-7c7f-4afe-b5c2-da2ba4fb6c9b,2025102200785,2,0,1,2025-10-22 16:00,2025-10-22 17:00,8606,Leaf,湖南省,长沙市,岳麓区,洋湖湿地公园,f49a99ad-7c7f-4afe-b5c2-da2ba4fb6c9b,湖南省,长沙市,,,2025-08-01,2025-12-31,2,serial_id,asc,11,2026-08-12T08:57:38+00:00
0884cb9f-3c1a-4a58-9416-73cc0a97b424,2025102200993,2,0,1,2025-10-22 15:33,2025-10-22 15:33,29589,Beluga,湖南省,长沙市,开福区,达梦超级农场,0884cb9f-3c1a-4a58-9416-73cc0a97b424,湖南省,长沙市,,,2025-08-01,2025-12-31,2,serial_id,asc,11,2026-08-12T08:57:38+00:00
b0ac6af9-c78d-46f4-88d7-36f56e7c5b7d,2025102201018,2,0,8,2025-10-22 13:20,2025-10-22 16:13,22675,dxjecho,湖南省,长沙市,芙蓉区,九道湾社区公园(长沙市芙蓉区),b0ac6af9-c78d-46f4-88d7-36f56e7c5b7d,湖南省,长沙市,,,2025-08-01,2025-12-31,2,serial_id,asc,11,2026-08-12T08:57:38+00:00
f770d256-4f17-46f8-b02f-8f5dde03eb7b,2025102201119,2,0,10,2025-10-22 15:00,2025-10-22 17:30,68114,北美雕鸮,湖南省,长沙市,岳麓区,岳麓山国家重点风景名胜区-观日台(猛禽观测点),f770d256-4f17-46f8-b02f-8f5dde03eb7b,湖南省,长沙市,,,2025-08-01,2025-12-31,2,serial_id,asc,11,2026-08-12T08:57:38+00:00
878c8638-9a73-4f69-aab6-76ba06b34ae9,2025102201137,2,0,40,2025-10-22 08:30,2025-10-22 17:30,13498,寿带,湖南省,长沙市,岳麓区,岳麓山风景名胜区,878c8638-9a73-4f69-aab6-76ba06b34ae9,湖南省,长沙市,,,2025-08-01,2025-12-31,2,serial_id,asc,11,2026-08-12T08:57:38+00:00
98bcd1dc-c9be-4af0-8bec-f8b8e9924a65,2025102300086,2,0,15,2025-10-22 11:06,2025-10-22 15:15,80369,belle君,湖南省,长沙市,望城区,麻潭山滴翠峰,98bcd1dc-c9be-4af0-8bec-f8b8e9924a65,湖南省,长沙市,,,2025-08-01,2025-12-31,2,serial_id,asc,11,2026-08-12T08:57:38+00:00
9309a7ef-53f8-45c0-96a7-c3881fd128a9,2025102300250,2,0,9,2025-10-22 13:30,2025-10-22 16:23,28670,严茜予,湖南省,长沙市,岳麓区,梅溪湖公园,9309a7ef-53f8-45c0-96a7-c3881fd128a9,湖南省,长沙市,,,2025-08-01,2025-12-31,2,serial_id,asc,11,2026-08-12T08:57:38+00:00
c072b8f5-a966-45c0-8043-84f5533958d4,2025102300746,2,0,7,2025-10-23 15:00,2025-10-23 16:00,36488,无缺,湖南省,长沙市,望城区,麻潭山滴翠峰,c072b8f5-a966-45c0-8043-84f5533958d4,湖南省,长沙市,,,2025-08-01,2025-12-31,2,serial_id,asc,11,2026-08-12T08:57:38+00:00
144e2895-6218-42d9-aad7-8a4a4bffd4ca,2025102300852,2,0,18,2025-10-23 09:00,2025-10-23 10:00,73231,DrLamett,湖南省,长沙市,望城区,麻潭山滴翠峰,144e2895-6218-42d9-aad7-8a4a4bffd4ca,湖南省,长沙市,,,2025-08-01,2025-12-31,2,serial_id,asc,11,2026-08-12T08:57:38+00:00
3d0b70b4-596f-4bf9-b09d-e305c4d44e73,2025102301190,2,0,12,2025-10-23 08:20,2025-10-23 13:08,43027,喵十三,湖南省,长沙市,开福区,开福区老百姓大药房集团总部(芋坡路北50米),3d0b70b4-596f-4bf9-b09d-e305c4d44e73,湖南省,长沙市,,,2025-08-01,2025-12-31,2,serial_id,asc,11,2026-08-12T08:57:38+00:00
10a1db58-45b9-4bd6-860d-9c5000a21afd,2025102301192,2,0,11,2025-10-22 22:00,2025-10-22 23:00,43027,喵十三,湖南省,长沙市,长沙县,星隆国际广场,10a1db58-45b9-4bd6-860d-9c5000a21afd,湖南省,长沙市,,,2025-08-01,2025-12-31,2,serial_id,asc,11,2026-08-12T08:57:38+00:00
56bd1c0a-07d3-4db3-b349-66204bb86a07,2025102301219,2,0,3,2025-10-23 21:00,2025-10-23 22:00,46533,程佳强,湖南省,长沙市,望城区,沙河,56bd1c0a-07d3-4db3-b349-66204bb86a07,湖南省,长沙市,,,2025-08-01,2025-12-31,2,serial_id,asc,11,2026-08-12T08:57:38+00:00
ca231cc5-2996-4ef1-9f50-4ac903527def,2025102301232,2,0,13,2025-10-23 21:00,2025-10-23 22:00,46533,程佳强,湖南省,长沙市,望城区,麻潭山滴翠峰,ca231cc5-2996-4ef1-9f50-4ac903527def,湖南省,长沙市,,,2025-08-01,2025-12-31,2,serial_id,asc,11,2026-08-12T08:57:38+00:00
d613a7c1-37e9-4812-b8a7-4af40fa6b78d,2025102400220,2,0,12,2025-10-16 10:00,2025-10-16 16:19,20022,fly肖,湖南省,长沙市,岳麓区,后湖(长沙市岳麓区),d613a7c1-37e9-4812-b8a7-4af40fa6b78d,湖南省,长沙市,,,2025-08-01,2025-12-31,2,serial_id,asc,11,2026-08-12T08:57:38+00:00
9f685512-30e9-4460-8782-cc494b0d1e32,2025102401007,2,0,6,2025-10-24 16:00,2025-10-24 18:00,22770,gujiaxun80,湖南省,长沙市,天心区,长沙湘江风光带,9f685512-30e9-4460-8782-cc494b0d1e32,湖南省,长沙市,,,2025-08-01,2025-12-31,2,serial_id,asc,11,2026-08-12T08:57:38+00:00
600396b1-ba16-42bc-b026-15d21e067a51,2025102401073,2,0,7,2025-10-24 14:00,2025-10-24 17:00,68114,北美雕鸮,湖南省,长沙市,岳麓区,岳麓山国家重点风景名胜区-观日台(猛禽观测点),600396b1-ba16-42bc-b026-15d21e067a51,湖南省,长沙市,,,2025-08-01,2025-12-31,2,serial_id,asc,11,2026-08-12T08:57:38+00:00
1861ae9e-a564-4c6d-af70-aaeddbc68d89,2025102401125,2,0,31,2025-10-23 09:37,2025-10-23 16:37,56652,洛希,湖南省,长沙市,望城区,麻潭山滴翠峰,1861ae9e-a564-4c6d-af70-aaeddbc68d89,湖南省,长沙市,,,2025-08-01,2025-12-31,2,serial_id,asc,11,2026-08-12T08:57:38+00:00
ecfd3fed-ba70-4526-b139-8a9e2a276c9e,2025102401273,2,0,28,2025-10-24 21:00,2025-10-24 22:00,25634,葱歌,湖南省,长沙市,望城区,滴翠峰,ecfd3fed-ba70-4526-b139-8a9e2a276c9e,湖南省,长沙市,,,2025-08-01,2025-12-31,2,serial_id,asc,11,2026-08-12T08:57:38+00:00
072478e4-f8f1-487c-842a-b441a38ab0a1,2025102401325,2,0,42,2025-10-24 08:20,2025-10-24 16:20,56652,洛希,湖南省,长沙市,岳麓区,岳麓山风景名胜区,072478e4-f8f1-487c-842a-b441a38ab0a1,湖南省,长沙市,,,2025-08-01,2025-12-31,2,serial_id,asc,11,2026-08-12T08:57:38+00:00
71973489-aa3f-4b62-a325-a1e7c8f8400f,2025102500010,2,0,18,2025-10-24 13:00,2025-10-24 14:00,67758,asir,湖南省,长沙市,岳麓区,岳麓山国家重点风景名胜区,71973489-aa3f-4b62-a325-a1e7c8f8400f,湖南省,长沙市,,,2025-08-01,2025-12-31,2,serial_id,asc,11,2026-08-12T08:57:38+00:00
563fb072-8ef0-4943-a9c5-4327d9e00527,2025102500170,2,0,43,2025-10-24 08:20,2025-10-24 17:30,13498,寿带,湖南省,长沙市,岳麓区,岳麓山风景名胜区,563fb072-8ef0-4943-a9c5-4327d9e00527,湖南省,长沙市,,,2025-08-01,2025-12-31,2,serial_id,asc,11,2026-08-12T08:57:38+00:00
2e89ee64-b2fe-47b3-9ecc-263de883e077,2025102500460,2,0,21,2025-10-25 07:00,2025-10-25 10:53,39345,AUGabriel,湖南省,长沙市,长沙县,湖南松雅湖国家湿地公园,2e89ee64-b2fe-47b3-9ecc-263de883e077,湖南省,长沙市,,,2025-08-01,2025-12-31,2,serial_id,asc,11,2026-08-12T08:57:38+00:00
cf5ab3c5-1fb0-46af-83e4-ffa30c9d15f4,2025102500476,2,0,7,2025-10-25 10:00,2025-10-25 11:00,22675,dxjecho,湖南省,长沙市,岳麓区,能量谷,cf5ab3c5-1fb0-46af-83e4-ffa30c9d15f4,湖南省,长沙市,,,2025-08-01,2025-12-31,2,serial_id,asc,11,2026-08-12T08:57:38+00:00
1337f5d3-9dac-4959-bd3c-53179b7d8cb9,2025102500858,2,0,1,2025-10-25 10:00,2025-10-25 10:40,49110,谢蟲蟲,湖南省,长沙市,芙蓉区,芙蓉广场,1337f5d3-9dac-4959-bd3c-53179b7d8cb9,湖南省,长沙市,,,2025-08-01,2025-12-31,2,serial_id,asc,11,2026-08-12T08:57:38+00:00
b01b94df-1d6e-4539-a4ec-cc13bc164888,2025102501019,2,0,18,2025-10-24 09:00,2025-10-24 16:41,20022,fly肖,湖南省,长沙市,望城区,麻潭山滴翠峰,b01b94df-1d6e-4539-a4ec-cc13bc164888,湖南省,长沙市,,,2025-08-01,2025-12-31,2,serial_id,asc,11,2026-08-12T08:57:38+00:00
d87e85c9-e0bc-49dc-90e8-866f4b6dc6d9,2025102501221,2,0,14,2025-10-25 09:58,2025-10-25 15:30,56948,红糖Iris,湖南省,长沙市,望城区,麻潭山滴翠峰,d87e85c9-e0bc-49dc-90e8-866f4b6dc6d9,湖南省,长沙市,,,2025-08-01,2025-12-31,2,serial_id,asc,11,2026-08-12T08:57:38+00:00
b3ab1d41-749b-4eba-82a3-467ec0ad80bc,2025102501306,2,0,15,2025-10-25 14:00,2025-10-25 16:47,20022,fly肖,湖南省,长沙市,芙蓉区,浏阳河风光带(长沙市芙蓉区),b3ab1d41-749b-4eba-82a3-467ec0ad80bc,湖南省,长沙市,,,2025-08-01,2025-12-31,2,serial_id,asc,11,2026-08-12T08:57:38+00:00
ce37b907-198d-434f-89e0-d84a928ab38f,2025102501326,2,0,4,2025-10-25 16:00,2025-10-25 17:00,75155,sdgl0242,湖南省,长沙市,望城区,大泽湖,ce37b907-198d-434f-89e0-d84a928ab38f,湖南省,长沙市,,,2025-08-01,2025-12-31,2,serial_id,asc,11,2026-08-12T08:57:38+00:00
aa552c49-ec0c-45ce-92c4-9dec1979f0cf,2025102501477,2,0,33,2025-10-25 13:30,2025-10-25 17:19,69150,中南林野保变形虫,湖南省,长沙市,望城区,沙河大桥,aa552c49-ec0c-45ce-92c4-9dec1979f0cf,湖南省,长沙市,,,2025-08-01,2025-12-31,2,serial_id,asc,11,2026-08-12T08:57:38+00:00
b2d0d809-0462-4fa9-9e5b-37c43cfdfcfb,2025102501484,2,0,7,2025-10-22 09:31,2025-10-22 13:30,37379,1365731,湖南省,长沙市,岳麓区,岳麓山风景名胜区,b2d0d809-0462-4fa9-9e5b-37c43cfdfcfb,湖南省,长沙市,,,2025-08-01,2025-12-31,2,serial_id,asc,11,2026-08-12T08:57:38+00:00
fe5ba72a-9dab-402d-839b-9ec6dda64e46,2025102501494,2,0,3,2025-10-25 14:36,2025-10-25 17:36,37379,1365731,湖南省,长沙市,望城区,月亮岛,fe5ba72a-9dab-402d-839b-9ec6dda64e46,湖南省,长沙市,,,2025-08-01,2025-12-31,2,serial_id,asc,11,2026-08-12T08:57:38+00:00
d19c1c85-d94a-44f2-ad95-70a8f67f358b,2025102501504,2,0,4,2025-10-25 15:00,2025-10-25 16:00,74558,最后之基多拉,湖南省,长沙市,望城区,月亮岛,d19c1c85-d94a-44f2-ad95-70a8f67f358b,湖南省,长沙市,,,2025-08-01,2025-12-31,2,serial_id,asc,11,2026-08-12T08:57:38+00:00
699c72c2-4628-4cc9-97eb-6c1cf606d7c5,2025102501760,2,0,6,2025-10-25 19:00,2025-10-25 20:00,76989,金樽清酒,湖南省,长沙市,望城区,月亮岛,699c72c2-4628-4cc9-97eb-6c1cf606d7c5,湖南省,长沙市,,,2025-08-01,2025-12-31,2,serial_id,asc,11,2026-08-12T08:57:38+00:00
e884772d-99d3-46a5-bc1e-6e75c739dd95,2025102502014,2,0,6,2025-10-25 09:45,2025-10-25 12:45,34281,wzf666,湖南省,长沙市,岳麓区,岳麓山国家重点风景名胜区,e884772d-99d3-46a5-bc1e-6e75c739dd95,湖南省,长沙市,,,2025-08-01,2025-12-31,2,serial_id,asc,11,2026-08-12T08:57:38+00:00
782b798e-5961-45ee-b632-74a86539a996,2025102502155,2,0,9,2025-10-25 15:30,2025-10-25 17:00,71963,intchen,湖南省,长沙市,岳麓区,岳麓山国家重点风景名胜区,782b798e-5961-45ee-b632-74a86539a996,湖南省,长沙市,,,2025-08-01,2025-12-31,2,serial_id,asc,11,2026-08-12T08:57:38+00:00
a8bfa625-7c07-46c6-8276-f5e9b79caef8,2025102600042,2,0,15,2025-10-25 20:29,2025-10-26 01:00,67758,asir,湖南省,长沙市,岳麓区,岳麓山国家重点风景名胜区,a8bfa625-7c07-46c6-8276-f5e9b79caef8,湖南省,长沙市,,,2025-08-01,2025-12-31,2,serial_id,asc,11,2026-08-12T08:57:38+00:00
4905a163-f23c-470e-85d3-45bfe53a382f,2025102600191,2,0,33,2025-10-26 08:00,2025-10-26 14:00,41335,高荣庭,湖南省,长沙市,岳麓区,岳麓山风景名胜区,4905a163-f23c-470e-85d3-45bfe53a382f,湖南省,长沙市,,,2025-08-01,2025-12-31,2,serial_id,asc,11,2026-08-12T08:57:38+00:00
f7b0860f-15a6-4e50-a386-48a3cae4340b,2025102600208,2,0,4,2025-10-25 09:05,2025-10-25 09:08,80369,belle君,湖南省,长沙市,长沙县,湖南松雅湖国家湿地公园,f7b0860f-15a6-4e50-a386-48a3cae4340b,湖南省,长沙市,,,2025-08-01,2025-12-31,2,serial_id,asc,11,2026-08-12T08:57:38+00:00
893942c5-e3ce-4c03-9ad4-e6b9e33d83b6,2025102600331,2,0,13,2025-10-25 20:00,2025-10-26 01:15,68114,北美雕鸮,湖南省,长沙市,岳麓区,岳麓山国家重点风景名胜区,893942c5-e3ce-4c03-9ad4-e6b9e33d83b6,湖南省,长沙市,,,2025-08-01,2025-12-31,2,serial_id,asc,11,2026-08-12T08:57:38+00:00
7f5dd041-3c38-4999-8dbb-148abb651cec,2025102600384,2,0,19,2025-10-26 07:40,2025-10-26 11:00,77053,Nyna,湖南省,长沙市,岳麓区,岳麓山国家重点风景名胜区,7f5dd041-3c38-4999-8dbb-148abb651cec,湖南省,长沙市,,,2025-08-01,2025-12-31,2,serial_id,asc,11,2026-08-12T08:57:38+00:00
1f453107-26ac-4627-afea-6ba746ab7fa7,2025102600390,2,0,25,2025-10-26 07:00,2025-10-26 08:00,73231,DrLamett,湖南省,长沙市,望城区,月亮岛,1f453107-26ac-4627-afea-6ba746ab7fa7,湖南省,长沙市,,,2025-08-01,2025-12-31,2,serial_id,asc,11,2026-08-12T08:57:38+00:00
40eb9190-a86b-4305-9213-edff731fdc8d,2025102600518,2,0,15,2025-10-25 20:29,2025-10-26 01:16,56652,洛希,湖南省,长沙市,岳麓区,岳麓山风景名胜区,40eb9190-a86b-4305-9213-edff731fdc8d,湖南省,长沙市,,,2025-08-01,2025-12-31,2,serial_id,asc,12,2026-08-12T08:57:42+00:00
644bc37f-7b79-44bf-98e0-42479ca82bdf,2025102600649,2,0,10,2025-10-26 12:00,2025-10-26 13:00,25634,葱歌,湖南省,长沙市,望城区,麻潭山滴翠峰,644bc37f-7b79-44bf-98e0-42479ca82bdf,湖南省,长沙市,,,2025-08-01,2025-12-31,2,serial_id,asc,12,2026-08-12T08:57:42+00:00
b4ba7f63-f938-48b5-a837-fab40b82ad34,2025102600761,2,0,13,2025-10-25 20:30,2025-10-26 01:30,13498,寿带,湖南省,长沙市,岳麓区,岳麓山风景名胜区,b4ba7f63-f938-48b5-a837-fab40b82ad34,湖南省,长沙市,,,2025-08-01,2025-12-31,2,serial_id,asc,12,2026-08-12T08:57:42+00:00
fca1251e-97ca-4fff-94c1-8d2b79de8314,2025102600828,2,0,19,2025-10-26 10:00,2025-10-26 11:00,35030,saint,湖南省,长沙市,望城区,赵家弯,fca1251e-97ca-4fff-94c1-8d2b79de8314,湖南省,长沙市,,,2025-08-01,2025-12-31,2,serial_id,asc,12,2026-08-12T08:57:42+00:00
13d1abd0-fc93-479d-9f4b-aabeb51e9cc3,2025102600984,2,0,2,2025-10-26 14:00,2025-10-26 15:00,73231,DrLamett,湖南省,长沙市,望城区,麻潭山滴翠峰,13d1abd0-fc93-479d-9f4b-aabeb51e9cc3,湖南省,长沙市,,,2025-08-01,2025-12-31,2,serial_id,asc,12,2026-08-12T08:57:42+00:00
19be8430-a417-47de-a2b4-9755e3dbe3a4,2025102601436,2,0,13,2025-10-26 12:00,2025-10-26 16:00,75725,西谷椰子,湖南省,长沙市,望城区,大泽湖(长沙市望城区),19be8430-a417-47de-a2b4-9755e3dbe3a4,湖南省,长沙市,,,2025-08-01,2025-12-31,2,serial_id,asc,12,2026-08-12T08:57:42+00:00
0e717b6d-65cb-4471-9916-3565436188f1,2025102601448,2,0,3,2025-10-26 11:20,2025-10-26 16:20,37379,1365731,湖南省,长沙市,望城区,麻潭山滴翠峰,0e717b6d-65cb-4471-9916-3565436188f1,湖南省,长沙市,,,2025-08-01,2025-12-31,2,serial_id,asc,12,2026-08-12T08:57:42+00:00
fd7c8c09-e7ae-48b9-b987-cbfc32e929b8,2025102601564,2,0,6,2025-10-26 11:27,2025-10-26 12:27,84461,gingerjianglai,湖南省,长沙市,开福区,长沙烈士公园,fd7c8c09-e7ae-48b9-b987-cbfc32e929b8,湖南省,长沙市,,,2025-08-01,2025-12-31,2,serial_id,asc,12,2026-08-12T08:57:42+00:00
a156855e-f706-4dc1-98fb-8a79a677f9fb,2025102601602,2,0,8,2025-10-26 17:00,2025-10-26 18:00,76989,金樽清酒,湖南省,长沙市,岳麓区,岳麓山国家重点风景名胜区,a156855e-f706-4dc1-98fb-8a79a677f9fb,湖南省,长沙市,,,2025-08-01,2025-12-31,2,serial_id,asc,12,2026-08-12T08:57:42+00:00
a9a8b491-e081-4ca9-8929-bc9ff4337ed8,2025102601634,2,0,10,2025-10-26 14:50,2025-10-26 17:02,28670,严茜予,湖南省,长沙市,望城区,月亮岛,a9a8b491-e081-4ca9-8929-bc9ff4337ed8,湖南省,长沙市,,,2025-08-01,2025-12-31,2,serial_id,asc,12,2026-08-12T08:57:42+00:00
95aaa00b-093e-4b1b-9797-22bbe0fe9476,2025102601899,2,0,8,2025-10-26 10:00,2025-10-26 11:00,74558,最后之基多拉,湖南省,长沙市,浏阳市,云峰台,95aaa00b-093e-4b1b-9797-22bbe0fe9476,湖南省,长沙市,,,2025-08-01,2025-12-31,2,serial_id,asc,12,2026-08-12T08:57:42+00:00
60c6f8a4-a532-4edc-a53d-2cffde1721fc,2025102601911,2,0,22,2025-10-26 14:32,2025-10-26 17:30,56652,洛希,湖南省,长沙市,岳麓区,岳麓山风景名胜区,60c6f8a4-a532-4edc-a53d-2cffde1721fc,湖南省,长沙市,,,2025-08-01,2025-12-31,2,serial_id,asc,12,2026-08-12T08:57:42+00:00
64f2f87d-1036-47c4-94a6-4740d8a1e63d,2025102602080,2,0,20,2025-10-26 09:04,2025-10-26 12:21,8606,Leaf,湖南省,长沙市,岳麓区,洋湖湿地公园,64f2f87d-1036-47c4-94a6-4740d8a1e63d,湖南省,长沙市,,,2025-08-01,2025-12-31,2,serial_id,asc,12,2026-08-12T08:57:42+00:00
f873c0dc-1edd-4a1e-bbc6-b94f282ab5b2,2025102700442,2,0,7,2025-10-27 11:00,2025-10-27 12:00,22675,dxjecho,湖南省,长沙市,开福区,烈士公园,f873c0dc-1edd-4a1e-bbc6-b94f282ab5b2,湖南省,长沙市,,,2025-08-01,2025-12-31,2,serial_id,asc,12,2026-08-12T08:57:42+00:00
4f0ab4e2-75e4-4dec-a6c8-6f33d599cec7,2025102700481,2,0,19,2025-10-27 09:00,2025-10-27 10:00,68216,yuer,湖南省,长沙市,岳麓区,洋湖国家湿地公园,4f0ab4e2-75e4-4dec-a6c8-6f33d599cec7,湖南省,长沙市,,,2025-08-01,2025-12-31,2,serial_id,asc,12,2026-08-12T08:57:42+00:00
8c6d525f-2995-42c5-9736-a78cacad0bfe,2025102700602,2,0,10,2025-10-27 11:44,2025-10-27 13:00,68216,yuer,湖南省,长沙市,岳麓区,洋湖国家湿地公园,8c6d525f-2995-42c5-9736-a78cacad0bfe,湖南省,长沙市,,,2025-08-01,2025-12-31,2,serial_id,asc,12,2026-08-12T08:57:42+00:00
7b73a9fb-c33f-4dfd-aa74-b6e4fbc96339,2025102700691,2,0,9,2025-10-27 13:19,2025-10-27 13:51,68216,yuer,湖南省,长沙市,岳麓区,洋湖国家湿地公园,7b73a9fb-c33f-4dfd-aa74-b6e4fbc96339,湖南省,长沙市,,,2025-08-01,2025-12-31,2,serial_id,asc,12,2026-08-12T08:57:42+00:00
19d650ea-c5fd-494e-9788-e323e15a27f6,2025102701042,2,0,14,2025-10-26 13:00,2025-10-26 14:00,35030,saint,湖南省,长沙市,望城区,滴翠峰,19d650ea-c5fd-494e-9788-e323e15a27f6,湖南省,长沙市,,,2025-08-01,2025-12-31,2,serial_id,asc,12,2026-08-12T08:57:42+00:00
0c92ea55-a74f-4911-84cf-dd2e6c5a898f,2025102701081,2,0,3,2025-10-27 15:50,2025-10-27 18:10,68216,yuer,湖南省,长沙市,岳麓区,岳麓山国家重点风景名胜区-一洞天,0c92ea55-a74f-4911-84cf-dd2e6c5a898f,湖南省,长沙市,,,2025-08-01,2025-12-31,2,serial_id,asc,12,2026-08-12T08:57:42+00:00
8d57cf33-2ad1-4419-b2ce-917c3adfc590,2025102701127,2,0,17,2025-10-27 16:02,2025-10-27 18:02,67758,asir,湖南省,长沙市,芙蓉区,湖南烈士公园,8d57cf33-2ad1-4419-b2ce-917c3adfc590,湖南省,长沙市,,,2025-08-01,2025-12-31,2,serial_id,asc,12,2026-08-12T08:57:42+00:00
80ab4c94-8db6-4a7d-80d9-28b3d242092f,2025102701276,2,0,20,2025-10-26 09:31,2025-10-26 13:40,25628,笑看人生,湖南省,长沙市,芙蓉区,湖南烈士公园,80ab4c94-8db6-4a7d-80d9-28b3d242092f,湖南省,长沙市,,,2025-08-01,2025-12-31,2,serial_id,asc,12,2026-08-12T08:57:42+00:00
5e4dca5f-fd8a-4b6a-82dc-2771929b5058,2025102800214,2,0,22,2025-10-28 09:00,2025-10-28 10:00,25634,葱歌,湖南省,长沙市,望城区,麻潭山滴翠峰,5e4dca5f-fd8a-4b6a-82dc-2771929b5058,湖南省,长沙市,,,2025-08-01,2025-12-31,2,serial_id,asc,12,2026-08-12T08:57:42+00:00
3ba45206-3c69-42a3-a2a3-a984c7ee6237,2025102800250,2,0,18,2025-10-25 08:52,2025-10-25 11:43,8606,Leaf,湖南省,长沙市,长沙县,湖南松雅湖国家湿地公园,3ba45206-3c69-42a3-a2a3-a984c7ee6237,湖南省,长沙市,,,2025-08-01,2025-12-31,2,serial_id,asc,12,2026-08-12T08:57:42+00:00
1f8fb361-ee46-4ba6-b315-b646063c2f89,2025102800281,2,0,2,2025-10-28 09:04,2025-10-28 09:36,37379,1365731,湖南省,长沙市,望城区,麻潭山滴翠峰,1f8fb361-ee46-4ba6-b315-b646063c2f89,湖南省,长沙市,,,2025-08-01,2025-12-31,2,serial_id,asc,12,2026-08-12T08:57:42+00:00
7b3a7fbc-fb54-4870-bca8-68f84d2a97eb,2025102800531,2,0,12,2025-10-28 12:00,2025-10-28 13:00,81786,橘子233,湖南省,长沙市,岳麓区,岳麓山风景名胜区,7b3a7fbc-fb54-4870-bca8-68f84d2a97eb,湖南省,长沙市,,,2025-08-01,2025-12-31,2,serial_id,asc,12,2026-08-12T08:57:42+00:00
a0a0b309-7b41-4a1b-a4e6-6b4706e6c873,2025102800537,2,0,11,2025-10-26 12:06,2025-10-28 18:06,81786,橘子233,湖南省,长沙市,岳麓区,洋湖湿地公园,a0a0b309-7b41-4a1b-a4e6-6b4706e6c873,湖南省,长沙市,,,2025-08-01,2025-12-31,2,serial_id,asc,12,2026-08-12T08:57:42+00:00
0b252cac-c632-4729-ac82-c70fc1258cc3,2025102800552,2,0,25,2025-10-28 10:14,2025-10-28 12:14,80369,belle君,湖南省,长沙市,长沙县,长沙松雅湖湿地公园,0b252cac-c632-4729-ac82-c70fc1258cc3,湖南省,长沙市,,,2025-08-01,2025-12-31,2,serial_id,asc,12,2026-08-12T08:57:42+00:00
1d1cddec-10fd-4995-b951-48ea433d974e,2025102800909,2,0,1,2025-10-28 15:22,2025-10-28 15:25,69150,中南林野保变形虫,湖南省,长沙市,天心区,中南林业科技大学,1d1cddec-10fd-4995-b951-48ea433d974e,湖南省,长沙市,,,2025-08-01,2025-12-31,2,serial_id,asc,12,2026-08-12T08:57:42+00:00
dbfffff1-b08f-47a8-8060-afba0dbbb8a7,2025102800920,2,0,18,2025-10-28 15:00,2025-10-28 16:00,76989,金樽清酒,湖南省,长沙市,岳麓区,岳麓山国家重点风景名胜区,dbfffff1-b08f-47a8-8060-afba0dbbb8a7,湖南省,长沙市,,,2025-08-01,2025-12-31,2,serial_id,asc,12,2026-08-12T08:57:42+00:00
7d3c4233-ee6a-45bf-8995-083c5bdf82ce,2025102801146,2,0,10,2025-10-28 17:00,2025-10-28 18:00,67758,asir,湖南省,长沙市,岳麓区,岳麓山国家重点风景名胜区,7d3c4233-ee6a-45bf-8995-083c5bdf82ce,湖南省,长沙市,,,2025-08-01,2025-12-31,2,serial_id,asc,12,2026-08-12T08:57:42+00:00
abc97f86-ddaa-46e9-80df-db4f27a288b4,2025102801191,2,0,19,2025-10-28 12:20,2025-10-28 13:30,56652,洛希,湖南省,长沙市,开福区,烈士公园,abc97f86-ddaa-46e9-80df-db4f27a288b4,湖南省,长沙市,,,2025-08-01,2025-12-31,2,serial_id,asc,12,2026-08-12T08:57:42+00:00
22c1bb19-1515-4125-9d33-c14962426bb0,2025102801223,2,0,13,2025-10-28 10:00,2025-10-28 16:00,75725,西谷椰子,湖南省,长沙市,岳麓区,岳麓山国家重点风景名胜区,22c1bb19-1515-4125-9d33-c14962426bb0,湖南省,长沙市,,,2025-08-01,2025-12-31,2,serial_id,asc,12,2026-08-12T08:57:42+00:00
ae60ab62-f41d-45ae-8690-ad497492741b,2025102801501,2,0,25,2025-10-28 14:00,2025-10-28 16:10,21833,宝兴歌鸫,湖南省,长沙市,岳麓区,岳麓山国家重点风景名胜区,ae60ab62-f41d-45ae-8690-ad497492741b,湖南省,长沙市,,,2025-08-01,2025-12-31,2,serial_id,asc,12,2026-08-12T08:57:42+00:00
b73f74a7-26ec-4e71-9658-a77ced6e4f51,2025102900234,2,0,28,2025-10-29 09:00,2025-10-29 14:00,25590,luoli314159,湖南省,长沙市,雨花区,湖南省植物园,b73f74a7-26ec-4e71-9658-a77ced6e4f51,湖南省,长沙市,,,2025-08-01,2025-12-31,2,serial_id,asc,12,2026-08-12T08:57:42+00:00
4783ad43-5a12-4203-b2c6-3746ab5c8d6b,2025102900429,2,0,20,2025-10-29 12:00,2025-10-29 13:00,81786,橘子233,湖南省,长沙市,岳麓区,岳麓山国家重点风景名胜区,4783ad43-5a12-4203-b2c6-3746ab5c8d6b,湖南省,长沙市,,,2025-08-01,2025-12-31,2,serial_id,asc,12,2026-08-12T08:57:42+00:00
14de7fc2-f616-496b-a151-2a2a20612e0a,2025102900449,2,0,2,2025-10-29 13:00,2025-10-29 14:00,51825,peggy,湖南省,长沙市,芙蓉区,湖南有色金属研究院(高家坡路),14de7fc2-f616-496b-a151-2a2a20612e0a,湖南省,长沙市,,,2025-08-01,2025-12-31,2,serial_id,asc,12,2026-08-12T08:57:42+00:00
676fc82d-c6de-4af0-a585-9ef5e9bd2795,2025102900665,2,0,2,2025-10-29 15:00,2025-10-29 16:00,20342,颂庄,湖南省,长沙市,岳麓区,长沙王陵公园,676fc82d-c6de-4af0-a585-9ef5e9bd2795,湖南省,长沙市,,,2025-08-01,2025-12-31,2,serial_id,asc,12,2026-08-12T08:57:42+00:00
aa8ba34d-eaa8-4565-a7de-e6a9743ef105,2025102900694,2,0,12,2025-10-29 15:00,2025-10-29 16:00,36488,无缺,湖南省,长沙市,长沙县,磨盘洲生态公园,aa8ba34d-eaa8-4565-a7de-e6a9743ef105,湖南省,长沙市,,,2025-08-01,2025-12-31,2,serial_id,asc,12,2026-08-12T08:57:42+00:00
a08df1d9-09a8-46a6-87e5-423443243669,2025102900885,2,0,12,2025-10-29 09:25,2025-10-29 11:30,80369,belle君,湖南省,长沙市,岳麓区,岳麓山风景名胜区,a08df1d9-09a8-46a6-87e5-423443243669,湖南省,长沙市,,,2025-08-01,2025-12-31,2,serial_id,asc,12,2026-08-12T08:57:42+00:00
32c4e41c-c71c-4290-8df3-aec81c9bef5a,2025102901226,2,0,36,2025-10-29 09:15,2025-10-29 15:30,21833,宝兴歌鸫,湖南省,长沙市,岳麓区,岳麓山国家重点风景名胜区,32c4e41c-c71c-4290-8df3-aec81c9bef5a,湖南省,长沙市,,,2025-08-01,2025-12-31,2,serial_id,asc,12,2026-08-12T08:57:42+00:00
03baacfc-32c9-43a7-9131-b994410acd65,2025102901235,2,0,33,2025-10-25 13:30,2025-10-25 17:19,69168,中南林野保洄游,湖南省,长沙市,望城区,沙河大桥,03baacfc-32c9-43a7-9131-b994410acd65,湖南省,长沙市,,,2025-08-01,2025-12-31,2,serial_id,asc,12,2026-08-12T08:57:42+00:00
60d89c17-a814-410d-9650-1683627bc760,2025103000142,2,0,13,2025-10-30 07:08,2025-10-30 09:04,50180,贝尔箭螳,湖南省,长沙市,岳麓区,岳麓山风景名胜区,60d89c17-a814-410d-9650-1683627bc760,湖南省,长沙市,,,2025-08-01,2025-12-31,2,serial_id,asc,12,2026-08-12T08:57:42+00:00
f3d5e7ff-3641-4861-923e-d57035d67996,2025103000164,2,0,14,2025-10-30 09:00,2025-10-30 10:00,69137,中南林野保捕鸟蛛,湖南省,长沙市,岳麓区,岳麓山国家重点风景名胜区,f3d5e7ff-3641-4861-923e-d57035d67996,湖南省,长沙市,,,2025-08-01,2025-12-31,2,serial_id,asc,12,2026-08-12T08:57:42+00:00
dcf1a955-9fcd-47e7-991e-e7a27441dc47,2025103000165,2,0,14,2025-10-30 08:00,2025-10-30 09:00,52490,中南林野保英国短毛猫,湖南省,长沙市,岳麓区,岳麓山国家重点风景名胜区,dcf1a955-9fcd-47e7-991e-e7a27441dc47,湖南省,长沙市,,,2025-08-01,2025-12-31,2,serial_id,asc,12,2026-08-12T08:57:42+00:00
4475aaec-e1b9-4539-a36e-7c01df39da22,2025103000166,2,0,14,2025-10-30 09:00,2025-10-30 10:00,93312,草长坟,湖南省,长沙市,岳麓区,岳麓山国家重点风景名胜区,4475aaec-e1b9-4539-a36e-7c01df39da22,湖南省,长沙市,,,2025-08-01,2025-12-31,2,serial_id,asc,12,2026-08-12T08:57:42+00:00
1890904c-edea-43bb-8c2d-e3f66716dec9,2025103000241,2,0,19,2025-10-30 08:30,2025-10-30 11:00,69150,中南林野保变形虫,湖南省,长沙市,岳麓区,岳麓山-l,1890904c-edea-43bb-8c2d-e3f66716dec9,湖南省,长沙市,,,2025-08-01,2025-12-31,2,serial_id,asc,12,2026-08-12T08:57:42+00:00
a33e01ad-21b7-46d3-ace7-a7a2cfcf916a,2025103000248,2,0,16,2025-10-30 08:30,2025-10-30 11:00,69168,中南林野保洄游,湖南省,长沙市,岳麓区,岳麓山-l,a33e01ad-21b7-46d3-ace7-a7a2cfcf916a,湖南省,长沙市,,,2025-08-01,2025-12-31,2,serial_id,asc,12,2026-08-12T08:57:42+00:00
7ca75647-11d8-439f-9bef-1008d9b2bc96,2025103000339,2,0,10,2025-10-29 15:46,2025-10-30 12:00,52482,中南林野保老爷树蛙,湖南省,长沙市,岳麓区,岳麓山国家重点风景名胜区,7ca75647-11d8-439f-9bef-1008d9b2bc96,湖南省,长沙市,,,2025-08-01,2025-12-31,2,serial_id,asc,12,2026-08-12T08:57:42+00:00
15829690-41af-4ec8-97b1-e4d0a1759c05,2025103000361,2,0,5,2025-10-30 11:30,2025-10-30 12:02,51825,peggy,湖南省,长沙市,芙蓉区,湖南有色金属研究院(高家坡路),15829690-41af-4ec8-97b1-e4d0a1759c05,湖南省,长沙市,,,2025-08-01,2025-12-31,2,serial_id,asc,12,2026-08-12T08:57:42+00:00
154355ed-7c70-4bcf-887f-7ed62c35b5bb,2025103000370,2,0,27,2025-10-16 14:02,2025-10-16 17:02,8606,Leaf,湖南省,长沙市,岳麓区,洋湖湿地公园,154355ed-7c70-4bcf-887f-7ed62c35b5bb,湖南省,长沙市,,,2025-08-01,2025-12-31,2,serial_id,asc,12,2026-08-12T08:57:42+00:00
9bde827c-e2d3-487d-9846-f0cfef922e33,2025103000431,2,0,5,2025-10-30 07:30,2025-10-30 10:30,97431,卬aaa,湖南省,长沙市,岳麓区,岳麓山-l,9bde827c-e2d3-487d-9846-f0cfef922e33,湖南省,长沙市,,,2025-08-01,2025-12-31,2,serial_id,asc,13,2026-08-12T08:57:44+00:00
fb16ce8c-5251-4e32-a72c-d479e49554f3,2025103000457,2,0,8,2025-10-23 08:00,2025-10-23 11:50,97431,卬aaa,湖南省,长沙市,岳麓区,洋湖湿地公园,fb16ce8c-5251-4e32-a72c-d479e49554f3,湖南省,长沙市,,,2025-08-01,2025-12-31,2,serial_id,asc,13,2026-08-12T08:57:44+00:00
c1cbfcf6-46ee-43e8-9876-2949173f9c63,2025103000622,2,0,19,2025-10-30 08:30,2025-10-30 11:00,69129,中南林野保毛虫,湖南省,长沙市,岳麓区,岳麓山-l,c1cbfcf6-46ee-43e8-9876-2949173f9c63,湖南省,长沙市,,,2025-08-01,2025-12-31,2,serial_id,asc,13,2026-08-12T08:57:44+00:00
1e78abd7-edc2-4862-9f0e-697d0b431fce,2025103000799,2,0,9,2025-10-07 08:01,2025-10-07 10:30,93312,草长坟,湖南省,长沙市,长沙县,松雅湖,1e78abd7-edc2-4862-9f0e-697d0b431fce,湖南省,长沙市,,,2025-08-01,2025-12-31,2,serial_id,asc,13,2026-08-12T08:57:44+00:00
1bfec243-29a1-4e16-8db0-6313efb202a8,2025103000897,2,0,34,2025-10-30 10:12,2025-10-30 16:00,67758,asir,湖南省,长沙市,岳麓区,岳麓山国家重点风景名胜区,1bfec243-29a1-4e16-8db0-6313efb202a8,湖南省,长沙市,,,2025-08-01,2025-12-31,2,serial_id,asc,13,2026-08-12T08:57:44+00:00
f08440eb-6c32-4372-9b1f-5cbdc381a96c,2025103000915,2,0,16,2025-10-29 14:01,2025-10-29 17:10,13498,寿带,湖南省,长沙市,岳麓区,岳麓山风景名胜区,f08440eb-6c32-4372-9b1f-5cbdc381a96c,湖南省,长沙市,,,2025-08-01,2025-12-31,2,serial_id,asc,13,2026-08-12T08:57:44+00:00
b0d5df66-aabb-4f34-8420-b03d4a1fc394,2025103001003,2,0,19,2025-10-30 10:12,2025-10-30 12:24,68114,北美雕鸮,湖南省,长沙市,岳麓区,岳麓山国家重点风景名胜区,b0d5df66-aabb-4f34-8420-b03d4a1fc394,湖南省,长沙市,,,2025-08-01,2025-12-31,2,serial_id,asc,13,2026-08-12T08:57:44+00:00
74243e68-08eb-4400-99b0-20e2b436f615,2025103001165,2,0,1,2025-10-29 10:43,2025-10-29 11:43,37379,1365731,湖南省,长沙市,芙蓉区,湖南烈士公园,74243e68-08eb-4400-99b0-20e2b436f615,湖南省,长沙市,,,2025-08-01,2025-12-31,2,serial_id,asc,13,2026-08-12T08:57:44+00:00
fb469864-d794-4faf-b275-503e45f645dd,2025103100092,2,0,29,2025-10-31 08:00,2025-10-31 09:00,29012,lisaknows,湖南省,长沙市,岳麓区,岳麓山国家重点风景名胜区,fb469864-d794-4faf-b275-503e45f645dd,湖南省,长沙市,,,2025-08-01,2025-12-31,2,serial_id,asc,13,2026-08-12T08:57:44+00:00
e1969e30-809a-457e-b68e-68086133e686,2025103100291,2,0,1,2025-09-30 10:26,2025-09-30 11:26,73231,DrLamett,湖南省,长沙市,岳麓区,橘子洲景区,e1969e30-809a-457e-b68e-68086133e686,湖南省,长沙市,,,2025-08-01,2025-12-31,2,serial_id,asc,13,2026-08-12T08:57:44+00:00
a3367c19-f271-43d5-a8b4-1266287b4127,2025103100361,2,0,19,2025-10-31 10:00,2025-10-31 11:00,78920,大鱼阿,湖南省,长沙市,宁乡市,湖南炭河里国家考古遗址公园,a3367c19-f271-43d5-a8b4-1266287b4127,湖南省,长沙市,,,2025-08-01,2025-12-31,2,serial_id,asc,13,2026-08-12T08:57:44+00:00
531b48aa-d40c-46f3-ab03-a803a999cf28,2025103100378,2,0,8,2025-10-31 11:00,2025-10-31 12:00,20342,颂庄,湖南省,长沙市,天心区,南郊公园(天心区南二环二段442号),531b48aa-d40c-46f3-ab03-a803a999cf28,湖南省,长沙市,,,2025-08-01,2025-12-31,2,serial_id,asc,13,2026-08-12T08:57:44+00:00
e7c181f3-10cb-4a96-83c5-b3bac0f467d2,2025103100544,2,0,23,2025-10-31 11:00,2025-10-31 13:01,73231,DrLamett,湖南省,长沙市,岳麓区,岳麓山风景名胜区,e7c181f3-10cb-4a96-83c5-b3bac0f467d2,湖南省,长沙市,,,2025-08-01,2025-12-31,2,serial_id,asc,13,2026-08-12T08:57:44+00:00
14e5ff6a-eb95-4d1f-9ec2-84082ea00fe4,2025103100819,2,0,22,2025-10-31 08:00,2025-10-31 14:00,28517,Danlin,湖南省,长沙市,岳麓区,岳麓山国家重点风景名胜区,14e5ff6a-eb95-4d1f-9ec2-84082ea00fe4,湖南省,长沙市,,,2025-08-01,2025-12-31,2,serial_id,asc,13,2026-08-12T08:57:44+00:00
b41120ec-d5a2-40a4-8c0c-3502da79604d,2025103100989,2,0,14,2025-10-31 11:30,2025-10-31 14:30,40145,旺兔,湖南省,长沙市,岳麓区,岳麓山风景名胜区,b41120ec-d5a2-40a4-8c0c-3502da79604d,湖南省,长沙市,,,2025-08-01,2025-12-31,2,serial_id,asc,13,2026-08-12T08:57:44+00:00
f9fea9cc-8f8e-4075-816d-e3815188e8fa,2025103101008,2,0,15,2025-10-30 12:10,2025-10-30 17:30,54274,嘎儿,湖南省,长沙市,岳麓区,岳麓山国家重点风景名胜区,f9fea9cc-8f8e-4075-816d-e3815188e8fa,湖南省,长沙市,,,2025-08-01,2025-12-31,2,serial_id,asc,13,2026-08-12T08:57:44+00:00
1727e134-4df5-4318-b0b9-bfa6ab9115de,2025103101064,2,0,11,2025-10-28 10:29,2025-10-28 12:23,40145,旺兔,湖南省,长沙市,开福区,烈士公园,1727e134-4df5-4318-b0b9-bfa6ab9115de,湖南省,长沙市,,,2025-08-01,2025-12-31,2,serial_id,asc,13,2026-08-12T08:57:44+00:00
6e8ebc62-1294-4a58-9c1f-fbf94567eda7,2025103101178,2,0,40,2025-10-31 10:00,2025-10-31 16:00,21833,宝兴歌鸫,湖南省,长沙市,岳麓区,岳麓山国家重点风景名胜区,6e8ebc62-1294-4a58-9c1f-fbf94567eda7,湖南省,长沙市,,,2025-08-01,2025-12-31,2,serial_id,asc,13,2026-08-12T08:57:44+00:00
b5d12497-5f7d-498f-a22c-73757e866c2d,2025103101181,2,0,8,2025-10-31 22:00,2025-10-31 23:00,76989,金樽清酒,湖南省,长沙市,宁乡市,冠源·爱琴湾,b5d12497-5f7d-498f-a22c-73757e866c2d,湖南省,长沙市,,,2025-08-01,2025-12-31,2,serial_id,asc,13,2026-08-12T08:57:44+00:00
5ea02ac0-daec-46d9-b844-0c929707b736,2025103101182,2,0,4,2025-10-31 22:00,2025-10-31 23:00,76989,金樽清酒,湖南省,长沙市,宁乡市,宁乡玉潭公园,5ea02ac0-daec-46d9-b844-0c929707b736,湖南省,长沙市,,,2025-08-01,2025-12-31,2,serial_id,asc,13,2026-08-12T08:57:44+00:00
2be6c980-096d-40ea-aea6-ac1dcb831c53,2025110100125,2,0,5,2025-10-31 20:10,2025-11-01 01:57,69150,中南林野保变形虫,湖南省,长沙市,岳麓区,岳麓山-l,2be6c980-096d-40ea-aea6-ac1dcb831c53,湖南省,长沙市,,,2025-08-01,2025-12-31,2,serial_id,asc,13,2026-08-12T08:57:44+00:00
9de1f021-5fd0-41c6-bc38-84d5b255f67a,2025110100311,2,0,23,2025-11-01 09:00,2025-11-01 10:00,28670,严茜予,湖南省,长沙市,岳麓区,岳麓山风景名胜区,9de1f021-5fd0-41c6-bc38-84d5b255f67a,湖南省,长沙市,,,2025-08-01,2025-12-31,2,serial_id,asc,13,2026-08-12T08:57:44+00:00
f5fe888e-8daf-411c-8193-07b6198bf823,2025110100584,2,0,5,2025-11-01 11:00,2025-11-01 12:00,51825,peggy,湖南省,长沙市,天心区,恰同学少年广场,f5fe888e-8daf-411c-8193-07b6198bf823,湖南省,长沙市,,,2025-08-01,2025-12-31,2,serial_id,asc,13,2026-08-12T08:57:44+00:00
ce2a5d7c-1956-4386-b356-1833529f934d,2025110100771,2,0,22,2025-11-01 11:30,2025-11-01 17:30,36545,晚舟,湖南省,长沙市,岳麓区,岳麓山风景名胜区,ce2a5d7c-1956-4386-b356-1833529f934d,湖南省,长沙市,,,2025-08-01,2025-12-31,2,serial_id,asc,13,2026-08-12T08:57:44+00:00
e3ee2b54-fc06-49d0-a50f-8b577ee2f3bb,2025110101107,2,0,42,2025-11-01 07:59,2025-11-01 17:44,34541,昳澄,湖南省,长沙市,岳麓区,岳麓山国家重点风景名胜区,e3ee2b54-fc06-49d0-a50f-8b577ee2f3bb,湖南省,长沙市,,,2025-08-01,2025-12-31,2,serial_id,asc,13,2026-08-12T08:57:44+00:00
7db02c2c-555c-46a5-bcc3-5ce331f08528,2025110101220,2,0,16,2025-11-01 15:00,2025-11-01 16:00,74558,最后之基多拉,湖南省,长沙市,岳麓区,岳麓山风景名胜区,7db02c2c-555c-46a5-bcc3-5ce331f08528,湖南省,长沙市,,,2025-08-01,2025-12-31,2,serial_id,asc,13,2026-08-12T08:57:44+00:00
15274c0b-eb0d-40e4-bb19-f4c21aefd675,2025110101408,2,0,10,2025-11-01 09:34,2025-11-01 16:34,36975,windflowerjulia,湖南省,长沙市,岳麓区,岳麓山风景名胜区,15274c0b-eb0d-40e4-bb19-f4c21aefd675,湖南省,长沙市,,,2025-08-01,2025-12-31,2,serial_id,asc,13,2026-08-12T08:57:44+00:00
c18f8817-32f7-437b-bd7d-f89f484af04e,2025110101461,2,0,1,2025-11-01 09:00,2025-11-01 11:00,88425,Zzz7177,湖南省,长沙市,岳麓区,岳麓区洋湖国家湿地公园(罗谷塘路北50米),c18f8817-32f7-437b-bd7d-f89f484af04e,湖南省,长沙市,,,2025-08-01,2025-12-31,2,serial_id,asc,13,2026-08-12T08:57:44+00:00
1ce788c2-b961-46f1-856b-7a18b78acfb2,2025110101690,2,0,12,2025-10-31 20:08,2025-11-01 17:49,56948,红糖Iris,湖南省,长沙市,岳麓区,岳麓山风景名胜区,1ce788c2-b961-46f1-856b-7a18b78acfb2,湖南省,长沙市,,,2025-08-01,2025-12-31,2,serial_id,asc,13,2026-08-12T08:57:44+00:00
4ba2d081-637a-4dd8-8e33-18752f6dc7bc,2025110101825,2,0,16,2025-11-01 08:00,2025-11-01 09:00,79171,何羽璇,湖南省,长沙市,岳麓区,洋湖湿地公园,4ba2d081-637a-4dd8-8e33-18752f6dc7bc,湖南省,长沙市,,,2025-08-01,2025-12-31,2,serial_id,asc,13,2026-08-12T08:57:44+00:00
60967ab8-3783-4f76-ad45-debfc52c13f4,2025110101924,2,0,8,2025-11-01 14:20,2025-11-01 17:20,22675,dxjecho,湖南省,长沙市,岳麓区,岳麓山风景名胜区,60967ab8-3783-4f76-ad45-debfc52c13f4,湖南省,长沙市,,,2025-08-01,2025-12-31,2,serial_id,asc,13,2026-08-12T08:57:44+00:00
3204e6bc-01c7-4da9-b467-7ada664bdad9,2025110101942,2,0,7,2025-10-31 10:01,2025-10-31 13:10,37379,1365731,湖南省,长沙市,岳麓区,岳麓山风景名胜区,3204e6bc-01c7-4da9-b467-7ada664bdad9,湖南省,长沙市,,,2025-08-01,2025-12-31,2,serial_id,asc,13,2026-08-12T08:57:44+00:00
f9027cfe-f9cf-47da-b69c-2f68491efce5,2025110102027,2,0,19,2025-11-01 13:00,2025-11-01 17:30,79800,hahahahhahahah,湖南省,长沙市,岳麓区,洋湖湿地公园,f9027cfe-f9cf-47da-b69c-2f68491efce5,湖南省,长沙市,,,2025-08-01,2025-12-31,2,serial_id,asc,13,2026-08-12T08:57:44+00:00
3f624b99-5302-497f-8264-03c2cf07fe2d,2025110102050,2,0,10,2025-11-01 20:00,2025-11-01 21:00,76989,金樽清酒,湖南省,长沙市,岳麓区,岳麓山国家重点风景名胜区,3f624b99-5302-497f-8264-03c2cf07fe2d,湖南省,长沙市,,,2025-08-01,2025-12-31,2,serial_id,asc,13,2026-08-12T08:57:44+00:00
1daf5aec-3d3b-4dea-b32b-b1fb828b518f,2025110200355,2,0,20,2025-11-02 09:00,2025-11-02 17:00,36545,晚舟,湖南省,长沙市,岳麓区,岳麓山风景名胜区,1daf5aec-3d3b-4dea-b32b-b1fb828b518f,湖南省,长沙市,,,2025-08-01,2025-12-31,2,serial_id,asc,13,2026-08-12T08:57:44+00:00
09b14086-eb62-4b73-a23d-3c0065848a9d,2025110200696,2,0,11,2025-11-02 11:00,2025-11-02 15:37,51825,peggy,湖南省,长沙市,岳麓区,岳麓山国家重点风景名胜区,09b14086-eb62-4b73-a23d-3c0065848a9d,湖南省,长沙市,,,2025-08-01,2025-12-31,2,serial_id,asc,13,2026-08-12T08:57:44+00:00
107e33ca-a977-4ef3-8273-c1e1c45abaf0,2025110200824,2,0,31,2025-11-02 07:20,2025-11-02 12:14,69150,中南林野保变形虫,湖南省,长沙市,岳麓区,岳麓山风景名胜区,107e33ca-a977-4ef3-8273-c1e1c45abaf0,湖南省,长沙市,,,2025-08-01,2025-12-31,2,serial_id,asc,13,2026-08-12T08:57:44+00:00
6d114821-275e-4a8f-8371-4a748566a3c4,2025110200828,2,0,9,2025-11-02 09:00,2025-11-02 11:40,93312,草长坟,湖南省,长沙市,岳麓区,湖南先导洋湖再生水有限公司,6d114821-275e-4a8f-8371-4a748566a3c4,湖南省,长沙市,,,2025-08-01,2025-12-31,2,serial_id,asc,13,2026-08-12T08:57:44+00:00
dacda9df-c5e5-42c7-8e46-6669d33efcf0,2025110200877,2,0,25,2025-11-02 07:13,2025-11-02 12:30,56948,红糖Iris,湖南省,长沙市,岳麓区,岳麓山风景名胜区,dacda9df-c5e5-42c7-8e46-6669d33efcf0,湖南省,长沙市,,,2025-08-01,2025-12-31,2,serial_id,asc,13,2026-08-12T08:57:44+00:00
f79528a8-d9c7-46e8-a53c-167dcee36550,2025110200983,2,0,17,2025-11-02 11:00,2025-11-02 12:00,74558,最后之基多拉,湖南省,长沙市,浏阳市,板贝水库,f79528a8-d9c7-46e8-a53c-167dcee36550,湖南省,长沙市,,,2025-08-01,2025-12-31,2,serial_id,asc,13,2026-08-12T08:57:44+00:00
3c27d15d-f0a1-43dd-b09b-eec86bb22b75,2025110201050,2,0,1,2025-10-26 09:30,2025-10-26 09:32,96833,辰子,湖南省,长沙市,岳麓区,岳麓山鸟塘,3c27d15d-f0a1-43dd-b09b-eec86bb22b75,湖南省,长沙市,,,2025-08-01,2025-12-31,2,serial_id,asc,13,2026-08-12T08:57:44+00:00
78324d2f-350a-412b-82e2-b552941db954,2025110201269,2,0,30,2025-11-02 08:30,2025-11-02 11:20,21833,宝兴歌鸫,湖南省,长沙市,岳麓区,岳麓山国家重点风景名胜区,78324d2f-350a-412b-82e2-b552941db954,湖南省,长沙市,,,2025-08-01,2025-12-31,2,serial_id,asc,13,2026-08-12T08:57:44+00:00
a3271ee2-3014-4053-8cb8-842f8b30c521,2025110201329,2,0,31,2025-11-02 08:17,2025-11-02 15:48,34541,昳澄,湖南省,长沙市,岳麓区,岳麓山国家重点风景名胜区,a3271ee2-3014-4053-8cb8-842f8b30c521,湖南省,长沙市,,,2025-08-01,2025-12-31,2,serial_id,asc,13,2026-08-12T08:57:44+00:00
2e962d45-7c18-4bfe-8692-4fff566d14f8,2025110201471,2,0,6,2025-11-02 16:00,2025-11-02 17:00,78920,大鱼阿,湖南省,长沙市,宁乡市,南轩文化园,2e962d45-7c18-4bfe-8692-4fff566d14f8,湖南省,长沙市,,,2025-08-01,2025-12-31,2,serial_id,asc,13,2026-08-12T08:57:44+00:00
14d1ef7c-b7e9-47df-95d1-dd451e124729,2025110201906,2,0,14,2025-10-31 12:00,2025-10-31 14:00,32876,水草,湖南省,长沙市,岳麓区,岳麓山风景名胜区,14d1ef7c-b7e9-47df-95d1-dd451e124729,湖南省,长沙市,,,2025-08-01,2025-12-31,2,serial_id,asc,13,2026-08-12T08:57:44+00:00
7eef2be8-937a-47e3-b84b-81a8372e398e,2025110202255,2,0,17,2025-11-01 13:30,2025-11-01 19:00,87081,脆脆,湖南省,长沙市,望城区,沙河大桥,7eef2be8-937a-47e3-b84b-81a8372e398e,湖南省,长沙市,,,2025-08-01,2025-12-31,2,serial_id,asc,13,2026-08-12T08:57:44+00:00
8b67d564-f0e7-4d02-86fd-b4beae7fe04c,2025110202433,2,0,6,2025-11-02 09:00,2025-11-02 12:38,89249,大牛牛,湖南省,长沙市,望城区,月亮岛,8b67d564-f0e7-4d02-86fd-b4beae7fe04c,湖南省,长沙市,,,2025-08-01,2025-12-31,2,serial_id,asc,13,2026-08-12T08:57:44+00:00
c15370a4-826e-492e-8e3b-8b3384681adf,2025110300087,2,0,16,2025-11-02 10:22,2025-11-02 13:09,40145,旺兔,湖南省,长沙市,岳麓区,岳麓山国家重点风景名胜区,c15370a4-826e-492e-8e3b-8b3384681adf,湖南省,长沙市,,,2025-08-01,2025-12-31,2,serial_id,asc,13,2026-08-12T08:57:44+00:00
061a99bf-e7e3-4712-851d-292524dfc932,2025110300494,2,0,1,2025-11-03 13:00,2025-11-03 14:00,73231,DrLamett,湖南省,长沙市,岳麓区,能量谷,061a99bf-e7e3-4712-851d-292524dfc932,湖南省,长沙市,,,2025-08-01,2025-12-31,2,serial_id,asc,13,2026-08-12T08:57:44+00:00
990cea8c-7116-482a-8682-64d9c07d62c1,2025110300945,2,0,1,2025-11-02 18:45,2025-11-02 18:45,46533,程佳强,湖南省,长沙市,岳麓区,岳麓山风景名胜区,990cea8c-7116-482a-8682-64d9c07d62c1,湖南省,长沙市,,,2025-08-01,2025-12-31,2,serial_id,asc,13,2026-08-12T08:57:44+00:00
c6c7d4a8-8959-41b4-b68a-6ba762c1a386,2025110301298,2,0,25,2025-11-02 09:01,2025-11-02 14:12,32876,水草,湖南省,长沙市,岳麓区,岳麓山风景名胜区,c6c7d4a8-8959-41b4-b68a-6ba762c1a386,湖南省,长沙市,,,2025-08-01,2025-12-31,2,serial_id,asc,14,2026-08-12T08:57:48+00:00
e6bab512-3349-42f7-bb5b-2b626ce8264d,2025110400562,2,0,22,2025-11-04 14:00,2025-11-04 15:00,29012,lisaknows,湖南省,长沙市,岳麓区,岳麓山风景名胜区,e6bab512-3349-42f7-bb5b-2b626ce8264d,湖南省,长沙市,,,2025-08-01,2025-12-31,2,serial_id,asc,14,2026-08-12T08:57:48+00:00
afde559a-3510-4b36-9054-d184a5098bb0,2025110400686,2,0,24,2025-11-04 09:02,2025-11-04 12:02,32805,小婷,湖南省,长沙市,岳麓区,洋湖湿地公园,afde559a-3510-4b36-9054-d184a5098bb0,湖南省,长沙市,,,2025-08-01,2025-12-31,2,serial_id,asc,14,2026-08-12T08:57:48+00:00
c50a0885-8d29-4f81-bd62-017611d0ebf1,2025110400748,2,0,6,2025-11-04 15:00,2025-11-04 16:00,36488,无缺,湖南省,长沙市,岳麓区,能量谷,c50a0885-8d29-4f81-bd62-017611d0ebf1,湖南省,长沙市,,,2025-08-01,2025-12-31,2,serial_id,asc,14,2026-08-12T08:57:48+00:00
bd62a9d3-ec85-4bc3-96b4-22ecb36e168d,2025110400982,2,0,1,2025-11-04 18:00,2025-11-04 19:00,22612,中南林野保蝎子,湖南省,长沙市,岳麓区,岳麓山风景名胜区,bd62a9d3-ec85-4bc3-96b4-22ecb36e168d,湖南省,长沙市,,,2025-08-01,2025-12-31,2,serial_id,asc,14,2026-08-12T08:57:48+00:00
49ebc586-ea89-4e98-975d-b93e6533b846,2025110401110,2,0,17,2025-11-02 13:49,2025-11-02 16:49,43027,喵十三,湖南省,长沙市,岳麓区,岳麓山风景名胜区,49ebc586-ea89-4e98-975d-b93e6533b846,湖南省,长沙市,,,2025-08-01,2025-12-31,2,serial_id,asc,14,2026-08-12T08:57:48+00:00
10732683-1072-4be3-9557-b75e43fc053a,2025110401116,2,0,12,2025-10-26 13:00,2025-10-26 16:14,43027,喵十三,湖南省,长沙市,开福区,烈士公园,10732683-1072-4be3-9557-b75e43fc053a,湖南省,长沙市,,,2025-08-01,2025-12-31,2,serial_id,asc,14,2026-08-12T08:57:48+00:00
e8eb5154-555a-4943-9615-1343db065a8d,2025110401260,2,0,15,2025-11-04 11:15,2025-11-04 17:40,81786,橘子233,湖南省,长沙市,岳麓区,岳麓山风景名胜区,e8eb5154-555a-4943-9615-1343db065a8d,湖南省,长沙市,,,2025-08-01,2025-12-31,2,serial_id,asc,14,2026-08-12T08:57:48+00:00
fbf80d55-8d7b-4a57-b293-14d6f1e2df78,2025110401313,2,0,9,2025-11-04 23:21,2025-11-05 00:00,67758,asir,湖南省,长沙市,岳麓区,岳麓山国家重点风景名胜区,fbf80d55-8d7b-4a57-b293-14d6f1e2df78,湖南省,长沙市,,,2025-08-01,2025-12-31,2,serial_id,asc,14,2026-08-12T08:57:48+00:00
1f0a43ce-eae3-4b7e-8da1-65bd37e9809d,2025110500003,2,0,9,2025-11-04 19:06,2025-11-04 23:06,13498,寿带,湖南省,长沙市,岳麓区,岳麓山风景名胜区,1f0a43ce-eae3-4b7e-8da1-65bd37e9809d,湖南省,长沙市,,,2025-08-01,2025-12-31,2,serial_id,asc,14,2026-08-12T08:57:48+00:00
0d18d327-cb29-42bc-81a8-7d4fe0959f58,2025110500409,2,0,23,2025-11-05 08:00,2025-11-05 09:00,67758,asir,湖南省,长沙市,岳麓区,岳麓山国家重点风景名胜区,0d18d327-cb29-42bc-81a8-7d4fe0959f58,湖南省,长沙市,,,2025-08-01,2025-12-31,2,serial_id,asc,14,2026-08-12T08:57:48+00:00
5f27a279-2a12-48e3-aedc-ff9718a9b0ab,2025110500603,2,0,5,2025-11-05 12:32,2025-11-05 13:32,36975,windflowerjulia,湖南省,长沙市,开福区,烈士公园,5f27a279-2a12-48e3-aedc-ff9718a9b0ab,湖南省,长沙市,,,2025-08-01,2025-12-31,2,serial_id,asc,14,2026-08-12T08:57:48+00:00
6f3ce74a-d1f5-408f-8bc4-25da5fbf12c3,2025110500626,2,0,26,2025-11-05 07:40,2025-11-05 11:05,57402,木豆,湖南省,长沙市,岳麓区,岳麓区洋湖国家湿地公园(洋湖路北400米),6f3ce74a-d1f5-408f-8bc4-25da5fbf12c3,湖南省,长沙市,,,2025-08-01,2025-12-31,2,serial_id,asc,14,2026-08-12T08:57:48+00:00
3acd12b5-0865-4f79-bf7b-9543488b90bd,2025110500711,2,0,15,2025-11-05 15:00,2025-11-05 16:00,52482,中南林野保老爷树蛙,湖南省,长沙市,岳麓区,岳麓山国家重点风景名胜区,3acd12b5-0865-4f79-bf7b-9543488b90bd,湖南省,长沙市,,,2025-08-01,2025-12-31,2,serial_id,asc,14,2026-08-12T08:57:48+00:00
365885ab-c466-44ca-aa28-7d7498be6305,2025110500727,2,0,1,2025-11-05 15:00,2025-11-05 16:00,97924,MellamoCC,湖南省,长沙市,岳麓区,洋湖湿地公园,365885ab-c466-44ca-aa28-7d7498be6305,湖南省,长沙市,,,2025-08-01,2025-12-31,2,serial_id,asc,14,2026-08-12T08:57:48+00:00
a7f9c7d4-27d7-4721-9692-4e75c08c1620,2025110500828,2,0,1,2025-11-05 16:00,2025-11-05 17:00,78906,水札,湖南省,长沙市,岳麓区,洋湖国家湿地公园,a7f9c7d4-27d7-4721-9692-4e75c08c1620,湖南省,长沙市,,,2025-08-01,2025-12-31,2,serial_id,asc,14,2026-08-12T08:57:48+00:00
1ee02d95-6829-43cc-b994-bb2e0935c436,2025110500916,2,0,4,2025-11-05 16:40,2025-11-05 17:30,54274,嘎儿,湖南省,长沙市,岳麓区,岳麓山风景名胜区,1ee02d95-6829-43cc-b994-bb2e0935c436,湖南省,长沙市,,,2025-08-01,2025-12-31,2,serial_id,asc,14,2026-08-12T08:57:48+00:00
8027dedc-db04-4215-875a-a856d005f9ce,2025110501209,2,0,17,2025-11-05 10:29,2025-11-05 15:21,40145,旺兔,湖南省,长沙市,岳麓区,岳麓山国家重点风景名胜区,8027dedc-db04-4215-875a-a856d005f9ce,湖南省,长沙市,,,2025-08-01,2025-12-31,2,serial_id,asc,14,2026-08-12T08:57:48+00:00
773afc96-c3ba-42be-b192-247da14dfbdc,2025110501269,2,0,8,2025-11-05 23:00,2025-11-06 00:00,81786,橘子233,湖南省,长沙市,岳麓区,洋湖湿地公园,773afc96-c3ba-42be-b192-247da14dfbdc,湖南省,长沙市,,,2025-08-01,2025-12-31,2,serial_id,asc,14,2026-08-12T08:57:48+00:00
d333fde2-064a-4dab-adb0-dd268f896e45,2025110600234,2,0,13,2025-11-06 10:00,2025-11-06 11:00,29012,lisaknows,湖南省,长沙市,岳麓区,岳麓山风景名胜区,d333fde2-064a-4dab-adb0-dd268f896e45,湖南省,长沙市,,,2025-08-01,2025-12-31,2,serial_id,asc,14,2026-08-12T08:57:48+00:00
4bcaedf8-7c43-432b-bb6f-0f8d3b2f5a08,2025110600381,2,0,16,2025-11-04 12:39,2025-11-04 14:39,20342,颂庄,湖南省,长沙市,望城区,月亮岛(长沙市望城区镜月路),4bcaedf8-7c43-432b-bb6f-0f8d3b2f5a08,湖南省,长沙市,,,2025-08-01,2025-12-31,2,serial_id,asc,14,2026-08-12T08:57:48+00:00
0de14712-8135-4584-b458-e0b8866ae103,2025110600421,2,0,7,2025-11-05 16:10,2025-11-05 18:20,77053,Nyna,湖南省,长沙市,岳麓区,长沙后湖国际艺术区,0de14712-8135-4584-b458-e0b8866ae103,湖南省,长沙市,,,2025-08-01,2025-12-31,2,serial_id,asc,14,2026-08-12T08:57:48+00:00
94caf47d-d84a-423e-ab7b-93cc5a05c729,2025110600520,2,0,8,2025-11-06 14:00,2025-11-06 15:00,70145,张彩云,湖南省,长沙市,岳麓区,湖南师范大学体育场(桃子湖路),94caf47d-d84a-423e-ab7b-93cc5a05c729,湖南省,长沙市,,,2025-08-01,2025-12-31,2,serial_id,asc,14,2026-08-12T08:57:48+00:00
fd8cfee6-e5e9-4e5f-9d44-9d58f2eb618a,2025110600522,2,0,3,2025-11-05 16:40,2025-11-05 17:40,68114,北美雕鸮,湖南省,长沙市,岳麓区,能量谷,fd8cfee6-e5e9-4e5f-9d44-9d58f2eb618a,湖南省,长沙市,,,2025-08-01,2025-12-31,2,serial_id,asc,14,2026-08-12T08:57:48+00:00
9ea387cc-8c3d-4a30-b1ea-ae2baa208bc8,2025110600527,2,0,4,2025-11-06 10:00,2025-11-06 11:00,70145,张彩云,湖南省,长沙市,岳麓区,岳麓山国家重点风景名胜区,9ea387cc-8c3d-4a30-b1ea-ae2baa208bc8,湖南省,长沙市,,,2025-08-01,2025-12-31,2,serial_id,asc,14,2026-08-12T08:57:48+00:00
e9b1749f-e82e-459d-8a19-c841c3cabeda,2025110600764,2,0,4,2025-11-06 10:00,2025-11-06 11:00,63303,张家界田野文化,湖南省,长沙市,岳麓区,岳麓山国家重点风景名胜区,e9b1749f-e82e-459d-8a19-c841c3cabeda,湖南省,长沙市,,,2025-08-01,2025-12-31,2,serial_id,asc,14,2026-08-12T08:57:48+00:00
4886d4e2-3a52-4e9a-b606-9a4b289560d7,2025110600765,2,0,8,2025-11-06 14:00,2025-11-06 15:00,63303,张家界田野文化,湖南省,长沙市,岳麓区,湖南师范大学体育场(桃子湖路),4886d4e2-3a52-4e9a-b606-9a4b289560d7,湖南省,长沙市,,,2025-08-01,2025-12-31,2,serial_id,asc,14,2026-08-12T08:57:48+00:00
c6e48dc3-98f0-423a-b3b1-92142a570e3d,2025110600911,2,0,14,2025-11-06 16:30,2025-11-06 17:30,68114,北美雕鸮,湖南省,长沙市,岳麓区,洋湖湿地公园,c6e48dc3-98f0-423a-b3b1-92142a570e3d,湖南省,长沙市,,,2025-08-01,2025-12-31,2,serial_id,asc,14,2026-08-12T08:57:48+00:00
b43d5515-0132-4f67-a027-0f14d09cc27d,2025110600922,2,0,14,2025-11-06 11:00,2025-11-06 12:00,78920,大鱼阿,湖南省,长沙市,宁乡市,县城大林场,b43d5515-0132-4f67-a027-0f14d09cc27d,湖南省,长沙市,,,2025-08-01,2025-12-31,2,serial_id,asc,14,2026-08-12T08:57:48+00:00
202f2a96-a717-4184-a230-db5999ce80f0,2025110601071,2,0,11,2025-11-06 12:00,2025-11-06 14:15,54274,嘎儿,湖南省,长沙市,岳麓区,岳麓山风景名胜区,202f2a96-a717-4184-a230-db5999ce80f0,湖南省,长沙市,,,2025-08-01,2025-12-31,2,serial_id,asc,14,2026-08-12T08:57:48+00:00
2bb7ab08-0e41-448f-948a-9fc1320e2ae3,2025110700094,2,0,15,2025-11-07 08:00,2025-11-07 09:00,22675,dxjecho,湖南省,长沙市,岳麓区,岳麓山国家重点风景名胜区,2bb7ab08-0e41-448f-948a-9fc1320e2ae3,湖南省,长沙市,,,2025-08-01,2025-12-31,2,serial_id,asc,14,2026-08-12T08:57:48+00:00
4fcffdec-393c-416b-80d9-f8fedcf781ce,2025110700360,2,0,22,2025-11-07 07:00,2025-11-07 10:00,52490,中南林野保英国短毛猫,湖南省,长沙市,岳麓区,岳麓山国家重点风景名胜区,4fcffdec-393c-416b-80d9-f8fedcf781ce,湖南省,长沙市,,,2025-08-01,2025-12-31,2,serial_id,asc,14,2026-08-12T08:57:48+00:00
7254cc50-b9b6-4c79-b68a-339015fbe959,2025110700389,2,0,24,2025-11-07 07:00,2025-11-07 10:00,69150,中南林野保变形虫,湖南省,长沙市,岳麓区,岳麓山国家重点风景名胜区,7254cc50-b9b6-4c79-b68a-339015fbe959,湖南省,长沙市,,,2025-08-01,2025-12-31,2,serial_id,asc,14,2026-08-12T08:57:48+00:00
b689a7ad-cea3-42fc-8031-16ad3e42560a,2025110700914,2,0,3,2025-11-07 18:00,2025-11-07 19:00,93258,Yliuer,湖南省,长沙市,望城区,大泽湖近自然湿地公园,b689a7ad-cea3-42fc-8031-16ad3e42560a,湖南省,长沙市,,,2025-08-01,2025-12-31,2,serial_id,asc,14,2026-08-12T08:57:48+00:00
5c117a89-7e4b-452e-90e3-d2eb66d3fbad,2025110800346,2,0,10,2025-11-07 16:20,2025-11-07 17:00,68114,北美雕鸮,湖南省,长沙市,岳麓区,洋湖湿地公园,5c117a89-7e4b-452e-90e3-d2eb66d3fbad,湖南省,长沙市,,,2025-08-01,2025-12-31,2,serial_id,asc,14,2026-08-12T08:57:48+00:00
521889a7-684f-48a5-ae76-f7775e70275d,2025110801022,2,0,8,2025-11-06 14:00,2025-11-06 15:00,72857,王立宁,湖南省,长沙市,岳麓区,湖南师范大学体育场(桃子湖路),521889a7-684f-48a5-ae76-f7775e70275d,湖南省,长沙市,,,2025-08-01,2025-12-31,2,serial_id,asc,14,2026-08-12T08:57:48+00:00
5bfac62b-e9a2-49e2-b1e1-50975c910a35,2025110801023,2,0,4,2025-11-06 10:00,2025-11-06 11:00,72857,王立宁,湖南省,长沙市,岳麓区,岳麓山国家重点风景名胜区,5bfac62b-e9a2-49e2-b1e1-50975c910a35,湖南省,长沙市,,,2025-08-01,2025-12-31,2,serial_id,asc,14,2026-08-12T08:57:48+00:00
08230376-0ff7-4a8a-a034-a11517fc9269,2025110801443,2,0,7,2025-11-08 18:00,2025-11-08 19:00,79764,露陌Archetto,湖南省,长沙市,岳麓区,岳麓山风景名胜区,08230376-0ff7-4a8a-a034-a11517fc9269,湖南省,长沙市,,,2025-08-01,2025-12-31,2,serial_id,asc,14,2026-08-12T08:57:48+00:00
7cf8afa8-52ab-4495-9316-e2aa84c73b65,2025110900398,2,0,10,2025-11-09 10:00,2025-11-09 11:00,79764,露陌Archetto,湖南省,长沙市,岳麓区,岳麓区岳麓山,7cf8afa8-52ab-4495-9316-e2aa84c73b65,湖南省,长沙市,,,2025-08-01,2025-12-31,2,serial_id,asc,14,2026-08-12T08:57:48+00:00
1a84a38c-4abb-47bd-88a5-b006fb76d487,2025110900643,2,0,16,2025-11-09 11:00,2025-11-09 16:30,36545,晚舟,湖南省,长沙市,岳麓区,岳麓山风景名胜区,1a84a38c-4abb-47bd-88a5-b006fb76d487,湖南省,长沙市,,,2025-08-01,2025-12-31,2,serial_id,asc,14,2026-08-12T08:57:48+00:00
c0d1136a-dc40-48d4-b9bc-eff365a76fb0,2025110901279,2,0,19,2025-11-09 15:00,2025-11-09 16:00,74558,最后之基多拉,湖南省,长沙市,长沙县,湖南松雅湖国家湿地公园,c0d1136a-dc40-48d4-b9bc-eff365a76fb0,湖南省,长沙市,,,2025-08-01,2025-12-31,2,serial_id,asc,14,2026-08-12T08:57:48+00:00
e714732b-02a1-4791-9252-5e67cb0c2d90,2025111000693,2,0,1,2025-11-10 14:00,2025-11-10 15:00,76989,金樽清酒,湖南省,长沙市,宁乡市,三联村,e714732b-02a1-4791-9252-5e67cb0c2d90,湖南省,长沙市,,,2025-08-01,2025-12-31,2,serial_id,asc,14,2026-08-12T08:57:48+00:00
537331e3-9560-42e9-bcb6-86649162f81d,2025111000702,2,0,6,2025-11-09 11:19,2025-11-09 16:00,97801,小鸟给个脸,湖南省,长沙市,岳麓区,洋湖湿地公园,537331e3-9560-42e9-bcb6-86649162f81d,湖南省,长沙市,,,2025-08-01,2025-12-31,2,serial_id,asc,14,2026-08-12T08:57:48+00:00
ca7402c6-690a-4aaf-8516-9609edd89c25,2025111100029,2,0,17,2025-11-06 14:41,2025-11-06 17:46,8606,Leaf,湖南省,长沙市,长沙县,湖南松雅湖国家湿地公园,ca7402c6-690a-4aaf-8516-9609edd89c25,湖南省,长沙市,,,2025-08-01,2025-12-31,2,serial_id,asc,14,2026-08-12T08:57:48+00:00
17a35dcb-2e78-490d-a283-cd5841af168b,2025111100032,2,0,25,2025-11-09 08:48,2025-11-09 11:49,8606,Leaf,湖南省,长沙市,长沙县,湖南松雅湖国家湿地公园,17a35dcb-2e78-490d-a283-cd5841af168b,湖南省,长沙市,,,2025-08-01,2025-12-31,2,serial_id,asc,14,2026-08-12T08:57:48+00:00
a729d1c5-0fff-4a8c-ae45-5d9e627bb78e,2025111100036,2,0,18,2025-11-05 14:19,2025-11-05 17:54,8606,Leaf,湖南省,长沙市,岳麓区,岳麓山风景名胜区,a729d1c5-0fff-4a8c-ae45-5d9e627bb78e,湖南省,长沙市,,,2025-08-01,2025-12-31,2,serial_id,asc,14,2026-08-12T08:57:48+00:00
809df457-13db-40f9-a6a5-d2b7b3786bf1,2025111100141,2,0,6,2025-11-11 08:10,2025-11-11 08:35,69150,中南林野保变形虫,湖南省,长沙市,天心区,中南林业科技大学,809df457-13db-40f9-a6a5-d2b7b3786bf1,湖南省,长沙市,,,2025-08-01,2025-12-31,2,serial_id,asc,14,2026-08-12T08:57:48+00:00
d5b37cc6-99d0-4fdf-a253-71dca41c9743,2025111100219,2,0,22,2025-11-11 09:00,2025-11-11 10:00,73231,DrLamett,湖南省,长沙市,岳麓区,岳麓山风景名胜区,d5b37cc6-99d0-4fdf-a253-71dca41c9743,湖南省,长沙市,,,2025-08-01,2025-12-31,2,serial_id,asc,14,2026-08-12T08:57:48+00:00
19089586-f752-40ed-a41b-dcac535269aa,2025111100528,2,0,5,2025-11-11 10:00,2025-11-11 11:00,77127,叽叽喳喳小鸫西,湖南省,长沙市,岳麓区,岳麓山风景名胜区,19089586-f752-40ed-a41b-dcac535269aa,湖南省,长沙市,,,2025-08-01,2025-12-31,2,serial_id,asc,14,2026-08-12T08:57:48+00:00
2657cb74-e8fc-4170-b0ba-876106d64a62,2025111100806,2,0,25,2025-11-11 08:07,2025-11-11 09:10,35030,saint,湖南省,长沙市,岳麓区,岳麓山风景名胜区,2657cb74-e8fc-4170-b0ba-876106d64a62,湖南省,长沙市,,,2025-08-01,2025-12-31,2,serial_id,asc,14,2026-08-12T08:57:48+00:00
d8df101e-c142-4118-bdff-6baf2243d62b,2025111100864,2,0,7,2025-11-11 13:00,2025-11-11 14:00,69150,中南林野保变形虫,湖南省,长沙市,天心区,中南林业科技大学(东区),d8df101e-c142-4118-bdff-6baf2243d62b,湖南省,长沙市,,,2025-08-01,2025-12-31,2,serial_id,asc,15,2026-08-12T08:57:51+00:00
d35b8d79-3d29-45d1-905f-b3c7ccbc3e25,2025111100866,2,0,6,2025-11-11 13:00,2025-11-11 14:00,69137,中南林野保捕鸟蛛,湖南省,长沙市,天心区,中南林业科技大学(东区),d35b8d79-3d29-45d1-905f-b3c7ccbc3e25,湖南省,长沙市,,,2025-08-01,2025-12-31,2,serial_id,asc,15,2026-08-12T08:57:51+00:00
7b357968-77c7-4f0b-b4a8-e52aeeca3f0a,2025111100867,2,0,5,2025-11-11 13:00,2025-11-11 14:00,93312,草长坟,湖南省,长沙市,天心区,中南林业科技大学(东区),7b357968-77c7-4f0b-b4a8-e52aeeca3f0a,湖南省,长沙市,,,2025-08-01,2025-12-31,2,serial_id,asc,15,2026-08-12T08:57:51+00:00
ec04b71b-8c58-460f-ae2b-2d6d662c43bd,2025111100868,2,0,2,2025-11-11 13:00,2025-11-11 14:00,97648,中南林野保流星,湖南省,长沙市,天心区,中南林业科技大学(东区),ec04b71b-8c58-460f-ae2b-2d6d662c43bd,湖南省,长沙市,,,2025-08-01,2025-12-31,2,serial_id,asc,15,2026-08-12T08:57:51+00:00
43a2c505-f1d2-449d-848d-61a3d286b78b,2025111100869,2,0,6,2025-11-11 13:00,2025-11-11 14:00,97646,25白鹳,湖南省,长沙市,天心区,中南林业科技大学(东区),43a2c505-f1d2-449d-848d-61a3d286b78b,湖南省,长沙市,,,2025-08-01,2025-12-31,2,serial_id,asc,15,2026-08-12T08:57:51+00:00
c10b3f6c-f23b-4e78-a598-538182ba673f,2025111100870,2,0,6,2025-11-01 19:00,2025-11-01 20:00,97642,25中南林野保扬子鳄,湖南省,长沙市,天心区,中南林业科技大学,c10b3f6c-f23b-4e78-a598-538182ba673f,湖南省,长沙市,,,2025-08-01,2025-12-31,2,serial_id,asc,15,2026-08-12T08:57:51+00:00
11b5a564-5f52-4a67-a273-083ac0a23184,2025111100871,2,0,5,2025-11-11 13:00,2025-11-11 14:00,98521,柳树543,湖南省,长沙市,天心区,中南林业科技大学(东区),11b5a564-5f52-4a67-a273-083ac0a23184,湖南省,长沙市,,,2025-08-01,2025-12-31,2,serial_id,asc,15,2026-08-12T08:57:51+00:00
c1a51634-3eae-4f1a-9bd7-df011bd6b9e4,2025111100873,2,0,6,2025-11-11 13:00,2025-11-11 14:00,97640,中南林野保满天星,湖南省,长沙市,天心区,中南林业科技大学(东区),c1a51634-3eae-4f1a-9bd7-df011bd6b9e4,湖南省,长沙市,,,2025-08-01,2025-12-31,2,serial_id,asc,15,2026-08-12T08:57:51+00:00
86b62c0b-bc03-476b-9d53-8e218ba65834,2025111100924,2,0,11,2025-11-11 14:00,2025-11-11 15:00,76989,金樽清酒,湖南省,长沙市,宁乡市,三联村,86b62c0b-bc03-476b-9d53-8e218ba65834,湖南省,长沙市,,,2025-08-01,2025-12-31,2,serial_id,asc,15,2026-08-12T08:57:51+00:00
2e9ce21c-bf8b-4cc8-a678-a0cc3d3eb9d2,2025111100951,2,0,13,2025-11-11 14:00,2025-11-11 15:00,22675,dxjecho,湖南省,长沙市,开福区,烈士公园,2e9ce21c-bf8b-4cc8-a678-a0cc3d3eb9d2,湖南省,长沙市,,,2025-08-01,2025-12-31,2,serial_id,asc,15,2026-08-12T08:57:51+00:00
1ad2b70b-f5be-40f4-8cef-9cfec4ea2d6b,2025111200115,2,0,27,2025-11-11 14:19,2025-11-11 15:19,80369,belle君,湖南省,长沙市,长沙县,湖南松雅湖国家湿地公园,1ad2b70b-f5be-40f4-8cef-9cfec4ea2d6b,湖南省,长沙市,,,2025-08-01,2025-12-31,2,serial_id,asc,15,2026-08-12T08:57:51+00:00
c0191fb0-60b4-4fbb-8aa5-49e1543a5447,2025111200193,2,0,11,2025-11-12 10:20,2025-11-12 10:48,69150,中南林野保变形虫,湖南省,长沙市,天心区,中南林业科技大学(东区),c0191fb0-60b4-4fbb-8aa5-49e1543a5447,湖南省,长沙市,,,2025-08-01,2025-12-31,2,serial_id,asc,15,2026-08-12T08:57:51+00:00
9a7b47e1-9bad-4cc6-aabe-71fa40ae96ba,2025111200752,2,0,9,2025-11-12 14:36,2025-11-12 15:36,80369,belle君,湖南省,长沙市,望城区,月亮岛,9a7b47e1-9bad-4cc6-aabe-71fa40ae96ba,湖南省,长沙市,,,2025-08-01,2025-12-31,2,serial_id,asc,15,2026-08-12T08:57:51+00:00
7d2aa800-c9f0-4fec-af18-74a4ac098d53,2025111200887,2,0,14,2025-11-12 19:00,2025-11-12 20:00,76989,金樽清酒,湖南省,长沙市,岳麓区,洋湖国家湿地公园,7d2aa800-c9f0-4fec-af18-74a4ac098d53,湖南省,长沙市,,,2025-08-01,2025-12-31,2,serial_id,asc,15,2026-08-12T08:57:51+00:00
53b92a4c-5e4f-4e55-b855-81da279d166e,2025111200965,2,0,24,2025-11-12 15:00,2025-11-12 17:30,68114,北美雕鸮,湖南省,长沙市,岳麓区,洋湖国家湿地公园,53b92a4c-5e4f-4e55-b855-81da279d166e,湖南省,长沙市,,,2025-08-01,2025-12-31,2,serial_id,asc,15,2026-08-12T08:57:51+00:00
f37208da-288b-4aa7-a0cf-45542b9bb2a0,2025111201114,2,0,1,2025-08-20 18:01,2025-08-20 18:30,79800,hahahahhahahah,湖南省,长沙市,岳麓区,洋湖湿地公园,f37208da-288b-4aa7-a0cf-45542b9bb2a0,湖南省,长沙市,,,2025-08-01,2025-12-31,2,serial_id,asc,15,2026-08-12T08:57:51+00:00
5c47cc94-0ea0-4f56-aaaa-b61e6968ccc0,2025111300371,2,0,34,2025-11-13 08:01,2025-11-13 12:01,32805,小婷,湖南省,长沙市,岳麓区,洋湖湿地公园,5c47cc94-0ea0-4f56-aaaa-b61e6968ccc0,湖南省,长沙市,,,2025-08-01,2025-12-31,2,serial_id,asc,15,2026-08-12T08:57:51+00:00
a5b1444b-b5b0-47b2-895c-530f03b3ba08,2025111300483,2,0,15,2025-11-13 12:35,2025-11-13 13:20,69150,中南林野保变形虫,湖南省,长沙市,天心区,中南林业科技大学(东区),a5b1444b-b5b0-47b2-895c-530f03b3ba08,湖南省,长沙市,,,2025-08-01,2025-12-31,2,serial_id,asc,15,2026-08-12T08:57:51+00:00
831b1b0e-d8ed-4b5e-b5b3-5ab8a4658c26,2025111300486,2,0,11,2025-11-13 13:00,2025-11-13 14:00,98522,谢阳,湖南省,长沙市,天心区,中南林业科技大学(东区),831b1b0e-d8ed-4b5e-b5b3-5ab8a4658c26,湖南省,长沙市,,,2025-08-01,2025-12-31,2,serial_id,asc,15,2026-08-12T08:57:51+00:00
8c972a38-63c3-4c18-8678-9dc255910267,2025111300487,2,0,11,2025-11-13 12:20,2025-11-13 14:00,69171,中南林野保蓝喉蜂虎,湖南省,长沙市,天心区,中南林业科技大学(东区),8c972a38-63c3-4c18-8678-9dc255910267,湖南省,长沙市,,,2025-08-01,2025-12-31,2,serial_id,asc,15,2026-08-12T08:57:51+00:00
e655a76e-9810-454b-a5c8-c16f35f47dfd,2025111300493,2,0,13,2025-11-13 13:00,2025-11-13 14:00,69137,中南林野保捕鸟蛛,湖南省,长沙市,天心区,中南林业科技大学(东区),e655a76e-9810-454b-a5c8-c16f35f47dfd,湖南省,长沙市,,,2025-08-01,2025-12-31,2,serial_id,asc,15,2026-08-12T08:57:51+00:00
7a7dba2d-dcaa-4835-9dd9-06a3db2b2f1d,2025111300497,2,0,13,2025-11-13 13:00,2025-11-13 14:00,97642,25中南林野保扬子鳄,湖南省,长沙市,天心区,中南林业科技大学(东区),7a7dba2d-dcaa-4835-9dd9-06a3db2b2f1d,湖南省,长沙市,,,2025-08-01,2025-12-31,2,serial_id,asc,15,2026-08-12T08:57:51+00:00
3e407add-b5f2-49cb-8ce1-ac4ecd378328,2025111300499,2,0,13,2025-11-13 13:00,2025-11-13 14:00,97638,中南林野保刺猬,湖南省,长沙市,天心区,中南林业科技大学(东区),3e407add-b5f2-49cb-8ce1-ac4ecd378328,湖南省,长沙市,,,2025-08-01,2025-12-31,2,serial_id,asc,15,2026-08-12T08:57:51+00:00
a1b5704c-4ac0-4e96-b40a-ae68a20795f5,2025111300500,2,0,13,2025-11-13 13:00,2025-11-13 14:00,97654,中南林野保绶带鸟,湖南省,长沙市,天心区,中南林业科技大学(东区),a1b5704c-4ac0-4e96-b40a-ae68a20795f5,湖南省,长沙市,,,2025-08-01,2025-12-31,2,serial_id,asc,15,2026-08-12T08:57:51+00:00
279b49e5-65c9-4707-a482-ce608e7854bd,2025111300501,2,0,10,2025-11-13 13:00,2025-11-13 14:00,98697,sjsksjdj,湖南省,长沙市,天心区,中南林业科技大学,279b49e5-65c9-4707-a482-ce608e7854bd,湖南省,长沙市,,,2025-08-01,2025-12-31,2,serial_id,asc,15,2026-08-12T08:57:51+00:00
848899f1-ad96-4fdb-b834-d15859a678e8,2025111300502,2,0,12,2025-11-13 13:00,2025-11-13 14:00,97653,中南林野保肥啾,湖南省,长沙市,天心区,中南林业科技大学(东区),848899f1-ad96-4fdb-b834-d15859a678e8,湖南省,长沙市,,,2025-08-01,2025-12-31,2,serial_id,asc,15,2026-08-12T08:57:51+00:00
36014a2d-e955-48ad-8328-80f8cbaeff8e,2025111300503,2,0,13,2025-11-13 13:00,2025-11-13 14:00,97431,卬aaa,湖南省,长沙市,天心区,中南林业科技大学(东区),36014a2d-e955-48ad-8328-80f8cbaeff8e,湖南省,长沙市,,,2025-08-01,2025-12-31,2,serial_id,asc,15,2026-08-12T08:57:51+00:00
ce719cfd-d47f-4116-83e3-a0c715657f86,2025111300504,2,0,13,2025-11-13 13:00,2025-11-13 14:00,97649,2025级中南林野保海兔,湖南省,长沙市,天心区,中南林业科技大学(东区),ce719cfd-d47f-4116-83e3-a0c715657f86,湖南省,长沙市,,,2025-08-01,2025-12-31,2,serial_id,asc,15,2026-08-12T08:57:51+00:00
6b5b5987-f8d1-4424-abed-53a0449b962b,2025111300505,2,0,13,2025-11-13 13:00,2025-11-13 14:00,93312,草长坟,湖南省,长沙市,天心区,中南林业科技大学(东区),6b5b5987-f8d1-4424-abed-53a0449b962b,湖南省,长沙市,,,2025-08-01,2025-12-31,2,serial_id,asc,15,2026-08-12T08:57:51+00:00
c7aa013e-9526-4b35-b7ad-f9d213fbfe62,2025111300507,2,0,13,2025-11-13 13:00,2025-11-13 14:00,97641,25中南林野保熊猫,湖南省,长沙市,天心区,中南林业科技大学(东区),c7aa013e-9526-4b35-b7ad-f9d213fbfe62,湖南省,长沙市,,,2025-08-01,2025-12-31,2,serial_id,asc,15,2026-08-12T08:57:51+00:00
975f5784-850c-493f-8477-b731f36c42c0,2025111300509,2,0,13,2025-11-13 13:00,2025-11-13 14:00,97655,中南林野保狮子狗,湖南省,长沙市,天心区,中南林业科技大学东区(韶山南路498号),975f5784-850c-493f-8477-b731f36c42c0,湖南省,长沙市,,,2025-08-01,2025-12-31,2,serial_id,asc,15,2026-08-12T08:57:51+00:00
9ce19a04-7589-4ee3-a787-8ddbcd8bfdc9,2025111300588,2,0,17,2025-11-13 13:28,2025-11-13 15:00,2714,绿瑾,湖南省,长沙市,岳麓区,雅河景观大桥,9ce19a04-7589-4ee3-a787-8ddbcd8bfdc9,湖南省,长沙市,,,2025-08-01,2025-12-31,2,serial_id,asc,15,2026-08-12T08:57:51+00:00
dcb35190-1bdd-495e-8fc2-a4d29bb2a6b9,2025111300614,2,0,15,2025-11-13 13:37,2025-11-13 14:37,80369,belle君,湖南省,长沙市,岳麓区,洋湖湿地公园,dcb35190-1bdd-495e-8fc2-a4d29bb2a6b9,湖南省,长沙市,,,2025-08-01,2025-12-31,2,serial_id,asc,15,2026-08-12T08:57:51+00:00
5b27ff87-2fe7-4d76-89a4-2fa754013d24,2025111300631,2,0,2,2025-11-13 14:00,2025-11-13 15:00,52482,中南林野保老爷树蛙,湖南省,长沙市,天心区,中南林业科技大学(东区),5b27ff87-2fe7-4d76-89a4-2fa754013d24,湖南省,长沙市,,,2025-08-01,2025-12-31,2,serial_id,asc,15,2026-08-12T08:57:51+00:00
bda1855b-4923-469d-b8f9-060d510c21d3,2025111301353,2,0,16,2025-11-13 09:27,2025-11-13 12:35,22675,dxjecho,湖南省,长沙市,岳麓区,岳麓山国家重点风景名胜区,bda1855b-4923-469d-b8f9-060d510c21d3,湖南省,长沙市,,,2025-08-01,2025-12-31,2,serial_id,asc,15,2026-08-12T08:57:51+00:00
23d5d85c-9376-43ab-acac-f5cdc205d5ce,2025111400432,2,0,7,2025-11-14 11:00,2025-11-14 12:00,73231,DrLamett,湖南省,长沙市,岳麓区,洋湖国家湿地公园,23d5d85c-9376-43ab-acac-f5cdc205d5ce,湖南省,长沙市,,,2025-08-01,2025-12-31,2,serial_id,asc,15,2026-08-12T08:57:51+00:00
e6d95c39-175a-4e78-af06-ce80db307796,2025111400660,2,0,9,2025-11-14 12:10,2025-11-14 13:30,79800,hahahahhahahah,湖南省,长沙市,开福区,湖南烈士公园,e6d95c39-175a-4e78-af06-ce80db307796,湖南省,长沙市,,,2025-08-01,2025-12-31,2,serial_id,asc,15,2026-08-12T08:57:51+00:00
b1d28f45-4f49-4466-8702-92338fba65f0,2025111400696,2,0,22,2025-11-12 12:01,2025-11-12 13:00,35030,saint,湖南省,长沙市,望城区,月亮岛,b1d28f45-4f49-4466-8702-92338fba65f0,湖南省,长沙市,,,2025-08-01,2025-12-31,2,serial_id,asc,15,2026-08-12T08:57:51+00:00
0490887d-ac8c-4739-bd67-1d0488ed8900,2025111400727,2,0,8,2025-11-14 15:00,2025-11-14 16:00,76989,金樽清酒,湖南省,长沙市,岳麓区,岳麓山国家重点风景名胜区,0490887d-ac8c-4739-bd67-1d0488ed8900,湖南省,长沙市,,,2025-08-01,2025-12-31,2,serial_id,asc,15,2026-08-12T08:57:51+00:00
39c66d64-f7bb-40c4-a123-e8b5f857e166,2025111400898,2,0,4,2025-11-14 16:00,2025-11-14 17:00,36488,无缺,湖南省,长沙市,雨花区,湖南省植物园,39c66d64-f7bb-40c4-a123-e8b5f857e166,湖南省,长沙市,,,2025-08-01,2025-12-31,2,serial_id,asc,15,2026-08-12T08:57:51+00:00
4b831d86-5e0a-4f0c-a767-2b502db70fd4,2025111401031,2,0,4,2025-11-14 17:00,2025-11-14 18:00,78214,柠羽茶,湖南省,长沙市,长沙县,长沙师范学院(星沙校区),4b831d86-5e0a-4f0c-a767-2b502db70fd4,湖南省,长沙市,,,2025-08-01,2025-12-31,2,serial_id,asc,15,2026-08-12T08:57:51+00:00
7b8f0edb-f8bb-4434-8530-910d0e8eee4d,2025111401334,2,0,10,2025-11-14 14:00,2025-11-14 15:00,78920,大鱼阿,湖南省,长沙市,宁乡市,猴家大山,7b8f0edb-f8bb-4434-8530-910d0e8eee4d,湖南省,长沙市,,,2025-08-01,2025-12-31,2,serial_id,asc,15,2026-08-12T08:57:51+00:00
0ae04361-ec48-4393-8ff0-af350a7a8c82,2025111500986,2,0,2,2025-11-15 13:00,2025-11-15 14:00,79800,hahahahhahahah,湖南省,长沙市,芙蓉区,湖南烈士公园,0ae04361-ec48-4393-8ff0-af350a7a8c82,湖南省,长沙市,,,2025-08-01,2025-12-31,2,serial_id,asc,15,2026-08-12T08:57:51+00:00
6f6aab4c-ef4b-4698-9c9d-e1a887ddf236,2025111500993,2,0,12,2025-11-15 07:00,2025-11-15 09:00,79800,hahahahhahahah,湖南省,长沙市,岳麓区,洋湖湿地公园,6f6aab4c-ef4b-4698-9c9d-e1a887ddf236,湖南省,长沙市,,,2025-08-01,2025-12-31,2,serial_id,asc,15,2026-08-12T08:57:51+00:00
08141175-c602-468f-a605-02734613335e,2025111501097,2,0,23,2025-11-15 09:00,2025-11-15 10:00,85372,Nichole,湖南省,长沙市,岳麓区,洋湖国家湿地公园,08141175-c602-468f-a605-02734613335e,湖南省,长沙市,,,2025-08-01,2025-12-31,2,serial_id,asc,15,2026-08-12T08:57:51+00:00
c3048e12-7a0e-41b0-bd72-d8d2a9710b77,2025111501411,2,0,1,2025-11-15 16:00,2025-11-15 17:00,72223,小罗,湖南省,长沙市,岳麓区,通程麓山商业广场(枫林路店),c3048e12-7a0e-41b0-bd72-d8d2a9710b77,湖南省,长沙市,,,2025-08-01,2025-12-31,2,serial_id,asc,15,2026-08-12T08:57:51+00:00
7561277f-77c6-4177-ad0e-6dd750e5a8d2,2025111501418,2,0,10,2025-11-15 16:00,2025-11-15 17:00,93312,草长坟,湖南省,长沙市,岳麓区,湖南第一师范学院,7561277f-77c6-4177-ad0e-6dd750e5a8d2,湖南省,长沙市,,,2025-08-01,2025-12-31,2,serial_id,asc,15,2026-08-12T08:57:51+00:00
b5235205-acaf-47d2-bca0-1df8554bc3a5,2025111501611,2,0,16,2025-11-15 12:00,2025-11-15 13:00,78920,大鱼阿,湖南省,长沙市,宁乡市,湖南省青羊湖国家森林公园(长沙市宁乡市),b5235205-acaf-47d2-bca0-1df8554bc3a5,湖南省,长沙市,,,2025-08-01,2025-12-31,2,serial_id,asc,15,2026-08-12T08:57:51+00:00
2458e2ec-b6df-404a-a986-7da3c66776b0,2025111501624,2,0,7,2025-11-15 16:00,2025-11-15 17:00,89647,lele2025,湖南省,长沙市,岳麓区,施家港水上公园,2458e2ec-b6df-404a-a986-7da3c66776b0,湖南省,长沙市,,,2025-08-01,2025-12-31,2,serial_id,asc,15,2026-08-12T08:57:51+00:00
f439563b-8498-46e2-a19c-80b0b19d2a33,2025111501876,2,0,8,2025-11-07 18:00,2025-11-07 19:00,25462,mayii,湖南省,长沙市,岳麓区,橘子洲景区,f439563b-8498-46e2-a19c-80b0b19d2a33,湖南省,长沙市,,,2025-08-01,2025-12-31,2,serial_id,asc,15,2026-08-12T08:57:51+00:00
bb41da79-7ec3-4d29-b93b-c2e3cfaaed87,2025111502017,2,0,12,2025-11-14 10:38,2025-11-14 15:21,40145,旺兔,湖南省,长沙市,望城区,大泽湖(长沙市望城区),bb41da79-7ec3-4d29-b93b-c2e3cfaaed87,湖南省,长沙市,,,2025-08-01,2025-12-31,2,serial_id,asc,16,2026-08-12T08:57:54+00:00
581da6dd-4670-4f2e-8eab-6d8a3246458c,2025111502072,2,0,3,2025-11-15 20:00,2025-11-15 21:00,73231,DrLamett,湖南省,长沙市,望城区,沙河大桥,581da6dd-4670-4f2e-8eab-6d8a3246458c,湖南省,长沙市,,,2025-08-01,2025-12-31,2,serial_id,asc,16,2026-08-12T08:57:54+00:00
984c7b2a-2723-4d03-828a-c7b7b36c6d8b,2025111502218,2,0,7,2025-11-15 14:30,2025-11-15 16:00,75725,西谷椰子,湖南省,长沙市,长沙县,湖南松雅湖国家湿地公园,984c7b2a-2723-4d03-828a-c7b7b36c6d8b,湖南省,长沙市,,,2025-08-01,2025-12-31,2,serial_id,asc,16,2026-08-12T08:57:54+00:00
77f09fef-dc60-4441-a4b7-30b34c7af967,2025111502511,2,0,14,2025-11-15 07:40,2025-11-15 11:02,32876,水草,湖南省,长沙市,岳麓区,岳麓山风景名胜区,77f09fef-dc60-4441-a4b7-30b34c7af967,湖南省,长沙市,,,2025-08-01,2025-12-31,2,serial_id,asc,16,2026-08-12T08:57:54+00:00
7f7059f4-b889-425f-90f3-0106dd09ee79,2025111600278,2,0,14,2025-11-16 09:00,2025-11-16 10:00,36488,无缺,湖南省,长沙市,岳麓区,岳麓山风景名胜区,7f7059f4-b889-425f-90f3-0106dd09ee79,湖南省,长沙市,,,2025-08-01,2025-12-31,2,serial_id,asc,16,2026-08-12T08:57:54+00:00
c602a772-d934-4bd2-8da0-e5a4cf52a09d,2025111600413,2,0,20,2025-11-16 09:30,2025-11-16 16:30,36545,晚舟,湖南省,长沙市,岳麓区,岳麓山风景名胜区,c602a772-d934-4bd2-8da0-e5a4cf52a09d,湖南省,长沙市,,,2025-08-01,2025-12-31,2,serial_id,asc,16,2026-08-12T08:57:54+00:00
818db68a-d75d-4952-aa79-0ce153205b44,2025111600641,2,0,19,2025-11-15 15:38,2025-11-15 17:38,25628,笑看人生,湖南省,长沙市,望城区,月亮岛,818db68a-d75d-4952-aa79-0ce153205b44,湖南省,长沙市,,,2025-08-01,2025-12-31,2,serial_id,asc,16,2026-08-12T08:57:54+00:00
e876a9b1-7d73-411a-a9ab-1743c9a7c0fd,2025111600679,2,0,1,2025-11-08 11:46,2025-11-08 16:46,25628,笑看人生,湖南省,长沙市,望城区,月亮岛,e876a9b1-7d73-411a-a9ab-1743c9a7c0fd,湖南省,长沙市,,,2025-08-01,2025-12-31,2,serial_id,asc,16,2026-08-12T08:57:54+00:00
d3fa6834-4673-435f-a833-627ceea2ccac,2025111600694,2,0,13,2025-11-16 09:00,2025-11-16 10:00,74558,最后之基多拉,湖南省,长沙市,长沙县,大山冲森林公园,d3fa6834-4673-435f-a833-627ceea2ccac,湖南省,长沙市,,,2025-08-01,2025-12-31,2,serial_id,asc,16,2026-08-12T08:57:54+00:00
a365361c-ba1d-4b8f-bc5c-55b32fd8dd9a,2025111600718,2,0,6,2025-11-12 16:56,2025-11-12 17:29,25628,笑看人生,湖南省,长沙市,岳麓区,岳麓区咸嘉湖美林银谷国际社区(银双路),a365361c-ba1d-4b8f-bc5c-55b32fd8dd9a,湖南省,长沙市,,,2025-08-01,2025-12-31,2,serial_id,asc,16,2026-08-12T08:57:54+00:00
d0827120-efc9-4271-bf81-308c7efd6069,2025111600734,2,0,6,2025-08-07 07:00,2025-08-07 08:00,64985,FarisLuo,湖南省,长沙市,岳麓区,如愿茶坊,d0827120-efc9-4271-bf81-308c7efd6069,湖南省,长沙市,,,2025-08-01,2025-12-31,2,serial_id,asc,16,2026-08-12T08:57:54+00:00
4835d447-b6e5-4520-ac9a-35987dbe7d0c,2025111601208,2,0,1,2025-11-16 14:00,2025-11-16 15:00,20342,颂庄,湖南省,长沙市,岳麓区,湖南先导洋湖再生水有限公司,4835d447-b6e5-4520-ac9a-35987dbe7d0c,湖南省,长沙市,,,2025-08-01,2025-12-31,2,serial_id,asc,16,2026-08-12T08:57:54+00:00
3c0ecf06-c2f1-422f-810d-f50146c66d02,2025111601233,2,0,5,2025-11-16 15:00,2025-11-16 16:00,76989,金樽清酒,湖南省,长沙市,岳麓区,岳麓山风景名胜区,3c0ecf06-c2f1-422f-810d-f50146c66d02,湖南省,长沙市,,,2025-08-01,2025-12-31,2,serial_id,asc,16,2026-08-12T08:57:54+00:00
4e065abe-e2f3-4332-9611-f2ee51930954,2025111601269,2,0,22,2025-11-16 15:30,2025-11-16 16:30,25634,葱歌,湖南省,长沙市,开福区,月岛-河畔社区公园,4e065abe-e2f3-4332-9611-f2ee51930954,湖南省,长沙市,,,2025-08-01,2025-12-31,2,serial_id,asc,16,2026-08-12T08:57:54+00:00
b126e719-abbf-4c22-bb8e-9e99bd982638,2025111601300,2,0,12,2025-11-16 15:00,2025-11-16 16:00,15181,tinataona,湖南省,长沙市,望城区,大泽湖,b126e719-abbf-4c22-bb8e-9e99bd982638,湖南省,长沙市,,,2025-08-01,2025-12-31,2,serial_id,asc,16,2026-08-12T08:57:54+00:00
8c981de1-949d-450c-9843-183529b94823,2025111601348,2,0,14,2025-11-16 09:48,2025-11-16 16:00,85513,bulbul,湖南省,长沙市,长沙县,湖南松雅湖国家湿地公园,8c981de1-949d-450c-9843-183529b94823,湖南省,长沙市,,,2025-08-01,2025-12-31,2,serial_id,asc,16,2026-08-12T08:57:54+00:00
7e8e34ce-e293-4c23-b119-7aad69843d67,2025111601381,2,0,8,2025-11-16 15:00,2025-11-16 16:00,97642,25中南林野保扬子鳄,湖南省,长沙市,天心区,中南林业科技大学,7e8e34ce-e293-4c23-b119-7aad69843d67,湖南省,长沙市,,,2025-08-01,2025-12-31,2,serial_id,asc,16,2026-08-12T08:57:54+00:00
1c9c4d2e-dc51-458f-8caf-0f91138393a9,2025111601843,2,0,1,2025-11-16 18:00,2025-11-16 19:00,99005,寿喜,湖南省,长沙市,岳麓区,洋湖湿地公园,1c9c4d2e-dc51-458f-8caf-0f91138393a9,湖南省,长沙市,,,2025-08-01,2025-12-31,2,serial_id,asc,16,2026-08-12T08:57:54+00:00
a821ae7f-409b-46eb-9763-8d81381d2a55,2025111601926,2,0,1,2025-11-16 18:00,2025-11-16 19:00,99005,寿喜,湖南省,长沙市,岳麓区,洋湖湿地公园,a821ae7f-409b-46eb-9763-8d81381d2a55,湖南省,长沙市,,,2025-08-01,2025-12-31,2,serial_id,asc,16,2026-08-12T08:57:54+00:00
5621fd1a-eec7-4ee6-bc37-fa2350bed3b3,2025111602145,2,0,18,2025-11-16 08:50,2025-11-16 12:18,8606,Leaf,湖南省,长沙市,岳麓区,湘江江滩公园,5621fd1a-eec7-4ee6-bc37-fa2350bed3b3,湖南省,长沙市,,,2025-08-01,2025-12-31,2,serial_id,asc,16,2026-08-12T08:57:54+00:00
b5ebaae5-a4f8-444f-885f-d5f785be3a21,2025111602436,2,0,7,2025-11-16 15:30,2025-11-16 17:00,71963,intchen,湖南省,长沙市,开福区,长沙烈士公园,b5ebaae5-a4f8-444f-885f-d5f785be3a21,湖南省,长沙市,,,2025-08-01,2025-12-31,2,serial_id,asc,16,2026-08-12T08:57:54+00:00
d1561649-fc0a-4948-a1f7-9b40bdabe76a,2025111700429,2,0,16,2025-11-16 07:30,2025-11-16 09:30,73287,yw88,湖南省,长沙市,长沙县,湖南松雅湖国家湿地公园-关羽广场,d1561649-fc0a-4948-a1f7-9b40bdabe76a,湖南省,长沙市,,,2025-08-01,2025-12-31,2,serial_id,asc,16,2026-08-12T08:57:54+00:00
ad9e6423-dca2-428e-948c-a0acb2960825,2025111700854,2,0,11,2025-11-17 14:00,2025-11-17 15:00,76989,金樽清酒,湖南省,长沙市,宁乡市,东鹜山,ad9e6423-dca2-428e-948c-a0acb2960825,湖南省,长沙市,,,2025-08-01,2025-12-31,2,serial_id,asc,16,2026-08-12T08:57:54+00:00
79695a02-ba99-40b4-8f69-9a9ceee413f4,2025111701270,2,0,37,2025-11-17 06:00,2025-11-17 08:47,9203,珙桐,湖南省,长沙市,雨花区,湖南省森林植物园,79695a02-ba99-40b4-8f69-9a9ceee413f4,湖南省,长沙市,,,2025-08-01,2025-12-31,2,serial_id,asc,16,2026-08-12T08:57:54+00:00
79066043-18ea-4a41-b43a-460078c22ccc,2025111900208,2,0,20,2025-11-19 10:00,2025-11-19 11:00,29012,lisaknows,湖南省,长沙市,长沙县,长沙松雅湖湿地公园,79066043-18ea-4a41-b43a-460078c22ccc,湖南省,长沙市,,,2025-08-01,2025-12-31,2,serial_id,asc,16,2026-08-12T08:57:54+00:00
d0ee6104-5d11-44c8-b1fc-efa69822cc13,2025111900271,2,0,1,2025-11-19 11:30,2025-11-19 11:34,98342,刘嘉诚,湖南省,长沙市,岳麓区,湖南财政经济学院(岳麓区枫林二路139),d0ee6104-5d11-44c8-b1fc-efa69822cc13,湖南省,长沙市,,,2025-08-01,2025-12-31,2,serial_id,asc,16,2026-08-12T08:57:54+00:00
a4100a94-db4d-4a11-ba5d-a4e9d0523893,2025111900444,2,0,23,2025-11-19 08:32,2025-11-19 12:01,32805,小婷,湖南省,长沙市,岳麓区,湘江江滩公园(长沙市岳麓区),a4100a94-db4d-4a11-ba5d-a4e9d0523893,湖南省,长沙市,,,2025-08-01,2025-12-31,2,serial_id,asc,16,2026-08-12T08:57:54+00:00
fc2470c0-26f4-4510-b1cc-046efea40fa0,2025111900543,2,0,1,2025-11-19 15:00,2025-11-19 16:00,98326,birdking,湖南省,长沙市,岳麓区,西湖公园,fc2470c0-26f4-4510-b1cc-046efea40fa0,湖南省,长沙市,,,2025-08-01,2025-12-31,2,serial_id,asc,16,2026-08-12T08:57:54+00:00
661766c2-b123-4985-86ff-29b756d546bb,2025111900545,2,0,1,2025-11-19 15:00,2025-11-19 16:00,99273,666hgg,湖南省,长沙市,岳麓区,西湖公园,661766c2-b123-4985-86ff-29b756d546bb,湖南省,长沙市,,,2025-08-01,2025-12-31,2,serial_id,asc,16,2026-08-12T08:57:54+00:00
536cddda-4ff3-488f-8f11-786a58c0477d,2025111900546,2,0,1,2025-11-19 15:00,2025-11-19 16:00,99275,lxqqcom,湖南省,长沙市,岳麓区,西湖公园,536cddda-4ff3-488f-8f11-786a58c0477d,湖南省,长沙市,,,2025-08-01,2025-12-31,2,serial_id,asc,16,2026-08-12T08:57:54+00:00
b454f866-cbd6-4f48-b836-1b0a6dd9e3b7,2025111900547,2,0,4,2025-11-19 15:00,2025-11-19 16:00,99265,CONSTANTING,湖南省,长沙市,岳麓区,望鹭亭,b454f866-cbd6-4f48-b836-1b0a6dd9e3b7,湖南省,长沙市,,,2025-08-01,2025-12-31,2,serial_id,asc,16,2026-08-12T08:57:54+00:00
1f66a5df-977c-4358-8841-b12853a61f01,2025111900548,2,0,1,2025-11-19 15:00,2025-11-19 16:00,99271,月引潮汐,湖南省,长沙市,岳麓区,西湖公园,1f66a5df-977c-4358-8841-b12853a61f01,湖南省,长沙市,,,2025-08-01,2025-12-31,2,serial_id,asc,16,2026-08-12T08:57:54+00:00
117a0cea-7650-46e5-a571-3af986467e1b,2025111900551,2,0,1,2025-11-19 15:00,2025-11-19 16:00,99272,陆毅,湖南省,长沙市,岳麓区,西湖公园,117a0cea-7650-46e5-a571-3af986467e1b,湖南省,长沙市,,,2025-08-01,2025-12-31,2,serial_id,asc,16,2026-08-12T08:57:54+00:00
3703baa5-008e-4eb5-a8ab-8acdd522b953,2025111900563,2,0,2,2025-11-19 15:00,2025-11-19 16:00,99281,东东奥特曼,湖南省,长沙市,岳麓区,西湖公园,3703baa5-008e-4eb5-a8ab-8acdd522b953,湖南省,长沙市,,,2025-08-01,2025-12-31,2,serial_id,asc,16,2026-08-12T08:57:54+00:00
ada5b720-e956-4163-a27f-bbcb1cb4639d,2025111900576,2,0,1,2025-11-19 15:00,2025-11-19 16:00,99253,shu,湖南省,长沙市,岳麓区,咸嘉湖景区(长沙市岳麓区G319),ada5b720-e956-4163-a27f-bbcb1cb4639d,湖南省,长沙市,,,2025-08-01,2025-12-31,2,serial_id,asc,16,2026-08-12T08:57:54+00:00
bea39f5c-807d-4eb8-8451-ce03adfe123e,2025111900578,2,0,1,2025-11-19 15:00,2025-11-19 16:00,99254,盐焗鸡,湖南省,长沙市,岳麓区,西湖公园,bea39f5c-807d-4eb8-8451-ce03adfe123e,湖南省,长沙市,,,2025-08-01,2025-12-31,2,serial_id,asc,16,2026-08-12T08:57:54+00:00
32603380-8dbe-47e3-a6db-53b70d140107,2025111900607,2,0,9,2025-11-19 12:30,2025-11-19 13:30,79800,hahahahhahahah,湖南省,长沙市,开福区,烈士公园,32603380-8dbe-47e3-a6db-53b70d140107,湖南省,长沙市,,,2025-08-01,2025-12-31,2,serial_id,asc,16,2026-08-12T08:57:54+00:00
3ce5c77f-73d4-4f78-8088-0d4c91876282,2025111900612,2,0,1,2025-11-15 07:00,2025-11-15 08:03,79800,hahahahhahahah,湖南省,长沙市,岳麓区,洋湖湿地公园,3ce5c77f-73d4-4f78-8088-0d4c91876282,湖南省,长沙市,,,2025-08-01,2025-12-31,2,serial_id,asc,16,2026-08-12T08:57:54+00:00
a856ccf0-d966-4227-9323-59d5a50b0e99,2025111900632,2,0,1,2025-11-19 16:00,2025-11-19 17:00,99276,契诃夫,湖南省,长沙市,岳麓区,西湖公园,a856ccf0-d966-4227-9323-59d5a50b0e99,湖南省,长沙市,,,2025-08-01,2025-12-31,2,serial_id,asc,16,2026-08-12T08:57:54+00:00
bad973c5-59e9-4f81-8853-c9de4d196df9,2025111900635,2,0,1,2025-11-19 16:00,2025-11-19 17:00,99290,忆简笺,湖南省,长沙市,岳麓区,西湖公园,bad973c5-59e9-4f81-8853-c9de4d196df9,湖南省,长沙市,,,2025-08-01,2025-12-31,2,serial_id,asc,16,2026-08-12T08:57:54+00:00
c0da4743-5919-4cf2-b089-aad87f56e6c8,2025111900641,2,0,1,2025-11-19 16:00,2025-11-19 17:00,99269,泠续泪,湖南省,长沙市,岳麓区,咸嘉湖景区(长沙市岳麓区G319),c0da4743-5919-4cf2-b089-aad87f56e6c8,湖南省,长沙市,,,2025-08-01,2025-12-31,2,serial_id,asc,16,2026-08-12T08:57:54+00:00
3a253e78-8a3e-4c18-b29c-29ba52f16e99,2025111900644,2,0,1,2025-11-19 16:00,2025-11-19 17:00,99288,朱文杰,湖南省,长沙市,岳麓区,西湖公园,3a253e78-8a3e-4c18-b29c-29ba52f16e99,湖南省,长沙市,,,2025-08-01,2025-12-31,2,serial_id,asc,16,2026-08-12T08:57:54+00:00
2d7c8128-a006-4630-9284-939d464f11ee,2025111900647,2,0,1,2025-11-19 16:00,2025-11-19 17:00,99269,泠续泪,湖南省,长沙市,岳麓区,咸嘉湖景区(长沙市岳麓区枫林一路北),2d7c8128-a006-4630-9284-939d464f11ee,湖南省,长沙市,,,2025-08-01,2025-12-31,2,serial_id,asc,16,2026-08-12T08:57:54+00:00
e76dc6d7-9548-4d0c-83d5-3a2fb65704bb,2025111900649,2,0,1,2025-11-19 16:00,2025-11-19 17:00,99289,liltecca,湖南省,长沙市,岳麓区,咸嘉湖景区,e76dc6d7-9548-4d0c-83d5-3a2fb65704bb,湖南省,长沙市,,,2025-08-01,2025-12-31,2,serial_id,asc,16,2026-08-12T08:57:54+00:00
c22ee1b2-8788-433f-b7b2-b516fb701867,2025111900650,2,0,1,2025-11-19 16:00,2025-11-19 17:00,99280,削泥,湖南省,长沙市,岳麓区,西湖公园,c22ee1b2-8788-433f-b7b2-b516fb701867,湖南省,长沙市,,,2025-08-01,2025-12-31,2,serial_id,asc,16,2026-08-12T08:57:54+00:00
71df0fbf-4bc8-4581-a21b-1b98fe45cbc7,2025111900663,2,0,1,2025-11-19 16:00,2025-11-19 17:00,99269,泠续泪,湖南省,长沙市,岳麓区,西湖文化园-爱鸟基地,71df0fbf-4bc8-4581-a21b-1b98fe45cbc7,湖南省,长沙市,,,2025-08-01,2025-12-31,2,serial_id,asc,16,2026-08-12T08:57:54+00:00
18de5ede-6665-4ea1-aa8d-1adb91fd7bd6,2025111900696,2,0,1,2025-11-19 16:00,2025-11-19 17:00,99280,削泥,湖南省,长沙市,岳麓区,西湖公园,18de5ede-6665-4ea1-aa8d-1adb91fd7bd6,湖南省,长沙市,,,2025-08-01,2025-12-31,2,serial_id,asc,16,2026-08-12T08:57:54+00:00
6fa88a8d-8ee8-4862-aefb-67326a9e9706,2025111900701,2,0,1,2025-11-19 16:00,2025-11-19 17:00,99280,削泥,湖南省,长沙市,岳麓区,西湖公园,6fa88a8d-8ee8-4862-aefb-67326a9e9706,湖南省,长沙市,,,2025-08-01,2025-12-31,2,serial_id,asc,16,2026-08-12T08:57:54+00:00
59c58585-6171-4f56-8768-20f65df910e6,2025111900731,2,0,3,2025-11-19 16:00,2025-11-19 17:00,97640,中南林野保满天星,湖南省,长沙市,天心区,中南林业科技大学(西区),59c58585-6171-4f56-8768-20f65df910e6,湖南省,长沙市,,,2025-08-01,2025-12-31,2,serial_id,asc,16,2026-08-12T08:57:54+00:00
b8eb145b-71e9-4dbd-be01-57edf6bdee25,2025111900760,2,0,7,2025-11-19 15:08,2025-11-19 17:00,70307,花农,湖南省,长沙市,长沙县,湖南松雅湖国家湿地公园,b8eb145b-71e9-4dbd-be01-57edf6bdee25,湖南省,长沙市,,,2025-08-01,2025-12-31,2,serial_id,asc,16,2026-08-12T08:57:54+00:00
b63cb413-2bb1-4d37-8bd8-aee732f8bda5,2025111900776,2,0,1,2025-11-19 17:10,2025-11-19 18:00,98388,滑板车,湖南省,长沙市,岳麓区,西湖公园,b63cb413-2bb1-4d37-8bd8-aee732f8bda5,湖南省,长沙市,,,2025-08-01,2025-12-31,2,serial_id,asc,17,2026-08-12T08:57:57+00:00
6c89dfe1-a130-4199-8855-b30034ade962,2025111900837,2,0,1,2025-11-19 17:00,2025-11-19 18:00,99299,曹雅诗,湖南省,长沙市,岳麓区,西湖公园(长沙市岳麓区G319),6c89dfe1-a130-4199-8855-b30034ade962,湖南省,长沙市,,,2025-08-01,2025-12-31,2,serial_id,asc,17,2026-08-12T08:57:57+00:00
ce3c9f61-cb4d-483f-8151-4caacdba467d,2025111900850,2,0,1,2025-11-19 17:00,2025-11-19 18:00,99292,Zhj,湖南省,长沙市,岳麓区,岳麓区咸嘉湖景区(枫林一路北200米),ce3c9f61-cb4d-483f-8151-4caacdba467d,湖南省,长沙市,,,2025-08-01,2025-12-31,2,serial_id,asc,17,2026-08-12T08:57:57+00:00
6b448385-a816-425a-b819-8b3c318cd7ef,2025111900971,2,0,1,2025-11-19 19:00,2025-11-19 20:00,98348,二哈,湖南省,长沙市,岳麓区,西湖公园(长沙市岳麓区G319),6b448385-a816-425a-b819-8b3c318cd7ef,湖南省,长沙市,,,2025-08-01,2025-12-31,2,serial_id,asc,17,2026-08-12T08:57:57+00:00
ae822d6e-28e5-4a03-8943-e684e469ae17,2025111901039,2,0,15,2025-11-19 10:42,2025-11-19 15:44,40145,旺兔,湖南省,长沙市,岳麓区,岳麓山风景名胜区,ae822d6e-28e5-4a03-8943-e684e469ae17,湖南省,长沙市,,,2025-08-01,2025-12-31,2,serial_id,asc,17,2026-08-12T08:57:57+00:00
43b2c132-17e9-4496-9947-7693490e9b20,2025111901297,2,0,1,2025-11-19 22:00,2025-11-19 23:00,99298,廖贝嘉,湖南省,长沙市,岳麓区,西湖公园,43b2c132-17e9-4496-9947-7693490e9b20,湖南省,长沙市,,,2025-08-01,2025-12-31,2,serial_id,asc,17,2026-08-12T08:57:57+00:00
956ee7fb-a054-4d5e-8538-53c886f432c6,2025112000018,2,0,3,2025-11-11 12:30,2025-11-11 13:20,69168,中南林野保洄游,湖南省,长沙市,天心区,中南林业科技大学(东区),956ee7fb-a054-4d5e-8538-53c886f432c6,湖南省,长沙市,,,2025-08-01,2025-12-31,2,serial_id,asc,17,2026-08-12T08:57:57+00:00
d56dcc2e-d9b2-47ab-9e60-219e0f07da3e,2025112000019,2,0,2,2025-11-13 12:30,2025-11-20 13:02,69168,中南林野保洄游,湖南省,长沙市,天心区,中南林业科技大学生态站,d56dcc2e-d9b2-47ab-9e60-219e0f07da3e,湖南省,长沙市,,,2025-08-01,2025-12-31,2,serial_id,asc,17,2026-08-12T08:57:57+00:00
b4d162aa-0451-4aae-9e83-b8c618102131,2025112000021,2,0,2,2025-11-16 12:25,2025-11-20 14:00,69168,中南林野保洄游,湖南省,长沙市,天心区,中南林业科技大学生态站,b4d162aa-0451-4aae-9e83-b8c618102131,湖南省,长沙市,,,2025-08-01,2025-12-31,2,serial_id,asc,17,2026-08-12T08:57:57+00:00
a3462047-6079-440f-a4ac-6071b3fbb3a2,2025112000022,2,0,3,2025-11-09 21:00,2025-11-20 23:40,69168,中南林野保洄游,湖南省,长沙市,长沙县,长沙县春华镇西脚岭,a3462047-6079-440f-a4ac-6071b3fbb3a2,湖南省,长沙市,,,2025-08-01,2025-12-31,2,serial_id,asc,17,2026-08-12T08:57:57+00:00
e0d426a5-104f-492b-b946-0daaf7de6b7a,2025112000390,2,0,6,2025-11-20 12:00,2025-11-20 13:00,20342,颂庄,湖南省,长沙市,长沙县,松雅湖沙滩(长沙市长沙县万明路松雅湖),e0d426a5-104f-492b-b946-0daaf7de6b7a,湖南省,长沙市,,,2025-08-01,2025-12-31,2,serial_id,asc,17,2026-08-12T08:57:57+00:00
e0dc687b-ba20-4ef7-aad5-f247475cf5c7,2025112000537,2,0,9,2025-11-20 12:30,2025-11-20 14:00,79800,hahahahhahahah,湖南省,长沙市,芙蓉区,湖南烈士公园,e0dc687b-ba20-4ef7-aad5-f247475cf5c7,湖南省,长沙市,,,2025-08-01,2025-12-31,2,serial_id,asc,17,2026-08-12T08:57:57+00:00
458da8a1-127e-48b8-b857-22dc9452622e,2025112000599,2,0,7,2025-11-20 09:00,2025-11-20 11:00,32805,小婷,湖南省,长沙市,岳麓区,洋湖湿地公园,458da8a1-127e-48b8-b857-22dc9452622e,湖南省,长沙市,,,2025-08-01,2025-12-31,2,serial_id,asc,17,2026-08-12T08:57:57+00:00
c3e07c06-5e43-45a3-8c74-0da622087547,2025112000643,2,0,16,2025-11-20 15:00,2025-11-20 16:00,73207,郭涵,湖南省,长沙市,芙蓉区,湖南农业大学(致远路),c3e07c06-5e43-45a3-8c74-0da622087547,湖南省,长沙市,,,2025-08-01,2025-12-31,2,serial_id,asc,17,2026-08-12T08:57:57+00:00
282bee41-c709-4bf1-8caf-63df1d571df6,2025112000848,2,0,9,2025-11-20 16:00,2025-11-20 17:20,75725,西谷椰子,湖南省,长沙市,岳麓区,西湖公园(长沙市岳麓区G319),282bee41-c709-4bf1-8caf-63df1d571df6,湖南省,长沙市,,,2025-08-01,2025-12-31,2,serial_id,asc,17,2026-08-12T08:57:57+00:00
991c4e34-dab6-4e35-87c7-2dfa8fb156e1,2025112001030,2,0,12,2025-11-20 19:00,2025-11-20 20:00,78214,柠羽茶,湖南省,长沙市,长沙县,湖南松雅湖国家湿地公园,991c4e34-dab6-4e35-87c7-2dfa8fb156e1,湖南省,长沙市,,,2025-08-01,2025-12-31,2,serial_id,asc,17,2026-08-12T08:57:57+00:00
0128d036-2ffc-49e3-a6af-a7bf45cccca2,2025112100005,2,0,3,2025-11-21 00:00,2025-11-21 01:00,99382,云树,湖南省,长沙市,岳麓区,岳麓区咸嘉湖景区,0128d036-2ffc-49e3-a6af-a7bf45cccca2,湖南省,长沙市,,,2025-08-01,2025-12-31,2,serial_id,asc,17,2026-08-12T08:57:57+00:00
0977d2d7-1462-48c5-be99-5c4e380636e0,2025112100006,2,0,2,2025-11-08 08:04,2025-11-08 09:04,99382,云树,湖南省,长沙市,岳麓区,洋湖国家湿地公园,0977d2d7-1462-48c5-be99-5c4e380636e0,湖南省,长沙市,,,2025-08-01,2025-12-31,2,serial_id,asc,17,2026-08-12T08:57:57+00:00
680b178b-6c86-4da0-80f3-a371e17a3fc1,2025112100451,2,0,10,2025-11-21 12:00,2025-11-21 13:00,38120,wanamaker,湖南省,长沙市,岳麓区,岳麓区大王山旅游度假区致地·龙熙台北300米,680b178b-6c86-4da0-80f3-a371e17a3fc1,湖南省,长沙市,,,2025-08-01,2025-12-31,2,serial_id,asc,17,2026-08-12T08:57:57+00:00
fa3bf43c-d603-4e21-bdee-d83c29c95d71,2025112100535,2,0,4,2025-11-21 10:40,2025-11-21 14:00,30509,白萝卜,湖南省,长沙市,岳麓区,岳麓区岳麓山,fa3bf43c-d603-4e21-bdee-d83c29c95d71,湖南省,长沙市,,,2025-08-01,2025-12-31,2,serial_id,asc,17,2026-08-12T08:57:57+00:00
58edc52f-1083-4be0-99cc-3f4ca0e34d75,2025112100969,2,0,17,2025-11-20 14:03,2025-11-20 17:03,98898,大球,湖南省,长沙市,岳麓区,洋湖湿地公园,58edc52f-1083-4be0-99cc-3f4ca0e34d75,湖南省,长沙市,,,2025-08-01,2025-12-31,2,serial_id,asc,17,2026-08-12T08:57:57+00:00
1918f3ed-1673-4757-8092-f4bd59fe853a,2025112101166,2,0,25,2025-11-21 15:00,2025-11-21 18:00,30509,白萝卜,湖南省,长沙市,岳麓区,洋湖体育公园(岳麓区洋湖大道680号),1918f3ed-1673-4757-8092-f4bd59fe853a,湖南省,长沙市,,,2025-08-01,2025-12-31,2,serial_id,asc,17,2026-08-12T08:57:57+00:00
e5832362-f105-4c56-a8fb-e27a502b7c43,2025112101186,2,0,8,2025-11-21 17:00,2025-11-21 18:00,81786,橘子233,湖南省,长沙市,岳麓区,岳麓山风景名胜区,e5832362-f105-4c56-a8fb-e27a502b7c43,湖南省,长沙市,,,2025-08-01,2025-12-31,2,serial_id,asc,17,2026-08-12T08:57:57+00:00
777f4a0b-77fc-483a-8c28-70be35f67f1d,2025112101508,2,0,6,2025-11-21 14:00,2025-11-21 15:40,77053,Nyna,湖南省,长沙市,岳麓区,岳麓山国家重点风景名胜区-一洞天,777f4a0b-77fc-483a-8c28-70be35f67f1d,湖南省,长沙市,,,2025-08-01,2025-12-31,2,serial_id,asc,17,2026-08-12T08:57:57+00:00
51086200-5ffe-478b-b4ca-e9778d4029e4,2025112200017,2,0,26,2025-11-21 15:00,2025-11-21 17:00,75057,胡天浩,湖南省,长沙市,长沙县,湖南松雅湖国家湿地公园,51086200-5ffe-478b-b4ca-e9778d4029e4,湖南省,长沙市,,,2025-08-01,2025-12-31,2,serial_id,asc,17,2026-08-12T08:57:57+00:00
a04752cb-dffe-4b4b-ae5c-9d7ec0e9cac8,2025112200124,2,0,23,2025-11-22 07:00,2025-11-22 08:30,21110,北红尾鸲,湖南省,长沙市,长沙县,湖南松雅湖国家湿地公园,a04752cb-dffe-4b4b-ae5c-9d7ec0e9cac8,湖南省,长沙市,,,2025-08-01,2025-12-31,2,serial_id,asc,17,2026-08-12T08:57:57+00:00
39584c43-9335-46d5-9eb3-4728d86e5d9a,2025112200260,2,0,19,2025-11-22 07:00,2025-11-22 08:00,75057,胡天浩,湖南省,长沙市,长沙县,湖南松雅湖国家湿地公园,39584c43-9335-46d5-9eb3-4728d86e5d9a,湖南省,长沙市,,,2025-08-01,2025-12-31,2,serial_id,asc,17,2026-08-12T08:57:57+00:00
35ca27cf-46d3-4c68-affe-b007d7c00df4,2025112200328,2,0,6,2025-11-22 10:00,2025-11-22 11:00,89647,lele2025,湖南省,长沙市,岳麓区,岳麓山风景名胜区,35ca27cf-46d3-4c68-affe-b007d7c00df4,湖南省,长沙市,,,2025-08-01,2025-12-31,2,serial_id,asc,17,2026-08-12T08:57:57+00:00
e20504f8-9e60-4e85-b36b-8b40eca01045,2025112200603,2,0,18,2025-11-22 08:40,2025-11-22 11:53,69150,中南林野保变形虫,湖南省,长沙市,岳麓区,岳麓山-l,e20504f8-9e60-4e85-b36b-8b40eca01045,湖南省,长沙市,,,2025-08-01,2025-12-31,2,serial_id,asc,17,2026-08-12T08:57:57+00:00
81605f32-d0a2-42b5-a4cf-fef23e40051e,2025112200604,2,0,10,2025-11-22 11:00,2025-11-22 12:00,98521,柳树543,湖南省,长沙市,岳麓区,岳麓山风景名胜区,81605f32-d0a2-42b5-a4cf-fef23e40051e,湖南省,长沙市,,,2025-08-01,2025-12-31,2,serial_id,asc,17,2026-08-12T08:57:57+00:00
5874bdbc-2714-4245-9033-f929673330c1,2025112200605,2,0,18,2025-11-22 11:00,2025-11-22 12:00,93312,草长坟,湖南省,长沙市,岳麓区,岳麓山-l,5874bdbc-2714-4245-9033-f929673330c1,湖南省,长沙市,,,2025-08-01,2025-12-31,2,serial_id,asc,17,2026-08-12T08:57:57+00:00
a978380c-feb1-4dee-88a4-66bfe73b4a01,2025112200606,2,0,18,2025-11-22 11:00,2025-11-22 12:00,97642,25中南林野保扬子鳄,湖南省,长沙市,岳麓区,岳麓山-l,a978380c-feb1-4dee-88a4-66bfe73b4a01,湖南省,长沙市,,,2025-08-01,2025-12-31,2,serial_id,asc,17,2026-08-12T08:57:57+00:00
241b4afc-3608-4081-9996-5d5731e8a5a2,2025112200608,2,0,18,2025-11-22 11:00,2025-11-22 12:00,97653,中南林野保肥啾,湖南省,长沙市,岳麓区,岳麓山-l,241b4afc-3608-4081-9996-5d5731e8a5a2,湖南省,长沙市,,,2025-08-01,2025-12-31,2,serial_id,asc,17,2026-08-12T08:57:57+00:00
1be1348d-9f28-401f-b8ed-64967598661e,2025112200610,2,0,5,2025-11-22 11:00,2025-11-22 12:00,97638,中南林野保刺猬,湖南省,长沙市,岳麓区,岳麓山风景名胜区,1be1348d-9f28-401f-b8ed-64967598661e,湖南省,长沙市,,,2025-08-01,2025-12-31,2,serial_id,asc,17,2026-08-12T08:57:57+00:00
00d8e72a-8c48-4eb2-834e-4cc08d54e9ce,2025112200615,2,0,16,2025-11-22 11:00,2025-11-22 12:00,97651,中南林野保碎渣青冈种子,湖南省,长沙市,岳麓区,岳麓山风景名胜区,00d8e72a-8c48-4eb2-834e-4cc08d54e9ce,湖南省,长沙市,,,2025-08-01,2025-12-31,2,serial_id,asc,17,2026-08-12T08:57:57+00:00
726b8ceb-0bc8-484d-9d3f-eba226f78796,2025112200749,2,0,8,2025-11-22 12:00,2025-11-22 13:00,85513,bulbul,湖南省,长沙市,长沙县,莲花湾组,726b8ceb-0bc8-484d-9d3f-eba226f78796,湖南省,长沙市,,,2025-08-01,2025-12-31,2,serial_id,asc,17,2026-08-12T08:57:57+00:00
24545c29-520f-4926-8339-89caf5e3ca49,2025112200753,2,0,1,2025-11-22 12:00,2025-11-22 13:00,85513,bulbul,湖南省,长沙市,长沙县,长沙县金井镇上沅组,24545c29-520f-4926-8339-89caf5e3ca49,湖南省,长沙市,,,2025-08-01,2025-12-31,2,serial_id,asc,17,2026-08-12T08:57:57+00:00
0f55d58c-afde-4d10-9e06-f933cf29be91,2025112200804,2,0,17,2025-11-22 12:00,2025-11-22 13:00,22675,dxjecho,湖南省,长沙市,岳麓区,岳麓山国家重点风景名胜区,0f55d58c-afde-4d10-9e06-f933cf29be91,湖南省,长沙市,,,2025-08-01,2025-12-31,2,serial_id,asc,17,2026-08-12T08:57:57+00:00
92e67df8-6daf-4d21-b706-45c814591fea,2025112201351,2,0,3,2025-11-20 14:12,2025-11-20 16:12,51302,PiedKingfisher,湖南省,长沙市,岳麓区,岳麓山风景名胜区,92e67df8-6daf-4d21-b706-45c814591fea,湖南省,长沙市,,,2025-08-01,2025-12-31,2,serial_id,asc,17,2026-08-12T08:57:57+00:00
91ed0d78-a32d-41dd-82c0-7a452e8ccd20,2025112201568,2,0,7,2025-11-22 12:10,2025-11-22 16:10,70307,花农,湖南省,长沙市,岳麓区,岳麓山国家重点风景名胜区,91ed0d78-a32d-41dd-82c0-7a452e8ccd20,湖南省,长沙市,,,2025-08-01,2025-12-31,2,serial_id,asc,17,2026-08-12T08:57:57+00:00
be86c8be-0799-4b61-8493-dda8f22a2c08,2025112201612,2,0,12,2025-11-22 09:00,2025-11-22 18:00,21110,北红尾鸲,湖南省,长沙市,长沙县,远大城,be86c8be-0799-4b61-8493-dda8f22a2c08,湖南省,长沙市,,,2025-08-01,2025-12-31,2,serial_id,asc,17,2026-08-12T08:57:57+00:00
dfbaee01-da1e-465b-bc94-f266d6237e9a,2025112201621,2,0,8,2025-11-22 17:00,2025-11-22 17:30,75057,胡天浩,湖南省,长沙市,长沙县,远大城,dfbaee01-da1e-465b-bc94-f266d6237e9a,湖南省,长沙市,,,2025-08-01,2025-12-31,2,serial_id,asc,17,2026-08-12T08:57:57+00:00
a415c121-aa33-408e-8d0c-311d4b92e46e,2025112201941,2,0,24,2025-11-22 08:00,2025-11-22 10:30,82764,盐渍蛞蝓,湖南省,长沙市,岳麓区,洋湖湿地公园,a415c121-aa33-408e-8d0c-311d4b92e46e,湖南省,长沙市,,,2025-08-01,2025-12-31,2,serial_id,asc,17,2026-08-12T08:57:57+00:00
7d48eaa6-422a-4b16-86d8-1a86ba5f836b,2025112202305,2,0,5,2025-11-22 09:00,2025-11-22 11:30,89877,TBZ,湖南省,长沙市,岳麓区,岳麓山国家重点风景名胜区,7d48eaa6-422a-4b16-86d8-1a86ba5f836b,湖南省,长沙市,,,2025-08-01,2025-12-31,2,serial_id,asc,17,2026-08-12T08:57:57+00:00
5f8ab871-17fe-4c28-b165-91bac9aaf1ed,2025112202319,2,0,8,2025-11-16 09:51,2025-11-16 10:50,89877,TBZ,湖南省,长沙市,芙蓉区,湖南烈士公园,5f8ab871-17fe-4c28-b165-91bac9aaf1ed,湖南省,长沙市,,,2025-08-01,2025-12-31,2,serial_id,asc,17,2026-08-12T08:57:57+00:00
35c02602-9b5d-4ffc-93ba-d79902586aaa,2025112202338,2,0,9,2025-11-22 16:00,2025-11-22 17:30,32875,小鱼cici,湖南省,长沙市,望城区,望城区白箬铺镇跑马洲,35c02602-9b5d-4ffc-93ba-d79902586aaa,湖南省,长沙市,,,2025-08-01,2025-12-31,2,serial_id,asc,17,2026-08-12T08:57:57+00:00
9d4be99b-102d-4bd1-a6b4-c6c26988c2b6,2025112300158,2,0,30,2025-11-23 08:00,2025-11-23 09:00,25634,葱歌,湖南省,长沙市,长沙县,长沙县长沙(北山)植物园,9d4be99b-102d-4bd1-a6b4-c6c26988c2b6,湖南省,长沙市,,,2025-08-01,2025-12-31,2,serial_id,asc,17,2026-08-12T08:57:57+00:00
23898ab4-b48d-4977-a41c-d09e490eb950,2025112300181,2,0,27,2025-11-23 07:30,2025-11-23 16:30,21110,北红尾鸲,湖南省,长沙市,长沙县,远大城,23898ab4-b48d-4977-a41c-d09e490eb950,湖南省,长沙市,,,2025-08-01,2025-12-31,2,serial_id,asc,17,2026-08-12T08:57:57+00:00
ae4b6914-a281-4685-b262-c4866f8bedda,2025112300455,2,0,12,2025-11-23 09:37,2025-11-23 11:00,23490,戈壁stone,湖南省,长沙市,长沙县,西脚岭,ae4b6914-a281-4685-b262-c4866f8bedda,湖南省,长沙市,,,2025-08-01,2025-12-31,2,serial_id,asc,17,2026-08-12T08:57:57+00:00
7f357a5f-e04f-4431-ae64-e51b8c1abb8a,2025112300637,2,0,4,2025-11-23 11:00,2025-11-23 12:00,74558,最后之基多拉,湖南省,长沙市,浏阳市,云峰台,7f357a5f-e04f-4431-ae64-e51b8c1abb8a,湖南省,长沙市,,,2025-08-01,2025-12-31,2,serial_id,asc,17,2026-08-12T08:57:57+00:00
6457de50-f5ab-4415-b30c-a44736961e9a,2025112300990,2,0,1,2025-11-23 13:00,2025-11-23 14:00,99672,野菜yccc,湖南省,长沙市,岳麓区,湖南财政经济学院(岳麓区枫林二路139),6457de50-f5ab-4415-b30c-a44736961e9a,湖南省,长沙市,,,2025-08-01,2025-12-31,2,serial_id,asc,18,2026-08-12T08:58:00+00:00
e149211f-2e97-469c-a8fd-4f74efc7679b,2025112301215,2,0,24,2025-11-23 13:00,2025-11-23 14:00,76989,金樽清酒,湖南省,长沙市,宁乡市,净土庵寺,e149211f-2e97-469c-a8fd-4f74efc7679b,湖南省,长沙市,,,2025-08-01,2025-12-31,2,serial_id,asc,18,2026-08-12T08:58:00+00:00
d7bb3e09-0d90-4b31-b94d-717001065d74,2025112301867,2,0,6,2025-11-23 17:00,2025-11-23 18:00,83980,不知山云,湖南省,长沙市,芙蓉区,湖南烈士公园,d7bb3e09-0d90-4b31-b94d-717001065d74,湖南省,长沙市,,,2025-08-01,2025-12-31,2,serial_id,asc,18,2026-08-12T08:58:00+00:00
eb05ab06-910f-458a-9b52-0445ebbaa731,2025112302029,2,0,17,2025-11-23 08:00,2025-11-23 09:00,75057,胡天浩,湖南省,长沙市,长沙县,远大城,eb05ab06-910f-458a-9b52-0445ebbaa731,湖南省,长沙市,,,2025-08-01,2025-12-31,2,serial_id,asc,18,2026-08-12T08:58:00+00:00
5ddcf3b8-3ab4-4338-bb5d-22adc8edbb77,2025112302272,2,0,15,2025-11-23 08:15,2025-11-23 11:30,28670,严茜予,湖南省,长沙市,岳麓区,桃花岭景区,5ddcf3b8-3ab4-4338-bb5d-22adc8edbb77,湖南省,长沙市,,,2025-08-01,2025-12-31,2,serial_id,asc,18,2026-08-12T08:58:00+00:00
559626ca-8cc2-4959-b230-40df6669ab07,2025112302333,2,0,1,2025-11-22 09:32,2025-11-23 13:30,36975,windflowerjulia,湖南省,长沙市,岳麓区,岳麓山风景名胜区,559626ca-8cc2-4959-b230-40df6669ab07,湖南省,长沙市,,,2025-08-01,2025-12-31,2,serial_id,asc,18,2026-08-12T08:58:00+00:00
5a1c9f10-9ed9-466a-8db6-ef24f4571773,2025112302398,2,0,26,2025-11-23 09:00,2025-11-23 11:30,89877,TBZ,湖南省,长沙市,长沙县,湖南松雅湖国家湿地公园,5a1c9f10-9ed9-466a-8db6-ef24f4571773,湖南省,长沙市,,,2025-08-01,2025-12-31,2,serial_id,asc,18,2026-08-12T08:58:00+00:00
74cf6527-5c3d-4ffe-8648-14b10b5865e7,2025112302895,2,0,15,2025-11-22 10:15,2025-11-22 14:15,21833,宝兴歌鸫,湖南省,长沙市,芙蓉区,湖南烈士公园,74cf6527-5c3d-4ffe-8648-14b10b5865e7,湖南省,长沙市,,,2025-08-01,2025-12-31,2,serial_id,asc,18,2026-08-12T08:58:00+00:00
120464fa-f32e-4e35-8d7c-7b62877d900b,2025112400549,2,0,10,2025-11-24 11:00,2025-11-24 12:00,25634,葱歌,湖南省,长沙市,岳麓区,洋湖湿地露营基地(长沙市岳麓区),120464fa-f32e-4e35-8d7c-7b62877d900b,湖南省,长沙市,,,2025-08-01,2025-12-31,2,serial_id,asc,18,2026-08-12T08:58:00+00:00
1bddffeb-f79c-4bce-b38e-e7d00bf68956,2025112400672,2,0,8,2025-11-24 09:00,2025-11-24 11:30,82764,盐渍蛞蝓,湖南省,长沙市,岳麓区,岳麓山国家重点风景名胜区,1bddffeb-f79c-4bce-b38e-e7d00bf68956,湖南省,长沙市,,,2025-08-01,2025-12-31,2,serial_id,asc,18,2026-08-12T08:58:00+00:00
960cbbc7-eafe-4d33-bab9-29cb9c9ee44e,2025112401006,2,0,16,2025-11-24 09:14,2025-11-24 14:13,30340,不让说话,湖南省,长沙市,岳麓区,岳麓山风景名胜区,960cbbc7-eafe-4d33-bab9-29cb9c9ee44e,湖南省,长沙市,,,2025-08-01,2025-12-31,2,serial_id,asc,18,2026-08-12T08:58:00+00:00
5049f681-c8fd-4535-8614-0634019ac73f,2025112401239,2,0,7,2025-11-24 17:00,2025-11-24 18:00,76989,金樽清酒,湖南省,长沙市,岳麓区,岳麓山风景名胜区,5049f681-c8fd-4535-8614-0634019ac73f,湖南省,长沙市,,,2025-08-01,2025-12-31,2,serial_id,asc,18,2026-08-12T08:58:00+00:00
8790a8ae-4232-4933-b298-5577b113855f,2025112401645,2,0,12,2025-11-24 22:00,2025-11-24 23:00,98898,大球,湖南省,长沙市,岳麓区,长沙西湖公园,8790a8ae-4232-4933-b298-5577b113855f,湖南省,长沙市,,,2025-08-01,2025-12-31,2,serial_id,asc,18,2026-08-12T08:58:00+00:00
2eb1cf3b-bd06-462a-a1a1-1c3dccb0badf,2025112500444,2,0,4,2025-11-25 11:30,2025-11-25 11:55,54274,嘎儿,湖南省,长沙市,岳麓区,湖南师范大学幼儿园,2eb1cf3b-bd06-462a-a1a1-1c3dccb0badf,湖南省,长沙市,,,2025-08-01,2025-12-31,2,serial_id,asc,18,2026-08-12T08:58:00+00:00
c3164003-20df-481c-86da-c9630ac1dfa3,2025112500859,2,0,11,2025-11-25 15:00,2025-11-25 16:00,32805,小婷,湖南省,长沙市,岳麓区,岳麓山国家重点风景名胜区,c3164003-20df-481c-86da-c9630ac1dfa3,湖南省,长沙市,,,2025-08-01,2025-12-31,2,serial_id,asc,18,2026-08-12T08:58:00+00:00
9952f8e1-20cf-4e1e-80c2-395b55e94662,2025112501243,2,0,18,2025-11-25 13:17,2025-11-25 17:13,87527,祁Ell,湖南省,长沙市,岳麓区,岳麓区岳麓山,9952f8e1-20cf-4e1e-80c2-395b55e94662,湖南省,长沙市,,,2025-08-01,2025-12-31,2,serial_id,asc,18,2026-08-12T08:58:00+00:00
fe6dbefc-8e5b-4008-88ec-86960fa7be19,2025112501289,2,0,13,2025-11-25 13:00,2025-11-25 15:30,20896,baitao2002,湖南省,长沙市,岳麓区,岳麓山风景名胜区-一洞天,fe6dbefc-8e5b-4008-88ec-86960fa7be19,湖南省,长沙市,,,2025-08-01,2025-12-31,2,serial_id,asc,18,2026-08-12T08:58:00+00:00
069514a8-2c67-4698-8e55-dcda476341c5,2025112501338,2,0,11,2025-11-25 15:46,2025-11-25 16:27,73207,郭涵,湖南省,长沙市,芙蓉区,湖南农业大学第十教学楼(长沙市芙蓉区),069514a8-2c67-4698-8e55-dcda476341c5,湖南省,长沙市,,,2025-08-01,2025-12-31,2,serial_id,asc,18,2026-08-12T08:58:00+00:00
17096a16-11aa-4d9e-81db-0ce1673b08c3,2025112600050,2,0,6,2025-11-26 07:29,2025-11-26 07:59,50180,贝尔箭螳,湖南省,长沙市,天心区,中南林业科技大学,17096a16-11aa-4d9e-81db-0ce1673b08c3,湖南省,长沙市,,,2025-08-01,2025-12-31,2,serial_id,asc,18,2026-08-12T08:58:00+00:00
0dba1959-3571-4f7d-8606-f5aa5a84f4b1,2025112600233,2,0,12,2025-11-26 09:00,2025-11-26 10:00,20022,fly肖,湖南省,长沙市,芙蓉区,隆平小镇博物园(长沙市芙蓉区),0dba1959-3571-4f7d-8606-f5aa5a84f4b1,湖南省,长沙市,,,2025-08-01,2025-12-31,2,serial_id,asc,18,2026-08-12T08:58:00+00:00
b39320f4-7901-4b85-af37-235a70c5fb85,2025112600629,2,0,8,2025-11-26 13:16,2025-11-26 18:16,23070,王军路标,湖南省,长沙市,岳麓区,岳麓山国家重点风景名胜区,b39320f4-7901-4b85-af37-235a70c5fb85,湖南省,长沙市,,,2025-08-01,2025-12-31,2,serial_id,asc,18,2026-08-12T08:58:00+00:00
536966e3-e998-4870-b67a-d17b1b9cb013,2025112600751,2,0,1,2025-11-26 16:00,2025-11-26 17:00,99253,shu,湖南省,长沙市,岳麓区,西湖公园,536966e3-e998-4870-b67a-d17b1b9cb013,湖南省,长沙市,,,2025-08-01,2025-12-31,2,serial_id,asc,18,2026-08-12T08:58:00+00:00
b136ba6c-a357-4e1b-82f2-336f32dbd208,2025112600855,2,0,1,2025-11-26 17:00,2025-11-26 18:00,98368,XHSSB,湖南省,长沙市,岳麓区,岳麓区咸嘉湖景区(枫林一路北200米),b136ba6c-a357-4e1b-82f2-336f32dbd208,湖南省,长沙市,,,2025-08-01,2025-12-31,2,serial_id,asc,18,2026-08-12T08:58:00+00:00
77aba25a-6014-452b-a175-e4b608ed53b1,2025112601053,2,0,11,2025-11-26 10:32,2025-11-26 15:50,40145,旺兔,湖南省,长沙市,长沙县,大山冲森林公园,77aba25a-6014-452b-a175-e4b608ed53b1,湖南省,长沙市,,,2025-08-01,2025-12-31,2,serial_id,asc,18,2026-08-12T08:58:00+00:00
ed3b9e89-59dc-4fa3-8a15-887e06b05c4d,2025112601161,2,0,11,2025-11-26 08:13,2025-11-26 10:00,14508,Narwhal1001,湖南省,长沙市,岳麓区,岳麓区岳麓山,ed3b9e89-59dc-4fa3-8a15-887e06b05c4d,湖南省,长沙市,,,2025-08-01,2025-12-31,2,serial_id,asc,18,2026-08-12T08:58:00+00:00
9e4b3ba0-fd65-4e4c-9881-1d5d26d36320,2025112601205,2,0,25,2025-11-26 09:00,2025-11-26 13:00,32805,小婷,湖南省,长沙市,岳麓区,洋湖湿地公园,9e4b3ba0-fd65-4e4c-9881-1d5d26d36320,湖南省,长沙市,,,2025-08-01,2025-12-31,2,serial_id,asc,18,2026-08-12T08:58:00+00:00
6e4e9bd4-a268-4060-9918-9f723d4232e5,2025112700151,2,0,1,2025-11-27 09:00,2025-11-27 10:00,67758,asir,湖南省,长沙市,岳麓区,省建院·江雅园,6e4e9bd4-a268-4060-9918-9f723d4232e5,湖南省,长沙市,,,2025-08-01,2025-12-31,2,serial_id,asc,18,2026-08-12T08:58:00+00:00
70926850-883c-451b-a685-52e4b632fea0,2025112700199,2,0,7,2025-11-27 10:00,2025-11-27 11:00,73207,郭涵,湖南省,长沙市,芙蓉区,农大荷花草莓基地,70926850-883c-451b-a685-52e4b632fea0,湖南省,长沙市,,,2025-08-01,2025-12-31,2,serial_id,asc,18,2026-08-12T08:58:00+00:00
f4c88a08-092e-43d1-b66f-904be27afa3c,2025112700551,2,0,1,2025-11-27 15:00,2025-11-27 16:00,73207,郭涵,湖南省,长沙市,芙蓉区,湖南省水稻研究所,f4c88a08-092e-43d1-b66f-904be27afa3c,湖南省,长沙市,,,2025-08-01,2025-12-31,2,serial_id,asc,18,2026-08-12T08:58:00+00:00
c9a9b4e8-ff29-49da-8586-9d4982e3c24e,2025112700562,2,0,1,2025-11-27 15:00,2025-11-27 16:00,73207,郭涵,湖南省,长沙市,芙蓉区,湖南省水稻研究所,c9a9b4e8-ff29-49da-8586-9d4982e3c24e,湖南省,长沙市,,,2025-08-01,2025-12-31,2,serial_id,asc,18,2026-08-12T08:58:00+00:00
1dc2bf24-427f-47cf-afa4-ec3da214197f,2025112700578,2,0,15,2025-11-27 15:00,2025-11-27 16:00,86202,秋风淡淡梦无痕,湖南省,长沙市,岳麓区,橘子洲景区,1dc2bf24-427f-47cf-afa4-ec3da214197f,湖南省,长沙市,,,2025-08-01,2025-12-31,2,serial_id,asc,18,2026-08-12T08:58:00+00:00
65a2f804-d09a-4a13-bfa0-356d768c2ab0,2025112700672,2,0,8,2025-11-27 11:00,2025-11-27 12:00,32805,小婷,湖南省,长沙市,长沙县,湖南松雅湖国家湿地公园,65a2f804-d09a-4a13-bfa0-356d768c2ab0,湖南省,长沙市,,,2025-08-01,2025-12-31,2,serial_id,asc,18,2026-08-12T08:58:00+00:00
ad496831-b395-4a4a-b48d-bb1438609649,2025112700806,2,0,18,2025-11-27 18:00,2025-11-27 19:00,78204,鸣风,湖南省,长沙市,芙蓉区,湖南农业大学,ad496831-b395-4a4a-b48d-bb1438609649,湖南省,长沙市,,,2025-08-01,2025-12-31,2,serial_id,asc,18,2026-08-12T08:58:00+00:00
49ff2886-f30f-424d-812f-2c8ac0f170c8,2025112700817,2,0,1,2025-11-27 18:00,2025-11-27 19:00,78204,鸣风,湖南省,长沙市,芙蓉区,湖南农业大学,49ff2886-f30f-424d-812f-2c8ac0f170c8,湖南省,长沙市,,,2025-08-01,2025-12-31,2,serial_id,asc,18,2026-08-12T08:58:00+00:00
ce1d60ac-c943-4a99-a60e-85b1c72f9755,2025112800231,2,0,13,2025-11-28 10:00,2025-11-28 11:00,86202,秋风淡淡梦无痕,湖南省,长沙市,岳麓区,洋湖湿地公园,ce1d60ac-c943-4a99-a60e-85b1c72f9755,湖南省,长沙市,,,2025-08-01,2025-12-31,2,serial_id,asc,18,2026-08-12T08:58:00+00:00
b4e0a523-edf5-4ea0-8493-426c17f70cff,2025112800441,2,0,1,2025-11-28 13:00,2025-11-28 14:00,99005,寿喜,湖南省,长沙市,岳麓区,岳麓区麓谷明珠(枫林三路),b4e0a523-edf5-4ea0-8493-426c17f70cff,湖南省,长沙市,,,2025-08-01,2025-12-31,2,serial_id,asc,18,2026-08-12T08:58:00+00:00
c6f2f5a5-dd77-4349-9c47-427e84eac218,2025112800525,2,0,4,2025-11-28 12:10,2025-11-28 13:30,79800,hahahahhahahah,湖南省,长沙市,开福区,烈士公园,c6f2f5a5-dd77-4349-9c47-427e84eac218,湖南省,长沙市,,,2025-08-01,2025-12-31,2,serial_id,asc,18,2026-08-12T08:58:00+00:00
17131e77-6dde-4ae0-87a8-7286155c5e98,2025112800621,2,0,32,2025-11-28 14:00,2025-11-28 15:00,97793,小皮,湖南省,长沙市,岳麓区,洋湖国家湿地公园,17131e77-6dde-4ae0-87a8-7286155c5e98,湖南省,长沙市,,,2025-08-01,2025-12-31,2,serial_id,asc,18,2026-08-12T08:58:00+00:00
712e4029-cf6a-4492-8ff8-0ae5251ef462,2025112800782,2,0,2,2025-11-28 16:00,2025-11-28 17:00,86202,秋风淡淡梦无痕,湖南省,长沙市,岳麓区,岳麓山风景名胜区,712e4029-cf6a-4492-8ff8-0ae5251ef462,湖南省,长沙市,,,2025-08-01,2025-12-31,2,serial_id,asc,18,2026-08-12T08:58:00+00:00
46fba5bc-a638-4496-91e1-b7945733c43f,2025112800957,2,0,1,2025-11-28 18:00,2025-11-28 19:00,99269,泠续泪,湖南省,长沙市,岳麓区,湖南财政经济学院(岳麓区枫林二路139),46fba5bc-a638-4496-91e1-b7945733c43f,湖南省,长沙市,,,2025-08-01,2025-12-31,2,serial_id,asc,18,2026-08-12T08:58:00+00:00
71674628-df44-4370-b5fd-74034e4ca7ce,2025112900231,2,0,2,2025-11-29 07:30,2025-11-29 08:40,79800,hahahahhahahah,湖南省,长沙市,岳麓区,洋湖湿地公园,71674628-df44-4370-b5fd-74034e4ca7ce,湖南省,长沙市,,,2025-08-01,2025-12-31,2,serial_id,asc,18,2026-08-12T08:58:00+00:00
fbc936f6-d28c-48eb-9b5c-20e755493d98,2025112900791,2,0,21,2025-11-29 08:00,2025-11-29 09:00,59118,鸳鸳相报何时了,湖南省,长沙市,岳麓区,岳麓山-l,fbc936f6-d28c-48eb-9b5c-20e755493d98,湖南省,长沙市,,,2025-08-01,2025-12-31,2,serial_id,asc,18,2026-08-12T08:58:00+00:00
edd39228-be57-4572-b136-79ced5dd3a9c,2025112900792,2,0,21,2025-11-29 08:00,2025-11-29 09:00,57563,喵喵雪饼,湖南省,长沙市,岳麓区,岳麓山-l,edd39228-be57-4572-b136-79ced5dd3a9c,湖南省,长沙市,,,2025-08-01,2025-12-31,2,serial_id,asc,18,2026-08-12T08:58:00+00:00
0bc25c36-c5a4-4a86-bca8-919d5b3cba61,2025112900801,2,0,21,2025-11-29 08:00,2025-11-29 09:00,38583,一白,湖南省,长沙市,岳麓区,岳麓山-l,0bc25c36-c5a4-4a86-bca8-919d5b3cba61,湖南省,长沙市,,,2025-08-01,2025-12-31,2,serial_id,asc,18,2026-08-12T08:58:00+00:00
335fb8cb-f85c-42c7-aed5-38b6919812c5,2025112900837,2,0,17,2025-11-29 08:00,2025-11-29 09:00,51195,玖erminea,湖南省,长沙市,岳麓区,岳麓山-l,335fb8cb-f85c-42c7-aed5-38b6919812c5,湖南省,长沙市,,,2025-08-01,2025-12-31,2,serial_id,asc,18,2026-08-12T08:58:00+00:00
dd867014-f219-4736-bec5-c80f8db9cd80,2025112901162,2,0,9,2025-11-29 13:30,2025-11-29 16:00,77053,Nyna,湖南省,长沙市,岳麓区,岳麓山国家重点风景名胜区-一洞天,dd867014-f219-4736-bec5-c80f8db9cd80,湖南省,长沙市,,,2025-08-01,2025-12-31,2,serial_id,asc,18,2026-08-12T08:58:00+00:00
7f54c227-37e6-4efb-a09f-54c1064b85e3,2025112901221,2,0,10,2025-11-29 15:00,2025-11-29 16:00,73207,郭涵,湖南省,长沙市,长沙县,旺塘冲,7f54c227-37e6-4efb-a09f-54c1064b85e3,湖南省,长沙市,,,2025-08-01,2025-12-31,2,serial_id,asc,18,2026-08-12T08:58:00+00:00
02d3175b-f848-43d7-a9a7-ee2f99a2a9e9,2025112901968,2,0,2,2025-11-29 16:30,2025-11-29 20:00,98826,伊縡,湖南省,长沙市,岳麓区,岳麓山风景名胜区,02d3175b-f848-43d7-a9a7-ee2f99a2a9e9,湖南省,长沙市,,,2025-08-01,2025-12-31,2,serial_id,asc,18,2026-08-12T08:58:00+00:00
9eef4a2c-20a9-4cf5-8b66-da0455ed012d,2025113000053,2,0,1,2025-11-30 01:00,2025-11-30 02:00,72223,小罗,湖南省,长沙市,望城区,长沙黑麋峰森林公园,9eef4a2c-20a9-4cf5-8b66-da0455ed012d,湖南省,长沙市,,,2025-08-01,2025-12-31,2,serial_id,asc,18,2026-08-12T08:58:00+00:00
7ae6951f-5725-4e87-ac0b-5d58245fa9e9,2025113000065,2,0,8,2025-11-30 01:00,2025-11-30 02:00,35030,saint,湖南省,长沙市,望城区,长沙黑麋峰森林公园,7ae6951f-5725-4e87-ac0b-5d58245fa9e9,湖南省,长沙市,,,2025-08-01,2025-12-31,2,serial_id,asc,18,2026-08-12T08:58:00+00:00
32b4c50f-3e79-4c64-aa6c-45a86a40787c,2025113000740,2,0,25,2025-11-30 09:00,2025-11-30 10:00,97656,中南林野保草龟,湖南省,长沙市,岳麓区,洋湖湿地公园,32b4c50f-3e79-4c64-aa6c-45a86a40787c,湖南省,长沙市,,,2025-08-01,2025-12-31,2,serial_id,asc,19,2026-08-12T08:58:49+00:00
c24c6654-0cb6-4341-bce7-4435e19b8c29,2025113000742,2,0,26,2025-11-30 12:00,2025-11-30 13:00,97651,中南林野保碎渣青冈种子,湖南省,长沙市,岳麓区,岳麓区洋湖国家湿地公园(石湖塘路北500米),c24c6654-0cb6-4341-bce7-4435e19b8c29,湖南省,长沙市,,,2025-08-01,2025-12-31,2,serial_id,asc,19,2026-08-12T08:58:49+00:00
1cfe5190-6ec6-49c8-97a4-e313ad996499,2025113000744,2,0,27,2025-11-30 12:00,2025-11-30 13:00,97653,中南林野保肥啾,湖南省,长沙市,岳麓区,洋湖湿地公园,1cfe5190-6ec6-49c8-97a4-e313ad996499,湖南省,长沙市,,,2025-08-01,2025-12-31,2,serial_id,asc,19,2026-08-12T08:58:49+00:00
c532691a-11af-4018-97a5-18bfe70da3f0,2025113000745,2,0,27,2025-11-30 09:30,2025-11-30 12:12,69150,中南林野保变形虫,湖南省,长沙市,岳麓区,洋湖湿地公园,c532691a-11af-4018-97a5-18bfe70da3f0,湖南省,长沙市,,,2025-08-01,2025-12-31,2,serial_id,asc,19,2026-08-12T08:58:49+00:00
70eebf75-aff6-42c8-b973-29a0494323d8,2025113000747,2,0,26,2025-11-30 12:00,2025-11-30 13:00,97642,25中南林野保扬子鳄,湖南省,长沙市,岳麓区,洋湖湿地公园,70eebf75-aff6-42c8-b973-29a0494323d8,湖南省,长沙市,,,2025-08-01,2025-12-31,2,serial_id,asc,19,2026-08-12T08:58:49+00:00
0d637850-5acb-466c-a452-35094ee95831,2025113000749,2,0,27,2025-11-30 12:00,2025-11-30 13:00,93312,草长坟,湖南省,长沙市,岳麓区,洋湖湿地公园,0d637850-5acb-466c-a452-35094ee95831,湖南省,长沙市,,,2025-08-01,2025-12-31,2,serial_id,asc,19,2026-08-12T08:58:49+00:00
c817bbcd-bdad-45ba-b355-117f894e9337,2025113000750,2,0,27,2025-11-30 09:13,2025-11-30 12:18,52490,中南林野保英国短毛猫,湖南省,长沙市,岳麓区,洋湖国家湿地公园,c817bbcd-bdad-45ba-b355-117f894e9337,湖南省,长沙市,,,2025-08-01,2025-12-31,2,serial_id,asc,19,2026-08-12T08:58:49+00:00
880823da-7ed4-4a71-8dcb-38883bddf346,2025113000755,2,0,8,2025-11-30 12:00,2025-11-30 13:00,97645,中南林野保草甸,湖南省,长沙市,岳麓区,洋湖国家湿地公园,880823da-7ed4-4a71-8dcb-38883bddf346,湖南省,长沙市,,,2025-08-01,2025-12-31,2,serial_id,asc,19,2026-08-12T08:58:49+00:00
42238162-f623-4e62-9bdd-675f25b4a138,2025113000758,2,0,27,2025-11-30 12:00,2025-11-30 13:00,97654,中南林野保绶带鸟,湖南省,长沙市,岳麓区,洋湖湿地公园,42238162-f623-4e62-9bdd-675f25b4a138,湖南省,长沙市,,,2025-08-01,2025-12-31,2,serial_id,asc,19,2026-08-12T08:58:49+00:00
a838a648-d6ca-4f49-8c00-e947c5512814,2025113000759,2,0,25,2025-11-30 12:00,2025-11-30 13:00,97057,Marscat,湖南省,长沙市,岳麓区,洋湖湿地公园,a838a648-d6ca-4f49-8c00-e947c5512814,湖南省,长沙市,,,2025-08-01,2025-12-31,2,serial_id,asc,19,2026-08-12T08:58:49+00:00
589433a2-ea3b-4c1a-821c-6e23bb9d59e7,2025113000761,2,0,27,2025-11-30 09:00,2025-11-30 12:00,97638,中南林野保刺猬,湖南省,长沙市,岳麓区,洋湖湿地公园,589433a2-ea3b-4c1a-821c-6e23bb9d59e7,湖南省,长沙市,,,2025-08-01,2025-12-31,2,serial_id,asc,19,2026-08-12T08:58:49+00:00
87518420-8ef5-4022-8be8-7b59ec753614,2025113000765,2,0,26,2025-11-30 12:00,2025-11-30 13:00,97640,中南林野保满天星,湖南省,长沙市,岳麓区,洋湖国家湿地公园,87518420-8ef5-4022-8be8-7b59ec753614,湖南省,长沙市,,,2025-08-01,2025-12-31,2,serial_id,asc,19,2026-08-12T08:58:49+00:00
72e4623d-27b3-43a9-8258-9dcb352afcf1,2025113000790,2,0,25,2025-11-30 12:00,2025-11-30 13:00,97655,中南林野保狮子狗,湖南省,长沙市,岳麓区,洋湖国家湿地公园,72e4623d-27b3-43a9-8258-9dcb352afcf1,湖南省,长沙市,,,2025-08-01,2025-12-31,2,serial_id,asc,19,2026-08-12T08:58:49+00:00
95e84bfe-3afb-493f-aed5-0e7e408e0b9e,2025113000984,2,0,14,2025-11-30 13:00,2025-11-30 14:00,59118,鸳鸳相报何时了,湖南省,长沙市,岳麓区,穿石坡湖,95e84bfe-3afb-493f-aed5-0e7e408e0b9e,湖南省,长沙市,,,2025-08-01,2025-12-31,2,serial_id,asc,19,2026-08-12T08:58:49+00:00
1601fa01-ee45-4df1-858a-1481d37ee391,2025113001150,2,0,21,2025-11-30 07:30,2025-11-30 10:00,89877,TBZ,湖南省,长沙市,岳麓区,洋湖国家湿地公园,1601fa01-ee45-4df1-858a-1481d37ee391,湖南省,长沙市,,,2025-08-01,2025-12-31,2,serial_id,asc,19,2026-08-12T08:58:49+00:00
405ff41a-deba-4540-894c-ba38cc866a35,2025113001188,2,0,9,2025-11-30 14:54,2025-11-30 17:25,37469,Kaxie,湖南省,长沙市,雨花区,长沙市沙湾公园,405ff41a-deba-4540-894c-ba38cc866a35,湖南省,长沙市,,,2025-08-01,2025-12-31,2,serial_id,asc,19,2026-08-12T08:58:49+00:00
60377175-38ca-4b6d-be3b-29d4d69d0830,2025113001265,2,0,10,2025-11-30 15:00,2025-11-30 16:00,54274,嘎儿,湖南省,长沙市,岳麓区,岳麓山国家重点风景名胜区-一洞天,60377175-38ca-4b6d-be3b-29d4d69d0830,湖南省,长沙市,,,2025-08-01,2025-12-31,2,serial_id,asc,19,2026-08-12T08:58:49+00:00
24043213-ab3f-4c5a-b368-a4498c024b5c,2025113002020,2,0,1,2025-11-30 08:30,2025-11-30 10:30,79800,hahahahhahahah,湖南省,长沙市,岳麓区,洋湖湿地公园,24043213-ab3f-4c5a-b368-a4498c024b5c,湖南省,长沙市,,,2025-08-01,2025-12-31,2,serial_id,asc,19,2026-08-12T08:58:49+00:00
ac1b8e2b-8dc7-48c3-a422-298706e558a3,2025113002041,2,0,5,2025-11-30 15:38,2025-11-30 16:38,37362,Orange,湖南省,长沙市,岳麓区,橘子洲景区,ac1b8e2b-8dc7-48c3-a422-298706e558a3,湖南省,长沙市,,,2025-08-01,2025-12-31,2,serial_id,asc,19,2026-08-12T08:58:49+00:00
3ed55a78-0670-48e8-8d92-c180daec549e,2025113002234,2,0,1,2025-11-19 14:30,2025-11-19 15:30,99274,雪山没有雪,湖南省,长沙市,岳麓区,西湖公园,3ed55a78-0670-48e8-8d92-c180daec549e,湖南省,长沙市,,,2025-08-01,2025-12-31,2,serial_id,asc,19,2026-08-12T08:58:49+00:00
ee803d80-9f9d-4a80-8186-b99ebfa5304c,2025113002467,2,0,1,2025-11-25 16:14,2025-11-25 16:37,99274,雪山没有雪,湖南省,长沙市,岳麓区,湖南财政经济学院(岳麓区枫林二路139),ee803d80-9f9d-4a80-8186-b99ebfa5304c,湖南省,长沙市,,,2025-08-01,2025-12-31,2,serial_id,asc,19,2026-08-12T08:58:49+00:00
f8fbc44f-15ec-4269-bb4c-c5eb09082f20,2025113002593,2,0,22,2025-11-30 14:01,2025-11-30 16:01,43027,喵十三,湖南省,长沙市,岳麓区,洋湖湿地公园,f8fbc44f-15ec-4269-bb4c-c5eb09082f20,湖南省,长沙市,,,2025-08-01,2025-12-31,2,serial_id,asc,19,2026-08-12T08:58:49+00:00
753d0d55-a908-4532-84e0-643b492de470,2025120100302,2,0,13,2025-11-30 08:53,2025-11-30 11:46,8606,Leaf,湖南省,长沙市,岳麓区,西湖公园,753d0d55-a908-4532-84e0-643b492de470,湖南省,长沙市,,,2025-08-01,2025-12-31,2,serial_id,asc,19,2026-08-12T08:58:49+00:00
afa22fd0-6782-4c54-ac71-a5056dfc5b06,2025120100470,2,0,20,2025-12-01 10:00,2025-12-01 11:00,22675,dxjecho,湖南省,长沙市,岳麓区,岳麓山国家重点风景名胜区,afa22fd0-6782-4c54-ac71-a5056dfc5b06,湖南省,长沙市,,,2025-08-01,2025-12-31,2,serial_id,asc,19,2026-08-12T08:58:49+00:00
e902e5b8-cd75-4b0a-ba11-3894cc7f3492,2025120100688,2,0,1,2025-12-01 12:00,2025-12-01 13:00,99269,泠续泪,湖南省,长沙市,岳麓区,湖南财政经济学院(岳麓区枫林二路139),e902e5b8-cd75-4b0a-ba11-3894cc7f3492,湖南省,长沙市,,,2025-08-01,2025-12-31,2,serial_id,asc,19,2026-08-12T08:58:49+00:00
40235d0b-826c-440a-ac64-3590e0a0ff5f,2025120100793,2,0,16,2025-12-01 12:50,2025-12-01 13:40,54274,嘎儿,湖南省,长沙市,岳麓区,岳麓山国家重点风景名胜区-一洞天,40235d0b-826c-440a-ac64-3590e0a0ff5f,湖南省,长沙市,,,2025-08-01,2025-12-31,2,serial_id,asc,19,2026-08-12T08:58:49+00:00
703456c1-c7ad-4183-a37c-ffa57ffe8f70,2025120100805,2,0,16,2025-12-01 13:35,2025-12-01 17:35,37469,Kaxie,湖南省,长沙市,开福区,烈士公园,703456c1-c7ad-4183-a37c-ffa57ffe8f70,湖南省,长沙市,,,2025-08-01,2025-12-31,2,serial_id,asc,19,2026-08-12T08:58:49+00:00
eef7ccbc-fbf9-4039-a145-9e0da5cebef0,2025120100869,2,0,7,2025-11-29 12:00,2025-11-29 14:30,50315,尾御绪,湖南省,长沙市,岳麓区,长沙西湖公园,eef7ccbc-fbf9-4039-a145-9e0da5cebef0,湖南省,长沙市,,,2025-08-01,2025-12-31,2,serial_id,asc,19,2026-08-12T08:58:49+00:00
1c00dbda-e3ae-48fe-bc27-3efc021431ac,2025120100927,2,0,1,2025-11-19 16:01,2025-11-19 17:30,98350,Bostiana,湖南省,长沙市,岳麓区,西湖公园,1c00dbda-e3ae-48fe-bc27-3efc021431ac,湖南省,长沙市,,,2025-08-01,2025-12-31,2,serial_id,asc,19,2026-08-12T08:58:49+00:00
63cfcc6e-87ba-43a9-a103-4668cfb9b26c,2025120101157,2,0,17,2025-12-01 14:00,2025-12-01 15:00,89647,lele2025,湖南省,长沙市,岳麓区,湖南洋湖国家湿地公园南游客中心,63cfcc6e-87ba-43a9-a103-4668cfb9b26c,湖南省,长沙市,,,2025-08-01,2025-12-31,2,serial_id,asc,19,2026-08-12T08:58:49+00:00
a52e7f6d-0a03-4179-a640-b4ec38a8b9bd,2025120101258,2,0,8,2025-12-01 11:30,2025-12-01 14:24,37362,Orange,湖南省,长沙市,岳麓区,岳麓山风景名胜区,a52e7f6d-0a03-4179-a640-b4ec38a8b9bd,湖南省,长沙市,,,2025-08-01,2025-12-31,2,serial_id,asc,19,2026-08-12T08:58:49+00:00
ea7d8ea7-e6eb-436d-8f65-31be74395bae,2025120101269,2,0,15,2025-12-01 15:10,2025-12-01 17:30,37362,Orange,湖南省,长沙市,岳麓区,洋湖湿地公园,ea7d8ea7-e6eb-436d-8f65-31be74395bae,湖南省,长沙市,,,2025-08-01,2025-12-31,2,serial_id,asc,19,2026-08-12T08:58:49+00:00
45c100c2-203a-466e-af5b-14e479606634,2025120101752,2,0,24,2025-12-01 08:00,2025-12-01 12:00,32805,小婷,湖南省,长沙市,岳麓区,洋湖湿地公园,45c100c2-203a-466e-af5b-14e479606634,湖南省,长沙市,,,2025-08-01,2025-12-31,2,serial_id,asc,19,2026-08-12T08:58:49+00:00
42d1b667-fdcf-4a98-8796-403ccdb6225f,2025120200068,2,0,4,2025-12-02 07:00,2025-12-02 08:00,50180,贝尔箭螳,湖南省,长沙市,天心区,中南林业科技大学,42d1b667-fdcf-4a98-8796-403ccdb6225f,湖南省,长沙市,,,2025-08-01,2025-12-31,2,serial_id,asc,19,2026-08-12T08:58:49+00:00
a8a15e05-22ac-4407-9b20-1db4f33414cb,2025120200239,2,0,17,2025-12-02 09:00,2025-12-02 11:00,78214,柠羽茶,湖南省,长沙市,长沙县,长沙松雅湖湿地公园,a8a15e05-22ac-4407-9b20-1db4f33414cb,湖南省,长沙市,,,2025-08-01,2025-12-31,2,serial_id,asc,19,2026-08-12T08:58:49+00:00
e7c3ed5a-fcd2-4679-ac0d-d1b7d36b32b2,2025120200252,2,0,8,2025-12-02 09:46,2025-12-02 11:00,37362,Orange,湖南省,长沙市,开福区,烈士公园,e7c3ed5a-fcd2-4679-ac0d-d1b7d36b32b2,湖南省,长沙市,,,2025-08-01,2025-12-31,2,serial_id,asc,19,2026-08-12T08:58:49+00:00
4287f160-a8d5-4d81-b63b-2e69e9749aa9,2025120200554,2,0,11,2025-12-02 13:00,2025-12-02 14:00,54274,嘎儿,湖南省,长沙市,岳麓区,岳麓山国家重点风景名胜区-一洞天,4287f160-a8d5-4d81-b63b-2e69e9749aa9,湖南省,长沙市,,,2025-08-01,2025-12-31,2,serial_id,asc,19,2026-08-12T08:58:49+00:00
bb98bb7c-b3ba-489f-a30f-031ac2f76761,2025120200689,2,0,1,2025-12-02 14:00,2025-12-02 15:00,98326,birdking,湖南省,长沙市,岳麓区,西湖公园,bb98bb7c-b3ba-489f-a30f-031ac2f76761,湖南省,长沙市,,,2025-08-01,2025-12-31,2,serial_id,asc,19,2026-08-12T08:58:49+00:00
e22be903-ace3-41e9-9a23-f99666491a06,2025120200693,2,0,1,2025-12-02 14:00,2025-12-02 15:00,98326,birdking,湖南省,长沙市,岳麓区,西湖公园,e22be903-ace3-41e9-9a23-f99666491a06,湖南省,长沙市,,,2025-08-01,2025-12-31,2,serial_id,asc,19,2026-08-12T08:58:49+00:00
653b59e2-80a4-4b58-9422-4535b66c8f9d,2025120200694,2,0,1,2025-12-02 14:00,2025-12-02 15:00,98326,birdking,湖南省,长沙市,岳麓区,西湖公园,653b59e2-80a4-4b58-9422-4535b66c8f9d,湖南省,长沙市,,,2025-08-01,2025-12-31,2,serial_id,asc,19,2026-08-12T08:58:49+00:00
83733c64-9c2b-4f18-96a9-3dcd331ff175,2025120200697,2,0,1,2025-12-02 14:00,2025-12-02 15:00,98326,birdking,湖南省,长沙市,岳麓区,西湖公园,83733c64-9c2b-4f18-96a9-3dcd331ff175,湖南省,长沙市,,,2025-08-01,2025-12-31,2,serial_id,asc,19,2026-08-12T08:58:49+00:00
a3a34105-8a59-4d38-a4d5-c5118f19cf5d,2025120200699,2,0,1,2025-12-02 14:00,2025-12-02 15:00,98326,birdking,湖南省,长沙市,岳麓区,西湖公园,a3a34105-8a59-4d38-a4d5-c5118f19cf5d,湖南省,长沙市,,,2025-08-01,2025-12-31,2,serial_id,asc,19,2026-08-12T08:58:49+00:00
e4fe2214-8ce4-4378-ac7a-f771b56e5682,2025120200700,2,0,1,2025-12-02 14:00,2025-12-02 15:00,98326,birdking,湖南省,长沙市,岳麓区,西湖公园,e4fe2214-8ce4-4378-ac7a-f771b56e5682,湖南省,长沙市,,,2025-08-01,2025-12-31,2,serial_id,asc,19,2026-08-12T08:58:49+00:00
d1ac6267-990c-4184-a625-9507cd47e96a,2025120200702,2,0,1,2025-12-02 14:00,2025-12-02 15:00,98326,birdking,湖南省,长沙市,岳麓区,西湖公园,d1ac6267-990c-4184-a625-9507cd47e96a,湖南省,长沙市,,,2025-08-01,2025-12-31,2,serial_id,asc,19,2026-08-12T08:58:49+00:00
8b0497dc-1cc6-4f79-8d46-300026f77cd3,2025120200705,2,0,1,2025-12-02 14:00,2025-12-02 15:00,98326,birdking,湖南省,长沙市,岳麓区,西湖公园,8b0497dc-1cc6-4f79-8d46-300026f77cd3,湖南省,长沙市,,,2025-08-01,2025-12-31,2,serial_id,asc,19,2026-08-12T08:58:49+00:00
d8fe8d82-d9bb-4699-ac0d-891063a501bb,2025120200706,2,0,1,2025-12-02 14:00,2025-12-02 15:00,98326,birdking,湖南省,长沙市,岳麓区,西湖公园,d8fe8d82-d9bb-4699-ac0d-891063a501bb,湖南省,长沙市,,,2025-08-01,2025-12-31,2,serial_id,asc,19,2026-08-12T08:58:49+00:00
cd1add11-71f1-4eac-b6e5-6eae75409ae3,2025120200759,2,0,1,2025-12-02 15:00,2025-12-02 16:00,99275,lxqqcom,湖南省,长沙市,岳麓区,西湖公园,cd1add11-71f1-4eac-b6e5-6eae75409ae3,湖南省,长沙市,,,2025-08-01,2025-12-31,2,serial_id,asc,19,2026-08-12T08:58:49+00:00
14d08050-66a2-49c9-97d0-b2fcc1d9b62a,2025120300570,2,0,1,2025-12-03 15:00,2025-12-03 16:00,99269,泠续泪,湖南省,长沙市,岳麓区,岳麓区洋湖湿地公园童趣园西北150米(洋湖路北),14d08050-66a2-49c9-97d0-b2fcc1d9b62a,湖南省,长沙市,,,2025-08-01,2025-12-31,2,serial_id,asc,19,2026-08-12T08:58:49+00:00
3865350e-8cda-4156-9cab-924feb726ef8,2025120300605,2,0,1,2025-12-03 15:00,2025-12-03 16:00,99269,泠续泪,湖南省,长沙市,岳麓区,黑瓦屋(长沙市岳麓区),3865350e-8cda-4156-9cab-924feb726ef8,湖南省,长沙市,,,2025-08-01,2025-12-31,2,serial_id,asc,19,2026-08-12T08:58:49+00:00
35f0b921-7b6a-4477-8c5f-d8a6400f7a0b,2025120300623,2,0,1,2025-12-03 16:00,2025-12-03 17:00,99280,削泥,湖南省,长沙市,岳麓区,洋湖湿地公园,35f0b921-7b6a-4477-8c5f-d8a6400f7a0b,湖南省,长沙市,,,2025-08-01,2025-12-31,2,serial_id,asc,19,2026-08-12T08:58:49+00:00
ca7a79da-1eec-43c0-a6ea-3d161166f928,2025120300655,2,0,1,2025-12-03 16:00,2025-12-03 17:00,99280,削泥,湖南省,长沙市,岳麓区,洋湖湿地公园,ca7a79da-1eec-43c0-a6ea-3d161166f928,湖南省,长沙市,,,2025-08-01,2025-12-31,2,serial_id,asc,20,2026-08-12T08:58:52+00:00
f41093b7-e1b0-4c94-9327-f0b20ae012e1,2025120300679,2,0,1,2025-12-03 16:00,2025-12-03 17:00,99280,削泥,湖南省,长沙市,岳麓区,洋湖湿地公园,f41093b7-e1b0-4c94-9327-f0b20ae012e1,湖南省,长沙市,,,2025-08-01,2025-12-31,2,serial_id,asc,20,2026-08-12T08:58:52+00:00
f88b86cb-7353-41b8-84e1-9c240e28cdb8,2025120300680,2,0,9,2025-12-03 16:00,2025-12-03 16:30,54274,嘎儿,湖南省,长沙市,岳麓区,岳麓山国家重点风景名胜区-一洞天,f88b86cb-7353-41b8-84e1-9c240e28cdb8,湖南省,长沙市,,,2025-08-01,2025-12-31,2,serial_id,asc,20,2026-08-12T08:58:52+00:00
b2727fb9-c43c-4f04-9712-118456649356,2025120300710,2,0,1,2025-11-29 17:02,2025-11-29 17:29,99280,削泥,湖南省,长沙市,岳麓区,湖南财政经济学院,b2727fb9-c43c-4f04-9712-118456649356,湖南省,长沙市,,,2025-08-01,2025-12-31,2,serial_id,asc,20,2026-08-12T08:58:52+00:00
c82ed07a-9771-498c-a1d7-09eed13a3ebe,2025120300720,2,0,1,2025-11-27 16:30,2025-11-27 17:11,99280,削泥,湖南省,长沙市,岳麓区,湖南财政经济学院,c82ed07a-9771-498c-a1d7-09eed13a3ebe,湖南省,长沙市,,,2025-08-01,2025-12-31,2,serial_id,asc,20,2026-08-12T08:58:52+00:00
d4dbe67b-3770-4d43-be2c-dc3250bb2c1b,2025120400419,2,0,19,2025-12-04 13:00,2025-12-04 14:00,54274,嘎儿,湖南省,长沙市,岳麓区,岳麓山国家重点风景名胜区-一洞天,d4dbe67b-3770-4d43-be2c-dc3250bb2c1b,湖南省,长沙市,,,2025-08-01,2025-12-31,2,serial_id,asc,20,2026-08-12T08:58:52+00:00
27d1c207-5f32-42ca-9a39-6f0bbf421c70,2025120400512,2,0,10,2025-12-04 14:00,2025-12-04 15:00,78204,鸣风,湖南省,长沙市,浏阳市,湖南省林业种苗繁育示范中心,27d1c207-5f32-42ca-9a39-6f0bbf421c70,湖南省,长沙市,,,2025-08-01,2025-12-31,2,serial_id,asc,20,2026-08-12T08:58:52+00:00
74bc2ee0-c3ac-4470-b5f6-5176bcd86300,2025120400898,2,0,1,2025-12-04 18:00,2025-12-04 19:00,99672,野菜yccc,湖南省,长沙市,岳麓区,湖南财政经济学院(岳麓区枫林二路139),74bc2ee0-c3ac-4470-b5f6-5176bcd86300,湖南省,长沙市,,,2025-08-01,2025-12-31,2,serial_id,asc,20,2026-08-12T08:58:52+00:00
f4a4bccc-fc31-4dee-a4cc-617246fa03fa,2025120500060,2,0,43,2025-12-05 07:42,2025-12-05 15:20,37469,Kaxie,湖南省,长沙市,岳麓区,洋湖湿地公园,f4a4bccc-fc31-4dee-a4cc-617246fa03fa,湖南省,长沙市,,,2025-08-01,2025-12-31,2,serial_id,asc,20,2026-08-12T08:58:52+00:00
61eabcba-65a2-4566-a437-0c2baaa4a723,2025120500171,2,0,1,2025-12-05 09:00,2025-12-05 10:00,99269,泠续泪,湖南省,长沙市,岳麓区,洋湖湿地公园,61eabcba-65a2-4566-a437-0c2baaa4a723,湖南省,长沙市,,,2025-08-01,2025-12-31,2,serial_id,asc,20,2026-08-12T08:58:52+00:00
b7a4fce1-1348-4505-9813-1e43cc5d0f5f,2025120500192,2,0,13,2025-11-29 10:33,2025-11-29 15:33,98898,大球,湖南省,长沙市,岳麓区,岳麓山风景名胜区,b7a4fce1-1348-4505-9813-1e43cc5d0f5f,湖南省,长沙市,,,2025-08-01,2025-12-31,2,serial_id,asc,20,2026-08-12T08:58:52+00:00
8a807336-73d8-4591-9e81-b250818d1192,2025120500202,2,0,9,2025-12-03 13:43,2025-12-03 14:45,98898,大球,湖南省,长沙市,岳麓区,西湖公园(长沙市岳麓区G319),8a807336-73d8-4591-9e81-b250818d1192,湖南省,长沙市,,,2025-08-01,2025-12-31,2,serial_id,asc,20,2026-08-12T08:58:52+00:00
19aca745-5c22-443b-b8f9-233c289ec0c7,2025120500532,2,0,3,2025-08-08 13:14,2025-08-08 13:16,97629,AlanSanchez嘎,湖南省,长沙市,开福区,长沙烈士公园,19aca745-5c22-443b-b8f9-233c289ec0c7,湖南省,长沙市,,,2025-08-01,2025-12-31,2,serial_id,asc,20,2026-08-12T08:58:52+00:00
ee528a8f-988f-4d56-b781-665b37c47b85,2025120500750,2,0,13,2025-12-05 14:30,2025-12-05 16:30,54274,嘎儿,湖南省,长沙市,岳麓区,岳麓山国家重点风景名胜区-一洞天,ee528a8f-988f-4d56-b781-665b37c47b85,湖南省,长沙市,,,2025-08-01,2025-12-31,2,serial_id,asc,20,2026-08-12T08:58:52+00:00
741f1a50-f9fa-4463-b81b-198257d001c7,2025120500895,2,0,31,2025-12-05 12:30,2025-12-05 16:15,69150,中南林野保变形虫,湖南省,长沙市,雨花区,湖南省植物园,741f1a50-f9fa-4463-b81b-198257d001c7,湖南省,长沙市,,,2025-08-01,2025-12-31,2,serial_id,asc,20,2026-08-12T08:58:52+00:00
bdce9bb5-b629-4b9e-9e95-899f66595e33,2025120501164,2,0,10,2025-12-05 12:08,2025-12-05 16:17,40145,旺兔,湖南省,长沙市,岳麓区,洋湖国家湿地公园,bdce9bb5-b629-4b9e-9e95-899f66595e33,湖南省,长沙市,,,2025-08-01,2025-12-31,2,serial_id,asc,20,2026-08-12T08:58:52+00:00
0b4be0b5-f7a3-4a4e-aae4-7c1dac25e77e,2025120600760,2,0,15,2025-12-06 11:30,2025-12-06 13:00,54274,嘎儿,湖南省,长沙市,岳麓区,岳麓山国家重点风景名胜区-一洞天,0b4be0b5-f7a3-4a4e-aae4-7c1dac25e77e,湖南省,长沙市,,,2025-08-01,2025-12-31,2,serial_id,asc,20,2026-08-12T08:58:52+00:00
047a9720-d83f-4188-a9da-9236863d30f3,2025120600990,2,0,19,2025-12-06 14:00,2025-12-06 15:00,36488,无缺,湖南省,长沙市,望城区,望城区丁字湾街道翻身垸村瓦屋组,047a9720-d83f-4188-a9da-9236863d30f3,湖南省,长沙市,,,2025-08-01,2025-12-31,2,serial_id,asc,20,2026-08-12T08:58:52+00:00
ca7ccb36-adaf-4dcf-906d-a2a715e68204,2025120601252,2,0,1,2025-12-06 16:00,2025-12-06 17:00,97645,中南林野保草甸,湖南省,长沙市,天心区,天心区中南林业科技大学青园女生公寓(陶铸路南),ca7ccb36-adaf-4dcf-906d-a2a715e68204,湖南省,长沙市,,,2025-08-01,2025-12-31,2,serial_id,asc,20,2026-08-12T08:58:52+00:00
68325e93-6cdd-4926-aed4-4ba24eca810b,2025120601442,2,0,14,2025-12-06 16:00,2025-12-06 17:00,22067,子非俞教育,湖南省,长沙市,岳麓区,长沙市西湖公园,68325e93-6cdd-4926-aed4-4ba24eca810b,湖南省,长沙市,,,2025-08-01,2025-12-31,2,serial_id,asc,20,2026-08-12T08:58:52+00:00
47a6da42-1f46-49b3-b0b3-c7d331f1fd84,2025120601519,2,0,1,2025-12-06 17:00,2025-12-06 18:00,59891,amyaima,湖南省,长沙市,开福区,烈士公园,47a6da42-1f46-49b3-b0b3-c7d331f1fd84,湖南省,长沙市,,,2025-08-01,2025-12-31,2,serial_id,asc,20,2026-08-12T08:58:52+00:00
e8f47a98-784f-4a20-9db8-7e1d3fc86871,2025120601535,2,0,3,2025-12-06 16:13,2025-12-06 18:00,70307,花农,湖南省,长沙市,开福区,烈士公园,e8f47a98-784f-4a20-9db8-7e1d3fc86871,湖南省,长沙市,,,2025-08-01,2025-12-31,2,serial_id,asc,20,2026-08-12T08:58:52+00:00
5bed79a8-b200-4ec7-9a30-8ce9a0a327c5,2025120601816,2,0,3,2025-12-06 18:00,2025-12-06 19:00,94623,Elijah,湖南省,长沙市,芙蓉区,湖南农业大学,5bed79a8-b200-4ec7-9a30-8ce9a0a327c5,湖南省,长沙市,,,2025-08-01,2025-12-31,2,serial_id,asc,20,2026-08-12T08:58:52+00:00
ec180a86-a094-4320-8b7b-aa9fdbdf1fec,2025120601978,2,0,15,2025-12-06 09:20,2025-12-06 11:20,89877,TBZ,湖南省,长沙市,芙蓉区,湖南烈士公园,ec180a86-a094-4320-8b7b-aa9fdbdf1fec,湖南省,长沙市,,,2025-08-01,2025-12-31,2,serial_id,asc,20,2026-08-12T08:58:52+00:00
fad86304-1b26-457a-85a4-fc88ed9b01b9,2025120700040,2,0,14,2025-12-06 10:10,2025-12-06 15:22,43027,喵十三,湖南省,长沙市,岳麓区,岳麓山风景名胜区,fad86304-1b26-457a-85a4-fc88ed9b01b9,湖南省,长沙市,,,2025-08-01,2025-12-31,2,serial_id,asc,20,2026-08-12T08:58:52+00:00
3a6d67b9-1839-42d3-937c-9ad5169844ca,2025120700353,2,0,5,2025-12-07 10:00,2025-12-07 11:00,53898,阿槑amei,湖南省,长沙市,宁乡市,湖南省长沙市望城区团头湖,3a6d67b9-1839-42d3-937c-9ad5169844ca,湖南省,长沙市,,,2025-08-01,2025-12-31,2,serial_id,asc,20,2026-08-12T08:58:52+00:00
6adf59c5-d85d-4452-a591-54fb3994d2ce,2025120700389,2,0,17,2025-12-07 10:00,2025-12-07 11:00,97642,25中南林野保扬子鳄,湖南省,长沙市,岳麓区,洋湖国家湿地公园,6adf59c5-d85d-4452-a591-54fb3994d2ce,湖南省,长沙市,,,2025-08-01,2025-12-31,2,serial_id,asc,20,2026-08-12T08:58:52+00:00
7ec3e414-c27f-4930-b0eb-5d1ed9af01c8,2025120700774,2,0,1,2025-12-07 12:00,2025-12-07 13:00,99672,野菜yccc,湖南省,长沙市,岳麓区,湖南财政经济学院(岳麓区枫林二路139),7ec3e414-c27f-4930-b0eb-5d1ed9af01c8,湖南省,长沙市,,,2025-08-01,2025-12-31,2,serial_id,asc,20,2026-08-12T08:58:52+00:00
c0853dcc-eff0-48d7-8d0a-eb2eb0a6f8c4,2025120700780,2,0,1,2025-12-07 12:00,2025-12-07 13:00,99672,野菜yccc,湖南省,长沙市,岳麓区,湖南财政经济学院(岳麓区枫林二路139),c0853dcc-eff0-48d7-8d0a-eb2eb0a6f8c4,湖南省,长沙市,,,2025-08-01,2025-12-31,2,serial_id,asc,20,2026-08-12T08:58:52+00:00
ed87a60c-fc8e-482e-9038-d907ff309dbd,2025120700784,2,0,1,2025-12-07 12:00,2025-12-07 13:00,99672,野菜yccc,湖南省,长沙市,岳麓区,湖南财政经济学院(岳麓区枫林二路139),ed87a60c-fc8e-482e-9038-d907ff309dbd,湖南省,长沙市,,,2025-08-01,2025-12-31,2,serial_id,asc,20,2026-08-12T08:58:52+00:00
f01b0502-7a14-4106-ae48-f2dfebe01510,2025120700786,2,0,14,2025-12-07 12:00,2025-12-07 13:00,54274,嘎儿,湖南省,长沙市,岳麓区,岳麓山国家重点风景名胜区-一洞天,f01b0502-7a14-4106-ae48-f2dfebe01510,湖南省,长沙市,,,2025-08-01,2025-12-31,2,serial_id,asc,20,2026-08-12T08:58:52+00:00
448ad6d5-fffc-4dd7-a260-8117031f2b19,2025120700807,2,0,1,2025-12-07 12:00,2025-12-07 13:00,99672,野菜yccc,湖南省,长沙市,岳麓区,湖南财政经济学院(岳麓区枫林二路139),448ad6d5-fffc-4dd7-a260-8117031f2b19,湖南省,长沙市,,,2025-08-01,2025-12-31,2,serial_id,asc,20,2026-08-12T08:58:52+00:00
b9bc5cb2-f4a8-4205-80e1-ad6d1ac4d5f2,2025120701177,2,0,18,2025-12-07 15:00,2025-12-07 16:00,25634,葱歌,湖南省,长沙市,长沙县,长沙县长沙(北山)植物园,b9bc5cb2-f4a8-4205-80e1-ad6d1ac4d5f2,湖南省,长沙市,,,2025-08-01,2025-12-31,2,serial_id,asc,20,2026-08-12T08:58:52+00:00
ff712247-f097-4696-8131-354bfc91d644,2025120701225,2,0,38,2025-12-07 09:26,2025-12-07 14:00,28670,严茜予,湖南省,长沙市,岳麓区,洋湖湿地公园,ff712247-f097-4696-8131-354bfc91d644,湖南省,长沙市,,,2025-08-01,2025-12-31,2,serial_id,asc,20,2026-08-12T08:58:52+00:00
57693e4b-bdd8-4268-81df-59021c935d85,2025120701416,2,0,9,2025-12-07 16:00,2025-12-07 17:00,34281,wzf666,湖南省,长沙市,岳麓区,岳麓区洋湖街道李家堆子,57693e4b-bdd8-4268-81df-59021c935d85,湖南省,长沙市,,,2025-08-01,2025-12-31,2,serial_id,asc,20,2026-08-12T08:58:52+00:00
9f6e39b6-e961-4256-9133-bf23fe2936ed,2025120701530,2,0,11,2025-10-01 12:04,2025-10-01 15:30,65256,无X,湖南省,长沙市,岳麓区,岳麓山国家重点风景名胜区,9f6e39b6-e961-4256-9133-bf23fe2936ed,湖南省,长沙市,,,2025-08-01,2025-12-31,2,serial_id,asc,20,2026-08-12T08:58:52+00:00
cf3a50cf-c9ac-4dcc-8427-6ce1bbea9033,2025120701547,2,0,26,2025-12-07 17:00,2025-12-07 18:00,15181,tinataona,湖南省,长沙市,岳麓区,洋湖体育公园(岳麓区洋湖大道680号),cf3a50cf-c9ac-4dcc-8427-6ce1bbea9033,湖南省,长沙市,,,2025-08-01,2025-12-31,2,serial_id,asc,20,2026-08-12T08:58:52+00:00
e2f004de-ec00-463e-a9a0-0ea4f78a8cdc,2025120701551,2,0,34,2025-12-06 10:30,2025-12-06 12:50,65256,无X,湖南省,长沙市,岳麓区,洋湖国家湿地公园,e2f004de-ec00-463e-a9a0-0ea4f78a8cdc,湖南省,长沙市,,,2025-08-01,2025-12-31,2,serial_id,asc,20,2026-08-12T08:58:52+00:00
585f0182-1905-4101-b7c4-eb2ea43517e2,2025120701570,2,0,7,2025-11-15 15:12,2025-11-15 16:14,65256,无X,湖南省,长沙市,浏阳市,浏阳市大围山国家森林公园,585f0182-1905-4101-b7c4-eb2ea43517e2,湖南省,长沙市,,,2025-08-01,2025-12-31,2,serial_id,asc,20,2026-08-12T08:58:52+00:00
b4cdad0c-3cf5-47d8-9375-0b813474bc2b,2025120702112,2,0,11,2025-11-02 11:00,2025-11-02 15:37,100944,删胡焦,湖南省,长沙市,岳麓区,岳麓山国家重点风景名胜区,b4cdad0c-3cf5-47d8-9375-0b813474bc2b,湖南省,长沙市,,,2025-08-01,2025-12-31,2,serial_id,asc,20,2026-08-12T08:58:52+00:00
cf29b271-e097-4249-b4c5-70a60a66beac,2025120702169,2,0,27,2025-12-07 08:18,2025-12-07 11:18,50180,贝尔箭螳,湖南省,长沙市,岳麓区,洋湖湿地公园,cf29b271-e097-4249-b4c5-70a60a66beac,湖南省,长沙市,,,2025-08-01,2025-12-31,2,serial_id,asc,20,2026-08-12T08:58:52+00:00
b44c94dd-7320-48a6-a415-cb46cbb7a762,2025120702172,2,0,27,2025-12-07 08:18,2025-12-07 11:18,69129,中南林野保毛虫,湖南省,长沙市,岳麓区,洋湖湿地公园,b44c94dd-7320-48a6-a415-cb46cbb7a762,湖南省,长沙市,,,2025-08-01,2025-12-31,2,serial_id,asc,20,2026-08-12T08:58:52+00:00
d335ad43-02b7-4525-9bb1-cefc39a9545f,2025120702174,2,0,27,2025-12-07 08:18,2025-12-07 11:18,93312,草长坟,湖南省,长沙市,岳麓区,洋湖湿地公园,d335ad43-02b7-4525-9bb1-cefc39a9545f,湖南省,长沙市,,,2025-08-01,2025-12-31,2,serial_id,asc,20,2026-08-12T08:58:52+00:00
ad119db3-ae14-4096-b1b9-f65df0b78ef6,2025120702521,2,0,25,2025-12-07 09:00,2025-12-07 11:30,97646,25白鹳,湖南省,长沙市,岳麓区,洋湖国家湿地公园,ad119db3-ae14-4096-b1b9-f65df0b78ef6,湖南省,长沙市,,,2025-08-01,2025-12-31,2,serial_id,asc,20,2026-08-12T08:58:52+00:00
c25eeab2-7be5-406e-bda9-bb8b720e8a50,2025120800030,2,0,27,2025-12-07 08:18,2025-12-07 11:18,69168,中南林野保洄游,湖南省,长沙市,岳麓区,洋湖湿地公园,c25eeab2-7be5-406e-bda9-bb8b720e8a50,湖南省,长沙市,,,2025-08-01,2025-12-31,2,serial_id,asc,20,2026-08-12T08:58:52+00:00
4808ed3b-fda8-485a-b5d3-c77e4531d4d8,2025120800781,2,0,11,2025-12-08 13:00,2025-12-08 14:00,24195,pmy,湖南省,长沙市,芙蓉区,芙蓉区浏阳河风光带(浏阳河大道北),4808ed3b-fda8-485a-b5d3-c77e4531d4d8,湖南省,长沙市,,,2025-08-01,2025-12-31,2,serial_id,asc,20,2026-08-12T08:58:52+00:00
3a885935-d11b-43ce-badd-d78f314e6099,2025120800810,2,0,5,2025-12-08 13:00,2025-12-08 14:00,76989,金樽清酒,湖南省,长沙市,宁乡市,回龙山景区,3a885935-d11b-43ce-badd-d78f314e6099,湖南省,长沙市,,,2025-08-01,2025-12-31,2,serial_id,asc,20,2026-08-12T08:58:52+00:00
8bc940c0-b70a-46a3-bd3e-8e4c78fb8bb0,2025120801116,2,0,7,2025-12-08 16:00,2025-12-08 16:30,54274,嘎儿,湖南省,长沙市,岳麓区,岳麓山国家重点风景名胜区-一洞天,8bc940c0-b70a-46a3-bd3e-8e4c78fb8bb0,湖南省,长沙市,,,2025-08-01,2025-12-31,2,serial_id,asc,20,2026-08-12T08:58:52+00:00
0c16a0e8-0cdf-45f9-8942-b04c77ab04cc,2025120900019,2,0,27,2025-12-07 08:30,2025-12-07 10:30,97431,卬aaa,湖南省,长沙市,岳麓区,洋湖湿地公园,0c16a0e8-0cdf-45f9-8942-b04c77ab04cc,湖南省,长沙市,,,2025-08-01,2025-12-31,2,serial_id,asc,20,2026-08-12T08:58:52+00:00
c44bfaea-c304-447a-b1ff-f46c20c3deee,2025120900600,2,0,19,2025-12-09 13:40,2025-12-09 15:05,54274,嘎儿,湖南省,长沙市,岳麓区,岳麓山国家重点风景名胜区-一洞天,c44bfaea-c304-447a-b1ff-f46c20c3deee,湖南省,长沙市,,,2025-08-01,2025-12-31,2,serial_id,asc,20,2026-08-12T08:58:52+00:00
57e550f0-a5cd-4ecc-a80d-6cc8eb319d4a,2025120900613,2,0,10,2025-12-09 14:00,2025-12-09 15:00,76989,金樽清酒,湖南省,长沙市,宁乡市,净土庵寺,57e550f0-a5cd-4ecc-a80d-6cc8eb319d4a,湖南省,长沙市,,,2025-08-01,2025-12-31,2,serial_id,asc,21,2026-08-12T08:58:55+00:00
6efea206-35e6-48bc-b73b-44ca087ff269,2025120901044,2,0,1,2025-11-05 09:36,2025-12-05 11:02,37379,1365731,湖南省,长沙市,岳麓区,能量谷,6efea206-35e6-48bc-b73b-44ca087ff269,湖南省,长沙市,,,2025-08-01,2025-12-31,2,serial_id,asc,21,2026-08-12T08:58:55+00:00
f5a78817-7580-4920-b087-d31fb52a1082,2025121000208,2,0,2,2025-12-10 09:00,2025-12-10 10:00,99296,xkswda,湖南省,长沙市,岳麓区,西湖公园,f5a78817-7580-4920-b087-d31fb52a1082,湖南省,长沙市,,,2025-08-01,2025-12-31,2,serial_id,asc,21,2026-08-12T08:58:55+00:00
c64e8677-4118-45d8-9445-dd6c9c6a0a8e,2025121000221,2,0,6,2025-12-05 19:38,2025-12-05 20:38,99296,xkswda,湖南省,长沙市,岳麓区,山体公园,c64e8677-4118-45d8-9445-dd6c9c6a0a8e,湖南省,长沙市,,,2025-08-01,2025-12-31,2,serial_id,asc,21,2026-08-12T08:58:55+00:00
99b582ec-55d6-4cf5-93a8-6969ed0489f1,2025121000837,2,0,8,2025-12-10 16:20,2025-12-10 16:45,54274,嘎儿,湖南省,长沙市,岳麓区,岳麓山国家重点风景名胜区-一洞天,99b582ec-55d6-4cf5-93a8-6969ed0489f1,湖南省,长沙市,,,2025-08-01,2025-12-31,2,serial_id,asc,21,2026-08-12T08:58:55+00:00
d19c04a5-d2e6-4620-9700-5d06af0122a8,2025121001433,2,0,12,2025-12-07 14:43,2025-12-07 17:43,89249,大牛牛,湖南省,长沙市,望城区,月亮岛,d19c04a5-d2e6-4620-9700-5d06af0122a8,湖南省,长沙市,,,2025-08-01,2025-12-31,2,serial_id,asc,21,2026-08-12T08:58:55+00:00
fef5efab-0b47-4f2d-8367-9f3cae022f63,2025121100889,2,0,4,2025-12-11 16:00,2025-12-11 16:40,54274,嘎儿,湖南省,长沙市,岳麓区,岳麓山国家重点风景名胜区-一洞天,fef5efab-0b47-4f2d-8367-9f3cae022f63,湖南省,长沙市,,,2025-08-01,2025-12-31,2,serial_id,asc,21,2026-08-12T08:58:55+00:00
07fba4b3-d15d-4c72-8c99-9c790665c079,2025121101029,2,0,21,2025-12-11 14:30,2025-12-11 17:00,68114,北美雕鸮,湖南省,长沙市,岳麓区,洋湖国家湿地公园,07fba4b3-d15d-4c72-8c99-9c790665c079,湖南省,长沙市,,,2025-08-01,2025-12-31,2,serial_id,asc,21,2026-08-12T08:58:55+00:00
18423f79-5386-43b9-a6a9-e2fdb600d99f,2025121101272,2,0,1,2025-12-06 14:00,2025-12-06 15:00,99280,削泥,湖南省,长沙市,岳麓区,洋湖湿地公园,18423f79-5386-43b9-a6a9-e2fdb600d99f,湖南省,长沙市,,,2025-08-01,2025-12-31,2,serial_id,asc,21,2026-08-12T08:58:55+00:00
02f89756-aae2-45fc-8415-0405b193b032,2025121200497,2,0,7,2025-12-12 14:00,2025-12-12 15:00,54274,嘎儿,湖南省,长沙市,岳麓区,岳麓山国家重点风景名胜区-一洞天,02f89756-aae2-45fc-8415-0405b193b032,湖南省,长沙市,,,2025-08-01,2025-12-31,2,serial_id,asc,21,2026-08-12T08:58:55+00:00
f5ce1fad-17c6-4968-9720-a6a8c9e5e225,2025121200904,2,0,1,2025-12-12 19:00,2025-12-12 20:00,99253,shu,湖南省,长沙市,岳麓区,58小镇,f5ce1fad-17c6-4968-9720-a6a8c9e5e225,湖南省,长沙市,,,2025-08-01,2025-12-31,2,serial_id,asc,21,2026-08-12T08:58:55+00:00
10d3ae2c-462c-430a-b757-af0a8fb4d9df,2025121300460,2,0,1,2025-12-08 15:30,2025-12-08 16:00,101461,123汐,湖南省,长沙市,岳麓区,湖南财政经济学院1,10d3ae2c-462c-430a-b757-af0a8fb4d9df,湖南省,长沙市,,,2025-08-01,2025-12-31,2,serial_id,asc,21,2026-08-12T08:58:55+00:00
4dad74f7-c2f6-4c8d-85f0-a599d3c437fa,2025121300484,2,0,1,2025-12-08 16:00,2025-12-08 17:00,101461,123汐,湖南省,长沙市,岳麓区,西湖公园2,4dad74f7-c2f6-4c8d-85f0-a599d3c437fa,湖南省,长沙市,,,2025-08-01,2025-12-31,2,serial_id,asc,21,2026-08-12T08:58:55+00:00
72ea9209-40c3-4f5d-8d80-0547a7c711ed,2025121300495,2,0,1,2025-12-08 07:30,2025-12-08 08:00,101461,123汐,湖南省,长沙市,岳麓区,湖南财政经济学院1,72ea9209-40c3-4f5d-8d80-0547a7c711ed,湖南省,长沙市,,,2025-08-01,2025-12-31,2,serial_id,asc,21,2026-08-12T08:58:55+00:00
8a784fac-2aed-4bb1-acc1-353579034a66,2025121300503,2,0,1,2025-12-08 07:30,2025-12-08 08:00,101461,123汐,湖南省,长沙市,岳麓区,湖南财政经济学院1,8a784fac-2aed-4bb1-acc1-353579034a66,湖南省,长沙市,,,2025-08-01,2025-12-31,2,serial_id,asc,21,2026-08-12T08:58:55+00:00
81b0bace-c732-4b03-8eea-7c06fe219b8b,2025121300507,2,0,1,2025-12-05 17:00,2025-12-05 18:00,101461,123汐,湖南省,长沙市,岳麓区,西湖公园2,81b0bace-c732-4b03-8eea-7c06fe219b8b,湖南省,长沙市,,,2025-08-01,2025-12-31,2,serial_id,asc,21,2026-08-12T08:58:55+00:00
e2ebb56d-4691-4d7c-a495-64b81a48908b,2025121300516,2,0,1,2025-12-02 10:00,2025-12-02 10:30,101461,123汐,湖南省,长沙市,岳麓区,湖南财政经济学院1,e2ebb56d-4691-4d7c-a495-64b81a48908b,湖南省,长沙市,,,2025-08-01,2025-12-31,2,serial_id,asc,21,2026-08-12T08:58:55+00:00
86eaa513-d54f-44fb-af5f-98cffe8c9f99,2025121300679,2,0,1,2025-12-13 13:30,2025-12-13 14:10,101461,123汐,湖南省,长沙市,岳麓区,湖南财政经济学院1,86eaa513-d54f-44fb-af5f-98cffe8c9f99,湖南省,长沙市,,,2025-08-01,2025-12-31,2,serial_id,asc,21,2026-08-12T08:58:55+00:00
37baac2b-4f81-4772-b773-136db7148077,2025121300702,2,0,8,2025-12-13 14:00,2025-12-13 15:00,54533,带剑者死,湖南省,长沙市,天心区,中南林业科技大学(东区),37baac2b-4f81-4772-b773-136db7148077,湖南省,长沙市,,,2025-08-01,2025-12-31,2,serial_id,asc,21,2026-08-12T08:58:55+00:00
07f7c9fe-8256-4d64-a8ec-adb9c8083b45,2025121300910,2,0,19,2025-12-13 14:00,2025-12-13 15:00,82764,盐渍蛞蝓,湖南省,长沙市,岳麓区,岳麓山风景名胜区,07f7c9fe-8256-4d64-a8ec-adb9c8083b45,湖南省,长沙市,,,2025-08-01,2025-12-31,2,serial_id,asc,21,2026-08-12T08:58:55+00:00
c2e86038-c210-4bd6-a310-e9f67ed908ae,2025121300913,2,0,19,2025-12-13 14:00,2025-12-13 15:00,72759,格格1234,湖南省,长沙市,岳麓区,岳麓山风景名胜区,c2e86038-c210-4bd6-a310-e9f67ed908ae,湖南省,长沙市,,,2025-08-01,2025-12-31,2,serial_id,asc,21,2026-08-12T08:58:55+00:00
a759a116-3d38-4d10-af4b-e92f7c16a94e,2025121301042,2,0,26,2025-12-13 14:00,2025-12-13 15:00,74558,最后之基多拉,湖南省,长沙市,长沙县,长沙县春华镇西脚岭,a759a116-3d38-4d10-af4b-e92f7c16a94e,湖南省,长沙市,,,2025-08-01,2025-12-31,2,serial_id,asc,21,2026-08-12T08:58:55+00:00
fcb89104-a3a4-499c-9eb3-8556f1b7b0dd,2025121301052,2,0,5,2025-12-13 16:40,2025-12-13 17:00,54274,嘎儿,湖南省,长沙市,岳麓区,岳麓山国家重点风景名胜区-一洞天,fcb89104-a3a4-499c-9eb3-8556f1b7b0dd,湖南省,长沙市,,,2025-08-01,2025-12-31,2,serial_id,asc,21,2026-08-12T08:58:55+00:00
1a4c0e1c-26ff-40ba-99d0-3ca8d9328480,2025121301162,2,0,9,2025-12-13 15:01,2025-12-13 17:17,77053,Nyna,湖南省,长沙市,岳麓区,洋湖国家湿地公园,1a4c0e1c-26ff-40ba-99d0-3ca8d9328480,湖南省,长沙市,,,2025-08-01,2025-12-31,2,serial_id,asc,21,2026-08-12T08:58:55+00:00
bc8d4cba-d47c-4666-8b39-5d844e85bfa2,2025121301547,2,0,22,2025-12-13 15:30,2025-12-13 17:30,61917,nut,湖南省,长沙市,岳麓区,洋湖国家湿地公园,bc8d4cba-d47c-4666-8b39-5d844e85bfa2,湖南省,长沙市,,,2025-08-01,2025-12-31,2,serial_id,asc,21,2026-08-12T08:58:55+00:00
f9da4e43-0084-4683-aa78-c2471e15230f,2025121301713,2,0,11,2025-12-12 07:35,2025-12-12 10:35,54666,abaabaaba,湖南省,长沙市,岳麓区,洋湖湿地公园,f9da4e43-0084-4683-aa78-c2471e15230f,湖南省,长沙市,,,2025-08-01,2025-12-31,2,serial_id,asc,21,2026-08-12T08:58:55+00:00
fd92b5f6-1e81-45a8-91cd-4d3832f9a447,2025121301763,2,0,1,2025-12-13 22:00,2025-12-13 23:00,99253,shu,湖南省,长沙市,岳麓区,岳麓山,fd92b5f6-1e81-45a8-91cd-4d3832f9a447,湖南省,长沙市,,,2025-08-01,2025-12-31,2,serial_id,asc,21,2026-08-12T08:58:55+00:00
2486077d-4fa5-4d51-a5fe-8095556a5536,2025121301949,2,0,1,2025-12-05 12:31,2025-12-05 13:58,98342,刘嘉诚,湖南省,长沙市,岳麓区,长沙西湖公园,2486077d-4fa5-4d51-a5fe-8095556a5536,湖南省,长沙市,,,2025-08-01,2025-12-31,2,serial_id,asc,21,2026-08-12T08:58:55+00:00
bf934f63-1d44-4b7b-9f06-eea1fa6b866e,2025121301952,2,0,1,2025-12-05 12:31,2025-12-05 13:34,98342,刘嘉诚,湖南省,长沙市,岳麓区,长沙西湖公园,bf934f63-1d44-4b7b-9f06-eea1fa6b866e,湖南省,长沙市,,,2025-08-01,2025-12-31,2,serial_id,asc,21,2026-08-12T08:58:55+00:00
a6f21752-fbe6-474d-9c87-5c860369122a,2025121301958,2,0,1,2025-11-15 14:40,2025-11-15 14:59,98342,刘嘉诚,湖南省,长沙市,岳麓区,西湖公园,a6f21752-fbe6-474d-9c87-5c860369122a,湖南省,长沙市,,,2025-08-01,2025-12-31,2,serial_id,asc,21,2026-08-12T08:58:55+00:00
85403359-7562-4940-b3fc-ffd6b76883a7,2025121301965,2,0,1,2025-11-22 15:00,2025-11-22 15:30,98342,刘嘉诚,湖南省,长沙市,岳麓区,西湖公园,85403359-7562-4940-b3fc-ffd6b76883a7,湖南省,长沙市,,,2025-08-01,2025-12-31,2,serial_id,asc,21,2026-08-12T08:58:55+00:00
d9a8e2d3-0cd8-45e1-9974-b39ddb361fcf,2025121301968,2,0,1,2025-11-22 15:00,2025-11-22 15:30,98342,刘嘉诚,湖南省,长沙市,岳麓区,西湖公园,d9a8e2d3-0cd8-45e1-9974-b39ddb361fcf,湖南省,长沙市,,,2025-08-01,2025-12-31,2,serial_id,asc,21,2026-08-12T08:58:55+00:00
63846bb9-c0dc-442c-9904-2fbb69e0a4ba,2025121301972,2,0,1,2025-12-05 13:30,2025-12-05 13:59,98342,刘嘉诚,湖南省,长沙市,岳麓区,西湖公园,63846bb9-c0dc-442c-9904-2fbb69e0a4ba,湖南省,长沙市,,,2025-08-01,2025-12-31,2,serial_id,asc,21,2026-08-12T08:58:55+00:00
18d7ce2c-fb42-4eb1-bc61-437b6c7c21a9,2025121301977,2,0,1,2025-12-07 14:01,2025-12-07 14:59,98342,刘嘉诚,湖南省,长沙市,岳麓区,西湖公园,18d7ce2c-fb42-4eb1-bc61-437b6c7c21a9,湖南省,长沙市,,,2025-08-01,2025-12-31,2,serial_id,asc,21,2026-08-12T08:58:55+00:00
ff4aec94-8a5a-4322-ae4f-49ab345d0df3,2025121400003,2,0,1,2025-12-07 14:30,2025-12-07 14:59,98342,刘嘉诚,湖南省,长沙市,岳麓区,西湖公园,ff4aec94-8a5a-4322-ae4f-49ab345d0df3,湖南省,长沙市,,,2025-08-01,2025-12-31,2,serial_id,asc,21,2026-08-12T08:58:55+00:00
23df0260-1b78-45ae-8b8b-8be05989a77f,2025121400006,2,0,23,2025-12-13 13:51,2025-12-13 16:51,43027,喵十三,湖南省,长沙市,岳麓区,洋湖湿地公园,23df0260-1b78-45ae-8b8b-8be05989a77f,湖南省,长沙市,,,2025-08-01,2025-12-31,2,serial_id,asc,21,2026-08-12T08:58:55+00:00
95a21f27-0819-43f6-a051-67d3b137c18d,2025121400012,2,0,1,2025-12-13 17:00,2025-12-13 18:30,101461,123汐,湖南省,长沙市,岳麓区,松雅湖,95a21f27-0819-43f6-a051-67d3b137c18d,湖南省,长沙市,,,2025-08-01,2025-12-31,2,serial_id,asc,21,2026-08-12T08:58:55+00:00
315957e0-b7b7-41b3-aa84-bf51d9d7cccd,2025121400186,2,0,6,2025-12-08 15:40,2025-12-08 16:30,56770,陈瑶Christina,湖南省,长沙市,岳麓区,橘子洲头,315957e0-b7b7-41b3-aa84-bf51d9d7cccd,湖南省,长沙市,,,2025-08-01,2025-12-31,2,serial_id,asc,21,2026-08-12T08:58:55+00:00
701cdecc-8503-4e09-9fb5-97c8453bd8b7,2025121400477,2,0,7,2025-12-14 10:00,2025-12-14 11:00,97656,中南林野保草龟,湖南省,长沙市,岳麓区,岳麓山国家重点风景名胜区-一洞天,701cdecc-8503-4e09-9fb5-97c8453bd8b7,湖南省,长沙市,,,2025-08-01,2025-12-31,2,serial_id,asc,21,2026-08-12T08:58:55+00:00
e7a63d8c-280d-4da0-85ee-1c88411f254c,2025121400478,2,0,8,2025-12-14 10:00,2025-12-14 11:00,69137,中南林野保捕鸟蛛,湖南省,长沙市,岳麓区,岳麓山国家重点风景名胜区-一洞天,e7a63d8c-280d-4da0-85ee-1c88411f254c,湖南省,长沙市,,,2025-08-01,2025-12-31,2,serial_id,asc,21,2026-08-12T08:58:55+00:00
4ec954c0-35a6-4d60-884f-97341cf86908,2025121400626,2,0,9,2025-12-14 11:30,2025-12-14 12:00,54274,嘎儿,湖南省,长沙市,岳麓区,岳麓山国家重点风景名胜区-一洞天,4ec954c0-35a6-4d60-884f-97341cf86908,湖南省,长沙市,,,2025-08-01,2025-12-31,2,serial_id,asc,21,2026-08-12T08:58:55+00:00
49c92291-61cb-4ff4-9248-da6476d6c2c3,2025121400831,2,0,17,2025-12-14 09:00,2025-12-14 10:00,74558,最后之基多拉,湖南省,长沙市,浏阳市,周洛大峡谷,49c92291-61cb-4ff4-9248-da6476d6c2c3,湖南省,长沙市,,,2025-08-01,2025-12-31,2,serial_id,asc,21,2026-08-12T08:58:55+00:00
ed132a51-5f7d-4171-ba76-1768185ed8c7,2025121400908,2,0,4,2025-11-29 14:00,2025-11-29 16:35,101550,蔡彬,湖南省,长沙市,岳麓区,西湖公园,ed132a51-5f7d-4171-ba76-1768185ed8c7,湖南省,长沙市,,,2025-08-01,2025-12-31,2,serial_id,asc,21,2026-08-12T08:58:55+00:00
20263915-3586-4e5d-9e3b-251117ecb7f0,2025121401139,2,0,1,2025-12-14 14:00,2025-12-14 15:00,99276,契诃夫,湖南省,长沙市,岳麓区,西湖公园,20263915-3586-4e5d-9e3b-251117ecb7f0,湖南省,长沙市,,,2025-08-01,2025-12-31,2,serial_id,asc,21,2026-08-12T08:58:55+00:00
d71b2cf2-d151-4776-ad31-c01f2d763cb2,2025121401143,2,0,1,2025-12-14 14:00,2025-12-14 15:00,99276,契诃夫,湖南省,长沙市,岳麓区,西湖公园地铁站,d71b2cf2-d151-4776-ad31-c01f2d763cb2,湖南省,长沙市,,,2025-08-01,2025-12-31,2,serial_id,asc,21,2026-08-12T08:58:55+00:00
5d4214b2-ed7c-41a5-9eca-74196d943444,2025121401146,2,0,1,2025-12-14 14:00,2025-12-14 15:00,99672,野菜yccc,湖南省,长沙市,岳麓区,湖南财政经济学院(岳麓区枫林二路139),5d4214b2-ed7c-41a5-9eca-74196d943444,湖南省,长沙市,,,2025-08-01,2025-12-31,2,serial_id,asc,21,2026-08-12T08:58:55+00:00
7fe547f1-6b0c-4df2-8bf9-9c319134beec,2025121401148,2,0,1,2025-12-14 14:00,2025-12-14 15:00,99672,野菜yccc,湖南省,长沙市,岳麓区,湖南财政经济学院(岳麓区枫林二路139),7fe547f1-6b0c-4df2-8bf9-9c319134beec,湖南省,长沙市,,,2025-08-01,2025-12-31,2,serial_id,asc,21,2026-08-12T08:58:55+00:00
cc47e714-c5d5-46c0-9b6e-1048cb82e994,2025121401150,2,0,1,2025-12-14 14:00,2025-12-14 15:00,99672,野菜yccc,湖南省,长沙市,岳麓区,湖南财政经济学院(岳麓区枫林二路139),cc47e714-c5d5-46c0-9b6e-1048cb82e994,湖南省,长沙市,,,2025-08-01,2025-12-31,2,serial_id,asc,21,2026-08-12T08:58:55+00:00
14c6c0e4-9744-43e0-9815-52e310973197,2025121401272,2,0,11,2025-12-14 14:00,2025-12-14 15:00,36488,无缺,湖南省,长沙市,开福区,湖南烈士公园槭家湾西南,14c6c0e4-9744-43e0-9815-52e310973197,湖南省,长沙市,,,2025-08-01,2025-12-31,2,serial_id,asc,21,2026-08-12T08:58:55+00:00
50f0dd4a-3ce8-4659-87bf-329f098af77f,2025121401294,2,0,15,2025-12-14 13:00,2025-12-14 14:00,74558,最后之基多拉,湖南省,长沙市,浏阳市,浏阳市赤马湖自然保护区,50f0dd4a-3ce8-4659-87bf-329f098af77f,湖南省,长沙市,,,2025-08-01,2025-12-31,2,serial_id,asc,21,2026-08-12T08:58:55+00:00
05a1c22b-0314-4883-b416-4d728f9b3a67,2025121401318,2,0,1,2025-11-28 15:04,2025-11-28 15:48,99271,月引潮汐,湖南省,长沙市,岳麓区,西湖公园,05a1c22b-0314-4883-b416-4d728f9b3a67,湖南省,长沙市,,,2025-08-01,2025-12-31,2,serial_id,asc,22,2026-08-12T08:58:58+00:00
804aaf6f-5d4a-4886-a404-0e034a4db19d,2025121401339,2,0,1,2025-12-07 14:09,2025-12-07 15:02,99271,月引潮汐,湖南省,长沙市,岳麓区,西湖公园,804aaf6f-5d4a-4886-a404-0e034a4db19d,湖南省,长沙市,,,2025-08-01,2025-12-31,2,serial_id,asc,22,2026-08-12T08:58:58+00:00
e2bff422-7e97-4f9a-aa1a-f48b232f5ec4,2025121401362,2,0,1,2025-12-14 14:14,2025-12-14 15:11,99271,月引潮汐,湖南省,长沙市,岳麓区,西湖公园,e2bff422-7e97-4f9a-aa1a-f48b232f5ec4,湖南省,长沙市,,,2025-08-01,2025-12-31,2,serial_id,asc,22,2026-08-12T08:58:58+00:00
754dc3bd-a86c-46cd-a5a0-2f3c58e78435,2025121401384,2,0,1,2025-12-14 10:18,2025-12-14 11:04,99271,月引潮汐,湖南省,长沙市,岳麓区,西湖公园,754dc3bd-a86c-46cd-a5a0-2f3c58e78435,湖南省,长沙市,,,2025-08-01,2025-12-31,2,serial_id,asc,22,2026-08-12T08:58:58+00:00
313a6852-9e28-45c8-a1df-85b047a5c71d,2025121401413,2,0,1,2025-11-30 15:58,2025-11-30 16:46,99271,月引潮汐,湖南省,长沙市,岳麓区,西湖公园,313a6852-9e28-45c8-a1df-85b047a5c71d,湖南省,长沙市,,,2025-08-01,2025-12-31,2,serial_id,asc,22,2026-08-12T08:58:58+00:00
0cec06ab-4bc0-4d0b-a9b4-b910f088e5bf,2025121401437,2,0,1,2025-12-06 14:27,2025-12-06 15:32,99271,月引潮汐,湖南省,长沙市,岳麓区,西湖公园,0cec06ab-4bc0-4d0b-a9b4-b910f088e5bf,湖南省,长沙市,,,2025-08-01,2025-12-31,2,serial_id,asc,22,2026-08-12T08:58:58+00:00
7d7ebc71-bcb5-4aec-8539-552d79d6832a,2025121401438,2,0,28,2025-12-14 08:00,2025-12-14 12:00,77053,Nyna,湖南省,长沙市,岳麓区,洋湖国家湿地公园,7d7ebc71-bcb5-4aec-8539-552d79d6832a,湖南省,长沙市,,,2025-08-01,2025-12-31,2,serial_id,asc,22,2026-08-12T08:58:58+00:00
c43634ee-d66d-491d-9961-5f25d8f0973f,2025121401456,2,0,1,2025-12-12 09:32,2025-12-12 10:38,99271,月引潮汐,湖南省,长沙市,岳麓区,西湖公园,c43634ee-d66d-491d-9961-5f25d8f0973f,湖南省,长沙市,,,2025-08-01,2025-12-31,2,serial_id,asc,22,2026-08-12T08:58:58+00:00
fa6a0141-acae-491a-beed-01ef56bae554,2025121401477,2,0,1,2025-12-05 15:22,2025-12-05 16:49,99271,月引潮汐,湖南省,长沙市,岳麓区,西湖公园,fa6a0141-acae-491a-beed-01ef56bae554,湖南省,长沙市,,,2025-08-01,2025-12-31,2,serial_id,asc,22,2026-08-12T08:58:58+00:00
b9dd9239-b1bb-4248-ab9e-86a999ce1d74,2025121401692,2,0,7,2025-12-14 15:30,2025-12-14 16:30,70307,花农,湖南省,长沙市,长沙县,松雅湖湿地公园,b9dd9239-b1bb-4248-ab9e-86a999ce1d74,湖南省,长沙市,,,2025-08-01,2025-12-31,2,serial_id,asc,22,2026-08-12T08:58:58+00:00
fa57d0cb-4243-443c-9296-a334fe82c8ca,2025121401906,2,0,1,2025-12-07 16:00,2025-12-07 17:00,98385,陈淑佩,湖南省,长沙市,岳麓区,西湖公园,fa57d0cb-4243-443c-9296-a334fe82c8ca,湖南省,长沙市,,,2025-08-01,2025-12-31,2,serial_id,asc,22,2026-08-12T08:58:58+00:00
a095ae57-d6a9-465d-9323-c740e58d7902,2025121401929,2,0,1,2025-12-10 17:04,2025-12-10 18:04,98385,陈淑佩,湖南省,长沙市,岳麓区,西湖公园,a095ae57-d6a9-465d-9323-c740e58d7902,湖南省,长沙市,,,2025-08-01,2025-12-31,2,serial_id,asc,22,2026-08-12T08:58:58+00:00
3fab382a-151b-4227-a49a-bb210c237e25,2025121401948,2,0,1,2025-11-26 17:08,2025-11-26 18:08,98385,陈淑佩,湖南省,长沙市,岳麓区,西湖公园,3fab382a-151b-4227-a49a-bb210c237e25,湖南省,长沙市,,,2025-08-01,2025-12-31,2,serial_id,asc,22,2026-08-12T08:58:58+00:00
2f352dfd-89d4-4c53-ba4d-bdd5ed26ed35,2025121402045,2,0,3,2025-11-20 12:21,2025-11-20 13:21,99265,CONSTANTING,湖南省,长沙市,岳麓区,西湖公园,2f352dfd-89d4-4c53-ba4d-bdd5ed26ed35,湖南省,长沙市,,,2025-08-01,2025-12-31,2,serial_id,asc,22,2026-08-12T08:58:58+00:00
337bd407-8b55-4682-81f9-46371d8d5e23,2025121402116,2,0,1,2025-12-05 17:40,2025-12-05 18:40,99265,CONSTANTING,湖南省,长沙市,岳麓区,湖南财政经济学院(望岳路),337bd407-8b55-4682-81f9-46371d8d5e23,湖南省,长沙市,,,2025-08-01,2025-12-31,2,serial_id,asc,22,2026-08-12T08:58:58+00:00
61581216-01d7-4ab7-895b-d9204593f11b,2025121402121,2,0,1,2025-11-17 10:42,2025-11-17 11:42,99265,CONSTANTING,湖南省,长沙市,岳麓区,岳麓区西二环(中一·九骏),61581216-01d7-4ab7-895b-d9204593f11b,湖南省,长沙市,,,2025-08-01,2025-12-31,2,serial_id,asc,22,2026-08-12T08:58:58+00:00
06ba4155-d9c2-4a57-8fbe-9b9d746d73d4,2025121402130,2,0,1,2025-12-02 17:44,2025-12-02 23:44,99265,CONSTANTING,湖南省,长沙市,岳麓区,湖南财政经济学院(岳麓区枫林二路139),06ba4155-d9c2-4a57-8fbe-9b9d746d73d4,湖南省,长沙市,,,2025-08-01,2025-12-31,2,serial_id,asc,22,2026-08-12T08:58:58+00:00
59aa97fa-3980-43d3-bb12-a94c2f85f5de,2025121402142,2,0,1,2025-11-23 21:45,2025-11-23 22:45,99265,CONSTANTING,湖南省,长沙市,岳麓区,咸嘉湖中央美郡(望岳南路),59aa97fa-3980-43d3-bb12-a94c2f85f5de,湖南省,长沙市,,,2025-08-01,2025-12-31,2,serial_id,asc,22,2026-08-12T08:58:58+00:00
2dc05e40-a550-4d53-9b8c-3446551c874f,2025121402150,2,0,1,2025-11-21 06:47,2025-11-21 08:47,99265,CONSTANTING,湖南省,长沙市,岳麓区,湖南财政经济学院(岳麓区枫林二路139),2dc05e40-a550-4d53-9b8c-3446551c874f,湖南省,长沙市,,,2025-08-01,2025-12-31,2,serial_id,asc,22,2026-08-12T08:58:58+00:00
f9ab0412-b14f-439a-9ac6-762fae2cbff3,2025121402391,2,0,10,2025-11-25 15:00,2025-11-25 20:00,99272,陆毅,湖南省,长沙市,长沙县,湖南松雅湖国家湿地公园,f9ab0412-b14f-439a-9ac6-762fae2cbff3,湖南省,长沙市,,,2025-08-01,2025-12-31,2,serial_id,asc,22,2026-08-12T08:58:58+00:00
ea5f9f44-d292-4d3d-b45d-f059d9d49fda,2025121402395,2,0,1,2025-11-21 16:13,2025-11-21 19:03,99272,陆毅,湖南省,长沙市,岳麓区,岳麓山风景名胜区,ea5f9f44-d292-4d3d-b45d-f059d9d49fda,湖南省,长沙市,,,2025-08-01,2025-12-31,2,serial_id,asc,22,2026-08-12T08:58:58+00:00
25ca57b4-918e-472f-857d-19b7a00c50ac,2025121402592,2,0,1,2025-12-14 20:00,2025-12-14 21:00,99275,lxqqcom,湖南省,长沙市,岳麓区,西湖公园,25ca57b4-918e-472f-857d-19b7a00c50ac,湖南省,长沙市,,,2025-08-01,2025-12-31,2,serial_id,asc,22,2026-08-12T08:58:58+00:00
38fcd7fa-2695-430c-910c-ea2183d73e74,2025121402596,2,0,1,2025-12-14 20:00,2025-12-14 21:00,99275,lxqqcom,湖南省,长沙市,岳麓区,西湖公园,38fcd7fa-2695-430c-910c-ea2183d73e74,湖南省,长沙市,,,2025-08-01,2025-12-31,2,serial_id,asc,22,2026-08-12T08:58:58+00:00
348283f7-3d4f-4697-9b29-5ed289cb0186,2025121403018,2,0,1,2025-12-14 22:00,2025-12-14 23:00,99254,盐焗鸡,湖南省,长沙市,岳麓区,西湖公园,348283f7-3d4f-4697-9b29-5ed289cb0186,湖南省,长沙市,,,2025-08-01,2025-12-31,2,serial_id,asc,22,2026-08-12T08:58:58+00:00
747083d2-3143-413e-985d-004d88e66acf,2025121403211,2,0,21,2025-12-14 10:00,2025-12-14 12:50,99863,TPK,湖南省,长沙市,岳麓区,施家港水上公园,747083d2-3143-413e-985d-004d88e66acf,湖南省,长沙市,,,2025-08-01,2025-12-31,2,serial_id,asc,22,2026-08-12T08:58:58+00:00
e957c441-7751-4555-bcfe-40c2a4833cb5,2025121500730,2,0,13,2025-12-13 09:33,2025-12-15 10:33,56652,洛希,湖南省,长沙市,开福区,烈士公园,e957c441-7751-4555-bcfe-40c2a4833cb5,湖南省,长沙市,,,2025-08-01,2025-12-31,2,serial_id,asc,22,2026-08-12T08:58:58+00:00
26691049-eefa-4406-99f2-c4da724f9bad,2025121500835,2,0,8,2025-12-15 16:00,2025-12-15 17:00,101664,夕年乐,湖南省,长沙市,天心区,长沙理工大学(云塘校区),26691049-eefa-4406-99f2-c4da724f9bad,湖南省,长沙市,,,2025-08-01,2025-12-31,2,serial_id,asc,22,2026-08-12T08:58:58+00:00
ab138a28-66fa-4103-ba73-dabbc459d87c,2025121500844,2,0,28,2025-12-15 14:01,2025-12-15 16:01,73207,郭涵,湖南省,长沙市,长沙县,春华镇,ab138a28-66fa-4103-ba73-dabbc459d87c,湖南省,长沙市,,,2025-08-01,2025-12-31,2,serial_id,asc,22,2026-08-12T08:58:58+00:00
ae2991ca-dc20-4913-887a-b71df758603d,2025121500866,2,0,10,2025-12-15 16:25,2025-12-15 16:50,54274,嘎儿,湖南省,长沙市,岳麓区,岳麓山国家重点风景名胜区-一洞天,ae2991ca-dc20-4913-887a-b71df758603d,湖南省,长沙市,,,2025-08-01,2025-12-31,2,serial_id,asc,22,2026-08-12T08:58:58+00:00
7a01924c-32de-49e7-aa33-c4513eeae967,2025121501007,2,0,1,2025-12-15 17:00,2025-12-15 18:00,99275,lxqqcom,湖南省,长沙市,岳麓区,西湖公园,7a01924c-32de-49e7-aa33-c4513eeae967,湖南省,长沙市,,,2025-08-01,2025-12-31,2,serial_id,asc,22,2026-08-12T08:58:58+00:00
842cc492-d0e9-40ca-94c7-a66c092d76f0,2025121501009,2,0,1,2025-12-15 17:00,2025-12-15 18:00,99275,lxqqcom,湖南省,长沙市,岳麓区,西湖公园,842cc492-d0e9-40ca-94c7-a66c092d76f0,湖南省,长沙市,,,2025-08-01,2025-12-31,2,serial_id,asc,22,2026-08-12T08:58:58+00:00
8aa0c3ce-bb78-4196-81da-293d64c897b8,2025121501011,2,0,1,2025-12-15 17:00,2025-12-15 18:00,99275,lxqqcom,湖南省,长沙市,岳麓区,西湖公园,8aa0c3ce-bb78-4196-81da-293d64c897b8,湖南省,长沙市,,,2025-08-01,2025-12-31,2,serial_id,asc,22,2026-08-12T08:58:58+00:00
3be172db-275a-42fd-830b-47497074cdb2,2025121501015,2,0,1,2025-12-15 17:00,2025-12-15 18:00,99275,lxqqcom,湖南省,长沙市,岳麓区,西湖公园,3be172db-275a-42fd-830b-47497074cdb2,湖南省,长沙市,,,2025-08-01,2025-12-31,2,serial_id,asc,22,2026-08-12T08:58:58+00:00
60da8382-5266-42ac-b0a7-d8484a721bbc,2025121501016,2,0,1,2025-12-15 17:00,2025-12-15 18:00,99275,lxqqcom,湖南省,长沙市,岳麓区,西湖公园,60da8382-5266-42ac-b0a7-d8484a721bbc,湖南省,长沙市,,,2025-08-01,2025-12-31,2,serial_id,asc,22,2026-08-12T08:58:58+00:00
b7ce3e9d-9545-4082-9123-e3ed85dc51da,2025121501017,2,0,1,2025-12-15 17:00,2025-12-15 18:00,99275,lxqqcom,湖南省,长沙市,岳麓区,西湖公园,b7ce3e9d-9545-4082-9123-e3ed85dc51da,湖南省,长沙市,,,2025-08-01,2025-12-31,2,serial_id,asc,22,2026-08-12T08:58:58+00:00
795df7cc-79e1-4e60-addc-f4910095cc1a,2025121600092,2,0,4,2025-12-07 20:00,2025-12-16 07:43,50180,贝尔箭螳,湖南省,长沙市,天心区,中南林业科技大学,795df7cc-79e1-4e60-addc-f4910095cc1a,湖南省,长沙市,,,2025-08-01,2025-12-31,2,serial_id,asc,22,2026-08-12T08:58:58+00:00
f328f0e7-dcef-4959-8bf9-9545b63b7969,2025121600764,2,0,8,2025-12-16 15:40,2025-12-16 16:15,54274,嘎儿,湖南省,长沙市,岳麓区,岳麓山国家重点风景名胜区-一洞天,f328f0e7-dcef-4959-8bf9-9545b63b7969,湖南省,长沙市,,,2025-08-01,2025-12-31,2,serial_id,asc,22,2026-08-12T08:58:58+00:00
bd79b218-35da-42c6-b27c-2ff0693bf0ca,2025121701030,2,0,11,2025-09-20 07:22,2025-09-20 14:22,74510,海狸罐头,湖南省,长沙市,岳麓区,岳麓山风景名胜区,bd79b218-35da-42c6-b27c-2ff0693bf0ca,湖南省,长沙市,,,2025-08-01,2025-12-31,2,serial_id,asc,22,2026-08-12T08:58:58+00:00
a396fb8c-6b11-4b0c-8688-7397c564fb38,2025121701051,2,0,12,2025-12-17 16:25,2025-12-17 17:00,54274,嘎儿,湖南省,长沙市,岳麓区,岳麓山国家重点风景名胜区-一洞天,a396fb8c-6b11-4b0c-8688-7397c564fb38,湖南省,长沙市,,,2025-08-01,2025-12-31,2,serial_id,asc,22,2026-08-12T08:58:58+00:00
8066651f-6f55-46e6-8fff-0eeee8c929d8,2025121701053,2,0,7,2025-10-26 08:34,2025-10-26 12:34,74510,海狸罐头,湖南省,长沙市,望城区,沙河,8066651f-6f55-46e6-8fff-0eeee8c929d8,湖南省,长沙市,,,2025-08-01,2025-12-31,2,serial_id,asc,22,2026-08-12T08:58:58+00:00
e1926db3-bc81-4260-ae93-fab07a828caa,2025121701057,2,0,3,2025-11-01 08:36,2025-11-01 11:36,74510,海狸罐头,湖南省,长沙市,岳麓区,洋湖湿地公园,e1926db3-bc81-4260-ae93-fab07a828caa,湖南省,长沙市,,,2025-08-01,2025-12-31,2,serial_id,asc,22,2026-08-12T08:58:58+00:00
8664305d-5981-4d3b-b06a-59331e24c245,2025121701356,2,0,23,2025-12-17 14:22,2025-12-17 17:30,70307,花农,湖南省,长沙市,长沙县,湖南松雅湖国家湿地公园,8664305d-5981-4d3b-b06a-59331e24c245,湖南省,长沙市,,,2025-08-01,2025-12-31,2,serial_id,asc,22,2026-08-12T08:58:58+00:00
d29382bd-6618-494c-ab50-17e5224193a0,2025121800574,2,0,11,2025-12-18 13:00,2025-12-18 14:00,97642,25中南林野保扬子鳄,湖南省,长沙市,天心区,中南林业科技大学(东区),d29382bd-6618-494c-ab50-17e5224193a0,湖南省,长沙市,,,2025-08-01,2025-12-31,2,serial_id,asc,22,2026-08-12T08:58:58+00:00
b6cc3009-67ac-4858-be97-213f085554c4,2025121800575,2,0,11,2025-12-18 13:00,2025-12-18 14:00,97057,Marscat,湖南省,长沙市,天心区,中南林业科技大学,b6cc3009-67ac-4858-be97-213f085554c4,湖南省,长沙市,,,2025-08-01,2025-12-31,2,serial_id,asc,22,2026-08-12T08:58:58+00:00
fdf1f903-71f8-4f96-900f-71ff74723dd8,2025121800577,2,0,11,2025-12-18 12:30,2025-12-18 13:31,69150,中南林野保变形虫,湖南省,长沙市,天心区,中南林业科技大学,fdf1f903-71f8-4f96-900f-71ff74723dd8,湖南省,长沙市,,,2025-08-01,2025-12-31,2,serial_id,asc,22,2026-08-12T08:58:58+00:00
c15e8b23-f53e-4fd5-b7d6-50451b34c9ce,2025121800578,2,0,11,2025-12-18 13:00,2025-12-18 14:00,93312,草长坟,湖南省,长沙市,天心区,中南林业科技大学(东区),c15e8b23-f53e-4fd5-b7d6-50451b34c9ce,湖南省,长沙市,,,2025-08-01,2025-12-31,2,serial_id,asc,22,2026-08-12T08:58:58+00:00
de82ff24-3aee-46fb-b2a1-ae2dfc218cf1,2025121800579,2,0,11,2025-12-18 13:00,2025-12-18 14:00,97653,中南林野保肥啾,湖南省,长沙市,天心区,中南林业科技大学,de82ff24-3aee-46fb-b2a1-ae2dfc218cf1,湖南省,长沙市,,,2025-08-01,2025-12-31,2,serial_id,asc,22,2026-08-12T08:58:58+00:00
b1218f4a-332d-4de7-bd4c-adfccbeceef9,2025121800581,2,0,8,2025-12-18 13:00,2025-12-18 14:00,98521,柳树543,湖南省,长沙市,天心区,中南林业科技大学(东区),b1218f4a-332d-4de7-bd4c-adfccbeceef9,湖南省,长沙市,,,2025-08-01,2025-12-31,2,serial_id,asc,22,2026-08-12T08:58:58+00:00
a0ae61ce-52c7-4cf6-acfc-84d1a114208d,2025121800583,2,0,11,2025-12-18 13:00,2025-12-18 14:00,97655,中南林野保狮子狗,湖南省,长沙市,天心区,中南林业科技大学东区(韶山南路498号),a0ae61ce-52c7-4cf6-acfc-84d1a114208d,湖南省,长沙市,,,2025-08-01,2025-12-31,2,serial_id,asc,22,2026-08-12T08:58:58+00:00
78c9fd06-c379-46b9-9d00-7a3cd841c742,2025121800648,2,0,17,2025-12-18 14:10,2025-12-18 14:55,54274,嘎儿,湖南省,长沙市,岳麓区,岳麓山国家重点风景名胜区-一洞天,78c9fd06-c379-46b9-9d00-7a3cd841c742,湖南省,长沙市,,,2025-08-01,2025-12-31,2,serial_id,asc,22,2026-08-12T08:58:58+00:00
1d949a64-bb11-422e-af3e-1670788fcea8,2025121900376,2,0,11,2025-12-18 12:27,2025-12-18 13:30,24195,pmy,湖南省,长沙市,芙蓉区,浏阳河风光带(长沙市芙蓉区),1d949a64-bb11-422e-af3e-1670788fcea8,湖南省,长沙市,,,2025-08-01,2025-12-31,2,serial_id,asc,23,2026-08-12T08:59:01+00:00
d444c728-7148-4ca1-9e97-7969b841d441,2025122000173,2,0,4,2025-12-20 08:00,2025-12-20 09:00,54129,Chickadee,湖南省,长沙市,芙蓉区,晓园公园,d444c728-7148-4ca1-9e97-7969b841d441,湖南省,长沙市,,,2025-08-01,2025-12-31,2,serial_id,asc,23,2026-08-12T08:59:01+00:00
4626dbb4-9043-4307-aa2b-6b10411f474f,2025122000720,2,0,23,2025-12-20 12:40,2025-12-20 13:00,54274,嘎儿,湖南省,长沙市,岳麓区,万亩花海,4626dbb4-9043-4307-aa2b-6b10411f474f,湖南省,长沙市,,,2025-08-01,2025-12-31,2,serial_id,asc,23,2026-08-12T08:59:01+00:00
ff13392a-d99c-4962-8e39-efc08859b3ff,2025122001152,2,0,9,2025-12-02 13:30,2025-12-02 14:30,75725,西谷椰子,湖南省,长沙市,开福区,湖南烈士公园(开福区营盘东路85号),ff13392a-d99c-4962-8e39-efc08859b3ff,湖南省,长沙市,,,2025-08-01,2025-12-31,2,serial_id,asc,23,2026-08-12T08:59:01+00:00
3fe588b5-2ad4-4f11-b5e8-a415bed51ba5,2025122001166,2,0,5,2025-12-18 10:14,2025-12-18 11:35,75725,西谷椰子,湖南省,长沙市,岳麓区,岳麓山国家重点风景名胜区-一洞天,3fe588b5-2ad4-4f11-b5e8-a415bed51ba5,湖南省,长沙市,,,2025-08-01,2025-12-31,2,serial_id,asc,23,2026-08-12T08:59:01+00:00
8ef6cf1c-4366-4607-b366-c36ae0d70409,2025122001195,2,0,17,2025-11-30 08:39,2025-11-30 10:39,75725,西谷椰子,湖南省,长沙市,岳麓区,洋湖国家湿地公园,8ef6cf1c-4366-4607-b366-c36ae0d70409,湖南省,长沙市,,,2025-08-01,2025-12-31,2,serial_id,asc,23,2026-08-12T08:59:01+00:00
529ca0b6-c674-4eaa-bfbd-188c177dfcb3,2025122001565,2,0,23,2025-12-20 17:00,2025-12-20 18:00,20342,颂庄,湖南省,长沙市,岳麓区,岳麓区洋湖体育公园(名将路北150米),529ca0b6-c674-4eaa-bfbd-188c177dfcb3,湖南省,长沙市,,,2025-08-01,2025-12-31,2,serial_id,asc,23,2026-08-12T08:59:01+00:00
73e73447-55c8-489e-ae80-17b32cad410c,2025122002010,2,0,19,2025-12-20 08:00,2025-12-20 13:34,74510,海狸罐头,湖南省,长沙市,岳麓区,岳麓山风景名胜区,73e73447-55c8-489e-ae80-17b32cad410c,湖南省,长沙市,,,2025-08-01,2025-12-31,2,serial_id,asc,23,2026-08-12T08:59:01+00:00
a2adfb67-b64d-4056-9dbc-d1f79db055a4,2025122002163,2,0,1,2025-12-20 20:00,2025-12-20 21:00,102084,考拉ava在观鸟,湖南省,长沙市,岳麓区,橘子洲景区,a2adfb67-b64d-4056-9dbc-d1f79db055a4,湖南省,长沙市,,,2025-08-01,2025-12-31,2,serial_id,asc,23,2026-08-12T08:59:01+00:00
70ab6f8b-120f-4a09-b1da-a60fdbfe7732,2025122002169,2,0,1,2025-12-20 20:00,2025-12-20 21:00,102084,考拉ava在观鸟,湖南省,长沙市,岳麓区,岳麓山国家重点风景名胜区,70ab6f8b-120f-4a09-b1da-a60fdbfe7732,湖南省,长沙市,,,2025-08-01,2025-12-31,2,serial_id,asc,23,2026-08-12T08:59:01+00:00
14013fd4-8929-4426-a38c-760c0051a992,2025122002175,2,0,1,2025-12-20 20:00,2025-12-20 21:00,102084,考拉ava在观鸟,湖南省,长沙市,岳麓区,李自健美术馆,14013fd4-8929-4426-a38c-760c0051a992,湖南省,长沙市,,,2025-08-01,2025-12-31,2,serial_id,asc,23,2026-08-12T08:59:01+00:00
f0447299-b3ce-4399-8019-eb3bdbb17d6f,2025122100029,2,0,17,2025-12-20 09:43,2025-12-20 12:43,43027,喵十三,湖南省,长沙市,岳麓区,岳麓山风景名胜区,f0447299-b3ce-4399-8019-eb3bdbb17d6f,湖南省,长沙市,,,2025-08-01,2025-12-31,2,serial_id,asc,23,2026-08-12T08:59:01+00:00
0ee078ad-37fe-4dbb-a4e4-0ecc11b9a09d,2025122100059,2,0,8,2025-12-21 00:00,2025-12-21 01:00,20628,黎静,湖南省,长沙市,长沙县,湖南松雅湖国家湿地公园,0ee078ad-37fe-4dbb-a4e4-0ecc11b9a09d,湖南省,长沙市,,,2025-08-01,2025-12-31,2,serial_id,asc,23,2026-08-12T08:59:01+00:00
e3d45969-17eb-43b8-af7a-dd33212f476e,2025122100666,2,0,12,2025-12-21 12:25,2025-12-21 13:00,54274,嘎儿,湖南省,长沙市,岳麓区,岳麓山国家重点风景名胜区-一洞天,e3d45969-17eb-43b8-af7a-dd33212f476e,湖南省,长沙市,,,2025-08-01,2025-12-31,2,serial_id,asc,23,2026-08-12T08:59:01+00:00
b7b69f7d-6138-4391-86c5-88d7e0d391c0,2025122102321,2,0,3,2025-12-20 09:00,2025-12-20 10:00,37379,1365731,湖南省,长沙市,岳麓区,洋湖湿地公园,b7b69f7d-6138-4391-86c5-88d7e0d391c0,湖南省,长沙市,,,2025-08-01,2025-12-31,2,serial_id,asc,23,2026-08-12T08:59:01+00:00
b2f23710-fcbc-4cba-bcd8-732a09eb66d1,2025122200195,2,0,12,2025-12-22 08:00,2025-12-22 09:00,85553,沉渊,湖南省,长沙市,岳麓区,洋湖湿地公园,b2f23710-fcbc-4cba-bcd8-732a09eb66d1,湖南省,长沙市,,,2025-08-01,2025-12-31,2,serial_id,asc,23,2026-08-12T08:59:01+00:00
7b08b74c-63a0-414a-927a-c88c304be6e1,2025122200637,2,0,29,2025-12-22 08:30,2025-12-22 10:00,73106,Akira2025,湖南省,长沙市,岳麓区,洋湖湿地公园,7b08b74c-63a0-414a-927a-c88c304be6e1,湖南省,长沙市,,,2025-08-01,2025-12-31,2,serial_id,asc,23,2026-08-12T08:59:01+00:00
095ef150-63a1-43d7-9d3d-1bb3ed24292b,2025122200977,2,0,45,2025-12-22 09:00,2025-12-22 16:00,78920,大鱼阿,湖南省,长沙市,望城区,团头湖,095ef150-63a1-43d7-9d3d-1bb3ed24292b,湖南省,长沙市,,,2025-08-01,2025-12-31,2,serial_id,asc,23,2026-08-12T08:59:01+00:00
2f8ebdd9-b1cf-44bd-9c5e-f1eb9b2b1654,2025122300648,2,0,38,2025-12-23 10:30,2025-12-23 12:30,5111,deguoren,湖南省,长沙市,岳麓区,洋湖国家湿地公园,2f8ebdd9-b1cf-44bd-9c5e-f1eb9b2b1654,湖南省,长沙市,,,2025-08-01,2025-12-31,2,serial_id,asc,23,2026-08-12T08:59:01+00:00
0ae56e05-a463-4ac4-9160-d6fb86bf1582,2025122300783,2,0,14,2025-12-14 14:30,2025-12-14 16:00,26387,小蘑菇,湖南省,长沙市,岳麓区,洋湖湿地公园,0ae56e05-a463-4ac4-9160-d6fb86bf1582,湖南省,长沙市,,,2025-08-01,2025-12-31,2,serial_id,asc,23,2026-08-12T08:59:01+00:00
98b1cc67-592f-48aa-9787-ceab68f62ff4,2025122400422,2,0,11,2025-12-24 11:30,2025-12-24 12:09,5111,deguoren,湖南省,长沙市,天心区,金陵墓园,98b1cc67-592f-48aa-9787-ceab68f62ff4,湖南省,长沙市,,,2025-08-01,2025-12-31,2,serial_id,asc,23,2026-08-12T08:59:01+00:00
a040848d-f84b-4728-b670-5b1fdc6b58ce,2025122500236,2,0,14,2025-12-25 10:40,2025-12-25 12:15,54274,嘎儿,湖南省,长沙市,岳麓区,岳麓山风景名胜区-一洞天,a040848d-f84b-4728-b670-5b1fdc6b58ce,湖南省,长沙市,,,2025-08-01,2025-12-31,2,serial_id,asc,23,2026-08-12T08:59:01+00:00
9b07a8a8-29a2-41bb-9bc1-6c653dfb8d1e,2025122500503,2,0,7,2025-12-25 13:00,2025-12-25 14:00,98521,柳树543,湖南省,长沙市,天心区,中南林业科技大学(东区),9b07a8a8-29a2-41bb-9bc1-6c653dfb8d1e,湖南省,长沙市,,,2025-08-01,2025-12-31,2,serial_id,asc,23,2026-08-12T08:59:01+00:00
d04a2526-5bf3-4c6c-a947-94e1281290a3,2025122500504,2,0,10,2025-12-25 12:30,2025-12-25 13:34,69150,中南林野保变形虫,湖南省,长沙市,天心区,中南林业科技大学(东区),d04a2526-5bf3-4c6c-a947-94e1281290a3,湖南省,长沙市,,,2025-08-01,2025-12-31,2,serial_id,asc,23,2026-08-12T08:59:01+00:00
9608ec8f-1b1c-4554-beb6-54198e2df19b,2025122500505,2,0,10,2025-12-25 13:00,2025-12-25 14:00,97642,25中南林野保扬子鳄,湖南省,长沙市,天心区,中南林业科技大学(东区),9608ec8f-1b1c-4554-beb6-54198e2df19b,湖南省,长沙市,,,2025-08-01,2025-12-31,2,serial_id,asc,23,2026-08-12T08:59:01+00:00
5eb81686-3ea2-4be7-b675-223bea8d51b4,2025122500506,2,0,11,2025-12-25 13:00,2025-12-25 14:00,93312,草长坟,湖南省,长沙市,天心区,中南林业科技大学(东区),5eb81686-3ea2-4be7-b675-223bea8d51b4,湖南省,长沙市,,,2025-08-01,2025-12-31,2,serial_id,asc,23,2026-08-12T08:59:01+00:00
34106ba9-e4da-4426-a79f-6b9ad2b5b525,2025122500507,2,0,10,2025-12-25 13:00,2025-12-25 14:00,97646,25白鹳,湖南省,长沙市,天心区,中南林业科技大学(东区),34106ba9-e4da-4426-a79f-6b9ad2b5b525,湖南省,长沙市,,,2025-08-01,2025-12-31,2,serial_id,asc,23,2026-08-12T08:59:01+00:00
84dea4d2-d24d-4dd8-99cb-745be880ca80,2025122500513,2,0,7,2025-12-25 09:30,2025-12-25 11:30,68114,北美雕鸮,湖南省,长沙市,岳麓区,岳麓山国家重点风景名胜区,84dea4d2-d24d-4dd8-99cb-745be880ca80,湖南省,长沙市,,,2025-08-01,2025-12-31,2,serial_id,asc,23,2026-08-12T08:59:01+00:00
54e04213-f1e0-41cc-a760-01b34b24082f,2025122500983,2,0,9,2025-12-25 16:00,2025-12-25 17:00,93312,草长坟,湖南省,长沙市,岳麓区,后湖,54e04213-f1e0-41cc-a760-01b34b24082f,湖南省,长沙市,,,2025-08-01,2025-12-31,2,serial_id,asc,23,2026-08-12T08:59:01+00:00
268b08d4-d4dd-4904-8a43-726e47e9c44e,2025122601011,2,0,32,2025-12-26 14:00,2025-12-26 17:30,61917,nut,湖南省,长沙市,岳麓区,洋湖湿地公园,268b08d4-d4dd-4904-8a43-726e47e9c44e,湖南省,长沙市,,,2025-08-01,2025-12-31,2,serial_id,asc,23,2026-08-12T08:59:01+00:00
75744279-16fd-41b3-b453-2826107cdf78,2025122700232,2,0,28,2025-12-27 08:00,2025-12-27 09:00,25634,葱歌,湖南省,长沙市,长沙县,春华镇,75744279-16fd-41b3-b453-2826107cdf78,湖南省,长沙市,,,2025-08-01,2025-12-31,2,serial_id,asc,23,2026-08-12T08:59:01+00:00
9f5c5817-992d-4d4a-9782-55302d7f1632,2025122700681,2,0,2,2025-12-27 11:00,2025-12-27 12:00,32026,nica99,湖南省,长沙市,长沙县,湖南松雅湖国家湿地公园,9f5c5817-992d-4d4a-9782-55302d7f1632,湖南省,长沙市,,,2025-08-01,2025-12-31,2,serial_id,asc,23,2026-08-12T08:59:01+00:00
1568ab4b-ea61-4b11-a05e-b9db2424d929,2025122700684,2,0,1,2025-12-27 11:00,2025-12-27 12:00,32026,nica99,湖南省,长沙市,长沙县,湖南松雅湖国家湿地公园,1568ab4b-ea61-4b11-a05e-b9db2424d929,湖南省,长沙市,,,2025-08-01,2025-12-31,2,serial_id,asc,23,2026-08-12T08:59:01+00:00
01724f85-29de-4e34-a9a7-97777095cd12,2025122701060,2,0,7,2025-12-27 14:00,2025-12-27 15:00,83980,不知山云,湖南省,长沙市,芙蓉区,湖南农业大学,01724f85-29de-4e34-a9a7-97777095cd12,湖南省,长沙市,,,2025-08-01,2025-12-31,2,serial_id,asc,23,2026-08-12T08:59:01+00:00
d1bb6925-3e1b-4e9c-af98-5f3f020941ab,2025122701707,2,0,11,2025-12-26 14:58,2025-12-26 16:58,37635,lavis,湖南省,长沙市,岳麓区,橘子洲景区,d1bb6925-3e1b-4e9c-af98-5f3f020941ab,湖南省,长沙市,,,2025-08-01,2025-12-31,2,serial_id,asc,23,2026-08-12T08:59:01+00:00
0ade26ea-e5d4-4348-bc6b-514712e9c8e6,2025122701710,2,0,5,2025-12-27 16:00,2025-12-27 17:00,37635,lavis,湖南省,长沙市,岳麓区,中南大学,0ade26ea-e5d4-4348-bc6b-514712e9c8e6,湖南省,长沙市,,,2025-08-01,2025-12-31,2,serial_id,asc,23,2026-08-12T08:59:01+00:00
667432a7-70dc-4dcd-a88f-4218b7faa589,2025122800430,2,0,6,2025-12-28 10:00,2025-12-28 11:00,36488,无缺,湖南省,长沙市,长沙县,长沙县大山冲森林公园(内山)西北300米,667432a7-70dc-4dcd-a88f-4218b7faa589,湖南省,长沙市,,,2025-08-01,2025-12-31,2,serial_id,asc,23,2026-08-12T08:59:01+00:00
1a5c4042-0750-4ef8-819a-2e2e050751cf,2025122800679,2,0,13,2025-12-28 06:00,2025-12-28 07:00,9203,珙桐,湖南省,长沙市,天心区,林水肴本味餐厅(林科大店),1a5c4042-0750-4ef8-819a-2e2e050751cf,湖南省,长沙市,,,2025-08-01,2025-12-31,2,serial_id,asc,23,2026-08-12T08:59:01+00:00
77308bca-cfea-4789-bf04-bd737c9adf45,2025122800772,2,0,24,2025-12-28 10:00,2025-12-28 11:00,15182,banxia,湖南省,长沙市,岳麓区,洋湖湿地公园,77308bca-cfea-4789-bf04-bd737c9adf45,湖南省,长沙市,,,2025-08-01,2025-12-31,2,serial_id,asc,23,2026-08-12T08:59:01+00:00
d0de5957-62ae-4ccf-bbc6-9097ba5fde53,2025122801204,2,0,27,2025-12-28 08:30,2025-12-28 11:30,61917,nut,湖南省,长沙市,岳麓区,洋湖国家湿地公园,d0de5957-62ae-4ccf-bbc6-9097ba5fde53,湖南省,长沙市,,,2025-08-01,2025-12-31,2,serial_id,asc,23,2026-08-12T08:59:01+00:00
1cc3a628-dd2f-4a6a-99d6-db06e8341aa7,2025122801301,2,0,17,2025-12-28 14:00,2025-12-28 15:00,78204,鸣风,湖南省,长沙市,芙蓉区,湖南烈士公园,1cc3a628-dd2f-4a6a-99d6-db06e8341aa7,湖南省,长沙市,,,2025-08-01,2025-12-31,2,serial_id,asc,23,2026-08-12T08:59:01+00:00
1d571003-c29d-48eb-96d4-d7fc9925e920,2025122801390,2,0,17,2025-12-28 14:00,2025-12-28 15:00,102896,小ppt,湖南省,长沙市,芙蓉区,湖南烈士公园,1d571003-c29d-48eb-96d4-d7fc9925e920,湖南省,长沙市,,,2025-08-01,2025-12-31,2,serial_id,asc,23,2026-08-12T08:59:01+00:00
51706bda-0168-4c62-b73f-ff34a68483d9,2025122801419,2,0,17,2025-12-28 07:20,2025-12-28 11:00,102899,xpt,湖南省,长沙市,芙蓉区,湖南烈士公园,51706bda-0168-4c62-b73f-ff34a68483d9,湖南省,长沙市,,,2025-08-01,2025-12-31,2,serial_id,asc,23,2026-08-12T08:59:01+00:00
fbcf4cb8-2710-4a4f-861d-9dfbd9f4e2c5,2025122801566,2,0,3,2025-12-28 14:00,2025-12-28 15:00,89249,大牛牛,湖南省,长沙市,长沙县,大山冲森林公园,fbcf4cb8-2710-4a4f-861d-9dfbd9f4e2c5,湖南省,长沙市,,,2025-08-01,2025-12-31,2,serial_id,asc,23,2026-08-12T08:59:01+00:00
f0f775ac-8b33-428b-a55f-eadb95a4e251,2025122801820,2,0,8,2025-12-28 16:00,2025-12-28 17:00,54533,带剑者死,湖南省,长沙市,天心区,中南林业科技大学(东区),f0f775ac-8b33-428b-a55f-eadb95a4e251,湖南省,长沙市,,,2025-08-01,2025-12-31,2,serial_id,asc,23,2026-08-12T08:59:01+00:00
3696f326-51d9-4f7f-b82b-1db87e502385,2025122801935,2,0,5,2025-12-28 14:00,2025-12-28 15:00,78920,大鱼阿,湖南省,长沙市,长沙县,大山冲森林公园,3696f326-51d9-4f7f-b82b-1db87e502385,湖南省,长沙市,,,2025-08-01,2025-12-31,2,serial_id,asc,23,2026-08-12T08:59:01+00:00
4e2af239-46c8-4a71-b753-42d554f7f2ce,2025122802205,2,0,23,2025-12-28 18:00,2025-12-28 19:00,59583,dai,湖南省,长沙市,岳麓区,洋湖国家湿地公园,4e2af239-46c8-4a71-b753-42d554f7f2ce,湖南省,长沙市,,,2025-08-01,2025-12-31,2,serial_id,asc,23,2026-08-12T08:59:01+00:00
8b0031d8-9bef-4447-b241-fe36811fa2f9,2025122802293,2,0,5,2025-12-28 08:29,2025-12-28 10:29,26140,Addict,湖南省,长沙市,岳麓区,岳麓山风景名胜区,8b0031d8-9bef-4447-b241-fe36811fa2f9,湖南省,长沙市,,,2025-08-01,2025-12-31,2,serial_id,asc,23,2026-08-12T08:59:01+00:00
5af4e2d7-b05c-438a-a712-bfa4305d18a0,2025122802695,2,0,14,2025-12-21 15:20,2025-12-21 17:10,97076,solar,湖南省,长沙市,岳麓区,洋湖湿地公园,5af4e2d7-b05c-438a-a712-bfa4305d18a0,湖南省,长沙市,,,2025-08-01,2025-12-31,2,serial_id,asc,23,2026-08-12T08:59:01+00:00
62750d44-9503-499b-9b4f-59b1bc52ed7f,2025122803015,2,0,6,2025-12-07 15:13,2025-12-07 17:13,98898,大球,湖南省,长沙市,长沙县,磨盘洲生态公园,62750d44-9503-499b-9b4f-59b1bc52ed7f,湖南省,长沙市,,,2025-08-01,2025-12-31,2,serial_id,asc,23,2026-08-12T08:59:01+00:00
4bfe9864-7ff6-4742-9bcf-da0753e654d8,2025122803091,2,0,11,2025-12-28 22:00,2025-12-28 23:00,98898,大球,湖南省,长沙市,浏阳市,浏阳市蕉溪镇肖家冲,4bfe9864-7ff6-4742-9bcf-da0753e654d8,湖南省,长沙市,,,2025-08-01,2025-12-31,2,serial_id,asc,24,2026-08-12T08:59:04+00:00
aa18489d-ae3b-4d79-8fbb-6a70f6ff4398,2025122900108,2,0,18,2025-12-29 07:00,2025-12-29 08:00,9203,珙桐,湖南省,长沙市,芙蓉区,芙蓉区五里牌晓园公园(五一大道北),aa18489d-ae3b-4d79-8fbb-6a70f6ff4398,湖南省,长沙市,,,2025-08-01,2025-12-31,2,serial_id,asc,24,2026-08-12T08:59:04+00:00
a05bc13c-87f1-4fb4-94e2-6ff04b2506b9,2025122900216,2,0,31,2025-12-29 09:00,2025-12-29 10:00,2714,绿瑾,湖南省,长沙市,岳麓区,岳麓山风景名胜区,a05bc13c-87f1-4fb4-94e2-6ff04b2506b9,湖南省,长沙市,,,2025-08-01,2025-12-31,2,serial_id,asc,24,2026-08-12T08:59:04+00:00
27c8b7ac-b4d9-40c2-9101-41a7aebe5068,2025122900417,2,0,16,2025-12-29 11:00,2025-12-29 12:00,24422,ViVi,湖南省,长沙市,岳麓区,洋湖国家湿地公园长沙洋湖水街,27c8b7ac-b4d9-40c2-9101-41a7aebe5068,湖南省,长沙市,,,2025-08-01,2025-12-31,2,serial_id,asc,24,2026-08-12T08:59:04+00:00
e2e2c0f3-dd4b-44b2-b506-34061d1cf0e8,2025122900418,2,0,13,2025-12-29 11:00,2025-12-29 12:00,103007,Click,湖南省,长沙市,岳麓区,雪晴集·山市晴岚度假民宿,e2e2c0f3-dd4b-44b2-b506-34061d1cf0e8,湖南省,长沙市,,,2025-08-01,2025-12-31,2,serial_id,asc,24,2026-08-12T08:59:04+00:00
49875fa1-242f-4500-bb7f-b9fa68323f09,2025122900424,2,0,1,2025-12-29 11:00,2025-12-29 12:00,103010,miyu2025,湖南省,长沙市,岳麓区,岳麓区洋湖国家湿地公园(洋湖路北400米),49875fa1-242f-4500-bb7f-b9fa68323f09,湖南省,长沙市,,,2025-08-01,2025-12-31,2,serial_id,asc,24,2026-08-12T08:59:04+00:00
6dfeb410-0ecb-4a93-9370-96631534f086,2025122900524,2,0,24,2025-12-26 12:02,2025-12-26 13:50,32876,水草,湖南省,长沙市,岳麓区,洋湖湿地公园,6dfeb410-0ecb-4a93-9370-96631534f086,湖南省,长沙市,,,2025-08-01,2025-12-31,2,serial_id,asc,24,2026-08-12T08:59:04+00:00
1ae5634b-dce4-43e5-a50b-60b992a6c761,2025122900541,2,0,22,2025-12-27 07:50,2025-12-27 11:30,32876,水草,湖南省,长沙市,岳麓区,岳麓山风景名胜区,1ae5634b-dce4-43e5-a50b-60b992a6c761,湖南省,长沙市,,,2025-08-01,2025-12-31,2,serial_id,asc,24,2026-08-12T08:59:04+00:00
276c2e61-c060-4fb8-ad01-dead833a32ab,2025122900547,2,0,7,2025-12-28 09:00,2025-12-28 10:00,32876,水草,湖南省,长沙市,长沙县,大山冲森林公园,276c2e61-c060-4fb8-ad01-dead833a32ab,湖南省,长沙市,,,2025-08-01,2025-12-31,2,serial_id,asc,24,2026-08-12T08:59:04+00:00
bfb145bb-8cf3-4b9f-bebb-0b3fb2c08423,2025122900688,2,0,30,2025-12-29 09:00,2025-12-29 10:00,4226,相思鸟,湖南省,长沙市,岳麓区,岳麓山风景名胜区,bfb145bb-8cf3-4b9f-bebb-0b3fb2c08423,湖南省,长沙市,,,2025-08-01,2025-12-31,2,serial_id,asc,24,2026-08-12T08:59:04+00:00
76311ab7-66ee-4aa7-9cbb-9484e29a6e6f,2025122900798,2,0,23,2025-12-29 09:00,2025-12-29 12:00,32805,小婷,湖南省,长沙市,岳麓区,岳麓山国家重点风景名胜区,76311ab7-66ee-4aa7-9cbb-9484e29a6e6f,湖南省,长沙市,,,2025-08-01,2025-12-31,2,serial_id,asc,24,2026-08-12T08:59:04+00:00
5f97b141-03eb-4147-b2de-46c31fc614b8,2025122900889,2,0,15,2025-12-29 13:00,2025-12-29 14:00,10508,氦闪耀,湖南省,长沙市,岳麓区,岳麓书院,5f97b141-03eb-4147-b2de-46c31fc614b8,湖南省,长沙市,,,2025-08-01,2025-12-31,2,serial_id,asc,24,2026-08-12T08:59:04+00:00
8945f18f-bdf6-47d9-b611-48a394e178dc,2025122900998,2,0,3,2025-12-29 14:35,2025-12-29 16:35,77053,Nyna,湖南省,长沙市,岳麓区,岳麓山国家重点风景名胜区,8945f18f-bdf6-47d9-b611-48a394e178dc,湖南省,长沙市,,,2025-08-01,2025-12-31,2,serial_id,asc,24,2026-08-12T08:59:04+00:00
49fd07e3-8919-426d-bee3-11243b61fc18,2025122901111,2,0,2,2025-12-29 17:00,2025-12-29 18:00,97642,25中南林野保扬子鳄,湖南省,长沙市,天心区,中南林业科技大学,49fd07e3-8919-426d-bee3-11243b61fc18,湖南省,长沙市,,,2025-08-01,2025-12-31,2,serial_id,asc,24,2026-08-12T08:59:04+00:00
45f150b7-d23c-4dea-bc60-e812037e96e8,2025122901448,2,0,4,2025-12-29 16:00,2025-12-29 17:00,74558,最后之基多拉,湖南省,长沙市,长沙县,长沙县物丰机电产业园(盼盼路北),45f150b7-d23c-4dea-bc60-e812037e96e8,湖南省,长沙市,,,2025-08-01,2025-12-31,2,serial_id,asc,24,2026-08-12T08:59:04+00:00
5b61c6de-4c5c-4148-a007-8ed5d7528fd5,2025123000722,2,0,14,2025-12-30 12:30,2025-12-30 13:32,69150,中南林野保变形虫,湖南省,长沙市,天心区,中南林业科技大学(东区),5b61c6de-4c5c-4148-a007-8ed5d7528fd5,湖南省,长沙市,,,2025-08-01,2025-12-31,2,serial_id,asc,24,2026-08-12T08:59:04+00:00
35ef139e-edd6-4e22-a83e-8522342aeb86,2025123000727,2,0,14,2025-12-30 13:00,2025-12-30 14:00,97653,中南林野保肥啾,湖南省,长沙市,天心区,中南林业科技大学,35ef139e-edd6-4e22-a83e-8522342aeb86,湖南省,长沙市,,,2025-08-01,2025-12-31,2,serial_id,asc,24,2026-08-12T08:59:04+00:00
c9eed7ba-7142-46ba-9989-5ca1d5206951,2025123000729,2,0,14,2025-12-30 13:00,2025-12-30 14:00,93312,草长坟,湖南省,长沙市,天心区,中南林业科技大学(东区),c9eed7ba-7142-46ba-9989-5ca1d5206951,湖南省,长沙市,,,2025-08-01,2025-12-31,2,serial_id,asc,24,2026-08-12T08:59:04+00:00
d237ed56-d57b-4802-9c19-f53fbab89479,2025123000961,2,0,17,2025-12-30 15:20,2025-12-30 17:20,56974,MoliLi,湖南省,长沙市,开福区,烈士公园,d237ed56-d57b-4802-9c19-f53fbab89479,湖南省,长沙市,,,2025-08-01,2025-12-31,2,serial_id,asc,24,2026-08-12T08:59:04+00:00
bc7f1c2d-8218-4a47-b862-a3cb49aa179a,2025123001158,2,0,14,2025-12-30 08:00,2025-12-30 10:30,82764,盐渍蛞蝓,湖南省,长沙市,岳麓区,岳麓山国家重点风景名胜区,bc7f1c2d-8218-4a47-b862-a3cb49aa179a,湖南省,长沙市,,,2025-08-01,2025-12-31,2,serial_id,asc,24,2026-08-12T08:59:04+00:00
3056be34-ae5f-49da-ac4f-f66d5d4875b5,2025123001526,2,0,17,2025-12-30 15:20,2025-12-30 18:20,37469,Kaxie,湖南省,长沙市,开福区,烈士公园,3056be34-ae5f-49da-ac4f-f66d5d4875b5,湖南省,长沙市,,,2025-08-01,2025-12-31,2,serial_id,asc,24,2026-08-12T08:59:04+00:00
baf45c3b-a5e0-44bd-8468-0805c36c5aae,2025123001600,2,0,17,2025-12-30 13:00,2025-12-30 14:00,78920,大鱼阿,湖南省,长沙市,宁乡市,刘家仑,baf45c3b-a5e0-44bd-8468-0805c36c5aae,湖南省,长沙市,,,2025-08-01,2025-12-31,2,serial_id,asc,24,2026-08-12T08:59:04+00:00
fea806cf-6ded-481c-a761-cac2727229f7,2025123100196,2,0,11,2025-12-31 09:00,2025-12-31 14:12,37469,Kaxie,湖南省,长沙市,望城区,月亮岛,fea806cf-6ded-481c-a761-cac2727229f7,湖南省,长沙市,,,2025-08-01,2025-12-31,2,serial_id,asc,24,2026-08-12T08:59:04+00:00
bd990658-b12d-4b13-9167-d30957fd6012,2025123100234,2,0,19,2025-12-31 09:10,2025-12-31 11:01,56974,MoliLi,湖南省,长沙市,望城区,月亮岛,bd990658-b12d-4b13-9167-d30957fd6012,湖南省,长沙市,,,2025-08-01,2025-12-31,2,serial_id,asc,24,2026-08-12T08:59:04+00:00
d7f97a92-04d1-4b36-b658-19d86395b085,2025123100525,2,0,9,2025-12-16 10:39,2025-12-31 15:41,65256,无X,湖南省,长沙市,浏阳市,浏阳市大围山国家森林公园,d7f97a92-04d1-4b36-b658-19d86395b085,湖南省,长沙市,,,2025-08-01,2025-12-31,2,serial_id,asc,24,2026-08-12T08:59:04+00:00
9a030d2b-3d1a-47a6-ab13-35388d84a26b,2025123100539,2,0,24,2025-12-31 11:30,2025-12-31 14:24,56974,MoliLi,湖南省,长沙市,望城区,大泽湖,9a030d2b-3d1a-47a6-ab13-35388d84a26b,湖南省,长沙市,,,2025-08-01,2025-12-31,2,serial_id,asc,24,2026-08-12T08:59:04+00:00
7fe2035d-9a69-4029-97ed-20265cddb64c,2025123100652,2,0,25,2025-12-31 11:30,2025-12-31 14:24,37469,Kaxie,湖南省,长沙市,望城区,大泽湖,7fe2035d-9a69-4029-97ed-20265cddb64c,湖南省,长沙市,,,2025-08-01,2025-12-31,2,serial_id,asc,24,2026-08-12T08:59:04+00:00
5827e2a4-18e8-40cc-93fb-b9d368baa394,2025123101728,2,0,12,2025-12-31 18:00,2025-12-31 19:00,54533,带剑者死,湖南省,长沙市,岳麓区,洋湖湿地公园,5827e2a4-18e8-40cc-93fb-b9d368baa394,湖南省,长沙市,,,2025-08-01,2025-12-31,2,serial_id,asc,24,2026-08-12T08:59:04+00:00
5ef84ec1-4a4c-401a-a2a5-dcaa5bc4a1fb,2025123102369,2,0,30,2025-12-31 11:38,2025-12-31 12:38,73231,DrLamett,湖南省,长沙市,岳麓区,洋湖国家湿地公园,5ef84ec1-4a4c-401a-a2a5-dcaa5bc4a1fb,湖南省,长沙市,,,2025-08-01,2025-12-31,2,serial_id,asc,24,2026-08-12T08:59:04+00:00
70e54469-8d8e-4fe3-a400-17179d03b6e0,2025123102545,2,0,17,2025-12-31 12:24,2025-12-31 14:00,24195,pmy,湖南省,长沙市,芙蓉区,浏阳河边,70e54469-8d8e-4fe3-a400-17179d03b6e0,湖南省,长沙市,,,2025-08-01,2025-12-31,2,serial_id,asc,24,2026-08-12T08:59:04+00:00
9047d42b-6056-467c-9949-633f4008aadd,2026010302751,2,0,4,2025-12-27 14:52,2025-12-27 17:52,82150,DOOON,湖南省,长沙市,岳麓区,西湖公园,9047d42b-6056-467c-9949-633f4008aadd,湖南省,长沙市,,,2025-08-01,2025-12-31,2,serial_id,asc,24,2026-08-12T08:59:04+00:00
be5f594c-17e1-46a8-983a-19d3a92ac125,2026011501219,2,0,2,2025-11-24 15:35,2025-11-24 16:52,77053,Nyna,湖南省,长沙市,岳麓区,西湖公园,be5f594c-17e1-46a8-983a-19d3a92ac125,湖南省,长沙市,,,2025-08-01,2025-12-31,2,serial_id,asc,24,2026-08-12T08:59:04+00:00
3e0c47b8-602a-41e9-bf9d-7f94e167ff76,2026011501311,2,0,5,2025-10-28 17:25,2025-10-28 18:25,77053,Nyna,湖南省,长沙市,岳麓区,岳麓山风景名胜区,3e0c47b8-602a-41e9-bf9d-7f94e167ff76,湖南省,长沙市,,,2025-08-01,2025-12-31,2,serial_id,asc,24,2026-08-12T08:59:04+00:00
de8d483d-d6e2-4189-848d-846c546c4c2e,2026011600744,2,0,5,2025-09-25 17:46,2025-09-25 18:46,77053,Nyna,湖南省,长沙市,岳麓区,岳麓山风景名胜区,de8d483d-d6e2-4189-848d-846c546c4c2e,湖南省,长沙市,,,2025-08-01,2025-12-31,2,serial_id,asc,24,2026-08-12T08:59:04+00:00
64f5a647-440b-4907-9cfc-1f609c69b76f,2026012503451,2,0,4,2025-08-16 10:27,2025-09-14 18:27,92662,Fa4406,湖南省,长沙市,浏阳市,浏阳市大围山国家森林公园,64f5a647-440b-4907-9cfc-1f609c69b76f,湖南省,长沙市,,,2025-08-01,2025-12-31,2,serial_id,asc,24,2026-08-12T08:59:04+00:00
851b49fb-739f-4bfe-b615-020fa3854971,2026012503453,2,0,2,2025-09-13 17:31,2025-09-13 18:31,92662,Fa4406,湖南省,长沙市,雨花区,圭塘河生态公园,851b49fb-739f-4bfe-b615-020fa3854971,湖南省,长沙市,,,2025-08-01,2025-12-31,2,serial_id,asc,24,2026-08-12T08:59:04+00:00
9e905f89-7494-4f8b-b810-0789ef28600c,2026012503463,2,0,2,2025-09-14 14:34,2025-09-14 17:34,92662,Fa4406,湖南省,长沙市,浏阳市,浏阳市大围山国家森林公园,9e905f89-7494-4f8b-b810-0789ef28600c,湖南省,长沙市,,,2025-08-01,2025-12-31,2,serial_id,asc,24,2026-08-12T08:59:04+00:00
04de1015-a9a5-4034-86ff-788c0245294b,2026012503506,2,0,8,2025-11-02 09:49,2025-11-02 12:49,92662,Fa4406,湖南省,长沙市,岳麓区,洋湖湿地公园,04de1015-a9a5-4034-86ff-788c0245294b,湖南省,长沙市,,,2025-08-01,2025-12-31,2,serial_id,asc,24,2026-08-12T08:59:04+00:00
cedb5518-20fd-4f81-8f9d-f294833e30e0,2026012503514,2,0,4,2025-11-16 13:58,2025-11-16 17:58,92662,Fa4406,湖南省,长沙市,长沙县,大山冲森林公园,cedb5518-20fd-4f81-8f9d-f294833e30e0,湖南省,长沙市,,,2025-08-01,2025-12-31,2,serial_id,asc,24,2026-08-12T08:59:04+00:00
e8740031-bc08-4ccd-b6dd-56647854fa71,2026020103209,2,0,6,2025-12-26 08:13,2025-12-26 12:13,34284,安安观鸟,湖南省,长沙市,岳麓区,岳麓山风景名胜区,e8740031-bc08-4ccd-b6dd-56647854fa71,湖南省,长沙市,,,2025-08-01,2025-12-31,2,serial_id,asc,24,2026-08-12T08:59:04+00:00
7caf9f03-ac6d-433f-a052-d23a48110457,2026020103849,2,0,3,2025-08-01 13:47,2025-08-02 14:47,78738,HanYun,湖南省,长沙市,浏阳市,浏阳市大围山国家森林公园,7caf9f03-ac6d-433f-a052-d23a48110457,湖南省,长沙市,,,2025-08-01,2025-12-31,2,serial_id,asc,24,2026-08-12T08:59:04+00:00
168a12b3-5e6e-4eb9-ac67-416e71db344d,2026022101036,2,0,9,2025-08-16 09:00,2025-08-16 10:00,46251,曹宇添,湖南省,长沙市,岳麓区,洋湖湿地(长沙市岳麓区洋湖大道680号),168a12b3-5e6e-4eb9-ac67-416e71db344d,湖南省,长沙市,,,2025-08-01,2025-12-31,2,serial_id,asc,24,2026-08-12T08:59:04+00:00
923e30f9-120a-4d76-8fb0-50b8039d4e6d,2026022500836,2,0,3,2025-10-18 16:04,2025-10-18 17:04,77053,Nyna,湖南省,长沙市,岳麓区,湖南大学研究生院楼,923e30f9-120a-4d76-8fb0-50b8039d4e6d,湖南省,长沙市,,,2025-08-01,2025-12-31,2,serial_id,asc,24,2026-08-12T08:59:04+00:00
9987a71b-0740-4408-beda-541b8fc04025,2026032401948,2,0,7,2025-11-08 18:00,2025-11-08 19:00,110727,VitaminA,湖南省,长沙市,岳麓区,岳麓山风景名胜区,9987a71b-0740-4408-beda-541b8fc04025,湖南省,长沙市,,,2025-08-01,2025-12-31,2,serial_id,asc,24,2026-08-12T08:59:04+00:00
e4d97a79-cdf4-49df-8152-a5f850b7a956,2026032401949,2,0,11,2025-11-09 10:00,2025-11-09 11:00,110727,VitaminA,湖南省,长沙市,岳麓区,岳麓区岳麓山,e4d97a79-cdf4-49df-8152-a5f850b7a956,湖南省,长沙市,,,2025-08-01,2025-12-31,2,serial_id,asc,24,2026-08-12T08:59:04+00:00
a9dfbfe6-34f8-446b-bb61-0e86b8e64f7d,2026032901073,2,0,1,2025-10-28 15:25,2025-10-28 15:25,46552,birdscwwn,湖南省,长沙市,岳麓区,湘江风光带,a9dfbfe6-34f8-446b-bb61-0e86b8e64f7d,湖南省,长沙市,,,2025-08-01,2025-12-31,2,serial_id,asc,24,2026-08-12T08:59:04+00:00
91adaff1-20b5-4643-b865-971ed17136f1,2026051200657,2,0,9,2025-11-25 10:06,2025-11-25 18:06,21481,黑狼图腾,湖南省,长沙市,望城区,沙河,91adaff1-20b5-4643-b865-971ed17136f1,湖南省,长沙市,,,2025-08-01,2025-12-31,2,serial_id,asc,24,2026-08-12T08:59:04+00:00
71a573c3-ade1-4fe4-aca3-af9cc6f29c22,2026052701256,2,0,12,2025-10-12 10:20,2025-10-12 16:20,105031,紫若青薇,湖南省,长沙市,长沙县,青山铺,71a573c3-ade1-4fe4-aca3-af9cc6f29c22,湖南省,长沙市,,,2025-08-01,2025-12-31,2,serial_id,asc,24,2026-08-12T08:59:04+00:00
3daaddba-0295-4888-8501-e7c8f1524b11,2026052701341,2,0,11,2025-10-27 12:00,2025-10-27 17:00,105031,紫若青薇,湖南省,长沙市,芙蓉区,浏阳河边,3daaddba-0295-4888-8501-e7c8f1524b11,湖南省,长沙市,,,2025-08-01,2025-12-31,2,serial_id,asc,24,2026-08-12T08:59:04+00:00
95036e07-e3a6-4f15-82b2-145e2f5cb394,2026052701354,2,0,5,2025-11-25 14:30,2025-11-25 18:54,105031,紫若青薇,湖南省,长沙市,长沙县,湖南松雅湖国家湿地公园,95036e07-e3a6-4f15-82b2-145e2f5cb394,湖南省,长沙市,,,2025-08-01,2025-12-31,2,serial_id,asc,24,2026-08-12T08:59:04+00:00
f01a32ac-bfbe-4624-8c13-b910317840ca,2026060300598,2,0,8,2025-08-22 09:18,2025-08-22 12:18,79800,hahahahhahahah,湖南省,长沙市,望城区,沙河大桥,f01a32ac-bfbe-4624-8c13-b910317840ca,湖南省,长沙市,,,2025-08-01,2025-12-31,2,serial_id,asc,25,2026-08-12T08:59:07+00:00
8d630db4-dc83-4705-8318-740f8039d2ac,2026060300608,2,0,3,2025-11-02 07:24,2025-11-02 10:24,79800,hahahahhahahah,湖南省,长沙市,岳麓区,岳麓山风景名胜区,8d630db4-dc83-4705-8318-740f8039d2ac,湖南省,长沙市,,,2025-08-01,2025-12-31,2,serial_id,asc,25,2026-08-12T08:59:07+00:00
